Histogram:lth+
 5.00000000000000000e+01 5.01333333333333329e+01 2.27147216351779790e-03 2.76820821639711871e-05
 5.01333333333333329e+01 5.02666666666666657e+01 2.29436658283512169e-03 1.93798918223020612e-05
 5.02666666666666657e+01 5.03999999999999986e+01 2.25443010308112174e-03 2.05832186849198864e-05
 5.03999999999999986e+01 5.05333333333333314e+01 2.47421237849510455e-03 1.56354010184878996e-04
 5.05333333333333314e+01 5.06666666666666643e+01 2.32415648815150009e-03 1.83132296000842578e-05
 5.06666666666666643e+01 5.07999999999999972e+01 2.33726231832879355e-03 1.77192812330518383e-05
 5.07999999999999972e+01 5.09333333333333300e+01 2.39749716464959101e-03 4.23388533775804948e-05
 5.09333333333333300e+01 5.10666666666666700e+01 2.42229003511453597e-03 3.12737386584755958e-05
 5.10666666666666700e+01 5.12000000000000028e+01 2.41303604370388634e-03 1.75534320922431022e-05
 5.12000000000000028e+01 5.13333333333333357e+01 2.43195056322819932e-03 1.80864544825827047e-05
 5.13333333333333357e+01 5.14666666666666686e+01 2.41088899747260877e-03 1.62380496828835289e-05
 5.14666666666666686e+01 5.16000000000000014e+01 2.45795788836068729e-03 1.79875765973062465e-05
 5.16000000000000014e+01 5.17333333333333343e+01 2.50827848935041963e-03 2.91279896614331101e-05
 5.17333333333333343e+01 5.18666666666666671e+01 2.49273258130236659e-03 2.12024443355611170e-05
 5.18666666666666671e+01 5.20000000000000000e+01 2.48983996820654422e-03 1.64267947859535169e-05
 5.20000000000000000e+01 5.21333333333333329e+01 2.52987927966566439e-03 1.89439195405260305e-05
 5.21333333333333329e+01 5.22666666666666657e+01 2.53394861521450071e-03 1.51310990161940219e-05
 5.22666666666666657e+01 5.23999999999999986e+01 2.60968871694658216e-03 3.48911898518086534e-05
 5.23999999999999986e+01 5.25333333333333314e+01 2.57311143404889784e-03 1.56010307424451719e-05
 5.25333333333333314e+01 5.26666666666666643e+01 2.61509892319807587e-03 1.59829530888125979e-05
 5.26666666666666643e+01 5.27999999999999972e+01 2.59767056657487149e-03 1.44040828000268342e-05
 5.27999999999999972e+01 5.29333333333333300e+01 2.62869921984045787e-03 1.38953274534639667e-05
 5.29333333333333300e+01 5.30666666666666700e+01 2.63330029009414780e-03 1.47534924273863301e-05
 5.30666666666666700e+01 5.32000000000000028e+01 2.68538709417837779e-03 1.44855291292443442e-05
 5.32000000000000028e+01 5.33333333333333357e+01 2.69180862725416307e-03 1.52611618117525025e-05
 5.33333333333333357e+01 5.34666666666666686e+01 2.70445655862004914e-03 1.30384355355961115e-05
 5.34666666666666686e+01 5.36000000000000014e+01 2.75496455531864864e-03 3.65396194101793404e-05
 5.36000000000000014e+01 5.37333333333333343e+01 2.72211901217531181e-03 1.37175666552445770e-05
 5.37333333333333343e+01 5.38666666666666671e+01 2.74442542393214762e-03 1.36483196133710988e-05
 5.38666666666666671e+01 5.40000000000000000e+01 2.78204593015047045e-03 1.59391048381168537e-05
 5.40000000000000000e+01 5.41333333333333329e+01 2.79315262964939309e-03 1.48751625699059326e-05
 5.41333333333333329e+01 5.42666666666666657e+01 2.81192078693669016e-03 2.41315287376775964e-05
 5.42666666666666657e+01 5.43999999999999986e+01 2.85379089978396927e-03 1.93035897646045180e-05
 5.43999999999999986e+01 5.45333333333333314e+01 2.84586359157348086e-03 1.31937450576217407e-05
 5.45333333333333314e+01 5.46666666666666643e+01 2.84804849482501879e-03 1.33382947085382180e-05
 5.46666666666666643e+01 5.47999999999999972e+01 2.89589309451868289e-03 1.91588628398462825e-05
 5.47999999999999972e+01 5.49333333333333371e+01 2.88149427751551628e-03 1.27432735088916043e-05
 5.49333333333333371e+01 5.50666666666666629e+01 2.92389974810767237e-03 1.41817511729830197e-05
 5.50666666666666629e+01 5.52000000000000028e+01 2.93259532518426154e-03 1.19522526529483572e-05
 5.52000000000000028e+01 5.53333333333333357e+01 2.96118625380521099e-03 1.62562275742021636e-05
 5.53333333333333357e+01 5.54666666666666686e+01 2.96018527253371017e-03 1.32459576314228101e-05
 5.54666666666666686e+01 5.56000000000000014e+01 2.99480305014611630e-03 1.21278222326709529e-05
 5.56000000000000014e+01 5.57333333333333343e+01 3.02637806367674241e-03 2.87149169344695518e-05
 5.57333333333333343e+01 5.58666666666666671e+01 3.03334052291408078e-03 1.26690879628505741e-05
 5.58666666666666671e+01 5.60000000000000000e+01 3.03840002962847472e-03 1.34288340511203041e-05
 5.60000000000000000e+01 5.61333333333333329e+01 3.05459105653941958e-03 1.24504207000617601e-05
 5.61333333333333329e+01 5.62666666666666657e+01 3.07066728453350181e-03 1.15513228829909858e-05
 5.62666666666666657e+01 5.63999999999999986e+01 3.07026901376458976e-03 1.28271687641000689e-05
 5.63999999999999986e+01 5.65333333333333314e+01 3.11948199952919499e-03 1.43853458095462073e-05
 5.65333333333333314e+01 5.66666666666666643e+01 3.16400394780566455e-03 1.84461376598644096e-05
 5.66666666666666643e+01 5.67999999999999972e+01 3.19421784491246948e-03 3.28939710514955115e-05
 5.67999999999999972e+01 5.69333333333333371e+01 3.18752681177960750e-03 1.58720626390790974e-05
 5.69333333333333371e+01 5.70666666666666629e+01 3.19238972792080860e-03 1.54225874848254720e-05
 5.70666666666666629e+01 5.72000000000000028e+01 3.20212745705965871e-03 1.56354190487229019e-05
 5.72000000000000028e+01 5.73333333333333357e+01 3.21025828434621900e-03 1.32376779949520751e-05
 5.73333333333333357e+01 5.74666666666666686e+01 3.21885140831582517e-03 1.25655360080650415e-05
 5.74666666666666686e+01 5.76000000000000014e+01 3.25585741415527477e-03 1.36198186107281874e-05
 5.76000000000000014e+01 5.77333333333333343e+01 3.27555416710788522e-03 1.53942972982641035e-05
 5.77333333333333343e+01 5.78666666666666671e+01 3.27667342639754219e-03 1.35006333040147152e-05
 5.78666666666666671e+01 5.80000000000000000e+01 3.30403498544276685e-03 1.41333038355377925e-05
 5.80000000000000000e+01 5.81333333333333329e+01 3.31823790095570666e-03 1.35001317977180431e-05
 5.81333333333333329e+01 5.82666666666666657e+01 3.32982970680288171e-03 1.38288421385014035e-05
 5.82666666666666657e+01 5.83999999999999986e+01 3.38803283553309282e-03 1.56220173199954106e-05
 5.83999999999999986e+01 5.85333333333333314e+01 3.38404064361685301e-03 1.61031690429697684e-05
 5.85333333333333314e+01 5.86666666666666643e+01 3.40848092092392845e-03 1.34434411199400157e-05
 5.86666666666666643e+01 5.87999999999999972e+01 3.45368844739845325e-03 3.15468629041611289e-05
 5.87999999999999972e+01 5.89333333333333371e+01 3.42384837881925218e-03 1.35406572419386506e-05
 5.89333333333333371e+01 5.90666666666666629e+01 3.46022900772305743e-03 2.83162571536627043e-05
 5.90666666666666629e+01 5.92000000000000028e+01 3.47250024094825473e-03 1.32508982355743401e-05
 5.92000000000000028e+01 5.93333333333333357e+01 3.48025737145620569e-03 1.84845458207095438e-05
 5.93333333333333357e+01 5.94666666666666686e+01 3.48905983106044060e-03 1.34138552497364979e-05
 5.94666666666666686e+01 5.96000000000000014e+01 3.52430967483064557e-03 1.38394327666261755e-05
 5.96000000000000014e+01 5.97333333333333343e+01 3.66837395755770625e-03 1.22165431418230465e-04
 5.97333333333333343e+01 5.98666666666666671e+01 3.57391232639781790e-03 1.74399808865348007e-05
 5.98666666666666671e+01 6.00000000000000000e+01 3.56968751523118561e-03 1.30394701060323694e-05
 6.00000000000000000e+01 6.01333333333333329e+01 3.57702469001402144e-03 1.38360165331383644e-05
 6.01333333333333329e+01 6.02666666666666657e+01 3.60503197635972210e-03 1.67825248293547865e-05
 6.02666666666666657e+01 6.03999999999999986e+01 3.62753336145996835e-03 2.38282140324457478e-05
 6.03999999999999986e+01 6.05333333333333314e+01 3.61948108642019123e-03 1.52361062977268407e-05
 6.05333333333333314e+01 6.06666666666666643e+01 3.63882297592447090e-03 1.29249047746608054e-05
 6.06666666666666643e+01 6.07999999999999972e+01 3.64058552675410475e-03 1.51501706360350638e-05
 6.07999999999999972e+01 6.09333333333333371e+01 3.68265546260238474e-03 1.63802886637471743e-05
 6.09333333333333371e+01 6.10666666666666629e+01 3.72236291590310065e-03 1.40189686755097088e-05
 6.10666666666666629e+01 6.12000000000000028e+01 3.73598665025949919e-03 1.71405689942249040e-05
 6.12000000000000028e+01 6.13333333333333357e+01 3.72863111119089334e-03 1.31293097899305272e-05
 6.13333333333333357e+01 6.14666666666666686e+01 3.72888289364389086e-03 1.34566323044671466e-05
 6.14666666666666686e+01 6.16000000000000014e+01 3.76948210768756004e-03 1.80189206824746415e-05
 6.16000000000000014e+01 6.17333333333333343e+01 3.80785218607966559e-03 2.20639319307613566e-05
 6.17333333333333343e+01 6.18666666666666671e+01 3.80060044553734216e-03 1.41414672169651768e-05
 6.18666666666666671e+01 6.20000000000000000e+01 3.79625581059226140e-03 1.42023634151184335e-05
 6.20000000000000000e+01 6.21333333333333329e+01 3.85587290696776282e-03 1.62218703642123420e-05
 6.21333333333333329e+01 6.22666666666666657e+01 3.88474498958378805e-03 2.21958544624406627e-05
 6.22666666666666657e+01 6.23999999999999986e+01 3.90728360547872456e-03 1.38452221935660183e-05
 6.23999999999999986e+01 6.25333333333333314e+01 3.87899944667583103e-03 2.10300570625890597e-05
 6.25333333333333314e+01 6.26666666666666643e+01 3.90632409326258957e-03 1.44986773234983635e-05
 6.26666666666666643e+01 6.27999999999999972e+01 3.92341034957576027e-03 1.46220882573353795e-05
 6.27999999999999972e+01 6.29333333333333371e+01 3.93134927936024219e-03 1.51657191513721533e-05
 6.29333333333333371e+01 6.30666666666666629e+01 3.96085505952734930e-03 1.38509289106521839e-05
 6.30666666666666629e+01 6.32000000000000028e+01 3.95422373590005594e-03 1.44541250472941535e-05
 6.32000000000000028e+01 6.33333333333333357e+01 3.99217276102054215e-03 2.02942673564516265e-05
 6.33333333333333357e+01 6.34666666666666686e+01 4.00728256343152022e-03 1.96299915150215332e-05
 6.34666666666666686e+01 6.36000000000000014e+01 4.05509391215500871e-03 2.91654297787311746e-05
 6.36000000000000014e+01 6.37333333333333343e+01 4.07138598170174015e-03 1.97475703414997998e-05
 6.37333333333333343e+01 6.38666666666666671e+01 4.02592417132625977e-03 1.42944608833918643e-05
 6.38666666666666671e+01 6.40000000000000000e+01 4.05885037013431395e-03 1.48778883193930216e-05
 6.40000000000000000e+01 6.41333333333333258e+01 4.07257850972876645e-03 1.37841499620017115e-05
 6.41333333333333258e+01 6.42666666666666657e+01 4.08270921401587394e-03 1.42482568366458941e-05
 6.42666666666666657e+01 6.44000000000000057e+01 4.11758331963369643e-03 1.44107334817240520e-05
 6.44000000000000057e+01 6.45333333333333314e+01 4.10096004482086909e-03 1.48305833086750928e-05
 6.45333333333333314e+01 6.46666666666666714e+01 4.12385985465874103e-03 1.48556945879007991e-05
 6.46666666666666714e+01 6.47999999999999972e+01 4.14591516974616246e-03 1.54294358098642445e-05
 6.47999999999999972e+01 6.49333333333333371e+01 4.16545066138707034e-03 1.46468799315685984e-05
 6.49333333333333371e+01 6.50666666666666629e+01 4.16259523877899208e-03 1.49007313045455269e-05
 6.50666666666666629e+01 6.52000000000000028e+01 4.21317634304697267e-03 1.53277991281138144e-05
 6.52000000000000028e+01 6.53333333333333286e+01 4.20485950061283507e-03 1.56673944704032493e-05
 6.53333333333333286e+01 6.54666666666666686e+01 4.22338443964070769e-03 1.39910574149503715e-05
 6.54666666666666686e+01 6.55999999999999943e+01 4.23938651411181339e-03 2.04117698307836114e-05
 6.55999999999999943e+01 6.57333333333333343e+01 4.23476614356339560e-03 1.36587706541710905e-05
 6.57333333333333343e+01 6.58666666666666742e+01 4.24897603785611300e-03 1.67259754420181503e-05
 6.58666666666666742e+01 6.60000000000000000e+01 4.25580332848056464e-03 1.50134896784744337e-05
 6.60000000000000000e+01 6.61333333333333258e+01 4.26812348843542185e-03 1.60052134905913960e-05
 6.61333333333333258e+01 6.62666666666666657e+01 4.26059838508394042e-03 1.44604309855352314e-05
 6.62666666666666657e+01 6.64000000000000057e+01 4.33915139046552739e-03 2.18453700774054186e-05
 6.64000000000000057e+01 6.65333333333333314e+01 4.32891999709399122e-03 1.42315973064229045e-05
 6.65333333333333314e+01 6.66666666666666714e+01 4.33166121677364558e-03 1.45236141590243111e-05
 6.66666666666666714e+01 6.67999999999999972e+01 4.32103728550298043e-03 1.57292523050521539e-05
 6.67999999999999972e+01 6.69333333333333371e+01 4.33494360690414235e-03 1.85937466152769372e-05
 6.69333333333333371e+01 6.70666666666666629e+01 4.38396788330634116e-03 1.57331953731748696e-05
 6.70666666666666629e+01 6.72000000000000028e+01 4.36240810519505310e-03 1.48031217117573841e-05
 6.72000000000000028e+01 6.73333333333333286e+01 4.39179482747410841e-03 1.43013131139120912e-05
 6.73333333333333286e+01 6.74666666666666686e+01 4.39339799020366500e-03 1.40420782802704836e-05
 6.74666666666666686e+01 6.75999999999999943e+01 4.45969056965292345e-03 3.82363723523916477e-05
 6.75999999999999943e+01 6.77333333333333343e+01 4.40328024051033114e-03 1.69022163773049947e-05
 6.77333333333333343e+01 6.78666666666666742e+01 4.41521753806487557e-03 2.45638603636782624e-05
 6.78666666666666742e+01 6.80000000000000000e+01 4.46411347791299522e-03 1.55832824863634158e-05
 6.80000000000000000e+01 6.81333333333333258e+01 4.45222021366174000e-03 1.60857735410502170e-05
 6.81333333333333258e+01 6.82666666666666657e+01 4.46871788217380154e-03 1.84932161817093244e-05
 6.82666666666666657e+01 6.84000000000000057e+01 4.49099649302201788e-03 2.17357372086804279e-05
 6.84000000000000057e+01 6.85333333333333314e+01 4.47976892168524665e-03 1.89162604581494428e-05
 6.85333333333333314e+01 6.86666666666666714e+01 4.51603501937089709e-03 2.03293272436340407e-05
 6.86666666666666714e+01 6.87999999999999972e+01 4.50666314350333871e-03 1.44810630267329728e-05
 6.87999999999999972e+01 6.89333333333333371e+01 4.51783726184930377e-03 1.42422672023335915e-05
 6.89333333333333371e+01 6.90666666666666629e+01 4.52758952825748750e-03 1.58545471195760484e-05
 6.90666666666666629e+01 6.92000000000000028e+01 4.55808279026004726e-03 1.79888399816283220e-05
 6.92000000000000028e+01 6.93333333333333286e+01 4.51899250292486006e-03 1.51391045035928184e-05
 6.93333333333333286e+01 6.94666666666666686e+01 4.52702416480372984e-03 1.61894569991124760e-05
 6.94666666666666686e+01 6.95999999999999943e+01 4.55339749070265455e-03 1.66693611463733648e-05
 6.95999999999999943e+01 6.97333333333333343e+01 4.57848563165284307e-03 1.61166956268671909e-05
 6.97333333333333343e+01 6.98666666666666742e+01 4.60853357638814007e-03 4.81871098592779904e-05
 6.98666666666666742e+01 7.00000000000000000e+01 4.60312239725383255e-03 1.77217146924802715e-05
 7.00000000000000000e+01 7.01333333333333258e+01 4.58682992113219803e-03 1.53448196276297853e-05
 7.01333333333333258e+01 7.02666666666666657e+01 4.60132061585816123e-03 2.18461931495059080e-05
 7.02666666666666657e+01 7.04000000000000057e+01 4.60910988791647571e-03 1.65580779629848327e-05
 7.04000000000000057e+01 7.05333333333333314e+01 4.60796458037630169e-03 1.69459752238673029e-05
 7.05333333333333314e+01 7.06666666666666714e+01 4.61449365683773427e-03 1.63514292853857253e-05
 7.06666666666666714e+01 7.07999999999999972e+01 4.61794578486960944e-03 1.38443095777412598e-05
 7.07999999999999972e+01 7.09333333333333371e+01 4.64813864108353045e-03 2.53173605359781796e-05
 7.09333333333333371e+01 7.10666666666666629e+01 4.63266536518756530e-03 1.48469287214081458e-05
 7.10666666666666629e+01 7.12000000000000028e+01 4.68000785651622852e-03 2.40183981754934646e-05
 7.12000000000000028e+01 7.13333333333333286e+01 4.67359319749783512e-03 1.58901582589212084e-05
 7.13333333333333286e+01 7.14666666666666686e+01 4.67093111782056810e-03 1.50646156443375775e-05
 7.14666666666666686e+01 7.15999999999999943e+01 4.67058630310896502e-03 1.71349545265110741e-05
 7.15999999999999943e+01 7.17333333333333343e+01 4.68663447144810914e-03 1.76965486598510228e-05
 7.17333333333333343e+01 7.18666666666666742e+01 4.67841585740346420e-03 1.80126736645432163e-05
 7.18666666666666742e+01 7.20000000000000000e+01 4.69305318618047380e-03 1.76116477795441042e-05
 7.20000000000000000e+01 7.21333333333333258e+01 4.68442482348535756e-03 1.83239449862099434e-05
 7.21333333333333258e+01 7.22666666666666657e+01 4.69264283448656613e-03 1.67215799811319832e-05
 7.22666666666666657e+01 7.24000000000000057e+01 4.75918498334103064e-03 2.60547027422537844e-05
 7.24000000000000057e+01 7.25333333333333314e+01 4.71921220158794293e-03 1.99650813577489200e-05
 7.25333333333333314e+01 7.26666666666666714e+01 4.75275560975707990e-03 2.41134167643072058e-05
 7.26666666666666714e+01 7.27999999999999972e+01 4.73839291775933480e-03 2.21815117859243323e-05
 7.27999999999999972e+01 7.29333333333333371e+01 4.76005018614627899e-03 1.61491783430397184e-05
 7.29333333333333371e+01 7.30666666666666629e+01 4.71748144832529522e-03 1.60660471391565325e-05
 7.30666666666666629e+01 7.32000000000000028e+01 4.73551204594245111e-03 2.11789713743376584e-05
 7.32000000000000028e+01 7.33333333333333286e+01 4.72376572796296725e-03 1.60072713318502994e-05
 7.33333333333333286e+01 7.34666666666666686e+01 4.77118872894999498e-03 1.82521880478342731e-05
 7.34666666666666686e+01 7.35999999999999943e+01 4.79377408465116259e-03 1.91741527089996371e-05
 7.35999999999999943e+01 7.37333333333333343e+01 4.77462967886562069e-03 2.07620918402895327e-05
 7.37333333333333343e+01 7.38666666666666742e+01 4.80827819247331856e-03 1.94861722635901784e-05
 7.38666666666666742e+01 7.40000000000000000e+01 4.79221341918893099e-03 1.67252023866532669e-05
 7.40000000000000000e+01 7.41333333333333258e+01 4.75838631029401864e-03 1.48850168011348824e-05
 7.41333333333333258e+01 7.42666666666666657e+01 4.80812755805807256e-03 1.80705290184843513e-05
 7.42666666666666657e+01 7.44000000000000057e+01 4.79690001817486764e-03 1.61485431725498988e-05
 7.44000000000000057e+01 7.45333333333333314e+01 4.79958221066442790e-03 1.44972062255951456e-05
 7.45333333333333314e+01 7.46666666666666714e+01 4.82126128745255858e-03 1.76015325546845891e-05
 7.46666666666666714e+01 7.47999999999999972e+01 4.80780137646138681e-03 1.53377669576753870e-05
 7.47999999999999972e+01 7.49333333333333371e+01 4.83747506951149198e-03 1.53124909747904783e-05
 7.49333333333333371e+01 7.50666666666666629e+01 4.83295085503138329e-03 1.86700051927036982e-05
 7.50666666666666629e+01 7.52000000000000028e+01 4.83090886887440132e-03 1.61512365127130518e-05
 7.52000000000000028e+01 7.53333333333333286e+01 4.84523994895822308e-03 1.64321502234886045e-05
 7.53333333333333286e+01 7.54666666666666686e+01 4.82651755395708312e-03 1.68833708673268093e-05
 7.54666666666666686e+01 7.55999999999999943e+01 4.82124350093367411e-03 1.56725182818120988e-05
 7.55999999999999943e+01 7.57333333333333343e+01 4.84241867542048975e-03 2.19991520410069552e-05
 7.57333333333333343e+01 7.58666666666666742e+01 4.82735914195131770e-03 1.53388464696968442e-05
 7.58666666666666742e+01 7.60000000000000000e+01 4.82617173303209485e-03 1.54259146469382211e-05
 7.60000000000000000e+01 7.61333333333333258e+01 4.85089698687204279e-03 1.95089956118312665e-05
 7.61333333333333258e+01 7.62666666666666657e+01 4.86152928532465698e-03 1.62914016867838146e-05
 7.62666666666666657e+01 7.64000000000000057e+01 4.85535581814622134e-03 1.77892289517914332e-05
 7.64000000000000057e+01 7.65333333333333314e+01 4.84191361751318272e-03 2.06245847971124289e-05
 7.65333333333333314e+01 7.66666666666666714e+01 4.87925395443383411e-03 2.54095645260839266e-05
 7.66666666666666714e+01 7.67999999999999972e+01 4.86814760148633358e-03 1.67440772514664281e-05
 7.67999999999999972e+01 7.69333333333333371e+01 4.88373898857329906e-03 1.85254880074634796e-05
 7.69333333333333371e+01 7.70666666666666629e+01 4.85696944739723389e-03 1.71148770257108464e-05
 7.70666666666666629e+01 7.72000000000000028e+01 4.82407720671813867e-03 1.58622677643611817e-05
 7.72000000000000028e+01 7.73333333333333286e+01 4.89329753087661395e-03 2.17894765895359542e-05
 7.73333333333333286e+01 7.74666666666666686e+01 4.88280943007489334e-03 1.49617074062263308e-05
 7.74666666666666686e+01 7.75999999999999943e+01 4.85764364552274640e-03 1.53259212340400882e-05
 7.75999999999999943e+01 7.77333333333333343e+01 4.88989394114025533e-03 1.68209458127135235e-05
 7.77333333333333343e+01 7.78666666666666742e+01 4.86879440108740989e-03 2.31840671643501249e-05
 7.78666666666666742e+01 7.80000000000000000e+01 4.85931512345854667e-03 1.62927090284342984e-05
 7.80000000000000000e+01 7.81333333333333258e+01 4.88962338355337922e-03 1.80352459268187273e-05
 7.81333333333333258e+01 7.82666666666666657e+01 4.85634302123393122e-03 1.62096804501652079e-05
 7.82666666666666657e+01 7.84000000000000057e+01 4.86109838930036398e-03 1.53360995040032970e-05
 7.84000000000000057e+01 7.85333333333333314e+01 4.86905774454292339e-03 1.58376998262330772e-05
 7.85333333333333314e+01 7.86666666666666714e+01 4.87638359856362724e-03 1.64001697496313627e-05
 7.86666666666666714e+01 7.87999999999999972e+01 4.86177190651081430e-03 1.65976047701083180e-05
 7.87999999999999972e+01 7.89333333333333371e+01 4.88909538973710239e-03 1.60707801926428180e-05
 7.89333333333333371e+01 7.90666666666666629e+01 4.88657228859778765e-03 1.72167060965731744e-05
 7.90666666666666629e+01 7.92000000000000028e+01 4.88835012640690975e-03 1.68545393129970133e-05
 7.92000000000000028e+01 7.93333333333333286e+01 4.85579320475921193e-03 2.00512714047694725e-05
 7.93333333333333286e+01 7.94666666666666686e+01 4.87807368033034688e-03 2.05851268891707577e-05
 7.94666666666666686e+01 7.95999999999999943e+01 4.91950885694750466e-03 2.25502612795716640e-05
 7.95999999999999943e+01 7.97333333333333343e+01 4.83467133952059265e-03 1.61909128987916246e-05
 7.97333333333333343e+01 7.98666666666666742e+01 4.85137966212243095e-03 1.67707797741255533e-05
 7.98666666666666742e+01 8.00000000000000000e+01 4.89099977827798984e-03 2.05379934273580253e-05
 8.00000000000000000e+01 8.01333333333333258e+01 4.86225818035417989e-03 1.83093284815692464e-05
 8.01333333333333258e+01 8.02666666666666657e+01 4.86493388279884021e-03 1.64512568922066162e-05
 8.02666666666666657e+01 8.04000000000000057e+01 4.88140553772310574e-03 1.89896405965181094e-05
 8.04000000000000057e+01 8.05333333333333314e+01 4.86258155732795152e-03 1.68480120481187845e-05
 8.05333333333333314e+01 8.06666666666666714e+01 4.82714559570697217e-03 1.65258238079863443e-05
 8.06666666666666714e+01 8.07999999999999972e+01 4.87508029973500977e-03 2.34049081981675376e-05
 8.07999999999999972e+01 8.09333333333333371e+01 4.88114403559135671e-03 2.22733147546404609e-05
 8.09333333333333371e+01 8.10666666666666629e+01 4.85052650025174885e-03 1.50099829670684454e-05
 8.10666666666666629e+01 8.12000000000000028e+01 4.85981790996370573e-03 1.98112863775820086e-05
 8.12000000000000028e+01 8.13333333333333286e+01 4.84133848713820536e-03 1.70197636904516882e-05
 8.13333333333333286e+01 8.14666666666666686e+01 4.85694799728230136e-03 1.82882211257452594e-05
 8.14666666666666686e+01 8.15999999999999943e+01 4.86924182191250925e-03 3.06996701192442190e-05
 8.15999999999999943e+01 8.17333333333333343e+01 4.84958345579935592e-03 1.66834666312712540e-05
 8.17333333333333343e+01 8.18666666666666742e+01 4.86043305913814744e-03 1.64250756139906576e-05
 8.18666666666666742e+01 8.20000000000000000e+01 4.82054005140328604e-03 1.63371709376854504e-05
 8.20000000000000000e+01 8.21333333333333258e+01 4.83180925647174343e-03 1.56186330297802352e-05
 8.21333333333333258e+01 8.22666666666666657e+01 4.88220577501321477e-03 1.87536181969201902e-05
 8.22666666666666657e+01 8.24000000000000057e+01 4.83445342772663086e-03 1.58118841118709140e-05
 8.24000000000000057e+01 8.25333333333333314e+01 4.83529596808110126e-03 1.68261774794748264e-05
 8.25333333333333314e+01 8.26666666666666572e+01 4.81308696096599282e-03 1.59139398410564626e-05
 8.26666666666666572e+01 8.27999999999999972e+01 4.79858782255133520e-03 1.60989111283205374e-05
 8.27999999999999972e+01 8.29333333333333371e+01 4.83342678415140184e-03 1.77786116041516634e-05
 8.29333333333333371e+01 8.30666666666666629e+01 4.80592729529708430e-03 1.67890743909782523e-05
 8.30666666666666629e+01 8.32000000000000028e+01 4.84511446902953502e-03 1.54873251756376094e-05
 8.32000000000000028e+01 8.33333333333333428e+01 4.80285785345483870e-03 1.66856950518274708e-05
 8.33333333333333428e+01 8.34666666666666686e+01 4.80724959094470938e-03 1.56747529087477167e-05
 8.34666666666666686e+01 8.35999999999999943e+01 4.80789462643023847e-03 1.46649253106363154e-05
 8.35999999999999943e+01 8.37333333333333343e+01 4.84746233955973393e-03 3.35309471799675823e-05
 8.37333333333333343e+01 8.38666666666666742e+01 4.79919276936782279e-03 1.75745002394882075e-05
 8.38666666666666742e+01 8.40000000000000000e+01 4.79536683230309072e-03 1.87397981053801559e-05
 8.40000000000000000e+01 8.41333333333333258e+01 4.80480912450041275e-03 2.23948906596524311e-05
 8.41333333333333258e+01 8.42666666666666657e+01 4.79027268530489263e-03 1.54130333952988008e-05
 8.42666666666666657e+01 8.44000000000000057e+01 4.82126855966433232e-03 2.07660957854135202e-05
 8.44000000000000057e+01 8.45333333333333314e+01 4.79437536686157673e-03 1.95183655943362531e-05
 8.45333333333333314e+01 8.46666666666666572e+01 4.79037220872256982e-03 1.59786507275437609e-05
 8.46666666666666572e+01 8.47999999999999972e+01 4.81936994536460560e-03 2.71872285457132102e-05
 8.47999999999999972e+01 8.49333333333333371e+01 4.77154525229492137e-03 1.63399623186672851e-05
 8.49333333333333371e+01 8.50666666666666629e+01 4.76503453320009998e-03 1.87467497343597118e-05
 8.50666666666666629e+01 8.52000000000000028e+01 4.75837603384573864e-03 1.60079934895745715e-05
 8.52000000000000028e+01 8.53333333333333428e+01 4.75015922937381194e-03 1.52808616079351344e-05
 8.53333333333333428e+01 8.54666666666666686e+01 4.77455824534876901e-03 1.83872297796674023e-05
 8.54666666666666686e+01 8.55999999999999943e+01 4.77203974847680446e-03 2.07995517457623750e-05
 8.55999999999999943e+01 8.57333333333333343e+01 4.73775004031593873e-03 1.49207939656978556e-05
 8.57333333333333343e+01 8.58666666666666742e+01 4.76512288213750378e-03 1.54770605876988808e-05
 8.58666666666666742e+01 8.60000000000000000e+01 4.74695478036971531e-03 1.73105275264140973e-05
 8.60000000000000000e+01 8.61333333333333258e+01 4.75830571472556519e-03 2.52609676169004353e-05
 8.61333333333333258e+01 8.62666666666666657e+01 4.73316814016287290e-03 1.95647209100329647e-05
 8.62666666666666657e+01 8.64000000000000057e+01 4.71982901351253314e-03 1.70200373262809309e-05
 8.64000000000000057e+01 8.65333333333333314e+01 4.72689412924078792e-03 1.68640136202871523e-05
 8.65333333333333314e+01 8.66666666666666572e+01 4.75745933276034566e-03 3.80978721755380339e-05
 8.66666666666666572e+01 8.67999999999999972e+01 4.67637676215208482e-03 1.70237694909465335e-05
 8.67999999999999972e+01 8.69333333333333371e+01 4.69232419153627761e-03 1.70724830165066797e-05
 8.69333333333333371e+01 8.70666666666666629e+01 4.71297898551575455e-03 3.10827360288779941e-05
 8.70666666666666629e+01 8.72000000000000028e+01 4.68309650417525394e-03 1.59021062118364225e-05
 8.72000000000000028e+01 8.73333333333333428e+01 4.66827032936886332e-03 1.66988532008768095e-05
 8.73333333333333428e+01 8.74666666666666686e+01 4.65827116917093189e-03 1.55474688540869823e-05
 8.74666666666666686e+01 8.75999999999999943e+01 4.63372526679077003e-03 1.55598950276940162e-05
 8.75999999999999943e+01 8.77333333333333343e+01 4.65411278863571681e-03 1.52976281176325482e-05
 8.77333333333333343e+01 8.78666666666666742e+01 4.66371564504682035e-03 1.56089084699615915e-05
 8.78666666666666742e+01 8.80000000000000000e+01 4.65547030194206086e-03 1.86248668262181787e-05
 8.80000000000000000e+01 8.81333333333333258e+01 4.63414024527443458e-03 1.83430198745142865e-05
 8.81333333333333258e+01 8.82666666666666657e+01 4.62740581344094504e-03 2.23848317266832918e-05
 8.82666666666666657e+01 8.84000000000000057e+01 4.59542680256955043e-03 1.52745593650516734e-05
 8.84000000000000057e+01 8.85333333333333314e+01 4.64973911812972991e-03 2.80721481803649390e-05
 8.85333333333333314e+01 8.86666666666666572e+01 4.63236526653375020e-03 1.97035710277321327e-05
 8.86666666666666572e+01 8.87999999999999972e+01 4.59538581956193959e-03 1.48525740985768944e-05
 8.87999999999999972e+01 8.89333333333333371e+01 4.60331519446754382e-03 1.58428368152553360e-05
 8.89333333333333371e+01 8.90666666666666629e+01 4.63527715911803747e-03 1.91721975444530944e-05
 8.90666666666666629e+01 8.92000000000000028e+01 4.55926695886789933e-03 1.56564344311546417e-05
 8.92000000000000028e+01 8.93333333333333428e+01 4.54453356033245309e-03 1.55828571086379439e-05
 8.93333333333333428e+01 8.94666666666666686e+01 4.54533648412066595e-03 1.92212014083563501e-05
 8.94666666666666686e+01 8.95999999999999943e+01 4.55322198715585238e-03 1.64507092330621483e-05
 8.95999999999999943e+01 8.97333333333333343e+01 4.57658314690266230e-03 1.63209748808305417e-05
 8.97333333333333343e+01 8.98666666666666742e+01 4.55044657855849851e-03 1.66599199050161284e-05
 8.98666666666666742e+01 9.00000000000000000e+01 4.53275464237185358e-03 1.81519470657946124e-05
 9.00000000000000000e+01 9.01333333333333258e+01 4.51158588162115393e-03 1.67763556569519482e-05
 9.01333333333333258e+01 9.02666666666666657e+01 4.53218669143421685e-03 1.87809418595617475e-05
 9.02666666666666657e+01 9.04000000000000057e+01 4.52808104829509339e-03 1.79640025651000382e-05
 9.04000000000000057e+01 9.05333333333333314e+01 4.49332349600605786e-03 1.39459795479785776e-05
 9.05333333333333314e+01 9.06666666666666572e+01 4.50802159637670591e-03 1.49689002327167084e-05
 9.06666666666666572e+01 9.07999999999999972e+01 4.45762005461612827e-03 1.49347078121152781e-05
 9.07999999999999972e+01 9.09333333333333371e+01 4.46892569611592044e-03 1.57134990391502509e-05
 9.09333333333333371e+01 9.10666666666666629e+01 4.49804861534057812e-03 2.10097802442321979e-05
 9.10666666666666629e+01 9.12000000000000028e+01 4.44233665117043340e-03 1.66043135174544385e-05
 9.12000000000000028e+01 9.13333333333333428e+01 4.44492306003116053e-03 1.98137433656550743e-05
 9.13333333333333428e+01 9.14666666666666686e+01 4.44060299375573057e-03 1.70630128006088183e-05
 9.14666666666666686e+01 9.15999999999999943e+01 4.43302383962820151e-03 1.48462171718388243e-05
 9.15999999999999943e+01 9.17333333333333343e+01 4.42461111658821581e-03 1.66868350502749561e-05
 9.17333333333333343e+01 9.18666666666666742e+01 4.38019433933198223e-03 1.54393816138254455e-05
 9.18666666666666742e+01 9.20000000000000000e+01 4.40489327780906308e-03 1.54261633795653505e-05
 9.20000000000000000e+01 9.21333333333333258e+01 4.36830273853067684e-03 1.57120081429000519e-05
 9.21333333333333258e+01 9.22666666666666657e+01 4.40158789025695517e-03 2.01122649439252311e-05
 9.22666666666666657e+01 9.24000000000000057e+01 4.35745538404143113e-03 1.48457927551002577e-05
 9.24000000000000057e+01 9.25333333333333314e+01 4.36354348997514130e-03 1.46288639213000730e-05
 9.25333333333333314e+01 9.26666666666666572e+01 4.32709701735526850e-03 1.45576618955636216e-05
 9.26666666666666572e+01 9.27999999999999972e+01 4.34207496837901025e-03 1.76354292600276832e-05
 9.27999999999999972e+01 9.29333333333333371e+01 4.30337254579368604e-03 1.41360524940804308e-05
 9.29333333333333371e+01 9.30666666666666629e+01 4.32583984418103730e-03 1.54785500749649241e-05
 9.30666666666666629e+01 9.32000000000000028e+01 4.27783045481181477e-03 1.43567802926152411e-05
 9.32000000000000028e+01 9.33333333333333428e+01 4.29162360573886147e-03 1.77341399357914937e-05
 9.33333333333333428e+01 9.34666666666666686e+01 4.29243877343598104e-03 1.48273298626255588e-05
 9.34666666666666686e+01 9.35999999999999943e+01 4.29955291928140783e-03 1.57046358942705969e-05
 9.35999999999999943e+01 9.37333333333333343e+01 4.25275472389372369e-03 1.40852166158931574e-05
 9.37333333333333343e+01 9.38666666666666742e+01 4.20688820773665664e-03 1.44319408422883152e-05
 9.38666666666666742e+01 9.40000000000000000e+01 4.26384769458362008e-03 1.53837975675863240e-05
 9.40000000000000000e+01 9.41333333333333258e+01 4.21805627350219613e-03 2.27230377516607274e-05
 9.41333333333333258e+01 9.42666666666666657e+01 4.21108413949760133e-03 1.52498510830974257e-05
 9.42666666666666657e+01 9.44000000000000057e+01 4.18983799540551330e-03 1.87067704366672325e-05
 9.44000000000000057e+01 9.45333333333333314e+01 4.21007436619431300e-03 1.89349519807484111e-05
 9.45333333333333314e+01 9.46666666666666572e+01 4.16706047891463646e-03 1.63092404853323239e-05
 9.46666666666666572e+01 9.47999999999999972e+01 4.16704110848670640e-03 1.62874376897583977e-05
 9.47999999999999972e+01 9.49333333333333371e+01 4.15901179783394886e-03 1.85871417260477340e-05
 9.49333333333333371e+01 9.50666666666666629e+01 4.14282153488547411e-03 1.55733503559697217e-05
 9.50666666666666629e+01 9.52000000000000028e+01 4.16057218900761899e-03 1.52449932600027175e-05
 9.52000000000000028e+01 9.53333333333333428e+01 4.13708936092561669e-03 1.51727668202384950e-05
 9.53333333333333428e+01 9.54666666666666686e+01 4.11517413902888485e-03 1.48542135186193269e-05
 9.54666666666666686e+01 9.55999999999999943e+01 4.09449894890573027e-03 1.39992326856283685e-05
 9.55999999999999943e+01 9.57333333333333343e+01 4.11446959712961045e-03 1.88061247134365985e-05
 9.57333333333333343e+01 9.58666666666666742e+01 4.07784900486626769e-03 1.80967777299323970e-05
 9.58666666666666742e+01 9.60000000000000000e+01 4.09007225703958335e-03 1.55436987869432775e-05
 9.60000000000000000e+01 9.61333333333333258e+01 4.09066416916047896e-03 3.79333884067942871e-05
 9.61333333333333258e+01 9.62666666666666657e+01 4.08514673331442698e-03 1.65865801757535835e-05
 9.62666666666666657e+01 9.64000000000000057e+01 4.04620440766334088e-03 3.08638539625116179e-05
 9.64000000000000057e+01 9.65333333333333314e+01 4.01386680182850859e-03 1.60263820831048626e-05
 9.65333333333333314e+01 9.66666666666666572e+01 3.99071094256080519e-03 1.45953102734872550e-05
 9.66666666666666572e+01 9.67999999999999972e+01 3.97835988516627350e-03 1.46327578531688190e-05
 9.67999999999999972e+01 9.69333333333333371e+01 3.96482695953949676e-03 1.49500613688212737e-05
 9.69333333333333371e+01 9.70666666666666629e+01 3.97430419764061797e-03 1.43416770550430137e-05
 9.70666666666666629e+01 9.72000000000000028e+01 3.95628636685773586e-03 1.40822978607874418e-05
 9.72000000000000028e+01 9.73333333333333428e+01 3.91838537329246717e-03 1.41800606598549193e-05
 9.73333333333333428e+01 9.74666666666666686e+01 3.94462871840481084e-03 1.65137971432600845e-05
 9.74666666666666686e+01 9.75999999999999943e+01 3.91734427105969348e-03 1.70393204816034345e-05
 9.75999999999999943e+01 9.77333333333333343e+01 3.92948501675832555e-03 1.52838241354579256e-05
 9.77333333333333343e+01 9.78666666666666742e+01 3.91565468232013807e-03 1.71730388879468955e-05
 9.78666666666666742e+01 9.80000000000000000e+01 3.86350410246733564e-03 1.41370029686345921e-05
 9.80000000000000000e+01 9.81333333333333258e+01 3.88417470145515503e-03 1.66336230184869302e-05
 9.81333333333333258e+01 9.82666666666666657e+01 3.86024154005884523e-03 1.71673003754671176e-05
 9.82666666666666657e+01 9.84000000000000057e+01 3.81424037141532297e-03 1.41887054241257246e-05
 9.84000000000000057e+01 9.85333333333333314e+01 3.85442065687163554e-03 1.88005274309268950e-05
 9.85333333333333314e+01 9.86666666666666572e+01 3.80636564314410040e-03 1.59390195490124343e-05
 9.86666666666666572e+01 9.87999999999999972e+01 3.81532400694120167e-03 1.73404341715079500e-05
 9.87999999999999972e+01 9.89333333333333371e+01 3.80084325504210932e-03 2.62596244001509689e-05
 9.89333333333333371e+01 9.90666666666666629e+01 3.77179793313634501e-03 1.48768291069224010e-05
 9.90666666666666629e+01 9.92000000000000028e+01 3.78410502211417666e-03 2.08483048028367358e-05
 9.92000000000000028e+01 9.93333333333333428e+01 3.73444330883671407e-03 1.44759197888371845e-05
 9.93333333333333428e+01 9.94666666666666686e+01 3.74664303814964232e-03 1.62896808522903312e-05
 9.94666666666666686e+01 9.95999999999999943e+01 3.70000356740499310e-03 1.41820300401805371e-05
 9.95999999999999943e+01 9.97333333333333343e+01 3.73664857249009783e-03 1.79964700193478359e-05
 9.97333333333333343e+01 9.98666666666666742e+01 3.70353804779750785e-03 1.50532490837407358e-05
 9.98666666666666742e+01 1.00000000000000000e+02 3.70001606985166393e-03 4.63744705716896471e-05
 1.00000000000000000e+02 1.00133333333333326e+02 3.70417303824801224e-03 1.79023675744173647e-05
 1.00133333333333326e+02 1.00266666666666666e+02 3.65142637220882294e-03 1.61743558921415877e-05
 1.00266666666666666e+02 1.00400000000000006e+02 3.62095904167042230e-03 1.45285435697620983e-05
 1.00400000000000006e+02 1.00533333333333331e+02 3.61784475547970424e-03 1.57649110344177935e-05
 1.00533333333333331e+02 1.00666666666666657e+02 3.63056671602394673e-03 1.58056385227002647e-05
 1.00666666666666657e+02 1.00799999999999997e+02 3.58885272554066662e-03 1.62724757269737574e-05
 1.00799999999999997e+02 1.00933333333333337e+02 3.58239854529855423e-03 1.72635943736359489e-05
 1.00933333333333337e+02 1.01066666666666663e+02 3.59727300224897640e-03 2.01547749383518855e-05
 1.01066666666666663e+02 1.01200000000000003e+02 3.57252113914469267e-03 1.72046823307153463e-05
 1.01200000000000003e+02 1.01333333333333343e+02 3.53375903316531471e-03 1.54021144178887167e-05
 1.01333333333333343e+02 1.01466666666666669e+02 3.51628530438422102e-03 1.54548073702488643e-05
 1.01466666666666669e+02 1.01599999999999994e+02 3.50937813514542183e-03 1.48557197201976131e-05
 1.01599999999999994e+02 1.01733333333333334e+02 3.54993194209710225e-03 2.33744443919729037e-05
 1.01733333333333334e+02 1.01866666666666674e+02 3.48720012968730753e-03 1.42472955163822145e-05
 1.01866666666666674e+02 1.02000000000000000e+02 3.48126330389467902e-03 1.42604611075916480e-05
 1.02000000000000000e+02 1.02133333333333326e+02 3.46674948314688305e-03 2.07955301786054449e-05
 1.02133333333333326e+02 1.02266666666666666e+02 3.45010697205973445e-03 1.70349245242380059e-05
 1.02266666666666666e+02 1.02400000000000006e+02 3.41661879694849175e-03 1.70738659798965027e-05
 1.02400000000000006e+02 1.02533333333333331e+02 3.43946660756416864e-03 3.19147361595398073e-05
 1.02533333333333331e+02 1.02666666666666657e+02 3.40485152280693227e-03 1.60725515461410186e-05
 1.02666666666666657e+02 1.02799999999999997e+02 3.40427996032083161e-03 1.86512038680191814e-05
 1.02799999999999997e+02 1.02933333333333337e+02 3.38721552240811357e-03 1.35241912272283775e-05
 1.02933333333333337e+02 1.03066666666666663e+02 3.36271269999296888e-03 1.36679262642324898e-05
 1.03066666666666663e+02 1.03200000000000003e+02 3.33883204455981625e-03 1.36370142669268496e-05
 1.03200000000000003e+02 1.03333333333333343e+02 3.31352712162161396e-03 1.39592732444440827e-05
 1.03333333333333343e+02 1.03466666666666669e+02 3.31961063409001592e-03 1.47104214736184858e-05
 1.03466666666666669e+02 1.03599999999999994e+02 3.33034942286204467e-03 2.79176465420415781e-05
 1.03599999999999994e+02 1.03733333333333334e+02 3.27837553579758776e-03 1.44074438991910030e-05
 1.03733333333333334e+02 1.03866666666666674e+02 3.25166686449859191e-03 1.57119685217860789e-05
 1.03866666666666674e+02 1.04000000000000000e+02 3.28952718290068200e-03 2.43333076524793002e-05
 1.04000000000000000e+02 1.04133333333333326e+02 3.24172883583079925e-03 1.32781412890622342e-05
 1.04133333333333326e+02 1.04266666666666666e+02 3.22871508692843586e-03 1.46672279109314810e-05
 1.04266666666666666e+02 1.04400000000000006e+02 3.22670423129994225e-03 2.34716309651111725e-05
 1.04400000000000006e+02 1.04533333333333331e+02 3.22210863394561042e-03 1.53472467412198637e-05
 1.04533333333333331e+02 1.04666666666666657e+02 3.20154240542361952e-03 1.59647928718961576e-05
 1.04666666666666657e+02 1.04799999999999997e+02 3.15683321254653327e-03 1.41343410577304758e-05
 1.04799999999999997e+02 1.04933333333333337e+02 3.15284271684643539e-03 2.78960032372586754e-05
 1.04933333333333337e+02 1.05066666666666663e+02 3.12392956963793589e-03 1.42571854789644178e-05
 1.05066666666666663e+02 1.05200000000000003e+02 3.10790529778940620e-03 1.28683294822552501e-05
 1.05200000000000003e+02 1.05333333333333343e+02 3.11557466587342267e-03 1.37569570214933438e-05
 1.05333333333333343e+02 1.05466666666666669e+02 3.08290806556934605e-03 1.41086143028694314e-05
 1.05466666666666669e+02 1.05599999999999994e+02 3.04423740585642007e-03 1.38545292637769563e-05
 1.05599999999999994e+02 1.05733333333333334e+02 3.03961427901879109e-03 1.24708034107186875e-05
 1.05733333333333334e+02 1.05866666666666674e+02 3.06689521137125604e-03 1.45739481404515533e-05
 1.05866666666666674e+02 1.06000000000000000e+02 3.03467151372144219e-03 1.45942233366416756e-05
 1.06000000000000000e+02 1.06133333333333326e+02 3.01599598666281617e-03 2.46153302477611859e-05
 1.06133333333333326e+02 1.06266666666666666e+02 2.98770922492012751e-03 1.41695866775713488e-05
 1.06266666666666666e+02 1.06400000000000006e+02 2.96532734007005742e-03 1.40294201456641810e-05
 1.06400000000000006e+02 1.06533333333333331e+02 2.96635677300871028e-03 1.37780868222376496e-05
 1.06533333333333331e+02 1.06666666666666657e+02 2.95111142630154850e-03 1.73928007013785717e-05
 1.06666666666666657e+02 1.06799999999999997e+02 2.93312244540134366e-03 1.88753022038947565e-05
 1.06799999999999997e+02 1.06933333333333337e+02 2.94812948195357282e-03 2.48885922752585780e-05
 1.06933333333333337e+02 1.07066666666666663e+02 2.90969492316621274e-03 1.42730041743333071e-05
 1.07066666666666663e+02 1.07200000000000003e+02 2.87135093226320364e-03 1.40662332030923541e-05
 1.07200000000000003e+02 1.07333333333333343e+02 2.86185403662220488e-03 1.52317448447405006e-05
 1.07333333333333343e+02 1.07466666666666669e+02 2.84949660663971543e-03 2.32624541658691025e-05
 1.07466666666666669e+02 1.07599999999999994e+02 2.89409950394064553e-03 6.21025615758639455e-05
 1.07599999999999994e+02 1.07733333333333334e+02 2.82910098977711463e-03 1.60344509404178387e-05
 1.07733333333333334e+02 1.07866666666666674e+02 2.81133316043435857e-03 1.43894160015204922e-05
 1.07866666666666674e+02 1.08000000000000000e+02 2.80094738451384722e-03 1.34389632674464010e-05
 1.08000000000000000e+02 1.08133333333333326e+02 2.77088184354992240e-03 1.75164052883484713e-05
 1.08133333333333326e+02 1.08266666666666666e+02 2.75060682606164579e-03 1.46922122890186624e-05
 1.08266666666666666e+02 1.08400000000000006e+02 2.73778562732148465e-03 1.55558257496555284e-05
 1.08400000000000006e+02 1.08533333333333331e+02 2.73445870457535200e-03 1.47927891209160623e-05
 1.08533333333333331e+02 1.08666666666666657e+02 2.70693643242007551e-03 1.45252302846875718e-05
 1.08666666666666657e+02 1.08799999999999997e+02 2.70165918603100866e-03 1.59771316089258750e-05
 1.08799999999999997e+02 1.08933333333333337e+02 2.66855432169082942e-03 1.27720022927570375e-05
 1.08933333333333337e+02 1.09066666666666663e+02 2.67327561949923026e-03 1.32101788552422220e-05
 1.09066666666666663e+02 1.09200000000000003e+02 2.65450545098485551e-03 1.46939179411091866e-05
 1.09200000000000003e+02 1.09333333333333343e+02 2.63276423985857322e-03 1.31161275508338284e-05
 1.09333333333333343e+02 1.09466666666666669e+02 2.64779215476013173e-03 1.64305617864744502e-05
 1.09466666666666669e+02 1.09599999999999994e+02 2.66927606026768315e-03 7.85624822703566905e-05
 1.09599999999999994e+02 1.09733333333333334e+02 2.57340115569930795e-03 1.79420509791384372e-05
 1.09733333333333334e+02 1.09866666666666674e+02 2.56719982394767142e-03 1.72091800492098086e-05
 1.09866666666666674e+02 1.10000000000000000e+02 2.55770316212527602e-03 1.33457092032579118e-05
 1.10000000000000000e+02 1.10133333333333326e+02 2.53054510191578390e-03 1.31044275531168649e-05
 1.10133333333333326e+02 1.10266666666666666e+02 2.50807007206473899e-03 1.25257857406459735e-05
 1.10266666666666666e+02 1.10400000000000006e+02 2.53350007266417085e-03 1.70628306388391817e-05
 1.10400000000000006e+02 1.10533333333333331e+02 2.49417670520048511e-03 1.39718009574461371e-05
 1.10533333333333331e+02 1.10666666666666657e+02 2.46586410137826376e-03 1.28743196878032385e-05
 1.10666666666666657e+02 1.10799999999999997e+02 2.49026773488269897e-03 2.38508181012526258e-05
 1.10799999999999997e+02 1.10933333333333337e+02 2.44595895973167589e-03 2.04982239566047152e-05
 1.10933333333333337e+02 1.11066666666666663e+02 2.43560560905561885e-03 1.40317136782852939e-05
 1.11066666666666663e+02 1.11200000000000003e+02 2.41140379158971338e-03 1.41837391518698999e-05
 1.11200000000000003e+02 1.11333333333333343e+02 2.39142380779075155e-03 1.23521957046921349e-05
 1.11333333333333343e+02 1.11466666666666669e+02 2.38162041075097759e-03 1.34543511523982361e-05
 1.11466666666666669e+02 1.11599999999999994e+02 2.37409209551631487e-03 1.42775577586538677e-05
 1.11599999999999994e+02 1.11733333333333334e+02 2.33436670986235731e-03 1.10101150744742818e-05
 1.11733333333333334e+02 1.11866666666666674e+02 2.32870820928979348e-03 1.21866337569852420e-05
 1.11866666666666674e+02 1.12000000000000000e+02 2.30178967503204789e-03 1.31193863930955735e-05
 1.12000000000000000e+02 1.12133333333333326e+02 2.29850926311416090e-03 1.34137309242132261e-05
 1.12133333333333326e+02 1.12266666666666666e+02 2.29196848721403531e-03 1.15593908528532757e-05
 1.12266666666666666e+02 1.12400000000000006e+02 2.26102178228731326e-03 1.35295307358985792e-05
 1.12400000000000006e+02 1.12533333333333331e+02 2.27814976968379341e-03 1.25217330162909637e-05
 1.12533333333333331e+02 1.12666666666666657e+02 2.22596981414209527e-03 1.26537598146502257e-05
 1.12666666666666657e+02 1.12799999999999997e+02 2.23673827713007653e-03 1.39651085936155631e-05
 1.12799999999999997e+02 1.12933333333333337e+02 2.20619862476106703e-03 1.15945249261307367e-05
 1.12933333333333337e+02 1.13066666666666663e+02 2.19161153078918603e-03 1.21737297807165755e-05
 1.13066666666666663e+02 1.13200000000000003e+02 2.16280288454346421e-03 1.32874943072660904e-05
 1.13200000000000003e+02 1.13333333333333343e+02 2.15815831086126411e-03 1.23777104150119587e-05
 1.13333333333333343e+02 1.13466666666666669e+02 2.15863881312273629e-03 1.22433640999594815e-05
 1.13466666666666669e+02 1.13599999999999994e+02 2.13900756348369293e-03 1.26804706181998116e-05
 1.13599999999999994e+02 1.13733333333333334e+02 2.12275558152922716e-03 1.45898645261701978e-05
 1.13733333333333334e+02 1.13866666666666674e+02 2.10228938159169902e-03 1.12717408412739976e-05
 1.13866666666666674e+02 1.14000000000000000e+02 2.09344213786752604e-03 2.29594817373555847e-05
 1.14000000000000000e+02 1.14133333333333340e+02 2.07165183229808363e-03 1.62034207820449367e-05
 1.14133333333333340e+02 1.14266666666666666e+02 2.06267165780504511e-03 1.60432135197946647e-05
 1.14266666666666666e+02 1.14400000000000006e+02 2.03432911765968720e-03 1.42133928329750954e-05
 1.14400000000000006e+02 1.14533333333333331e+02 2.02983144154483038e-03 1.21889290314125731e-05
 1.14533333333333331e+02 1.14666666666666671e+02 2.00080408296314299e-03 1.17110970493082871e-05
 1.14666666666666671e+02 1.14799999999999997e+02 1.97365098030954445e-03 1.21181246263171277e-05
 1.14799999999999997e+02 1.14933333333333337e+02 2.00713291843756863e-03 2.06829278074927669e-05
 1.14933333333333337e+02 1.15066666666666663e+02 1.94817663712923850e-03 1.11414240677159867e-05
 1.15066666666666663e+02 1.15200000000000003e+02 1.94012700065981209e-03 1.15097054254501783e-05
 1.15200000000000003e+02 1.15333333333333329e+02 1.95189220894272141e-03 1.94239130328288331e-05
 1.15333333333333329e+02 1.15466666666666669e+02 1.90762693859284835e-03 1.13945405915467160e-05
 1.15466666666666669e+02 1.15599999999999994e+02 1.91261119792766540e-03 1.15620154116228857e-05
 1.15599999999999994e+02 1.15733333333333334e+02 1.87745561834507316e-03 1.11602295140944006e-05
 1.15733333333333334e+02 1.15866666666666660e+02 1.89522071869387479e-03 1.71063894084672724e-05
 1.15866666666666660e+02 1.16000000000000000e+02 1.83616162625761955e-03 1.16686520443353724e-05
 1.16000000000000000e+02 1.16133333333333340e+02 1.85479159306781963e-03 1.10828028577144466e-05
 1.16133333333333340e+02 1.16266666666666666e+02 1.83475346506261792e-03 1.26266679313026766e-05
 1.16266666666666666e+02 1.16400000000000006e+02 1.83676451060420395e-03 1.41246425589820498e-05
 1.16400000000000006e+02 1.16533333333333331e+02 1.81128545230102578e-03 1.13638799888664448e-05
 1.16533333333333331e+02 1.16666666666666671e+02 1.78002510979699373e-03 1.07430577876792713e-05
 1.16666666666666671e+02 1.16799999999999997e+02 1.76549035924671851e-03 1.21825139869634707e-05
 1.16799999999999997e+02 1.16933333333333337e+02 1.75876176273926212e-03 1.16244607028813507e-05
 1.16933333333333337e+02 1.17066666666666663e+02 1.73359566568658148e-03 1.04463751758403591e-05
 1.17066666666666663e+02 1.17200000000000003e+02 1.71561428742662706e-03 1.26184134607769938e-05
 1.17200000000000003e+02 1.17333333333333329e+02 1.73334443634431848e-03 1.22819739548793638e-05
 1.17333333333333329e+02 1.17466666666666669e+02 1.69969586893573108e-03 1.20457693395680658e-05
 1.17466666666666669e+02 1.17599999999999994e+02 1.68827593856410137e-03 1.17399736759555317e-05
 1.17599999999999994e+02 1.17733333333333334e+02 1.69111138554409743e-03 1.10519068501748988e-05
 1.17733333333333334e+02 1.17866666666666660e+02 1.65182989460518578e-03 1.06676026062797831e-05
 1.17866666666666660e+02 1.18000000000000000e+02 1.63508095321854849e-03 1.13061372670828591e-05
 1.18000000000000000e+02 1.18133333333333340e+02 1.61383553202559381e-03 1.07898375046888412e-05
 1.18133333333333340e+02 1.18266666666666666e+02 1.63876671917726488e-03 1.30219548811743593e-05
 1.18266666666666666e+02 1.18400000000000006e+02 1.58179235880456402e-03 1.08367886037852660e-05
 1.18400000000000006e+02 1.18533333333333331e+02 1.58269932137016412e-03 1.08153502254932315e-05
 1.18533333333333331e+02 1.18666666666666671e+02 1.58102747959498768e-03 1.62087626324809035e-05
 1.18666666666666671e+02 1.18799999999999997e+02 1.57384776917736304e-03 1.11616073771587882e-05
 1.18799999999999997e+02 1.18933333333333337e+02 1.53447361333250323e-03 1.11806213725444264e-05
 1.18933333333333337e+02 1.19066666666666663e+02 1.56533247886619822e-03 1.64833622218561552e-05
 1.19066666666666663e+02 1.19200000000000003e+02 1.52136956997290292e-03 1.26550028820997898e-05
 1.19200000000000003e+02 1.19333333333333329e+02 1.49708332409949287e-03 9.90159652656286916e-06
 1.19333333333333329e+02 1.19466666666666669e+02 1.46112831332026330e-03 9.48367314597268756e-06
 1.19466666666666669e+02 1.19599999999999994e+02 1.47723251190045126e-03 1.06372288477768594e-05
 1.19599999999999994e+02 1.19733333333333334e+02 1.44257309323625330e-03 1.01115537528342316e-05
 1.19733333333333334e+02 1.19866666666666660e+02 1.44593043360085878e-03 1.04999045486472433e-05
 1.19866666666666660e+02 1.20000000000000000e+02 1.42673839484542013e-03 1.05656573514767537e-05
 1.20000000000000000e+02 1.20133333333333340e+02 1.40708400174474331e-03 1.26573848272044291e-05
 1.20133333333333340e+02 1.20266666666666666e+02 1.38958411250516027e-03 9.78022416652534823e-06
 1.20266666666666666e+02 1.20400000000000006e+02 1.40854304100183122e-03 1.06691204581143007e-05
 1.20400000000000006e+02 1.20533333333333331e+02 1.36828994370466537e-03 1.02036693970959494e-05
 1.20533333333333331e+02 1.20666666666666671e+02 1.36642813507837106e-03 1.20738177778971078e-05
 1.20666666666666671e+02 1.20799999999999997e+02 1.35512522704319348e-03 1.10769942391498045e-05
 1.20799999999999997e+02 1.20933333333333337e+02 1.34627242019221514e-03 1.41850333367009845e-05
 1.20933333333333337e+02 1.21066666666666663e+02 1.32054446053806005e-03 9.89618296582782663e-06
 1.21066666666666663e+02 1.21200000000000003e+02 1.32821859956479380e-03 1.07650667652298374e-05
 1.21200000000000003e+02 1.21333333333333329e+02 1.29942013188127383e-03 9.66206009723355725e-06
 1.21333333333333329e+02 1.21466666666666669e+02 1.29871691991240352e-03 1.21405980731822878e-05
 1.21466666666666669e+02 1.21599999999999994e+02 1.30139182278083201e-03 2.74512763953541768e-05
 1.21599999999999994e+02 1.21733333333333334e+02 1.27356452553175248e-03 1.17890212125644081e-05
 1.21733333333333334e+02 1.21866666666666660e+02 1.24490496849849323e-03 9.88130874468076558e-06
 1.21866666666666660e+02 1.22000000000000000e+02 1.25408211613329450e-03 9.90594570450951581e-06
 1.22000000000000000e+02 1.22133333333333340e+02 1.22842854151280654e-03 1.02527998306172235e-05
 1.22133333333333340e+02 1.22266666666666666e+02 1.20220857261693365e-03 9.63522407896933178e-06
 1.22266666666666666e+02 1.22400000000000006e+02 1.19212518942648192e-03 8.90421656453149006e-06
 1.22400000000000006e+02 1.22533333333333331e+02 1.18028608473389721e-03 9.40962058790428127e-06
 1.22533333333333331e+02 1.22666666666666671e+02 1.19470926807994774e-03 1.06660663344481773e-05
 1.22666666666666671e+02 1.22799999999999997e+02 1.19342156731972490e-03 2.12098569925565632e-05
 1.22799999999999997e+02 1.22933333333333337e+02 1.16135097185947919e-03 1.20256297259035273e-05
 1.22933333333333337e+02 1.23066666666666663e+02 1.14686994949605558e-03 9.35644088577467249e-06
 1.23066666666666663e+02 1.23200000000000003e+02 1.14461502088100664e-03 1.14420343450912308e-05
 1.23200000000000003e+02 1.23333333333333329e+02 1.13442085797887948e-03 1.30847443432640090e-05
 1.23333333333333329e+02 1.23466666666666669e+02 1.10798416185787520e-03 1.03405747242184497e-05
 1.23466666666666669e+02 1.23599999999999994e+02 1.11318548115240095e-03 1.05057323169333752e-05
 1.23599999999999994e+02 1.23733333333333334e+02 1.11016769045535479e-03 2.17599185643140517e-05
 1.23733333333333334e+02 1.23866666666666660e+02 1.06510944747164249e-03 8.97930779827819809e-06
 1.23866666666666660e+02 1.24000000000000000e+02 1.09025340366056137e-03 1.72487771943986560e-05
 1.24000000000000000e+02 1.24133333333333340e+02 1.05475829620127058e-03 1.04167597410751017e-05
 1.24133333333333340e+02 1.24266666666666666e+02 1.04429658725710872e-03 1.42714072292393378e-05
 1.24266666666666666e+02 1.24400000000000006e+02 1.04721814839109210e-03 1.27053934919589986e-05
 1.24400000000000006e+02 1.24533333333333331e+02 1.01889418295758832e-03 1.08076055110011501e-05
 1.24533333333333331e+02 1.24666666666666671e+02 1.01623103533826902e-03 1.11882741573952182e-05
 1.24666666666666671e+02 1.24799999999999997e+02 1.00024863104178135e-03 1.70173403511018515e-05
 1.24799999999999997e+02 1.24933333333333337e+02 9.71369274496393744e-04 1.05950470137592468e-05
 1.24933333333333337e+02 1.25066666666666663e+02 9.96503005378742736e-04 2.60088760112423620e-05
 1.25066666666666663e+02 1.25200000000000003e+02 9.46408701920985998e-04 9.58841772300550697e-06
 1.25200000000000003e+02 1.25333333333333329e+02 9.34015753809410679e-04 9.85084537281837743e-06
 1.25333333333333329e+02 1.25466666666666669e+02 9.48144197561319999e-04 1.12923848823535809e-05
 1.25466666666666669e+02 1.25599999999999994e+02 9.36751665042564411e-04 1.64827864188045030e-05
 1.25599999999999994e+02 1.25733333333333334e+02 9.28546256797264371e-04 9.60238958979089075e-06
 1.25733333333333334e+02 1.25866666666666660e+02 9.12833290480029509e-04 1.20039876987463248e-05
 1.25866666666666660e+02 1.26000000000000000e+02 8.83728336704142506e-04 1.21722658368147598e-05
 1.26000000000000000e+02 1.26133333333333340e+02 9.03059007695750722e-04 1.20296570436119173e-05
 1.26133333333333340e+02 1.26266666666666666e+02 8.91934263078236430e-04 1.25149742864223871e-05
 1.26266666666666666e+02 1.26400000000000006e+02 8.56186081542932229e-04 1.02761124046369928e-05
 1.26400000000000006e+02 1.26533333333333331e+02 8.45984727011820248e-04 1.10692503036479174e-05
 1.26533333333333331e+02 1.26666666666666671e+02 8.74573269050051678e-04 1.45249424065148117e-05
 1.26666666666666671e+02 1.26799999999999997e+02 8.33335682921747950e-04 8.69305168686456919e-06
 1.26799999999999997e+02 1.26933333333333337e+02 8.21197722355963746e-04 1.10578012110273834e-05
 1.26933333333333337e+02 1.27066666666666663e+02 8.10070357323333656e-04 1.05704409629610061e-05
 1.27066666666666663e+02 1.27200000000000003e+02 7.95789027638805504e-04 9.58774832539034029e-06
 1.27200000000000003e+02 1.27333333333333329e+02 7.89698474116804112e-04 1.03651086750692402e-05
 1.27333333333333329e+02 1.27466666666666669e+02 8.06664752370415115e-04 1.08831311607460882e-05
 1.27466666666666669e+02 1.27599999999999994e+02 7.71938771200096087e-04 1.04419773627416375e-05
 1.27599999999999994e+02 1.27733333333333334e+02 7.78419279490303868e-04 1.27344859801915550e-05
 1.27733333333333334e+02 1.27866666666666660e+02 7.60391606988444009e-04 1.01884403850262360e-05
 1.27866666666666660e+02 1.28000000000000000e+02 7.49137124022139327e-04 9.27223698397412848e-06
 1.28000000000000000e+02 1.28133333333333326e+02 7.56890659605508314e-04 2.50076386058590704e-05
 1.28133333333333326e+02 1.28266666666666652e+02 7.24148978524173236e-04 1.03132316656168905e-05
 1.28266666666666652e+02 1.28400000000000006e+02 7.04469658557420613e-04 1.14516767890459070e-05
 1.28400000000000006e+02 1.28533333333333331e+02 6.98472107687291921e-04 1.17847421356074294e-05
 1.28533333333333331e+02 1.28666666666666686e+02 6.88432869488723531e-04 1.40877281606459671e-05
 1.28666666666666686e+02 1.28800000000000011e+02 6.81413254579216177e-04 1.10287791905314550e-05
 1.28800000000000011e+02 1.28933333333333337e+02 6.84055073946467367e-04 1.03844821197233952e-05
 1.28933333333333337e+02 1.29066666666666663e+02 6.61373543290369871e-04 1.09093004050984155e-05
 1.29066666666666663e+02 1.29199999999999989e+02 6.52636182506782314e-04 1.09324818599293106e-05
 1.29199999999999989e+02 1.29333333333333314e+02 6.25419714854334252e-04 1.08855403905923305e-05
 1.29333333333333314e+02 1.29466666666666669e+02 6.41674357383715567e-04 1.15761592530385287e-05
 1.29466666666666669e+02 1.29599999999999994e+02 6.28015672808176898e-04 1.12347383402889847e-05
 1.29599999999999994e+02 1.29733333333333348e+02 5.93837581447660147e-04 1.22776606246743048e-05
 1.29733333333333348e+02 1.29866666666666674e+02 6.04801515822353986e-04 1.14239431227001239e-05
 1.29866666666666674e+02 1.30000000000000000e+02 5.87080880934370288e-04 1.34439067284432320e-05

Histogram:lth-
 5.00000000000000000e+01 5.01333333333333329e+01 5.92757260052079985e-04 5.17005013115127024e-06
 5.01333333333333329e+01 5.02666666666666657e+01 6.04246838003749741e-04 5.03832531862955072e-06
 5.02666666666666657e+01 5.03999999999999986e+01 6.14831155586676825e-04 6.11704173372565538e-06
 5.03999999999999986e+01 5.05333333333333314e+01 6.27353981279998862e-04 7.97633705708133998e-06
 5.05333333333333314e+01 5.06666666666666643e+01 6.39831591421976382e-04 6.00064580677080773e-06
 5.06666666666666643e+01 5.07999999999999972e+01 6.60014176260089423e-04 8.12053548086274410e-06
 5.07999999999999972e+01 5.09333333333333300e+01 6.43244828522976744e-04 5.47355899893877775e-06
 5.09333333333333300e+01 5.10666666666666700e+01 6.69285727330109375e-04 5.80561842889183452e-06
 5.10666666666666700e+01 5.12000000000000028e+01 6.62937941898179297e-04 5.64952416688015497e-06
 5.12000000000000028e+01 5.13333333333333357e+01 6.76238553137937376e-04 7.41833687549542599e-06
 5.13333333333333357e+01 5.14666666666666686e+01 6.95855563714927058e-04 6.30874428957861867e-06
 5.14666666666666686e+01 5.16000000000000014e+01 7.17158211371986287e-04 9.52399870210370600e-06
 5.16000000000000014e+01 5.17333333333333343e+01 7.18158583576296110e-04 7.78005702336366334e-06
 5.17333333333333343e+01 5.18666666666666671e+01 7.16484819839372910e-04 8.23668421132045105e-06
 5.18666666666666671e+01 5.20000000000000000e+01 7.32538577002535838e-04 7.48145380245869480e-06
 5.20000000000000000e+01 5.21333333333333329e+01 7.41381955044694311e-04 7.80926934086926680e-06
 5.21333333333333329e+01 5.22666666666666657e+01 7.64297540371569801e-04 1.01584541570846472e-05
 5.22666666666666657e+01 5.23999999999999986e+01 7.60344103919670757e-04 7.72977869848201480e-06
 5.23999999999999986e+01 5.25333333333333314e+01 7.71358966135666894e-04 6.52142957167691967e-06
 5.25333333333333314e+01 5.26666666666666643e+01 7.84075254932216034e-04 7.54368547530413757e-06
 5.26666666666666643e+01 5.27999999999999972e+01 7.81990320069962273e-04 6.02831508877415513e-06
 5.27999999999999972e+01 5.29333333333333300e+01 8.24068993515001671e-04 1.02906346120697337e-05
 5.29333333333333300e+01 5.30666666666666700e+01 8.04340564898935748e-04 6.62344661042143644e-06
 5.30666666666666700e+01 5.32000000000000028e+01 8.06352577114938067e-04 6.31530168846934572e-06
 5.32000000000000028e+01 5.33333333333333357e+01 8.34812891126398573e-04 6.27813262762119529e-06
 5.33333333333333357e+01 5.34666666666666686e+01 8.49026324610420587e-04 8.42922589085248807e-06
 5.34666666666666686e+01 5.36000000000000014e+01 8.64673878797888890e-04 9.46599769967913227e-06
 5.36000000000000014e+01 5.37333333333333343e+01 8.64340812264065804e-04 7.06944619243829242e-06
 5.37333333333333343e+01 5.38666666666666671e+01 8.85068262893038207e-04 7.28020215246121913e-06
 5.38666666666666671e+01 5.40000000000000000e+01 8.95576892739411725e-04 8.58369021336777540e-06
 5.40000000000000000e+01 5.41333333333333329e+01 9.04805974592271748e-04 9.16482035900037498e-06
 5.41333333333333329e+01 5.42666666666666657e+01 9.11448014236923955e-04 7.62015544262747888e-06
 5.42666666666666657e+01 5.43999999999999986e+01 9.15968608933748988e-04 7.14225070238789397e-06
 5.43999999999999986e+01 5.45333333333333314e+01 9.32381319768079667e-04 8.19102621746101264e-06
 5.45333333333333314e+01 5.46666666666666643e+01 9.39552211672854448e-04 7.17800497855809962e-06
 5.46666666666666643e+01 5.47999999999999972e+01 9.45228869907554516e-04 1.00323998417832501e-05
 5.47999999999999972e+01 5.49333333333333371e+01 9.61284565807519185e-04 9.73652774001864332e-06
 5.49333333333333371e+01 5.50666666666666629e+01 9.70982631800571937e-04 7.69784103015710872e-06
 5.50666666666666629e+01 5.52000000000000028e+01 9.85362632151826805e-04 7.54376946488916846e-06
 5.52000000000000028e+01 5.53333333333333357e+01 1.01108296325481137e-03 1.15346603816956047e-05
 5.53333333333333357e+01 5.54666666666666686e+01 1.00774948967291707e-03 7.25772097296289968e-06
 5.54666666666666686e+01 5.56000000000000014e+01 1.02732149435639142e-03 7.46908355696720686e-06
 5.56000000000000014e+01 5.57333333333333343e+01 1.03974300041557739e-03 8.47129770890796198e-06
 5.57333333333333343e+01 5.58666666666666671e+01 1.05374874264909974e-03 8.93817473708346194e-06
 5.58666666666666671e+01 5.60000000000000000e+01 1.05403147476987010e-03 8.07010302064365057e-06
 5.60000000000000000e+01 5.61333333333333329e+01 1.05211921705883728e-03 7.74803887811984751e-06
 5.61333333333333329e+01 5.62666666666666657e+01 1.07299327427489094e-03 7.15223933523054793e-06
 5.62666666666666657e+01 5.63999999999999986e+01 1.08566395246295546e-03 7.31140693382687827e-06
 5.63999999999999986e+01 5.65333333333333314e+01 1.12882831978718340e-03 1.35738318885687394e-05
 5.65333333333333314e+01 5.66666666666666643e+01 1.11468496329209833e-03 8.39418088633259801e-06
 5.66666666666666643e+01 5.67999999999999972e+01 1.13286258909425894e-03 1.13013243999969152e-05
 5.67999999999999972e+01 5.69333333333333371e+01 1.13089403944604508e-03 1.23293402742340962e-05
 5.69333333333333371e+01 5.70666666666666629e+01 1.14689962725418831e-03 7.73725891903053402e-06
 5.70666666666666629e+01 5.72000000000000028e+01 1.16988560176870329e-03 1.30534401973759702e-05
 5.72000000000000028e+01 5.73333333333333357e+01 1.17476482391816982e-03 1.02520889484380700e-05
 5.73333333333333357e+01 5.74666666666666686e+01 1.19616303316145696e-03 8.58297014712162043e-06
 5.74666666666666686e+01 5.76000000000000014e+01 1.19699852949587760e-03 8.84096391788332239e-06
 5.76000000000000014e+01 5.77333333333333343e+01 1.20673838421769927e-03 8.48816143172802382e-06
 5.77333333333333343e+01 5.78666666666666671e+01 1.22645301667688531e-03 9.90153249009078065e-06
 5.78666666666666671e+01 5.80000000000000000e+01 1.23783206483307783e-03 1.56484817932291560e-05
 5.80000000000000000e+01 5.81333333333333329e+01 1.25591036140466602e-03 1.00293440174346191e-05
 5.81333333333333329e+01 5.82666666666666657e+01 1.24852775559055815e-03 8.14504836831208766e-06
 5.82666666666666657e+01 5.83999999999999986e+01 1.26901726041724213e-03 7.72097986992831253e-06
 5.83999999999999986e+01 5.85333333333333314e+01 1.28818204878497033e-03 8.21175983622700682e-06
 5.85333333333333314e+01 5.86666666666666643e+01 1.30836724046228328e-03 1.09706221892731609e-05
 5.86666666666666643e+01 5.87999999999999972e+01 1.31484827438237617e-03 9.37513065409805577e-06
 5.87999999999999972e+01 5.89333333333333371e+01 1.32565215322484305e-03 9.41819561368463382e-06
 5.89333333333333371e+01 5.90666666666666629e+01 1.32680409218164015e-03 1.00933029840992149e-05
 5.90666666666666629e+01 5.92000000000000028e+01 1.33232857304008763e-03 8.83575868414515838e-06
 5.92000000000000028e+01 5.93333333333333357e+01 1.36823367873740043e-03 9.84698352518535132e-06
 5.93333333333333357e+01 5.94666666666666686e+01 1.39048598098062389e-03 1.79640044004411214e-05
 5.94666666666666686e+01 5.96000000000000014e+01 1.38906361575498699e-03 9.36247286378709866e-06
 5.96000000000000014e+01 5.97333333333333343e+01 1.38751974276362842e-03 8.05470217370797839e-06
 5.97333333333333343e+01 5.98666666666666671e+01 1.42385647355424793e-03 2.32778451249756921e-05
 5.98666666666666671e+01 6.00000000000000000e+01 1.42155483984928669e-03 9.94208278680490501e-06
 6.00000000000000000e+01 6.01333333333333329e+01 1.43491630186653313e-03 8.61739638039599538e-06
 6.01333333333333329e+01 6.02666666666666657e+01 1.46596506545406541e-03 1.32395144721404008e-05
 6.02666666666666657e+01 6.03999999999999986e+01 1.44685742269147532e-03 8.50353734900005659e-06
 6.03999999999999986e+01 6.05333333333333314e+01 1.46960028514791087e-03 9.18453427830689438e-06
 6.05333333333333314e+01 6.06666666666666643e+01 1.48647478707730264e-03 9.37986233020990335e-06
 6.06666666666666643e+01 6.07999999999999972e+01 1.51443106378296014e-03 1.05452412491339594e-05
 6.07999999999999972e+01 6.09333333333333371e+01 1.52798481541280761e-03 1.05252161778738925e-05
 6.09333333333333371e+01 6.10666666666666629e+01 1.53805729319035200e-03 1.21432222353316392e-05
 6.10666666666666629e+01 6.12000000000000028e+01 1.53291972770479008e-03 9.77556969832176837e-06
 6.12000000000000028e+01 6.13333333333333357e+01 1.55538295249455882e-03 8.68834519066758322e-06
 6.13333333333333357e+01 6.14666666666666686e+01 1.57701418417817386e-03 9.30136586038337710e-06
 6.14666666666666686e+01 6.16000000000000014e+01 1.59468336807295943e-03 1.05660751493045091e-05
 6.16000000000000014e+01 6.17333333333333343e+01 1.60374803748645264e-03 1.24194101487058656e-05
 6.17333333333333343e+01 6.18666666666666671e+01 1.64696910030606952e-03 1.61671626933543699e-05
 6.18666666666666671e+01 6.20000000000000000e+01 1.63602866139949668e-03 1.13038925085992036e-05
 6.20000000000000000e+01 6.21333333333333329e+01 1.65860110994630358e-03 2.27365977307484054e-05
 6.21333333333333329e+01 6.22666666666666657e+01 1.67143511690093943e-03 1.08568212575695495e-05
 6.22666666666666657e+01 6.23999999999999986e+01 1.65935208764893261e-03 8.97529818927758748e-06
 6.23999999999999986e+01 6.25333333333333314e+01 1.68172922592477333e-03 1.16468339827945328e-05
 6.25333333333333314e+01 6.26666666666666643e+01 1.70737935371472502e-03 1.24749059903919015e-05
 6.26666666666666643e+01 6.27999999999999972e+01 1.72584698226701085e-03 1.08945682240684782e-05
 6.27999999999999972e+01 6.29333333333333371e+01 1.73676902923145253e-03 1.15493486263664490e-05
 6.29333333333333371e+01 6.30666666666666629e+01 1.75102843351154390e-03 1.03416254921228146e-05
 6.30666666666666629e+01 6.32000000000000028e+01 1.78091822767868779e-03 1.04591920313583332e-05
 6.32000000000000028e+01 6.33333333333333357e+01 1.77843726609231995e-03 1.24603321998572892e-05
 6.33333333333333357e+01 6.34666666666666686e+01 1.79619906034376173e-03 1.86265759983809404e-05
 6.34666666666666686e+01 6.36000000000000014e+01 1.83746048382913189e-03 2.60804360456431059e-05
 6.36000000000000014e+01 6.37333333333333343e+01 1.81351802482781371e-03 1.05858432844069064e-05
 6.37333333333333343e+01 6.38666666666666671e+01 1.82318496057964864e-03 1.06202425744257967e-05
 6.38666666666666671e+01 6.40000000000000000e+01 1.85220933200415773e-03 9.94780185465939230e-06
 6.40000000000000000e+01 6.41333333333333258e+01 1.87171632489595849e-03 9.67079618141792122e-06
 6.41333333333333258e+01 6.42666666666666657e+01 1.87674933445625722e-03 9.96731551459577122e-06
 6.42666666666666657e+01 6.44000000000000057e+01 1.90087035864975164e-03 1.24238191620320477e-05
 6.44000000000000057e+01 6.45333333333333314e+01 1.89551828074459587e-03 1.22514935421614309e-05
 6.45333333333333314e+01 6.46666666666666714e+01 1.93104095715651461e-03 1.92677442677687840e-05
 6.46666666666666714e+01 6.47999999999999972e+01 1.93699749257367063e-03 9.91622929770803643e-06
 6.47999999999999972e+01 6.49333333333333371e+01 1.96515160980439670e-03 2.11330517188411060e-05
 6.49333333333333371e+01 6.50666666666666629e+01 1.97464504373481365e-03 1.14802281711580712e-05
 6.50666666666666629e+01 6.52000000000000028e+01 1.97649350297175383e-03 1.19300333178407697e-05
 6.52000000000000028e+01 6.53333333333333286e+01 2.00101032894423351e-03 1.26170856014648132e-05
 6.53333333333333286e+01 6.54666666666666686e+01 2.01440572026021338e-03 1.10529035834389660e-05
 6.54666666666666686e+01 6.55999999999999943e+01 2.05141197850608253e-03 1.22511967724260968e-05
 6.55999999999999943e+01 6.57333333333333343e+01 2.05727108787589650e-03 1.22392605891406735e-05
 6.57333333333333343e+01 6.58666666666666742e+01 2.03853713743314732e-03 9.77597878330505371e-06
 6.58666666666666742e+01 6.60000000000000000e+01 2.06814030452480164e-03 1.09046755279348404e-05
 6.60000000000000000e+01 6.61333333333333258e+01 2.11054199516458969e-03 1.83529335251767839e-05
 6.61333333333333258e+01 6.62666666666666657e+01 2.08423952472931153e-03 1.07436446018616767e-05
 6.62666666666666657e+01 6.64000000000000057e+01 2.13079338628547905e-03 1.07777393871668816e-05
 6.64000000000000057e+01 6.65333333333333314e+01 2.14377405664921850e-03 1.09763970899406932e-05
 6.65333333333333314e+01 6.66666666666666714e+01 2.13725050650310144e-03 1.07053986331412364e-05
 6.66666666666666714e+01 6.67999999999999972e+01 2.15869223778517982e-03 1.17299211968047681e-05
 6.67999999999999972e+01 6.69333333333333371e+01 2.17222914225697608e-03 1.55990787334354657e-05
 6.69333333333333371e+01 6.70666666666666629e+01 2.18083896391744764e-03 1.07580082550031545e-05
 6.70666666666666629e+01 6.72000000000000028e+01 2.21339910170899627e-03 1.25258116399533203e-05
 6.72000000000000028e+01 6.73333333333333286e+01 2.21100981963412825e-03 1.09405476544453597e-05
 6.73333333333333286e+01 6.74666666666666686e+01 2.24432679704688817e-03 1.50017034588115917e-05
 6.74666666666666686e+01 6.75999999999999943e+01 2.25209922622078085e-03 1.22496697647628165e-05
 6.75999999999999943e+01 6.77333333333333343e+01 2.29004295380949401e-03 1.15399977764387241e-05
 6.77333333333333343e+01 6.78666666666666742e+01 2.28229601728425959e-03 1.08855303172181398e-05
 6.78666666666666742e+01 6.80000000000000000e+01 2.30487700665769381e-03 1.22525501252697576e-05
 6.80000000000000000e+01 6.81333333333333258e+01 2.32445532691051603e-03 1.21789975741405190e-05
 6.81333333333333258e+01 6.82666666666666657e+01 2.35064952570207281e-03 2.28292360954512823e-05
 6.82666666666666657e+01 6.84000000000000057e+01 2.34937335552589267e-03 1.99121343182184113e-05
 6.84000000000000057e+01 6.85333333333333314e+01 2.36426873940742428e-03 1.17380193484085922e-05
 6.85333333333333314e+01 6.86666666666666714e+01 2.38769339619573223e-03 1.19813816849591083e-05
 6.86666666666666714e+01 6.87999999999999972e+01 2.39049315623502106e-03 1.11334164972791245e-05
 6.87999999999999972e+01 6.89333333333333371e+01 2.41286227610774864e-03 1.70851606163976165e-05
 6.89333333333333371e+01 6.90666666666666629e+01 2.42336639963662559e-03 1.29476775011267281e-05
 6.90666666666666629e+01 6.92000000000000028e+01 2.43503077297357873e-03 1.13949443360780421e-05
 6.92000000000000028e+01 6.93333333333333286e+01 2.46741869289090685e-03 1.17862271299390635e-05
 6.93333333333333286e+01 6.94666666666666686e+01 2.47138957946078236e-03 1.17246835157266282e-05
 6.94666666666666686e+01 6.95999999999999943e+01 2.48565907973513373e-03 1.36996173606190493e-05
 6.95999999999999943e+01 6.97333333333333343e+01 2.51424081208141779e-03 1.26088747306682888e-05
 6.97333333333333343e+01 6.98666666666666742e+01 2.52237372975084532e-03 2.33435335294888517e-05
 6.98666666666666742e+01 7.00000000000000000e+01 2.52848256644949134e-03 1.18368391196384096e-05
 7.00000000000000000e+01 7.01333333333333258e+01 2.56176447143116820e-03 1.47787722847019732e-05
 7.01333333333333258e+01 7.02666666666666657e+01 2.56668443477458879e-03 1.28276928036122907e-05
 7.02666666666666657e+01 7.04000000000000057e+01 2.58383801045132186e-03 1.29339902023471378e-05
 7.04000000000000057e+01 7.05333333333333314e+01 2.63894279094260397e-03 2.66015076174877184e-05
 7.05333333333333314e+01 7.06666666666666714e+01 2.60372069006526092e-03 1.14003374076856204e-05
 7.06666666666666714e+01 7.07999999999999972e+01 2.63851897878845465e-03 1.40975902310749329e-05
 7.07999999999999972e+01 7.09333333333333371e+01 2.61942825873098415e-03 1.19497368489306215e-05
 7.09333333333333371e+01 7.10666666666666629e+01 2.67680299699445644e-03 1.45011308894712151e-05
 7.10666666666666629e+01 7.12000000000000028e+01 2.66525018025936871e-03 1.13908651664276497e-05
 7.12000000000000028e+01 7.13333333333333286e+01 2.70368009236850865e-03 1.16980796849632724e-05
 7.13333333333333286e+01 7.14666666666666686e+01 2.70435461867210222e-03 1.20675960335472974e-05
 7.14666666666666686e+01 7.15999999999999943e+01 2.75510077432644055e-03 1.53775909162763009e-05
 7.15999999999999943e+01 7.17333333333333343e+01 2.75057889754437524e-03 1.58698940202657195e-05
 7.17333333333333343e+01 7.18666666666666742e+01 2.76755794163111848e-03 1.42758009770112539e-05
 7.18666666666666742e+01 7.20000000000000000e+01 2.75986299159129917e-03 1.21011652986500135e-05
 7.20000000000000000e+01 7.21333333333333258e+01 2.77867162260692080e-03 1.31339480544534792e-05
 7.21333333333333258e+01 7.22666666666666657e+01 2.82168621859134371e-03 2.35744409871884145e-05
 7.22666666666666657e+01 7.24000000000000057e+01 2.81449383990318384e-03 1.40856467147305550e-05
 7.24000000000000057e+01 7.25333333333333314e+01 2.86104975843627044e-03 1.78164567728816138e-05
 7.25333333333333314e+01 7.26666666666666714e+01 2.86568997413739080e-03 1.50944650396198816e-05
 7.26666666666666714e+01 7.27999999999999972e+01 2.87066098304021491e-03 1.33903987567924991e-05
 7.27999999999999972e+01 7.29333333333333371e+01 2.88286198883969504e-03 1.42235784296486215e-05
 7.29333333333333371e+01 7.30666666666666629e+01 2.88953704960292481e-03 1.30473070064247606e-05
 7.30666666666666629e+01 7.32000000000000028e+01 2.88503868578326864e-03 1.39063309553213506e-05
 7.32000000000000028e+01 7.33333333333333286e+01 2.94168713453024514e-03 1.30654559757022959e-05
 7.33333333333333286e+01 7.34666666666666686e+01 2.93860188142119937e-03 1.48121314906152065e-05
 7.34666666666666686e+01 7.35999999999999943e+01 2.96280366918560750e-03 1.44090671708840728e-05
 7.35999999999999943e+01 7.37333333333333343e+01 2.96590218697496055e-03 1.34117680980964306e-05
 7.37333333333333343e+01 7.38666666666666742e+01 3.00204920100577638e-03 1.48636336191933340e-05
 7.38666666666666742e+01 7.40000000000000000e+01 3.04254523482773822e-03 1.59457356486756809e-05
 7.40000000000000000e+01 7.41333333333333258e+01 3.02922159942222271e-03 1.63347911621753576e-05
 7.41333333333333258e+01 7.42666666666666657e+01 3.04151467942838588e-03 1.40551505569260538e-05
 7.42666666666666657e+01 7.44000000000000057e+01 3.05087415443747829e-03 1.29623750226515496e-05
 7.44000000000000057e+01 7.45333333333333314e+01 3.07803284264174205e-03 1.31612808873613387e-05
 7.45333333333333314e+01 7.46666666666666714e+01 3.08998038748851348e-03 1.52903644988144873e-05
 7.46666666666666714e+01 7.47999999999999972e+01 3.09751646541712479e-03 1.45378731444798867e-05
 7.47999999999999972e+01 7.49333333333333371e+01 3.12524249106911015e-03 1.45761205989595474e-05
 7.49333333333333371e+01 7.50666666666666629e+01 3.09629127831600624e-03 1.31988706100121116e-05
 7.50666666666666629e+01 7.52000000000000028e+01 3.14097333091243333e-03 1.39938771291676900e-05
 7.52000000000000028e+01 7.53333333333333286e+01 3.14659623751718668e-03 1.30479322630284127e-05
 7.53333333333333286e+01 7.54666666666666686e+01 3.17834446579726669e-03 1.47156917135252700e-05
 7.54666666666666686e+01 7.55999999999999943e+01 3.20917662623017514e-03 1.68693943336855142e-05
 7.55999999999999943e+01 7.57333333333333343e+01 3.21645559555227417e-03 1.56650757089437935e-05
 7.57333333333333343e+01 7.58666666666666742e+01 3.23572211687435558e-03 1.34350707042808269e-05
 7.58666666666666742e+01 7.60000000000000000e+01 3.24225288381044599e-03 1.68665820145199264e-05
 7.60000000000000000e+01 7.61333333333333258e+01 3.27555929102060555e-03 1.57779306269356903e-05
 7.61333333333333258e+01 7.62666666666666657e+01 3.29024326442417482e-03 5.96913229558315942e-05
 7.62666666666666657e+01 7.64000000000000057e+01 3.27755062696532054e-03 1.86950776715976113e-05
 7.64000000000000057e+01 7.65333333333333314e+01 3.30704689042443352e-03 1.38834461741350500e-05
 7.65333333333333314e+01 7.66666666666666714e+01 3.30070059241778600e-03 1.64577832637071914e-05
 7.66666666666666714e+01 7.67999999999999972e+01 3.33868845947814892e-03 1.36560372007965841e-05
 7.67999999999999972e+01 7.69333333333333371e+01 3.36381050171118958e-03 1.63659863026415217e-05
 7.69333333333333371e+01 7.70666666666666629e+01 3.36371722297822574e-03 2.75638472902915306e-05
 7.70666666666666629e+01 7.72000000000000028e+01 3.37063328653197658e-03 1.40090111699562759e-05
 7.72000000000000028e+01 7.73333333333333286e+01 3.40225275435221321e-03 1.40844740499449667e-05
 7.73333333333333286e+01 7.74666666666666686e+01 3.37292121789193027e-03 1.40971443231804655e-05
 7.74666666666666686e+01 7.75999999999999943e+01 3.42286892993539987e-03 1.35244980108926762e-05
 7.75999999999999943e+01 7.77333333333333343e+01 3.42968792460615363e-03 1.40615610376077861e-05
 7.77333333333333343e+01 7.78666666666666742e+01 3.44423013551874721e-03 1.47499857821918095e-05
 7.78666666666666742e+01 7.80000000000000000e+01 3.45713450826311058e-03 1.45724800918884737e-05
 7.80000000000000000e+01 7.81333333333333258e+01 3.45644306005159219e-03 1.49625507674486703e-05
 7.81333333333333258e+01 7.82666666666666657e+01 3.53637168982949340e-03 2.66883609449628384e-05
 7.82666666666666657e+01 7.84000000000000057e+01 3.52295497596780702e-03 2.46739790760727037e-05
 7.84000000000000057e+01 7.85333333333333314e+01 3.52612188630172267e-03 1.69101442635831240e-05
 7.85333333333333314e+01 7.86666666666666714e+01 3.51171015883245449e-03 1.42089154638601868e-05
 7.86666666666666714e+01 7.87999999999999972e+01 3.53671947591143983e-03 1.38007429165706826e-05
 7.87999999999999972e+01 7.89333333333333371e+01 3.54135929904718372e-03 1.40890819029758617e-05
 7.89333333333333371e+01 7.90666666666666629e+01 3.54856402905975865e-03 1.35484212848274710e-05
 7.90666666666666629e+01 7.92000000000000028e+01 3.60511277551596194e-03 1.83448783400083773e-05
 7.92000000000000028e+01 7.93333333333333286e+01 3.59377324255477637e-03 1.62074334886327586e-05
 7.93333333333333286e+01 7.94666666666666686e+01 3.58968578041157478e-03 1.46023225551303818e-05
 7.94666666666666686e+01 7.95999999999999943e+01 3.64270951130074008e-03 2.20144856360844330e-05
 7.95999999999999943e+01 7.97333333333333343e+01 3.63600227486212367e-03 1.50882018779646525e-05
 7.97333333333333343e+01 7.98666666666666742e+01 3.64090863780671932e-03 1.45228617343996181e-05
 7.98666666666666742e+01 8.00000000000000000e+01 3.66991542731108294e-03 1.54926138855274034e-05
 8.00000000000000000e+01 8.01333333333333258e+01 3.68431939839757461e-03 1.32954909461091249e-05
 8.01333333333333258e+01 8.02666666666666657e+01 3.68819960891418955e-03 1.49338882824443390e-05
 8.02666666666666657e+01 8.04000000000000057e+01 3.70180040837422841e-03 1.49144199692181336e-05
 8.04000000000000057e+01 8.05333333333333314e+01 3.71885161130049288e-03 1.46964691941520006e-05
 8.05333333333333314e+01 8.06666666666666714e+01 3.78632859524580040e-03 3.08938844272152856e-05
 8.06666666666666714e+01 8.07999999999999972e+01 3.73261975923872176e-03 1.52682166575022520e-05
 8.07999999999999972e+01 8.09333333333333371e+01 3.78096551712457521e-03 1.54142491815840734e-05
 8.09333333333333371e+01 8.10666666666666629e+01 3.77321073037898509e-03 1.53549186746785174e-05
 8.10666666666666629e+01 8.12000000000000028e+01 3.85773512257708449e-03 5.10066375980559219e-05
 8.12000000000000028e+01 8.13333333333333286e+01 3.80463861845456658e-03 1.61793294784812297e-05
 8.13333333333333286e+01 8.14666666666666686e+01 3.89056855466154029e-03 2.56752382974822723e-05
 8.14666666666666686e+01 8.15999999999999943e+01 3.82493067667336820e-03 1.59090631573960370e-05
 8.15999999999999943e+01 8.17333333333333343e+01 3.85054461452695104e-03 1.95969547112905233e-05
 8.17333333333333343e+01 8.18666666666666742e+01 3.86567202379668956e-03 2.08884980496157574e-05
 8.18666666666666742e+01 8.20000000000000000e+01 3.85071136997930776e-03 1.46326514834186799e-05
 8.20000000000000000e+01 8.21333333333333258e+01 3.88993961783296602e-03 1.64719565152495053e-05
 8.21333333333333258e+01 8.22666666666666657e+01 3.88777642546721518e-03 1.41184209043901135e-05
 8.22666666666666657e+01 8.24000000000000057e+01 3.94912439550534379e-03 3.14819940496905963e-05
 8.24000000000000057e+01 8.25333333333333314e+01 3.91428886781664681e-03 1.51261719823735470e-05
 8.25333333333333314e+01 8.26666666666666572e+01 3.92435453038371494e-03 1.51198742033301213e-05
 8.26666666666666572e+01 8.27999999999999972e+01 3.94553765100436309e-03 1.62957980113375718e-05
 8.27999999999999972e+01 8.29333333333333371e+01 3.95712174450559701e-03 1.83861673087517898e-05
 8.29333333333333371e+01 8.30666666666666629e+01 3.96652234915089320e-03 1.46463238952398270e-05
 8.30666666666666629e+01 8.32000000000000028e+01 4.00419518238815005e-03 1.59542200887191035e-05
 8.32000000000000028e+01 8.33333333333333428e+01 4.01359613720591625e-03 2.34272609206569688e-05
 8.33333333333333428e+01 8.34666666666666686e+01 3.99119666699347762e-03 1.50144367261851760e-05
 8.34666666666666686e+01 8.35999999999999943e+01 4.08977765400454340e-03 3.81029730677254785e-05
 8.35999999999999943e+01 8.37333333333333343e+01 4.04631971085053603e-03 1.63513097913929776e-05
 8.37333333333333343e+01 8.38666666666666742e+01 4.02814332596762668e-03 1.47779104442254062e-05
 8.38666666666666742e+01 8.40000000000000000e+01 4.05992552577626089e-03 1.58424078939242018e-05
 8.40000000000000000e+01 8.41333333333333258e+01 4.06694440673300520e-03 2.20653928092884937e-05
 8.41333333333333258e+01 8.42666666666666657e+01 4.09950484250226621e-03 1.72762712283381240e-05
 8.42666666666666657e+01 8.44000000000000057e+01 4.10433767604406145e-03 2.85476068644111434e-05
 8.44000000000000057e+01 8.45333333333333314e+01 4.12105007688326561e-03 1.57907790119004713e-05
 8.45333333333333314e+01 8.46666666666666572e+01 4.08879611909324266e-03 1.43975635064914989e-05
 8.46666666666666572e+01 8.47999999999999972e+01 4.11604082995457258e-03 1.49730686619683403e-05
 8.47999999999999972e+01 8.49333333333333371e+01 4.14445935888077283e-03 1.80032619727118784e-05
 8.49333333333333371e+01 8.50666666666666629e+01 4.16204580063344633e-03 2.17360082997710571e-05
 8.50666666666666629e+01 8.52000000000000028e+01 4.15820189157456270e-03 1.67136779311202586e-05
 8.52000000000000028e+01 8.53333333333333428e+01 4.17167040499172390e-03 1.90749105082917288e-05
 8.53333333333333428e+01 8.54666666666666686e+01 4.17332283419341761e-03 1.62709400385467074e-05
 8.54666666666666686e+01 8.55999999999999943e+01 4.19386130732843799e-03 1.76356817281959384e-05
 8.55999999999999943e+01 8.57333333333333343e+01 4.19558092308364335e-03 1.59789631613612972e-05
 8.57333333333333343e+01 8.58666666666666742e+01 4.21563686046775698e-03 1.48075616207429203e-05
 8.58666666666666742e+01 8.60000000000000000e+01 4.21571454892203865e-03 1.47403721377732602e-05
 8.60000000000000000e+01 8.61333333333333258e+01 4.26427819139949763e-03 1.81570651272225499e-05
 8.61333333333333258e+01 8.62666666666666657e+01 4.26951938387343678e-03 2.06238845080935914e-05
 8.62666666666666657e+01 8.64000000000000057e+01 4.27538983889576112e-03 1.68618288404853334e-05
 8.64000000000000057e+01 8.65333333333333314e+01 4.27541465655931988e-03 2.97670133619708127e-05
 8.65333333333333314e+01 8.66666666666666572e+01 4.27901401175322799e-03 1.44464771349316422e-05
 8.66666666666666572e+01 8.67999999999999972e+01 4.30426468897669549e-03 1.60083457615110429e-05
 8.67999999999999972e+01 8.69333333333333371e+01 4.33224638634915112e-03 1.96353137075498096e-05
 8.69333333333333371e+01 8.70666666666666629e+01 4.30512065937758287e-03 1.90128290235089942e-05
 8.70666666666666629e+01 8.72000000000000028e+01 4.31729440507356080e-03 1.69241571185127965e-05
 8.72000000000000028e+01 8.73333333333333428e+01 4.32821675799128624e-03 1.79862260775230118e-05
 8.73333333333333428e+01 8.74666666666666686e+01 4.33902752085223945e-03 1.57656665356999744e-05
 8.74666666666666686e+01 8.75999999999999943e+01 4.33439547249606875e-03 1.60333245746562691e-05
 8.75999999999999943e+01 8.77333333333333343e+01 4.35403416604571332e-03 1.64403106773621274e-05
 8.77333333333333343e+01 8.78666666666666742e+01 4.38186764728667674e-03 1.68533419269746689e-05
 8.78666666666666742e+01 8.80000000000000000e+01 4.39474407712741027e-03 2.07406895757552564e-05
 8.80000000000000000e+01 8.81333333333333258e+01 4.37831730503221352e-03 1.79790663137011955e-05
 8.81333333333333258e+01 8.82666666666666657e+01 4.41155560774334019e-03 1.61686908663979865e-05
 8.82666666666666657e+01 8.84000000000000057e+01 4.42113580358773853e-03 1.65580964858737744e-05
 8.84000000000000057e+01 8.85333333333333314e+01 4.47814145498751006e-03 2.56041179569089914e-05
 8.85333333333333314e+01 8.86666666666666572e+01 4.44014950060852686e-03 1.51994075325537473e-05
 8.86666666666666572e+01 8.87999999999999972e+01 4.44913632860947060e-03 1.72495867688862432e-05
 8.87999999999999972e+01 8.89333333333333371e+01 4.45046413906884878e-03 1.61920297929750940e-05
 8.89333333333333371e+01 8.90666666666666629e+01 4.48564943290540984e-03 1.98982672855694217e-05
 8.90666666666666629e+01 8.92000000000000028e+01 4.49447696534823263e-03 1.75481302918089500e-05
 8.92000000000000028e+01 8.93333333333333428e+01 4.47120000423600981e-03 1.48182281422875064e-05
 8.93333333333333428e+01 8.94666666666666686e+01 4.51432298292774731e-03 3.57874253399037480e-05
 8.94666666666666686e+01 8.95999999999999943e+01 4.49889349821516217e-03 1.78238234431539533e-05
 8.95999999999999943e+01 8.97333333333333343e+01 4.48337623708684307e-03 1.45671639432576727e-05
 8.97333333333333343e+01 8.98666666666666742e+01 4.52349708277914077e-03 1.96151207856668868e-05
 8.98666666666666742e+01 9.00000000000000000e+01 4.50880759481875944e-03 1.67990733395638560e-05
 9.00000000000000000e+01 9.01333333333333258e+01 4.54240406947679920e-03 1.72503393738973139e-05
 9.01333333333333258e+01 9.02666666666666657e+01 4.56708835266507289e-03 2.11682799204380264e-05
 9.02666666666666657e+01 9.04000000000000057e+01 4.57243956330122183e-03 2.06145143267209964e-05
 9.04000000000000057e+01 9.05333333333333314e+01 4.55221062656956370e-03 2.40262092630308979e-05
 9.05333333333333314e+01 9.06666666666666572e+01 4.56909870198937695e-03 1.56338900436102355e-05
 9.06666666666666572e+01 9.07999999999999972e+01 4.57838494836849443e-03 1.62427906300772035e-05
 9.07999999999999972e+01 9.09333333333333371e+01 4.56398145613618952e-03 1.60782218326875011e-05
 9.09333333333333371e+01 9.10666666666666629e+01 4.57678060177024466e-03 1.67359225939116389e-05
 9.10666666666666629e+01 9.12000000000000028e+01 4.61572888304109807e-03 2.14143582981533964e-05
 9.12000000000000028e+01 9.13333333333333428e+01 4.60414817645539865e-03 1.90763904226080665e-05
 9.13333333333333428e+01 9.14666666666666686e+01 4.60201552420553932e-03 2.17591202409973986e-05
 9.14666666666666686e+01 9.15999999999999943e+01 4.63155364727058788e-03 1.78812077304538139e-05
 9.15999999999999943e+01 9.17333333333333343e+01 4.65651886711924024e-03 1.70189260628259974e-05
 9.17333333333333343e+01 9.18666666666666742e+01 4.61600386045111100e-03 1.56623218318257259e-05
 9.18666666666666742e+01 9.20000000000000000e+01 4.60800053539479285e-03 1.66394228792840203e-05
 9.20000000000000000e+01 9.21333333333333258e+01 4.66868708487162658e-03 1.90981546867398703e-05
 9.21333333333333258e+01 9.22666666666666657e+01 4.65711101617766274e-03 1.88471660126235201e-05
 9.22666666666666657e+01 9.24000000000000057e+01 4.64674546276110101e-03 1.86672201668901811e-05
 9.24000000000000057e+01 9.25333333333333314e+01 4.67841096446966996e-03 2.45893268296957037e-05
 9.25333333333333314e+01 9.26666666666666572e+01 4.66219491498532680e-03 1.68847153124649473e-05
 9.26666666666666572e+01 9.27999999999999972e+01 4.68132941081264749e-03 1.72592073169334283e-05
 9.27999999999999972e+01 9.29333333333333371e+01 4.67599616473497650e-03 1.83860398999735431e-05
 9.29333333333333371e+01 9.30666666666666629e+01 4.68172822926603890e-03 1.74154268270066866e-05
 9.30666666666666629e+01 9.32000000000000028e+01 4.69596264212878822e-03 1.73107738502668511e-05
 9.32000000000000028e+01 9.33333333333333428e+01 4.72127358694967095e-03 1.68216110621581492e-05
 9.33333333333333428e+01 9.34666666666666686e+01 4.70577098628564665e-03 1.68613776057221625e-05
 9.34666666666666686e+01 9.35999999999999943e+01 4.73661128810044449e-03 2.11476438767391126e-05
 9.35999999999999943e+01 9.37333333333333343e+01 4.77029918754861507e-03 5.68984167828688744e-05
 9.37333333333333343e+01 9.38666666666666742e+01 4.72480891921176708e-03 1.79512682653817120e-05
 9.38666666666666742e+01 9.40000000000000000e+01 4.70637810369738379e-03 1.59970011091164569e-05
 9.40000000000000000e+01 9.41333333333333258e+01 4.72432250870443837e-03 1.83823639138233933e-05
 9.41333333333333258e+01 9.42666666666666657e+01 4.71427495145071776e-03 2.08036027246623996e-05
 9.42666666666666657e+01 9.44000000000000057e+01 4.74903229816364247e-03 1.60524006476565693e-05
 9.44000000000000057e+01 9.45333333333333314e+01 4.76363936269047147e-03 1.75926712091650683e-05
 9.45333333333333314e+01 9.46666666666666572e+01 4.74151270995679889e-03 1.89260093227045022e-05
 9.46666666666666572e+01 9.47999999999999972e+01 4.76694367196211100e-03 1.83236376053074570e-05
 9.47999999999999972e+01 9.49333333333333371e+01 4.78541849990063786e-03 1.83109937289436987e-05
 9.49333333333333371e+01 9.50666666666666629e+01 4.73364069044894878e-03 1.63754556181212154e-05
 9.50666666666666629e+01 9.52000000000000028e+01 4.80685244555474102e-03 3.03303003453050969e-05
 9.52000000000000028e+01 9.53333333333333428e+01 4.79484695578843295e-03 2.44374176753679281e-05
 9.53333333333333428e+01 9.54666666666666686e+01 4.79743536389368175e-03 1.76055086890304380e-05
 9.54666666666666686e+01 9.55999999999999943e+01 4.80110188391959236e-03 2.18025888066451432e-05
 9.55999999999999943e+01 9.57333333333333343e+01 4.83100967462054501e-03 2.02140998401571682e-05
 9.57333333333333343e+01 9.58666666666666742e+01 4.81378653510348888e-03 1.92918985948833669e-05
 9.58666666666666742e+01 9.60000000000000000e+01 4.78929093507833754e-03 1.68242078565513815e-05
 9.60000000000000000e+01 9.61333333333333258e+01 4.79211255549109351e-03 1.55821344434127125e-05
 9.61333333333333258e+01 9.62666666666666657e+01 4.83223781434792467e-03 1.91647256508156488e-05
 9.62666666666666657e+01 9.64000000000000057e+01 4.83502870849635870e-03 1.76430852727594824e-05
 9.64000000000000057e+01 9.65333333333333314e+01 4.82395303476493720e-03 1.78397153047991604e-05
 9.65333333333333314e+01 9.66666666666666572e+01 4.83696578520610709e-03 1.65400135423433882e-05
 9.66666666666666572e+01 9.67999999999999972e+01 4.80638044670446841e-03 1.98181354367829425e-05
 9.67999999999999972e+01 9.69333333333333371e+01 4.83570642937771605e-03 1.79765739397218309e-05
 9.69333333333333371e+01 9.70666666666666629e+01 4.80814250822198148e-03 1.57611863535539637e-05
 9.70666666666666629e+01 9.72000000000000028e+01 4.84439729314563219e-03 1.86059754268621006e-05
 9.72000000000000028e+01 9.73333333333333428e+01 4.82675304695703335e-03 1.93148948005740750e-05
 9.73333333333333428e+01 9.74666666666666686e+01 4.82175584139108836e-03 1.68237147733616616e-05
 9.74666666666666686e+01 9.75999999999999943e+01 4.84896255587073926e-03 2.28941586737266387e-05
 9.75999999999999943e+01 9.77333333333333343e+01 4.82688984949709854e-03 1.68433696530311271e-05
 9.77333333333333343e+01 9.78666666666666742e+01 4.84354796362585372e-03 1.88299434692550212e-05
 9.78666666666666742e+01 9.80000000000000000e+01 4.82662700858688901e-03 1.74541823223989514e-05
 9.80000000000000000e+01 9.81333333333333258e+01 4.84994696650277012e-03 1.63306753349154629e-05
 9.81333333333333258e+01 9.82666666666666657e+01 4.86154703657345165e-03 1.74749367697060893e-05
 9.82666666666666657e+01 9.84000000000000057e+01 5.00058302222394172e-03 1.56055332650419142e-04
 9.84000000000000057e+01 9.85333333333333314e+01 4.87065768621084295e-03 2.07604292287730328e-05
 9.85333333333333314e+01 9.86666666666666572e+01 4.87703076725301641e-03 2.77054122547064870e-05
 9.86666666666666572e+01 9.87999999999999972e+01 4.87532234436007395e-03 2.00822216894806344e-05
 9.87999999999999972e+01 9.89333333333333371e+01 4.86969552164538601e-03 1.68736377404031392e-05
 9.89333333333333371e+01 9.90666666666666629e+01 4.87204413633485992e-03 1.70549629702572078e-05
 9.90666666666666629e+01 9.92000000000000028e+01 4.85775952631222700e-03 1.73411339521887530e-05
 9.92000000000000028e+01 9.93333333333333428e+01 4.84518646930216616e-03 1.71201127250142548e-05
 9.93333333333333428e+01 9.94666666666666686e+01 4.93400581176712833e-03 3.84740812588226462e-05
 9.94666666666666686e+01 9.95999999999999943e+01 4.87805134145430624e-03 1.71159756775351544e-05
 9.95999999999999943e+01 9.97333333333333343e+01 4.85368072133722343e-03 1.76481097250153263e-05
 9.97333333333333343e+01 9.98666666666666742e+01 4.85455670995621567e-03 1.70654325098925451e-05
 9.98666666666666742e+01 1.00000000000000000e+02 4.84771289940377770e-03 1.67610466787973403e-05
 1.00000000000000000e+02 1.00133333333333326e+02 4.85994816085800769e-03 2.01750483739881876e-05
 1.00133333333333326e+02 1.00266666666666666e+02 4.87902349190387497e-03 1.79347546147210670e-05
 1.00266666666666666e+02 1.00400000000000006e+02 4.87953066554770894e-03 1.60952422692616599e-05
 1.00400000000000006e+02 1.00533333333333331e+02 4.88816535214223018e-03 1.51382893427207895e-05
 1.00533333333333331e+02 1.00666666666666657e+02 4.87983565558552761e-03 2.74536832335377218e-05
 1.00666666666666657e+02 1.00799999999999997e+02 4.90687622602733412e-03 1.78719181495951698e-05
 1.00799999999999997e+02 1.00933333333333337e+02 4.83975802138474596e-03 1.79103072120338946e-05
 1.00933333333333337e+02 1.01066666666666663e+02 4.87921915337975916e-03 2.15759312954498449e-05
 1.01066666666666663e+02 1.01200000000000003e+02 4.87018781960818232e-03 1.71777908188812815e-05
 1.01200000000000003e+02 1.01333333333333343e+02 4.85967941066408043e-03 1.73564322889916661e-05
 1.01333333333333343e+02 1.01466666666666669e+02 4.87225342313960409e-03 2.08645288288586795e-05
 1.01466666666666669e+02 1.01599999999999994e+02 4.85546777823861377e-03 1.78054436023964608e-05
 1.01599999999999994e+02 1.01733333333333334e+02 4.85720149884615992e-03 1.62924213195168443e-05
 1.01733333333333334e+02 1.01866666666666674e+02 4.87806601131687834e-03 2.87190122229202542e-05
 1.01866666666666674e+02 1.02000000000000000e+02 4.90289245681227448e-03 3.13300412645442310e-05
 1.02000000000000000e+02 1.02133333333333326e+02 4.87548696626195158e-03 2.40445888601502763e-05
 1.02133333333333326e+02 1.02266666666666666e+02 4.83967745975290645e-03 1.61835124517952628e-05
 1.02266666666666666e+02 1.02400000000000006e+02 4.91266934534550625e-03 2.28186216187842998e-05
 1.02400000000000006e+02 1.02533333333333331e+02 4.84786368070990684e-03 1.84236161729540936e-05
 1.02533333333333331e+02 1.02666666666666657e+02 4.85893577001271677e-03 1.72227209789157078e-05
 1.02666666666666657e+02 1.02799999999999997e+02 4.84375085852272510e-03 1.66092294045728760e-05
 1.02799999999999997e+02 1.02933333333333337e+02 4.85734382016894239e-03 1.76998587749563471e-05
 1.02933333333333337e+02 1.03066666666666663e+02 4.86879421919393911e-03 1.76750587679787402e-05
 1.03066666666666663e+02 1.03200000000000003e+02 4.83464626127502219e-03 1.61618541815840562e-05
 1.03200000000000003e+02 1.03333333333333343e+02 4.84787078875112323e-03 1.95931858285614995e-05
 1.03333333333333343e+02 1.03466666666666669e+02 4.87364107657920192e-03 1.91779225382388887e-05
 1.03466666666666669e+02 1.03599999999999994e+02 4.87982921916697669e-03 1.92601841755250187e-05
 1.03599999999999994e+02 1.03733333333333334e+02 4.84767329312737853e-03 1.62239139299604589e-05
 1.03733333333333334e+02 1.03866666666666674e+02 4.86335099734003240e-03 1.83497294942909663e-05
 1.03866666666666674e+02 1.04000000000000000e+02 4.83027482585918037e-03 1.66877188562193537e-05
 1.04000000000000000e+02 1.04133333333333326e+02 4.84402170918070852e-03 1.88019243873582356e-05
 1.04133333333333326e+02 1.04266666666666666e+02 4.96590047213072133e-03 1.21313887474907496e-04
 1.04266666666666666e+02 1.04400000000000006e+02 4.84755647104291500e-03 2.28147160827213773e-05
 1.04400000000000006e+02 1.04533333333333331e+02 4.80303146496730352e-03 1.67857580877019366e-05
 1.04533333333333331e+02 1.04666666666666657e+02 4.83491721185234404e-03 2.07396567954355290e-05
 1.04666666666666657e+02 1.04799999999999997e+02 4.82359935671165807e-03 1.73873432093051410e-05
 1.04799999999999997e+02 1.04933333333333337e+02 4.80859563231871966e-03 1.79088794159311816e-05
 1.04933333333333337e+02 1.05066666666666663e+02 4.78228125251117277e-03 1.64676159259425628e-05
 1.05066666666666663e+02 1.05200000000000003e+02 4.82396295488420924e-03 1.90552436140910714e-05
 1.05200000000000003e+02 1.05333333333333343e+02 4.78262578244653246e-03 1.84304063574352545e-05
 1.05333333333333343e+02 1.05466666666666669e+02 4.83667628275951788e-03 1.96504505757802081e-05
 1.05466666666666669e+02 1.05599999999999994e+02 4.78736062009718372e-03 1.53608004008968894e-05
 1.05599999999999994e+02 1.05733333333333334e+02 4.77708150533654591e-03 1.68973241672495529e-05
 1.05733333333333334e+02 1.05866666666666674e+02 4.81586496009786969e-03 2.42787596759366625e-05
 1.05866666666666674e+02 1.06000000000000000e+02 4.78129184221399734e-03 1.77137683251343342e-05
 1.06000000000000000e+02 1.06133333333333326e+02 4.75830168223711526e-03 1.78957601233837213e-05
 1.06133333333333326e+02 1.06266666666666666e+02 4.76161352307807959e-03 1.68630886979457347e-05
 1.06266666666666666e+02 1.06400000000000006e+02 4.77182370302759503e-03 1.73168226368954946e-05
 1.06400000000000006e+02 1.06533333333333331e+02 4.75210757064612171e-03 1.79140506649328661e-05
 1.06533333333333331e+02 1.06666666666666657e+02 4.76998658075652483e-03 1.80857901423910715e-05
 1.06666666666666657e+02 1.06799999999999997e+02 4.75397321574145496e-03 2.28785160005429803e-05
 1.06799999999999997e+02 1.06933333333333337e+02 4.74986673827281890e-03 1.84472166581204416e-05
 1.06933333333333337e+02 1.07066666666666663e+02 4.77270771772166959e-03 3.92274159363441462e-05
 1.07066666666666663e+02 1.07200000000000003e+02 4.75047550285503852e-03 1.64276792564973358e-05
 1.07200000000000003e+02 1.07333333333333343e+02 4.70718589576046755e-03 2.11777743435401628e-05
 1.07333333333333343e+02 1.07466666666666669e+02 4.76398576072873964e-03 3.33952782415578199e-05
 1.07466666666666669e+02 1.07599999999999994e+02 4.69518237754743776e-03 1.58486256826286238e-05
 1.07599999999999994e+02 1.07733333333333334e+02 4.70635933003688174e-03 1.75206551216124878e-05
 1.07733333333333334e+02 1.07866666666666674e+02 4.72825042569373355e-03 2.08391659179882090e-05
 1.07866666666666674e+02 1.08000000000000000e+02 4.71091480721374210e-03 2.08299009215418331e-05
 1.08000000000000000e+02 1.08133333333333326e+02 4.68788340043576734e-03 1.79487629964982087e-05
 1.08133333333333326e+02 1.08266666666666666e+02 4.74676271139085233e-03 3.50022156877598698e-05
 1.08266666666666666e+02 1.08400000000000006e+02 4.70142657024278168e-03 2.72627759837249805e-05
 1.08400000000000006e+02 1.08533333333333331e+02 4.67527577403434834e-03 1.72599889495487329e-05
 1.08533333333333331e+02 1.08666666666666657e+02 4.68048252373780109e-03 1.98810394675598168e-05
 1.08666666666666657e+02 1.08799999999999997e+02 4.66737479649969710e-03 1.76856445848433065e-05
 1.08799999999999997e+02 1.08933333333333337e+02 4.61366295723644997e-03 1.57415383573563621e-05
 1.08933333333333337e+02 1.09066666666666663e+02 4.66469523386319872e-03 1.81910938403374299e-05
 1.09066666666666663e+02 1.09200000000000003e+02 4.65122201719938254e-03 1.89035832959998510e-05
 1.09200000000000003e+02 1.09333333333333343e+02 4.63126686026810869e-03 1.68363890172676071e-05
 1.09333333333333343e+02 1.09466666666666669e+02 4.61039785423249596e-03 1.54670643316271186e-05
 1.09466666666666669e+02 1.09599999999999994e+02 4.60414395882034842e-03 1.77513698780516150e-05
 1.09599999999999994e+02 1.09733333333333334e+02 4.62551097156782727e-03 1.79596452860761755e-05
 1.09733333333333334e+02 1.09866666666666674e+02 4.61434412173644757e-03 1.73644929849778880e-05
 1.09866666666666674e+02 1.10000000000000000e+02 4.56953859993281756e-03 2.07263161218002738e-05
 1.10000000000000000e+02 1.10133333333333326e+02 4.63453595441285903e-03 4.08470787881142337e-05
 1.10133333333333326e+02 1.10266666666666666e+02 4.56479354124402457e-03 1.89730441009409670e-05
 1.10266666666666666e+02 1.10400000000000006e+02 4.56074768196314088e-03 1.65692126710089400e-05
 1.10400000000000006e+02 1.10533333333333331e+02 4.56314758286873335e-03 1.58305463464702546e-05
 1.10533333333333331e+02 1.10666666666666657e+02 4.56780564240314574e-03 1.66866598839277324e-05
 1.10666666666666657e+02 1.10799999999999997e+02 4.53266351636041290e-03 2.07770579702760450e-05
 1.10799999999999997e+02 1.10933333333333337e+02 4.52848759739939415e-03 1.79956415526337002e-05
 1.10933333333333337e+02 1.11066666666666663e+02 4.53294835958300852e-03 1.57663066417346867e-05
 1.11066666666666663e+02 1.11200000000000003e+02 4.48506171950980356e-03 1.87061929130693489e-05
 1.11200000000000003e+02 1.11333333333333343e+02 4.47936116597273670e-03 1.57612092249642652e-05
 1.11333333333333343e+02 1.11466666666666669e+02 4.48333200147179711e-03 1.80216460648689675e-05
 1.11466666666666669e+02 1.11599999999999994e+02 4.48193940987377804e-03 1.78765914196078600e-05
 1.11599999999999994e+02 1.11733333333333334e+02 4.45994321425837413e-03 1.64546195414586103e-05
 1.11733333333333334e+02 1.11866666666666674e+02 4.47780341094231298e-03 1.70062992806883355e-05
 1.11866666666666674e+02 1.12000000000000000e+02 4.47231270327819695e-03 2.03139010027209932e-05
 1.12000000000000000e+02 1.12133333333333326e+02 4.44457613658971219e-03 1.60196717626827831e-05
 1.12133333333333326e+02 1.12266666666666666e+02 4.43457841066563583e-03 1.72586491583288301e-05
 1.12266666666666666e+02 1.12400000000000006e+02 4.47277896743879678e-03 3.60676896795721045e-05
 1.12400000000000006e+02 1.12533333333333331e+02 4.38466195702659923e-03 2.48367687568459052e-05
 1.12533333333333331e+02 1.12666666666666657e+02 4.38451072143500927e-03 1.69677260622766453e-05
 1.12666666666666657e+02 1.12799999999999997e+02 4.37036898550876522e-03 1.57476384260741290e-05
 1.12799999999999997e+02 1.12933333333333337e+02 4.37455277205719452e-03 2.61599492246350865e-05
 1.12933333333333337e+02 1.13066666666666663e+02 4.37019835688889392e-03 2.88762424451573164e-05
 1.13066666666666663e+02 1.13200000000000003e+02 4.35724047026860451e-03 1.90542109031513113e-05
 1.13200000000000003e+02 1.13333333333333343e+02 4.31259373906797954e-03 1.64395853345508175e-05
 1.13333333333333343e+02 1.13466666666666669e+02 4.29830400663039260e-03 1.48629057763067278e-05
 1.13466666666666669e+02 1.13599999999999994e+02 4.34605400238732408e-03 3.42950738578949886e-05
 1.13599999999999994e+02 1.13733333333333334e+02 4.24895445610128878e-03 1.74778498350813137e-05
 1.13733333333333334e+02 1.13866666666666674e+02 4.30867282802293531e-03 1.77551565742463342e-05
 1.13866666666666674e+02 1.14000000000000000e+02 4.27302647288901709e-03 1.65946223211478618e-05
 1.14000000000000000e+02 1.14133333333333340e+02 4.28472973838962736e-03 1.63919846185799870e-05
 1.14133333333333340e+02 1.14266666666666666e+02 4.25436050922200614e-03 1.83443031673949486e-05
 1.14266666666666666e+02 1.14400000000000006e+02 4.23203780050722660e-03 1.65620484133958390e-05
 1.14400000000000006e+02 1.14533333333333331e+02 4.21887784142326982e-03 1.68348346311281689e-05
 1.14533333333333331e+02 1.14666666666666671e+02 4.20417704579076346e-03 1.58763827555666976e-05
 1.14666666666666671e+02 1.14799999999999997e+02 4.22833688582490135e-03 2.75264190707598313e-05
 1.14799999999999997e+02 1.14933333333333337e+02 4.18498663699489078e-03 1.58858134065730349e-05
 1.14933333333333337e+02 1.15066666666666663e+02 4.15455912210444065e-03 1.54283812601484304e-05
 1.15066666666666663e+02 1.15200000000000003e+02 4.16388073305311475e-03 1.67331957994804776e-05
 1.15200000000000003e+02 1.15333333333333329e+02 4.13217322533695596e-03 1.64440464496459252e-05
 1.15333333333333329e+02 1.15466666666666669e+02 4.14614222668310654e-03 1.75589286254628117e-05
 1.15466666666666669e+02 1.15599999999999994e+02 4.12477857628484185e-03 2.38297045062876159e-05
 1.15599999999999994e+02 1.15733333333333334e+02 4.09779405970876753e-03 1.56669237300081326e-05
 1.15733333333333334e+02 1.15866666666666660e+02 4.08277761582710556e-03 1.68256406834677746e-05
 1.15866666666666660e+02 1.16000000000000000e+02 4.10734769804625959e-03 2.82982351057621722e-05
 1.16000000000000000e+02 1.16133333333333340e+02 4.04440173400412613e-03 1.56773075398741780e-05
 1.16133333333333340e+02 1.16266666666666666e+02 4.04292812007419830e-03 1.44671682049708366e-05
 1.16266666666666666e+02 1.16400000000000006e+02 4.00711342470905924e-03 1.47137554790109619e-05
 1.16400000000000006e+02 1.16533333333333331e+02 4.00049719302802888e-03 1.77045839512001850e-05
 1.16533333333333331e+02 1.16666666666666671e+02 4.01692484924208622e-03 1.85610173330232179e-05
 1.16666666666666671e+02 1.16799999999999997e+02 3.96399028788507139e-03 1.50507706821828271e-05
 1.16799999999999997e+02 1.16933333333333337e+02 3.97617304801617302e-03 1.78804558083715137e-05
 1.16933333333333337e+02 1.17066666666666663e+02 3.96655453033193175e-03 1.58081084759984594e-05
 1.17066666666666663e+02 1.17200000000000003e+02 3.90650398109552294e-03 1.53636509585594951e-05
 1.17200000000000003e+02 1.17333333333333329e+02 3.91501460586665250e-03 1.45279080442961899e-05
 1.17333333333333329e+02 1.17466666666666669e+02 3.89927274478330671e-03 1.61251313890432565e-05
 1.17466666666666669e+02 1.17599999999999994e+02 3.87118547527777728e-03 1.75269183983461975e-05
 1.17599999999999994e+02 1.17733333333333334e+02 3.84181291149261056e-03 1.58458148236460473e-05
 1.17733333333333334e+02 1.17866666666666660e+02 3.84604207248364065e-03 1.68667745101155041e-05
 1.17866666666666660e+02 1.18000000000000000e+02 3.83030492025253225e-03 1.47160945251118803e-05
 1.18000000000000000e+02 1.18133333333333340e+02 3.84778088812738010e-03 2.46737766599836900e-05
 1.18133333333333340e+02 1.18266666666666666e+02 3.83125011680979927e-03 1.71851029845960391e-05
 1.18266666666666666e+02 1.18400000000000006e+02 3.78537576550591311e-03 3.10120325936605253e-05
 1.18400000000000006e+02 1.18533333333333331e+02 3.77636671172823729e-03 1.71150072387274919e-05
 1.18533333333333331e+02 1.18666666666666671e+02 3.75776085056384610e-03 1.59587531322086312e-05
 1.18666666666666671e+02 1.18799999999999997e+02 3.73703893410410161e-03 1.41277919797466903e-05
 1.18799999999999997e+02 1.18933333333333337e+02 3.70504473322018140e-03 1.61795898042695199e-05
 1.18933333333333337e+02 1.19066666666666663e+02 3.70050966231900936e-03 1.68503134155149184e-05
 1.19066666666666663e+02 1.19200000000000003e+02 3.70576168314265455e-03 2.65138190886579955e-05
 1.19200000000000003e+02 1.19333333333333329e+02 3.66047804035824972e-03 1.48437175769325088e-05
 1.19333333333333329e+02 1.19466666666666669e+02 3.62504701856057729e-03 1.55068976381597562e-05
 1.19466666666666669e+02 1.19599999999999994e+02 3.59333116776504443e-03 1.49219672002615740e-05
 1.19599999999999994e+02 1.19733333333333334e+02 3.61504313137780108e-03 1.52285883640857086e-05
 1.19733333333333334e+02 1.19866666666666660e+02 3.61541919878972723e-03 2.42976189260685160e-05
 1.19866666666666660e+02 1.20000000000000000e+02 3.56164536736608460e-03 1.57325016357735467e-05
 1.20000000000000000e+02 1.20133333333333340e+02 3.54478457257999821e-03 1.32918494934346111e-05
 1.20133333333333340e+02 1.20266666666666666e+02 3.55215079309741241e-03 1.55119934279202156e-05
 1.20266666666666666e+02 1.20400000000000006e+02 3.55054236597933826e-03 2.65909729079991365e-05
 1.20400000000000006e+02 1.20533333333333331e+02 3.51828757037163289e-03 1.51827647182130608e-05
 1.20533333333333331e+02 1.20666666666666671e+02 3.51095543085412111e-03 1.66793872115793259e-05
 1.20666666666666671e+02 1.20799999999999997e+02 3.46730584712390960e-03 1.50494162638480584e-05
 1.20799999999999997e+02 1.20933333333333337e+02 3.48031464581986891e-03 1.77836342423421164e-05
 1.20933333333333337e+02 1.21066666666666663e+02 3.43828880449454592e-03 1.50776210376739403e-05
 1.21066666666666663e+02 1.21200000000000003e+02 3.43738195344401448e-03 1.49285563785891017e-05
 1.21200000000000003e+02 1.21333333333333329e+02 3.39281809395366920e-03 1.46352121377207009e-05
 1.21333333333333329e+02 1.21466666666666669e+02 3.40117280787618657e-03 1.52354413021264273e-05
 1.21466666666666669e+02 1.21599999999999994e+02 3.35509709936785685e-03 2.19042266712474108e-05
 1.21599999999999994e+02 1.21733333333333334e+02 3.33605279614125876e-03 1.35031655939703387e-05
 1.21733333333333334e+02 1.21866666666666660e+02 3.35328341162256576e-03 1.88505663686810166e-05
 1.21866666666666660e+02 1.22000000000000000e+02 3.31534657544516444e-03 1.41881077156114281e-05
 1.22000000000000000e+02 1.22133333333333340e+02 3.31750702845007382e-03 1.61601558624042796e-05
 1.22133333333333340e+02 1.22266666666666666e+02 3.29383617474373778e-03 1.39372269691607483e-05
 1.22266666666666666e+02 1.22400000000000006e+02 3.26872946379649703e-03 1.38905200018365182e-05
 1.22400000000000006e+02 1.22533333333333331e+02 3.27582508843543996e-03 1.79510943570180025e-05
 1.22533333333333331e+02 1.22666666666666671e+02 3.25005619310163914e-03 1.66561979515447647e-05
 1.22666666666666671e+02 1.22799999999999997e+02 3.23063336027743951e-03 1.60373577430945870e-05
 1.22799999999999997e+02 1.22933333333333337e+02 3.21099593064398626e-03 1.34493314320572558e-05
 1.22933333333333337e+02 1.23066666666666663e+02 3.19098995991848322e-03 1.55963876508985378e-05
 1.23066666666666663e+02 1.23200000000000003e+02 3.13798480686747205e-03 1.43669137615286543e-05
 1.23200000000000003e+02 1.23333333333333329e+02 3.15242140259613338e-03 1.42393906445550649e-05
 1.23333333333333329e+02 1.23466666666666669e+02 3.15067751954148118e-03 1.52703472027787156e-05
 1.23466666666666669e+02 1.23599999999999994e+02 3.14213432070529390e-03 1.42337146060642445e-05
 1.23599999999999994e+02 1.23733333333333334e+02 3.08826528444472621e-03 1.42574664933972938e-05
 1.23733333333333334e+02 1.23866666666666660e+02 3.06722014943903998e-03 1.47844846550355419e-05
 1.23866666666666660e+02 1.24000000000000000e+02 3.04301368235876998e-03 1.52007055955938583e-05
 1.24000000000000000e+02 1.24133333333333340e+02 3.05548824902216300e-03 1.99440178544251705e-05
 1.24133333333333340e+02 1.24266666666666666e+02 3.02937829255354573e-03 2.77293779633301944e-05
 1.24266666666666666e+02 1.24400000000000006e+02 3.01406659097781067e-03 1.41049617437753836e-05
 1.24400000000000006e+02 1.24533333333333331e+02 3.00532866095862489e-03 1.95115598796135741e-05
 1.24533333333333331e+02 1.24666666666666671e+02 2.97828168543725008e-03 1.36402709160673946e-05
 1.24666666666666671e+02 1.24799999999999997e+02 2.95806787077412207e-03 1.63472544692813243e-05
 1.24799999999999997e+02 1.24933333333333337e+02 2.92748475461829857e-03 1.53503881928166236e-05
 1.24933333333333337e+02 1.25066666666666663e+02 2.91216636434662394e-03 1.40750268044173011e-05
 1.25066666666666663e+02 1.25200000000000003e+02 2.90669433558850797e-03 1.37933564600850599e-05
 1.25200000000000003e+02 1.25333333333333329e+02 2.89017353632454056e-03 1.50609635715357022e-05
 1.25333333333333329e+02 1.25466666666666669e+02 2.85328475427155254e-03 1.46432584885794656e-05
 1.25466666666666669e+02 1.25599999999999994e+02 2.84122779665926415e-03 1.51765867817733664e-05
 1.25599999999999994e+02 1.25733333333333334e+02 2.81991323684836672e-03 2.13585095702944764e-05
 1.25733333333333334e+02 1.25866666666666660e+02 2.84796735090206985e-03 1.91566954910371650e-05
 1.25866666666666660e+02 1.26000000000000000e+02 2.80744886327993250e-03 1.47822529753876168e-05
 1.26000000000000000e+02 1.26133333333333340e+02 2.77950274014432527e-03 1.58434322534667480e-05
 1.26133333333333340e+02 1.26266666666666666e+02 2.77276533876911774e-03 1.34382804843015993e-05
 1.26266666666666666e+02 1.26400000000000006e+02 2.73562633470929078e-03 1.40165764613288087e-05
 1.26400000000000006e+02 1.26533333333333331e+02 2.74370305333782429e-03 1.67161610077076552e-05
 1.26533333333333331e+02 1.26666666666666671e+02 2.68832878433286409e-03 1.32961113618072551e-05
 1.26666666666666671e+02 1.26799999999999997e+02 2.70296416493384737e-03 1.83187715812425792e-05
 1.26799999999999997e+02 1.26933333333333337e+02 2.68024088366746512e-03 1.45964190135897018e-05
 1.26933333333333337e+02 1.27066666666666663e+02 2.66211538122806263e-03 1.78837013032628933e-05
 1.27066666666666663e+02 1.27200000000000003e+02 2.64022881192726684e-03 1.49444901050921316e-05
 1.27200000000000003e+02 1.27333333333333329e+02 2.71431339595626245e-03 8.15440310333774234e-05
 1.27333333333333329e+02 1.27466666666666669e+02 2.60550983589145045e-03 1.41909496872161301e-05
 1.27466666666666669e+02 1.27599999999999994e+02 2.58574778355673491e-03 1.50643615474636630e-05
 1.27599999999999994e+02 1.27733333333333334e+02 2.56517560374549484e-03 1.36968110404092966e-05
 1.27733333333333334e+02 1.27866666666666660e+02 2.53453260558758739e-03 1.38630276052412241e-05
 1.27866666666666660e+02 1.28000000000000000e+02 2.53111038181896494e-03 1.21684211751922355e-05
 1.28000000000000000e+02 1.28133333333333326e+02 2.50778705476910379e-03 1.23901556360172134e-05
 1.28133333333333326e+02 1.28266666666666652e+02 2.51071012390577299e-03 2.99693776784761133e-05
 1.28266666666666652e+02 1.28400000000000006e+02 2.46279520353803998e-03 1.31419085530524825e-05
 1.28400000000000006e+02 1.28533333333333331e+02 2.45978662143692085e-03 1.44626355299938837e-05
 1.28533333333333331e+02 1.28666666666666686e+02 2.40906663558139575e-03 1.27031608611731505e-05
 1.28666666666666686e+02 1.28800000000000011e+02 2.41508415405568277e-03 1.61460488963279699e-05
 1.28800000000000011e+02 1.28933333333333337e+02 2.41078354057136209e-03 1.22945820070799807e-05
 1.28933333333333337e+02 1.29066666666666663e+02 2.42394802180496884e-03 1.57614296419983467e-05
 1.29066666666666663e+02 1.29199999999999989e+02 2.36332977091542693e-03 1.23075177583554503e-05
 1.29199999999999989e+02 1.29333333333333314e+02 2.33374569479511285e-03 1.25169013467769757e-05
 1.29333333333333314e+02 1.29466666666666669e+02 2.33965833527332353e-03 1.56786410748450592e-05
 1.29466666666666669e+02 1.29599999999999994e+02 2.31978535326939897e-03 1.17270851644841970e-05
 1.29599999999999994e+02 1.29733333333333348e+02 2.29294919996884733e-03 1.68008494099149380e-05
 1.29733333333333348e+02 1.29866666666666674e+02 2.29588739095375888e-03 1.52447203991140266e-05
 1.29866666666666674e+02 1.30000000000000000e+02 2.28929727866260474e-03 1.60482558512171955e-05

Histogram:lp+
 1.40000000000000000e+02 1.40625000000000000e+02 8.63796780894152396e-08 2.96826361173727913e-08
 1.40625000000000000e+02 1.41250000000000000e+02 4.32741090030351711e-07 8.88403134682777219e-08
 1.41250000000000000e+02 1.41875000000000000e+02 9.64379511793307060e-07 1.69113011923516185e-07
 1.41875000000000000e+02 1.42500000000000000e+02 1.01798595022492356e-06 1.14986396460385292e-07
 1.42500000000000000e+02 1.43125000000000000e+02 1.47764467267608931e-06 1.81919986009096425e-07
 1.43125000000000000e+02 1.43750000000000000e+02 1.81016828496178832e-06 1.60801906307636559e-07
 1.43750000000000000e+02 1.44375000000000000e+02 2.54759753417600214e-06 2.05352736644481503e-07
 1.44375000000000000e+02 1.45000000000000000e+02 3.87880492308082748e-06 1.08391626455267209e-06
 1.45000000000000000e+02 1.45625000000000000e+02 2.98689589542826682e-06 2.25393350353466463e-07
 1.45625000000000000e+02 1.46250000000000000e+02 3.33714509963185736e-06 2.08582898158382915e-07
 1.46250000000000000e+02 1.46875000000000000e+02 3.53167677889437938e-06 2.34109171268580602e-07
 1.46875000000000000e+02 1.47500000000000000e+02 5.22762672158012141e-06 6.39555052572608025e-07
 1.47500000000000000e+02 1.48125000000000000e+02 4.25604650433876799e-06 2.99345098781974143e-07
 1.48125000000000000e+02 1.48750000000000000e+02 4.98560980620388968e-06 3.62865272468159207e-07
 1.48750000000000000e+02 1.49375000000000000e+02 5.82497079702931409e-06 3.50521314161572640e-07
 1.49375000000000000e+02 1.50000000000000000e+02 5.31677584440327292e-06 2.48756051112576377e-07
 1.50000000000000000e+02 1.50625000000000000e+02 6.06285534209352176e-06 3.19393381954296209e-07
 1.50625000000000000e+02 1.51250000000000000e+02 6.62933600268466874e-06 3.28407945665801749e-07
 1.51250000000000000e+02 1.51875000000000000e+02 6.84084499895490489e-06 4.17989862402723219e-07
 1.51875000000000000e+02 1.52500000000000000e+02 7.71109198450823279e-06 4.55535870349667974e-07
 1.52500000000000000e+02 1.53125000000000000e+02 7.71750048376835329e-06 5.23899083750976481e-07
 1.53125000000000000e+02 1.53750000000000000e+02 1.34633604057024690e-05 4.18574033990407247e-06
 1.53750000000000000e+02 1.54375000000000000e+02 8.71755611505399869e-06 5.44192650445795064e-07
 1.54375000000000000e+02 1.55000000000000000e+02 8.56245431307168222e-06 4.61033843845216760e-07
 1.55000000000000000e+02 1.55625000000000000e+02 1.36803457718952836e-05 3.81740550292530464e-06
 1.55625000000000000e+02 1.56250000000000000e+02 1.05760779378354931e-05 5.26879071810215372e-07
 1.56250000000000000e+02 1.56875000000000000e+02 1.12114844494099529e-05 5.20442394888383265e-07
 1.56875000000000000e+02 1.57500000000000000e+02 1.14334474493508107e-05 9.22667513214537743e-07
 1.57500000000000000e+02 1.58125000000000000e+02 1.13880756108818897e-05 5.05891118742892223e-07
 1.58125000000000000e+02 1.58750000000000000e+02 1.25386484503992108e-05 5.39977814379625986e-07
 1.58750000000000000e+02 1.59375000000000000e+02 1.17633634545461013e-05 3.92101480297526403e-07
 1.59375000000000000e+02 1.60000000000000000e+02 1.31875693252655619e-05 5.93676887976309064e-07
 1.60000000000000000e+02 1.60625000000000000e+02 2.55576434419462047e-05 1.13043986721607694e-06
 1.60625000000000000e+02 1.61250000000000000e+02 3.38155183592935658e-05 6.33449717650323710e-07
 1.61250000000000000e+02 1.61875000000000000e+02 4.20615674324850689e-05 1.06617881907854874e-06
 1.61875000000000000e+02 1.62500000000000000e+02 4.48774866416961284e-05 6.58712113909837200e-07
 1.62500000000000000e+02 1.63125000000000000e+02 5.14024750535320616e-05 9.36564322891238351e-07
 1.63125000000000000e+02 1.63750000000000000e+02 5.63937008902136181e-05 1.20453288976479838e-06
 1.63750000000000000e+02 1.64375000000000000e+02 5.89140554116220939e-05 8.61706331645370532e-07
 1.64375000000000000e+02 1.65000000000000000e+02 6.29530587025341719e-05 9.56333858637283932e-07
 1.65000000000000000e+02 1.65625000000000000e+02 6.79144155337705740e-05 1.05773114345024253e-06
 1.65625000000000000e+02 1.66250000000000000e+02 6.86556016618914636e-05 6.85299490943256821e-07
 1.66250000000000000e+02 1.66875000000000000e+02 7.42453985881165511e-05 1.11040564613403379e-06
 1.66875000000000000e+02 1.67500000000000000e+02 7.86754040762907125e-05 9.45327178060992820e-07
 1.67500000000000000e+02 1.68125000000000000e+02 8.09379978681383402e-05 9.87055846480927909e-07
 1.68125000000000000e+02 1.68750000000000000e+02 8.41128662421174894e-05 8.03289601494416490e-07
 1.68750000000000000e+02 1.69375000000000000e+02 8.71296327239992375e-05 1.18267994055346593e-06
 1.69375000000000000e+02 1.70000000000000000e+02 9.12602953455295715e-05 1.02986462522126510e-06
 1.70000000000000000e+02 1.70625000000000000e+02 9.58783059600062921e-05 1.15914426351468114e-06
 1.70625000000000000e+02 1.71250000000000000e+02 9.76031206593941180e-05 1.16819698148214179e-06
 1.71250000000000000e+02 1.71875000000000000e+02 1.01410151148530086e-04 1.06650170650249925e-06
 1.71875000000000000e+02 1.72500000000000000e+02 1.03899789397140363e-04 1.15731418055077206e-06
 1.72500000000000000e+02 1.73125000000000000e+02 1.05280626408570625e-04 1.17603554725836044e-06
 1.73125000000000000e+02 1.73750000000000000e+02 1.09578941777715546e-04 1.00577807675101377e-06
 1.73750000000000000e+02 1.74375000000000000e+02 1.16224020661746826e-04 2.36781771578974811e-06
 1.74375000000000000e+02 1.75000000000000000e+02 1.17274123108223515e-04 1.24372456250428340e-06
 1.75000000000000000e+02 1.75625000000000000e+02 1.19422669530392942e-04 1.16001122971724641e-06
 1.75625000000000000e+02 1.76250000000000000e+02 1.22587070379919730e-04 2.95051354361150068e-06
 1.76250000000000000e+02 1.76875000000000000e+02 1.26535941476671763e-04 2.09581621507530924e-06
 1.76875000000000000e+02 1.77500000000000000e+02 1.26632889620620717e-04 1.18885349539578835e-06
 1.77500000000000000e+02 1.78125000000000000e+02 1.28512908043861842e-04 1.18631336795641462e-06
 1.78125000000000000e+02 1.78750000000000000e+02 1.32566841855698167e-04 1.34185403707300052e-06
 1.78750000000000000e+02 1.79375000000000000e+02 1.33623367315373326e-04 1.25139819013984026e-06
 1.79375000000000000e+02 1.80000000000000000e+02 1.41099564632012178e-04 2.20442000076007458e-06
 1.80000000000000000e+02 1.80625000000000000e+02 1.38059779680047874e-04 1.31631963996087162e-06
 1.80625000000000000e+02 1.81250000000000000e+02 1.41761891317515441e-04 1.27312932457484992e-06
 1.81250000000000000e+02 1.81875000000000000e+02 1.47254495265803449e-04 1.30620831637325118e-06
 1.81875000000000000e+02 1.82500000000000000e+02 1.48180219774315101e-04 1.41467283565039680e-06
 1.82500000000000000e+02 1.83125000000000000e+02 1.50763610597671999e-04 1.23048632977348251e-06
 1.83125000000000000e+02 1.83750000000000000e+02 1.52831709646922715e-04 1.26976613808871917e-06
 1.83750000000000000e+02 1.84375000000000000e+02 1.56918931115750723e-04 1.18470004339049226e-06
 1.84375000000000000e+02 1.85000000000000000e+02 1.56128226126999429e-04 1.18398423006987364e-06
 1.85000000000000000e+02 1.85625000000000000e+02 1.57971540136557872e-04 1.20765884639486442e-06
 1.85625000000000000e+02 1.86250000000000000e+02 1.61898791585391854e-04 1.41304963709144867e-06
 1.86250000000000000e+02 1.86875000000000000e+02 1.60890304690683965e-04 1.41424454395931400e-06
 1.86875000000000000e+02 1.87500000000000000e+02 1.64296045106509674e-04 3.10206052267907866e-06
 1.87500000000000000e+02 1.88125000000000000e+02 1.61367464885389395e-04 1.15350112030069255e-06
 1.88125000000000000e+02 1.88750000000000000e+02 1.66033427428654429e-04 1.33520972749742282e-06
 1.88750000000000000e+02 1.89375000000000000e+02 1.72882296697928015e-04 7.29839293705600876e-06
 1.89375000000000000e+02 1.90000000000000000e+02 1.69494654627323500e-04 1.52510406768715087e-06
 1.90000000000000000e+02 1.90625000000000000e+02 1.67708485019780524e-04 1.64056936451731590e-06
 1.90625000000000000e+02 1.91250000000000000e+02 1.69444178044119527e-04 2.39499777795157696e-06
 1.91250000000000000e+02 1.91875000000000000e+02 1.72718916960374231e-04 1.32515904736909569e-06
 1.91875000000000000e+02 1.92500000000000000e+02 1.75009846072583743e-04 2.06816381006385079e-06
 1.92500000000000000e+02 1.93125000000000000e+02 1.74127921979556064e-04 1.63026276559120550e-06
 1.93125000000000000e+02 1.93750000000000000e+02 1.74268668441656050e-04 1.29258008886629162e-06
 1.93750000000000000e+02 1.94375000000000000e+02 1.74688621952979670e-04 1.31203801663429929e-06
 1.94375000000000000e+02 1.95000000000000000e+02 1.79491784288608551e-04 2.04508118268896246e-06
 1.95000000000000000e+02 1.95625000000000000e+02 1.81576967434355415e-04 1.59296653542869405e-06
 1.95625000000000000e+02 1.96250000000000000e+02 1.83318761004149964e-04 2.08139845347300976e-06
 1.96250000000000000e+02 1.96875000000000000e+02 1.81322911906583675e-04 2.07897253392627936e-06
 1.96875000000000000e+02 1.97500000000000000e+02 1.82401332567296812e-04 1.38544073243585103e-06
 1.97500000000000000e+02 1.98125000000000000e+02 1.83187862385541470e-04 1.45806905756832708e-06
 1.98125000000000000e+02 1.98750000000000000e+02 1.87760552575716932e-04 1.71550462364302386e-06
 1.98750000000000000e+02 1.99375000000000000e+02 1.88106085952587391e-04 1.60884623422393704e-06
 1.99375000000000000e+02 2.00000000000000000e+02 1.89573812067741592e-04 1.68843078202369772e-06
 2.00000000000000000e+02 2.00625000000000000e+02 1.88969646806912459e-04 1.40194488819616655e-06
 2.00625000000000000e+02 2.01250000000000000e+02 1.92766657794177964e-04 1.49837306650056306e-06
 2.01250000000000000e+02 2.01875000000000000e+02 1.96044450129343557e-04 2.97377707941722745e-06
 2.01875000000000000e+02 2.02500000000000000e+02 1.95125987730321266e-04 1.42256490884407565e-06
 2.02500000000000000e+02 2.03125000000000000e+02 1.95592431509053390e-04 1.67585991288191797e-06
 2.03125000000000000e+02 2.03750000000000000e+02 1.95763724457357090e-04 1.40578886881478578e-06
 2.03750000000000000e+02 2.04375000000000000e+02 1.97986041612068322e-04 1.99375862612689901e-06
 2.04375000000000000e+02 2.05000000000000000e+02 2.02744436638746219e-04 1.97887990723092731e-06
 2.05000000000000000e+02 2.05625000000000000e+02 2.00011668159763730e-04 1.49227026005763699e-06
 2.05625000000000000e+02 2.06250000000000000e+02 2.03725352528047557e-04 1.69222597068451956e-06
 2.06250000000000000e+02 2.06875000000000000e+02 2.05344426454050991e-04 1.63169810789994074e-06
 2.06875000000000000e+02 2.07500000000000000e+02 2.04532476188146666e-04 1.54348346632382692e-06
 2.07500000000000000e+02 2.08125000000000000e+02 2.09529194637077064e-04 1.62089042179531999e-06
 2.08125000000000000e+02 2.08750000000000000e+02 2.07021322506845498e-04 1.62339248131141837e-06
 2.08750000000000000e+02 2.09375000000000000e+02 2.11516430277396285e-04 1.65949327080325203e-06
 2.09375000000000000e+02 2.10000000000000000e+02 2.08943955544234431e-04 1.62560298793797896e-06
 2.10000000000000000e+02 2.10625000000000000e+02 2.12594584998418499e-04 1.58470222710927739e-06
 2.10625000000000000e+02 2.11250000000000000e+02 2.14637350132485395e-04 2.30316773776377722e-06
 2.11250000000000000e+02 2.11875000000000000e+02 2.15357851733576387e-04 1.62401547332503507e-06
 2.11875000000000000e+02 2.12500000000000000e+02 2.16770650786826311e-04 1.95216085256727448e-06
 2.12500000000000000e+02 2.13125000000000000e+02 2.19043862981066175e-04 1.60945187781472058e-06
 2.13125000000000000e+02 2.13750000000000000e+02 2.21689543050701478e-04 1.70626719569189207e-06
 2.13750000000000000e+02 2.14375000000000000e+02 2.22275949596931167e-04 1.46333788701421590e-06
 2.14375000000000000e+02 2.15000000000000000e+02 2.21521320754215556e-04 1.55041117609397587e-06
 2.15000000000000000e+02 2.15625000000000000e+02 2.30022598928293192e-04 2.01939222280702424e-06
 2.15625000000000000e+02 2.16250000000000000e+02 2.28948274297462759e-04 1.78524442037592832e-06
 2.16250000000000000e+02 2.16875000000000000e+02 2.27964668150419718e-04 1.81517111862334981e-06
 2.16875000000000000e+02 2.17500000000000000e+02 2.28476928757756926e-04 1.66647501325257648e-06
 2.17500000000000000e+02 2.18125000000000000e+02 2.30183225195863816e-04 1.48741207290839932e-06
 2.18125000000000000e+02 2.18750000000000000e+02 2.33682719625395382e-04 1.81069405168031188e-06
 2.18750000000000000e+02 2.19375000000000000e+02 2.32630626305057594e-04 1.53876315729277700e-06
 2.19375000000000000e+02 2.20000000000000000e+02 2.34778150628320005e-04 1.67826367782100102e-06
 2.20000000000000000e+02 2.20625000000000000e+02 2.35025398269909572e-04 1.70343425277826215e-06
 2.20625000000000000e+02 2.21250000000000000e+02 2.38391718778680172e-04 1.56969919813701545e-06
 2.21250000000000000e+02 2.21875000000000000e+02 2.42254804219829364e-04 1.73532256631958875e-06
 2.21875000000000000e+02 2.22500000000000000e+02 2.41383964709486031e-04 1.98027793875207053e-06
 2.22500000000000000e+02 2.23125000000000000e+02 2.46228980196956399e-04 2.05945375013389567e-06
 2.23125000000000000e+02 2.23750000000000000e+02 2.43984171250084467e-04 1.56617497700111819e-06
 2.23750000000000000e+02 2.24375000000000000e+02 2.48905961507570235e-04 2.82409360684352378e-06
 2.24375000000000000e+02 2.25000000000000000e+02 2.54655817682530199e-04 4.52265604102974019e-06
 2.25000000000000000e+02 2.25625000000000000e+02 2.51011614917938657e-04 1.59981150869524141e-06
 2.25625000000000000e+02 2.26250000000000000e+02 2.51451931238019614e-04 1.90058554887119324e-06
 2.26250000000000000e+02 2.26875000000000000e+02 2.58888924387302684e-04 2.33063529522946122e-06
 2.26875000000000000e+02 2.27500000000000000e+02 2.53808084001080621e-04 1.68350776190460381e-06
 2.27500000000000000e+02 2.28125000000000000e+02 2.59964820138283519e-04 1.72176492449876138e-06
 2.28125000000000000e+02 2.28750000000000000e+02 2.59439363449074582e-04 2.25282808725221018e-06
 2.28750000000000000e+02 2.29375000000000000e+02 2.61471344068313545e-04 1.81908345980863240e-06
 2.29375000000000000e+02 2.30000000000000000e+02 2.62920854420080569e-04 1.89444710272529377e-06
 2.30000000000000000e+02 2.30625000000000000e+02 2.63618318918519383e-04 2.05805466976151187e-06
 2.30625000000000000e+02 2.31250000000000000e+02 2.66113093347365107e-04 1.71246142688231352e-06
 2.31250000000000000e+02 2.31875000000000000e+02 2.71813334902072418e-04 3.32543056139611259e-06
 2.31875000000000000e+02 2.32500000000000000e+02 2.67125760191130207e-04 1.65021802548187085e-06
 2.32500000000000000e+02 2.33125000000000000e+02 2.70825625115462848e-04 1.73076348813806989e-06
 2.33125000000000000e+02 2.33750000000000000e+02 2.74632970495551892e-04 1.85621197742832513e-06
 2.33750000000000000e+02 2.34375000000000000e+02 2.76305825211067791e-04 2.06058380676831493e-06
 2.34375000000000000e+02 2.35000000000000000e+02 2.79314031595066965e-04 2.85106577650037376e-06
 2.35000000000000000e+02 2.35625000000000000e+02 2.79768630363306592e-04 1.87213287780986067e-06
 2.35625000000000000e+02 2.36250000000000000e+02 2.79010065191743551e-04 1.65125242903943138e-06
 2.36250000000000000e+02 2.36875000000000000e+02 2.82121037574734209e-04 1.66028518498604233e-06
 2.36875000000000000e+02 2.37500000000000000e+02 2.84455996472192385e-04 2.32660513709219000e-06
 2.37500000000000000e+02 2.38125000000000000e+02 2.90575740567888211e-04 2.37985346398449256e-06
 2.38125000000000000e+02 2.38750000000000000e+02 2.90005920248567479e-04 1.91672403870754945e-06
 2.38750000000000000e+02 2.39375000000000000e+02 2.92317924380568726e-04 1.85380368039717814e-06
 2.39375000000000000e+02 2.40000000000000000e+02 2.91858405370237198e-04 2.23596242455753394e-06
 2.40000000000000000e+02 2.40625000000000000e+02 2.94300307520127362e-04 1.78773306414028891e-06
 2.40625000000000000e+02 2.41250000000000000e+02 2.97035442055745759e-04 2.02356817469621402e-06
 2.41250000000000000e+02 2.41875000000000000e+02 3.00051534585787602e-04 2.34077639618148870e-06
 2.41875000000000000e+02 2.42500000000000000e+02 3.00585832936445805e-04 2.12744256753953891e-06
 2.42500000000000000e+02 2.43125000000000000e+02 3.01337731817001521e-04 1.82835967282716174e-06
 2.43125000000000000e+02 2.43750000000000000e+02 3.02310310131239345e-04 1.92535578812692360e-06
 2.43750000000000000e+02 2.44375000000000000e+02 3.04097490026581513e-04 1.83682465234262482e-06
 2.44375000000000000e+02 2.45000000000000000e+02 3.09120710825478741e-04 1.93046380117793352e-06
 2.45000000000000000e+02 2.45625000000000000e+02 3.09451087390776719e-04 1.86376858572872481e-06
 2.45625000000000000e+02 2.46250000000000000e+02 3.12678471247189373e-04 1.86916665615089701e-06
 2.46250000000000000e+02 2.46875000000000000e+02 3.14811294126068029e-04 1.87536107028434694e-06
 2.46875000000000000e+02 2.47500000000000000e+02 3.17042660598914402e-04 2.10810729407267349e-06
 2.47500000000000000e+02 2.48125000000000000e+02 3.15486038660845217e-04 1.82928987571915237e-06
 2.48125000000000000e+02 2.48750000000000000e+02 3.20880317691378363e-04 1.93115637433804510e-06
 2.48750000000000000e+02 2.49375000000000000e+02 3.20254947546112063e-04 1.80095799439495524e-06
 2.49375000000000000e+02 2.50000000000000000e+02 3.24313750249810150e-04 2.06927082265925386e-06
 2.50000000000000000e+02 2.50625000000000000e+02 3.27570944959621846e-04 1.93355425967930030e-06
 2.50625000000000000e+02 2.51250000000000000e+02 3.33377103592289630e-04 2.22937481987583505e-06
 2.51250000000000000e+02 2.51875000000000000e+02 3.33879966218434722e-04 2.66400273542438860e-06
 2.51875000000000000e+02 2.52500000000000000e+02 3.39667765976559835e-04 3.79605242098335501e-06
 2.52500000000000000e+02 2.53125000000000000e+02 3.35434828312816192e-04 2.21576824344803228e-06
 2.53125000000000000e+02 2.53750000000000000e+02 3.45104099214718792e-04 6.80055429563711580e-06
 2.53750000000000000e+02 2.54375000000000000e+02 3.44114054047155768e-04 2.62262773301954212e-06
 2.54375000000000000e+02 2.55000000000000000e+02 3.44611858157738322e-04 2.71962223283282899e-06
 2.55000000000000000e+02 2.55625000000000000e+02 3.45326284240695671e-04 2.68383341372848731e-06
 2.55625000000000000e+02 2.56250000000000000e+02 3.45231981214105398e-04 1.95300274224495830e-06
 2.56250000000000000e+02 2.56875000000000000e+02 3.49948566613137856e-04 2.10021850379384618e-06
 2.56875000000000000e+02 2.57500000000000000e+02 3.54765256636737356e-04 2.48211684180357245e-06
 2.57500000000000000e+02 2.58125000000000000e+02 3.56200844692018139e-04 2.35154255451838273e-06
 2.58125000000000000e+02 2.58750000000000000e+02 3.53817218555964211e-04 2.09483277744749602e-06
 2.58750000000000000e+02 2.59375000000000000e+02 3.60040507226379932e-04 1.96726963786116449e-06
 2.59375000000000000e+02 2.60000000000000000e+02 3.63183723926910058e-04 1.99362820779718950e-06
 2.60000000000000000e+02 2.60625000000000000e+02 3.64093973253162265e-04 1.96925049687779457e-06
 2.60625000000000000e+02 2.61250000000000000e+02 3.62497773370322571e-04 2.08808064732244317e-06
 2.61250000000000000e+02 2.61875000000000000e+02 3.67344388142252468e-04 1.88013984956296884e-06
 2.61875000000000000e+02 2.62500000000000000e+02 3.70209840359100916e-04 2.18070019402327541e-06
 2.62500000000000000e+02 2.63125000000000000e+02 3.78370722442628342e-04 4.96561653095503301e-06
 2.63125000000000000e+02 2.63750000000000000e+02 3.74249150469854947e-04 2.15903067146404020e-06
 2.63750000000000000e+02 2.64375000000000000e+02 3.78124008968209015e-04 2.38597772999129590e-06
 2.64375000000000000e+02 2.65000000000000000e+02 3.82018714218010933e-04 2.85030789700593199e-06
 2.65000000000000000e+02 2.65625000000000000e+02 3.81369138262336422e-04 1.93959912637997775e-06
 2.65625000000000000e+02 2.66250000000000000e+02 3.87701022833147489e-04 2.38971549435802373e-06
 2.66250000000000000e+02 2.66875000000000000e+02 3.89508191443263801e-04 2.19962201870898406e-06
 2.66875000000000000e+02 2.67500000000000000e+02 3.93075060104153696e-04 2.50669699721022011e-06
 2.67500000000000000e+02 2.68125000000000000e+02 3.92532960275635120e-04 2.09783097643466574e-06
 2.68125000000000000e+02 2.68750000000000000e+02 3.99052543600246523e-04 2.28481702409846678e-06
 2.68750000000000000e+02 2.69375000000000000e+02 4.01595214058068993e-04 2.28763649807147260e-06
 2.69375000000000000e+02 2.70000000000000000e+02 3.98639696813844096e-04 2.05981451721484799e-06
 2.70000000000000000e+02 2.70625000000000000e+02 4.05247392093960942e-04 2.24664396577893271e-06
 2.70625000000000000e+02 2.71250000000000000e+02 4.08971729347943963e-04 2.93025553520832975e-06
 2.71250000000000000e+02 2.71875000000000000e+02 4.11040606203108647e-04 2.21735328686693260e-06
 2.71875000000000000e+02 2.72500000000000000e+02 4.12908313390223953e-04 2.11362454333090545e-06
 2.72500000000000000e+02 2.73125000000000000e+02 4.19565351719494999e-04 2.30394177152214805e-06
 2.73125000000000000e+02 2.73750000000000000e+02 4.20703392070615530e-04 2.49596239197546639e-06
 2.73750000000000000e+02 2.74375000000000000e+02 4.21335061700267024e-04 2.13985675728341869e-06
 2.74375000000000000e+02 2.75000000000000000e+02 4.30236511751830926e-04 3.52101913286530365e-06
 2.75000000000000000e+02 2.75625000000000000e+02 4.33005074730036590e-04 2.51088781134806988e-06
 2.75625000000000000e+02 2.76250000000000000e+02 4.26354378468425806e-04 2.77411566816090060e-06
 2.76250000000000000e+02 2.76875000000000000e+02 4.37677180748118923e-04 3.06620491235532863e-06
 2.76875000000000000e+02 2.77500000000000000e+02 4.35007398155547599e-04 2.16494259372886639e-06
 2.77500000000000000e+02 2.78125000000000000e+02 4.38250181135947930e-04 2.49823538603532371e-06
 2.78125000000000000e+02 2.78750000000000000e+02 4.47454663744253694e-04 2.71332869375121418e-06
 2.78750000000000000e+02 2.79375000000000000e+02 4.42591052995667579e-04 2.17366979343431365e-06
 2.79375000000000000e+02 2.80000000000000000e+02 4.47949141461355383e-04 2.40455481208876970e-06
 2.80000000000000000e+02 2.80625000000000000e+02 4.56836374486688148e-04 4.55191994712894470e-06
 2.80625000000000000e+02 2.81250000000000000e+02 4.55486673730102370e-04 3.26053129626271868e-06
 2.81250000000000000e+02 2.81875000000000000e+02 4.60900458768645613e-04 3.03084163818348757e-06
 2.81875000000000000e+02 2.82500000000000000e+02 4.57275629988828291e-04 2.37997887921959903e-06
 2.82500000000000000e+02 2.83125000000000000e+02 4.59051121363495567e-04 2.23440173076598150e-06
 2.83125000000000000e+02 2.83750000000000000e+02 4.61514452792117656e-04 2.29900453478226930e-06
 2.83750000000000000e+02 2.84375000000000000e+02 4.64122746588738124e-04 2.18158426260632554e-06
 2.84375000000000000e+02 2.85000000000000000e+02 4.71278314876070038e-04 2.43680510840215092e-06
 2.85000000000000000e+02 2.85625000000000000e+02 4.79139217801401759e-04 3.02646628154510522e-06
 2.85625000000000000e+02 2.86250000000000000e+02 4.80127027369536060e-04 2.65842931078339965e-06
 2.86250000000000000e+02 2.86875000000000000e+02 4.78773360340623488e-04 2.41473576137008644e-06
 2.86875000000000000e+02 2.87500000000000000e+02 4.80845874322494160e-04 2.66462355890609738e-06
 2.87500000000000000e+02 2.88125000000000000e+02 4.92679138017225026e-04 3.54914750927688607e-06
 2.88125000000000000e+02 2.88750000000000000e+02 4.91189447436872441e-04 2.41042663629249773e-06
 2.88750000000000000e+02 2.89375000000000000e+02 4.98237029343843551e-04 2.41602904480454084e-06
 2.89375000000000000e+02 2.90000000000000000e+02 4.95591064250188915e-04 2.48891590158362686e-06
 2.90000000000000000e+02 2.90625000000000000e+02 4.97633293217364923e-04 2.52905462986665374e-06
 2.90625000000000000e+02 2.91250000000000000e+02 5.09128439165163946e-04 2.64779641869007203e-06
 2.91250000000000000e+02 2.91875000000000000e+02 5.04357398477085295e-04 2.49442328343688399e-06
 2.91875000000000000e+02 2.92500000000000000e+02 5.12117394201383859e-04 2.70030614900359563e-06
 2.92500000000000000e+02 2.93125000000000000e+02 5.12731978935022665e-04 2.46447093188199845e-06
 2.93125000000000000e+02 2.93750000000000000e+02 5.24915605061705855e-04 6.95614759409858854e-06
 2.93750000000000000e+02 2.94375000000000000e+02 5.19145486211134224e-04 3.82422440409999453e-06
 2.94375000000000000e+02 2.95000000000000000e+02 5.25587077388109695e-04 2.48395274357874802e-06
 2.95000000000000000e+02 2.95625000000000000e+02 5.27262087099581475e-04 2.55225491093969689e-06
 2.95625000000000000e+02 2.96250000000000000e+02 5.37233366535173765e-04 3.83186747944204699e-06
 2.96250000000000000e+02 2.96875000000000000e+02 5.33782665796317065e-04 2.84915712947131157e-06
 2.96875000000000000e+02 2.97500000000000000e+02 5.46529659009243360e-04 5.47276726393564940e-06
 2.97500000000000000e+02 2.98125000000000000e+02 5.40447682405666586e-04 2.57348271688281500e-06
 2.98125000000000000e+02 2.98750000000000000e+02 5.48174603781361402e-04 2.60079707217427800e-06
 2.98750000000000000e+02 2.99375000000000000e+02 5.48657949464273292e-04 2.39307162045793521e-06
 2.99375000000000000e+02 3.00000000000000000e+02 5.52442942982713718e-04 2.53134753895062474e-06
 3.00000000000000000e+02 3.00625000000000000e+02 5.59065680206232026e-04 2.74058538942890478e-06
 3.00625000000000000e+02 3.01250000000000000e+02 5.62900568953158967e-04 2.68056219534058304e-06
 3.01250000000000000e+02 3.01875000000000000e+02 5.63362196990552103e-04 2.68580620810927217e-06
 3.01875000000000000e+02 3.02500000000000000e+02 5.71493072531660431e-04 3.26366137213909069e-06
 3.02500000000000000e+02 3.03125000000000000e+02 5.70161609645771492e-04 2.61610864794822369e-06
 3.03125000000000000e+02 3.03750000000000000e+02 6.06985576485364318e-04 3.28968325520424552e-05
 3.03750000000000000e+02 3.04375000000000000e+02 5.79748839530029743e-04 3.18869876622254608e-06
 3.04375000000000000e+02 3.05000000000000000e+02 5.77665259467776250e-04 2.56119680042763218e-06
 3.05000000000000000e+02 3.05625000000000000e+02 5.85913609888731070e-04 2.52438689938399936e-06
 3.05625000000000000e+02 3.06250000000000000e+02 5.87249345239077209e-04 2.87457971549018451e-06
 3.06250000000000000e+02 3.06875000000000000e+02 5.98698870282449776e-04 2.56949374830001092e-06
 3.06875000000000000e+02 3.07500000000000000e+02 5.99623542054243046e-04 3.08789758299239526e-06
 3.07500000000000000e+02 3.08125000000000000e+02 6.01223772400017223e-04 2.73143414629535848e-06
 3.08125000000000000e+02 3.08750000000000000e+02 6.05402026144817324e-04 2.65430833835300533e-06
 3.08750000000000000e+02 3.09375000000000000e+02 6.08574458881897505e-04 3.82661113213478757e-06
 3.09375000000000000e+02 3.10000000000000000e+02 6.07553391120341344e-04 2.65253539919318724e-06
 3.10000000000000000e+02 3.10625000000000000e+02 6.28242694703401569e-04 8.50248871850342160e-06
 3.10625000000000000e+02 3.11250000000000000e+02 6.24546948341756706e-04 2.66404845450932561e-06
 3.11250000000000000e+02 3.11875000000000000e+02 6.29109823693206724e-04 2.92878682745850866e-06
 3.11875000000000000e+02 3.12500000000000000e+02 6.27707860107212042e-04 2.80762876098541627e-06
 3.12500000000000000e+02 3.13125000000000000e+02 6.33104592767001610e-04 3.55592316656290134e-06
 3.13125000000000000e+02 3.13750000000000000e+02 6.41849255962858873e-04 3.05403758688323522e-06
 3.13750000000000000e+02 3.14375000000000000e+02 6.46697369220378885e-04 3.23540464454242411e-06
 3.14375000000000000e+02 3.15000000000000000e+02 6.47028826833503370e-04 2.65616387589337117e-06
 3.15000000000000000e+02 3.15625000000000000e+02 6.46242024656585798e-04 2.73443655285177046e-06
 3.15625000000000000e+02 3.16250000000000000e+02 6.58698342223999018e-04 6.95364182219083916e-06
 3.16250000000000000e+02 3.16875000000000000e+02 6.54255007934581882e-04 2.53384667705782229e-06
 3.16875000000000000e+02 3.17500000000000000e+02 6.57399763295973328e-04 2.50132200183192671e-06
 3.17500000000000000e+02 3.18125000000000000e+02 6.66601632638483548e-04 3.48697756360661139e-06
 3.18125000000000000e+02 3.18750000000000000e+02 6.73527195560671868e-04 2.68591265482743254e-06
 3.18750000000000000e+02 3.19375000000000000e+02 6.74686620299405236e-04 3.21566401486927867e-06
 3.19375000000000000e+02 3.20000000000000000e+02 6.80951694835982323e-04 2.72964718102352002e-06
 3.20000000000000000e+02 3.20625000000000000e+02 6.84582442092578785e-04 2.70601748247497892e-06
 3.20625000000000000e+02 3.21250000000000000e+02 6.90117682383460901e-04 3.19854631146724955e-06
 3.21250000000000000e+02 3.21875000000000000e+02 6.87501650014723229e-04 2.63708705341518174e-06
 3.21875000000000000e+02 3.22500000000000000e+02 6.90897416960528925e-04 2.64060841361367716e-06
 3.22500000000000000e+02 3.23125000000000000e+02 6.97656933749913818e-04 2.81703561081280952e-06
 3.23125000000000000e+02 3.23750000000000000e+02 7.00906000297582760e-04 2.83666414894576803e-06
 3.23750000000000000e+02 3.24375000000000000e+02 7.08350637911120038e-04 2.97517708816632955e-06
 3.24375000000000000e+02 3.25000000000000000e+02 7.13508985494878370e-04 2.73004457099100252e-06
 3.25000000000000000e+02 3.25625000000000000e+02 7.20394826114725958e-04 3.06324743052954049e-06
 3.25625000000000000e+02 3.26250000000000000e+02 7.20553566866435815e-04 2.98829068820700462e-06
 3.26250000000000000e+02 3.26875000000000000e+02 7.30885967885144990e-04 4.09633594664730916e-06
 3.26875000000000000e+02 3.27500000000000000e+02 7.35317430605037067e-04 3.72578740126770085e-06
 3.27500000000000000e+02 3.28125000000000000e+02 7.42085784224424190e-04 3.61458044304517140e-06
 3.28125000000000000e+02 3.28750000000000000e+02 7.38729060679639408e-04 4.00135156308785688e-06
 3.28750000000000000e+02 3.29375000000000000e+02 7.44765888936682933e-04 2.90797470769299301e-06
 3.29375000000000000e+02 3.30000000000000000e+02 7.52401290096012948e-04 3.59698375112964735e-06
 3.30000000000000000e+02 3.30625000000000000e+02 7.57357277162184106e-04 3.06241074230621078e-06
 3.30625000000000000e+02 3.31250000000000000e+02 7.62019515711610633e-04 2.91357659587993113e-06
 3.31250000000000000e+02 3.31875000000000000e+02 7.63166477125212404e-04 2.60487149449149592e-06
 3.31875000000000000e+02 3.32500000000000000e+02 7.67645801225653492e-04 2.89967780914407673e-06
 3.32500000000000000e+02 3.33125000000000000e+02 7.76090673767323947e-04 3.17971917722325610e-06
 3.33125000000000000e+02 3.33750000000000000e+02 7.75681368392319866e-04 2.91144376367260326e-06
 3.33750000000000000e+02 3.34375000000000000e+02 7.83034562755517151e-04 2.82802366427962097e-06
 3.34375000000000000e+02 3.35000000000000000e+02 7.87871891134772195e-04 3.22873038771876961e-06
 3.35000000000000000e+02 3.35625000000000000e+02 7.89006991631731563e-04 3.01725999349634980e-06
 3.35625000000000000e+02 3.36250000000000000e+02 7.99968003391518046e-04 2.89503029772720099e-06
 3.36250000000000000e+02 3.36875000000000000e+02 8.05528990735313683e-04 3.09093245158999191e-06
 3.36875000000000000e+02 3.37500000000000000e+02 8.13327510023754432e-04 5.63283111594124587e-06
 3.37500000000000000e+02 3.38125000000000000e+02 8.16989545080260503e-04 3.52320063543109474e-06
 3.38125000000000000e+02 3.38750000000000000e+02 8.23606813475272442e-04 3.01064158629350528e-06
 3.38750000000000000e+02 3.39375000000000000e+02 8.24562594076025932e-04 3.05153034433819134e-06
 3.39375000000000000e+02 3.40000000000000000e+02 8.29838394381248205e-04 3.48757909585338860e-06
 3.40000000000000000e+02 3.40625000000000000e+02 8.43668460060753599e-04 3.20275710914323604e-06
 3.40625000000000000e+02 3.41250000000000000e+02 8.40676188751323869e-04 3.06094427714974250e-06
 3.41250000000000000e+02 3.41875000000000000e+02 8.46881864308364420e-04 3.31633590719309284e-06
 3.41875000000000000e+02 3.42500000000000000e+02 8.55086843840674113e-04 3.15467376575384669e-06
 3.42500000000000000e+02 3.43125000000000000e+02 8.52591172361074831e-04 3.06447071316720728e-06
 3.43125000000000000e+02 3.43750000000000000e+02 8.68733623076009521e-04 3.98540457342839238e-06
 3.43750000000000000e+02 3.44375000000000000e+02 8.76523892852526325e-04 5.23421195508199540e-06
 3.44375000000000000e+02 3.45000000000000000e+02 8.76016907899754152e-04 3.02546088181394907e-06
 3.45000000000000000e+02 3.45625000000000000e+02 8.83285478544143911e-04 3.06710997269634663e-06
 3.45625000000000000e+02 3.46250000000000000e+02 8.89465541619065768e-04 4.57216759246737944e-06
 3.46250000000000000e+02 3.46875000000000000e+02 8.97039714092587553e-04 3.32145410061013967e-06
 3.46875000000000000e+02 3.47500000000000000e+02 8.97127252629284304e-04 2.98284389606101140e-06
 3.47500000000000000e+02 3.48125000000000000e+02 9.04842660264802679e-04 3.06125936338632611e-06
 3.48125000000000000e+02 3.48750000000000000e+02 9.16810312123796101e-04 5.91125628480242044e-06
 3.48750000000000000e+02 3.49375000000000000e+02 9.21650785298327004e-04 8.09803667971190322e-06
 3.49375000000000000e+02 3.50000000000000000e+02 9.20944414828745719e-04 3.07738340555270912e-06
 3.50000000000000000e+02 3.50625000000000000e+02 9.29023317096786395e-04 3.23421761991566713e-06
 3.50625000000000000e+02 3.51250000000000000e+02 9.42589853627132492e-04 3.94072416141711470e-06
 3.51250000000000000e+02 3.51875000000000000e+02 9.40749966723281234e-04 3.10273024125705699e-06
 3.51875000000000000e+02 3.52500000000000000e+02 9.47082622541555873e-04 3.15734064895275525e-06
 3.52500000000000000e+02 3.53125000000000000e+02 9.56925544111295804e-04 4.05238603659526691e-06
 3.53125000000000000e+02 3.53750000000000000e+02 9.63414361817790357e-04 3.89553347969094364e-06
 3.53750000000000000e+02 3.54375000000000000e+02 9.67548171433013984e-04 3.47483113984561898e-06
 3.54375000000000000e+02 3.55000000000000000e+02 9.83676425886580727e-04 1.11129986269470362e-05
 3.55000000000000000e+02 3.55625000000000000e+02 9.85436765903751353e-04 5.78773180369227319e-06
 3.55625000000000000e+02 3.56250000000000000e+02 9.84843943494820686e-04 3.07173631603168515e-06
 3.56250000000000000e+02 3.56875000000000000e+02 9.98818871168958211e-04 3.15033084367718623e-06
 3.56875000000000000e+02 3.57500000000000000e+02 1.00633261120890117e-03 3.23569527648756954e-06
 3.57500000000000000e+02 3.58125000000000000e+02 1.01308130231718028e-03 3.47312035451718961e-06
 3.58125000000000000e+02 3.58750000000000000e+02 1.01400702467887953e-03 3.80049322316262393e-06
 3.58750000000000000e+02 3.59375000000000000e+02 1.05401794068225884e-03 2.53911433777488161e-05
 3.59375000000000000e+02 3.60000000000000000e+02 1.03325481885356367e-03 3.76624262628936411e-06
 3.60000000000000000e+02 3.60625000000000000e+02 1.03894900468708118e-03 3.79818841812113421e-06
 3.60625000000000000e+02 3.61250000000000000e+02 1.04550565459117636e-03 3.58071685226464572e-06
 3.61250000000000000e+02 3.61875000000000000e+02 1.05026402533194528e-03 3.28583282015146261e-06
 3.61875000000000000e+02 3.62500000000000000e+02 1.06290523546669308e-03 3.07013894740628780e-06
 3.62500000000000000e+02 3.63125000000000000e+02 1.06406501310638110e-03 3.75067419201592371e-06
 3.63125000000000000e+02 3.63750000000000000e+02 1.07195607125080473e-03 3.36646074272098002e-06
 3.63750000000000000e+02 3.64375000000000000e+02 1.08149791626155388e-03 3.72907693409905752e-06
 3.64375000000000000e+02 3.65000000000000000e+02 1.09073168079308700e-03 5.68017655012139603e-06
 3.65000000000000000e+02 3.65625000000000000e+02 1.10287365841998876e-03 3.55993580397433137e-06
 3.65625000000000000e+02 3.66250000000000000e+02 1.10939216540757550e-03 3.51609334156530384e-06
 3.66250000000000000e+02 3.66875000000000000e+02 1.11735995117378866e-03 3.83815256322828208e-06
 3.66875000000000000e+02 3.67500000000000000e+02 1.11898919151391966e-03 3.32427157517816067e-06
 3.67500000000000000e+02 3.68125000000000000e+02 1.13286772507934191e-03 3.49266008032525521e-06
 3.68125000000000000e+02 3.68750000000000000e+02 1.13678802887318348e-03 3.33390698642056763e-06
 3.68750000000000000e+02 3.69375000000000000e+02 1.15043935158178523e-03 3.46902769326575037e-06
 3.69375000000000000e+02 3.70000000000000000e+02 1.16404183502654660e-03 5.38124176926267978e-06
 3.70000000000000000e+02 3.70625000000000000e+02 1.16580363700368545e-03 3.57918599896502231e-06
 3.70625000000000000e+02 3.71250000000000000e+02 1.17396979348090595e-03 3.40108754092715003e-06
 3.71250000000000000e+02 3.71875000000000000e+02 1.18219974340308290e-03 3.57949588111689476e-06
 3.71875000000000000e+02 3.72500000000000000e+02 1.18485002920800764e-03 3.35349166756046064e-06
 3.72500000000000000e+02 3.73125000000000000e+02 1.20018866074191781e-03 3.33469928825208461e-06
 3.73125000000000000e+02 3.73750000000000000e+02 1.20723262218486518e-03 4.46777318856085817e-06
 3.73750000000000000e+02 3.74375000000000000e+02 1.21680846294403250e-03 3.21895996622986044e-06
 3.74375000000000000e+02 3.75000000000000000e+02 1.23022510613053052e-03 4.36077900609151270e-06
 3.75000000000000000e+02 3.75625000000000000e+02 1.23481066795145069e-03 3.60031908336669109e-06
 3.75625000000000000e+02 3.76250000000000000e+02 1.25183466975672649e-03 5.58411514539435887e-06
 3.76250000000000000e+02 3.76875000000000000e+02 1.25884929649201695e-03 4.49889165497145768e-06
 3.76875000000000000e+02 3.77500000000000000e+02 1.27236358097468382e-03 5.33504325955326844e-06
 3.77500000000000000e+02 3.78125000000000000e+02 1.28269399155993562e-03 4.76250519673750940e-06
 3.78125000000000000e+02 3.78750000000000000e+02 1.28945682441371071e-03 4.13586167438456838e-06
 3.78750000000000000e+02 3.79375000000000000e+02 1.29497880267904933e-03 4.39187512125738038e-06
 3.79375000000000000e+02 3.80000000000000000e+02 1.30501512103885675e-03 3.54452996405887595e-06
 3.80000000000000000e+02 3.80625000000000000e+02 1.31768043225165862e-03 3.77355525939502332e-06
 3.80625000000000000e+02 3.81250000000000000e+02 1.32633409820517270e-03 3.82127615335528326e-06
 3.81250000000000000e+02 3.81875000000000000e+02 1.33031561753262409e-03 3.47111764532625767e-06
 3.81875000000000000e+02 3.82500000000000000e+02 1.35315245348615102e-03 3.86921965795625593e-06
 3.82500000000000000e+02 3.83125000000000000e+02 1.36113829093101541e-03 5.88415484469754478e-06
 3.83125000000000000e+02 3.83750000000000000e+02 1.37592579363012696e-03 4.37275328088325273e-06
 3.83750000000000000e+02 3.84375000000000000e+02 1.38092382522548023e-03 3.95105412426826231e-06
 3.84375000000000000e+02 3.85000000000000000e+02 1.38886559260538900e-03 4.01802247715042078e-06
 3.85000000000000000e+02 3.85625000000000000e+02 1.40043940339166324e-03 4.26693129902040322e-06
 3.85625000000000000e+02 3.86250000000000000e+02 1.41205150216525978e-03 4.80737449927554305e-06
 3.86250000000000000e+02 3.86875000000000000e+02 1.42261429213232939e-03 3.78587842659973313e-06
 3.86875000000000000e+02 3.87500000000000000e+02 1.43750702476514347e-03 4.03757035599030797e-06
 3.87500000000000000e+02 3.88125000000000000e+02 1.45394273421496742e-03 6.39837836950305139e-06
 3.88125000000000000e+02 3.88750000000000000e+02 1.45982040389467391e-03 3.91703092078519306e-06
 3.88750000000000000e+02 3.89375000000000000e+02 1.46994134712022514e-03 4.29854320384837520e-06
 3.89375000000000000e+02 3.90000000000000000e+02 1.49054428298334889e-03 3.95566482743535257e-06
 3.90000000000000000e+02 3.90625000000000000e+02 1.49413969568815011e-03 3.95834699818741227e-06
 3.90625000000000000e+02 3.91250000000000000e+02 1.51329532300818509e-03 4.11444224575350164e-06
 3.91250000000000000e+02 3.91875000000000000e+02 1.53500378877830294e-03 4.49910946593566200e-06
 3.91875000000000000e+02 3.92500000000000000e+02 1.54100842088550414e-03 5.48919874993463427e-06
 3.92500000000000000e+02 3.93125000000000000e+02 1.55681208814242421e-03 4.81968626458588415e-06
 3.93125000000000000e+02 3.93750000000000000e+02 1.56393922068973740e-03 4.49387643583621765e-06
 3.93750000000000000e+02 3.94375000000000000e+02 1.57150132154994498e-03 4.52857196663138714e-06
 3.94375000000000000e+02 3.95000000000000000e+02 1.59832147776872171e-03 5.67163201204944610e-06
 3.95000000000000000e+02 3.95625000000000000e+02 1.61111110827516025e-03 1.75510275586981165e-05
 3.95625000000000000e+02 3.96250000000000000e+02 1.60119217937682349e-03 6.88013700357644496e-06
 3.96250000000000000e+02 3.96875000000000000e+02 1.59960228113387995e-03 5.31287939940029666e-06
 3.96875000000000000e+02 3.97500000000000000e+02 1.58500777751991156e-03 5.61860767765678393e-06
 3.97500000000000000e+02 3.98125000000000000e+02 1.58099977885455402e-03 9.63820034171343867e-06
 3.98125000000000000e+02 3.98750000000000000e+02 1.56334043116452930e-03 4.47044256807353331e-06
 3.98750000000000000e+02 3.99375000000000000e+02 1.55853623138719447e-03 4.69222381603520326e-06
 3.99375000000000000e+02 4.00000000000000000e+02 1.55367501480182407e-03 5.20237876759901419e-06
 4.00000000000000000e+02 4.00625000000000000e+02 1.54891008185545267e-03 5.80341499498411947e-06
 4.00625000000000000e+02 4.01250000000000000e+02 1.54243662126574794e-03 5.30492169437416150e-06
 4.01250000000000000e+02 4.01875000000000000e+02 1.53341471529696714e-03 5.24290962985649125e-06
 4.01875000000000000e+02 4.02500000000000000e+02 1.53473421755327450e-03 5.81552385190554838e-06
 4.02500000000000000e+02 4.03125000000000000e+02 1.51294503273238681e-03 5.33668090479409620e-06
 4.03125000000000000e+02 4.03750000000000000e+02 1.50379314507830984e-03 4.85820175454029070e-06
 4.03750000000000000e+02 4.04375000000000000e+02 1.51103212315515647e-03 5.26479933283547231e-06
 4.04375000000000000e+02 4.05000000000000000e+02 1.49632495825069585e-03 4.30741838114598456e-06
 4.05000000000000000e+02 4.05625000000000000e+02 1.48240394774743693e-03 4.20202879593806031e-06
 4.05625000000000000e+02 4.06250000000000000e+02 1.47991326960904127e-03 4.81191971505993021e-06
 4.06250000000000000e+02 4.06875000000000000e+02 1.47655807518715207e-03 5.00352887545554730e-06
 4.06875000000000000e+02 4.07500000000000000e+02 1.47808576659493995e-03 5.91687262320873894e-06
 4.07500000000000000e+02 4.08125000000000000e+02 1.46907127731762325e-03 4.82328597021280494e-06
 4.08125000000000000e+02 4.08750000000000000e+02 1.45765001460350352e-03 4.16009889056296794e-06
 4.08750000000000000e+02 4.09375000000000000e+02 1.46477123550377308e-03 7.18598561742129145e-06
 4.09375000000000000e+02 4.10000000000000000e+02 1.45560486756980928e-03 4.46210211444394083e-06
 4.10000000000000000e+02 4.10625000000000000e+02 1.44874265041326842e-03 3.78859193351687675e-06
 4.10625000000000000e+02 4.11250000000000000e+02 1.43591224400703736e-03 4.16804633225317358e-06
 4.11250000000000000e+02 4.11875000000000000e+02 1.44322899086023692e-03 4.36532150967682204e-06
 4.11875000000000000e+02 4.12500000000000000e+02 1.43815061547690861e-03 5.86445327061096532e-06
 4.12500000000000000e+02 4.13125000000000000e+02 1.43493925674132946e-03 6.90036667817835260e-06
 4.13125000000000000e+02 4.13750000000000000e+02 1.42956122864583922e-03 4.09642174665134057e-06
 4.13750000000000000e+02 4.14375000000000000e+02 1.41998900193078580e-03 4.89705399443214590e-06
 4.14375000000000000e+02 4.15000000000000000e+02 1.42049203422106390e-03 4.53179156462510170e-06
 4.15000000000000000e+02 4.15625000000000000e+02 1.42015033116568083e-03 5.51941749438788791e-06
 4.15625000000000000e+02 4.16250000000000000e+02 1.40749500997508145e-03 3.92102750077923859e-06
 4.16250000000000000e+02 4.16875000000000000e+02 1.40816165140807722e-03 3.87503312571541244e-06
 4.16875000000000000e+02 4.17500000000000000e+02 1.41267872193534885e-03 4.45495924250699991e-06
 4.17500000000000000e+02 4.18125000000000000e+02 1.40562018298236494e-03 4.15422615362773048e-06
 4.18125000000000000e+02 4.18750000000000000e+02 1.39896044856840907e-03 3.74129034818972586e-06
 4.18750000000000000e+02 4.19375000000000000e+02 1.39590314544717729e-03 4.14323390578042995e-06
 4.19375000000000000e+02 4.20000000000000000e+02 1.40211040511704433e-03 5.42858589552934834e-06
 4.20000000000000000e+02 4.20625000000000000e+02 1.39366685762503631e-03 4.48251711091668223e-06
 4.20625000000000000e+02 4.21250000000000000e+02 1.38534332214310454e-03 3.92242392432742470e-06
 4.21250000000000000e+02 4.21875000000000000e+02 1.38152944723477292e-03 3.78751701341003291e-06
 4.21875000000000000e+02 4.22500000000000000e+02 1.38662696551506218e-03 4.23498603291681941e-06
 4.22500000000000000e+02 4.23125000000000000e+02 1.38274093698969257e-03 4.04811968701064995e-06
 4.23125000000000000e+02 4.23750000000000000e+02 1.39208174610371796e-03 4.98123052119850632e-06
 4.23750000000000000e+02 4.24375000000000000e+02 1.37798591217395353e-03 4.01633760466445459e-06
 4.24375000000000000e+02 4.25000000000000000e+02 1.38055179121900399e-03 4.34088595528280588e-06
 4.25000000000000000e+02 4.25625000000000000e+02 1.37317637747293056e-03 3.91569167248308652e-06
 4.25625000000000000e+02 4.26250000000000000e+02 1.38256416172628164e-03 5.35115706140142807e-06
 4.26250000000000000e+02 4.26875000000000000e+02 1.38382974108239125e-03 5.07796476546320198e-06
 4.26875000000000000e+02 4.27500000000000000e+02 1.37950315911653334e-03 4.51591501659119054e-06
 4.27500000000000000e+02 4.28125000000000000e+02 1.37382458901245063e-03 4.11374310376552834e-06
 4.28125000000000000e+02 4.28750000000000000e+02 1.37647093213751201e-03 4.12226027835104647e-06
 4.28750000000000000e+02 4.29375000000000000e+02 1.37179844349370208e-03 4.28519007226000571e-06
 4.29375000000000000e+02 4.30000000000000000e+02 1.37767946057759639e-03 4.19993106488619831e-06
 4.30000000000000000e+02 4.30625000000000000e+02 1.37349720168436127e-03 4.48455120334569567e-06
 4.30625000000000000e+02 4.31250000000000000e+02 1.37607193276725447e-03 3.84402067757850434e-06
 4.31250000000000000e+02 4.31875000000000000e+02 1.37777192570024310e-03 5.25874961703520442e-06
 4.31875000000000000e+02 4.32500000000000000e+02 1.38678927609369395e-03 5.43564938236251642e-06
 4.32500000000000000e+02 4.33125000000000000e+02 1.37874305889507933e-03 4.09485811878910804e-06
 4.33125000000000000e+02 4.33750000000000000e+02 1.38261269433614725e-03 4.07919589362071684e-06
 4.33750000000000000e+02 4.34375000000000000e+02 1.37988627061093436e-03 3.97004331374409472e-06
 4.34375000000000000e+02 4.35000000000000000e+02 1.38419791595466453e-03 4.25441571831845298e-06
 4.35000000000000000e+02 4.35625000000000000e+02 1.38498507753693221e-03 4.63613902771075527e-06
 4.35625000000000000e+02 4.36250000000000000e+02 1.39194950925635255e-03 8.00967737917592106e-06
 4.36250000000000000e+02 4.36875000000000000e+02 1.38789984684787541e-03 4.30904661981291062e-06
 4.36875000000000000e+02 4.37500000000000000e+02 1.39479974030510688e-03 7.20447716849444065e-06
 4.37500000000000000e+02 4.38125000000000000e+02 1.39003116730211803e-03 4.38112803671115015e-06
 4.38125000000000000e+02 4.38750000000000000e+02 1.37970925534260688e-03 4.30311731131917233e-06
 4.38750000000000000e+02 4.39375000000000000e+02 1.39452163061768212e-03 4.01625319792937676e-06
 4.39375000000000000e+02 4.40000000000000000e+02 1.39451997894941685e-03 5.42508645271335202e-06
 4.40000000000000000e+02 4.40625000000000000e+02 1.40179969534851728e-03 4.55999353616453850e-06
 4.40625000000000000e+02 4.41250000000000000e+02 1.39429443061279447e-03 4.11502362962926548e-06
 4.41250000000000000e+02 4.41875000000000000e+02 1.40311057198114555e-03 4.06486886193798083e-06
 4.41875000000000000e+02 4.42500000000000000e+02 1.40156401949569662e-03 4.30310754668396088e-06
 4.42500000000000000e+02 4.43125000000000000e+02 1.40373790370181060e-03 5.48097736308590678e-06
 4.43125000000000000e+02 4.43750000000000000e+02 1.41418572152164287e-03 4.74505013660684750e-06
 4.43750000000000000e+02 4.44375000000000000e+02 1.41009289263197436e-03 4.44880062693592738e-06
 4.44375000000000000e+02 4.45000000000000000e+02 1.41491300773455308e-03 4.09137963726291315e-06
 4.45000000000000000e+02 4.45625000000000000e+02 1.42189153258726812e-03 4.28375019653283088e-06
 4.45625000000000000e+02 4.46250000000000000e+02 1.43746293416090382e-03 5.90878721471723835e-06
 4.46250000000000000e+02 4.46875000000000000e+02 1.42911811732170080e-03 5.80183991490281073e-06
 4.46875000000000000e+02 4.47500000000000000e+02 1.44680906709402507e-03 5.61908788496722248e-06
 4.47500000000000000e+02 4.48125000000000000e+02 1.43300250686185160e-03 5.04690765878328393e-06
 4.48125000000000000e+02 4.48750000000000000e+02 1.44690176994367826e-03 7.41362820258941981e-06
 4.48750000000000000e+02 4.49375000000000000e+02 1.45085392897011285e-03 4.24524786108218962e-06
 4.49375000000000000e+02 4.50000000000000000e+02 1.45283066753433381e-03 4.44880678550190262e-06
 4.50000000000000000e+02 4.50625000000000000e+02 1.46634674692711531e-03 6.14965658727475709e-06
 4.50625000000000000e+02 4.51250000000000000e+02 1.45764843854866676e-03 4.53858716111795057e-06
 4.51250000000000000e+02 4.51875000000000000e+02 1.46935768958948092e-03 4.94694296908461386e-06
 4.51875000000000000e+02 4.52500000000000000e+02 1.47598283943614476e-03 5.18436325797156022e-06
 4.52500000000000000e+02 4.53125000000000000e+02 1.48026308245592739e-03 4.49717408275245379e-06
 4.53125000000000000e+02 4.53750000000000000e+02 1.48522008171519167e-03 5.86338317208668958e-06
 4.53750000000000000e+02 4.54375000000000000e+02 1.49256480604923261e-03 4.92735479928858208e-06
 4.54375000000000000e+02 4.55000000000000000e+02 1.49811678248668685e-03 5.79697296587798079e-06
 4.55000000000000000e+02 4.55625000000000000e+02 1.50480042247987220e-03 5.51290975655873301e-06
 4.55625000000000000e+02 4.56250000000000000e+02 1.51585690166818033e-03 5.38925555163814406e-06
 4.56250000000000000e+02 4.56875000000000000e+02 1.51390671025463438e-03 4.91804158956588848e-06
 4.56875000000000000e+02 4.57500000000000000e+02 1.51133301355338271e-03 4.76176225865926689e-06
 4.57500000000000000e+02 4.58125000000000000e+02 1.53027521097055309e-03 5.58535580463689181e-06
 4.58125000000000000e+02 4.58750000000000000e+02 1.52938017456325545e-03 4.83316757268762076e-06
 4.58750000000000000e+02 4.59375000000000000e+02 1.54271018480336974e-03 4.79982634006948510e-06
 4.59375000000000000e+02 4.60000000000000000e+02 1.55529071335580951e-03 5.44117485882124900e-06
 4.60000000000000000e+02 4.60625000000000000e+02 1.55487049593705995e-03 5.19147797748561354e-06
 4.60625000000000000e+02 4.61250000000000000e+02 1.55343255269672540e-03 4.93763106090851692e-06
 4.61250000000000000e+02 4.61875000000000000e+02 1.56603912132933999e-03 4.82204679861187827e-06
 4.61875000000000000e+02 4.62500000000000000e+02 1.58077847258998204e-03 6.52606762238686170e-06
 4.62500000000000000e+02 4.63125000000000000e+02 1.58032807751179167e-03 5.77766732842768878e-06
 4.63125000000000000e+02 4.63750000000000000e+02 1.60406715404782076e-03 7.26284283261474654e-06
 4.63750000000000000e+02 4.64375000000000000e+02 1.60568922397283484e-03 5.84297950490791342e-06
 4.64375000000000000e+02 4.65000000000000000e+02 1.60753864231357358e-03 5.70681580586260881e-06
 4.65000000000000000e+02 4.65625000000000000e+02 1.62278554129919564e-03 6.30532794030291903e-06
 4.65625000000000000e+02 4.66250000000000000e+02 1.61631181117725671e-03 5.76091239146956958e-06
 4.66250000000000000e+02 4.66875000000000000e+02 1.63276535025199190e-03 7.87251603350756463e-06
 4.66875000000000000e+02 4.67500000000000000e+02 1.63117530452811248e-03 5.06556627121901179e-06
 4.67500000000000000e+02 4.68125000000000000e+02 1.65628594224340327e-03 7.22096658086219090e-06
 4.68125000000000000e+02 4.68750000000000000e+02 1.65738326718666896e-03 5.36396334485562168e-06
 4.68750000000000000e+02 4.69375000000000000e+02 1.66522333646605182e-03 5.53652857581853479e-06
 4.69375000000000000e+02 4.70000000000000000e+02 1.67473590192559053e-03 5.38084907699508747e-06
 4.70000000000000000e+02 4.70625000000000000e+02 1.68669307009383131e-03 5.78501423993793247e-06
 4.70625000000000000e+02 4.71250000000000000e+02 1.71004461180238390e-03 6.35199915257096777e-06
 4.71250000000000000e+02 4.71875000000000000e+02 1.71664860476281435e-03 6.80226887295532593e-06
 4.71875000000000000e+02 4.72500000000000000e+02 1.71582239065669914e-03 7.04287619676625013e-06
 4.72500000000000000e+02 4.73125000000000000e+02 1.71907476241494207e-03 5.82849670289968057e-06
 4.73125000000000000e+02 4.73750000000000000e+02 1.74621752162633500e-03 7.64359851149435402e-06
 4.73750000000000000e+02 4.74375000000000000e+02 1.73866605159900159e-03 6.73540436693441105e-06
 4.74375000000000000e+02 4.75000000000000000e+02 1.74131211309140350e-03 6.07774162908548297e-06
 4.75000000000000000e+02 4.75625000000000000e+02 1.75146166139036170e-03 7.07692441855954257e-06
 4.75625000000000000e+02 4.76250000000000000e+02 1.75836594407233508e-03 6.32033524788344513e-06
 4.76250000000000000e+02 4.76875000000000000e+02 1.77116565569328081e-03 6.81497450848142328e-06
 4.76875000000000000e+02 4.77500000000000000e+02 1.75869462375564663e-03 5.67066018760296832e-06
 4.77500000000000000e+02 4.78125000000000000e+02 1.76649961096052885e-03 1.08551071646389726e-05
 4.78125000000000000e+02 4.78750000000000000e+02 1.75656528551791299e-03 7.69494869165322961e-06
 4.78750000000000000e+02 4.79375000000000000e+02 1.74301249766448813e-03 6.08191738583052006e-06
 4.79375000000000000e+02 4.80000000000000000e+02 1.74654443264085722e-03 7.05400781041958358e-06
 4.80000000000000000e+02 4.80625000000000000e+02 1.72088651219650464e-03 5.79679007603575255e-06
 4.80625000000000000e+02 4.81250000000000000e+02 1.69262430961125698e-03 5.96444190621900819e-06
 4.81250000000000000e+02 4.81875000000000000e+02 1.66626459425052269e-03 5.35108134519937195e-06
 4.81875000000000000e+02 4.82500000000000000e+02 1.64563632607956463e-03 6.12986921415345260e-06
 4.82500000000000000e+02 4.83125000000000000e+02 1.58453434261979632e-03 6.05567277855921838e-06
 4.83125000000000000e+02 4.83750000000000000e+02 1.54096405071709624e-03 7.76534962138260172e-06
 4.83750000000000000e+02 4.84375000000000000e+02 1.44292537859915535e-03 6.25340837320708506e-06
 4.84375000000000000e+02 4.85000000000000000e+02 1.35194615064390677e-03 1.31544229737994551e-05
 4.85000000000000000e+02 4.85625000000000000e+02 1.20772309940136990e-03 7.01261872166071877e-06
 4.85625000000000000e+02 4.86250000000000000e+02 1.02880795016950500e-03 8.33715753034128003e-06
 4.86250000000000000e+02 4.86875000000000000e+02 8.04916166471243721e-04 8.20242042784749130e-06
 4.86875000000000000e+02 4.87500000000000000e+02 4.98248581255097403e-04 3.24937925307114758e-06
 4.87500000000000000e+02 4.88125000000000000e+02 1.77363279875192590e-04 1.61355588138448736e-06
 4.88125000000000000e+02 4.88750000000000000e+02 3.07116794711507261e-06 1.79005083685340172e-07
 4.88750000000000000e+02 4.89375000000000000e+02 0.00000000000000000e+00 0.00000000000000000e+00
 4.89375000000000000e+02 4.90000000000000000e+02 0.00000000000000000e+00 0.00000000000000000e+00
 4.90000000000000000e+02 4.90625000000000000e+02 0.00000000000000000e+00 0.00000000000000000e+00
 4.90625000000000000e+02 4.91250000000000000e+02 0.00000000000000000e+00 0.00000000000000000e+00
 4.91250000000000000e+02 4.91875000000000000e+02 0.00000000000000000e+00 0.00000000000000000e+00
 4.91875000000000000e+02 4.92500000000000000e+02 0.00000000000000000e+00 0.00000000000000000e+00
 4.92500000000000000e+02 4.93125000000000000e+02 0.00000000000000000e+00 0.00000000000000000e+00
 4.93125000000000000e+02 4.93750000000000000e+02 0.00000000000000000e+00 0.00000000000000000e+00
 4.93750000000000000e+02 4.94375000000000000e+02 0.00000000000000000e+00 0.00000000000000000e+00
 4.94375000000000000e+02 4.95000000000000000e+02 0.00000000000000000e+00 0.00000000000000000e+00
 4.95000000000000000e+02 4.95625000000000000e+02 0.00000000000000000e+00 0.00000000000000000e+00
 4.95625000000000000e+02 4.96250000000000000e+02 0.00000000000000000e+00 0.00000000000000000e+00
 4.96250000000000000e+02 4.96875000000000000e+02 0.00000000000000000e+00 0.00000000000000000e+00
 4.96875000000000000e+02 4.97500000000000000e+02 0.00000000000000000e+00 0.00000000000000000e+00
 4.97500000000000000e+02 4.98125000000000000e+02 0.00000000000000000e+00 0.00000000000000000e+00
 4.98125000000000000e+02 4.98750000000000000e+02 0.00000000000000000e+00 0.00000000000000000e+00
 4.98750000000000000e+02 4.99375000000000000e+02 0.00000000000000000e+00 0.00000000000000000e+00
 4.99375000000000000e+02 5.00000000000000000e+02 0.00000000000000000e+00 0.00000000000000000e+00
 5.00000000000000000e+02 5.00625000000000000e+02 0.00000000000000000e+00 0.00000000000000000e+00
 5.00625000000000000e+02 5.01250000000000000e+02 0.00000000000000000e+00 0.00000000000000000e+00
 5.01250000000000000e+02 5.01875000000000000e+02 0.00000000000000000e+00 0.00000000000000000e+00
 5.01875000000000000e+02 5.02500000000000000e+02 0.00000000000000000e+00 0.00000000000000000e+00
 5.02500000000000000e+02 5.03125000000000000e+02 0.00000000000000000e+00 0.00000000000000000e+00
 5.03125000000000000e+02 5.03750000000000000e+02 0.00000000000000000e+00 0.00000000000000000e+00
 5.03750000000000000e+02 5.04375000000000000e+02 0.00000000000000000e+00 0.00000000000000000e+00
 5.04375000000000000e+02 5.05000000000000000e+02 0.00000000000000000e+00 0.00000000000000000e+00
 5.05000000000000000e+02 5.05625000000000000e+02 0.00000000000000000e+00 0.00000000000000000e+00
 5.05625000000000000e+02 5.06250000000000000e+02 0.00000000000000000e+00 0.00000000000000000e+00
 5.06250000000000000e+02 5.06875000000000000e+02 0.00000000000000000e+00 0.00000000000000000e+00
 5.06875000000000000e+02 5.07500000000000000e+02 0.00000000000000000e+00 0.00000000000000000e+00
 5.07500000000000000e+02 5.08125000000000000e+02 0.00000000000000000e+00 0.00000000000000000e+00
 5.08125000000000000e+02 5.08750000000000000e+02 0.00000000000000000e+00 0.00000000000000000e+00
 5.08750000000000000e+02 5.09375000000000000e+02 0.00000000000000000e+00 0.00000000000000000e+00
 5.09375000000000000e+02 5.10000000000000000e+02 0.00000000000000000e+00 0.00000000000000000e+00
 5.10000000000000000e+02 5.10625000000000000e+02 0.00000000000000000e+00 0.00000000000000000e+00
 5.10625000000000000e+02 5.11250000000000000e+02 0.00000000000000000e+00 0.00000000000000000e+00
 5.11250000000000000e+02 5.11875000000000000e+02 0.00000000000000000e+00 0.00000000000000000e+00
 5.11875000000000000e+02 5.12500000000000000e+02 0.00000000000000000e+00 0.00000000000000000e+00
 5.12500000000000000e+02 5.13125000000000000e+02 0.00000000000000000e+00 0.00000000000000000e+00
 5.13125000000000000e+02 5.13750000000000000e+02 0.00000000000000000e+00 0.00000000000000000e+00
 5.13750000000000000e+02 5.14375000000000000e+02 0.00000000000000000e+00 0.00000000000000000e+00
 5.14375000000000000e+02 5.15000000000000000e+02 0.00000000000000000e+00 0.00000000000000000e+00

Histogram:lp-
 1.40000000000000000e+02 1.40625000000000000e+02 2.95418480666461656e-08 1.20935190403638558e-08
 1.40625000000000000e+02 1.41250000000000000e+02 3.66511948900695016e-07 7.70334757646260265e-08
 1.41250000000000000e+02 1.41875000000000000e+02 2.44719817116152863e-06 1.67124286511618194e-06
 1.41875000000000000e+02 1.42500000000000000e+02 1.57253396026830333e-06 2.28802195143804521e-07
 1.42500000000000000e+02 1.43125000000000000e+02 1.74303367982565782e-06 2.18823949852144819e-07
 1.43125000000000000e+02 1.43750000000000000e+02 2.03113646880966616e-06 2.05298384775789568e-07
 1.43750000000000000e+02 1.44375000000000000e+02 2.80508038823109648e-06 3.02576324688937589e-07
 1.44375000000000000e+02 1.45000000000000000e+02 2.47380327132921719e-06 2.60998010952308769e-07
 1.45000000000000000e+02 1.45625000000000000e+02 2.83093569463354842e-06 2.57622585710199228e-07
 1.45625000000000000e+02 1.46250000000000000e+02 3.54190972131157083e-06 3.30344778575787163e-07
 1.46250000000000000e+02 1.46875000000000000e+02 3.86110456204240205e-06 3.10215769773468122e-07
 1.46875000000000000e+02 1.47500000000000000e+02 4.20156946364597910e-06 3.93352531495875515e-07
 1.47500000000000000e+02 1.48125000000000000e+02 4.53038809768002789e-06 3.10144040556962690e-07
 1.48125000000000000e+02 1.48750000000000000e+02 5.06665446877822139e-06 3.69195626737492436e-07
 1.48750000000000000e+02 1.49375000000000000e+02 5.25473915746016792e-06 5.92835743768246200e-07
 1.49375000000000000e+02 1.50000000000000000e+02 6.44013245317431881e-06 4.31731208858464984e-07
 1.50000000000000000e+02 1.50625000000000000e+02 6.12022424038401607e-06 3.69757049158110703e-07
 1.50625000000000000e+02 1.51250000000000000e+02 7.71292504012436273e-06 9.32248738687408346e-07
 1.51250000000000000e+02 1.51875000000000000e+02 6.79895538727467636e-06 4.65623245527693031e-07
 1.51875000000000000e+02 1.52500000000000000e+02 2.41657112035282223e-05 1.67042197633104154e-05
 1.52500000000000000e+02 1.53125000000000000e+02 8.72491062375822429e-06 5.34007553285446470e-07
 1.53125000000000000e+02 1.53750000000000000e+02 7.81250621544583701e-06 4.53372727904472404e-07
 1.53750000000000000e+02 1.54375000000000000e+02 8.30160734551532820e-06 4.42190930310076160e-07
 1.54375000000000000e+02 1.55000000000000000e+02 8.80830834166502218e-06 4.70667853029752362e-07
 1.55000000000000000e+02 1.55625000000000000e+02 1.18187553123770228e-05 1.65067745030702178e-06
 1.55625000000000000e+02 1.56250000000000000e+02 1.05738464577142103e-05 6.57213801021433974e-07
 1.56250000000000000e+02 1.56875000000000000e+02 1.02121559542044046e-05 6.09156616553084870e-07
 1.56875000000000000e+02 1.57500000000000000e+02 1.09770663856975916e-05 6.44529471318923047e-07
 1.57500000000000000e+02 1.58125000000000000e+02 1.19314687359899755e-05 6.14064360292316544e-07
 1.58125000000000000e+02 1.58750000000000000e+02 1.15117190791852280e-05 5.94185773088402521e-07
 1.58750000000000000e+02 1.59375000000000000e+02 1.27304057008899852e-05 5.48258209810664981e-07
 1.59375000000000000e+02 1.60000000000000000e+02 1.23611303584242207e-05 5.66932707367139106e-07
 1.60000000000000000e+02 1.60625000000000000e+02 2.53749548810638827e-05 8.85156212865565912e-07
 1.60625000000000000e+02 1.61250000000000000e+02 3.54521998917984926e-05 2.28172607736804698e-06
 1.61250000000000000e+02 1.61875000000000000e+02 4.13416377905344388e-05 1.23162353176412506e-06
 1.61875000000000000e+02 1.62500000000000000e+02 4.56946595321109316e-05 1.69623358313284030e-06
 1.62500000000000000e+02 1.63125000000000000e+02 5.07042617195399689e-05 1.47219896397489195e-06
 1.63125000000000000e+02 1.63750000000000000e+02 5.42754019410814157e-05 1.24826977440895473e-06
 1.63750000000000000e+02 1.64375000000000000e+02 6.05498583972376961e-05 1.41400466191052612e-06
 1.64375000000000000e+02 1.65000000000000000e+02 6.48724777040942703e-05 1.39501339328513625e-06
 1.65000000000000000e+02 1.65625000000000000e+02 6.69809577390930149e-05 1.66699166114489750e-06
 1.65625000000000000e+02 1.66250000000000000e+02 7.36539903962674060e-05 1.66630773076892245e-06
 1.66250000000000000e+02 1.66875000000000000e+02 7.56230540470576593e-05 1.59028842974447536e-06
 1.66875000000000000e+02 1.67500000000000000e+02 7.74597493369816705e-05 1.56595727424609096e-06
 1.67500000000000000e+02 1.68125000000000000e+02 7.84897643310057815e-05 1.54156249023974640e-06
 1.68125000000000000e+02 1.68750000000000000e+02 8.64840111177751244e-05 2.01343419495032037e-06
 1.68750000000000000e+02 1.69375000000000000e+02 8.86459420398017590e-05 1.69300563662538607e-06
 1.69375000000000000e+02 1.70000000000000000e+02 9.14363788721349422e-05 2.88490634160652274e-06
 1.70000000000000000e+02 1.70625000000000000e+02 9.46810013585651941e-05 1.93199838807604912e-06
 1.70625000000000000e+02 1.71250000000000000e+02 9.95421354834980133e-05 1.82966139183883309e-06
 1.71250000000000000e+02 1.71875000000000000e+02 1.00677954719673759e-04 1.93877807110030325e-06
 1.71875000000000000e+02 1.72500000000000000e+02 1.03890955897603446e-04 1.81852454369868087e-06
 1.72500000000000000e+02 1.73125000000000000e+02 1.07926293921811677e-04 2.66948898032869904e-06
 1.73125000000000000e+02 1.73750000000000000e+02 1.11204121007040476e-04 1.87334660949706912e-06
 1.73750000000000000e+02 1.74375000000000000e+02 1.12070648154051565e-04 1.76288987000594743e-06
 1.74375000000000000e+02 1.75000000000000000e+02 1.13555456213876904e-04 1.86979508156145444e-06
 1.75000000000000000e+02 1.75625000000000000e+02 1.18211719662770237e-04 1.97283145078132726e-06
 1.75625000000000000e+02 1.76250000000000000e+02 1.20758356054485766e-04 1.83229852397587603e-06
 1.76250000000000000e+02 1.76875000000000000e+02 1.23999577221731909e-04 2.15149175278942476e-06
 1.76875000000000000e+02 1.77500000000000000e+02 1.24832729175729630e-04 1.84947544686518583e-06
 1.77500000000000000e+02 1.78125000000000000e+02 1.31066009787781773e-04 2.73234132354879916e-06
 1.78125000000000000e+02 1.78750000000000000e+02 1.31396989524167345e-04 1.89692880494773297e-06
 1.78750000000000000e+02 1.79375000000000000e+02 1.32619607822069069e-04 1.94898414666672947e-06
 1.79375000000000000e+02 1.80000000000000000e+02 1.34528881942344239e-04 2.13293781385915801e-06
 1.80000000000000000e+02 1.80625000000000000e+02 1.40788701143754012e-04 2.02933866352254559e-06
 1.80625000000000000e+02 1.81250000000000000e+02 1.44007271563424287e-04 2.49125930049950373e-06
 1.81250000000000000e+02 1.81875000000000000e+02 1.43082157252693150e-04 1.83462473923853616e-06
 1.81875000000000000e+02 1.82500000000000000e+02 1.51237051216670176e-04 2.49326231324645768e-06
 1.82500000000000000e+02 1.83125000000000000e+02 1.50535975238648363e-04 2.09028637289772684e-06
 1.83125000000000000e+02 1.83750000000000000e+02 1.54648218672595372e-04 2.57956323039187012e-06
 1.83750000000000000e+02 1.84375000000000000e+02 1.55210854462720820e-04 2.16321289548883094e-06
 1.84375000000000000e+02 1.85000000000000000e+02 1.61196959444885336e-04 2.96184311761263710e-06
 1.85000000000000000e+02 1.85625000000000000e+02 1.58994232321707339e-04 2.11005735448556039e-06
 1.85625000000000000e+02 1.86250000000000000e+02 1.57992124828341214e-04 2.25464349603136034e-06
 1.86250000000000000e+02 1.86875000000000000e+02 1.59758081655561216e-04 2.13865120712329294e-06
 1.86875000000000000e+02 1.87500000000000000e+02 1.65846557803878212e-04 3.09397860932554457e-06
 1.87500000000000000e+02 1.88125000000000000e+02 1.66944643249224942e-04 3.76413899122380874e-06
 1.88125000000000000e+02 1.88750000000000000e+02 1.67639802898722658e-04 2.83282117821279179e-06
 1.88750000000000000e+02 1.89375000000000000e+02 1.69627958136860536e-04 3.58624583041188511e-06
 1.89375000000000000e+02 1.90000000000000000e+02 1.67148628145080539e-04 2.16236334011344676e-06
 1.90000000000000000e+02 1.90625000000000000e+02 1.70398210752233689e-04 2.13257922416353765e-06
 1.90625000000000000e+02 1.91250000000000000e+02 1.63915447296050912e-04 1.95793412860997643e-06
 1.91250000000000000e+02 1.91875000000000000e+02 1.68398301001045889e-04 2.19891504976926610e-06
 1.91875000000000000e+02 1.92500000000000000e+02 1.69245076731174145e-04 2.11906818101234747e-06
 1.92500000000000000e+02 1.93125000000000000e+02 1.76858287007172998e-04 3.14982840502697749e-06
 1.93125000000000000e+02 1.93750000000000000e+02 1.78771306737080004e-04 2.56264461534272180e-06
 1.93750000000000000e+02 1.94375000000000000e+02 1.74484092698564514e-04 1.99707131946190924e-06
 1.94375000000000000e+02 1.95000000000000000e+02 1.76018398298720619e-04 2.18850442676769397e-06
 1.95000000000000000e+02 1.95625000000000000e+02 1.80522067075344618e-04 2.71281527877735881e-06
 1.95625000000000000e+02 1.96250000000000000e+02 1.79390170335374198e-04 2.19990970649397156e-06
 1.96250000000000000e+02 1.96875000000000000e+02 1.80840180616603796e-04 2.17166229594172066e-06
 1.96875000000000000e+02 1.97500000000000000e+02 1.87792552760964273e-04 3.58368825840336012e-06
 1.97500000000000000e+02 1.98125000000000000e+02 1.83954264942795819e-04 2.11954044313120758e-06
 1.98125000000000000e+02 1.98750000000000000e+02 1.84952465391404424e-04 2.46499847533616131e-06
 1.98750000000000000e+02 1.99375000000000000e+02 1.89704521348254889e-04 2.51944303509384014e-06
 1.99375000000000000e+02 2.00000000000000000e+02 1.88321465231244427e-04 2.31896918571191560e-06
 2.00000000000000000e+02 2.00625000000000000e+02 1.93209602220350640e-04 4.58703582680384996e-06
 2.00625000000000000e+02 2.01250000000000000e+02 1.89665663104415989e-04 2.37610152692013467e-06
 2.01250000000000000e+02 2.01875000000000000e+02 1.89139619739004831e-04 2.70804461170984907e-06
 2.01875000000000000e+02 2.02500000000000000e+02 1.92313548819610824e-04 2.12141121019268214e-06
 2.02500000000000000e+02 2.03125000000000000e+02 1.93640098961625349e-04 2.61307809988751041e-06
 2.03125000000000000e+02 2.03750000000000000e+02 1.95086880293122246e-04 2.40883381579988421e-06
 2.03750000000000000e+02 2.04375000000000000e+02 1.91885666073652353e-04 2.22966529274577895e-06
 2.04375000000000000e+02 2.05000000000000000e+02 1.98405261303156896e-04 2.24711347611054099e-06
 2.05000000000000000e+02 2.05625000000000000e+02 2.01209447027203358e-04 2.59081917249027910e-06
 2.05625000000000000e+02 2.06250000000000000e+02 2.01199696523297748e-04 2.49533738016128918e-06
 2.06250000000000000e+02 2.06875000000000000e+02 2.00673946398481428e-04 2.68367057218293816e-06
 2.06875000000000000e+02 2.07500000000000000e+02 2.02222850855553795e-04 2.15232166359231621e-06
 2.07500000000000000e+02 2.08125000000000000e+02 2.04416992369894202e-04 2.43672297942799974e-06
 2.08125000000000000e+02 2.08750000000000000e+02 2.06952526146263974e-04 2.22242961370970842e-06
 2.08750000000000000e+02 2.09375000000000000e+02 2.13005671892116594e-04 4.09679063495978744e-06
 2.09375000000000000e+02 2.10000000000000000e+02 2.09084941732774369e-04 2.21028091266969690e-06
 2.10000000000000000e+02 2.10625000000000000e+02 2.12206567306061795e-04 2.25432287260932810e-06
 2.10625000000000000e+02 2.11250000000000000e+02 2.12381657901714754e-04 2.32430235193332409e-06
 2.11250000000000000e+02 2.11875000000000000e+02 2.11866964221098914e-04 2.19020648873116523e-06
 2.11875000000000000e+02 2.12500000000000000e+02 2.17730442052562921e-04 2.37054316096771849e-06
 2.12500000000000000e+02 2.13125000000000000e+02 2.15282062738753066e-04 2.35515561194959502e-06
 2.13125000000000000e+02 2.13750000000000000e+02 2.16880941394059762e-04 2.60335161054885273e-06
 2.13750000000000000e+02 2.14375000000000000e+02 2.19794382378456877e-04 2.31207686589815742e-06
 2.14375000000000000e+02 2.15000000000000000e+02 2.23512859831758104e-04 2.40247942030491425e-06
 2.15000000000000000e+02 2.15625000000000000e+02 2.25261048900122162e-04 2.39694416011472508e-06
 2.15625000000000000e+02 2.16250000000000000e+02 2.32471733627494790e-04 6.99176622180495816e-06
 2.16250000000000000e+02 2.16875000000000000e+02 2.31001497621861462e-04 2.83975041653312807e-06
 2.16875000000000000e+02 2.17500000000000000e+02 2.30383200883147593e-04 3.08112694612166288e-06
 2.17500000000000000e+02 2.18125000000000000e+02 2.31313731908414327e-04 2.44708174461129573e-06
 2.18125000000000000e+02 2.18750000000000000e+02 2.34003062255727987e-04 2.68172039533414440e-06
 2.18750000000000000e+02 2.19375000000000000e+02 2.34434362610975506e-04 2.40133753418198522e-06
 2.19375000000000000e+02 2.20000000000000000e+02 2.33672307670922764e-04 2.51856268587703186e-06
 2.20000000000000000e+02 2.20625000000000000e+02 2.35293093327761316e-04 2.56677222903508039e-06
 2.20625000000000000e+02 2.21250000000000000e+02 2.41675971630447004e-04 2.83196033076570978e-06
 2.21250000000000000e+02 2.21875000000000000e+02 2.35137564664281352e-04 2.22288292009808410e-06
 2.21875000000000000e+02 2.22500000000000000e+02 2.43600953302558596e-04 2.72453853591192123e-06
 2.22500000000000000e+02 2.23125000000000000e+02 2.43825621769571733e-04 2.66121159946703520e-06
 2.23125000000000000e+02 2.23750000000000000e+02 2.46149156633887207e-04 2.67291407684417642e-06
 2.23750000000000000e+02 2.24375000000000000e+02 2.52885492729865429e-04 3.24351952511462213e-06
 2.24375000000000000e+02 2.25000000000000000e+02 2.54563087288584532e-04 3.01960123793642838e-06
 2.25000000000000000e+02 2.25625000000000000e+02 2.51430183848540148e-04 2.24300386953492197e-06
 2.25625000000000000e+02 2.26250000000000000e+02 2.48768908298618895e-04 2.50001177208432396e-06
 2.26250000000000000e+02 2.26875000000000000e+02 2.54621625628098224e-04 2.56386111899302237e-06
 2.26875000000000000e+02 2.27500000000000000e+02 2.57522610954023258e-04 2.75844139152661652e-06
 2.27500000000000000e+02 2.28125000000000000e+02 2.54451634333307283e-04 2.54887097664372643e-06
 2.28125000000000000e+02 2.28750000000000000e+02 2.57784543658812193e-04 2.32752760662380052e-06
 2.28750000000000000e+02 2.29375000000000000e+02 2.65384334583789730e-04 2.55388511851615841e-06
 2.29375000000000000e+02 2.30000000000000000e+02 2.65275091649172067e-04 2.57306065346051093e-06
 2.30000000000000000e+02 2.30625000000000000e+02 2.69367594763116915e-04 3.22370019825158342e-06
 2.30625000000000000e+02 2.31250000000000000e+02 2.64766391467731053e-04 2.64620983312374744e-06
 2.31250000000000000e+02 2.31875000000000000e+02 2.68474891252364111e-04 3.12897382982051813e-06
 2.31875000000000000e+02 2.32500000000000000e+02 2.71372067081280827e-04 3.01185578327892766e-06
 2.32500000000000000e+02 2.33125000000000000e+02 2.73220623778663450e-04 2.69765688944153013e-06
 2.33125000000000000e+02 2.33750000000000000e+02 2.72782765545058828e-04 2.39211022706161686e-06
 2.33750000000000000e+02 2.34375000000000000e+02 2.76759958937289612e-04 2.43615843884018963e-06
 2.34375000000000000e+02 2.35000000000000000e+02 2.77715934670854378e-04 2.68299333777540811e-06
 2.35000000000000000e+02 2.35625000000000000e+02 2.81896389537255275e-04 2.82877369378946318e-06
 2.35625000000000000e+02 2.36250000000000000e+02 2.76731775933016790e-04 2.38396575226355962e-06
 2.36250000000000000e+02 2.36875000000000000e+02 2.87480434860254419e-04 5.59409463086888782e-06
 2.36875000000000000e+02 2.37500000000000000e+02 2.86825240822038410e-04 2.68225521138729605e-06
 2.37500000000000000e+02 2.38125000000000000e+02 2.88189303724265575e-04 2.88762382224212131e-06
 2.38125000000000000e+02 2.38750000000000000e+02 2.92177616014937483e-04 2.60317444787247408e-06
 2.38750000000000000e+02 2.39375000000000000e+02 2.91228417074792384e-04 2.48449383629830105e-06
 2.39375000000000000e+02 2.40000000000000000e+02 2.92912291477452624e-04 2.58317944467263741e-06
 2.40000000000000000e+02 2.40625000000000000e+02 3.00450095625654813e-04 3.05143901705830222e-06
 2.40625000000000000e+02 2.41250000000000000e+02 2.93151787855294363e-04 2.33234961278127446e-06
 2.41250000000000000e+02 2.41875000000000000e+02 2.97658305715309799e-04 3.10624284027842903e-06
 2.41875000000000000e+02 2.42500000000000000e+02 2.97538596953834749e-04 2.75921903248873144e-06
 2.42500000000000000e+02 2.43125000000000000e+02 2.95126664959075968e-04 2.60360401113612390e-06
 2.43125000000000000e+02 2.43750000000000000e+02 3.05909986061446350e-04 2.65200279451822275e-06
 2.43750000000000000e+02 2.44375000000000000e+02 3.09267296432208429e-04 5.74001570818189261e-06
 2.44375000000000000e+02 2.45000000000000000e+02 3.09212224967432819e-04 3.21092777202733797e-06
 2.45000000000000000e+02 2.45625000000000000e+02 3.09342075678496666e-04 2.67610124240857242e-06
 2.45625000000000000e+02 2.46250000000000000e+02 3.10716899833265298e-04 2.50144401488922926e-06
 2.46250000000000000e+02 2.46875000000000000e+02 3.19313004498804700e-04 3.09950653714879323e-06
 2.46875000000000000e+02 2.47500000000000000e+02 3.19417770694662611e-04 2.80586040637126963e-06
 2.47500000000000000e+02 2.48125000000000000e+02 3.16308963159999518e-04 2.86669844902624214e-06
 2.48125000000000000e+02 2.48750000000000000e+02 3.17977288506930038e-04 2.92374391042588382e-06
 2.48750000000000000e+02 2.49375000000000000e+02 3.20183198289245301e-04 2.73222873544030087e-06
 2.49375000000000000e+02 2.50000000000000000e+02 3.22368757234640295e-04 2.48450334432338019e-06
 2.50000000000000000e+02 2.50625000000000000e+02 3.24274345653174966e-04 2.72502869208431499e-06
 2.50625000000000000e+02 2.51250000000000000e+02 3.27612715816661770e-04 2.65257279837605809e-06
 2.51250000000000000e+02 2.51875000000000000e+02 3.33234053373004761e-04 2.93569925696762160e-06
 2.51875000000000000e+02 2.52500000000000000e+02 3.33226048196636078e-04 2.57273940739115586e-06
 2.52500000000000000e+02 2.53125000000000000e+02 3.33125656345542186e-04 2.74208466034066756e-06
 2.53125000000000000e+02 2.53750000000000000e+02 3.35349843975755850e-04 2.61086699859279621e-06
 2.53750000000000000e+02 2.54375000000000000e+02 3.45057290687399295e-04 5.66085481842906251e-06
 2.54375000000000000e+02 2.55000000000000000e+02 3.42570061347003752e-04 3.86573705064931051e-06
 2.55000000000000000e+02 2.55625000000000000e+02 3.39687694767337820e-04 3.16125727046283058e-06
 2.55625000000000000e+02 2.56250000000000000e+02 3.45299995110918338e-04 2.50471999713954395e-06
 2.56250000000000000e+02 2.56875000000000000e+02 3.44874986110348222e-04 2.83943671039398154e-06
 2.56875000000000000e+02 2.57500000000000000e+02 3.50661789686001482e-04 2.67369135093512065e-06
 2.57500000000000000e+02 2.58125000000000000e+02 3.50978556677299038e-04 2.70442043238401626e-06
 2.58125000000000000e+02 2.58750000000000000e+02 3.57473396600498778e-04 2.71911073182494233e-06
 2.58750000000000000e+02 2.59375000000000000e+02 3.57202331031959642e-04 2.55898009814328875e-06
 2.59375000000000000e+02 2.60000000000000000e+02 3.58811251273587065e-04 2.62574476806962218e-06
 2.60000000000000000e+02 2.60625000000000000e+02 3.66878824311925420e-04 4.76632697887200754e-06
 2.60625000000000000e+02 2.61250000000000000e+02 3.64196414800209596e-04 2.79630618095636562e-06
 2.61250000000000000e+02 2.61875000000000000e+02 3.68290696847144183e-04 3.70738198713542644e-06
 2.61875000000000000e+02 2.62500000000000000e+02 3.74363831529620015e-04 5.05375254242885089e-06
 2.62500000000000000e+02 2.63125000000000000e+02 3.72294819755131950e-04 3.09040520101944555e-06
 2.63125000000000000e+02 2.63750000000000000e+02 3.71515520197651173e-04 2.65263205598059918e-06
 2.63750000000000000e+02 2.64375000000000000e+02 3.79984687364778363e-04 3.20544589408751384e-06
 2.64375000000000000e+02 2.65000000000000000e+02 3.85336771230675472e-04 3.36719361206029799e-06
 2.65000000000000000e+02 2.65625000000000000e+02 3.81932143558312890e-04 2.85806124476026652e-06
 2.65625000000000000e+02 2.66250000000000000e+02 3.89376266448595860e-04 2.92114667712147733e-06
 2.66250000000000000e+02 2.66875000000000000e+02 3.86850514391887373e-04 3.31496207330956850e-06
 2.66875000000000000e+02 2.67500000000000000e+02 3.93667522611771022e-04 2.55514268539331175e-06
 2.67500000000000000e+02 2.68125000000000000e+02 3.98097227053310324e-04 2.87087228686078152e-06
 2.68125000000000000e+02 2.68750000000000000e+02 4.01237832307370736e-04 4.26605142641183535e-06
 2.68750000000000000e+02 2.69375000000000000e+02 3.97566867397145831e-04 2.69960465651340055e-06
 2.69375000000000000e+02 2.70000000000000000e+02 4.02822873209648144e-04 3.40452022127695029e-06
 2.70000000000000000e+02 2.70625000000000000e+02 4.04216477618899719e-04 2.97795736482007997e-06
 2.70625000000000000e+02 2.71250000000000000e+02 4.05481395225550383e-04 2.58308208088143910e-06
 2.71250000000000000e+02 2.71875000000000000e+02 4.07665431491771764e-04 2.78950811719164400e-06
 2.71875000000000000e+02 2.72500000000000000e+02 4.13678231002155669e-04 2.73654478498785663e-06
 2.72500000000000000e+02 2.73125000000000000e+02 4.16187322838213294e-04 2.91368559191699372e-06
 2.73125000000000000e+02 2.73750000000000000e+02 4.18733279408702627e-04 3.25050281266224348e-06
 2.73750000000000000e+02 2.74375000000000000e+02 4.17175810379806326e-04 3.31437992403239308e-06
 2.74375000000000000e+02 2.75000000000000000e+02 4.25309614653202267e-04 2.94655259745781557e-06
 2.75000000000000000e+02 2.75625000000000000e+02 4.27534720446142498e-04 3.07781375926805504e-06
 2.75625000000000000e+02 2.76250000000000000e+02 4.34911339972032524e-04 3.25410458333908984e-06
 2.76250000000000000e+02 2.76875000000000000e+02 4.32640585878587430e-04 2.93210001900877486e-06
 2.76875000000000000e+02 2.77500000000000000e+02 4.35724126046622159e-04 2.80251565832135679e-06
 2.77500000000000000e+02 2.78125000000000000e+02 4.40365740844744834e-04 2.95968030009925693e-06
 2.78125000000000000e+02 2.78750000000000000e+02 4.41951675361519798e-04 3.07857626883120353e-06
 2.78750000000000000e+02 2.79375000000000000e+02 4.46038880311870221e-04 2.98904293239051351e-06
 2.79375000000000000e+02 2.80000000000000000e+02 4.46371061964343744e-04 2.86652560048839931e-06
 2.80000000000000000e+02 2.80625000000000000e+02 4.52641125712783708e-04 4.06817700964489976e-06
 2.80625000000000000e+02 2.81250000000000000e+02 4.52035307080533844e-04 2.94161234185274672e-06
 2.81250000000000000e+02 2.81875000000000000e+02 4.62695271941651815e-04 6.52583792902716022e-06
 2.81875000000000000e+02 2.82500000000000000e+02 4.59684277810604950e-04 3.18774903145850028e-06
 2.82500000000000000e+02 2.83125000000000000e+02 4.67930025441717120e-04 2.96857184006741426e-06
 2.83125000000000000e+02 2.83750000000000000e+02 4.62228046007073280e-04 2.82243557988385545e-06
 2.83750000000000000e+02 2.84375000000000000e+02 4.65818367125773742e-04 3.65891102691972765e-06
 2.84375000000000000e+02 2.85000000000000000e+02 4.71204392591744782e-04 2.83366244902028360e-06
 2.85000000000000000e+02 2.85625000000000000e+02 4.76550821518241790e-04 3.18123048372758761e-06
 2.85625000000000000e+02 2.86250000000000000e+02 4.81240614183144142e-04 3.47331138776744676e-06
 2.86250000000000000e+02 2.86875000000000000e+02 4.81228631426333143e-04 3.08572481378570021e-06
 2.86875000000000000e+02 2.87500000000000000e+02 4.80330577263942055e-04 2.98529018243764476e-06
 2.87500000000000000e+02 2.88125000000000000e+02 4.86712987494093317e-04 3.44392008066444839e-06
 2.88125000000000000e+02 2.88750000000000000e+02 4.92795332764377984e-04 2.92465846434460966e-06
 2.88750000000000000e+02 2.89375000000000000e+02 5.00522979595315553e-04 2.88878996160651676e-06
 2.89375000000000000e+02 2.90000000000000000e+02 5.02563558240884975e-04 3.47020789684966265e-06
 2.90000000000000000e+02 2.90625000000000000e+02 5.04034380452340522e-04 3.29038151913224668e-06
 2.90625000000000000e+02 2.91250000000000000e+02 5.08567851005957568e-04 3.08730971388619895e-06
 2.91250000000000000e+02 2.91875000000000000e+02 5.04617609212110077e-04 2.79002522554519434e-06
 2.91875000000000000e+02 2.92500000000000000e+02 5.11174948846354876e-04 3.08820834796822412e-06
 2.92500000000000000e+02 2.93125000000000000e+02 5.19302222582378767e-04 6.41490652328414761e-06
 2.93125000000000000e+02 2.93750000000000000e+02 5.17212809880092318e-04 3.22514070980260100e-06
 2.93750000000000000e+02 2.94375000000000000e+02 5.19078031868442855e-04 2.84239447591580870e-06
 2.94375000000000000e+02 2.95000000000000000e+02 5.24602607454076179e-04 3.89077014226105342e-06
 2.95000000000000000e+02 2.95625000000000000e+02 5.28497130277249551e-04 2.67200614850292567e-06
 2.95625000000000000e+02 2.96250000000000000e+02 5.33063721819208858e-04 4.09774448409852408e-06
 2.96250000000000000e+02 2.96875000000000000e+02 5.35959460771736219e-04 3.17628124996169542e-06
 2.96875000000000000e+02 2.97500000000000000e+02 5.36514476919980050e-04 2.91836455449840164e-06
 2.97500000000000000e+02 2.98125000000000000e+02 5.41391673510042016e-04 3.01136349836779443e-06
 2.98125000000000000e+02 2.98750000000000000e+02 5.42486504046932783e-04 3.14122243429230594e-06
 2.98750000000000000e+02 2.99375000000000000e+02 5.52192261903392163e-04 3.63565101070060354e-06
 2.99375000000000000e+02 3.00000000000000000e+02 5.46367083838863120e-04 3.59211572090723597e-06
 3.00000000000000000e+02 3.00625000000000000e+02 5.56767194965480938e-04 2.90614402175883387e-06
 3.00625000000000000e+02 3.01250000000000000e+02 5.58269383185701178e-04 3.09406045705573876e-06
 3.01250000000000000e+02 3.01875000000000000e+02 5.62615882929178479e-04 3.49729846611584753e-06
 3.01875000000000000e+02 3.02500000000000000e+02 5.71830850308716184e-04 3.90348181450485395e-06
 3.02500000000000000e+02 3.03125000000000000e+02 5.68100346683299783e-04 2.98379558742505204e-06
 3.03125000000000000e+02 3.03750000000000000e+02 5.74272588705109529e-04 2.91889032340389185e-06
 3.03750000000000000e+02 3.04375000000000000e+02 5.80103162388192193e-04 3.18488506152083813e-06
 3.04375000000000000e+02 3.05000000000000000e+02 5.78081920467136577e-04 2.88700189618018101e-06
 3.05000000000000000e+02 3.05625000000000000e+02 5.89031911156672741e-04 3.83179674967199809e-06
 3.05625000000000000e+02 3.06250000000000000e+02 5.91251266549712093e-04 3.09807845255037894e-06
 3.06250000000000000e+02 3.06875000000000000e+02 5.96081628777568248e-04 2.84582395742446675e-06
 3.06875000000000000e+02 3.07500000000000000e+02 5.98941403365911389e-04 3.30044124561258841e-06
 3.07500000000000000e+02 3.08125000000000000e+02 5.99935893477257357e-04 2.92353011219762762e-06
 3.08125000000000000e+02 3.08750000000000000e+02 6.00880482682264959e-04 3.13686424589146892e-06
 3.08750000000000000e+02 3.09375000000000000e+02 6.11095434177287523e-04 2.90340778246921653e-06
 3.09375000000000000e+02 3.10000000000000000e+02 6.17436480478513600e-04 3.37247047933439216e-06
 3.10000000000000000e+02 3.10625000000000000e+02 6.21587611014883488e-04 3.42197655002345040e-06
 3.10625000000000000e+02 3.11250000000000000e+02 6.23702092219080638e-04 3.61582590454644098e-06
 3.11250000000000000e+02 3.11875000000000000e+02 6.28890757879005434e-04 3.19674248002395766e-06
 3.11875000000000000e+02 3.12500000000000000e+02 6.32017153759936766e-04 3.85853561565789018e-06
 3.12500000000000000e+02 3.13125000000000000e+02 6.23684928292045121e-04 3.00415415272584211e-06
 3.13125000000000000e+02 3.13750000000000000e+02 6.39076481637683978e-04 3.42638533836211579e-06
 3.13750000000000000e+02 3.14375000000000000e+02 6.48657057672681159e-04 3.40774806017811097e-06
 3.14375000000000000e+02 3.15000000000000000e+02 6.40941243859981268e-04 3.48178313112362379e-06
 3.15000000000000000e+02 3.15625000000000000e+02 6.55003803664771372e-04 4.55661629686825573e-06
 3.15625000000000000e+02 3.16250000000000000e+02 6.55341902816901898e-04 3.34026835969600371e-06
 3.16250000000000000e+02 3.16875000000000000e+02 6.59084995615177101e-04 3.35506251736749430e-06
 3.16875000000000000e+02 3.17500000000000000e+02 6.61846223344826471e-04 3.25546336564835712e-06
 3.17500000000000000e+02 3.18125000000000000e+02 6.59810623203435946e-04 3.26381050189215595e-06
 3.18125000000000000e+02 3.18750000000000000e+02 6.70493237951815348e-04 3.33285687858667106e-06
 3.18750000000000000e+02 3.19375000000000000e+02 6.74009963827451489e-04 2.88164846927585706e-06
 3.19375000000000000e+02 3.20000000000000000e+02 6.79395452388581629e-04 2.99788572944634563e-06
 3.20000000000000000e+02 3.20625000000000000e+02 6.83816824219723464e-04 3.02812232161747330e-06
 3.20625000000000000e+02 3.21250000000000000e+02 6.92375723323885119e-04 7.82719305788732197e-06
 3.21250000000000000e+02 3.21875000000000000e+02 6.91472870223216671e-04 3.23960574709728349e-06
 3.21875000000000000e+02 3.22500000000000000e+02 6.91907110510535037e-04 3.05059051123010968e-06
 3.22500000000000000e+02 3.23125000000000000e+02 7.03611153990810266e-04 3.50119982974113196e-06
 3.23125000000000000e+02 3.23750000000000000e+02 7.02826936151987997e-04 3.09465733139700954e-06
 3.23750000000000000e+02 3.24375000000000000e+02 7.08178082272991434e-04 3.10253531143681047e-06
 3.24375000000000000e+02 3.25000000000000000e+02 7.17301315262755079e-04 4.73165798665374575e-06
 3.25000000000000000e+02 3.25625000000000000e+02 7.21097159549773646e-04 3.14195593119094120e-06
 3.25625000000000000e+02 3.26250000000000000e+02 7.24170408597462397e-04 3.47458654205921633e-06
 3.26250000000000000e+02 3.26875000000000000e+02 7.33673554406551491e-04 3.29368460730280419e-06
 3.26875000000000000e+02 3.27500000000000000e+02 7.32325151137652665e-04 3.05759974587467924e-06
 3.27500000000000000e+02 3.28125000000000000e+02 7.45193014093938912e-04 5.12613417979837549e-06
 3.28125000000000000e+02 3.28750000000000000e+02 7.45303188020577517e-04 3.40213240871411848e-06
 3.28750000000000000e+02 3.29375000000000000e+02 7.43987305662266213e-04 3.17645536477267433e-06
 3.29375000000000000e+02 3.30000000000000000e+02 7.52966899040372192e-04 3.43221153350041156e-06
 3.30000000000000000e+02 3.30625000000000000e+02 7.52803869856176586e-04 3.41802112913097757e-06
 3.30625000000000000e+02 3.31250000000000000e+02 7.60771757068201570e-04 3.57367270017705048e-06
 3.31250000000000000e+02 3.31875000000000000e+02 7.68208501693250895e-04 3.58440939550062382e-06
 3.31875000000000000e+02 3.32500000000000000e+02 7.63113280583213290e-04 3.52434404774253754e-06
 3.32500000000000000e+02 3.33125000000000000e+02 7.70570300347507868e-04 3.19529839043025421e-06
 3.33125000000000000e+02 3.33750000000000000e+02 7.80701132682135100e-04 3.90080217694637493e-06
 3.33750000000000000e+02 3.34375000000000000e+02 7.85278552724287277e-04 3.51088217114346784e-06
 3.34375000000000000e+02 3.35000000000000000e+02 7.85396267969741286e-04 3.15801067407157858e-06
 3.35000000000000000e+02 3.35625000000000000e+02 8.00563527736636630e-04 3.94210087733380004e-06
 3.35625000000000000e+02 3.36250000000000000e+02 7.99345664025274570e-04 3.26357519348166326e-06
 3.36250000000000000e+02 3.36875000000000000e+02 8.01300105494451298e-04 3.38680457195823745e-06
 3.36875000000000000e+02 3.37500000000000000e+02 8.07528793414591687e-04 3.31155087052729247e-06
 3.37500000000000000e+02 3.38125000000000000e+02 8.17870061921251710e-04 3.45522695299565241e-06
 3.38125000000000000e+02 3.38750000000000000e+02 8.21313987462719180e-04 3.36781649896711394e-06
 3.38750000000000000e+02 3.39375000000000000e+02 8.27081506387405984e-04 3.58112148397109745e-06
 3.39375000000000000e+02 3.40000000000000000e+02 8.34417073029326351e-04 3.47823500280867815e-06
 3.40000000000000000e+02 3.40625000000000000e+02 8.32184714527080217e-04 3.34192249575961290e-06
 3.40625000000000000e+02 3.41250000000000000e+02 8.33736822059622266e-04 3.03729757266815801e-06
 3.41250000000000000e+02 3.41875000000000000e+02 8.48484650782939734e-04 3.86360193624646963e-06
 3.41875000000000000e+02 3.42500000000000000e+02 8.51684876927565624e-04 2.97781017450018858e-06
 3.42500000000000000e+02 3.43125000000000000e+02 8.68485083141021740e-04 8.37690014067304760e-06
 3.43125000000000000e+02 3.43750000000000000e+02 8.62253486076535900e-04 3.23364158057395620e-06
 3.43750000000000000e+02 3.44375000000000000e+02 8.72703984473249188e-04 4.13732414641388856e-06
 3.44375000000000000e+02 3.45000000000000000e+02 8.73454807851229125e-04 3.35036320188866288e-06
 3.45000000000000000e+02 3.45625000000000000e+02 8.84068041237128844e-04 4.08291954640939038e-06
 3.45625000000000000e+02 3.46250000000000000e+02 8.98597704451268371e-04 5.85874922017888801e-06
 3.46250000000000000e+02 3.46875000000000000e+02 9.02351423715279139e-04 5.89283399918306406e-06
 3.46875000000000000e+02 3.47500000000000000e+02 9.01460727438388801e-04 3.12998574451604006e-06
 3.47500000000000000e+02 3.48125000000000000e+02 8.99864374342357353e-04 3.29571845752447771e-06
 3.48125000000000000e+02 3.48750000000000000e+02 9.02441153905217375e-04 3.06120167688766782e-06
 3.48750000000000000e+02 3.49375000000000000e+02 9.15952706991761617e-04 3.12434246763387402e-06
 3.49375000000000000e+02 3.50000000000000000e+02 9.26597708125320566e-04 4.43321288089239103e-06
 3.50000000000000000e+02 3.50625000000000000e+02 9.36225023164460315e-04 3.69695184412490956e-06
 3.50625000000000000e+02 3.51250000000000000e+02 9.33585769778541813e-04 3.51617349354202420e-06
 3.51250000000000000e+02 3.51875000000000000e+02 9.46901845493260466e-04 3.77906879757099693e-06
 3.51875000000000000e+02 3.52500000000000000e+02 9.63570808688408195e-04 4.53701802860438310e-06
 3.52500000000000000e+02 3.53125000000000000e+02 9.58559025068945070e-04 3.40873413810880269e-06
 3.53125000000000000e+02 3.53750000000000000e+02 9.57441849721004453e-04 3.55987826219226136e-06
 3.53750000000000000e+02 3.54375000000000000e+02 9.69043777547674845e-04 3.73913234973495211e-06
 3.54375000000000000e+02 3.55000000000000000e+02 9.74432489935052500e-04 3.80397832302182227e-06
 3.55000000000000000e+02 3.55625000000000000e+02 9.80916851907847514e-04 3.35609433252191642e-06
 3.55625000000000000e+02 3.56250000000000000e+02 9.93938833676758253e-04 4.52758478524453824e-06
 3.56250000000000000e+02 3.56875000000000000e+02 9.98281788409380050e-04 4.14235297349581912e-06
 3.56875000000000000e+02 3.57500000000000000e+02 1.00573604745566583e-03 3.95685467361227901e-06
 3.57500000000000000e+02 3.58125000000000000e+02 1.00754690356621122e-03 3.21951956664259634e-06
 3.58125000000000000e+02 3.58750000000000000e+02 1.02119494885075926e-03 3.60483459799542107e-06
 3.58750000000000000e+02 3.59375000000000000e+02 1.01957499834523838e-03 3.37566583454592256e-06
 3.59375000000000000e+02 3.60000000000000000e+02 1.02813759127086748e-03 3.59572721405908222e-06
 3.60000000000000000e+02 3.60625000000000000e+02 1.03959696674477933e-03 3.63313861651743114e-06
 3.60625000000000000e+02 3.61250000000000000e+02 1.04698197308356966e-03 3.54238038184390151e-06
 3.61250000000000000e+02 3.61875000000000000e+02 1.05258081575432803e-03 4.27153127256311982e-06
 3.61875000000000000e+02 3.62500000000000000e+02 1.05711283813538751e-03 3.57737387375256530e-06
 3.62500000000000000e+02 3.63125000000000000e+02 1.06915264838915603e-03 3.55309487413047754e-06
 3.63125000000000000e+02 3.63750000000000000e+02 1.07843342354537321e-03 5.09322334963738265e-06
 3.63750000000000000e+02 3.64375000000000000e+02 1.08272639629329701e-03 3.77611020935027250e-06
 3.64375000000000000e+02 3.65000000000000000e+02 1.09689436359988648e-03 3.73304544090674513e-06
 3.65000000000000000e+02 3.65625000000000000e+02 1.11004235680653516e-03 7.18413961247422376e-06
 3.65625000000000000e+02 3.66250000000000000e+02 1.10690756340170232e-03 3.73752663214648995e-06
 3.66250000000000000e+02 3.66875000000000000e+02 1.11980671103459025e-03 3.52519319221968733e-06
 3.66875000000000000e+02 3.67500000000000000e+02 1.11759082289946072e-03 3.39080272123428277e-06
 3.67500000000000000e+02 3.68125000000000000e+02 1.13210830650444178e-03 4.06968252006415543e-06
 3.68125000000000000e+02 3.68750000000000000e+02 1.14266050690841042e-03 4.12611260744341822e-06
 3.68750000000000000e+02 3.69375000000000000e+02 1.15207825338990840e-03 3.44727157430794563e-06
 3.69375000000000000e+02 3.70000000000000000e+02 1.15423241640014509e-03 5.03166781571088878e-06
 3.70000000000000000e+02 3.70625000000000000e+02 1.15758853460032926e-03 3.44935771375210404e-06
 3.70625000000000000e+02 3.71250000000000000e+02 1.17481558025517361e-03 3.40622792144022383e-06
 3.71250000000000000e+02 3.71875000000000000e+02 1.18587723726577875e-03 3.92604187207016698e-06
 3.71875000000000000e+02 3.72500000000000000e+02 1.18897344312143024e-03 3.71566155807935338e-06
 3.72500000000000000e+02 3.73125000000000000e+02 1.19784526476536752e-03 3.75441059158064785e-06
 3.73125000000000000e+02 3.73750000000000000e+02 1.20932049910569498e-03 3.57832078378611329e-06
 3.73750000000000000e+02 3.74375000000000000e+02 1.21796539545359706e-03 3.92061471809380765e-06
 3.74375000000000000e+02 3.75000000000000000e+02 1.22183748432073231e-03 4.13910185265144313e-06
 3.75000000000000000e+02 3.75625000000000000e+02 1.23905802893258584e-03 3.82320760273621089e-06
 3.75625000000000000e+02 3.76250000000000000e+02 1.25029994473683571e-03 4.30723898002204104e-06
 3.76250000000000000e+02 3.76875000000000000e+02 1.26545121345162412e-03 1.02839567006982543e-05
 3.76875000000000000e+02 3.77500000000000000e+02 1.26889509763402405e-03 4.22096252103503901e-06
 3.77500000000000000e+02 3.78125000000000000e+02 1.27375231669321002e-03 6.06485059904217229e-06
 3.78125000000000000e+02 3.78750000000000000e+02 1.28405504793205772e-03 4.17101618886258132e-06
 3.78750000000000000e+02 3.79375000000000000e+02 1.29458753663789497e-03 4.67979928120612960e-06
 3.79375000000000000e+02 3.80000000000000000e+02 1.30185521578632564e-03 4.21253804060469665e-06
 3.80000000000000000e+02 3.80625000000000000e+02 1.31970161982473163e-03 3.73080362738412865e-06
 3.80625000000000000e+02 3.81250000000000000e+02 1.33056176417290406e-03 4.27554214417373955e-06
 3.81250000000000000e+02 3.81875000000000000e+02 1.33557620296755443e-03 4.24855414738463604e-06
 3.81875000000000000e+02 3.82500000000000000e+02 1.35546723621616898e-03 5.53178406666177131e-06
 3.82500000000000000e+02 3.83125000000000000e+02 1.36268608393453781e-03 3.88691577317273071e-06
 3.83125000000000000e+02 3.83750000000000000e+02 1.37362649882646253e-03 4.06656923823846663e-06
 3.83750000000000000e+02 3.84375000000000000e+02 1.38308471899902278e-03 4.14034214417824408e-06
 3.84375000000000000e+02 3.85000000000000000e+02 1.39713233474625257e-03 4.28828931540359212e-06
 3.85000000000000000e+02 3.85625000000000000e+02 1.40803966981377479e-03 5.11472191500605831e-06
 3.85625000000000000e+02 3.86250000000000000e+02 1.41661412041931977e-03 3.79867669694279754e-06
 3.86250000000000000e+02 3.86875000000000000e+02 1.42611832366278763e-03 4.01514556854285666e-06
 3.86875000000000000e+02 3.87500000000000000e+02 1.43818818871521790e-03 3.80961941462212223e-06
 3.87500000000000000e+02 3.88125000000000000e+02 1.45571291771372843e-03 4.83087503528404229e-06
 3.88125000000000000e+02 3.88750000000000000e+02 1.45411290704311187e-03 4.44038030920702535e-06
 3.88750000000000000e+02 3.89375000000000000e+02 1.47242155979333779e-03 4.08850005140062221e-06
 3.89375000000000000e+02 3.90000000000000000e+02 1.48895819337197454e-03 4.20063257495617469e-06
 3.90000000000000000e+02 3.90625000000000000e+02 1.49801577226124747e-03 4.32101456329346833e-06
 3.90625000000000000e+02 3.91250000000000000e+02 1.53119458598635996e-03 1.32602965694447749e-05
 3.91250000000000000e+02 3.91875000000000000e+02 1.51869260874265533e-03 4.34606060477389463e-06
 3.91875000000000000e+02 3.92500000000000000e+02 1.53737855949079988e-03 4.57559957543720846e-06
 3.92500000000000000e+02 3.93125000000000000e+02 1.55022311343490154e-03 4.31934504289474123e-06
 3.93125000000000000e+02 3.93750000000000000e+02 1.56032142259850929e-03 4.35852296472183782e-06
 3.93750000000000000e+02 3.94375000000000000e+02 1.57446663953691394e-03 4.19505478663460552e-06
 3.94375000000000000e+02 3.95000000000000000e+02 1.59657330785669305e-03 4.92148504749985266e-06
 3.95000000000000000e+02 3.95625000000000000e+02 1.59413934397325706e-03 4.84039579181174973e-06
 3.95625000000000000e+02 3.96250000000000000e+02 1.60875521981548755e-03 9.47511648182236999e-06
 3.96250000000000000e+02 3.96875000000000000e+02 1.59030255308850385e-03 6.67629949865072164e-06
 3.96875000000000000e+02 3.97500000000000000e+02 1.58650262365867402e-03 6.61044675082373512e-06
 3.97500000000000000e+02 3.98125000000000000e+02 1.56902859684212616e-03 4.23044786071593316e-06
 3.98125000000000000e+02 3.98750000000000000e+02 1.57348698539889207e-03 6.13793259234864278e-06
 3.98750000000000000e+02 3.99375000000000000e+02 1.55718830279965421e-03 5.15561694103230813e-06
 3.99375000000000000e+02 4.00000000000000000e+02 1.55509942990144550e-03 4.27334395699219832e-06
 4.00000000000000000e+02 4.00625000000000000e+02 1.53752392936762480e-03 4.53026734230963117e-06
 4.00625000000000000e+02 4.01250000000000000e+02 1.53145528152523794e-03 4.76902349296668279e-06
 4.01250000000000000e+02 4.01875000000000000e+02 1.52567941468274458e-03 4.25867813925822306e-06
 4.01875000000000000e+02 4.02500000000000000e+02 1.52150264099892374e-03 4.19246383688467571e-06
 4.02500000000000000e+02 4.03125000000000000e+02 1.50577423457193228e-03 3.97847285826008963e-06
 4.03125000000000000e+02 4.03750000000000000e+02 1.50911062325418278e-03 4.51094779853390714e-06
 4.03750000000000000e+02 4.04375000000000000e+02 1.49991653575962829e-03 4.57824997119524931e-06
 4.04375000000000000e+02 4.05000000000000000e+02 1.49199553521923338e-03 4.44573978099631016e-06
 4.05000000000000000e+02 4.05625000000000000e+02 1.48805874546061923e-03 4.03573931250493968e-06
 4.05625000000000000e+02 4.06250000000000000e+02 1.48204607986485441e-03 4.22620324298164934e-06
 4.06250000000000000e+02 4.06875000000000000e+02 1.48475636793591833e-03 6.93433150180292081e-06
 4.06875000000000000e+02 4.07500000000000000e+02 1.47339959808913575e-03 4.22182363825057220e-06
 4.07500000000000000e+02 4.08125000000000000e+02 1.46294175384879864e-03 3.90077744442965229e-06
 4.08125000000000000e+02 4.08750000000000000e+02 1.46499651345505504e-03 4.84359251946598941e-06
 4.08750000000000000e+02 4.09375000000000000e+02 1.46088466611357681e-03 3.99143082336731088e-06
 4.09375000000000000e+02 4.10000000000000000e+02 1.46145399368882950e-03 4.07146012079524119e-06
 4.10000000000000000e+02 4.10625000000000000e+02 1.44519549899320377e-03 4.25542463699762181e-06
 4.10625000000000000e+02 4.11250000000000000e+02 1.44837167307771417e-03 5.12957874472894973e-06
 4.11250000000000000e+02 4.11875000000000000e+02 1.43821770298275500e-03 4.94738569493459184e-06
 4.11875000000000000e+02 4.12500000000000000e+02 1.43036648248378337e-03 3.98398899069530687e-06
 4.12500000000000000e+02 4.13125000000000000e+02 1.42808502068792202e-03 4.09753752059069864e-06
 4.13125000000000000e+02 4.13750000000000000e+02 1.42264730796069425e-03 5.91732573063459881e-06
 4.13750000000000000e+02 4.14375000000000000e+02 1.42118017352530586e-03 4.06565963345697628e-06
 4.14375000000000000e+02 4.15000000000000000e+02 1.42866365761113649e-03 9.75123838320692244e-06
 4.15000000000000000e+02 4.15625000000000000e+02 1.41694871962038120e-03 4.73003216665317890e-06
 4.15625000000000000e+02 4.16250000000000000e+02 1.42724510262496815e-03 6.46373789772906348e-06
 4.16250000000000000e+02 4.16875000000000000e+02 1.40588613315043411e-03 3.84462103646945199e-06
 4.16875000000000000e+02 4.17500000000000000e+02 1.40022793813013627e-03 3.41367730431317843e-06
 4.17500000000000000e+02 4.18125000000000000e+02 1.39753509666049524e-03 3.99449199068924045e-06
 4.18125000000000000e+02 4.18750000000000000e+02 1.41417232804493778e-03 4.63269064002502946e-06
 4.18750000000000000e+02 4.19375000000000000e+02 1.39318579728266146e-03 4.04779988758009023e-06
 4.19375000000000000e+02 4.20000000000000000e+02 1.39234127916791953e-03 5.02236585282900616e-06
 4.20000000000000000e+02 4.20625000000000000e+02 1.39361612008841911e-03 3.88825763472535831e-06
 4.20625000000000000e+02 4.21250000000000000e+02 1.38943110515268777e-03 3.46014561966445893e-06
 4.21250000000000000e+02 4.21875000000000000e+02 1.39719948199968150e-03 8.98383505118206005e-06
 4.21875000000000000e+02 4.22500000000000000e+02 1.39423065678641604e-03 4.02914714044431579e-06
 4.22500000000000000e+02 4.23125000000000000e+02 1.38778855733044703e-03 4.66089939974461795e-06
 4.23125000000000000e+02 4.23750000000000000e+02 1.39561284286018688e-03 8.71632548307863609e-06
 4.23750000000000000e+02 4.24375000000000000e+02 1.41824966674563473e-03 3.28726104659397749e-05
 4.24375000000000000e+02 4.25000000000000000e+02 1.38224552208530060e-03 4.17476888066909929e-06
 4.25000000000000000e+02 4.25625000000000000e+02 1.38347020590289817e-03 5.73657279649215182e-06
 4.25625000000000000e+02 4.26250000000000000e+02 1.38494687581860792e-03 5.74191715845144041e-06
 4.26250000000000000e+02 4.26875000000000000e+02 1.38042798328485224e-03 3.52878994125278960e-06
 4.26875000000000000e+02 4.27500000000000000e+02 1.38583504337094548e-03 6.55383740628063662e-06
 4.27500000000000000e+02 4.28125000000000000e+02 1.37627609889794697e-03 3.70720536416734643e-06
 4.28125000000000000e+02 4.28750000000000000e+02 1.37642249418527167e-03 4.04301111960203997e-06
 4.28750000000000000e+02 4.29375000000000000e+02 1.38359895145190597e-03 3.67741462794956666e-06
 4.29375000000000000e+02 4.30000000000000000e+02 1.37841507112794687e-03 4.08307336049008972e-06
 4.30000000000000000e+02 4.30625000000000000e+02 1.37588705453908344e-03 3.41743493840592444e-06
 4.30625000000000000e+02 4.31250000000000000e+02 1.37924064828090867e-03 3.54664412111925453e-06
 4.31250000000000000e+02 4.31875000000000000e+02 1.37867088270166374e-03 3.71663143441626758e-06
 4.31875000000000000e+02 4.32500000000000000e+02 1.37755598121787771e-03 3.88424916990171990e-06
 4.32500000000000000e+02 4.33125000000000000e+02 1.38210900488769817e-03 4.00978633136241807e-06
 4.33125000000000000e+02 4.33750000000000000e+02 1.38382909403144631e-03 7.17968924182212540e-06
 4.33750000000000000e+02 4.34375000000000000e+02 1.37733942492059545e-03 3.77846808703685512e-06
 4.34375000000000000e+02 4.35000000000000000e+02 1.38049108645006409e-03 3.29714981083874707e-06
 4.35000000000000000e+02 4.35625000000000000e+02 1.39327252621280107e-03 6.23074148073774370e-06
 4.35625000000000000e+02 4.36250000000000000e+02 1.39664360753187587e-03 6.72449907155021595e-06
 4.36250000000000000e+02 4.36875000000000000e+02 1.37957162294852741e-03 3.59695448746420900e-06
 4.36875000000000000e+02 4.37500000000000000e+02 1.39156900855860201e-03 3.59297970932930664e-06
 4.37500000000000000e+02 4.38125000000000000e+02 1.39213905341382363e-03 3.59770860919769122e-06
 4.38125000000000000e+02 4.38750000000000000e+02 1.39441348719615945e-03 4.38750233035902138e-06
 4.38750000000000000e+02 4.39375000000000000e+02 1.39379691135501868e-03 4.64275795029135728e-06
 4.39375000000000000e+02 4.40000000000000000e+02 1.39467056079091369e-03 3.66868170050545614e-06
 4.40000000000000000e+02 4.40625000000000000e+02 1.39861248515752920e-03 3.67427514056405888e-06
 4.40625000000000000e+02 4.41250000000000000e+02 1.40201986074708061e-03 3.48758781071769134e-06
 4.41250000000000000e+02 4.41875000000000000e+02 1.40204120452151640e-03 3.57067686992667630e-06
 4.41875000000000000e+02 4.42500000000000000e+02 1.41427752541113151e-03 4.36603963910409411e-06
 4.42500000000000000e+02 4.43125000000000000e+02 1.41840718117222805e-03 5.85366097935012655e-06
 4.43125000000000000e+02 4.43750000000000000e+02 1.40608401363089279e-03 3.35688605008722957e-06
 4.43750000000000000e+02 4.44375000000000000e+02 1.42027125103947856e-03 3.62034783594983339e-06
 4.44375000000000000e+02 4.45000000000000000e+02 1.41425381967199030e-03 3.82478379621701353e-06
 4.45000000000000000e+02 4.45625000000000000e+02 1.42616823821738420e-03 3.88255257929532305e-06
 4.45625000000000000e+02 4.46250000000000000e+02 1.42269867466808769e-03 3.77764879586603880e-06
 4.46250000000000000e+02 4.46875000000000000e+02 1.43598100962974841e-03 4.98678731863135062e-06
 4.46875000000000000e+02 4.47500000000000000e+02 1.43171306211423090e-03 3.38409514026361113e-06
 4.47500000000000000e+02 4.48125000000000000e+02 1.43755943676553036e-03 4.15925232897485446e-06
 4.48125000000000000e+02 4.48750000000000000e+02 1.44632435979627646e-03 4.03070879181035772e-06
 4.48750000000000000e+02 4.49375000000000000e+02 1.45315985738721947e-03 6.29141684004928685e-06
 4.49375000000000000e+02 4.50000000000000000e+02 1.45026633632083096e-03 3.72919869354707533e-06
 4.50000000000000000e+02 4.50625000000000000e+02 1.46227367206185239e-03 3.67764072010695110e-06
 4.50625000000000000e+02 4.51250000000000000e+02 1.46814714378596420e-03 5.00694033150741948e-06
 4.51250000000000000e+02 4.51875000000000000e+02 1.46575780589650712e-03 4.39083619200765247e-06
 4.51875000000000000e+02 4.52500000000000000e+02 1.47101961923686822e-03 3.81799924929301902e-06
 4.52500000000000000e+02 4.53125000000000000e+02 1.48264626800910493e-03 4.34066448044264048e-06
 4.53125000000000000e+02 4.53750000000000000e+02 1.48443912486824177e-03 4.20659404262551337e-06
 4.53750000000000000e+02 4.54375000000000000e+02 1.48970063127477122e-03 3.43215638377871191e-06
 4.54375000000000000e+02 4.55000000000000000e+02 1.49469956053552397e-03 3.87513947522582969e-06
 4.55000000000000000e+02 4.55625000000000000e+02 1.50446916797106612e-03 3.93558032054971997e-06
 4.55625000000000000e+02 4.56250000000000000e+02 1.53275913676849266e-03 2.51928260673194291e-05
 4.56250000000000000e+02 4.56875000000000000e+02 1.50798379958046766e-03 3.64599645742422425e-06
 4.56875000000000000e+02 4.57500000000000000e+02 1.51896451767827398e-03 4.07291510558234749e-06
 4.57500000000000000e+02 4.58125000000000000e+02 1.54158222614837943e-03 7.10899301327534330e-06
 4.58125000000000000e+02 4.58750000000000000e+02 1.53429730698541387e-03 4.46967122091112195e-06
 4.58750000000000000e+02 4.59375000000000000e+02 1.54512374806862118e-03 4.96500113245980271e-06
 4.59375000000000000e+02 4.60000000000000000e+02 1.55106838476450092e-03 5.24599036875975302e-06
 4.60000000000000000e+02 4.60625000000000000e+02 1.55679904300042395e-03 3.85563512283229554e-06
 4.60625000000000000e+02 4.61250000000000000e+02 1.56787248923736470e-03 8.04654989018330670e-06
 4.61250000000000000e+02 4.61875000000000000e+02 1.57272432424905464e-03 4.73203970709237986e-06
 4.61875000000000000e+02 4.62500000000000000e+02 1.57190623679098426e-03 3.64229658648752543e-06
 4.62500000000000000e+02 4.63125000000000000e+02 1.57919534067754545e-03 4.42254308124756519e-06
 4.63125000000000000e+02 4.63750000000000000e+02 1.59751509469340598e-03 4.99513113957116048e-06
 4.63750000000000000e+02 4.64375000000000000e+02 1.60831505389452461e-03 8.22874914796229567e-06
 4.64375000000000000e+02 4.65000000000000000e+02 1.60698104819477364e-03 4.29366417582356614e-06
 4.65000000000000000e+02 4.65625000000000000e+02 1.61728742517658168e-03 3.55665506839638033e-06
 4.65625000000000000e+02 4.66250000000000000e+02 1.62737693135734545e-03 3.83870700868388698e-06
 4.66250000000000000e+02 4.66875000000000000e+02 1.62364346352392055e-03 3.98040351569153991e-06
 4.66875000000000000e+02 4.67500000000000000e+02 1.64590779450202369e-03 4.13268968093248257e-06
 4.67500000000000000e+02 4.68125000000000000e+02 1.64955282911927420e-03 4.59885294554667931e-06
 4.68125000000000000e+02 4.68750000000000000e+02 1.66304085394768444e-03 4.40998548779351539e-06
 4.68750000000000000e+02 4.69375000000000000e+02 1.66898411266122463e-03 4.59773543189243172e-06
 4.69375000000000000e+02 4.70000000000000000e+02 1.67882601901763362e-03 4.55386747024840224e-06
 4.70000000000000000e+02 4.70625000000000000e+02 1.67880393703210098e-03 4.22742662372891598e-06
 4.70625000000000000e+02 4.71250000000000000e+02 1.69891847678098882e-03 5.45772306399671953e-06
 4.71250000000000000e+02 4.71875000000000000e+02 1.70961568198647689e-03 4.65062940866610835e-06
 4.71875000000000000e+02 4.72500000000000000e+02 1.72452662927161863e-03 4.85453206478926966e-06
 4.72500000000000000e+02 4.73125000000000000e+02 1.73137175774767081e-03 4.56706922663066837e-06
 4.73125000000000000e+02 4.73750000000000000e+02 1.73662461363913276e-03 4.72751209317003825e-06
 4.73750000000000000e+02 4.74375000000000000e+02 1.74739495369778393e-03 5.14006432039941361e-06
 4.74375000000000000e+02 4.75000000000000000e+02 1.75522850001503584e-03 4.68075142830600053e-06
 4.75000000000000000e+02 4.75625000000000000e+02 1.75501140444731668e-03 5.12436915717520055e-06
 4.75625000000000000e+02 4.76250000000000000e+02 1.75662628407044583e-03 5.05203798637017078e-06
 4.76250000000000000e+02 4.76875000000000000e+02 1.76239628441895242e-03 5.94693692963137772e-06
 4.76875000000000000e+02 4.77500000000000000e+02 1.76288741457964111e-03 5.38843012959240835e-06
 4.77500000000000000e+02 4.78125000000000000e+02 1.76356260753016830e-03 7.02414439787605422e-06
 4.78125000000000000e+02 4.78750000000000000e+02 1.77344608421457859e-03 8.26514028719858179e-06
 4.78750000000000000e+02 4.79375000000000000e+02 1.76121035819126704e-03 5.95856983590113374e-06
 4.79375000000000000e+02 4.80000000000000000e+02 1.72870030043247567e-03 4.31325905602429755e-06
 4.80000000000000000e+02 4.80625000000000000e+02 1.72140645503865669e-03 5.13646856540226280e-06
 4.80625000000000000e+02 4.81250000000000000e+02 1.69939481776730235e-03 4.91481705728287796e-06
 4.81250000000000000e+02 4.81875000000000000e+02 1.68343006698792722e-03 7.05401462708860086e-06
 4.81875000000000000e+02 4.82500000000000000e+02 1.64017493239806706e-03 4.90692270371806568e-06
 4.82500000000000000e+02 4.83125000000000000e+02 1.60205303264166952e-03 6.43613420108909766e-06
 4.83125000000000000e+02 4.83750000000000000e+02 1.53837713801242316e-03 7.72827735632134037e-06
 4.83750000000000000e+02 4.84375000000000000e+02 1.44425253700499931e-03 4.66021718504678910e-06
 4.84375000000000000e+02 4.85000000000000000e+02 1.33652215624716140e-03 4.81619709265369490e-06
 4.85000000000000000e+02 4.85625000000000000e+02 1.20558202667053293e-03 5.23543268774422726e-06
 4.85625000000000000e+02 4.86250000000000000e+02 1.02103076875919847e-03 4.02389999886406330e-06
 4.86250000000000000e+02 4.86875000000000000e+02 7.83148941339635476e-04 3.26270994712798741e-06
 4.86875000000000000e+02 4.87500000000000000e+02 4.96420826231292714e-04 2.95654831417283380e-06
 4.87500000000000000e+02 4.88125000000000000e+02 1.83107762972087019e-04 3.74764771254655244e-06
 4.88125000000000000e+02 4.88750000000000000e+02 2.77359170964838710e-06 1.60848183954539839e-07
 4.88750000000000000e+02 4.89375000000000000e+02 0.00000000000000000e+00 0.00000000000000000e+00
 4.89375000000000000e+02 4.90000000000000000e+02 0.00000000000000000e+00 0.00000000000000000e+00
 4.90000000000000000e+02 4.90625000000000000e+02 0.00000000000000000e+00 0.00000000000000000e+00
 4.90625000000000000e+02 4.91250000000000000e+02 0.00000000000000000e+00 0.00000000000000000e+00
 4.91250000000000000e+02 4.91875000000000000e+02 0.00000000000000000e+00 0.00000000000000000e+00
 4.91875000000000000e+02 4.92500000000000000e+02 0.00000000000000000e+00 0.00000000000000000e+00
 4.92500000000000000e+02 4.93125000000000000e+02 0.00000000000000000e+00 0.00000000000000000e+00
 4.93125000000000000e+02 4.93750000000000000e+02 0.00000000000000000e+00 0.00000000000000000e+00
 4.93750000000000000e+02 4.94375000000000000e+02 0.00000000000000000e+00 0.00000000000000000e+00
 4.94375000000000000e+02 4.95000000000000000e+02 0.00000000000000000e+00 0.00000000000000000e+00
 4.95000000000000000e+02 4.95625000000000000e+02 0.00000000000000000e+00 0.00000000000000000e+00
 4.95625000000000000e+02 4.96250000000000000e+02 0.00000000000000000e+00 0.00000000000000000e+00
 4.96250000000000000e+02 4.96875000000000000e+02 0.00000000000000000e+00 0.00000000000000000e+00
 4.96875000000000000e+02 4.97500000000000000e+02 0.00000000000000000e+00 0.00000000000000000e+00
 4.97500000000000000e+02 4.98125000000000000e+02 0.00000000000000000e+00 0.00000000000000000e+00
 4.98125000000000000e+02 4.98750000000000000e+02 0.00000000000000000e+00 0.00000000000000000e+00
 4.98750000000000000e+02 4.99375000000000000e+02 0.00000000000000000e+00 0.00000000000000000e+00
 4.99375000000000000e+02 5.00000000000000000e+02 0.00000000000000000e+00 0.00000000000000000e+00
 5.00000000000000000e+02 5.00625000000000000e+02 0.00000000000000000e+00 0.00000000000000000e+00
 5.00625000000000000e+02 5.01250000000000000e+02 0.00000000000000000e+00 0.00000000000000000e+00
 5.01250000000000000e+02 5.01875000000000000e+02 0.00000000000000000e+00 0.00000000000000000e+00
 5.01875000000000000e+02 5.02500000000000000e+02 0.00000000000000000e+00 0.00000000000000000e+00
 5.02500000000000000e+02 5.03125000000000000e+02 0.00000000000000000e+00 0.00000000000000000e+00
 5.03125000000000000e+02 5.03750000000000000e+02 0.00000000000000000e+00 0.00000000000000000e+00
 5.03750000000000000e+02 5.04375000000000000e+02 0.00000000000000000e+00 0.00000000000000000e+00
 5.04375000000000000e+02 5.05000000000000000e+02 0.00000000000000000e+00 0.00000000000000000e+00
 5.05000000000000000e+02 5.05625000000000000e+02 0.00000000000000000e+00 0.00000000000000000e+00
 5.05625000000000000e+02 5.06250000000000000e+02 0.00000000000000000e+00 0.00000000000000000e+00
 5.06250000000000000e+02 5.06875000000000000e+02 0.00000000000000000e+00 0.00000000000000000e+00
 5.06875000000000000e+02 5.07500000000000000e+02 0.00000000000000000e+00 0.00000000000000000e+00
 5.07500000000000000e+02 5.08125000000000000e+02 0.00000000000000000e+00 0.00000000000000000e+00
 5.08125000000000000e+02 5.08750000000000000e+02 0.00000000000000000e+00 0.00000000000000000e+00
 5.08750000000000000e+02 5.09375000000000000e+02 0.00000000000000000e+00 0.00000000000000000e+00
 5.09375000000000000e+02 5.10000000000000000e+02 0.00000000000000000e+00 0.00000000000000000e+00
 5.10000000000000000e+02 5.10625000000000000e+02 0.00000000000000000e+00 0.00000000000000000e+00
 5.10625000000000000e+02 5.11250000000000000e+02 0.00000000000000000e+00 0.00000000000000000e+00
 5.11250000000000000e+02 5.11875000000000000e+02 0.00000000000000000e+00 0.00000000000000000e+00
 5.11875000000000000e+02 5.12500000000000000e+02 0.00000000000000000e+00 0.00000000000000000e+00
 5.12500000000000000e+02 5.13125000000000000e+02 0.00000000000000000e+00 0.00000000000000000e+00
 5.13125000000000000e+02 5.13750000000000000e+02 0.00000000000000000e+00 0.00000000000000000e+00
 5.13750000000000000e+02 5.14375000000000000e+02 0.00000000000000000e+00 0.00000000000000000e+00
 5.14375000000000000e+02 5.15000000000000000e+02 0.00000000000000000e+00 0.00000000000000000e+00

Histogram:lpz+
 0.00000000000000000e+00 5.50000000000000044e-01 1.39824801617156620e-03 4.80658962656740378e-06
 5.50000000000000044e-01 1.10000000000000009e+00 1.39778560818308670e-03 4.54717538797244637e-06
 1.10000000000000009e+00 1.64999999999999991e+00 1.40743328649367951e-03 5.25945599540176629e-06
 1.64999999999999991e+00 2.20000000000000018e+00 1.40624655649971382e-03 4.31876605473278848e-06
 2.20000000000000018e+00 2.75000000000000000e+00 1.40718142989596992e-03 4.97249931484613264e-06
 2.75000000000000000e+00 3.29999999999999982e+00 1.39455807131158723e-03 3.96180224492663118e-06
 3.29999999999999982e+00 3.85000000000000009e+00 1.40086884286258050e-03 3.96262891277817576e-06
 3.85000000000000009e+00 4.40000000000000036e+00 1.39636605534607626e-03 3.97072731364860047e-06
 4.40000000000000036e+00 4.95000000000000018e+00 1.39838284592117023e-03 5.07031737981365055e-06
 4.95000000000000018e+00 5.50000000000000000e+00 1.39662488592839028e-03 4.27471970361411236e-06
 5.50000000000000000e+00 6.04999999999999982e+00 1.40136057727048894e-03 4.10850993021026825e-06
 6.04999999999999982e+00 6.59999999999999964e+00 1.39567425275845345e-03 4.08197119283811342e-06
 6.59999999999999964e+00 7.15000000000000036e+00 1.39242068243058568e-03 4.67696597082130800e-06
 7.15000000000000036e+00 7.70000000000000018e+00 1.40196384695100498e-03 4.18559663507941947e-06
 7.70000000000000018e+00 8.25000000000000000e+00 1.40489213392309725e-03 5.30631732975510953e-06
 8.25000000000000000e+00 8.80000000000000071e+00 1.40908871825386412e-03 4.95842135844198561e-06
 8.80000000000000071e+00 9.34999999999999964e+00 1.40116197482386610e-03 5.11867190932903955e-06
 9.34999999999999964e+00 9.90000000000000036e+00 1.38969876246143945e-03 3.99718736634724089e-06
 9.90000000000000036e+00 1.04499999999999993e+01 1.39639131067325673e-03 4.39471209702386662e-06
 1.04499999999999993e+01 1.10000000000000000e+01 1.40201987648556014e-03 4.97616054474474855e-06
 1.10000000000000000e+01 1.15500000000000007e+01 1.41464207102657310e-03 9.44496123766574258e-06
 1.15500000000000007e+01 1.20999999999999996e+01 1.40385105515143291e-03 7.99669257963377917e-06
 1.20999999999999996e+01 1.26500000000000004e+01 1.39516824926368458e-03 4.28686000578772038e-06
 1.26500000000000004e+01 1.31999999999999993e+01 1.39801146966178971e-03 4.30331813779728584e-06
 1.31999999999999993e+01 1.37500000000000000e+01 1.39846805724201336e-03 4.08187913402401905e-06
 1.37500000000000000e+01 1.43000000000000007e+01 1.38842610015641908e-03 3.92033985116195292e-06
 1.43000000000000007e+01 1.48499999999999996e+01 1.39330161066704319e-03 4.70450361059744345e-06
 1.48499999999999996e+01 1.54000000000000004e+01 1.39802260740075021e-03 4.82511925348153658e-06
 1.54000000000000004e+01 1.59499999999999993e+01 1.39491167625694105e-03 4.12666652053012946e-06
 1.59499999999999993e+01 1.65000000000000000e+01 1.38864792214102068e-03 4.09766696755615070e-06
 1.65000000000000000e+01 1.70500000000000007e+01 1.39473667646138337e-03 4.14543226040119617e-06
 1.70500000000000007e+01 1.76000000000000014e+01 1.39730653990264046e-03 4.20417928935277912e-06
 1.76000000000000014e+01 1.81499999999999986e+01 1.38689129417816199e-03 4.26707779182481251e-06
 1.81499999999999986e+01 1.86999999999999993e+01 1.38936212268624256e-03 4.61903847068928593e-06
 1.86999999999999993e+01 1.92500000000000000e+01 1.39252104728034205e-03 4.98076690919193338e-06
 1.92500000000000000e+01 1.98000000000000007e+01 1.38969170181633115e-03 4.66172609061085239e-06
 1.98000000000000007e+01 2.03500000000000014e+01 1.38726886558455812e-03 4.18423983257190073e-06
 2.03500000000000014e+01 2.08999999999999986e+01 1.39085421819086399e-03 4.23158567728853403e-06
 2.08999999999999986e+01 2.14499999999999993e+01 1.39266861817378095e-03 4.26140630325166034e-06
 2.14499999999999993e+01 2.20000000000000000e+01 1.38476902407335626e-03 4.20975911829645312e-06
 2.20000000000000000e+01 2.25500000000000007e+01 1.38784244992175548e-03 4.37216934162588694e-06
 2.25500000000000007e+01 2.31000000000000014e+01 1.39048147669573892e-03 5.33645161126198007e-06
 2.31000000000000014e+01 2.36499999999999986e+01 1.39057419186084936e-03 4.34958495844982331e-06
 2.36499999999999986e+01 2.41999999999999993e+01 1.38796255488357156e-03 3.97961097344858767e-06
 2.41999999999999993e+01 2.47500000000000000e+01 1.39216252442653059e-03 4.07012754716841755e-06
 2.47500000000000000e+01 2.53000000000000007e+01 1.39346690322540018e-03 4.15101860515963711e-06
 2.53000000000000007e+01 2.58500000000000014e+01 1.39632480472463567e-03 4.73683207437547552e-06
 2.58500000000000014e+01 2.63999999999999986e+01 1.38543256181741510e-03 4.49031075728841130e-06
 2.63999999999999986e+01 2.69499999999999993e+01 1.38994220259568927e-03 5.20630550337988472e-06
 2.69499999999999993e+01 2.75000000000000000e+01 1.39508886837255274e-03 4.49903915927843910e-06
 2.75000000000000000e+01 2.80500000000000007e+01 1.38870412023634968e-03 4.60180865535048475e-06
 2.80500000000000007e+01 2.86000000000000014e+01 1.38853622072733713e-03 5.91254681319708256e-06
 2.86000000000000014e+01 2.91499999999999986e+01 1.38059511141499732e-03 4.47909583534143502e-06
 2.91499999999999986e+01 2.96999999999999993e+01 1.38781957784090771e-03 4.11465031089006828e-06
 2.96999999999999993e+01 3.02500000000000000e+01 1.38501778821852484e-03 4.17318814981426232e-06
 3.02500000000000000e+01 3.08000000000000007e+01 1.38615397777204583e-03 5.27733104590658204e-06
 3.08000000000000007e+01 3.13500000000000014e+01 1.38074056038190113e-03 4.07274759311456644e-06
 3.13500000000000014e+01 3.18999999999999986e+01 1.38293042259902878e-03 4.61682670643828756e-06
 3.18999999999999986e+01 3.24500000000000028e+01 1.38708721141582664e-03 8.41781177976000429e-06
 3.24500000000000028e+01 3.30000000000000000e+01 1.37813408384356234e-03 4.07668640748388261e-06
 3.30000000000000000e+01 3.35499999999999972e+01 1.37670660068550730e-03 4.23902415294287211e-06
 3.35499999999999972e+01 3.41000000000000014e+01 1.37961555977818826e-03 6.02999335005969432e-06
 3.41000000000000014e+01 3.46499999999999986e+01 1.37534986744170321e-03 5.53094720114156575e-06
 3.46499999999999986e+01 3.52000000000000028e+01 1.37752345794940503e-03 4.53875490312072174e-06
 3.52000000000000028e+01 3.57500000000000000e+01 1.37602155628923240e-03 4.07389934149010609e-06
 3.57500000000000000e+01 3.62999999999999972e+01 1.37184342451812397e-03 4.13394588660600140e-06
 3.62999999999999972e+01 3.68500000000000014e+01 1.38603728065549029e-03 4.09494593724501068e-06
 3.68500000000000014e+01 3.73999999999999986e+01 1.37652293933193583e-03 5.98913212805465951e-06
 3.73999999999999986e+01 3.79500000000000028e+01 1.37224368690856127e-03 4.70733736095778654e-06
 3.79500000000000028e+01 3.85000000000000000e+01 1.36703717433658985e-03 4.32625790871827523e-06
 3.85000000000000000e+01 3.90499999999999972e+01 1.37591967263114368e-03 4.19023418881066141e-06
 3.90499999999999972e+01 3.96000000000000014e+01 1.37312802909796377e-03 5.33960131358092281e-06
 3.96000000000000014e+01 4.01499999999999986e+01 1.36480659265209481e-03 4.22191583532715221e-06
 4.01499999999999986e+01 4.07000000000000028e+01 1.37053984577161512e-03 4.03932658392476515e-06
 4.07000000000000028e+01 4.12500000000000000e+01 1.37950964279932517e-03 5.03529101636519604e-06
 4.12500000000000000e+01 4.17999999999999972e+01 1.36793636046436077e-03 4.14751170216296997e-06
 4.17999999999999972e+01 4.23500000000000014e+01 1.38064181839184317e-03 5.85374001673768593e-06
 4.23500000000000014e+01 4.28999999999999986e+01 1.36754402986468283e-03 5.94101718252312101e-06
 4.28999999999999986e+01 4.34500000000000028e+01 1.36152983079700367e-03 4.49614855404755897e-06
 4.34500000000000028e+01 4.40000000000000000e+01 1.37033914699697594e-03 4.72901703498923169e-06
 4.40000000000000000e+01 4.45499999999999972e+01 1.36869305388232052e-03 6.85635288373609152e-06
 4.45499999999999972e+01 4.51000000000000014e+01 1.37938642269928836e-03 5.29442332213721699e-06
 4.51000000000000014e+01 4.56499999999999986e+01 1.36075349816662788e-03 4.63495995842558863e-06
 4.56499999999999986e+01 4.62000000000000028e+01 1.36476604648463982e-03 4.68228431206704763e-06
 4.62000000000000028e+01 4.67500000000000000e+01 1.36701637570805449e-03 8.85398710371607040e-06
 4.67500000000000000e+01 4.72999999999999972e+01 1.35974709940108189e-03 4.04956204098506342e-06
 4.72999999999999972e+01 4.78500000000000014e+01 1.36686586982050760e-03 5.19488764799331786e-06
 4.78500000000000014e+01 4.83999999999999986e+01 1.36234819552797813e-03 4.40944909507385151e-06
 4.83999999999999986e+01 4.89500000000000028e+01 1.36227552321146507e-03 6.77579675090650637e-06
 4.89500000000000028e+01 4.95000000000000000e+01 1.35816058511390478e-03 4.32955815972337415e-06
 4.95000000000000000e+01 5.00499999999999972e+01 1.35574995979507919e-03 4.61041781611288851e-06
 5.00499999999999972e+01 5.06000000000000014e+01 1.36101449476173182e-03 4.27719775940595697e-06
 5.06000000000000014e+01 5.11499999999999986e+01 1.36144703880226956e-03 5.58274418250204522e-06
 5.11499999999999986e+01 5.17000000000000028e+01 1.36548991468398058e-03 7.99667807625395881e-06
 5.17000000000000028e+01 5.22500000000000000e+01 1.35408221986090612e-03 4.93654242794287974e-06
 5.22500000000000000e+01 5.27999999999999972e+01 1.36404935319114299e-03 5.25668208421501150e-06
 5.27999999999999972e+01 5.33500000000000014e+01 1.35755424577191711e-03 4.30785885122984556e-06
 5.33500000000000014e+01 5.38999999999999986e+01 1.34629122555638098e-03 3.80901945544585594e-06
 5.38999999999999986e+01 5.44500000000000028e+01 1.35475698665211844e-03 4.30047096284058540e-06
 5.44500000000000028e+01 5.50000000000000000e+01 1.34426016133363580e-03 4.85774979644472014e-06
 5.50000000000000000e+01 5.55499999999999972e+01 1.34536957800637249e-03 4.93272720640200525e-06
 5.55499999999999972e+01 5.61000000000000014e+01 1.35159917812094745e-03 4.05560083126298501e-06
 5.61000000000000014e+01 5.66499999999999986e+01 1.34489150420393725e-03 4.63592760657419043e-06
 5.66499999999999986e+01 5.72000000000000028e+01 1.34597888935378989e-03 4.83016834410428954e-06
 5.72000000000000028e+01 5.77500000000000000e+01 1.34179173082286094e-03 4.78120874879666586e-06
 5.77500000000000000e+01 5.82999999999999972e+01 1.34193508509120691e-03 4.59117156285940317e-06
 5.82999999999999972e+01 5.88500000000000014e+01 1.33915136549153332e-03 3.80143576248518054e-06
 5.88500000000000014e+01 5.93999999999999986e+01 1.35282960349586315e-03 6.47748464676204910e-06
 5.93999999999999986e+01 5.99500000000000028e+01 1.34600577988744949e-03 4.79287036720528359e-06
 5.99500000000000028e+01 6.05000000000000000e+01 1.32810768888102257e-03 4.97397050296050326e-06
 6.05000000000000000e+01 6.10499999999999972e+01 1.33805591075584216e-03 4.50766373624553348e-06
 6.10499999999999972e+01 6.16000000000000014e+01 1.33264190547042419e-03 4.11342684933447358e-06
 6.16000000000000014e+01 6.21499999999999986e+01 1.33112214968403677e-03 4.01433037687698225e-06
 6.21499999999999986e+01 6.27000000000000028e+01 1.33151254489590810e-03 4.92076216994227741e-06
 6.27000000000000028e+01 6.32500000000000000e+01 1.32867056165442512e-03 4.22991074685034459e-06
 6.32500000000000000e+01 6.37999999999999972e+01 1.33472069888122217e-03 4.44700261715428918e-06
 6.37999999999999972e+01 6.43499999999999943e+01 1.33415500347816465e-03 5.55293147844373162e-06
 6.43499999999999943e+01 6.49000000000000057e+01 1.33266307998064449e-03 4.05566357172876774e-06
 6.49000000000000057e+01 6.54500000000000028e+01 1.33161424261037933e-03 4.31608565654908288e-06
 6.54500000000000028e+01 6.60000000000000000e+01 1.32754023347242162e-03 4.37571188599545695e-06
 6.60000000000000000e+01 6.65499999999999972e+01 1.32153435810908044e-03 3.75112428832799485e-06
 6.65499999999999972e+01 6.70999999999999943e+01 1.32539470545539801e-03 5.00800684672609507e-06
 6.70999999999999943e+01 6.76500000000000057e+01 1.31877296403192954e-03 4.32761516550769093e-06
 6.76500000000000057e+01 6.82000000000000028e+01 1.31819818218651460e-03 3.94655197880153681e-06
 6.82000000000000028e+01 6.87500000000000000e+01 1.32666387602186102e-03 4.00206591403910920e-06
 6.87500000000000000e+01 6.92999999999999972e+01 1.31322111802371607e-03 4.00812990749884393e-06
 6.92999999999999972e+01 6.98499999999999943e+01 1.31986839182045659e-03 4.42425536853217981e-06
 6.98499999999999943e+01 7.04000000000000057e+01 1.32656575668091176e-03 5.35526093674253276e-06
 7.04000000000000057e+01 7.09500000000000028e+01 1.31828877858437984e-03 4.47003053431953597e-06
 7.09500000000000028e+01 7.15000000000000000e+01 1.31071063885399323e-03 4.15642958604817001e-06
 7.15000000000000000e+01 7.20499999999999972e+01 1.31851909512986881e-03 7.93166351399088953e-06
 7.20499999999999972e+01 7.25999999999999943e+01 1.31173471657421159e-03 4.38264464888533191e-06
 7.25999999999999943e+01 7.31500000000000057e+01 1.30586339780183638e-03 4.17713095218267180e-06
 7.31500000000000057e+01 7.37000000000000028e+01 1.30570028719998376e-03 4.32460517154439176e-06
 7.37000000000000028e+01 7.42500000000000000e+01 1.31087703808121657e-03 5.07805607083462881e-06
 7.42500000000000000e+01 7.47999999999999972e+01 1.30380296993089120e-03 4.49858731837470743e-06
 7.47999999999999972e+01 7.53499999999999943e+01 1.30029220571631810e-03 5.03895635615835538e-06
 7.53499999999999943e+01 7.59000000000000057e+01 1.31479047946893865e-03 7.56761058514025928e-06
 7.59000000000000057e+01 7.64500000000000028e+01 1.30193392570098973e-03 4.96250383465110963e-06
 7.64500000000000028e+01 7.70000000000000000e+01 1.30666358241221417e-03 4.85296837646029847e-06
 7.70000000000000000e+01 7.75499999999999972e+01 1.30858041497068254e-03 4.98325019698676074e-06
 7.75499999999999972e+01 7.80999999999999943e+01 1.29604469550079790e-03 4.38210812106376471e-06
 7.80999999999999943e+01 7.86500000000000057e+01 1.29481678559443896e-03 4.19397327304862639e-06
 7.86500000000000057e+01 7.92000000000000028e+01 1.30786182585389396e-03 4.69233105111430205e-06
 7.92000000000000028e+01 7.97500000000000000e+01 1.30837958394823496e-03 7.65003235719606439e-06
 7.97500000000000000e+01 8.02999999999999972e+01 1.28772556884654841e-03 3.98341145564770364e-06
 8.02999999999999972e+01 8.08499999999999943e+01 1.29103714797473802e-03 4.02896514795675143e-06
 8.08499999999999943e+01 8.14000000000000057e+01 1.29955744064405685e-03 4.69383718790086630e-06
 8.14000000000000057e+01 8.19500000000000028e+01 1.29960275793911790e-03 4.62814802983295044e-06
 8.19500000000000028e+01 8.25000000000000000e+01 1.29170913451654443e-03 4.59525495749236739e-06
 8.25000000000000000e+01 8.30499999999999972e+01 1.29789464590895519e-03 1.14709060304337044e-05
 8.30499999999999972e+01 8.35999999999999943e+01 1.28785123872137905e-03 4.28890625008850154e-06
 8.35999999999999943e+01 8.41500000000000057e+01 1.28503491369125612e-03 5.46056478172574281e-06
 8.41500000000000057e+01 8.47000000000000028e+01 1.28595838465074249e-03 4.02965238654776478e-06
 8.47000000000000028e+01 8.52500000000000000e+01 1.28597085831151691e-03 4.68587173334839074e-06
 8.52500000000000000e+01 8.57999999999999972e+01 1.28357502153869196e-03 4.25092039895253251e-06
 8.57999999999999972e+01 8.63499999999999943e+01 1.27263865782365707e-03 3.99969079516112321e-06
 8.63499999999999943e+01 8.69000000000000057e+01 1.27176306859306870e-03 4.06240543225231043e-06
 8.69000000000000057e+01 8.74500000000000028e+01 1.28811599703480416e-03 6.51710642783886030e-06
 8.74500000000000028e+01 8.80000000000000000e+01 1.27631286560016374e-03 6.41798495029816157e-06
 8.80000000000000000e+01 8.85499999999999972e+01 1.27175578713131809e-03 5.08257992264473190e-06
 8.85499999999999972e+01 8.90999999999999943e+01 1.28038022201996731e-03 7.64327757002619778e-06
 8.90999999999999943e+01 8.96500000000000057e+01 1.26647488102865397e-03 4.09978826046887709e-06
 8.96500000000000057e+01 9.02000000000000028e+01 1.28801180675884802e-03 4.24640718026735146e-06
 9.02000000000000028e+01 9.07500000000000000e+01 1.30861071841448804e-03 4.24846026237604718e-06
 9.07500000000000000e+01 9.12999999999999972e+01 1.30088655637162934e-03 4.28573777106105690e-06
 9.12999999999999972e+01 9.18499999999999943e+01 1.30999953639338875e-03 4.31137049194869863e-06
 9.18499999999999943e+01 9.24000000000000057e+01 1.30990380762394782e-03 4.94817438935839961e-06
 9.24000000000000057e+01 9.29500000000000028e+01 1.30721665894911894e-03 4.25567221659455083e-06
 9.29500000000000028e+01 9.35000000000000000e+01 1.29656210408676245e-03 4.25220905213077166e-06
 9.35000000000000000e+01 9.40499999999999972e+01 1.30319408629365942e-03 4.84726891880992048e-06
 9.40499999999999972e+01 9.45999999999999943e+01 1.29493951894305188e-03 4.75367538468790296e-06
 9.45999999999999943e+01 9.51500000000000057e+01 1.29398679262134400e-03 4.47955943479974170e-06
 9.51500000000000057e+01 9.57000000000000028e+01 1.29417726203971250e-03 4.99151620890085841e-06
 9.57000000000000028e+01 9.62500000000000000e+01 1.29383227772484504e-03 4.53529804175357176e-06
 9.62500000000000000e+01 9.67999999999999972e+01 1.29397764667785599e-03 5.83907916560281836e-06
 9.67999999999999972e+01 9.73499999999999943e+01 1.28908570308188778e-03 5.24980702226045540e-06
 9.73499999999999943e+01 9.79000000000000057e+01 1.27869058212374122e-03 4.14953541201017113e-06
 9.79000000000000057e+01 9.84500000000000028e+01 1.28220326797561976e-03 4.90009001464752819e-06
 9.84500000000000028e+01 9.90000000000000000e+01 1.28200708684943557e-03 5.98056483810778801e-06
 9.90000000000000000e+01 9.95499999999999972e+01 1.27664403642860098e-03 4.14999565730382722e-06
 9.95499999999999972e+01 1.00099999999999994e+02 1.27753156273193369e-03 4.78437777619198356e-06
 1.00099999999999994e+02 1.00650000000000006e+02 1.26928606814385590e-03 4.36340062998489102e-06
 1.00650000000000006e+02 1.01200000000000003e+02 1.27317677207100608e-03 4.63886519509491070e-06
 1.01200000000000003e+02 1.01750000000000000e+02 1.26718428894398113e-03 5.20006413575743423e-06
 1.01750000000000000e+02 1.02299999999999997e+02 1.27120962889010485e-03 4.89712047974857421e-06
 1.02299999999999997e+02 1.02849999999999994e+02 1.26886414247238738e-03 7.57433589314643773e-06
 1.02849999999999994e+02 1.03400000000000006e+02 1.25837426813566627e-03 4.03662291772432375e-06
 1.03400000000000006e+02 1.03950000000000003e+02 1.25258256814046861e-03 4.63008417270709772e-06
 1.03950000000000003e+02 1.04500000000000000e+02 1.26274750790102554e-03 7.01674543404213687e-06
 1.04500000000000000e+02 1.05049999999999997e+02 1.25316579836599797e-03 4.27513479617765707e-06
 1.05049999999999997e+02 1.05599999999999994e+02 1.25830929085209262e-03 5.45328117603893838e-06
 1.05599999999999994e+02 1.06150000000000006e+02 1.26286820761737500e-03 9.15585745695525297e-06
 1.06150000000000006e+02 1.06700000000000003e+02 1.25668023193785741e-03 4.93965226992269065e-06
 1.06700000000000003e+02 1.07250000000000000e+02 1.25348277971459019e-03 5.52575753373516668e-06
 1.07250000000000000e+02 1.07799999999999997e+02 1.24214585700631840e-03 5.35211106055800483e-06
 1.07799999999999997e+02 1.08349999999999994e+02 1.23928097819608007e-03 4.90132473562480075e-06
 1.08349999999999994e+02 1.08900000000000006e+02 1.24156009002027124e-03 4.18970051515682577e-06
 1.08900000000000006e+02 1.09450000000000003e+02 1.24202491405809548e-03 6.55426260778414124e-06
 1.09450000000000003e+02 1.10000000000000000e+02 1.23404826735369556e-03 4.61875677858389227e-06
 1.10000000000000000e+02 1.10549999999999997e+02 1.24483660572248154e-03 5.94809113476184778e-06
 1.10549999999999997e+02 1.11099999999999994e+02 1.22788534196931502e-03 5.07787154939670210e-06
 1.11099999999999994e+02 1.11650000000000006e+02 1.22475363016780908e-03 5.23644140206430633e-06
 1.11650000000000006e+02 1.12200000000000003e+02 1.22711160138798750e-03 4.54601933309843360e-06
 1.12200000000000003e+02 1.12750000000000000e+02 1.21826354080511122e-03 4.09424410889690882e-06
 1.12750000000000000e+02 1.13299999999999997e+02 1.22825503913855387e-03 4.74477059764783604e-06
 1.13299999999999997e+02 1.13849999999999994e+02 1.21370614361116349e-03 4.77116860909085202e-06
 1.13849999999999994e+02 1.14400000000000006e+02 1.21813610641442640e-03 4.68765235508287126e-06
 1.14400000000000006e+02 1.14950000000000003e+02 1.21424597636794686e-03 5.24081055575994455e-06
 1.14950000000000003e+02 1.15500000000000000e+02 1.20571318678464761e-03 4.54309451592994845e-06
 1.15500000000000000e+02 1.16049999999999997e+02 1.21284975501206762e-03 4.26333174313152216e-06
 1.16049999999999997e+02 1.16599999999999994e+02 1.21144912385277121e-03 4.92234260638819609e-06
 1.16599999999999994e+02 1.17150000000000006e+02 1.21102341176892981e-03 5.46247452998842481e-06
 1.17150000000000006e+02 1.17700000000000003e+02 1.19988659535637840e-03 4.08862624016703534e-06
 1.17700000000000003e+02 1.18250000000000000e+02 1.19278310572918387e-03 4.34583260041882439e-06
 1.18250000000000000e+02 1.18799999999999997e+02 1.19111506481970665e-03 4.08368076363333518e-06
 1.18799999999999997e+02 1.19349999999999994e+02 1.19370306859898257e-03 6.20227062470170163e-06
 1.19349999999999994e+02 1.19900000000000006e+02 1.18453261354861412e-03 4.12424669682275722e-06
 1.19900000000000006e+02 1.20450000000000003e+02 1.19017357341251223e-03 5.61620213117439891e-06
 1.20450000000000003e+02 1.21000000000000000e+02 1.18776070819588534e-03 4.47569971503082110e-06
 1.21000000000000000e+02 1.21549999999999997e+02 1.18125796338705243e-03 4.44184599457791973e-06
 1.21549999999999997e+02 1.22099999999999994e+02 1.17516083476710805e-03 4.06505075683307886e-06
 1.22099999999999994e+02 1.22650000000000006e+02 1.18828339476635095e-03 1.21734214952757108e-05
 1.22650000000000006e+02 1.23200000000000003e+02 1.16728085881431386e-03 4.16494405430930897e-06
 1.23200000000000003e+02 1.23750000000000000e+02 1.16751047722952073e-03 4.79453155461267281e-06
 1.23750000000000000e+02 1.24299999999999997e+02 1.16298121115314228e-03 4.57430360438828618e-06
 1.24299999999999997e+02 1.24849999999999994e+02 1.16010968875909174e-03 4.69139183154830327e-06
 1.24849999999999994e+02 1.25400000000000006e+02 1.16969033960742696e-03 7.63150106962497741e-06
 1.25400000000000006e+02 1.25950000000000003e+02 1.15273448358177216e-03 4.04448378382924624e-06
 1.25950000000000003e+02 1.26500000000000000e+02 1.16674886723259585e-03 6.19052825081969247e-06
 1.26500000000000000e+02 1.27049999999999997e+02 1.15112401150902562e-03 3.93791581582547205e-06
 1.27049999999999997e+02 1.27599999999999994e+02 1.14213536444215838e-03 4.00749399020076351e-06
 1.27599999999999994e+02 1.28150000000000006e+02 1.14553567395996795e-03 4.00867457592272893e-06
 1.28150000000000006e+02 1.28699999999999989e+02 1.14257195407474715e-03 4.29592575228813610e-06
 1.28699999999999989e+02 1.29250000000000000e+02 1.14216252536078066e-03 4.67745272603757135e-06
 1.29250000000000000e+02 1.29800000000000011e+02 1.14141146261015824e-03 5.03959997379051785e-06
 1.29800000000000011e+02 1.30349999999999994e+02 1.13096672284986261e-03 3.95723453500843858e-06
 1.30349999999999994e+02 1.30900000000000006e+02 1.13095352807309965e-03 4.49866866377375714e-06
 1.30900000000000006e+02 1.31449999999999989e+02 1.12591366878871720e-03 3.96138073398892556e-06
 1.31449999999999989e+02 1.32000000000000000e+02 1.12852795465681025e-03 4.38099404171908602e-06
 1.32000000000000000e+02 1.32550000000000011e+02 1.14005145122569244e-03 1.90333734870059257e-05
 1.32550000000000011e+02 1.33099999999999994e+02 1.12287332828010593e-03 5.49102634516164500e-06
 1.33099999999999994e+02 1.33650000000000006e+02 1.11109788929548612e-03 3.95987620237194980e-06
 1.33650000000000006e+02 1.34199999999999989e+02 1.11577325352417672e-03 5.97550776991513050e-06
 1.34199999999999989e+02 1.34750000000000000e+02 1.10810841041971493e-03 4.03095536572174725e-06
 1.34750000000000000e+02 1.35300000000000011e+02 1.11833541089166643e-03 5.68733644332746030e-06
 1.35300000000000011e+02 1.35849999999999994e+02 1.10474096486278353e-03 4.30759970268931884e-06
 1.35849999999999994e+02 1.36400000000000006e+02 1.09158700240186059e-03 3.99742195068941901e-06
 1.36400000000000006e+02 1.36949999999999989e+02 1.09972241432246612e-03 4.52938874663901504e-06
 1.36949999999999989e+02 1.37500000000000000e+02 1.10582388292242693e-03 4.47608074823881697e-06
 1.37500000000000000e+02 1.38050000000000011e+02 1.09151243745350419e-03 3.89989276266095032e-06
 1.38050000000000011e+02 1.38599999999999994e+02 1.09489544498688569e-03 4.03929879066877706e-06
 1.38599999999999994e+02 1.39150000000000006e+02 1.08974198740767968e-03 4.88975078859934099e-06
 1.39150000000000006e+02 1.39699999999999989e+02 1.09170227144127197e-03 5.70524279381768975e-06
 1.39699999999999989e+02 1.40250000000000000e+02 1.08063495560206972e-03 4.30966205213725448e-06
 1.40250000000000000e+02 1.40800000000000011e+02 1.07833473960502677e-03 4.13788028536917271e-06
 1.40800000000000011e+02 1.41349999999999994e+02 1.06843204014275416e-03 4.01041420216348098e-06
 1.41349999999999994e+02 1.41900000000000006e+02 1.08175618877511155e-03 5.06785005048292659e-06
 1.41900000000000006e+02 1.42449999999999989e+02 1.06626360521473230e-03 4.46116423300835165e-06
 1.42449999999999989e+02 1.43000000000000000e+02 1.07301800657051347e-03 4.87135031686165807e-06
 1.43000000000000000e+02 1.43550000000000011e+02 1.05807040584377150e-03 4.05888276089715310e-06
 1.43550000000000011e+02 1.44099999999999994e+02 1.05803502882034577e-03 3.90319061512637277e-06
 1.44099999999999994e+02 1.44650000000000006e+02 1.05199359841510673e-03 3.68809435471279554e-06
 1.44650000000000006e+02 1.45199999999999989e+02 1.05453305594666274e-03 3.77439009796756763e-06
 1.45199999999999989e+02 1.45750000000000000e+02 1.04619697311025676e-03 4.01352859133103471e-06
 1.45750000000000000e+02 1.46300000000000011e+02 1.07073228521802695e-03 1.52572509697108215e-05
 1.46300000000000011e+02 1.46849999999999994e+02 1.03491091307790755e-03 4.00924488418611628e-06
 1.46849999999999994e+02 1.47400000000000006e+02 1.04270395609736347e-03 4.56420344110087099e-06
 1.47400000000000006e+02 1.47949999999999989e+02 1.03966597872556950e-03 5.68078025496159208e-06
 1.47949999999999989e+02 1.48500000000000000e+02 1.03792220843707331e-03 3.93528105070459834e-06
 1.48500000000000000e+02 1.49050000000000011e+02 1.03016112177781497e-03 5.34021673963604887e-06
 1.49050000000000011e+02 1.49599999999999994e+02 1.02491550093187925e-03 3.94149156134615829e-06
 1.49599999999999994e+02 1.50150000000000006e+02 1.01794066141039060e-03 3.78776694638579400e-06
 1.50150000000000006e+02 1.50699999999999989e+02 1.02309400118759408e-03 4.70743901562417751e-06
 1.50699999999999989e+02 1.51250000000000000e+02 1.02045892414615621e-03 6.72439356464551057e-06
 1.51250000000000000e+02 1.51800000000000011e+02 1.01552101810011355e-03 4.42815874575308426e-06
 1.51800000000000011e+02 1.52349999999999994e+02 1.01262021650296344e-03 4.11209580473203510e-06
 1.52349999999999994e+02 1.52900000000000006e+02 1.00533197725025027e-03 3.78995876878038804e-06
 1.52900000000000006e+02 1.53449999999999989e+02 1.00424594401056911e-03 3.85108166650500999e-06
 1.53449999999999989e+02 1.54000000000000000e+02 1.00429558971083539e-03 5.57474458504941380e-06
 1.54000000000000000e+02 1.54550000000000011e+02 9.94463210062552973e-04 4.27943643753527568e-06
 1.54550000000000011e+02 1.55099999999999994e+02 1.00185299606642868e-03 6.71001397041341538e-06
 1.55099999999999994e+02 1.55650000000000006e+02 9.89339685399637540e-04 4.14246430498569716e-06
 1.55650000000000006e+02 1.56199999999999989e+02 9.83778261365718387e-04 3.67955189387519147e-06
 1.56199999999999989e+02 1.56750000000000000e+02 9.87134104998333567e-04 3.79586991489057454e-06
 1.56750000000000000e+02 1.57300000000000011e+02 9.84934645539388247e-04 4.12776860123859608e-06
 1.57300000000000011e+02 1.57849999999999994e+02 9.88440683770196431e-04 7.55962413701805981e-06
 1.57849999999999994e+02 1.58400000000000006e+02 9.71101883297151931e-04 3.76086408515741760e-06
 1.58400000000000006e+02 1.58949999999999989e+02 9.78374506632725526e-04 4.52118949117008264e-06
 1.58949999999999989e+02 1.59500000000000000e+02 9.72220871839037690e-04 3.84345412046215657e-06
 1.59500000000000000e+02 1.60050000000000011e+02 9.59371337984414748e-04 3.93226456355891968e-06
 1.60050000000000011e+02 1.60599999999999994e+02 9.73017511621402428e-04 9.46526897909803988e-06
 1.60599999999999994e+02 1.61150000000000006e+02 9.69452898269463790e-04 6.53818766012109189e-06
 1.61150000000000006e+02 1.61699999999999989e+02 9.56447412173201629e-04 3.89170877619913407e-06
 1.61699999999999989e+02 1.62250000000000000e+02 9.51413563035898848e-04 3.86800690850128525e-06
 1.62250000000000000e+02 1.62800000000000011e+02 9.48478785861394075e-04 3.56363568633774605e-06
 1.62800000000000011e+02 1.63349999999999994e+02 9.46080959668929035e-04 4.36918973462577423e-06
 1.63349999999999994e+02 1.63900000000000006e+02 9.43338644203258717e-04 4.94575864004956671e-06
 1.63900000000000006e+02 1.64449999999999989e+02 9.47169662390301664e-04 8.72978936122310476e-06
 1.64449999999999989e+02 1.65000000000000000e+02 9.34402708419707854e-04 3.85685174367293998e-06
 1.65000000000000000e+02 1.65550000000000011e+02 9.33124534096034671e-04 3.79245512359215444e-06
 1.65550000000000011e+02 1.66099999999999994e+02 9.25663657366913254e-04 6.00644565673444132e-06
 1.66099999999999994e+02 1.66650000000000006e+02 9.28166980933865836e-04 3.79354111263258689e-06
 1.66650000000000006e+02 1.67199999999999989e+02 9.21446461545816567e-04 4.23755306020901752e-06
 1.67199999999999989e+02 1.67750000000000000e+02 9.21185419244479014e-04 4.62620791312435976e-06
 1.67750000000000000e+02 1.68300000000000011e+02 9.14323709769876425e-04 4.27643722407379666e-06
 1.68300000000000011e+02 1.68849999999999994e+02 9.11446443816426970e-04 3.77413557079461523e-06
 1.68849999999999994e+02 1.69400000000000006e+02 9.06198771045882618e-04 3.96295951413121165e-06
 1.69400000000000006e+02 1.69949999999999989e+02 9.01168897222009838e-04 3.88772968714909884e-06
 1.69949999999999989e+02 1.70500000000000000e+02 9.00241933711890766e-04 3.82966449440255760e-06
 1.70500000000000000e+02 1.71050000000000011e+02 8.93868800319310634e-04 3.84906635523678483e-06
 1.71050000000000011e+02 1.71599999999999994e+02 9.05094928584997691e-04 7.61580304128315582e-06
 1.71599999999999994e+02 1.72150000000000006e+02 8.98419603367167662e-04 4.35511302588973543e-06
 1.72150000000000006e+02 1.72699999999999989e+02 8.79624323859732726e-04 3.49935761942053535e-06
 1.72699999999999989e+02 1.73250000000000000e+02 8.74518792973918426e-04 3.61173311231178427e-06
 1.73250000000000000e+02 1.73800000000000011e+02 8.75618509571478645e-04 3.67241170974360789e-06
 1.73800000000000011e+02 1.74349999999999994e+02 8.80636480901142329e-04 6.80368049279822832e-06
 1.74349999999999994e+02 1.74900000000000006e+02 8.67807036058663712e-04 3.63196368125313451e-06
 1.74900000000000006e+02 1.75449999999999989e+02 8.61989849008055445e-04 3.52830887783143152e-06
 1.75449999999999989e+02 1.76000000000000000e+02 8.63640862990031804e-04 4.20376486103903361e-06
 1.76000000000000000e+02 1.76550000000000011e+02 8.56491431456594108e-04 3.94663941106496697e-06
 1.76550000000000011e+02 1.77099999999999994e+02 8.57588358819888139e-04 3.55995036609535850e-06
 1.77099999999999994e+02 1.77650000000000006e+02 8.62324439017439839e-04 6.66711782181175427e-06
 1.77650000000000006e+02 1.78199999999999989e+02 8.46964263063737315e-04 3.48500689335548618e-06
 1.78199999999999989e+02 1.78750000000000000e+02 8.47826260549286990e-04 4.53514222276463957e-06
 1.78750000000000000e+02 1.79300000000000011e+02 8.46287534952523506e-04 5.72019513624093347e-06
 1.79300000000000011e+02 1.79849999999999994e+02 8.36607119307379576e-04 3.28211085017589281e-06
 1.79849999999999994e+02 1.80400000000000006e+02 8.36191582915722219e-04 4.24063437828633068e-06
 1.80400000000000006e+02 1.80949999999999989e+02 8.38264826580907801e-04 3.67746943469376850e-06
 1.80949999999999989e+02 1.81500000000000000e+02 8.28086833155169001e-04 5.15691038530761823e-06
 1.81500000000000000e+02 1.82050000000000011e+02 8.56405767875843826e-04 2.88791911470026781e-05
 1.82050000000000011e+02 1.82599999999999994e+02 8.22136124046968339e-04 7.06842118694331215e-06
 1.82599999999999994e+02 1.83150000000000006e+02 8.14759890202141571e-04 3.44514202393359329e-06
 1.83150000000000006e+02 1.83699999999999989e+02 8.14843625795116998e-04 3.48838348167022121e-06
 1.83699999999999989e+02 1.84250000000000000e+02 8.14253954201581706e-04 3.59223894625957507e-06
 1.84250000000000000e+02 1.84800000000000011e+02 7.99339253406849254e-04 3.89829753771049491e-06
 1.84800000000000011e+02 1.85349999999999994e+02 8.04770311939735227e-04 3.86330365538541286e-06
 1.85349999999999994e+02 1.85900000000000006e+02 8.02217859055331462e-04 4.30966718240778471e-06
 1.85900000000000006e+02 1.86449999999999989e+02 7.89936060220977924e-04 3.76688682391000142e-06
 1.86449999999999989e+02 1.87000000000000000e+02 7.88323346034962139e-04 3.36069539003585900e-06
 1.87000000000000000e+02 1.87550000000000011e+02 7.83679586950191158e-04 3.46354720901334374e-06
 1.87550000000000011e+02 1.88099999999999994e+02 7.77227900259142858e-04 3.47790306788964505e-06
 1.88099999999999994e+02 1.88650000000000006e+02 7.85221675328892210e-04 4.14658607268747451e-06
 1.88650000000000006e+02 1.89199999999999989e+02 7.74254371362358010e-04 3.35366968622735096e-06
 1.89199999999999989e+02 1.89750000000000000e+02 7.79905533983388114e-04 8.18695840131201804e-06
 1.89750000000000000e+02 1.90300000000000011e+02 7.64660933573036924e-04 3.85008949859704262e-06
 1.90300000000000011e+02 1.90849999999999994e+02 7.57167693323053045e-04 3.25588085360705870e-06
 1.90849999999999994e+02 1.91400000000000006e+02 7.56644293789298663e-04 3.07047632013573168e-06
 1.91400000000000006e+02 1.91949999999999989e+02 7.57690426486018367e-04 4.45906156915606417e-06
 1.91949999999999989e+02 1.92500000000000000e+02 7.56951672792380141e-04 5.13511819899776026e-06
 1.92500000000000000e+02 1.93050000000000011e+02 7.55027507426574845e-04 3.35124161588347365e-06
 1.93050000000000011e+02 1.93599999999999994e+02 7.83385977706165968e-04 3.78325480155823014e-05
 1.93599999999999994e+02 1.94150000000000006e+02 7.33677025559847712e-04 3.38911079691601835e-06
 1.94150000000000006e+02 1.94699999999999989e+02 7.31248708828561808e-04 3.14619993980268266e-06
 1.94699999999999989e+02 1.95250000000000000e+02 7.33897634273891612e-04 3.70754115449491677e-06
 1.95250000000000000e+02 1.95800000000000011e+02 7.29108179612444397e-04 5.88179104537197089e-06
 1.95800000000000011e+02 1.96349999999999994e+02 7.24819795221168673e-04 4.21882947514429337e-06
 1.96349999999999994e+02 1.96900000000000006e+02 7.19406796188658206e-04 3.52035741645742733e-06
 1.96900000000000006e+02 1.97449999999999989e+02 7.15221465573613558e-04 3.32323785382409042e-06
 1.97449999999999989e+02 1.98000000000000000e+02 7.16750788518115758e-04 3.45425715734418678e-06
 1.98000000000000000e+02 1.98550000000000011e+02 7.16841005494421720e-04 4.50095452412506820e-06
 1.98550000000000011e+02 1.99099999999999994e+02 7.04774208910407228e-04 3.41523235767016685e-06
 1.99099999999999994e+02 1.99650000000000006e+02 7.00485416580771871e-04 3.50135265176991391e-06
 1.99650000000000006e+02 2.00199999999999989e+02 6.94482730876509443e-04 7.90758738761050957e-06
 2.00199999999999989e+02 2.00750000000000000e+02 6.98041486121306451e-04 6.11045207727726003e-06
 2.00750000000000000e+02 2.01300000000000011e+02 6.79026124959444485e-04 3.28502784271449292e-06
 2.01300000000000011e+02 2.01849999999999994e+02 6.76717742341615444e-04 3.09513606981033916e-06
 2.01849999999999994e+02 2.02400000000000006e+02 6.78814433189210546e-04 3.15246970322142902e-06
 2.02400000000000006e+02 2.02949999999999989e+02 6.75811459684826240e-04 3.18179872616753000e-06
 2.02949999999999989e+02 2.03500000000000000e+02 6.72242904390737408e-04 3.56189535100199340e-06
 2.03500000000000000e+02 2.04050000000000011e+02 6.67309309874706993e-04 3.05418796584914353e-06
 2.04050000000000011e+02 2.04599999999999994e+02 6.60111553054010800e-04 3.07694595138181456e-06
 2.04599999999999994e+02 2.05150000000000006e+02 6.59493475909712717e-04 3.33935003246194695e-06
 2.05150000000000006e+02 2.05699999999999989e+02 6.52171453147897570e-04 3.99397191948004544e-06
 2.05699999999999989e+02 2.06250000000000000e+02 6.48555385551288907e-04 3.18091228019919248e-06
 2.06250000000000000e+02 2.06800000000000011e+02 6.51012484911130530e-04 3.27304007569316438e-06
 2.06800000000000011e+02 2.07349999999999994e+02 6.46064804396213497e-04 4.13896026424613121e-06
 2.07349999999999994e+02 2.07900000000000006e+02 6.50020998074603935e-04 9.39511568838264650e-06
 2.07900000000000006e+02 2.08449999999999989e+02 6.29955821057991746e-04 3.27192946253941377e-06
 2.08449999999999989e+02 2.09000000000000000e+02 6.30950258581757916e-04 3.42060527513376100e-06
 2.09000000000000000e+02 2.09550000000000011e+02 6.25814273472407299e-04 3.88297856016506647e-06
 2.09550000000000011e+02 2.10099999999999994e+02 6.21063190820348820e-04 3.63080073531094437e-06
 2.10099999999999994e+02 2.10650000000000006e+02 6.16201555257808405e-04 3.33367412930919542e-06
 2.10650000000000006e+02 2.11199999999999989e+02 6.06058430548368798e-04 3.09030894589865794e-06
 2.11199999999999989e+02 2.11750000000000000e+02 6.07648950037885838e-04 3.57264378512674176e-06
 2.11750000000000000e+02 2.12300000000000011e+02 6.09279201961515984e-04 3.57769103499269715e-06
 2.12300000000000011e+02 2.12849999999999994e+02 5.98681192999666158e-04 3.27723451840441609e-06
 2.12849999999999994e+02 2.13400000000000006e+02 5.93897923533190700e-04 3.31987545557827212e-06
 2.13400000000000006e+02 2.13949999999999989e+02 5.93212079162462038e-04 4.24368341267075278e-06
 2.13949999999999989e+02 2.14500000000000000e+02 5.95986841030203877e-04 3.89744627955386892e-06
 2.14500000000000000e+02 2.15050000000000011e+02 5.81349849795505334e-04 2.98674854027761847e-06
 2.15050000000000011e+02 2.15599999999999994e+02 5.80776870121504983e-04 2.97589328819281261e-06
 2.15599999999999994e+02 2.16150000000000006e+02 5.78553565499875864e-04 2.96780229259868293e-06
 2.16150000000000006e+02 2.16699999999999989e+02 5.68017896732703155e-04 2.86752718774058347e-06
 2.16699999999999989e+02 2.17250000000000000e+02 5.64778422818194674e-04 3.94278852376356860e-06
 2.17250000000000000e+02 2.17800000000000011e+02 5.57104073323822597e-04 2.99145176716089446e-06
 2.17800000000000011e+02 2.18349999999999994e+02 5.59078584986629412e-04 3.13099525248218865e-06
 2.18349999999999994e+02 2.18900000000000006e+02 5.52899839014262613e-04 6.89514056603064675e-06
 2.18900000000000006e+02 2.19449999999999989e+02 5.53116306799968658e-04 3.22009410424875250e-06
 2.19449999999999989e+02 2.20000000000000000e+02 5.43037661120981756e-04 2.91352383782129384e-06
 2.20000000000000000e+02 2.20550000000000011e+02 5.37997389820184615e-04 2.92020802996044030e-06
 2.20550000000000011e+02 2.21099999999999994e+02 5.36104668783227178e-04 3.07410584533228155e-06
 2.21099999999999994e+02 2.21650000000000006e+02 5.42084929672123758e-04 4.30142563110549576e-06
 2.21650000000000006e+02 2.22199999999999989e+02 5.32200709975031707e-04 3.43789712614011841e-06
 2.22199999999999989e+02 2.22750000000000000e+02 5.27638720428167947e-04 3.68562019654659239e-06
 2.22750000000000000e+02 2.23300000000000011e+02 5.20067303674915434e-04 2.98606300339966342e-06
 2.23300000000000011e+02 2.23849999999999994e+02 5.18044098620843644e-04 7.18502270963350010e-06
 2.23849999999999994e+02 2.24400000000000006e+02 5.08283868761596190e-04 2.71379815207982505e-06
 2.24400000000000006e+02 2.24949999999999989e+02 5.01275817327308400e-04 2.74885100037596508e-06
 2.24949999999999989e+02 2.25500000000000000e+02 5.02351020157642755e-04 4.79923352122502837e-06
 2.25500000000000000e+02 2.26050000000000011e+02 4.99551948622422790e-04 3.04032728135247719e-06
 2.26050000000000011e+02 2.26599999999999994e+02 4.97268038226225716e-04 3.57528542829420754e-06
 2.26599999999999994e+02 2.27150000000000006e+02 4.93769414471828408e-04 3.91465003390766641e-06
 2.27150000000000006e+02 2.27699999999999989e+02 4.83562822717650343e-04 2.76882438031094367e-06
 2.27699999999999989e+02 2.28250000000000000e+02 4.76790213136094921e-04 3.24152559214532363e-06
 2.28250000000000000e+02 2.28800000000000011e+02 4.68050329396495234e-04 2.71589254498765203e-06
 2.28800000000000011e+02 2.29349999999999994e+02 4.69328328191556264e-04 3.54489690802586748e-06
 2.29349999999999994e+02 2.29900000000000006e+02 4.67308865167612674e-04 2.96172562068143010e-06
 2.29900000000000006e+02 2.30449999999999989e+02 4.58761729409579470e-04 3.22702584593161790e-06
 2.30449999999999989e+02 2.31000000000000000e+02 4.56452810337900120e-04 2.84834759357684899e-06
 2.31000000000000000e+02 2.31550000000000011e+02 4.52885797702571246e-04 2.92670322098981867e-06
 2.31550000000000011e+02 2.32099999999999994e+02 4.47823553607232131e-04 2.62695180555245901e-06
 2.32099999999999994e+02 2.32650000000000006e+02 4.42671487703492829e-04 2.95824293649903476e-06
 2.32650000000000006e+02 2.33199999999999989e+02 4.38887758811045195e-04 3.09169037680694606e-06
 2.33199999999999989e+02 2.33750000000000000e+02 4.38420444353594468e-04 3.42017359991741369e-06
 2.33750000000000000e+02 2.34300000000000011e+02 4.29794854778694168e-04 3.33317834213879282e-06
 2.34300000000000011e+02 2.34849999999999994e+02 4.37825305964889252e-04 3.65331376228191329e-06
 2.34849999999999994e+02 2.35400000000000006e+02 4.23669988639976036e-04 3.26327791380763023e-06
 2.35400000000000006e+02 2.35949999999999989e+02 4.15804160619777981e-04 2.86029128903862980e-06
 2.35949999999999989e+02 2.36500000000000000e+02 4.14707462365347939e-04 3.00643602489118533e-06
 2.36500000000000000e+02 2.37050000000000011e+02 4.03600700373755138e-04 2.69325413136020951e-06
 2.37050000000000011e+02 2.37599999999999994e+02 4.04569429348687539e-04 3.31452289798551578e-06
 2.37599999999999994e+02 2.38150000000000006e+02 4.08901642565700119e-04 4.54046359594580562e-06
 2.38150000000000006e+02 2.38699999999999989e+02 3.96728263131800908e-04 3.24270552455894351e-06
 2.38699999999999989e+02 2.39250000000000000e+02 3.91374543704061642e-04 2.56826902556654245e-06
 2.39250000000000000e+02 2.39800000000000011e+02 3.84626047377460570e-04 2.69128538363892117e-06
 2.39800000000000011e+02 2.40349999999999994e+02 3.81270839519321479e-04 2.98799229899645912e-06
 2.40349999999999994e+02 2.40900000000000006e+02 3.75566531506195097e-04 2.52252502604602812e-06
 2.40900000000000006e+02 2.41449999999999989e+02 3.73708693198034341e-04 2.68715007355922335e-06
 2.41449999999999989e+02 2.42000000000000000e+02 3.68376714509890935e-04 2.56070315119681318e-06
 2.42000000000000000e+02 2.42550000000000011e+02 3.68517635539932485e-04 3.12810917309039990e-06
 2.42550000000000011e+02 2.43099999999999994e+02 3.56923096195416905e-04 3.02471825386269042e-06
 2.43099999999999994e+02 2.43650000000000006e+02 3.54380656344821759e-04 2.60318167869233143e-06
 2.43650000000000006e+02 2.44199999999999989e+02 3.48738187923654415e-04 2.41203119427486751e-06
 2.44199999999999989e+02 2.44750000000000000e+02 3.46494059510957990e-04 2.50225125331840842e-06
 2.44750000000000000e+02 2.45300000000000011e+02 3.35991517648107703e-04 2.47085407483859394e-06
 2.45300000000000011e+02 2.45849999999999994e+02 3.37478992685347440e-04 2.63504808329649055e-06
 2.45849999999999994e+02 2.46400000000000006e+02 3.30967675889616076e-04 2.78570443988670498e-06
 2.46400000000000006e+02 2.46949999999999989e+02 3.28351789234727486e-04 3.33852182191346844e-06
 2.46949999999999989e+02 2.47500000000000000e+02 3.24508476342025981e-04 2.47356852519668230e-06
 2.47500000000000000e+02 2.48050000000000011e+02 3.17008441145981098e-04 2.72973184482574933e-06
 2.48050000000000011e+02 2.48599999999999994e+02 3.19405944031012686e-04 3.48384173330843866e-06
 2.48599999999999994e+02 2.49150000000000006e+02 3.09877967385919486e-04 2.74830787848423519e-06
 2.49150000000000006e+02 2.49699999999999989e+02 3.07704343872196946e-04 2.48756653363714046e-06
 2.49699999999999989e+02 2.50250000000000000e+02 3.03109158243177433e-04 2.61142523331696994e-06
 2.50250000000000000e+02 2.50800000000000011e+02 2.94127736426391423e-04 2.58999589174350922e-06
 2.50800000000000011e+02 2.51349999999999994e+02 2.96125381358748347e-04 4.29686104820395753e-06
 2.51349999999999994e+02 2.51900000000000006e+02 2.90676194569912665e-04 3.00830532821555878e-06
 2.51900000000000006e+02 2.52449999999999989e+02 2.84816431975043808e-04 2.68356368286591606e-06
 2.52449999999999989e+02 2.53000000000000000e+02 2.79145588144441418e-04 2.44609793754853240e-06
 2.53000000000000000e+02 2.53550000000000011e+02 2.75065706046629754e-04 4.32043029414274893e-06
 2.53550000000000011e+02 2.54099999999999994e+02 2.79131964410281352e-04 3.63129521425867801e-06
 2.54099999999999994e+02 2.54650000000000006e+02 2.71040962829727033e-04 2.82342214236625662e-06
 2.54650000000000006e+02 2.55199999999999989e+02 2.63772088876966233e-04 2.20448400530311130e-06
 2.55199999999999989e+02 2.55750000000000000e+02 2.53566294392893301e-04 2.12866373231102096e-06
 2.55750000000000000e+02 2.56300000000000011e+02 2.53621762644956725e-04 2.10041299465083868e-06
 2.56300000000000011e+02 2.56850000000000023e+02 2.50547309743086592e-04 2.62230028285027564e-06
 2.56850000000000023e+02 2.57399999999999977e+02 2.45047772792467578e-04 2.42007632732537089e-06
 2.57399999999999977e+02 2.57949999999999989e+02 2.42268931761522801e-04 2.32405389986608575e-06
 2.57949999999999989e+02 2.58500000000000000e+02 2.37554931268719267e-04 2.32381374115501028e-06
 2.58500000000000000e+02 2.59050000000000011e+02 2.26919657212496000e-04 2.00825352489830965e-06
 2.59050000000000011e+02 2.59600000000000023e+02 2.26208539321822892e-04 1.97112242789613312e-06
 2.59600000000000023e+02 2.60149999999999977e+02 2.22210757484441195e-04 2.03625863556174153e-06
 2.60149999999999977e+02 2.60699999999999989e+02 2.20814433004409431e-04 2.92031534942771003e-06
 2.60699999999999989e+02 2.61250000000000000e+02 2.12648315051226387e-04 2.33270578716298994e-06
 2.61250000000000000e+02 2.61800000000000011e+02 2.13023431391459105e-04 1.95899194848216103e-06
 2.61800000000000011e+02 2.62350000000000023e+02 2.07480707800197100e-04 1.92125960199501767e-06
 2.62350000000000023e+02 2.62899999999999977e+02 2.06257733005434237e-04 2.16273767096882159e-06
 2.62899999999999977e+02 2.63449999999999989e+02 2.02194000907041826e-04 2.64237456907396744e-06
 2.63449999999999989e+02 2.64000000000000000e+02 2.00957379290540660e-04 3.47410258754741037e-06
 2.64000000000000000e+02 2.64550000000000011e+02 1.92601840552865925e-04 3.64506165514740234e-06
 2.64550000000000011e+02 2.65100000000000023e+02 1.87021527198717811e-04 1.83627413828017086e-06
 2.65100000000000023e+02 2.65649999999999977e+02 1.91548232198801544e-04 5.19271447815025228e-06
 2.65649999999999977e+02 2.66199999999999989e+02 1.84264888893599416e-04 2.09851878182248821e-06
 2.66199999999999989e+02 2.66750000000000000e+02 1.77329482184049005e-04 1.79434337553280747e-06
 2.66750000000000000e+02 2.67300000000000011e+02 1.75746704771641065e-04 2.03213582667417654e-06
 2.67300000000000011e+02 2.67850000000000023e+02 1.67305601475482428e-04 1.90187264261552955e-06
 2.67850000000000023e+02 2.68399999999999977e+02 1.64624976822628171e-04 1.84722175063182537e-06
 2.68399999999999977e+02 2.68949999999999989e+02 1.61839686577970794e-04 1.96734682353035011e-06
 2.68949999999999989e+02 2.69500000000000000e+02 1.56548503266611740e-04 1.76334928851577317e-06
 2.69500000000000000e+02 2.70050000000000011e+02 1.59937402983970301e-04 2.21221008277214688e-06
 2.70050000000000011e+02 2.70600000000000023e+02 1.50735631743396676e-04 1.72791059424374760e-06
 2.70600000000000023e+02 2.71149999999999977e+02 1.53933928857085355e-04 5.14880854735359002e-06
 2.71149999999999977e+02 2.71699999999999989e+02 1.46086362963687721e-04 1.87341960758124354e-06
 2.71699999999999989e+02 2.72250000000000000e+02 1.42816386894842833e-04 2.71491040446957271e-06
 2.72250000000000000e+02 2.72800000000000011e+02 1.36892996227385067e-04 1.69334587818722322e-06
 2.72800000000000011e+02 2.73350000000000023e+02 1.35174748879939130e-04 1.73456303966739288e-06
 2.73350000000000023e+02 2.73899999999999977e+02 1.32002207271636907e-04 2.36666986028219800e-06
 2.73899999999999977e+02 2.74449999999999989e+02 1.33913163858334009e-04 1.93404983195070010e-06
 2.74449999999999989e+02 2.75000000000000000e+02 1.29321690775915802e-04 1.91999684458843742e-06
 2.75000000000000000e+02 2.75550000000000011e+02 1.21314293102497620e-04 1.62199505908834052e-06
 2.75550000000000011e+02 2.76100000000000023e+02 1.27000324408017211e-04 3.91145967225522202e-06
 2.76100000000000023e+02 2.76649999999999977e+02 1.21584321524372603e-04 5.37163143224009238e-06
 2.76649999999999977e+02 2.77199999999999989e+02 1.14485812492005424e-04 1.57057839592521443e-06
 2.77199999999999989e+02 2.77750000000000000e+02 1.11665811574420497e-04 1.70566749199162375e-06
 2.77750000000000000e+02 2.78300000000000011e+02 1.10640172747564189e-04 1.95470057935603948e-06
 2.78300000000000011e+02 2.78850000000000023e+02 1.10702714036473555e-04 1.77626451544988267e-06
 2.78850000000000023e+02 2.79399999999999977e+02 1.06687972498851485e-04 4.00408976561102369e-06
 2.79399999999999977e+02 2.79949999999999989e+02 1.02024161229237437e-04 1.70276236136437978e-06
 2.79949999999999989e+02 2.80500000000000000e+02 9.92463383732288147e-05 1.98497638246722055e-06
 2.80500000000000000e+02 2.81050000000000011e+02 9.31582335987439638e-05 1.55473499861847362e-06
 2.81050000000000011e+02 2.81600000000000023e+02 9.32927165522090616e-05 1.47548579610271633e-06
 2.81600000000000023e+02 2.82149999999999977e+02 9.23586649482332475e-05 1.88387723797095089e-06
 2.82149999999999977e+02 2.82699999999999989e+02 8.65524427442108214e-05 1.53833799111368984e-06
 2.82699999999999989e+02 2.83250000000000000e+02 8.27439129233625473e-05 1.36663446785442326e-06
 2.83250000000000000e+02 2.83800000000000011e+02 7.94035864639975350e-05 1.36454566312388954e-06
 2.83800000000000011e+02 2.84350000000000023e+02 7.97324961167726788e-05 1.38191281822026665e-06
 2.84350000000000023e+02 2.84899999999999977e+02 7.92441791598358543e-05 1.59660718530409818e-06
 2.84899999999999977e+02 2.85449999999999989e+02 7.19755142639937496e-05 1.48436970353014482e-06
 2.85449999999999989e+02 2.86000000000000000e+02 7.40543518670231819e-05 1.39872377021243638e-06
 2.86000000000000000e+02 2.86550000000000011e+02 6.92202644858351882e-05 1.27378354159392478e-06
 2.86550000000000011e+02 2.87100000000000023e+02 6.78111661298549001e-05 1.45014168226369142e-06
 2.87100000000000023e+02 2.87649999999999977e+02 6.36957245798951133e-05 1.30656811162229579e-06
 2.87649999999999977e+02 2.88199999999999989e+02 6.23305834953818619e-05 1.54266136046124913e-06
 2.88199999999999989e+02 2.88750000000000000e+02 6.26238012305648596e-05 1.48042311957103483e-06
 2.88750000000000000e+02 2.89300000000000011e+02 5.92434361877634954e-05 1.58459763550833712e-06
 2.89300000000000011e+02 2.89850000000000023e+02 5.54510033089712287e-05 1.22763287177760147e-06
 2.89850000000000023e+02 2.90399999999999977e+02 5.19555255265756729e-05 1.34034854029691174e-06
 2.90399999999999977e+02 2.90949999999999989e+02 4.90983964284501489e-05 1.03031537753928797e-06
 2.90949999999999989e+02 2.91500000000000000e+02 4.99107774787298762e-05 1.72191895142731140e-06
 2.91500000000000000e+02 2.92050000000000011e+02 4.74512832316803206e-05 1.15968006141839201e-06
 2.92050000000000011e+02 2.92600000000000023e+02 4.39178206597747823e-05 1.07192217313667144e-06
 2.92600000000000023e+02 2.93149999999999977e+02 4.77913287740022011e-05 4.90542274935024719e-06
 2.93149999999999977e+02 2.93699999999999989e+02 4.17766159614394751e-05 1.13034834143410197e-06
 2.93699999999999989e+02 2.94250000000000000e+02 3.98125241109703940e-05 1.26753204572930895e-06
 2.94250000000000000e+02 2.94800000000000011e+02 3.74397376697248020e-05 2.08259954132385596e-06
 2.94800000000000011e+02 2.95350000000000023e+02 3.82297902094194810e-05 1.96707032794740446e-06
 2.95350000000000023e+02 2.95899999999999977e+02 3.23156094287132417e-05 1.03075177859711707e-06
 2.95899999999999977e+02 2.96449999999999989e+02 3.19656954746152516e-05 1.11487105066185897e-06
 2.96449999999999989e+02 2.97000000000000000e+02 3.15114931477579170e-05 1.29891669325714550e-06
 2.97000000000000000e+02 2.97550000000000011e+02 2.65887430072872440e-05 1.11186741803364232e-06
 2.97550000000000011e+02 2.98100000000000023e+02 2.59950221966820985e-05 1.22897089400102098e-06
 2.98100000000000023e+02 2.98649999999999977e+02 2.32606832830407342e-05 8.12260569424269746e-07
 2.98649999999999977e+02 2.99199999999999989e+02 2.55030737650034299e-05 1.71000013748751543e-06
 2.99199999999999989e+02 2.99750000000000000e+02 2.25491890805654752e-05 1.16881782394321322e-06
 2.99750000000000000e+02 3.00300000000000011e+02 2.22586014748234548e-05 9.77607913138607813e-07
 3.00300000000000011e+02 3.00850000000000023e+02 1.89464046267405211e-05 9.96087228259290044e-07
 3.00850000000000023e+02 3.01399999999999977e+02 1.86605306890606155e-05 9.41266462126742692e-07
 3.01399999999999977e+02 3.01949999999999989e+02 1.52821318196833499e-05 7.61695128425512672e-07
 3.01949999999999989e+02 3.02500000000000000e+02 1.44941748792826321e-05 1.58154611263491006e-06
 3.02500000000000000e+02 3.03050000000000011e+02 1.30055447792952665e-05 7.11280624938954433e-07
 3.03050000000000011e+02 3.03600000000000023e+02 1.10316272245815297e-05 6.70820229102240269e-07
 3.03600000000000023e+02 3.04149999999999977e+02 1.17223658650494861e-05 1.31926236083332823e-06
 3.04149999999999977e+02 3.04699999999999989e+02 9.17016740801972510e-06 6.41525477496778688e-07
 3.04699999999999989e+02 3.05250000000000000e+02 7.92481877887185192e-06 5.19986947829234114e-07
 3.05250000000000000e+02 3.05800000000000011e+02 7.69396982073909781e-06 6.04652470391632742e-07
 3.05800000000000011e+02 3.06350000000000023e+02 8.01422544292268149e-06 1.21134736265913946e-06
 3.06350000000000023e+02 3.06899999999999977e+02 5.75107756576245556e-06 5.51922654637045725e-07
 3.06899999999999977e+02 3.07449999999999989e+02 4.83209312794556239e-06 4.66239273064796202e-07
 3.07449999999999989e+02 3.08000000000000000e+02 3.85400685835551833e-06 4.21387039168173888e-07
 3.08000000000000000e+02 3.08550000000000011e+02 2.68669945064212208e-06 3.20094242354172095e-07
 3.08550000000000011e+02 3.09100000000000023e+02 3.08227579463719640e-06 4.44974502015364667e-07
 3.09100000000000023e+02 3.09649999999999977e+02 1.66775569647953580e-06 2.70749756263739882e-07
 3.09649999999999977e+02 3.10199999999999989e+02 1.50622506917140777e-06 2.30968003792974687e-07
 3.10199999999999989e+02 3.10750000000000000e+02 1.14232795392678165e-06 2.23601987560464150e-07
 3.10750000000000000e+02 3.11300000000000011e+02 4.75642006979128172e-07 1.33418456213428451e-07
 3.11300000000000011e+02 3.11850000000000023e+02 4.55133116905083504e-07 1.54094632058229352e-07
 3.11850000000000023e+02 3.12399999999999977e+02 2.90427126342055506e-07 1.50742477246959679e-07
 3.12399999999999977e+02 3.12949999999999989e+02 7.74282228020365138e-08 3.81433830348182546e-08
 3.12949999999999989e+02 3.13500000000000000e+02 3.18505178548254783e-08 3.18505178548254783e-08
 3.13500000000000000e+02 3.14050000000000011e+02 0.00000000000000000e+00 0.00000000000000000e+00
 3.14050000000000011e+02 3.14600000000000023e+02 0.00000000000000000e+00 0.00000000000000000e+00
 3.14600000000000023e+02 3.15149999999999977e+02 0.00000000000000000e+00 0.00000000000000000e+00
 3.15149999999999977e+02 3.15699999999999989e+02 0.00000000000000000e+00 0.00000000000000000e+00
 3.15699999999999989e+02 3.16250000000000000e+02 0.00000000000000000e+00 0.00000000000000000e+00
 3.16250000000000000e+02 3.16800000000000011e+02 0.00000000000000000e+00 0.00000000000000000e+00
 3.16800000000000011e+02 3.17350000000000023e+02 0.00000000000000000e+00 0.00000000000000000e+00
 3.17350000000000023e+02 3.17899999999999977e+02 0.00000000000000000e+00 0.00000000000000000e+00
 3.17899999999999977e+02 3.18449999999999989e+02 0.00000000000000000e+00 0.00000000000000000e+00
 3.18449999999999989e+02 3.19000000000000000e+02 0.00000000000000000e+00 0.00000000000000000e+00
 3.19000000000000000e+02 3.19550000000000011e+02 0.00000000000000000e+00 0.00000000000000000e+00
 3.19550000000000011e+02 3.20100000000000023e+02 0.00000000000000000e+00 0.00000000000000000e+00
 3.20100000000000023e+02 3.20649999999999977e+02 0.00000000000000000e+00 0.00000000000000000e+00
 3.20649999999999977e+02 3.21199999999999989e+02 0.00000000000000000e+00 0.00000000000000000e+00
 3.21199999999999989e+02 3.21750000000000000e+02 0.00000000000000000e+00 0.00000000000000000e+00
 3.21750000000000000e+02 3.22300000000000011e+02 0.00000000000000000e+00 0.00000000000000000e+00
 3.22300000000000011e+02 3.22850000000000023e+02 0.00000000000000000e+00 0.00000000000000000e+00
 3.22850000000000023e+02 3.23399999999999977e+02 0.00000000000000000e+00 0.00000000000000000e+00
 3.23399999999999977e+02 3.23949999999999989e+02 0.00000000000000000e+00 0.00000000000000000e+00
 3.23949999999999989e+02 3.24500000000000000e+02 0.00000000000000000e+00 0.00000000000000000e+00
 3.24500000000000000e+02 3.25050000000000011e+02 0.00000000000000000e+00 0.00000000000000000e+00
 3.25050000000000011e+02 3.25600000000000023e+02 0.00000000000000000e+00 0.00000000000000000e+00
 3.25600000000000023e+02 3.26149999999999977e+02 0.00000000000000000e+00 0.00000000000000000e+00
 3.26149999999999977e+02 3.26699999999999989e+02 0.00000000000000000e+00 0.00000000000000000e+00
 3.26699999999999989e+02 3.27250000000000000e+02 0.00000000000000000e+00 0.00000000000000000e+00
 3.27250000000000000e+02 3.27800000000000011e+02 0.00000000000000000e+00 0.00000000000000000e+00
 3.27800000000000011e+02 3.28350000000000023e+02 0.00000000000000000e+00 0.00000000000000000e+00
 3.28350000000000023e+02 3.28899999999999977e+02 0.00000000000000000e+00 0.00000000000000000e+00
 3.28899999999999977e+02 3.29449999999999989e+02 0.00000000000000000e+00 0.00000000000000000e+00
 3.29449999999999989e+02 3.30000000000000000e+02 0.00000000000000000e+00 0.00000000000000000e+00

Histogram:lpz-
 0.00000000000000000e+00 5.50000000000000044e-01 1.40099259348741372e-03 4.92989576346831265e-06
 5.50000000000000044e-01 1.10000000000000009e+00 1.40936689172459564e-03 6.21102214436013234e-06
 1.10000000000000009e+00 1.64999999999999991e+00 1.39898590635689898e-03 5.27916336439388713e-06
 1.64999999999999991e+00 2.20000000000000018e+00 1.39201624483596405e-03 4.44741390424870456e-06
 2.20000000000000018e+00 2.75000000000000000e+00 1.40277663919077529e-03 4.66859062334075293e-06
 2.75000000000000000e+00 3.29999999999999982e+00 1.40606790591335496e-03 6.95737861253548110e-06
 3.29999999999999982e+00 3.85000000000000009e+00 1.40212638294912734e-03 9.38746047747921821e-06
 3.85000000000000009e+00 4.40000000000000036e+00 1.39922064390109483e-03 5.29888890637758906e-06
 4.40000000000000036e+00 4.95000000000000018e+00 1.39627974684810511e-03 4.51013369265294303e-06
 4.95000000000000018e+00 5.50000000000000000e+00 1.40250994675852414e-03 4.49934214269093837e-06
 5.50000000000000000e+00 6.04999999999999982e+00 1.40536551634505200e-03 5.42374287409715525e-06
 6.04999999999999982e+00 6.59999999999999964e+00 1.40534471501157143e-03 4.91853402589853898e-06
 6.59999999999999964e+00 7.15000000000000036e+00 1.40143060042425324e-03 4.45048309110024864e-06
 7.15000000000000036e+00 7.70000000000000018e+00 1.40101044129786268e-03 5.85214729327727007e-06
 7.70000000000000018e+00 8.25000000000000000e+00 1.39792294125111222e-03 4.96121805221767379e-06
 8.25000000000000000e+00 8.80000000000000071e+00 1.39160274615561779e-03 4.62437145646144401e-06
 8.80000000000000071e+00 9.34999999999999964e+00 1.40381894258593013e-03 7.29372796595027933e-06
 9.34999999999999964e+00 9.90000000000000036e+00 1.40793369603603490e-03 5.16867832675578770e-06
 9.90000000000000036e+00 1.04499999999999993e+01 1.39744502565473353e-03 5.63041496249798356e-06
 1.04499999999999993e+01 1.10000000000000000e+01 1.39838942608779340e-03 5.52658130328236372e-06
 1.10000000000000000e+01 1.15500000000000007e+01 1.39902403642586364e-03 4.88077650822357503e-06
 1.15500000000000007e+01 1.20999999999999996e+01 1.39732239150596859e-03 4.68704915655959590e-06
 1.20999999999999996e+01 1.26500000000000004e+01 1.39412279448639337e-03 4.52329986023184423e-06
 1.26500000000000004e+01 1.31999999999999993e+01 1.40041820789552226e-03 5.97464839529847985e-06
 1.31999999999999993e+01 1.37500000000000000e+01 1.39879709707539527e-03 4.62365701964844812e-06
 1.37500000000000000e+01 1.43000000000000007e+01 1.39317521520680937e-03 4.51414716558468524e-06
 1.43000000000000007e+01 1.48499999999999996e+01 1.39481649950244624e-03 8.05964640275265766e-06
 1.48499999999999996e+01 1.54000000000000004e+01 1.39575995554406976e-03 5.01879661770422492e-06
 1.54000000000000004e+01 1.59499999999999993e+01 1.39161508323830765e-03 4.49909748354492861e-06
 1.59499999999999993e+01 1.65000000000000000e+01 1.39283663460304736e-03 4.70117630099014762e-06
 1.65000000000000000e+01 1.70500000000000007e+01 1.39589387081292138e-03 4.83051774122538153e-06
 1.70500000000000007e+01 1.76000000000000014e+01 1.39523161396715970e-03 5.51354000743758462e-06
 1.76000000000000014e+01 1.81499999999999986e+01 1.39528551059734068e-03 4.85890224205398443e-06
 1.81499999999999986e+01 1.86999999999999993e+01 1.38246001894619798e-03 4.64530327422332705e-06
 1.86999999999999993e+01 1.92500000000000000e+01 1.39936493725875384e-03 6.78412085428895897e-06
 1.92500000000000000e+01 1.98000000000000007e+01 1.38933953702280715e-03 5.18280877636046273e-06
 1.98000000000000007e+01 2.03500000000000014e+01 1.40080583594370312e-03 5.07035229284474927e-06
 2.03500000000000014e+01 2.08999999999999986e+01 1.39297462623963974e-03 4.84364435267548891e-06
 2.08999999999999986e+01 2.14499999999999993e+01 1.38957288999392550e-03 4.73620587515605555e-06
 2.14499999999999993e+01 2.20000000000000000e+01 1.39349044055655114e-03 4.66654393064214248e-06
 2.20000000000000000e+01 2.25500000000000007e+01 1.39488655981098286e-03 4.90205564729999936e-06
 2.25500000000000007e+01 2.31000000000000014e+01 1.39353683472755500e-03 5.83759756628008974e-06
 2.31000000000000014e+01 2.36499999999999986e+01 1.38211105890755645e-03 4.59204391785040350e-06
 2.36499999999999986e+01 2.41999999999999993e+01 1.38569054362117712e-03 4.40234337758887540e-06
 2.41999999999999993e+01 2.47500000000000000e+01 1.39044432233992798e-03 5.74261786882306350e-06
 2.47500000000000000e+01 2.53000000000000007e+01 1.39343838195785195e-03 5.25779261299443337e-06
 2.53000000000000007e+01 2.58500000000000014e+01 1.39006921627850256e-03 5.40580239673002105e-06
 2.58500000000000014e+01 2.63999999999999986e+01 1.39174390960595672e-03 1.19848264450148444e-05
 2.63999999999999986e+01 2.69499999999999993e+01 1.38478450189731929e-03 5.53700128406970455e-06
 2.69499999999999993e+01 2.75000000000000000e+01 1.38226025626332258e-03 4.77519806635328390e-06
 2.75000000000000000e+01 2.80500000000000007e+01 1.38559005913840676e-03 5.03649723121158437e-06
 2.80500000000000007e+01 2.86000000000000014e+01 1.39336828461227957e-03 5.79120093040323206e-06
 2.86000000000000014e+01 2.91499999999999986e+01 1.38421239007004604e-03 5.49425836071068669e-06
 2.91499999999999986e+01 2.96999999999999993e+01 1.38337911515526045e-03 4.64986000280195016e-06
 2.96999999999999993e+01 3.02500000000000000e+01 1.38006039586598562e-03 4.98308453028929414e-06
 3.02500000000000000e+01 3.08000000000000007e+01 1.37818130168275324e-03 4.45612632428556676e-06
 3.08000000000000007e+01 3.13500000000000014e+01 1.38510302812186546e-03 5.54239166860367141e-06
 3.13500000000000014e+01 3.18999999999999986e+01 1.38696776664274843e-03 4.53282471074544584e-06
 3.18999999999999986e+01 3.24500000000000028e+01 1.37848660755192061e-03 4.56824910918053226e-06
 3.24500000000000028e+01 3.30000000000000000e+01 1.38019569985491151e-03 4.71165917713996856e-06
 3.30000000000000000e+01 3.35499999999999972e+01 1.37975620147777695e-03 5.02446502213152080e-06
 3.35499999999999972e+01 3.41000000000000014e+01 1.38135545118776284e-03 4.53405333322935486e-06
 3.41000000000000014e+01 3.46499999999999986e+01 1.38348362218393113e-03 7.21582646826888753e-06
 3.46499999999999986e+01 3.52000000000000028e+01 1.37534257975563683e-03 4.54394368011027847e-06
 3.52000000000000028e+01 3.57500000000000000e+01 1.38937348244611058e-03 8.79904907961539379e-06
 3.57500000000000000e+01 3.62999999999999972e+01 1.37154742273286941e-03 5.06601797855112205e-06
 3.62999999999999972e+01 3.68500000000000014e+01 1.37381213447172355e-03 6.20556608155987991e-06
 3.68500000000000014e+01 3.73999999999999986e+01 1.37715365839024021e-03 6.30028202394299433e-06
 3.73999999999999986e+01 3.79500000000000028e+01 1.38115589026747108e-03 5.75397134686788893e-06
 3.79500000000000028e+01 3.85000000000000000e+01 1.37475915203453115e-03 5.49946600375499356e-06
 3.85000000000000000e+01 3.90499999999999972e+01 1.36975023924253603e-03 4.76583322432597258e-06
 3.90499999999999972e+01 3.96000000000000014e+01 1.37501474987597721e-03 7.02737736949521888e-06
 3.96000000000000014e+01 4.01499999999999986e+01 1.37940385819607298e-03 5.95377687146884557e-06
 4.01499999999999986e+01 4.07000000000000028e+01 1.37392783764605023e-03 4.78876518110805558e-06
 4.07000000000000028e+01 4.12500000000000000e+01 1.36317289582785065e-03 4.56821739669744920e-06
 4.12500000000000000e+01 4.17999999999999972e+01 1.35989456573953199e-03 4.55274426651578706e-06
 4.17999999999999972e+01 4.23500000000000014e+01 1.36856177312978081e-03 5.14874722633756077e-06
 4.23500000000000014e+01 4.28999999999999986e+01 1.36326927974121008e-03 4.51169643133692155e-06
 4.28999999999999986e+01 4.34500000000000028e+01 1.37565387929752055e-03 4.82092590064268986e-06
 4.34500000000000028e+01 4.40000000000000000e+01 1.36540859594027372e-03 4.90605320269391204e-06
 4.40000000000000000e+01 4.45499999999999972e+01 1.36725417166897335e-03 4.50832008517071654e-06
 4.45499999999999972e+01 4.51000000000000014e+01 1.37191458775491994e-03 5.09633344156070563e-06
 4.51000000000000014e+01 4.56499999999999986e+01 1.36656568301196961e-03 5.44723028902476067e-06
 4.56499999999999986e+01 4.62000000000000028e+01 1.37172504082329729e-03 5.20329610459674664e-06
 4.62000000000000028e+01 4.67500000000000000e+01 1.36072624839338467e-03 4.29751511870968479e-06
 4.67500000000000000e+01 4.72999999999999972e+01 1.36330023150175376e-03 5.39044866192102837e-06
 4.72999999999999972e+01 4.78500000000000014e+01 1.36063800145004641e-03 4.95120483163252056e-06
 4.78500000000000014e+01 4.83999999999999986e+01 1.36952026624419937e-03 9.16949453361972955e-06
 4.83999999999999986e+01 4.89500000000000028e+01 1.36801886563193411e-03 4.84124763179112539e-06
 4.89500000000000028e+01 4.95000000000000000e+01 1.35310752963391017e-03 4.33967440017475859e-06
 4.95000000000000000e+01 5.00499999999999972e+01 1.35868917057433282e-03 4.75886972754717848e-06
 5.00499999999999972e+01 5.06000000000000014e+01 1.36171700758687311e-03 5.86748180406489861e-06
 5.06000000000000014e+01 5.11499999999999986e+01 1.35588360554528384e-03 4.78155349255249370e-06
 5.11499999999999986e+01 5.17000000000000028e+01 1.34835210639340985e-03 5.04313436333380412e-06
 5.17000000000000028e+01 5.22500000000000000e+01 1.35261717777674403e-03 4.93202630101212186e-06
 5.22500000000000000e+01 5.27999999999999972e+01 1.35465740623504473e-03 5.32229051142425746e-06
 5.27999999999999972e+01 5.33500000000000014e+01 1.35699836498701142e-03 4.74783932496472438e-06
 5.33500000000000014e+01 5.38999999999999986e+01 1.34099167585985976e-03 4.46463739037489244e-06
 5.38999999999999986e+01 5.44500000000000028e+01 1.34624728745881724e-03 4.42764931741350860e-06
 5.44500000000000028e+01 5.50000000000000000e+01 1.34440667733323640e-03 4.71397621518146993e-06
 5.50000000000000000e+01 5.55499999999999972e+01 1.35418792899140330e-03 5.01259899146336548e-06
 5.55499999999999972e+01 5.61000000000000014e+01 1.34637166848958407e-03 5.54173987244574392e-06
 5.61000000000000014e+01 5.66499999999999986e+01 1.34953647907945615e-03 4.86522982773718411e-06
 5.66499999999999986e+01 5.72000000000000028e+01 1.34419735265843120e-03 4.58368457802305074e-06
 5.72000000000000028e+01 5.77500000000000000e+01 1.33665885879989915e-03 4.74304495899700011e-06
 5.77500000000000000e+01 5.82999999999999972e+01 1.35375476915136281e-03 1.38591738731396908e-05
 5.82999999999999972e+01 5.88500000000000014e+01 1.34457043688218539e-03 4.78965295016906255e-06
 5.88500000000000014e+01 5.93999999999999986e+01 1.36279825240048845e-03 9.35792092452717033e-06
 5.93999999999999986e+01 5.99500000000000028e+01 1.33922905064149723e-03 5.36246500727577669e-06
 5.99500000000000028e+01 6.05000000000000000e+01 1.33541228540592742e-03 4.91732790947252817e-06
 6.05000000000000000e+01 6.10499999999999972e+01 1.34072077407116101e-03 6.14909715510612314e-06
 6.10499999999999972e+01 6.16000000000000014e+01 1.37174164283305165e-03 3.76197489425040565e-05
 6.16000000000000014e+01 6.21499999999999986e+01 1.34254599515802923e-03 5.23390040527132040e-06
 6.21499999999999986e+01 6.27000000000000028e+01 1.33606771276796794e-03 7.27320855814197543e-06
 6.27000000000000028e+01 6.32500000000000000e+01 1.33674930986659194e-03 5.23906548990067810e-06
 6.32500000000000000e+01 6.37999999999999972e+01 1.34382972380312372e-03 5.22253974497134069e-06
 6.37999999999999972e+01 6.43499999999999943e+01 1.33130748233117489e-03 4.69700351601691073e-06
 6.43499999999999943e+01 6.49000000000000057e+01 1.33276886063035346e-03 4.60796421851464132e-06
 6.49000000000000057e+01 6.54500000000000028e+01 1.33990167790063201e-03 6.12592564141790342e-06
 6.54500000000000028e+01 6.60000000000000000e+01 1.31742880987739328e-03 4.48350980356199834e-06
 6.60000000000000000e+01 6.65499999999999972e+01 1.33736770368151400e-03 5.34021958657233321e-06
 6.65499999999999972e+01 6.70999999999999943e+01 1.31683135373273654e-03 4.62888077404265550e-06
 6.70999999999999943e+01 6.76500000000000057e+01 1.32032298555015675e-03 5.31113053259086654e-06
 6.76500000000000057e+01 6.82000000000000028e+01 1.32581294715277179e-03 4.81479094191168116e-06
 6.82000000000000028e+01 6.87500000000000000e+01 1.32256589889374779e-03 4.33574734748026828e-06
 6.87500000000000000e+01 6.92999999999999972e+01 1.32278930502398740e-03 4.45488875834344686e-06
 6.92999999999999972e+01 6.98499999999999943e+01 1.31308497632960154e-03 4.36466856166638252e-06
 6.98499999999999943e+01 7.04000000000000057e+01 1.32303467360500994e-03 5.17458121698876022e-06
 7.04000000000000057e+01 7.09500000000000028e+01 1.31788358002080347e-03 5.05573192786297159e-06
 7.09500000000000028e+01 7.15000000000000000e+01 1.31788349957206920e-03 7.66622471469117639e-06
 7.15000000000000000e+01 7.20499999999999972e+01 1.31082155858611767e-03 5.52850726626396128e-06
 7.20499999999999972e+01 7.25999999999999943e+01 1.31037103281720865e-03 4.30443937984469052e-06
 7.25999999999999943e+01 7.31500000000000057e+01 1.31898880059196522e-03 5.73427553331984172e-06
 7.31500000000000057e+01 7.37000000000000028e+01 1.30736046368491320e-03 4.68558490571152574e-06
 7.37000000000000028e+01 7.42500000000000000e+01 1.30817020207088562e-03 5.23591402684717861e-06
 7.42500000000000000e+01 7.47999999999999972e+01 1.31656399185443775e-03 4.89028020943844299e-06
 7.47999999999999972e+01 7.53499999999999943e+01 1.31673021139889807e-03 6.42719360514876318e-06
 7.53499999999999943e+01 7.59000000000000057e+01 1.30401005582315857e-03 4.08458275436459829e-06
 7.59000000000000057e+01 7.64500000000000028e+01 1.30193165843624551e-03 4.59485353004400212e-06
 7.64500000000000028e+01 7.70000000000000000e+01 1.29244413228285656e-03 4.95635166386119892e-06
 7.70000000000000000e+01 7.75499999999999972e+01 1.31106532632326153e-03 4.95765991525023000e-06
 7.75499999999999972e+01 7.80999999999999943e+01 1.28885178860202020e-03 4.49071056306482548e-06
 7.80999999999999943e+01 7.86500000000000057e+01 1.30057201071788150e-03 5.52075315809197196e-06
 7.86500000000000057e+01 7.92000000000000028e+01 1.29197167438781669e-03 4.05818213410489587e-06
 7.92000000000000028e+01 7.97500000000000000e+01 1.29641391925872573e-03 4.52929456848341502e-06
 7.97500000000000000e+01 8.02999999999999972e+01 1.29349877445080939e-03 4.48869178944724152e-06
 8.02999999999999972e+01 8.08499999999999943e+01 1.28862253516838889e-03 5.07011579807344187e-06
 8.08499999999999943e+01 8.14000000000000057e+01 1.30196485712976004e-03 4.95038922358367055e-06
 8.14000000000000057e+01 8.19500000000000028e+01 1.29086201344908412e-03 5.07833395829944466e-06
 8.19500000000000028e+01 8.25000000000000000e+01 1.29341204751817936e-03 7.90379634295970283e-06
 8.25000000000000000e+01 8.30499999999999972e+01 1.28474344542509706e-03 4.34260058022701809e-06
 8.30499999999999972e+01 8.35999999999999943e+01 1.28116306803023518e-03 4.95286709889723015e-06
 8.35999999999999943e+01 8.41500000000000057e+01 1.27664428082143724e-03 4.36382932177350922e-06
 8.41500000000000057e+01 8.47000000000000028e+01 1.28795082996134330e-03 4.59573216620057222e-06
 8.47000000000000028e+01 8.52500000000000000e+01 1.28296295303687046e-03 4.14920110384720605e-06
 8.52500000000000000e+01 8.57999999999999972e+01 1.28814669682612436e-03 6.51875654381948719e-06
 8.57999999999999972e+01 8.63499999999999943e+01 1.27968154521075780e-03 5.46489530320625462e-06
 8.63499999999999943e+01 8.69000000000000057e+01 1.27698620314072378e-03 6.00472036258974440e-06
 8.69000000000000057e+01 8.74500000000000028e+01 1.27851135637656343e-03 5.31969073107872453e-06
 8.74500000000000028e+01 8.80000000000000000e+01 1.27505900293371148e-03 4.71994273830447206e-06
 8.80000000000000000e+01 8.85499999999999972e+01 1.27220101050859328e-03 4.86608452359770770e-06
 8.85499999999999972e+01 8.90999999999999943e+01 1.27548598199109025e-03 4.53097428295205740e-06
 8.90999999999999943e+01 8.96500000000000057e+01 1.27331708315060114e-03 7.49714758988954248e-06
 8.96500000000000057e+01 9.02000000000000028e+01 1.27898247287255027e-03 4.69047867512284102e-06
 9.02000000000000028e+01 9.07500000000000000e+01 1.31074426210210171e-03 6.31169899789136805e-06
 9.07500000000000000e+01 9.12999999999999972e+01 1.31276215877567585e-03 4.46997626253638113e-06
 9.12999999999999972e+01 9.18499999999999943e+01 1.30290847403483154e-03 5.03071300828936650e-06
 9.18499999999999943e+01 9.24000000000000057e+01 1.32448368156848025e-03 1.93192298903775669e-05
 9.24000000000000057e+01 9.29500000000000028e+01 1.30580652456227238e-03 6.03335385421201257e-06
 9.29500000000000028e+01 9.35000000000000000e+01 1.29604422742210209e-03 5.20800452655812065e-06
 9.35000000000000000e+01 9.40499999999999972e+01 1.30889848464464122e-03 1.52336282172932660e-05
 9.40499999999999972e+01 9.45999999999999943e+01 1.30087557040645791e-03 4.61388496210279027e-06
 9.45999999999999943e+01 9.51500000000000057e+01 1.28948825538899195e-03 4.72477131668488181e-06
 9.51500000000000057e+01 9.57000000000000028e+01 1.30812271798398769e-03 9.93467420605077006e-06
 9.57000000000000028e+01 9.62500000000000000e+01 1.28345669805303973e-03 4.85801761487384711e-06
 9.62500000000000000e+01 9.67999999999999972e+01 1.28538098783502323e-03 5.51925213579787830e-06
 9.67999999999999972e+01 9.73499999999999943e+01 1.28877744817320846e-03 4.85648896191873861e-06
 9.73499999999999943e+01 9.79000000000000057e+01 1.28652162419598754e-03 5.17154144972219666e-06
 9.79000000000000057e+01 9.84500000000000028e+01 1.28864195972769519e-03 6.45954121478559463e-06
 9.84500000000000028e+01 9.90000000000000000e+01 1.27927331081621504e-03 4.39428233574650918e-06
 9.90000000000000000e+01 9.95499999999999972e+01 1.27408718445737854e-03 4.47237316678149887e-06
 9.95499999999999972e+01 1.00099999999999994e+02 1.27808733635460239e-03 5.46495267306819286e-06
 1.00099999999999994e+02 1.00650000000000006e+02 1.27049371522782698e-03 5.06599669909820189e-06
 1.00650000000000006e+02 1.01200000000000003e+02 1.27580438271396898e-03 4.82800250707710294e-06
 1.01200000000000003e+02 1.01750000000000000e+02 1.26022071521826010e-03 4.19962123851552009e-06
 1.01750000000000000e+02 1.02299999999999997e+02 1.26748134843693468e-03 4.60120495537126255e-06
 1.02299999999999997e+02 1.02849999999999994e+02 1.25029607998891862e-03 4.44636915568197029e-06
 1.02849999999999994e+02 1.03400000000000006e+02 1.26133097949995940e-03 4.74745497440798211e-06
 1.03400000000000006e+02 1.03950000000000003e+02 1.25951552083469493e-03 4.64174590375128363e-06
 1.03950000000000003e+02 1.04500000000000000e+02 1.25667238765248294e-03 4.30782923581077139e-06
 1.04500000000000000e+02 1.05049999999999997e+02 1.25827742621757895e-03 4.42485304491135420e-06
 1.05049999999999997e+02 1.05599999999999994e+02 1.25058887202111652e-03 4.30025304079837096e-06
 1.05599999999999994e+02 1.06150000000000006e+02 1.25448225062462469e-03 5.09503740393101856e-06
 1.06150000000000006e+02 1.06700000000000003e+02 1.25087866801412381e-03 4.27754333794689484e-06
 1.06700000000000003e+02 1.07250000000000000e+02 1.24336204002156096e-03 4.23550311701618481e-06
 1.07250000000000000e+02 1.07799999999999997e+02 1.23650801520010104e-03 4.11289159395341133e-06
 1.07799999999999997e+02 1.08349999999999994e+02 1.24641074185863386e-03 5.40906986348353475e-06
 1.08349999999999994e+02 1.08900000000000006e+02 1.23698378159079955e-03 4.75084983717840520e-06
 1.08900000000000006e+02 1.09450000000000003e+02 1.23707537387275526e-03 4.46568982202178400e-06
 1.09450000000000003e+02 1.10000000000000000e+02 1.22723134274204445e-03 4.50233922144766532e-06
 1.10000000000000000e+02 1.10549999999999997e+02 1.23771726020422508e-03 5.08403161397279294e-06
 1.10549999999999997e+02 1.11099999999999994e+02 1.22941506061556506e-03 4.56799456577280725e-06
 1.11099999999999994e+02 1.11650000000000006e+02 1.25430742702834961e-03 2.89382408590131200e-05
 1.11650000000000006e+02 1.12200000000000003e+02 1.22218097617875958e-03 4.64198262675224918e-06
 1.12200000000000003e+02 1.12750000000000000e+02 1.21986917224103887e-03 4.55803951824020310e-06
 1.12750000000000000e+02 1.13299999999999997e+02 1.22646544297148300e-03 4.78676387407631310e-06
 1.13299999999999997e+02 1.13849999999999994e+02 1.21468435871116900e-03 4.23032883799276356e-06
 1.13849999999999994e+02 1.14400000000000006e+02 1.21130119461316339e-03 3.99800500750239445e-06
 1.14400000000000006e+02 1.14950000000000003e+02 1.20884622767060087e-03 6.34953677300814277e-06
 1.14950000000000003e+02 1.15500000000000000e+02 1.20272462282522202e-03 4.02565444978050157e-06
 1.15500000000000000e+02 1.16049999999999997e+02 1.20269091008501469e-03 4.42276356976665176e-06
 1.16049999999999997e+02 1.16599999999999994e+02 1.20275049153474459e-03 4.48024695882805029e-06
 1.16599999999999994e+02 1.17150000000000006e+02 1.20597564583354612e-03 5.16936838418356018e-06
 1.17150000000000006e+02 1.17700000000000003e+02 1.20636704994991515e-03 5.45478089680753581e-06
 1.17700000000000003e+02 1.18250000000000000e+02 1.20148222566702806e-03 9.02675959341541882e-06
 1.18250000000000000e+02 1.18799999999999997e+02 1.19790009713469092e-03 5.36435652143628802e-06
 1.18799999999999997e+02 1.19349999999999994e+02 1.18582742909501731e-03 3.82788627201840050e-06
 1.19349999999999994e+02 1.19900000000000006e+02 1.18681656574822977e-03 4.28059863583191295e-06
 1.19900000000000006e+02 1.20450000000000003e+02 1.17822652107924691e-03 4.82362073551795494e-06
 1.20450000000000003e+02 1.21000000000000000e+02 1.17363018444975381e-03 4.07295188243270885e-06
 1.21000000000000000e+02 1.21549999999999997e+02 1.17629222706965367e-03 3.98732030765160635e-06
 1.21549999999999997e+02 1.22099999999999994e+02 1.18621660416186217e-03 4.27941693799040257e-06
 1.22099999999999994e+02 1.22650000000000006e+02 1.17636261367577385e-03 4.05672200351641390e-06
 1.22650000000000006e+02 1.23200000000000003e+02 1.17216171862093502e-03 6.08529498349283692e-06
 1.23200000000000003e+02 1.23750000000000000e+02 1.16944645926391204e-03 8.82075623064138112e-06
 1.23750000000000000e+02 1.24299999999999997e+02 1.16928834853061744e-03 4.10700004716730985e-06
 1.24299999999999997e+02 1.24849999999999994e+02 1.16353287077451250e-03 4.50946828853467000e-06
 1.24849999999999994e+02 1.25400000000000006e+02 1.15812193442148379e-03 4.18795266913640164e-06
 1.25400000000000006e+02 1.25950000000000003e+02 1.15999401054679881e-03 4.33352071371350176e-06
 1.25950000000000003e+02 1.26500000000000000e+02 1.16182393899134906e-03 5.29884946777915508e-06
 1.26500000000000000e+02 1.27049999999999997e+02 1.15631805905711525e-03 4.45905224377181207e-06
 1.27049999999999997e+02 1.27599999999999994e+02 1.14613541848125741e-03 4.04634359054285458e-06
 1.27599999999999994e+02 1.28150000000000006e+02 1.13952319453460601e-03 3.78349458001232443e-06
 1.28150000000000006e+02 1.28699999999999989e+02 1.13768504571490217e-03 3.92627174854068443e-06
 1.28699999999999989e+02 1.29250000000000000e+02 1.14475807390905949e-03 4.27403786229462727e-06
 1.29250000000000000e+02 1.29800000000000011e+02 1.13766960262455638e-03 4.08188018519134840e-06
 1.29800000000000011e+02 1.30349999999999994e+02 1.13813080018811824e-03 4.76277489426390851e-06
 1.30349999999999994e+02 1.30900000000000006e+02 1.12740482560654866e-03 7.61663682751051854e-06
 1.30900000000000006e+02 1.31449999999999989e+02 1.12501990686058044e-03 4.02920541875716388e-06
 1.31449999999999989e+02 1.32000000000000000e+02 1.12795894902899024e-03 4.82554351745371574e-06
 1.32000000000000000e+02 1.32550000000000011e+02 1.11834320808195482e-03 4.26581551883174703e-06
 1.32550000000000011e+02 1.33099999999999994e+02 1.12067047343006668e-03 4.15796660594332675e-06
 1.33099999999999994e+02 1.33650000000000006e+02 1.11744566257367616e-03 4.15434616774197000e-06
 1.33650000000000006e+02 1.34199999999999989e+02 1.11280162279703949e-03 4.26525561390736740e-06
 1.34199999999999989e+02 1.34750000000000000e+02 1.11598502720761453e-03 7.32144969587953304e-06
 1.34750000000000000e+02 1.35300000000000011e+02 1.11005965916597684e-03 5.13658593296373660e-06
 1.35300000000000011e+02 1.35849999999999994e+02 1.10586280098470087e-03 4.15762249406005324e-06
 1.35849999999999994e+02 1.36400000000000006e+02 1.09948941207207366e-03 3.89935509068419322e-06
 1.36400000000000006e+02 1.36949999999999989e+02 1.10292436954445420e-03 4.00231335604113653e-06
 1.36949999999999989e+02 1.37500000000000000e+02 1.10408840574503678e-03 5.56770655587317347e-06
 1.37500000000000000e+02 1.38050000000000011e+02 1.08773577495110529e-03 4.13003854216838560e-06
 1.38050000000000011e+02 1.38599999999999994e+02 1.09512665249576974e-03 6.97098046551760533e-06
 1.38599999999999994e+02 1.39150000000000006e+02 1.09890948658231450e-03 5.39096452940031466e-06
 1.39150000000000006e+02 1.39699999999999989e+02 1.07920765172390466e-03 4.57152181861079411e-06
 1.39699999999999989e+02 1.40250000000000000e+02 1.08108165707786761e-03 3.98243957989200858e-06
 1.40250000000000000e+02 1.40800000000000011e+02 1.07565878423346740e-03 4.38208223012250559e-06
 1.40800000000000011e+02 1.41349999999999994e+02 1.06870406109402846e-03 3.94404311420655848e-06
 1.41349999999999994e+02 1.41900000000000006e+02 1.07569569253484869e-03 3.56980983093996854e-06
 1.41900000000000006e+02 1.42449999999999989e+02 1.06991904643030308e-03 4.17863922773940491e-06
 1.42449999999999989e+02 1.43000000000000000e+02 1.07227102611114154e-03 5.22546243465501405e-06
 1.43000000000000000e+02 1.43550000000000011e+02 1.07019060443082456e-03 6.97678768593266963e-06
 1.43550000000000011e+02 1.44099999999999994e+02 1.05734098566163557e-03 4.19867175442390013e-06
 1.44099999999999994e+02 1.44650000000000006e+02 1.05744372931588062e-03 4.06529638557286509e-06
 1.44650000000000006e+02 1.45199999999999989e+02 1.04964312177744713e-03 3.68701557037766696e-06
 1.45199999999999989e+02 1.45750000000000000e+02 1.05347215397995396e-03 4.68340340512206283e-06
 1.45750000000000000e+02 1.46300000000000011e+02 1.04464658039995465e-03 3.76299283645100573e-06
 1.46300000000000011e+02 1.46849999999999994e+02 1.04083129443579767e-03 4.36693182394639456e-06
 1.46849999999999994e+02 1.47400000000000006e+02 1.05115630419494888e-03 4.15891440472681129e-06
 1.47400000000000006e+02 1.47949999999999989e+02 1.04932497383203815e-03 8.71986097140711974e-06
 1.47949999999999989e+02 1.48500000000000000e+02 1.04031498075623672e-03 4.18850139639960578e-06
 1.48500000000000000e+02 1.49050000000000011e+02 1.03481325235814164e-03 4.20238039522607471e-06
 1.49050000000000011e+02 1.49599999999999994e+02 1.02010841579658622e-03 3.40955229693580634e-06
 1.49599999999999994e+02 1.50150000000000006e+02 1.02268061988322568e-03 3.69256706715656058e-06
 1.50150000000000006e+02 1.50699999999999989e+02 1.02987054580372253e-03 5.35432257445376875e-06
 1.50699999999999989e+02 1.51250000000000000e+02 1.01957855253053341e-03 4.77791127459275075e-06
 1.51250000000000000e+02 1.51800000000000011e+02 1.00997422999601319e-03 4.20025780319116493e-06
 1.51800000000000011e+02 1.52349999999999994e+02 1.00365790219024051e-03 3.37668759357436838e-06
 1.52349999999999994e+02 1.52900000000000006e+02 1.01222572999624537e-03 4.36488957620217555e-06
 1.52900000000000006e+02 1.53449999999999989e+02 1.00819839066112658e-03 3.66748793121609461e-06
 1.53449999999999989e+02 1.54000000000000000e+02 1.00141812472697919e-03 4.00624130881596144e-06
 1.54000000000000000e+02 1.54550000000000011e+02 9.96039577822432258e-04 3.64386642650754588e-06
 1.54550000000000011e+02 1.55099999999999994e+02 1.00689802486649254e-03 8.04684027591432999e-06
 1.55099999999999994e+02 1.55650000000000006e+02 9.87644837238862419e-04 3.82311773806283846e-06
 1.55650000000000006e+02 1.56199999999999989e+02 9.88728541638076754e-04 3.64774777260341304e-06
 1.56199999999999989e+02 1.56750000000000000e+02 9.81268594563689282e-04 4.39845897232440699e-06
 1.56750000000000000e+02 1.57300000000000011e+02 9.85183937626558145e-04 4.09333967594729653e-06
 1.57300000000000011e+02 1.57849999999999994e+02 9.83193587258188737e-04 5.20234844139488676e-06
 1.57849999999999994e+02 1.58400000000000006e+02 9.76601813152449139e-04 3.88648748164960459e-06
 1.58400000000000006e+02 1.58949999999999989e+02 9.71168447272039077e-04 3.61917366586531201e-06
 1.58949999999999989e+02 1.59500000000000000e+02 9.69407135090337283e-04 4.18042852961185454e-06
 1.59500000000000000e+02 1.60050000000000011e+02 9.64858487575199044e-04 3.49060913722789134e-06
 1.60050000000000011e+02 1.60599999999999994e+02 9.63268693705495263e-04 4.25904513152895231e-06
 1.60599999999999994e+02 1.61150000000000006e+02 9.64784949083300337e-04 5.69123670601048012e-06
 1.61150000000000006e+02 1.61699999999999989e+02 9.57427973709268549e-04 3.77101025839815686e-06
 1.61699999999999989e+02 1.62250000000000000e+02 9.49518365207585417e-04 4.43195879821522760e-06
 1.62250000000000000e+02 1.62800000000000011e+02 9.50233639078380040e-04 4.28479067795382008e-06
 1.62800000000000011e+02 1.63349999999999994e+02 9.42198182286466514e-04 3.36691606339287573e-06
 1.63349999999999994e+02 1.63900000000000006e+02 9.44007929404316274e-04 4.65232523627900077e-06
 1.63900000000000006e+02 1.64449999999999989e+02 9.44113883033694131e-04 3.60720743917646782e-06
 1.64449999999999989e+02 1.65000000000000000e+02 9.35622410735058156e-04 3.99777453964442536e-06
 1.65000000000000000e+02 1.65550000000000011e+02 9.30645757971273438e-04 3.52455192750234082e-06
 1.65550000000000011e+02 1.66099999999999994e+02 9.26381269787845811e-04 3.64897564964770767e-06
 1.66099999999999994e+02 1.66650000000000006e+02 9.28361698848897965e-04 3.91372093241519058e-06
 1.66650000000000006e+02 1.67199999999999989e+02 9.32285898671748490e-04 6.01757871061383276e-06
 1.67199999999999989e+02 1.67750000000000000e+02 9.18681234020930207e-04 3.49698893108248567e-06
 1.67750000000000000e+02 1.68300000000000011e+02 9.14818788625146708e-04 3.52631876450102412e-06
 1.68300000000000011e+02 1.68849999999999994e+02 9.14120921326116564e-04 5.76662164696707101e-06
 1.68849999999999994e+02 1.69400000000000006e+02 9.12670395669972130e-04 3.58963944586331943e-06
 1.69400000000000006e+02 1.69949999999999989e+02 9.10353541867617321e-04 4.89758746282156940e-06
 1.69949999999999989e+02 1.70500000000000000e+02 9.00579363710633969e-04 3.39510638282586048e-06
 1.70500000000000000e+02 1.71050000000000011e+02 8.98663174533268546e-04 3.59700021635502409e-06
 1.71050000000000011e+02 1.71599999999999994e+02 8.92157783318288573e-04 3.74338497405774006e-06
 1.71599999999999994e+02 1.72150000000000006e+02 8.91354794139443893e-04 3.48261982989889016e-06
 1.72150000000000006e+02 1.72699999999999989e+02 8.86459856643380178e-04 3.52596600473097432e-06
 1.72699999999999989e+02 1.73250000000000000e+02 8.82766436570837747e-04 3.23211926377256016e-06
 1.73250000000000000e+02 1.73800000000000011e+02 8.73332627216259392e-04 3.08245519192745397e-06
 1.73800000000000011e+02 1.74349999999999994e+02 8.76612789538115797e-04 3.76062063930160943e-06
 1.74349999999999994e+02 1.74900000000000006e+02 8.78367556361070619e-04 3.69739061155745387e-06
 1.74900000000000006e+02 1.75449999999999989e+02 8.75961897929490281e-04 5.06175002295741377e-06
 1.75449999999999989e+02 1.76000000000000000e+02 8.70636377782998288e-04 4.30953202430867840e-06
 1.76000000000000000e+02 1.76550000000000011e+02 8.62135085429471533e-04 4.79903341206509511e-06
 1.76550000000000011e+02 1.77099999999999994e+02 8.60167918073413305e-04 3.48646882131142000e-06
 1.77099999999999994e+02 1.77650000000000006e+02 8.49682900477732135e-04 3.40084884767701434e-06
 1.77650000000000006e+02 1.78199999999999989e+02 8.57993760623966192e-04 3.38293092652441800e-06
 1.78199999999999989e+02 1.78750000000000000e+02 8.46393735863505301e-04 3.39913477566944977e-06
 1.78750000000000000e+02 1.79300000000000011e+02 8.44084375730089014e-04 3.31114120131653897e-06
 1.79300000000000011e+02 1.79849999999999994e+02 8.38413251698798072e-04 3.48402397831919459e-06
 1.79849999999999994e+02 1.80400000000000006e+02 8.31191152035455736e-04 3.74651647887801518e-06
 1.80400000000000006e+02 1.80949999999999989e+02 8.27895325183133934e-04 3.13844371754173768e-06
 1.80949999999999989e+02 1.81500000000000000e+02 8.28062606502352316e-04 3.52005240265915162e-06
 1.81500000000000000e+02 1.82050000000000011e+02 8.21235937247719885e-04 3.33360644238652402e-06
 1.82050000000000011e+02 1.82599999999999994e+02 8.21671606331284715e-04 4.15732032264255222e-06
 1.82599999999999994e+02 1.83150000000000006e+02 8.21032529227011358e-04 3.68799689301185480e-06
 1.83150000000000006e+02 1.83699999999999989e+02 8.10435167183745663e-04 3.19972605610888578e-06
 1.83699999999999989e+02 1.84250000000000000e+02 8.11653780958927914e-04 6.37474574625602657e-06
 1.84250000000000000e+02 1.84800000000000011e+02 8.09639978720501797e-04 4.61896323053942867e-06
 1.84800000000000011e+02 1.85349999999999994e+02 8.04328255904206775e-04 3.10160010957060200e-06
 1.85349999999999994e+02 1.85900000000000006e+02 8.02490423902441682e-04 7.96774825472499571e-06
 1.85900000000000006e+02 1.86449999999999989e+02 7.90324656773644927e-04 3.28307934567666275e-06
 1.86449999999999989e+02 1.87000000000000000e+02 7.95574962334212382e-04 6.87472218541741436e-06
 1.87000000000000000e+02 1.87550000000000011e+02 7.88393231880042482e-04 3.43140062538925815e-06
 1.87550000000000011e+02 1.88099999999999994e+02 7.83266474505204787e-04 3.52012121634744854e-06
 1.88099999999999994e+02 1.88650000000000006e+02 7.78083871758554935e-04 2.85761228015190439e-06
 1.88650000000000006e+02 1.89199999999999989e+02 7.79580749811779384e-04 2.97655430552220868e-06
 1.89199999999999989e+02 1.89750000000000000e+02 7.74566786090878992e-04 3.12171827582695405e-06
 1.89750000000000000e+02 1.90300000000000011e+02 7.74566141324810982e-04 4.99520176564265278e-06
 1.90300000000000011e+02 1.90849999999999994e+02 7.70724589706586597e-04 3.28506658852369424e-06
 1.90849999999999994e+02 1.91400000000000006e+02 7.59356155674520460e-04 3.08749774201608107e-06
 1.91400000000000006e+02 1.91949999999999989e+02 7.59554851729467404e-04 5.41383234695607739e-06
 1.91949999999999989e+02 1.92500000000000000e+02 7.52546492264739592e-04 3.17895548264418428e-06
 1.92500000000000000e+02 1.93050000000000011e+02 7.50018181170029039e-04 4.18174975411658136e-06
 1.93050000000000011e+02 1.93599999999999994e+02 7.45041567219698292e-04 3.19217089275781622e-06
 1.93599999999999994e+02 1.94150000000000006e+02 7.41441508920298283e-04 3.90928228584927928e-06
 1.94150000000000006e+02 1.94699999999999989e+02 7.38053278417317537e-04 5.26205425155257734e-06
 1.94699999999999989e+02 1.95250000000000000e+02 7.31385783139962796e-04 2.86325038546947869e-06
 1.95250000000000000e+02 1.95800000000000011e+02 7.23925249793256221e-04 2.73160161395796552e-06
 1.95800000000000011e+02 1.96349999999999994e+02 7.23191047005764063e-04 2.81055202157139715e-06
 1.96349999999999994e+02 1.96900000000000006e+02 7.17623080130079787e-04 3.29693081084586351e-06
 1.96900000000000006e+02 1.97449999999999989e+02 7.13222052271317059e-04 2.94248217080433074e-06
 1.97449999999999989e+02 1.98000000000000000e+02 7.14422718657995782e-04 3.38984741436467010e-06
 1.98000000000000000e+02 1.98550000000000011e+02 7.02834007569493264e-04 3.10119307539952133e-06
 1.98550000000000011e+02 1.99099999999999994e+02 7.02602104919056170e-04 2.96196492292518592e-06
 1.99099999999999994e+02 1.99650000000000006e+02 7.03668155554853245e-04 3.19891348350748950e-06
 1.99650000000000006e+02 2.00199999999999989e+02 6.99129413677242032e-04 3.16583469233014411e-06
 2.00199999999999989e+02 2.00750000000000000e+02 6.88583332315948296e-04 2.98145123056338964e-06
 2.00750000000000000e+02 2.01300000000000011e+02 6.87084669336129081e-04 2.64964960487587310e-06
 2.01300000000000011e+02 2.01849999999999994e+02 6.80222460279618964e-04 2.97225288758549521e-06
 2.01849999999999994e+02 2.02400000000000006e+02 6.81538043557092482e-04 2.87973941821628328e-06
 2.02400000000000006e+02 2.02949999999999989e+02 6.77123375871723355e-04 2.82076289825913453e-06
 2.02949999999999989e+02 2.03500000000000000e+02 6.76618189331037317e-04 3.41282424890657009e-06
 2.03500000000000000e+02 2.04050000000000011e+02 6.65652115203967110e-04 2.79070256815089957e-06
 2.04050000000000011e+02 2.04599999999999994e+02 6.64395228289607620e-04 3.06100381661886162e-06
 2.04599999999999994e+02 2.05150000000000006e+02 6.60612973053024640e-04 2.87727613049182543e-06
 2.05150000000000006e+02 2.05699999999999989e+02 6.55776567246456462e-04 3.60717622635885684e-06
 2.05699999999999989e+02 2.06250000000000000e+02 6.53700501201951909e-04 2.89560456719383630e-06
 2.06250000000000000e+02 2.06800000000000011e+02 6.44624786099227921e-04 2.68551524934343427e-06
 2.06800000000000011e+02 2.07349999999999994e+02 6.43411511158052500e-04 2.82046970445916019e-06
 2.07349999999999994e+02 2.07900000000000006e+02 6.38245570202878904e-04 3.25248073459840377e-06
 2.07900000000000006e+02 2.08449999999999989e+02 6.35009550066378912e-04 2.91726285149614026e-06
 2.08449999999999989e+02 2.09000000000000000e+02 6.31542885049381241e-04 2.73005444883342945e-06
 2.09000000000000000e+02 2.09550000000000011e+02 6.24381055130258564e-04 3.62478868571657075e-06
 2.09550000000000011e+02 2.10099999999999994e+02 6.18698981545221394e-04 2.64689480297308543e-06
 2.10099999999999994e+02 2.10650000000000006e+02 6.16635834003856137e-04 2.59604743393161746e-06
 2.10650000000000006e+02 2.11199999999999989e+02 6.19838865162346112e-04 4.32114353069537355e-06
 2.11199999999999989e+02 2.11750000000000000e+02 6.10234375616068060e-04 2.93899903067568689e-06
 2.11750000000000000e+02 2.12300000000000011e+02 6.07906008835166177e-04 4.56419249978374123e-06
 2.12300000000000011e+02 2.12849999999999994e+02 5.99736430694209916e-04 2.93116192725105469e-06
 2.12849999999999994e+02 2.13400000000000006e+02 5.99640872263938404e-04 2.70766042884274183e-06
 2.13400000000000006e+02 2.13949999999999989e+02 6.01091301245737552e-04 8.05424482491753560e-06
 2.13949999999999989e+02 2.14500000000000000e+02 5.89631728251770594e-04 2.95708154399267062e-06
 2.14500000000000000e+02 2.15050000000000011e+02 5.83906668324536584e-04 2.55594524570607319e-06
 2.15050000000000011e+02 2.15599999999999994e+02 5.79074983372074911e-04 2.81058352902772646e-06
 2.15599999999999994e+02 2.16150000000000006e+02 5.76593720203872478e-04 2.99185517823803482e-06
 2.16150000000000006e+02 2.16699999999999989e+02 5.69779786206041318e-04 2.47361543178199489e-06
 2.16699999999999989e+02 2.17250000000000000e+02 5.62356800469312546e-04 2.54512555035290159e-06
 2.17250000000000000e+02 2.17800000000000011e+02 5.60240763231499854e-04 2.32353219278584049e-06
 2.17800000000000011e+02 2.18349999999999994e+02 5.58079848848755996e-04 2.65191108859126749e-06
 2.18349999999999994e+02 2.18900000000000006e+02 5.53970409021813689e-04 2.41489800047408763e-06
 2.18900000000000006e+02 2.19449999999999989e+02 5.48816265078369558e-04 2.54504702621931367e-06
 2.19449999999999989e+02 2.20000000000000000e+02 5.46322636684010978e-04 2.80946757284447581e-06
 2.20000000000000000e+02 2.20550000000000011e+02 5.38972101303233898e-04 2.88248703191236036e-06
 2.20550000000000011e+02 2.21099999999999994e+02 5.35084017252527872e-04 2.55804244434116256e-06
 2.21099999999999994e+02 2.21650000000000006e+02 5.26305389677954425e-04 2.38805629159401150e-06
 2.21650000000000006e+02 2.22199999999999989e+02 5.30883999677875967e-04 2.98751070838211612e-06
 2.22199999999999989e+02 2.22750000000000000e+02 5.20459251582200302e-04 2.39690718317889567e-06
 2.22750000000000000e+02 2.23300000000000011e+02 5.22056106775002486e-04 2.96933958497801485e-06
 2.23300000000000011e+02 2.23849999999999994e+02 5.14712515887851821e-04 2.40188828770272289e-06
 2.23849999999999994e+02 2.24400000000000006e+02 5.13456817775164234e-04 2.93313162958231163e-06
 2.24400000000000006e+02 2.24949999999999989e+02 5.03832857537882674e-04 2.57074788808810273e-06
 2.24949999999999989e+02 2.25500000000000000e+02 5.08317844986044018e-04 4.98758788707354798e-06
 2.25500000000000000e+02 2.26050000000000011e+02 4.99443440284060968e-04 2.55242839533582791e-06
 2.26050000000000011e+02 2.26599999999999994e+02 4.99464873021246035e-04 8.52315560847582657e-06
 2.26599999999999994e+02 2.27150000000000006e+02 4.87501103615305728e-04 2.35299597978890625e-06
 2.27150000000000006e+02 2.27699999999999989e+02 4.87776470649842816e-04 3.43141988062061976e-06
 2.27699999999999989e+02 2.28250000000000000e+02 4.77513155375171707e-04 2.32195762957617457e-06
 2.28250000000000000e+02 2.28800000000000011e+02 4.71330376542419751e-04 2.88978350341744731e-06
 2.28800000000000011e+02 2.29349999999999994e+02 4.76426425432137281e-04 4.23315076656476843e-06
 2.29349999999999994e+02 2.29900000000000006e+02 4.65543908696539630e-04 2.58889760444164562e-06
 2.29900000000000006e+02 2.30449999999999989e+02 4.62573287251892389e-04 2.12753291768119728e-06
 2.30449999999999989e+02 2.31000000000000000e+02 4.56381861934305403e-04 3.22935928866823283e-06
 2.31000000000000000e+02 2.31550000000000011e+02 4.59549444163386694e-04 2.35129758516422727e-06
 2.31550000000000011e+02 2.32099999999999994e+02 4.46831555648582990e-04 2.78781492342746433e-06
 2.32099999999999994e+02 2.32650000000000006e+02 4.49230534829973935e-04 5.15574225096759473e-06
 2.32650000000000006e+02 2.33199999999999989e+02 4.44422818103589845e-04 3.17408870606899351e-06
 2.33199999999999989e+02 2.33750000000000000e+02 4.33429779641149641e-04 2.27284238470714724e-06
 2.33750000000000000e+02 2.34300000000000011e+02 4.32208291352250166e-04 2.12497267181260366e-06
 2.34300000000000011e+02 2.34849999999999994e+02 4.27396381385472329e-04 2.21657419569504366e-06
 2.34849999999999994e+02 2.35400000000000006e+02 4.22444171613701178e-04 2.33436868555686133e-06
 2.35400000000000006e+02 2.35949999999999989e+02 4.20435164068693509e-04 3.40191739260372313e-06
 2.35949999999999989e+02 2.36500000000000000e+02 4.12944905062249045e-04 2.31539418541771882e-06
 2.36500000000000000e+02 2.37050000000000011e+02 4.08491127757003520e-04 2.87530092222941801e-06
 2.37050000000000011e+02 2.37599999999999994e+02 4.02707358040088549e-04 2.02779441281433276e-06
 2.37599999999999994e+02 2.38150000000000006e+02 4.03747707673773242e-04 5.90247293743480086e-06
 2.38150000000000006e+02 2.38699999999999989e+02 3.99511481668038209e-04 3.83932721143067173e-06
 2.38699999999999989e+02 2.39250000000000000e+02 3.91706932409730771e-04 2.08726757678185294e-06
 2.39250000000000000e+02 2.39800000000000011e+02 3.83811402069942297e-04 2.21031558598185469e-06
 2.39800000000000011e+02 2.40349999999999994e+02 3.81294266253865647e-04 2.02820245408822581e-06
 2.40349999999999994e+02 2.40900000000000006e+02 3.75661781020073708e-04 1.93183236555010074e-06
 2.40900000000000006e+02 2.41449999999999989e+02 3.76012680874633805e-04 2.05618688354406182e-06
 2.41449999999999989e+02 2.42000000000000000e+02 3.71760572000228275e-04 2.45945287926957478e-06
 2.42000000000000000e+02 2.42550000000000011e+02 3.68069653468373979e-04 2.83347635323426659e-06
 2.42550000000000011e+02 2.43099999999999994e+02 3.66862909687885755e-04 3.35247644744905948e-06
 2.43099999999999994e+02 2.43650000000000006e+02 3.54945122534708194e-04 2.32480144582537073e-06
 2.43650000000000006e+02 2.44199999999999989e+02 3.52349290018284626e-04 2.10615873716564193e-06
 2.44199999999999989e+02 2.44750000000000000e+02 3.46588298129859934e-04 2.05783261790958894e-06
 2.44750000000000000e+02 2.45300000000000011e+02 3.42163180017663411e-04 2.06443250060603665e-06
 2.45300000000000011e+02 2.45849999999999994e+02 3.40160590870999314e-04 1.88189913514820903e-06
 2.45849999999999994e+02 2.46400000000000006e+02 3.30578798459622196e-04 1.95735799385174337e-06
 2.46400000000000006e+02 2.46949999999999989e+02 3.30531576724979416e-04 2.22556359219449188e-06
 2.46949999999999989e+02 2.47500000000000000e+02 3.24377459891356809e-04 1.87259827675012726e-06
 2.47500000000000000e+02 2.48050000000000011e+02 3.20065753128624913e-04 1.86215465207191053e-06
 2.48050000000000011e+02 2.48599999999999994e+02 3.13407153894779329e-04 1.74418813088910793e-06
 2.48599999999999994e+02 2.49150000000000006e+02 3.09172392419572993e-04 1.82561612100739277e-06
 2.49150000000000006e+02 2.49699999999999989e+02 3.08502942242019375e-04 2.20467849100436629e-06
 2.49699999999999989e+02 2.50250000000000000e+02 3.01646446854335955e-04 2.35160587863073334e-06
 2.50250000000000000e+02 2.50800000000000011e+02 2.96952645604262662e-04 1.82407694352049723e-06
 2.50800000000000011e+02 2.51349999999999994e+02 2.93289169971192140e-04 1.74815498486092537e-06
 2.51349999999999994e+02 2.51900000000000006e+02 2.87222641911090155e-04 1.67275244249869590e-06
 2.51900000000000006e+02 2.52449999999999989e+02 2.85479259621062762e-04 1.78590239685478132e-06
 2.52449999999999989e+02 2.53000000000000000e+02 2.78765925609372235e-04 1.80205685608449604e-06
 2.53000000000000000e+02 2.53550000000000011e+02 2.75793272203818818e-04 1.94564410207851334e-06
 2.53550000000000011e+02 2.54099999999999994e+02 2.70646731531311313e-04 1.59095490388328118e-06
 2.54099999999999994e+02 2.54650000000000006e+02 2.67076736442570923e-04 1.48370505842958696e-06
 2.54650000000000006e+02 2.55199999999999989e+02 2.59987929508848949e-04 1.48937023454986679e-06
 2.55199999999999989e+02 2.55750000000000000e+02 2.56498961269928372e-04 2.22568510765452227e-06
 2.55750000000000000e+02 2.56300000000000011e+02 2.53857052244487672e-04 1.74889390967195264e-06
 2.56300000000000011e+02 2.56850000000000023e+02 2.50352337163148493e-04 1.89164848999206092e-06
 2.56850000000000023e+02 2.57399999999999977e+02 2.47090203291666156e-04 2.40901137483931955e-06
 2.57399999999999977e+02 2.57949999999999989e+02 2.43804487899023454e-04 1.78903457004886383e-06
 2.57949999999999989e+02 2.58500000000000000e+02 2.35411938117656433e-04 1.54616459486063610e-06
 2.58500000000000000e+02 2.59050000000000011e+02 2.30012652456419682e-04 1.48552094460378389e-06
 2.59050000000000011e+02 2.59600000000000023e+02 2.25954059836694111e-04 1.45092447131335972e-06
 2.59600000000000023e+02 2.60149999999999977e+02 2.24766130805473355e-04 3.02928928842994593e-06
 2.60149999999999977e+02 2.60699999999999989e+02 2.17244769325927218e-04 1.47936289677345231e-06
 2.60699999999999989e+02 2.61250000000000000e+02 2.13971316641313892e-04 1.37217984953849403e-06
 2.61250000000000000e+02 2.61800000000000011e+02 2.12823005822088015e-04 1.52662953741232147e-06
 2.61800000000000011e+02 2.62350000000000023e+02 2.09637498755940992e-04 1.45494681577241710e-06
 2.62350000000000023e+02 2.62899999999999977e+02 2.06042611949746549e-04 1.99544970749611015e-06
 2.62899999999999977e+02 2.63449999999999989e+02 1.99475961378386334e-04 1.33206787220057343e-06
 2.63449999999999989e+02 2.64000000000000000e+02 1.98302223707621383e-04 1.92698075054634449e-06
 2.64000000000000000e+02 2.64550000000000011e+02 1.91562708253693913e-04 1.57125233078091967e-06
 2.64550000000000011e+02 2.65100000000000023e+02 1.89676332388034175e-04 1.46372225954166425e-06
 2.65100000000000023e+02 2.65649999999999977e+02 1.85698579676846302e-04 1.34095957643265771e-06
 2.65649999999999977e+02 2.66199999999999989e+02 1.82500832000026455e-04 2.11785632600816820e-06
 2.66199999999999989e+02 2.66750000000000000e+02 1.77561303232595598e-04 1.24960052045691948e-06
 2.66750000000000000e+02 2.67300000000000011e+02 1.77494271646524304e-04 1.56039990210743722e-06
 2.67300000000000011e+02 2.67850000000000023e+02 1.70616089185134031e-04 1.41702783451333998e-06
 2.67850000000000023e+02 2.68399999999999977e+02 1.74578326787957772e-04 6.93993360479851126e-06
 2.68399999999999977e+02 2.68949999999999989e+02 1.63582176091999279e-04 1.39570984873575736e-06
 2.68949999999999989e+02 2.69500000000000000e+02 1.61500245243191689e-04 1.26651727210367942e-06
 2.69500000000000000e+02 2.70050000000000011e+02 1.58060492372208395e-04 3.75162953747215660e-06
 2.70050000000000011e+02 2.70600000000000023e+02 1.53012652820621947e-04 1.39318584505989228e-06
 2.70600000000000023e+02 2.71149999999999977e+02 1.48346520448959095e-04 1.13855884913670170e-06
 2.71149999999999977e+02 2.71699999999999989e+02 1.47028918442067085e-04 1.18203979065168152e-06
 2.71699999999999989e+02 2.72250000000000000e+02 1.44326929807520353e-04 1.28845983235313525e-06
 2.72250000000000000e+02 2.72800000000000011e+02 1.38539497960146746e-04 1.22677646772295842e-06
 2.72800000000000011e+02 2.73350000000000023e+02 1.37489358782964788e-04 1.21341622708115210e-06
 2.73350000000000023e+02 2.73899999999999977e+02 1.32259189951112669e-04 1.33980688222804186e-06
 2.73899999999999977e+02 2.74449999999999989e+02 1.29120182264098518e-04 1.19238350614618995e-06
 2.74449999999999989e+02 2.75000000000000000e+02 1.26434900027066712e-04 1.27112360537604935e-06
 2.75000000000000000e+02 2.75550000000000011e+02 1.24815098810532039e-04 1.09918951474174069e-06
 2.75550000000000011e+02 2.76100000000000023e+02 1.24177169859687351e-04 1.84901811952399785e-06
 2.76100000000000023e+02 2.76649999999999977e+02 1.18560823548357551e-04 1.18869298789476709e-06
 2.76649999999999977e+02 2.77199999999999989e+02 1.15879793980462384e-04 1.41292479260124685e-06
 2.77199999999999989e+02 2.77750000000000000e+02 1.12193035339667663e-04 2.05734817491796203e-06
 2.77750000000000000e+02 2.78300000000000011e+02 1.08592018150137690e-04 1.04748467436889430e-06
 2.78300000000000011e+02 2.78850000000000023e+02 1.05919319410008954e-04 1.05023652439132631e-06
 2.78850000000000023e+02 2.79399999999999977e+02 1.04116416695510471e-04 1.13515423758976899e-06
 2.79399999999999977e+02 2.79949999999999989e+02 1.01475534837388854e-04 1.55955586574342425e-06
 2.79949999999999989e+02 2.80500000000000000e+02 9.91351001279466566e-05 1.25921581867944805e-06
 2.80500000000000000e+02 2.81050000000000011e+02 9.48075190605036873e-05 1.08752475186723772e-06
 2.81050000000000011e+02 2.81600000000000023e+02 9.10708683485153601e-05 1.01787920691834485e-06
 2.81600000000000023e+02 2.82149999999999977e+02 9.12839778834734152e-05 1.24682754686422586e-06
 2.82149999999999977e+02 2.82699999999999989e+02 8.63013255169404146e-05 9.37014753853830844e-07
 2.82699999999999989e+02 2.83250000000000000e+02 8.84936544385476462e-05 1.96348859574672577e-06
 2.83250000000000000e+02 2.83800000000000011e+02 8.08809279107886638e-05 9.22558941155327096e-07
 2.83800000000000011e+02 2.84350000000000023e+02 7.90954525752198955e-05 9.54309113738619968e-07
 2.84350000000000023e+02 2.84899999999999977e+02 7.78742526330621142e-05 1.38630949409898247e-06
 2.84899999999999977e+02 2.85449999999999989e+02 7.37953091936626376e-05 1.05073765468016360e-06
 2.85449999999999989e+02 2.86000000000000000e+02 7.27656317207757051e-05 1.58073262268624209e-06
 2.86000000000000000e+02 2.86550000000000011e+02 7.00656743496546632e-05 9.77048926168018249e-07
 2.86550000000000011e+02 2.87100000000000023e+02 6.71478395459175671e-05 1.18443124356192079e-06
 2.87100000000000023e+02 2.87649999999999977e+02 6.36829910614512124e-05 7.96586749932615172e-07
 2.87649999999999977e+02 2.88199999999999989e+02 6.25880767149564947e-05 8.72162452496695723e-07
 2.88199999999999989e+02 2.88750000000000000e+02 5.94135466854013363e-05 8.16712995817060128e-07
 2.88750000000000000e+02 2.89300000000000011e+02 5.80709643489196254e-05 8.54732184591379993e-07
 2.89300000000000011e+02 2.89850000000000023e+02 5.66276265560008266e-05 1.06737279406525577e-06
 2.89850000000000023e+02 2.90399999999999977e+02 5.32893252371273072e-05 9.02419171076619014e-07
 2.90399999999999977e+02 2.90949999999999989e+02 5.16024123963741891e-05 8.44816912647113252e-07
 2.90949999999999989e+02 2.91500000000000000e+02 4.84958124440193028e-05 7.34946391823738890e-07
 2.91500000000000000e+02 2.92050000000000011e+02 4.86080171334611600e-05 2.22835426767967569e-06
 2.92050000000000011e+02 2.92600000000000023e+02 4.39627243510380369e-05 8.01495755341388295e-07
 2.92600000000000023e+02 2.93149999999999977e+02 4.40184961313706033e-05 7.57391837950056480e-07
 2.93149999999999977e+02 2.93699999999999989e+02 4.14476410243759259e-05 7.39372584728888725e-07
 2.93699999999999989e+02 2.94250000000000000e+02 3.97893150651337535e-05 9.23627340516971636e-07
 2.94250000000000000e+02 2.94800000000000011e+02 3.66327157528428430e-05 6.65980898578376027e-07
 2.94800000000000011e+02 2.95350000000000023e+02 3.70438571062363785e-05 1.67585764145067499e-06
 2.95350000000000023e+02 2.95899999999999977e+02 3.21954773282539687e-05 6.81071400546128456e-07
 2.95899999999999977e+02 2.96449999999999989e+02 3.19387953245765062e-05 6.24508836724667058e-07
 2.96449999999999989e+02 2.97000000000000000e+02 3.04898878658401301e-05 6.18790859451507938e-07
 2.97000000000000000e+02 2.97550000000000011e+02 2.79259170067738169e-05 5.71646759049963783e-07
 2.97550000000000011e+02 2.98100000000000023e+02 2.55503241411371196e-05 5.96222244382215268e-07
 2.98100000000000023e+02 2.98649999999999977e+02 2.42562931598858826e-05 8.41471977662523550e-07
 2.98649999999999977e+02 2.99199999999999989e+02 2.29089271878105798e-05 7.24158894959876429e-07
 2.99199999999999989e+02 2.99750000000000000e+02 2.18772920761634708e-05 6.43936443905283663e-07
 2.99750000000000000e+02 3.00300000000000011e+02 2.18656474029747402e-05 2.19320996964051581e-06
 3.00300000000000011e+02 3.00850000000000023e+02 1.82586893587084396e-05 5.58620478104727890e-07
 3.00850000000000023e+02 3.01399999999999977e+02 1.85123387737812834e-05 7.13552044629945957e-07
 3.01399999999999977e+02 3.01949999999999989e+02 1.56532504157255201e-05 5.17067653711929042e-07
 3.01949999999999989e+02 3.02500000000000000e+02 1.29852840721988882e-05 5.58964626127863087e-07
 3.02500000000000000e+02 3.03050000000000011e+02 1.27325376859142398e-05 4.62865030422242945e-07
 3.03050000000000011e+02 3.03600000000000023e+02 1.13419771194270508e-05 4.31233036670173082e-07
 3.03600000000000023e+02 3.04149999999999977e+02 1.10277760488276554e-05 1.04133645777624290e-06
 3.04149999999999977e+02 3.04699999999999989e+02 9.51925882849180491e-06 6.25352416212361272e-07
 3.04699999999999989e+02 3.05250000000000000e+02 8.31827769940952110e-06 3.59930189449865040e-07
 3.05250000000000000e+02 3.05800000000000011e+02 8.04167155926238061e-06 5.69486053423084939e-07
 3.05800000000000011e+02 3.06350000000000023e+02 6.56962515984631896e-06 4.00704453432751027e-07
 3.06350000000000023e+02 3.06899999999999977e+02 5.45307723542575014e-06 3.27680243679865504e-07
 3.06899999999999977e+02 3.07449999999999989e+02 4.68993381318900982e-06 3.21826585879903454e-07
 3.07449999999999989e+02 3.08000000000000000e+02 4.68950756001640624e-06 5.46750374471049715e-07
 3.08000000000000000e+02 3.08550000000000011e+02 3.51039776405525389e-06 3.51047054673807686e-07
 3.08550000000000011e+02 3.09100000000000023e+02 3.12532008330882659e-06 3.81806532520439882e-07
 3.09100000000000023e+02 3.09649999999999977e+02 2.27348928687107578e-06 3.07925068649888710e-07
 3.09649999999999977e+02 3.10199999999999989e+02 1.39534865766130743e-06 2.63694346253436695e-07
 3.10199999999999989e+02 3.10750000000000000e+02 1.01452805884639885e-06 1.52232296306202011e-07
 3.10750000000000000e+02 3.11300000000000011e+02 7.64802564624017063e-07 2.45704903540333310e-07
 3.11300000000000011e+02 3.11850000000000023e+02 3.25151788426887397e-07 6.97787185823932806e-08
 3.11850000000000023e+02 3.12399999999999977e+02 1.44927554068899310e-07 5.34709728818855345e-08
 3.12399999999999977e+02 3.12949999999999989e+02 1.66942180521925163e-07 1.00782362830844796e-07
 3.12949999999999989e+02 3.13500000000000000e+02 2.34895538446861436e-09 2.34895538446861436e-09
 3.13500000000000000e+02 3.14050000000000011e+02 0.00000000000000000e+00 0.00000000000000000e+00
 3.14050000000000011e+02 3.14600000000000023e+02 0.00000000000000000e+00 0.00000000000000000e+00
 3.14600000000000023e+02 3.15149999999999977e+02 0.00000000000000000e+00 0.00000000000000000e+00
 3.15149999999999977e+02 3.15699999999999989e+02 0.00000000000000000e+00 0.00000000000000000e+00
 3.15699999999999989e+02 3.16250000000000000e+02 0.00000000000000000e+00 0.00000000000000000e+00
 3.16250000000000000e+02 3.16800000000000011e+02 0.00000000000000000e+00 0.00000000000000000e+00
 3.16800000000000011e+02 3.17350000000000023e+02 0.00000000000000000e+00 0.00000000000000000e+00
 3.17350000000000023e+02 3.17899999999999977e+02 0.00000000000000000e+00 0.00000000000000000e+00
 3.17899999999999977e+02 3.18449999999999989e+02 0.00000000000000000e+00 0.00000000000000000e+00
 3.18449999999999989e+02 3.19000000000000000e+02 0.00000000000000000e+00 0.00000000000000000e+00
 3.19000000000000000e+02 3.19550000000000011e+02 0.00000000000000000e+00 0.00000000000000000e+00
 3.19550000000000011e+02 3.20100000000000023e+02 0.00000000000000000e+00 0.00000000000000000e+00
 3.20100000000000023e+02 3.20649999999999977e+02 0.00000000000000000e+00 0.00000000000000000e+00
 3.20649999999999977e+02 3.21199999999999989e+02 0.00000000000000000e+00 0.00000000000000000e+00
 3.21199999999999989e+02 3.21750000000000000e+02 0.00000000000000000e+00 0.00000000000000000e+00
 3.21750000000000000e+02 3.22300000000000011e+02 0.00000000000000000e+00 0.00000000000000000e+00
 3.22300000000000011e+02 3.22850000000000023e+02 0.00000000000000000e+00 0.00000000000000000e+00
 3.22850000000000023e+02 3.23399999999999977e+02 0.00000000000000000e+00 0.00000000000000000e+00
 3.23399999999999977e+02 3.23949999999999989e+02 0.00000000000000000e+00 0.00000000000000000e+00
 3.23949999999999989e+02 3.24500000000000000e+02 0.00000000000000000e+00 0.00000000000000000e+00
 3.24500000000000000e+02 3.25050000000000011e+02 0.00000000000000000e+00 0.00000000000000000e+00
 3.25050000000000011e+02 3.25600000000000023e+02 0.00000000000000000e+00 0.00000000000000000e+00
 3.25600000000000023e+02 3.26149999999999977e+02 0.00000000000000000e+00 0.00000000000000000e+00
 3.26149999999999977e+02 3.26699999999999989e+02 0.00000000000000000e+00 0.00000000000000000e+00
 3.26699999999999989e+02 3.27250000000000000e+02 0.00000000000000000e+00 0.00000000000000000e+00
 3.27250000000000000e+02 3.27800000000000011e+02 0.00000000000000000e+00 0.00000000000000000e+00
 3.27800000000000011e+02 3.28350000000000023e+02 0.00000000000000000e+00 0.00000000000000000e+00
 3.28350000000000023e+02 3.28899999999999977e+02 0.00000000000000000e+00 0.00000000000000000e+00
 3.28899999999999977e+02 3.29449999999999989e+02 0.00000000000000000e+00 0.00000000000000000e+00
 3.29449999999999989e+02 3.30000000000000000e+02 0.00000000000000000e+00 0.00000000000000000e+00

Histogram:lpp+
 1.06000000000000000e+02 1.06686666666666667e+02 0.00000000000000000e+00 0.00000000000000000e+00
 1.06686666666666667e+02 1.07373333333333335e+02 4.00932141084174338e-09 4.00932141084174338e-09
 1.07373333333333335e+02 1.08060000000000002e+02 2.11479673963749842e-07 6.18556162125063570e-08
 1.08060000000000002e+02 1.08746666666666670e+02 5.51160346803748351e-07 1.20310889052241649e-07
 1.08746666666666670e+02 1.09433333333333337e+02 9.92686724563740824e-07 1.18194617418587358e-07
 1.09433333333333337e+02 1.10120000000000005e+02 1.26228131074630923e-06 1.65848035890302472e-07
 1.10120000000000005e+02 1.10806666666666672e+02 1.81714998208689709e-06 1.46530179320711863e-07
 1.10806666666666672e+02 1.11493333333333339e+02 2.55838929402739755e-06 3.58025591680762793e-07
 1.11493333333333339e+02 1.12180000000000007e+02 4.02347930184493472e-06 9.53113290423647617e-07
 1.12180000000000007e+02 1.12866666666666660e+02 3.23429314651411640e-06 5.58530931318653267e-07
 1.12866666666666660e+02 1.13553333333333327e+02 3.07412032371787150e-06 2.23831132246633512e-07
 1.13553333333333327e+02 1.14239999999999995e+02 3.98391473709274553e-06 2.84209280435912070e-07
 1.14239999999999995e+02 1.14926666666666662e+02 4.13733825827638753e-06 2.62394566174857566e-07
 1.14926666666666662e+02 1.15613333333333330e+02 4.46869911471422840e-06 2.77496174796197293e-07
 1.15613333333333330e+02 1.16299999999999997e+02 5.55279924636303030e-06 3.56515140137397391e-07
 1.16299999999999997e+02 1.16986666666666665e+02 6.36163754500326821e-06 4.98309359123364126e-07
 1.16986666666666665e+02 1.17673333333333332e+02 5.97992024940448978e-06 2.69392496273459618e-07
 1.17673333333333332e+02 1.18359999999999999e+02 1.03092687053580798e-05 3.67478261508126444e-06
 1.18359999999999999e+02 1.19046666666666667e+02 6.81470602065263082e-06 2.95572397829480895e-07
 1.19046666666666667e+02 1.19733333333333334e+02 7.50759594070420626e-06 4.48721868946312895e-07
 1.19733333333333334e+02 1.20420000000000002e+02 8.30645868607810434e-06 1.05218378404211332e-06
 1.20420000000000002e+02 1.21106666666666669e+02 8.33730862365689378e-06 4.08108329081329185e-07
 1.21106666666666669e+02 1.21793333333333337e+02 9.60939506472984228e-06 6.48476037384730429e-07
 1.21793333333333337e+02 1.22480000000000004e+02 1.27753587026255237e-05 3.46612103366033429e-06
 1.22480000000000004e+02 1.23166666666666671e+02 1.04278634137749588e-05 5.03491702263670448e-07
 1.23166666666666671e+02 1.23853333333333325e+02 1.03287324212926182e-05 5.15363280232123838e-07
 1.23853333333333325e+02 1.24539999999999992e+02 1.14156533495657654e-05 5.45184925719589151e-07
 1.24539999999999992e+02 1.25226666666666659e+02 1.38121977540569272e-05 1.15558847523359518e-06
 1.25226666666666659e+02 1.25913333333333327e+02 1.22634803308566264e-05 5.36997537209197620e-07
 1.25913333333333327e+02 1.26599999999999994e+02 1.30375830652937250e-05 8.28994324809053977e-07
 1.26599999999999994e+02 1.27286666666666662e+02 1.33653173306869553e-05 7.20521586858759779e-07
 1.27286666666666662e+02 1.27973333333333329e+02 1.47442315739175869e-05 5.44911416332756022e-07
 1.27973333333333329e+02 1.28659999999999997e+02 1.31658492976560776e-05 4.18439270574296841e-07
 1.28659999999999997e+02 1.29346666666666664e+02 1.53131860594392320e-05 4.16942821116869360e-07
 1.29346666666666664e+02 1.30033333333333331e+02 1.47454615428367950e-05 4.23064445072446578e-07
 1.30033333333333331e+02 1.30719999999999999e+02 1.60081522379887455e-05 5.38647639569967340e-07
 1.30719999999999999e+02 1.31406666666666666e+02 1.66238529178566997e-05 4.44752410601583462e-07
 1.31406666666666666e+02 1.32093333333333334e+02 1.67033130951254443e-05 5.44933102854215336e-07
 1.32093333333333334e+02 1.32780000000000001e+02 1.98864091752784636e-05 1.01123733648955759e-06
 1.32780000000000001e+02 1.33466666666666669e+02 1.76820148234297739e-05 5.11202935055737234e-07
 1.33466666666666669e+02 1.34153333333333336e+02 1.83410256847994168e-05 5.90973007860882313e-07
 1.34153333333333336e+02 1.34840000000000003e+02 2.04546566071549027e-05 1.07808564110231650e-06
 1.34840000000000003e+02 1.35526666666666671e+02 1.95951430733998492e-05 5.75532265678982434e-07
 1.35526666666666671e+02 1.36213333333333338e+02 2.51632707832014267e-05 1.88931955246283283e-06
 1.36213333333333338e+02 1.36900000000000006e+02 2.21412928890780863e-05 8.33915460604948007e-07
 1.36900000000000006e+02 1.37586666666666673e+02 2.25800896275897981e-05 6.00074935289265994e-07
 1.37586666666666673e+02 1.38273333333333341e+02 2.40848019375610974e-05 1.15002008225482140e-06
 1.38273333333333341e+02 1.38960000000000008e+02 2.31951719908193262e-05 6.33203455878244806e-07
 1.38960000000000008e+02 1.39646666666666675e+02 2.32572957496751003e-05 5.79095298932540481e-07
 1.39646666666666675e+02 1.40333333333333343e+02 2.41889187897132933e-05 6.49802061183078621e-07
 1.40333333333333343e+02 1.41020000000000010e+02 2.48403612799622888e-05 6.00066178017602832e-07
 1.41020000000000010e+02 1.41706666666666649e+02 2.50912025817971973e-05 5.45848334271064968e-07
 1.41706666666666649e+02 1.42393333333333317e+02 2.55166841858773539e-05 5.88113217461401412e-07
 1.42393333333333317e+02 1.43079999999999984e+02 2.76345773047336876e-05 9.47385930197890846e-07
 1.43079999999999984e+02 1.43766666666666652e+02 2.77293202859996823e-05 8.58911108407219138e-07
 1.43766666666666652e+02 1.44453333333333319e+02 2.68412088121479851e-05 5.85392873584906236e-07
 1.44453333333333319e+02 1.45139999999999986e+02 2.92145307482436996e-05 6.09107514581955324e-07
 1.45139999999999986e+02 1.45826666666666654e+02 3.12445682773700609e-05 8.88939043682204399e-07
 1.45826666666666654e+02 1.46513333333333321e+02 2.94923555937843390e-05 6.64280293331399649e-07
 1.46513333333333321e+02 1.47199999999999989e+02 3.04189772463323244e-05 7.13456086227061238e-07
 1.47199999999999989e+02 1.47886666666666656e+02 3.36498297621264496e-05 8.19872809079305492e-07
 1.47886666666666656e+02 1.48573333333333323e+02 3.32260703266519286e-05 6.83301264760567523e-07
 1.48573333333333323e+02 1.49259999999999991e+02 3.26793765374889023e-05 7.02662696165320032e-07
 1.49259999999999991e+02 1.49946666666666658e+02 3.35899417552814580e-05 6.76397537401101078e-07
 1.49946666666666658e+02 1.50633333333333326e+02 3.46816467315392080e-05 7.84743376652266074e-07
 1.50633333333333326e+02 1.51319999999999993e+02 3.57345632368843313e-05 6.68084787609392862e-07
 1.51319999999999993e+02 1.52006666666666661e+02 3.77623296084806208e-05 1.02455851857432368e-06
 1.52006666666666661e+02 1.52693333333333328e+02 3.86935286651954595e-05 8.59459525748072518e-07
 1.52693333333333328e+02 1.53379999999999995e+02 4.31053597332414131e-05 2.77323889930769885e-06
 1.53379999999999995e+02 1.54066666666666663e+02 3.82792346605094049e-05 8.93145513201477377e-07
 1.54066666666666663e+02 1.54753333333333330e+02 3.99560929932921998e-05 9.43069041350115195e-07
 1.54753333333333330e+02 1.55439999999999998e+02 4.15179936120136462e-05 1.04438867292255895e-06
 1.55439999999999998e+02 1.56126666666666665e+02 4.25304693727318787e-05 1.70113261888840866e-06
 1.56126666666666665e+02 1.56813333333333333e+02 4.23466085177083811e-05 8.19903690914009875e-07
 1.56813333333333333e+02 1.57500000000000000e+02 4.33268340435449809e-05 7.97843711617282001e-07
 1.57500000000000000e+02 1.58186666666666667e+02 4.47623838288479939e-05 2.11141381439428764e-06
 1.58186666666666667e+02 1.58873333333333335e+02 4.53485628750469670e-05 1.02026760880671145e-06
 1.58873333333333335e+02 1.59560000000000002e+02 4.56243579480095055e-05 8.94313478487774440e-07
 1.59560000000000002e+02 1.60246666666666670e+02 8.39732673193042831e-05 1.16480426836838741e-06
 1.60246666666666670e+02 1.60933333333333337e+02 1.52856580893151277e-04 1.43900537847367939e-06
 1.60933333333333337e+02 1.61620000000000005e+02 1.52298824778681615e-04 1.35294063604072325e-06
 1.61620000000000005e+02 1.62306666666666672e+02 1.52946138360627936e-04 1.31894623817938718e-06
 1.62306666666666672e+02 1.62993333333333339e+02 1.56539364953039956e-04 1.69237135112897012e-06
 1.62993333333333339e+02 1.63680000000000007e+02 1.55281110888059890e-04 1.29015190078903825e-06
 1.63680000000000007e+02 1.64366666666666674e+02 1.53694183385350724e-04 1.16990116549998164e-06
 1.64366666666666674e+02 1.65053333333333342e+02 1.58079115839393025e-04 1.44820085019133826e-06
 1.65053333333333342e+02 1.65740000000000009e+02 1.60609287614746235e-04 1.38002645106001233e-06
 1.65740000000000009e+02 1.66426666666666677e+02 1.64121476838020522e-04 1.45577688809498343e-06
 1.66426666666666677e+02 1.67113333333333344e+02 1.69301149238817414e-04 3.07339016951516618e-06
 1.67113333333333344e+02 1.67800000000000011e+02 1.65827250448161839e-04 1.49988171235848867e-06
 1.67800000000000011e+02 1.68486666666666679e+02 1.66125993965734737e-04 1.35980322340379715e-06
 1.68486666666666679e+02 1.69173333333333346e+02 1.70355447064288412e-04 1.55255218580511673e-06
 1.69173333333333346e+02 1.69860000000000014e+02 1.70515291201483435e-04 1.63148281587934364e-06
 1.69860000000000014e+02 1.70546666666666681e+02 1.73245566556783678e-04 1.41046097735550723e-06
 1.70546666666666681e+02 1.71233333333333348e+02 1.71921628694894575e-04 1.31758638396999941e-06
 1.71233333333333348e+02 1.71920000000000016e+02 1.72204147125011142e-04 1.54337205780153868e-06
 1.71920000000000016e+02 1.72606666666666683e+02 1.76497112056168016e-04 1.50631486184635754e-06
 1.72606666666666683e+02 1.73293333333333351e+02 1.77142593560583313e-04 1.51577678634027815e-06
 1.73293333333333351e+02 1.73980000000000018e+02 1.79239119115095916e-04 1.31820296849102659e-06
 1.73980000000000018e+02 1.74666666666666686e+02 1.81833393019824400e-04 2.16550809204007523e-06
 1.74666666666666686e+02 1.75353333333333353e+02 1.79582370362901632e-04 1.35144814374643226e-06
 1.75353333333333353e+02 1.76040000000000020e+02 1.85824661208964495e-04 1.56773336840918082e-06
 1.76040000000000020e+02 1.76726666666666688e+02 1.88789066736882755e-04 1.77185410137811887e-06
 1.76726666666666688e+02 1.77413333333333327e+02 1.89061008085504757e-04 1.58431937892872124e-06
 1.77413333333333327e+02 1.78099999999999994e+02 1.88251183556106117e-04 1.49952979982060445e-06
 1.78099999999999994e+02 1.78786666666666662e+02 1.88677327088946256e-04 1.38334968406917652e-06
 1.78786666666666662e+02 1.79473333333333329e+02 1.91576683278027416e-04 1.64632997730679112e-06
 1.79473333333333329e+02 1.80159999999999997e+02 1.93792648022292081e-04 1.44922916491724578e-06
 1.80159999999999997e+02 1.80846666666666664e+02 1.95712258479368239e-04 1.65826456608083857e-06
 1.80846666666666664e+02 1.81533333333333331e+02 1.96474475612164754e-04 1.41685638589591100e-06
 1.81533333333333331e+02 1.82219999999999999e+02 1.97681646900400523e-04 1.45399658748276365e-06
 1.82219999999999999e+02 1.82906666666666666e+02 2.03645255445876114e-04 2.94786133159080103e-06
 1.82906666666666666e+02 1.83593333333333334e+02 2.04426908141621403e-04 1.63793802370409761e-06
 1.83593333333333334e+02 1.84280000000000001e+02 2.05705337186320867e-04 1.49508931769898153e-06
 1.84280000000000001e+02 1.84966666666666669e+02 2.06939540017575042e-04 1.52514931901589361e-06
 1.84966666666666669e+02 1.85653333333333336e+02 2.06452167372129022e-04 1.61181612611789684e-06
 1.85653333333333336e+02 1.86340000000000003e+02 2.11549940011482638e-04 1.99495452690172244e-06
 1.86340000000000003e+02 1.87026666666666671e+02 2.09294229402404007e-04 1.49603331268161004e-06
 1.87026666666666671e+02 1.87713333333333338e+02 2.10071576754250900e-04 1.40707481726257308e-06
 1.87713333333333338e+02 1.88400000000000006e+02 2.16025675128161254e-04 1.72339699914618423e-06
 1.88400000000000006e+02 1.89086666666666673e+02 2.22146506925130017e-04 6.73041910269516927e-06
 1.89086666666666673e+02 1.89773333333333312e+02 2.20525482663111227e-04 2.20887524297427753e-06
 1.89773333333333312e+02 1.90459999999999980e+02 2.18840300688317844e-04 1.57775465882081962e-06
 1.90459999999999980e+02 1.91146666666666647e+02 2.21259223658885510e-04 1.72842846481892475e-06
 1.91146666666666647e+02 1.91833333333333314e+02 2.22938168153725264e-04 1.66368253769124466e-06
 1.91833333333333314e+02 1.92519999999999982e+02 2.23255050425784265e-04 1.51111492363034546e-06
 1.92519999999999982e+02 1.93206666666666649e+02 2.25446930687255422e-04 1.62490774856244877e-06
 1.93206666666666649e+02 1.93893333333333317e+02 2.30949218128002708e-04 1.69910652071201897e-06
 1.93893333333333317e+02 1.94579999999999984e+02 2.32807762726046515e-04 2.48740175726485960e-06
 1.94579999999999984e+02 1.95266666666666652e+02 2.34157278993629443e-04 2.24549076292924394e-06
 1.95266666666666652e+02 1.95953333333333319e+02 2.35514626321779171e-04 1.65929192911244192e-06
 1.95953333333333319e+02 1.96639999999999986e+02 2.48269648237577729e-04 6.53773651766146953e-06
 1.96639999999999986e+02 1.97326666666666654e+02 2.36743077134830647e-04 1.56803148869514527e-06
 1.97326666666666654e+02 1.98013333333333321e+02 2.39935033677632554e-04 1.66932549229740511e-06
 1.98013333333333321e+02 1.98699999999999989e+02 2.41794349637397250e-04 1.76978623255610615e-06
 1.98699999999999989e+02 1.99386666666666656e+02 2.45404003178747152e-04 1.58769733666581547e-06
 1.99386666666666656e+02 2.00073333333333323e+02 2.45637676800782999e-04 1.57038014539950193e-06
 2.00073333333333323e+02 2.00759999999999991e+02 2.48127899486804977e-04 1.81556581645386811e-06
 2.00759999999999991e+02 2.01446666666666658e+02 2.57498666055854669e-04 2.14258259251425699e-06
 2.01446666666666658e+02 2.02133333333333326e+02 2.53342187541335693e-04 1.76548994807762383e-06
 2.02133333333333326e+02 2.02819999999999993e+02 2.55988262707186154e-04 1.70657368174248158e-06
 2.02819999999999993e+02 2.03506666666666661e+02 2.58325764100174088e-04 1.88017418908493928e-06
 2.03506666666666661e+02 2.04193333333333328e+02 2.68154769519379202e-04 4.78377635202178190e-06
 2.04193333333333328e+02 2.04879999999999995e+02 2.63704315316289919e-04 1.79343311549645873e-06
 2.04879999999999995e+02 2.05566666666666663e+02 2.63470231790120650e-04 1.77849824030069094e-06
 2.05566666666666663e+02 2.06253333333333330e+02 2.66175408876486331e-04 2.30161350024354227e-06
 2.06253333333333330e+02 2.06939999999999998e+02 2.70344271748368381e-04 2.05823551858707465e-06
 2.06939999999999998e+02 2.07626666666666665e+02 2.68846973676727184e-04 1.81629880701263762e-06
 2.07626666666666665e+02 2.08313333333333333e+02 2.72482733418501167e-04 1.64608783937529620e-06
 2.08313333333333333e+02 2.09000000000000000e+02 2.75088684610313636e-04 1.96241534738886597e-06
 2.09000000000000000e+02 2.09686666666666667e+02 2.77157342251499537e-04 1.91488267651289277e-06
 2.09686666666666667e+02 2.10373333333333335e+02 2.86122767097565897e-04 4.44056549573569574e-06
 2.10373333333333335e+02 2.11060000000000002e+02 2.83134593023137259e-04 2.07068508712033303e-06
 2.11060000000000002e+02 2.11746666666666670e+02 2.81214956104970703e-04 1.82226944683916277e-06
 2.11746666666666670e+02 2.12433333333333337e+02 2.83966650742787372e-04 1.79363561094160192e-06
 2.12433333333333337e+02 2.13120000000000005e+02 2.90138787885317162e-04 1.90079704033866530e-06
 2.13120000000000005e+02 2.13806666666666672e+02 2.92897208910764743e-04 2.16756880153993736e-06
 2.13806666666666672e+02 2.14493333333333339e+02 2.95967840772435242e-04 1.93065446628299010e-06
 2.14493333333333339e+02 2.15180000000000007e+02 2.94344667569499177e-04 1.83691789554126290e-06
 2.15180000000000007e+02 2.15866666666666674e+02 2.98138866697016060e-04 1.88588346993098713e-06
 2.15866666666666674e+02 2.16553333333333342e+02 2.98829708263718529e-04 1.85780213052931928e-06
 2.16553333333333342e+02 2.17240000000000009e+02 3.05483588811010856e-04 2.33773982455646985e-06
 2.17240000000000009e+02 2.17926666666666677e+02 3.10273898781946724e-04 2.78167350098680184e-06
 2.17926666666666677e+02 2.18613333333333344e+02 3.09242243013598819e-04 2.03291860476390321e-06
 2.18613333333333344e+02 2.19300000000000011e+02 3.13647310999931714e-04 2.41913371200066932e-06
 2.19300000000000011e+02 2.19986666666666679e+02 3.13472048357618606e-04 1.83141953874796216e-06
 2.19986666666666679e+02 2.20673333333333346e+02 3.11119879860254750e-04 2.05428280163844827e-06
 2.20673333333333346e+02 2.21360000000000014e+02 3.19432565155357978e-04 2.07412348979278191e-06
 2.21360000000000014e+02 2.22046666666666681e+02 3.25538551261759439e-04 2.75961194980828315e-06
 2.22046666666666681e+02 2.22733333333333348e+02 3.23285687017248516e-04 2.10526501040199920e-06
 2.22733333333333348e+02 2.23420000000000016e+02 3.26748194165516154e-04 1.96668162771688221e-06
 2.23420000000000016e+02 2.24106666666666683e+02 3.28952030164990383e-04 2.01778367505682336e-06
 2.24106666666666683e+02 2.24793333333333351e+02 3.32013848062072262e-04 2.18323204910469308e-06
 2.24793333333333351e+02 2.25480000000000018e+02 3.34512355094097706e-04 2.86329158272778758e-06
 2.25480000000000018e+02 2.26166666666666686e+02 3.34204420720532740e-04 1.97861637843176817e-06
 2.26166666666666686e+02 2.26853333333333353e+02 3.39262431513360965e-04 2.60054141939605135e-06
 2.26853333333333353e+02 2.27540000000000020e+02 3.43441736306008237e-04 2.41569288054186309e-06
 2.27540000000000020e+02 2.28226666666666688e+02 3.43507138927678609e-04 3.18451593669786109e-06
 2.28226666666666688e+02 2.28913333333333327e+02 3.46004571062348033e-04 2.07396640990421273e-06
 2.28913333333333327e+02 2.29599999999999994e+02 3.48794439465798260e-04 2.01829288465740750e-06
 2.29599999999999994e+02 2.30286666666666662e+02 3.51259673185072932e-04 2.02734632692366758e-06
 2.30286666666666662e+02 2.30973333333333329e+02 3.52911494368566994e-04 1.90844270955699620e-06
 2.30973333333333329e+02 2.31659999999999997e+02 3.60285512402858815e-04 3.09667504452298274e-06
 2.31659999999999997e+02 2.32346666666666664e+02 3.62254426218296610e-04 2.30875468778146315e-06
 2.32346666666666664e+02 2.33033333333333331e+02 3.62623531927797939e-04 2.14369039222755264e-06
 2.33033333333333331e+02 2.33719999999999999e+02 3.64678391884248963e-04 2.10735253982056256e-06
 2.33719999999999999e+02 2.34406666666666666e+02 4.00946059932130879e-04 3.07610845533538534e-05
 2.34406666666666666e+02 2.35093333333333334e+02 3.70860600151830830e-04 2.06392453269509037e-06
 2.35093333333333334e+02 2.35780000000000001e+02 3.73523311050145284e-04 2.22655165972152519e-06
 2.35780000000000001e+02 2.36466666666666669e+02 3.76666033716253803e-04 2.27933497509899937e-06
 2.36466666666666669e+02 2.37153333333333336e+02 3.80476691036210060e-04 2.29471489319819168e-06
 2.37153333333333336e+02 2.37840000000000003e+02 3.79966681607850592e-04 2.09079002332906200e-06
 2.37840000000000003e+02 2.38526666666666671e+02 3.81816747703509179e-04 2.11944615136607938e-06
 2.38526666666666671e+02 2.39213333333333338e+02 3.92732396128081800e-04 2.82217224792863110e-06
 2.39213333333333338e+02 2.39900000000000006e+02 3.91438883564310287e-04 2.07515057130397260e-06
 2.39900000000000006e+02 2.40586666666666673e+02 3.99376746397773726e-04 2.76946741838927441e-06
 2.40586666666666673e+02 2.41273333333333341e+02 3.97547768570733688e-04 2.19449267564371594e-06
 2.41273333333333341e+02 2.41960000000000008e+02 4.03731280043200273e-04 4.97288400287854136e-06
 2.41960000000000008e+02 2.42646666666666675e+02 4.06247962983152897e-04 2.20971872788953585e-06
 2.42646666666666675e+02 2.43333333333333343e+02 4.09496695814902953e-04 2.22363054299095170e-06
 2.43333333333333343e+02 2.44020000000000010e+02 4.10868407069176704e-04 2.52389999556837115e-06
 2.44020000000000010e+02 2.44706666666666678e+02 4.12592410460162586e-04 2.18715887665507189e-06
 2.44706666666666678e+02 2.45393333333333345e+02 4.15046850554344157e-04 2.12967257903656162e-06
 2.45393333333333345e+02 2.46080000000000013e+02 4.30813476789879059e-04 6.98286483989508314e-06
 2.46080000000000013e+02 2.46766666666666680e+02 4.24547688890889320e-04 2.32767450775065386e-06
 2.46766666666666680e+02 2.47453333333333347e+02 4.28290304902227768e-04 3.20162574665740131e-06
 2.47453333333333347e+02 2.48139999999999986e+02 4.28757692863911306e-04 2.91957406359704092e-06
 2.48139999999999986e+02 2.48826666666666654e+02 4.32930005797183090e-04 2.61961703991954400e-06
 2.48826666666666654e+02 2.49513333333333321e+02 4.37287538948101767e-04 2.39626642731493163e-06
 2.49513333333333321e+02 2.50199999999999989e+02 4.41877626444432486e-04 2.63001300384555283e-06
 2.50199999999999989e+02 2.50886666666666656e+02 4.47195153908715583e-04 2.59593042593635060e-06
 2.50886666666666656e+02 2.51573333333333323e+02 4.47184367163121785e-04 2.98417797164702769e-06
 2.51573333333333323e+02 2.52259999999999991e+02 4.49523401966098603e-04 2.27887672472212244e-06
 2.52259999999999991e+02 2.52946666666666658e+02 4.51801182860324803e-04 2.30319734225429424e-06
 2.52946666666666658e+02 2.53633333333333326e+02 4.60706238539741362e-04 2.29717628564384462e-06
 2.53633333333333326e+02 2.54319999999999993e+02 4.60888400245707951e-04 2.21949096870126911e-06
 2.54319999999999993e+02 2.55006666666666661e+02 4.69495716828800206e-04 3.16322873625410237e-06
 2.55006666666666661e+02 2.55693333333333328e+02 4.69233928752011873e-04 2.23444323532715586e-06
 2.55693333333333328e+02 2.56379999999999995e+02 4.74088258211957572e-04 2.61934005049051326e-06
 2.56379999999999995e+02 2.57066666666666663e+02 4.74922210171494050e-04 2.35107110351187188e-06
 2.57066666666666663e+02 2.57753333333333330e+02 4.77817356037017369e-04 2.46256467486424795e-06
 2.57753333333333330e+02 2.58439999999999998e+02 4.81008052108062060e-04 2.17513556531280745e-06
 2.58439999999999998e+02 2.59126666666666665e+02 4.85747577104616560e-04 3.70292406305544581e-06
 2.59126666666666665e+02 2.59813333333333333e+02 4.89110232306865541e-04 2.28067869282590946e-06
 2.59813333333333333e+02 2.60500000000000000e+02 4.86995347579756313e-04 2.28006350707299969e-06
 2.60500000000000000e+02 2.61186666666666667e+02 4.97883881148488447e-04 2.58535337050445544e-06
 2.61186666666666667e+02 2.61873333333333335e+02 5.01497611771558921e-04 2.47127299235157397e-06
 2.61873333333333335e+02 2.62560000000000002e+02 5.03138235820395309e-04 2.89069826740320026e-06
 2.62560000000000002e+02 2.63246666666666670e+02 5.02295270718235739e-04 2.46044754450167207e-06
 2.63246666666666670e+02 2.63933333333333337e+02 5.12265665772943749e-04 2.49212333206050671e-06
 2.63933333333333337e+02 2.64620000000000005e+02 5.14713963932962506e-04 2.36223573199114050e-06
 2.64620000000000005e+02 2.65306666666666672e+02 5.18550822658954522e-04 2.60092909257743763e-06
 2.65306666666666672e+02 2.65993333333333339e+02 5.24923461987008059e-04 2.90453464801043185e-06
 2.65993333333333339e+02 2.66680000000000007e+02 5.28761061825866138e-04 2.58837482157256219e-06
 2.66680000000000007e+02 2.67366666666666674e+02 5.29139381363146551e-04 2.60068751687012727e-06
 2.67366666666666674e+02 2.68053333333333342e+02 5.32336911083914916e-04 2.42310297423182670e-06
 2.68053333333333342e+02 2.68740000000000009e+02 5.34414432828294998e-04 2.34888429534471696e-06
 2.68740000000000009e+02 2.69426666666666677e+02 5.44939311357585583e-04 2.91243503137335600e-06
 2.69426666666666677e+02 2.70113333333333344e+02 5.50864700773546698e-04 2.66446411809065977e-06
 2.70113333333333344e+02 2.70800000000000011e+02 5.61327121851206020e-04 6.50780624010689932e-06
 2.70800000000000011e+02 2.71486666666666679e+02 5.52388504295273303e-04 2.47417720703503495e-06
 2.71486666666666679e+02 2.72173333333333346e+02 5.62203585615557726e-04 2.67806015985485258e-06
 2.72173333333333346e+02 2.72860000000000014e+02 5.61698417067040532e-04 2.48158248397726826e-06
 2.72860000000000014e+02 2.73546666666666624e+02 5.65081534115092696e-04 2.56402117570721595e-06
 2.73546666666666624e+02 2.74233333333333348e+02 5.77684968108818989e-04 4.63651968361179319e-06
 2.74233333333333348e+02 2.74919999999999959e+02 5.72982102196291452e-04 2.43494686008372277e-06
 2.74919999999999959e+02 2.75606666666666683e+02 5.80934696908866409e-04 2.48201056912554704e-06
 2.75606666666666683e+02 2.76293333333333294e+02 5.89067408295049222e-04 5.48527888442102183e-06
 2.76293333333333294e+02 2.76980000000000018e+02 5.89768193649021686e-04 2.71379799264605838e-06
 2.76980000000000018e+02 2.77666666666666629e+02 5.95345937597469661e-04 2.92432327479495317e-06
 2.77666666666666629e+02 2.78353333333333353e+02 5.98429452196557366e-04 2.82903989111739316e-06
 2.78353333333333353e+02 2.79039999999999964e+02 5.97998434348046546e-04 2.35040112321310071e-06
 2.79039999999999964e+02 2.79726666666666688e+02 6.05436976282455156e-04 2.56496078055434075e-06
 2.79726666666666688e+02 2.80413333333333298e+02 6.10696034326436207e-04 2.48991167053107426e-06
 2.80413333333333298e+02 2.81100000000000023e+02 6.25651844265811955e-04 7.33186199962252513e-06
 2.81100000000000023e+02 2.81786666666666633e+02 6.17797150439252317e-04 2.52342014519704270e-06
 2.81786666666666633e+02 2.82473333333333358e+02 6.22721194444927949e-04 2.61358575002341626e-06
 2.82473333333333358e+02 2.83159999999999968e+02 6.29787844843130926e-04 2.67700956672559609e-06
 2.83159999999999968e+02 2.83846666666666692e+02 6.32400248927754904e-04 2.72883161236345626e-06
 2.83846666666666692e+02 2.84533333333333303e+02 6.39102202958765579e-04 2.93281500453498634e-06
 2.84533333333333303e+02 2.85220000000000027e+02 6.44882061637903599e-04 3.13388115043580331e-06
 2.85220000000000027e+02 2.85906666666666638e+02 6.49335401553124210e-04 3.55114136369714834e-06
 2.85906666666666638e+02 2.86593333333333362e+02 6.56530305183462490e-04 2.90895806578073043e-06
 2.86593333333333362e+02 2.87279999999999973e+02 6.57346658968858922e-04 2.79067394574130381e-06
 2.87279999999999973e+02 2.87966666666666697e+02 6.64462711712969804e-04 2.80300400575432955e-06
 2.87966666666666697e+02 2.88653333333333308e+02 6.67536410883313525e-04 2.62582212676898937e-06
 2.88653333333333308e+02 2.89340000000000032e+02 6.75199420671337308e-04 2.76298215756777934e-06
 2.89340000000000032e+02 2.90026666666666642e+02 6.74384427054967981e-04 2.55235310558069693e-06
 2.90026666666666642e+02 2.90713333333333367e+02 6.84514340801115084e-04 2.68334344474390948e-06
 2.90713333333333367e+02 2.91399999999999977e+02 6.97535772885073753e-04 3.74816793383019054e-06
 2.91399999999999977e+02 2.92086666666666702e+02 7.03255898968088516e-04 6.42315532489847655e-06
 2.92086666666666702e+02 2.92773333333333312e+02 7.04082095910482327e-04 4.24868521530818438e-06
 2.92773333333333312e+02 2.93460000000000036e+02 7.01405240951288324e-04 3.07066388452238041e-06
 2.93460000000000036e+02 2.94146666666666647e+02 7.13679054238646610e-04 3.58294637612387404e-06
 2.94146666666666647e+02 2.94833333333333371e+02 7.14788046890341817e-04 2.83877074556352753e-06
 2.94833333333333371e+02 2.95519999999999982e+02 7.19027460371965172e-04 2.92902251260566557e-06
 2.95519999999999982e+02 2.96206666666666706e+02 7.26076114322954077e-04 2.95458523447326109e-06
 2.96206666666666706e+02 2.96893333333333317e+02 7.36269375283570829e-04 2.79051175726890669e-06
 2.96893333333333317e+02 2.97580000000000041e+02 7.40070840492143773e-04 5.41071642805850585e-06
 2.97580000000000041e+02 2.98266666666666652e+02 7.44741637163938409e-04 3.13245408769630859e-06
 2.98266666666666652e+02 2.98953333333333376e+02 7.49625664734416999e-04 2.74737463861555394e-06
 2.98953333333333376e+02 2.99639999999999986e+02 7.50781521181897505e-04 2.78775909479181558e-06
 2.99639999999999986e+02 3.00326666666666654e+02 7.59503680141247381e-04 3.14890358563842675e-06
 3.00326666666666654e+02 3.01013333333333321e+02 7.71176689337466927e-04 3.65794984362245891e-06
 3.01013333333333321e+02 3.01699999999999989e+02 7.75320721187075794e-04 3.30439754881961838e-06
 3.01699999999999989e+02 3.02386666666666656e+02 7.79796322600219351e-04 2.99649044041146877e-06
 3.02386666666666656e+02 3.03073333333333323e+02 7.88700535611648709e-04 2.84061775231640363e-06
 3.03073333333333323e+02 3.03759999999999991e+02 7.96670992437744480e-04 3.61871604835606889e-06
 3.03759999999999991e+02 3.04446666666666658e+02 7.99340976774266560e-04 3.47602955545962888e-06
 3.04446666666666658e+02 3.05133333333333326e+02 8.06039793252452154e-04 2.76654280472696132e-06
 3.05133333333333326e+02 3.05819999999999993e+02 8.11230997381154361e-04 2.94471263784091519e-06
 3.05819999999999993e+02 3.06506666666666661e+02 8.22149460542978203e-04 4.08598711405217806e-06
 3.06506666666666661e+02 3.07193333333333328e+02 8.26948389410810656e-04 3.22150747537207330e-06
 3.07193333333333328e+02 3.07879999999999995e+02 8.33433421591536923e-04 4.10346734584953783e-06
 3.07879999999999995e+02 3.08566666666666663e+02 8.39835577283194377e-04 3.74604955593742331e-06
 3.08566666666666663e+02 3.09253333333333330e+02 8.43106485969325370e-04 3.49524278883073794e-06
 3.09253333333333330e+02 3.09939999999999998e+02 8.72611750934600768e-04 2.30242169987365508e-05
 3.09939999999999998e+02 3.10626666666666665e+02 8.60594058283764758e-04 3.07866439613264311e-06
 3.10626666666666665e+02 3.11313333333333333e+02 8.64429081763986099e-04 3.17394914562873698e-06
 3.11313333333333333e+02 3.12000000000000000e+02 8.67099958111424264e-04 3.63011153982185639e-06
 3.12000000000000000e+02 3.12686666666666667e+02 8.76067911356466977e-04 3.67691734127345656e-06
 3.12686666666666667e+02 3.13373333333333335e+02 8.77685872315803585e-04 2.96176506918010841e-06
 3.13373333333333335e+02 3.14060000000000002e+02 8.93091693939707934e-04 4.22249260299755565e-06
 3.14060000000000002e+02 3.14746666666666670e+02 8.88594205015585600e-04 2.98264699021177521e-06
 3.14746666666666670e+02 3.15433333333333337e+02 9.03334872144399229e-04 3.96237516010752920e-06
 3.15433333333333337e+02 3.16120000000000005e+02 9.01869922016753007e-04 2.93814328290008682e-06
 3.16120000000000005e+02 3.16806666666666672e+02 9.10465079922087020e-04 2.85291052207149687e-06
 3.16806666666666672e+02 3.17493333333333339e+02 9.21503290446490375e-04 3.51535253560636561e-06
 3.17493333333333339e+02 3.18180000000000007e+02 9.24270770095074663e-04 2.91513213333497764e-06
 3.18180000000000007e+02 3.18866666666666674e+02 9.28522841748690916e-04 3.07114621207793428e-06
 3.18866666666666674e+02 3.19553333333333342e+02 9.40407480552974242e-04 3.29200101792822039e-06
 3.19553333333333342e+02 3.20240000000000009e+02 9.45125868297257989e-04 3.06875597620126659e-06
 3.20240000000000009e+02 3.20926666666666677e+02 9.47547930499957006e-04 3.92784427533785232e-06
 3.20926666666666677e+02 3.21613333333333344e+02 9.57953311181210243e-04 3.44131386568798069e-06
 3.21613333333333344e+02 3.22300000000000011e+02 9.64019883041706692e-04 4.43947520428412181e-06
 3.22300000000000011e+02 3.22986666666666679e+02 9.66763289968150877e-04 3.64590076529978510e-06
 3.22986666666666679e+02 3.23673333333333346e+02 9.82874771996040562e-04 3.88139582455473364e-06
 3.23673333333333346e+02 3.24360000000000014e+02 9.75536760455930478e-04 3.34065858009480897e-06
 3.24360000000000014e+02 3.25046666666666624e+02 9.82130230184492890e-04 3.12425556241091669e-06
 3.25046666666666624e+02 3.25733333333333348e+02 9.96162663938484358e-04 4.28900896612419160e-06
 3.25733333333333348e+02 3.26419999999999959e+02 1.00054167992708444e-03 4.00466671273266435e-06
 3.26419999999999959e+02 3.27106666666666683e+02 1.01095159839990358e-03 5.66835759839464148e-06
 3.27106666666666683e+02 3.27793333333333294e+02 1.02055677636532830e-03 4.62827138164761393e-06
 3.27793333333333294e+02 3.28480000000000018e+02 1.01879662880493193e-03 3.38452320007156607e-06
 3.28480000000000018e+02 3.29166666666666629e+02 1.02360814057882252e-03 3.22605254469921101e-06
 3.29166666666666629e+02 3.29853333333333353e+02 1.02822889664210449e-03 3.19279229063984735e-06
 3.29853333333333353e+02 3.30539999999999964e+02 1.03829456338940082e-03 3.35492229550289822e-06
 3.30539999999999964e+02 3.31226666666666688e+02 1.04351758593591469e-03 3.15970615187820839e-06
 3.31226666666666688e+02 3.31913333333333298e+02 1.05457414274193954e-03 3.13626232191943177e-06
 3.31913333333333298e+02 3.32600000000000023e+02 1.06790317873886945e-03 8.00577902614623983e-06
 3.32600000000000023e+02 3.33286666666666633e+02 1.07221946357452828e-03 9.09467497570391646e-06
 3.33286666666666633e+02 3.33973333333333358e+02 1.06722013416211850e-03 3.14474087890026599e-06
 3.33973333333333358e+02 3.34659999999999968e+02 1.07360921925862027e-03 3.38722728676498259e-06
 3.34659999999999968e+02 3.35346666666666692e+02 1.07570470879053606e-03 3.16915001948879830e-06
 3.35346666666666692e+02 3.36033333333333303e+02 1.08799924729487715e-03 6.24061036574672246e-06
 3.36033333333333303e+02 3.36720000000000027e+02 1.09622057108787227e-03 3.53984057630716188e-06
 3.36720000000000027e+02 3.37406666666666638e+02 1.10341061470590833e-03 4.09691196453927654e-06
 3.37406666666666638e+02 3.38093333333333362e+02 1.11185128461880971e-03 3.90086279718375685e-06
 3.38093333333333362e+02 3.38779999999999973e+02 1.10780731664090353e-03 3.43542035356874641e-06
 3.38779999999999973e+02 3.39466666666666697e+02 1.11724031207577367e-03 3.33508901973146052e-06
 3.39466666666666697e+02 3.40153333333333308e+02 1.12223382789624444e-03 3.53960210485552823e-06
 3.40153333333333308e+02 3.40840000000000032e+02 1.12331012822117497e-03 3.18251599401804457e-06
 3.40840000000000032e+02 3.41526666666666642e+02 1.13795158999270216e-03 3.41785139787500802e-06
 3.41526666666666642e+02 3.42213333333333367e+02 1.13902581171990581e-03 3.42921516566751743e-06
 3.42213333333333367e+02 3.42899999999999977e+02 1.14414942726589054e-03 3.33384401977818047e-06
 3.42899999999999977e+02 3.43586666666666702e+02 1.15273745615660362e-03 4.21914845203023566e-06
 3.43586666666666702e+02 3.44273333333333312e+02 1.15968942232736491e-03 4.99473218734968462e-06
 3.44273333333333312e+02 3.44960000000000036e+02 1.16543239432555235e-03 3.94285666907872517e-06
 3.44960000000000036e+02 3.45646666666666647e+02 1.17112823827721394e-03 3.39179220230094547e-06
 3.45646666666666647e+02 3.46333333333333371e+02 1.17714483475434809e-03 4.13535038661064602e-06
 3.46333333333333371e+02 3.47019999999999982e+02 1.18502957126092093e-03 4.24768214023425206e-06
 3.47019999999999982e+02 3.47706666666666706e+02 1.19275749623843665e-03 4.15633736415852045e-06
 3.47706666666666706e+02 3.48393333333333317e+02 1.19403947394068708e-03 3.60096585426178393e-06
 3.48393333333333317e+02 3.49080000000000041e+02 1.19594738186161692e-03 3.45343553985139824e-06
 3.49080000000000041e+02 3.49766666666666652e+02 1.20615236383434551e-03 3.98343540430621167e-06
 3.49766666666666652e+02 3.50453333333333376e+02 1.21664886651548705e-03 3.83995880930709058e-06
 3.50453333333333376e+02 3.51139999999999986e+02 1.21865355066379179e-03 3.61542884879973735e-06
 3.51139999999999986e+02 3.51826666666666654e+02 1.22029551268864451e-03 3.23241362775925508e-06
 3.51826666666666654e+02 3.52513333333333321e+02 1.23070000905025050e-03 3.82910858966499882e-06
 3.52513333333333321e+02 3.53199999999999989e+02 1.23222372477745415e-03 5.53739381808803715e-06
 3.53199999999999989e+02 3.53886666666666656e+02 1.23991235216020174e-03 3.73559407463381968e-06
 3.53886666666666656e+02 3.54573333333333323e+02 1.25115342868371946e-03 5.13239817863749662e-06
 3.54573333333333323e+02 3.55259999999999991e+02 1.25174449543636354e-03 3.24369099602859193e-06
 3.55259999999999991e+02 3.55946666666666658e+02 1.26301942626592056e-03 3.88455595451837414e-06
 3.55946666666666658e+02 3.56633333333333326e+02 1.27344006267835863e-03 5.80872827340576048e-06
 3.56633333333333326e+02 3.57319999999999993e+02 1.26403569573956551e-03 3.94617543035574498e-06
 3.57319999999999993e+02 3.58006666666666661e+02 1.27319980168369364e-03 3.73403608050642762e-06
 3.58006666666666661e+02 3.58693333333333328e+02 1.27506543198441322e-03 3.77960623807104167e-06
 3.58693333333333328e+02 3.59379999999999995e+02 1.28345234697321386e-03 3.61334518019861121e-06
 3.59379999999999995e+02 3.60066666666666663e+02 1.28630636729174918e-03 3.68683145397345946e-06
 3.60066666666666663e+02 3.60753333333333330e+02 1.29373526254865368e-03 3.59726338884796597e-06
 3.60753333333333330e+02 3.61439999999999998e+02 1.30226582312829029e-03 4.06128968014855541e-06
 3.61439999999999998e+02 3.62126666666666665e+02 1.30021888593701419e-03 4.49448582718325162e-06
 3.62126666666666665e+02 3.62813333333333333e+02 1.31933710362427373e-03 6.12929501034012886e-06
 3.62813333333333333e+02 3.63500000000000000e+02 1.31546419780546983e-03 3.74468877436552484e-06
 3.63500000000000000e+02 3.64186666666666667e+02 1.31170547380603242e-03 3.43571118673326468e-06
 3.64186666666666667e+02 3.64873333333333335e+02 1.32259602821429927e-03 3.92279704426013295e-06
 3.64873333333333335e+02 3.65560000000000002e+02 1.32905781004685254e-03 3.50850746877502873e-06
 3.65560000000000002e+02 3.66246666666666670e+02 1.34224116084680255e-03 4.06632457724982055e-06
 3.66246666666666670e+02 3.66933333333333337e+02 1.34060520278951839e-03 3.59678089365138576e-06
 3.66933333333333337e+02 3.67620000000000005e+02 1.34488773629521286e-03 4.87373718654558793e-06
 3.67620000000000005e+02 3.68306666666666672e+02 1.35214496890011401e-03 3.95077820989888871e-06
 3.68306666666666672e+02 3.68993333333333339e+02 1.35502311091819229e-03 3.87436295532394193e-06
 3.68993333333333339e+02 3.69680000000000007e+02 1.37195003202660992e-03 5.86443704864263442e-06
 3.69680000000000007e+02 3.70366666666666674e+02 1.36430181844320693e-03 4.55050248728677498e-06
 3.70366666666666674e+02 3.71053333333333342e+02 1.36251737144600822e-03 3.56790832752884205e-06
 3.71053333333333342e+02 3.71740000000000009e+02 1.37928071312698052e-03 4.69153411492430922e-06
 3.71740000000000009e+02 3.72426666666666677e+02 1.37008639016880716e-03 4.88349333307787047e-06
 3.72426666666666677e+02 3.73113333333333344e+02 1.39411870744344602e-03 1.54418266429681341e-05
 3.73113333333333344e+02 3.73800000000000011e+02 1.38217459869322337e-03 4.47070613472572411e-06
 3.73800000000000011e+02 3.74486666666666679e+02 1.39150290892957307e-03 4.05141447911362056e-06
 3.74486666666666679e+02 3.75173333333333346e+02 1.38558360728184690e-03 4.52428686037796666e-06
 3.75173333333333346e+02 3.75860000000000014e+02 1.39777591303682299e-03 4.02375744253949213e-06
 3.75860000000000014e+02 3.76546666666666681e+02 1.40414150797036176e-03 4.59197004184929568e-06
 3.76546666666666681e+02 3.77233333333333348e+02 1.40116076822949611e-03 3.47542399175477592e-06
 3.77233333333333348e+02 3.77920000000000016e+02 1.41563630136164772e-03 4.37341037873362337e-06
 3.77920000000000016e+02 3.78606666666666683e+02 1.40658954804506091e-03 3.70179637471375533e-06
 3.78606666666666683e+02 3.79293333333333351e+02 1.41599317339600084e-03 4.22866059995422048e-06
 3.79293333333333351e+02 3.79980000000000018e+02 1.41793838165761468e-03 4.51378572635622308e-06
 3.79980000000000018e+02 3.80666666666666686e+02 1.41980197335619777e-03 3.91151509169021449e-06
 3.80666666666666686e+02 3.81353333333333353e+02 1.41619848748547454e-03 4.52202742539006453e-06
 3.81353333333333353e+02 3.82040000000000020e+02 1.43265576834698924e-03 6.67212388530689969e-06
 3.82040000000000020e+02 3.82726666666666688e+02 1.42252804724086416e-03 3.52724439929095549e-06
 3.82726666666666688e+02 3.83413333333333355e+02 1.42931745052955338e-03 3.73978189367660571e-06
 3.83413333333333355e+02 3.84100000000000023e+02 1.43789311875907070e-03 4.26938208183135167e-06
 3.84100000000000023e+02 3.84786666666666690e+02 1.43310861413631645e-03 4.86044846735710214e-06
 3.84786666666666690e+02 3.85473333333333358e+02 1.44063204280798617e-03 5.46639393287133378e-06
 3.85473333333333358e+02 3.86160000000000025e+02 1.43612706677057598e-03 3.72286239333216886e-06
 3.86160000000000025e+02 3.86846666666666692e+02 1.43837214582764493e-03 3.98509170540279387e-06
 3.86846666666666692e+02 3.87533333333333360e+02 1.44347150052877185e-03 5.83532923176479590e-06
 3.87533333333333360e+02 3.88220000000000027e+02 1.43801654858269476e-03 4.25683350014736555e-06
 3.88220000000000027e+02 3.88906666666666695e+02 1.43653648151457927e-03 3.92590525587436847e-06
 3.88906666666666695e+02 3.89593333333333305e+02 1.44507799150450861e-03 4.16632128059415670e-06
 3.89593333333333305e+02 3.90279999999999973e+02 1.45021710517228273e-03 4.89996644117213088e-06
 3.90279999999999973e+02 3.90966666666666640e+02 1.44575767271755938e-03 4.20221489063631634e-06
 3.90966666666666640e+02 3.91653333333333308e+02 1.45427004981869487e-03 4.82730517410243154e-06
 3.91653333333333308e+02 3.92339999999999975e+02 1.45262636111753848e-03 4.40905264213293569e-06
 3.92339999999999975e+02 3.93026666666666642e+02 1.44230304026385760e-03 4.16039738533531425e-06
 3.93026666666666642e+02 3.93713333333333310e+02 1.44688858271669121e-03 5.45927547369155396e-06
 3.93713333333333310e+02 3.94399999999999977e+02 1.43519946848602717e-03 4.36322390657660508e-06
 3.94399999999999977e+02 3.95086666666666645e+02 1.43136938363794806e-03 4.14105823818203115e-06
 3.95086666666666645e+02 3.95773333333333312e+02 1.42649352577213615e-03 5.40893436093035401e-06
 3.95773333333333312e+02 3.96459999999999980e+02 1.42176829843145740e-03 4.38306583284897959e-06
 3.96459999999999980e+02 3.97146666666666647e+02 1.41878012336434014e-03 4.23203535583303310e-06
 3.97146666666666647e+02 3.97833333333333314e+02 1.41316427354325354e-03 5.25258595459024727e-06
 3.97833333333333314e+02 3.98519999999999982e+02 1.40951781181480147e-03 5.54707832836826023e-06
 3.98519999999999982e+02 3.99206666666666649e+02 1.40541083775513648e-03 4.34984141016376146e-06
 3.99206666666666649e+02 3.99893333333333317e+02 1.40193408271908969e-03 6.94143569207285206e-06
 3.99893333333333317e+02 4.00579999999999984e+02 1.38790564224338308e-03 4.06204038170700493e-06
 4.00579999999999984e+02 4.01266666666666652e+02 1.38679438959756428e-03 4.28884941169628152e-06
 4.01266666666666652e+02 4.01953333333333319e+02 1.37409151025113044e-03 4.07377595449982872e-06
 4.01953333333333319e+02 4.02639999999999986e+02 1.37555368417612164e-03 4.60704215913090073e-06
 4.02639999999999986e+02 4.03326666666666654e+02 1.36711464315988950e-03 4.37788612463040269e-06
 4.03326666666666654e+02 4.04013333333333321e+02 1.35555581132309989e-03 4.37179589082635722e-06
 4.04013333333333321e+02 4.04699999999999989e+02 1.35553910535551490e-03 4.32832199510059954e-06
 4.04699999999999989e+02 4.05386666666666656e+02 1.34520633168520084e-03 3.65129277471299499e-06
 4.05386666666666656e+02 4.06073333333333323e+02 1.34474747926526601e-03 4.61837865399946677e-06
 4.06073333333333323e+02 4.06759999999999991e+02 1.35377141735124940e-03 4.86205551019687521e-06
 4.06759999999999991e+02 4.07446666666666658e+02 1.34022333033895777e-03 3.79588642012967801e-06
 4.07446666666666658e+02 4.08133333333333326e+02 1.33936991831239225e-03 3.87813184819660873e-06
 4.08133333333333326e+02 4.08819999999999993e+02 1.34147011211900352e-03 3.94920383829913559e-06
 4.08819999999999993e+02 4.09506666666666661e+02 1.33492416686995007e-03 3.99640482382985660e-06
 4.09506666666666661e+02 4.10193333333333328e+02 1.32741675096855914e-03 4.05919683409553704e-06
 4.10193333333333328e+02 4.10879999999999995e+02 1.33622480444593370e-03 4.69291471996134441e-06
 4.10879999999999995e+02 4.11566666666666663e+02 1.32269792321273007e-03 3.89677942259831253e-06
 4.11566666666666663e+02 4.12253333333333330e+02 1.32857404621414613e-03 3.85608135714190200e-06
 4.12253333333333330e+02 4.12939999999999998e+02 1.32078282710299455e-03 4.54367888747639205e-06
 4.12939999999999998e+02 4.13626666666666665e+02 1.32223520557482816e-03 4.77754579404450173e-06
 4.13626666666666665e+02 4.14313333333333333e+02 1.31829937516547550e-03 3.74620118701912091e-06
 4.14313333333333333e+02 4.15000000000000000e+02 1.32324908227151932e-03 4.40269346182762922e-06
 4.15000000000000000e+02 4.15686666666666667e+02 1.30964757142314615e-03 4.37986604961763712e-06
 4.15686666666666667e+02 4.16373333333333335e+02 1.31343404524695792e-03 3.95761466776185698e-06
 4.16373333333333335e+02 4.17060000000000002e+02 1.30910366747040777e-03 4.62385966671010066e-06
 4.17060000000000002e+02 4.17746666666666670e+02 1.31455489720889583e-03 3.93762285361219729e-06
 4.17746666666666670e+02 4.18433333333333337e+02 1.31152938300028760e-03 4.68638897645277338e-06
 4.18433333333333337e+02 4.19120000000000005e+02 1.30882853490368379e-03 4.48242101262010440e-06
 4.19120000000000005e+02 4.19806666666666672e+02 1.30554052634297875e-03 4.65845286659021030e-06
 4.19806666666666672e+02 4.20493333333333339e+02 1.29356487106295319e-03 4.16537461255056865e-06
 4.20493333333333339e+02 4.21180000000000007e+02 1.30478313276161258e-03 4.08696398067767315e-06
 4.21180000000000007e+02 4.21866666666666674e+02 1.30067244539934035e-03 3.99320214388679520e-06
 4.21866666666666674e+02 4.22553333333333342e+02 1.29213146119725657e-03 3.88821420399581710e-06
 4.22553333333333342e+02 4.23240000000000009e+02 1.29206405987808046e-03 4.44050852551762394e-06
 4.23240000000000009e+02 4.23926666666666677e+02 1.29765093891586239e-03 4.25842684633408752e-06
 4.23926666666666677e+02 4.24613333333333344e+02 1.29174908304742833e-03 4.27221964775168007e-06
 4.24613333333333344e+02 4.25300000000000011e+02 1.29116271555138030e-03 5.89478872621590770e-06
 4.25300000000000011e+02 4.25986666666666679e+02 1.28587150018054917e-03 3.68080769425345655e-06
 4.25986666666666679e+02 4.26673333333333346e+02 1.28876597177743075e-03 4.08997027120275434e-06
 4.26673333333333346e+02 4.27360000000000014e+02 1.27418323532862390e-03 3.78586583620498937e-06
 4.27360000000000014e+02 4.28046666666666681e+02 1.27954711057462023e-03 4.10633146075235177e-06
 4.28046666666666681e+02 4.28733333333333348e+02 1.27583945851511343e-03 5.82143240473998417e-06
 4.28733333333333348e+02 4.29420000000000016e+02 1.27221832972511275e-03 4.84831992706517388e-06
 4.29420000000000016e+02 4.30106666666666683e+02 1.26584090234773067e-03 4.01716691326469355e-06
 4.30106666666666683e+02 4.30793333333333351e+02 1.26497341517104638e-03 4.32839076602814658e-06
 4.30793333333333351e+02 4.31480000000000018e+02 1.25864994112314288e-03 3.96995553200980118e-06
 4.31480000000000018e+02 4.32166666666666686e+02 1.26515092962912307e-03 3.98679297291345983e-06
 4.32166666666666686e+02 4.32853333333333353e+02 1.26791637149881392e-03 5.10726883498104163e-06
 4.32853333333333353e+02 4.33540000000000020e+02 1.26680854928565008e-03 7.16680612487960848e-06
 4.33540000000000020e+02 4.34226666666666688e+02 1.24547313400654651e-03 3.80231978995760304e-06
 4.34226666666666688e+02 4.34913333333333355e+02 1.26032535751774769e-03 4.28468218889519355e-06
 4.34913333333333355e+02 4.35600000000000023e+02 1.24403953213032782e-03 3.97805514827097813e-06
 4.35600000000000023e+02 4.36286666666666690e+02 1.24307257893642464e-03 4.23453159198731749e-06
 4.36286666666666690e+02 4.36973333333333358e+02 1.24932802574947402e-03 4.21291027489848484e-06
 4.36973333333333358e+02 4.37660000000000025e+02 1.24511065815003622e-03 4.53206580708958426e-06
 4.37660000000000025e+02 4.38346666666666692e+02 1.24543265847163321e-03 5.13731922991336167e-06
 4.38346666666666692e+02 4.39033333333333360e+02 1.22886024597163696e-03 3.60579842950149515e-06
 4.39033333333333360e+02 4.39720000000000027e+02 1.23404335317863910e-03 4.00436109558429619e-06
 4.39720000000000027e+02 4.40406666666666695e+02 1.23178433895068076e-03 4.57608778880722522e-06
 4.40406666666666695e+02 4.41093333333333305e+02 1.22535636145695956e-03 4.46993300011181728e-06
 4.41093333333333305e+02 4.41779999999999973e+02 1.22421620925300487e-03 4.03049135770249321e-06
 4.41779999999999973e+02 4.42466666666666640e+02 1.22340230350203487e-03 5.74514458518648162e-06
 4.42466666666666640e+02 4.43153333333333308e+02 1.22297554126293731e-03 5.00520377588276142e-06
 4.43153333333333308e+02 4.43839999999999975e+02 1.21915731283114013e-03 4.07167572414047612e-06
 4.43839999999999975e+02 4.44526666666666642e+02 1.21160501609210393e-03 5.50658006420969193e-06
 4.44526666666666642e+02 4.45213333333333310e+02 1.20393266955604494e-03 4.55395117572717224e-06
 4.45213333333333310e+02 4.45899999999999977e+02 1.20451908791210493e-03 4.45859956438299662e-06
 4.45899999999999977e+02 4.46586666666666645e+02 1.19475673392051632e-03 3.94527179245982063e-06
 4.46586666666666645e+02 4.47273333333333312e+02 1.18926485111155015e-03 4.41093876194143465e-06
 4.47273333333333312e+02 4.47959999999999980e+02 1.19441933223968580e-03 6.30634522684294985e-06
 4.47959999999999980e+02 4.48646666666666647e+02 1.18798380313693943e-03 4.52019664003632504e-06
 4.48646666666666647e+02 4.49333333333333314e+02 1.17409385639295934e-03 4.17732057215816169e-06
 4.49333333333333314e+02 4.50019999999999982e+02 1.18041716916571769e-03 6.03814534327253676e-06
 4.50019999999999982e+02 4.50706666666666649e+02 1.17142719460497174e-03 4.56044493197382958e-06
 4.50706666666666649e+02 4.51393333333333317e+02 1.16306162352169907e-03 4.39091779864732984e-06
 4.51393333333333317e+02 4.52079999999999984e+02 1.16264974374365648e-03 4.22756895689013043e-06
 4.52079999999999984e+02 4.52766666666666652e+02 1.14313792934187084e-03 4.24470797498640768e-06
 4.52766666666666652e+02 4.53453333333333319e+02 1.14870880254760131e-03 4.69828982355123593e-06
 4.53453333333333319e+02 4.54139999999999986e+02 1.13208112163662314e-03 4.11322018174175787e-06
 4.54139999999999986e+02 4.54826666666666654e+02 1.12853949060571015e-03 3.96200601213192340e-06
 4.54826666666666654e+02 4.55513333333333321e+02 1.12098021690642353e-03 3.79595563467384092e-06
 4.55513333333333321e+02 4.56199999999999989e+02 1.12157320465365237e-03 3.87593593666235472e-06
 4.56199999999999989e+02 4.56886666666666656e+02 1.11272276138118880e-03 4.64118866446597240e-06
 4.56886666666666656e+02 4.57573333333333323e+02 1.10789394097287708e-03 3.93342650733005234e-06
 4.57573333333333323e+02 4.58259999999999991e+02 1.09755084674442445e-03 4.66894992477157050e-06
 4.58259999999999991e+02 4.58946666666666658e+02 1.08958886703645181e-03 4.11003467117648579e-06
 4.58946666666666658e+02 4.59633333333333326e+02 1.08879977579583675e-03 4.99922507630513964e-06
 4.59633333333333326e+02 4.60319999999999993e+02 1.08040806373504690e-03 4.54373402148880479e-06
 4.60319999999999993e+02 4.61006666666666661e+02 1.07749576724192530e-03 6.61767814937420604e-06
 4.61006666666666661e+02 4.61693333333333328e+02 1.06779610599338766e-03 4.68183879217393728e-06
 4.61693333333333328e+02 4.62379999999999995e+02 1.07831932486912520e-03 1.31466045204415895e-05
 4.62379999999999995e+02 4.63066666666666663e+02 1.05093483962012809e-03 4.17261184881253019e-06
 4.63066666666666663e+02 4.63753333333333330e+02 1.04746833828253520e-03 5.17461744277463019e-06
 4.63753333333333330e+02 4.64439999999999998e+02 1.03204657792929752e-03 3.90877307803356677e-06
 4.64439999999999998e+02 4.65126666666666665e+02 1.02596099098644202e-03 3.83978909652079599e-06
 4.65126666666666665e+02 4.65813333333333333e+02 1.00534692373475238e-03 4.68354769915480337e-06
 4.65813333333333333e+02 4.66500000000000000e+02 1.00595882187183225e-03 3.96559414361217636e-06
 4.66500000000000000e+02 4.67186666666666667e+02 9.90910718776525723e-04 4.30068801007501206e-06
 4.67186666666666667e+02 4.67873333333333335e+02 9.82040864724016997e-04 4.47560912929204039e-06
 4.67873333333333335e+02 4.68560000000000002e+02 9.61217502684993128e-04 4.56007444535217440e-06
 4.68560000000000002e+02 4.69246666666666670e+02 9.52134963074102768e-04 4.02037825416482390e-06
 4.69246666666666670e+02 4.69933333333333337e+02 9.43086699361403197e-04 6.39171603347706353e-06
 4.69933333333333337e+02 4.70620000000000005e+02 9.35936781856170361e-04 9.95659248692327496e-06
 4.70620000000000005e+02 4.71306666666666672e+02 9.03977538566758066e-04 4.38071332999160941e-06
 4.71306666666666672e+02 4.71993333333333339e+02 8.83247687161423990e-04 4.35959288558690666e-06
 4.71993333333333339e+02 4.72680000000000007e+02 8.65500143504531016e-04 4.47310560921066124e-06
 4.72680000000000007e+02 4.73366666666666674e+02 8.47069640146160137e-04 4.01016154335246406e-06
 4.73366666666666674e+02 4.74053333333333342e+02 8.21879962403091434e-04 4.57075842306737976e-06
 4.74053333333333342e+02 4.74740000000000009e+02 7.95270653095117748e-04 3.89654192465887381e-06
 4.74740000000000009e+02 4.75426666666666677e+02 7.67250049444357925e-04 3.87428912378431179e-06
 4.75426666666666677e+02 4.76113333333333344e+02 7.37859524158663085e-04 3.47892997133241791e-06
 4.76113333333333344e+02 4.76800000000000011e+02 7.03796797957060368e-04 3.52902094956687604e-06
 4.76800000000000011e+02 4.77486666666666679e+02 6.78432297890619045e-04 3.29359050227035742e-06
 4.77486666666666679e+02 4.78173333333333346e+02 6.46614200767618567e-04 3.73778505571364402e-06
 4.78173333333333346e+02 4.78860000000000014e+02 6.01960163648846119e-04 3.06157280356497284e-06
 4.78860000000000014e+02 4.79546666666666681e+02 5.68344886595177515e-04 3.03540223299171489e-06
 4.79546666666666681e+02 4.80233333333333348e+02 5.35817496349222421e-04 5.19709153070625708e-06
 4.80233333333333348e+02 4.80920000000000016e+02 5.01310061751087895e-04 5.89935160323548585e-06
 4.80920000000000016e+02 4.81606666666666683e+02 4.52163508220172490e-04 2.84216120161712898e-06
 4.81606666666666683e+02 4.82293333333333351e+02 4.12220886405184476e-04 2.59493898926683042e-06
 4.82293333333333351e+02 4.82980000000000018e+02 3.68141921953315989e-04 2.49325672828654962e-06
 4.82980000000000018e+02 4.83666666666666686e+02 3.21044181870555113e-04 2.25816602080019564e-06
 4.83666666666666686e+02 4.84353333333333353e+02 2.73753846833122403e-04 4.78180942267700822e-06
 4.84353333333333353e+02 4.85040000000000020e+02 2.14388867001155447e-04 1.76033953623691253e-06
 4.85040000000000020e+02 4.85726666666666688e+02 1.70639587930104927e-04 3.89629678133962923e-06
 4.85726666666666688e+02 4.86413333333333355e+02 1.15954268169594842e-04 1.49594794450050627e-06
 4.86413333333333355e+02 4.87100000000000023e+02 6.80208297333674246e-05 2.64235243424712137e-06
 4.87100000000000023e+02 4.87786666666666690e+02 2.32232176482757189e-05 5.33924071153016770e-07
 4.87786666666666690e+02 4.88473333333333358e+02 1.92302431549622817e-06 1.07549065557419058e-07
 4.88473333333333358e+02 4.89160000000000025e+02 0.00000000000000000e+00 0.00000000000000000e+00
 4.89160000000000025e+02 4.89846666666666692e+02 0.00000000000000000e+00 0.00000000000000000e+00
 4.89846666666666692e+02 4.90533333333333360e+02 0.00000000000000000e+00 0.00000000000000000e+00
 4.90533333333333360e+02 4.91220000000000027e+02 0.00000000000000000e+00 0.00000000000000000e+00
 4.91220000000000027e+02 4.91906666666666695e+02 0.00000000000000000e+00 0.00000000000000000e+00
 4.91906666666666695e+02 4.92593333333333305e+02 0.00000000000000000e+00 0.00000000000000000e+00
 4.92593333333333305e+02 4.93279999999999973e+02 0.00000000000000000e+00 0.00000000000000000e+00
 4.93279999999999973e+02 4.93966666666666640e+02 0.00000000000000000e+00 0.00000000000000000e+00
 4.93966666666666640e+02 4.94653333333333308e+02 0.00000000000000000e+00 0.00000000000000000e+00
 4.94653333333333308e+02 4.95339999999999975e+02 0.00000000000000000e+00 0.00000000000000000e+00
 4.95339999999999975e+02 4.96026666666666642e+02 0.00000000000000000e+00 0.00000000000000000e+00
 4.96026666666666642e+02 4.96713333333333310e+02 0.00000000000000000e+00 0.00000000000000000e+00
 4.96713333333333310e+02 4.97399999999999977e+02 0.00000000000000000e+00 0.00000000000000000e+00
 4.97399999999999977e+02 4.98086666666666645e+02 0.00000000000000000e+00 0.00000000000000000e+00
 4.98086666666666645e+02 4.98773333333333312e+02 0.00000000000000000e+00 0.00000000000000000e+00
 4.98773333333333312e+02 4.99459999999999980e+02 0.00000000000000000e+00 0.00000000000000000e+00
 4.99459999999999980e+02 5.00146666666666647e+02 0.00000000000000000e+00 0.00000000000000000e+00
 5.00146666666666647e+02 5.00833333333333314e+02 0.00000000000000000e+00 0.00000000000000000e+00
 5.00833333333333314e+02 5.01519999999999982e+02 0.00000000000000000e+00 0.00000000000000000e+00
 5.01519999999999982e+02 5.02206666666666649e+02 0.00000000000000000e+00 0.00000000000000000e+00
 5.02206666666666649e+02 5.02893333333333317e+02 0.00000000000000000e+00 0.00000000000000000e+00
 5.02893333333333317e+02 5.03579999999999984e+02 0.00000000000000000e+00 0.00000000000000000e+00
 5.03579999999999984e+02 5.04266666666666652e+02 0.00000000000000000e+00 0.00000000000000000e+00
 5.04266666666666652e+02 5.04953333333333319e+02 0.00000000000000000e+00 0.00000000000000000e+00
 5.04953333333333319e+02 5.05639999999999986e+02 0.00000000000000000e+00 0.00000000000000000e+00
 5.05639999999999986e+02 5.06326666666666654e+02 0.00000000000000000e+00 0.00000000000000000e+00
 5.06326666666666654e+02 5.07013333333333321e+02 0.00000000000000000e+00 0.00000000000000000e+00
 5.07013333333333321e+02 5.07699999999999989e+02 0.00000000000000000e+00 0.00000000000000000e+00
 5.07699999999999989e+02 5.08386666666666656e+02 0.00000000000000000e+00 0.00000000000000000e+00
 5.08386666666666656e+02 5.09073333333333323e+02 0.00000000000000000e+00 0.00000000000000000e+00
 5.09073333333333323e+02 5.09759999999999991e+02 0.00000000000000000e+00 0.00000000000000000e+00
 5.09759999999999991e+02 5.10446666666666658e+02 0.00000000000000000e+00 0.00000000000000000e+00
 5.10446666666666658e+02 5.11133333333333326e+02 0.00000000000000000e+00 0.00000000000000000e+00
 5.11133333333333326e+02 5.11819999999999993e+02 0.00000000000000000e+00 0.00000000000000000e+00
 5.11819999999999993e+02 5.12506666666666661e+02 0.00000000000000000e+00 0.00000000000000000e+00
 5.12506666666666661e+02 5.13193333333333385e+02 0.00000000000000000e+00 0.00000000000000000e+00
 5.13193333333333385e+02 5.13879999999999995e+02 0.00000000000000000e+00 0.00000000000000000e+00
 5.13879999999999995e+02 5.14566666666666606e+02 0.00000000000000000e+00 0.00000000000000000e+00
 5.14566666666666606e+02 5.15253333333333330e+02 0.00000000000000000e+00 0.00000000000000000e+00
 5.15253333333333330e+02 5.15940000000000055e+02 0.00000000000000000e+00 0.00000000000000000e+00
 5.15940000000000055e+02 5.16626666666666665e+02 0.00000000000000000e+00 0.00000000000000000e+00
 5.16626666666666665e+02 5.17313333333333276e+02 0.00000000000000000e+00 0.00000000000000000e+00
 5.17313333333333276e+02 5.18000000000000000e+02 0.00000000000000000e+00 0.00000000000000000e+00

Histogram:lpp-
 1.06000000000000000e+02 1.06686666666666667e+02 0.00000000000000000e+00 0.00000000000000000e+00
 1.06686666666666667e+02 1.07373333333333335e+02 4.52968399719055803e-10 4.20795879233646821e-10
 1.07373333333333335e+02 1.08060000000000002e+02 8.33806538463866570e-08 2.71584996915071509e-08
 1.08060000000000002e+02 1.08746666666666670e+02 1.96700306068843752e-06 1.51680428273733254e-06
 1.08746666666666670e+02 1.09433333333333337e+02 1.14070473741730653e-06 1.73434119551306585e-07
 1.09433333333333337e+02 1.10120000000000005e+02 1.71316838711047634e-06 2.22296475100093324e-07
 1.10120000000000005e+02 1.10806666666666672e+02 2.05935165554291826e-06 2.30218298040081757e-07
 1.10806666666666672e+02 1.11493333333333339e+02 2.43817973442900628e-06 2.47085249852653006e-07
 1.11493333333333339e+02 1.12180000000000007e+02 2.41621289021186518e-06 2.41251154986828029e-07
 1.12180000000000007e+02 1.12866666666666660e+02 2.97356528286138492e-06 2.51307455902387686e-07
 1.12866666666666660e+02 1.13553333333333327e+02 3.95923812732761123e-06 3.91003180620507527e-07
 1.13553333333333327e+02 1.14239999999999995e+02 3.97539360791749707e-06 3.06319095353048367e-07
 1.14239999999999995e+02 1.14926666666666662e+02 4.26292292420742569e-06 3.20417343440552374e-07
 1.14926666666666662e+02 1.15613333333333330e+02 4.58726743976810583e-06 3.35752739832321052e-07
 1.15613333333333330e+02 1.16299999999999997e+02 5.32682382516383386e-06 3.56572015166727292e-07
 1.16299999999999997e+02 1.16986666666666665e+02 5.80524119001135156e-06 3.92549286991184093e-07
 1.16986666666666665e+02 1.17673333333333332e+02 6.89994270016907804e-06 4.69754983825868034e-07
 1.17673333333333332e+02 1.18359999999999999e+02 6.93736516150621738e-06 5.92551203514463637e-07
 1.18359999999999999e+02 1.19046666666666667e+02 8.25910693126953191e-06 8.72687213689951550e-07
 1.19046666666666667e+02 1.19733333333333334e+02 7.20525171357962373e-06 4.01316350422020287e-07
 1.19733333333333334e+02 1.20420000000000002e+02 8.00397180100079158e-06 4.34477378731544215e-07
 1.20420000000000002e+02 1.21106666666666669e+02 9.05561958519204647e-06 6.06342105161854418e-07
 1.21106666666666669e+02 1.21793333333333337e+02 2.40789338794896856e-05 1.52001798973168174e-05
 1.21793333333333337e+02 1.22480000000000004e+02 8.68635230074578767e-06 5.48628988772532103e-07
 1.22480000000000004e+02 1.23166666666666671e+02 9.71907874624414075e-06 5.52885277775705881e-07
 1.23166666666666671e+02 1.23853333333333325e+02 1.05821412225147543e-05 5.16288437871638746e-07
 1.23853333333333325e+02 1.24539999999999992e+02 1.10961110229111812e-05 5.37354646012606546e-07
 1.24539999999999992e+02 1.25226666666666659e+02 1.19181546029775285e-05 5.12854906291055554e-07
 1.25226666666666659e+02 1.25913333333333327e+02 1.36981772547331742e-05 1.50534838789242914e-06
 1.25913333333333327e+02 1.26599999999999994e+02 1.31146603588674638e-05 6.59124567401286238e-07
 1.26599999999999994e+02 1.27286666666666662e+02 1.38277029918197620e-05 6.40727348793259546e-07
 1.27286666666666662e+02 1.27973333333333329e+02 1.41683192315274130e-05 6.61978972539572407e-07
 1.27973333333333329e+02 1.28659999999999997e+02 1.34725497293355331e-05 5.57450674342699117e-07
 1.28659999999999997e+02 1.29346666666666664e+02 1.54503182431460517e-05 6.62204130709192139e-07
 1.29346666666666664e+02 1.30033333333333331e+02 1.63490990186645671e-05 1.99855772720414202e-06
 1.30033333333333331e+02 1.30719999999999999e+02 1.82889098869856601e-05 2.20594123143366105e-06
 1.30719999999999999e+02 1.31406666666666666e+02 1.52572331776072665e-05 5.54776656300302285e-07
 1.31406666666666666e+02 1.32093333333333334e+02 1.66916066049843626e-05 7.37754927059275502e-07
 1.32093333333333334e+02 1.32780000000000001e+02 1.83808724925890481e-05 7.17236155241476875e-07
 1.32780000000000001e+02 1.33466666666666669e+02 1.94228408013475265e-05 1.03855382322337655e-06
 1.33466666666666669e+02 1.34153333333333336e+02 1.88082171777178127e-05 8.35681082812057564e-07
 1.34153333333333336e+02 1.34840000000000003e+02 2.01923848131549798e-05 8.02989264437906501e-07
 1.34840000000000003e+02 1.35526666666666671e+02 1.90706985690098946e-05 6.17088657708988309e-07
 1.35526666666666671e+02 1.36213333333333338e+02 2.05440029660514684e-05 8.01749042953685415e-07
 1.36213333333333338e+02 1.36900000000000006e+02 2.17081789385845201e-05 7.38875431205974119e-07
 1.36900000000000006e+02 1.37586666666666673e+02 2.17559357075478359e-05 8.23920961255617048e-07
 1.37586666666666673e+02 1.38273333333333341e+02 2.24343505677086030e-05 7.36788836841590795e-07
 1.38273333333333341e+02 1.38960000000000008e+02 2.31382329020820173e-05 9.04556837325813985e-07
 1.38960000000000008e+02 1.39646666666666675e+02 2.36030483679125779e-05 7.35404031668675329e-07
 1.39646666666666675e+02 1.40333333333333343e+02 2.30293951302054978e-05 7.60960803142258555e-07
 1.40333333333333343e+02 1.41020000000000010e+02 2.55754980183231901e-05 7.95783580605958701e-07
 1.41020000000000010e+02 1.41706666666666649e+02 2.55756582094337733e-05 8.78511608919623677e-07
 1.41706666666666649e+02 1.42393333333333317e+02 2.76318246469073740e-05 9.67094211577330763e-07
 1.42393333333333317e+02 1.43079999999999984e+02 2.75187017603885993e-05 7.70257875758176899e-07
 1.43079999999999984e+02 1.43766666666666652e+02 2.66716709194936534e-05 8.39012721070781161e-07
 1.43766666666666652e+02 1.44453333333333319e+02 2.91097592232696736e-05 8.54525420444989102e-07
 1.44453333333333319e+02 1.45139999999999986e+02 3.11652881057688128e-05 1.39041494242008308e-06
 1.45139999999999986e+02 1.45826666666666654e+02 3.13452864818698757e-05 9.24278188505542569e-07
 1.45826666666666654e+02 1.46513333333333321e+02 3.08032016527719780e-05 8.93463322717532027e-07
 1.46513333333333321e+02 1.47199999999999989e+02 3.22138843104480136e-05 1.01344603458113535e-06
 1.47199999999999989e+02 1.47886666666666656e+02 3.27840261683608842e-05 1.28196753958309118e-06
 1.47886666666666656e+02 1.48573333333333323e+02 3.50600669459146116e-05 1.38917488742162466e-06
 1.48573333333333323e+02 1.49259999999999991e+02 3.33655540446300562e-05 9.15452027149033650e-07
 1.49259999999999991e+02 1.49946666666666658e+02 3.58629180987359619e-05 9.81345234733129044e-07
 1.49946666666666658e+02 1.50633333333333326e+02 3.45967769863887202e-05 9.30790938358716336e-07
 1.50633333333333326e+02 1.51319999999999993e+02 3.54185651789014943e-05 9.94192469053720782e-07
 1.51319999999999993e+02 1.52006666666666661e+02 3.67381410954819977e-05 1.21169306508939683e-06
 1.52006666666666661e+02 1.52693333333333328e+02 3.78132761796906133e-05 9.73445308692041480e-07
 1.52693333333333328e+02 1.53379999999999995e+02 3.94659887944757642e-05 1.48622240817911277e-06
 1.53379999999999995e+02 1.54066666666666663e+02 3.93866710732467006e-05 1.48761488642640100e-06
 1.54066666666666663e+02 1.54753333333333330e+02 4.00142792400654511e-05 1.15866897560344790e-06
 1.54753333333333330e+02 1.55439999999999998e+02 4.00248740045271869e-05 1.21394067202934660e-06
 1.55439999999999998e+02 1.56126666666666665e+02 4.15859215007876524e-05 9.10661072160497868e-07
 1.56126666666666665e+02 1.56813333333333333e+02 4.00556383459866946e-05 8.94360793666008177e-07
 1.56813333333333333e+02 1.57500000000000000e+02 4.45989090627330783e-05 1.22851687362681675e-06
 1.57500000000000000e+02 1.58186666666666667e+02 4.52741437422766744e-05 1.08025156479236132e-06
 1.58186666666666667e+02 1.58873333333333335e+02 4.41873448095683581e-05 1.01833107604279753e-06
 1.58873333333333335e+02 1.59560000000000002e+02 4.55195740865813490e-05 1.08099026380062342e-06
 1.59560000000000002e+02 1.60246666666666670e+02 8.45423288159537721e-05 1.49062474079740966e-06
 1.60246666666666670e+02 1.60933333333333337e+02 1.50398118571339019e-04 1.95984349386875211e-06
 1.60933333333333337e+02 1.61620000000000005e+02 1.52690394302647448e-04 2.11125562509793594e-06
 1.61620000000000005e+02 1.62306666666666672e+02 1.54522168071563186e-04 2.61985279810476885e-06
 1.62306666666666672e+02 1.62993333333333339e+02 1.55517928065806044e-04 2.16801685927228054e-06
 1.62993333333333339e+02 1.63680000000000007e+02 1.55483492820290343e-04 2.04959990494116319e-06
 1.63680000000000007e+02 1.64366666666666674e+02 1.58547655298793647e-04 2.13534318095666829e-06
 1.64366666666666674e+02 1.65053333333333342e+02 1.61776083616807818e-04 2.61312877837207406e-06
 1.65053333333333342e+02 1.65740000000000009e+02 1.64989856323892724e-04 2.83317667169353449e-06
 1.65740000000000009e+02 1.66426666666666677e+02 1.60457672826133592e-04 1.98834260700371991e-06
 1.66426666666666677e+02 1.67113333333333344e+02 1.59140918191168223e-04 2.06640026979950492e-06
 1.67113333333333344e+02 1.67800000000000011e+02 1.66625338639760193e-04 2.13276223429053458e-06
 1.67800000000000011e+02 1.68486666666666679e+02 1.70604445343580842e-04 2.30399268798598461e-06
 1.68486666666666679e+02 1.69173333333333346e+02 1.68296674758992729e-04 2.07821716369105772e-06
 1.69173333333333346e+02 1.69860000000000014e+02 1.66300117767660997e-04 2.21492182737927832e-06
 1.69860000000000014e+02 1.70546666666666681e+02 1.68511526925599250e-04 2.05071849072872919e-06
 1.70546666666666681e+02 1.71233333333333348e+02 1.71823559748064263e-04 2.84829402413915209e-06
 1.71233333333333348e+02 1.71920000000000016e+02 1.79283609586851562e-04 2.86518192263769889e-06
 1.71920000000000016e+02 1.72606666666666683e+02 1.78270958102335735e-04 2.15616888586555025e-06
 1.72606666666666683e+02 1.73293333333333351e+02 1.75989408765137148e-04 2.54351131921735454e-06
 1.73293333333333351e+02 1.73980000000000018e+02 1.83542889167480529e-04 3.51035832927057813e-06
 1.73980000000000018e+02 1.74666666666666686e+02 1.79615795748470935e-04 2.76591098580594930e-06
 1.74666666666666686e+02 1.75353333333333353e+02 1.79139480460414950e-04 2.07495615791110138e-06
 1.75353333333333353e+02 1.76040000000000020e+02 1.79499888351139161e-04 1.97851183415905091e-06
 1.76040000000000020e+02 1.76726666666666688e+02 1.82777018729451707e-04 2.08779743683994260e-06
 1.76726666666666688e+02 1.77413333333333327e+02 1.81692459542762114e-04 1.97860469938582668e-06
 1.77413333333333327e+02 1.78099999999999994e+02 1.87162782466320112e-04 2.15451104861362850e-06
 1.78099999999999994e+02 1.78786666666666662e+02 1.86090195071521438e-04 1.97888468166871518e-06
 1.78786666666666662e+02 1.79473333333333329e+02 1.96213551405215392e-04 2.52713931198397223e-06
 1.79473333333333329e+02 1.80159999999999997e+02 1.92558437193762104e-04 2.74930471604067393e-06
 1.80159999999999997e+02 1.80846666666666664e+02 1.98280790367036229e-04 2.54127809273950070e-06
 1.80846666666666664e+02 1.81533333333333331e+02 1.96069437150081809e-04 2.15673145238935922e-06
 1.81533333333333331e+02 1.82219999999999999e+02 2.01215837933734068e-04 2.32265498298526383e-06
 1.82219999999999999e+02 1.82906666666666666e+02 2.03834882125521378e-04 2.39366132356525223e-06
 1.82906666666666666e+02 1.83593333333333334e+02 1.99811182667603145e-04 2.27745459052000711e-06
 1.83593333333333334e+02 1.84280000000000001e+02 2.03986132130652768e-04 2.56541903286490072e-06
 1.84280000000000001e+02 1.84966666666666669e+02 2.09001923079206388e-04 3.95915218135059308e-06
 1.84966666666666669e+02 1.85653333333333336e+02 2.06058882667880502e-04 2.26218235292133135e-06
 1.85653333333333336e+02 1.86340000000000003e+02 2.08454090306045526e-04 2.28434796602270728e-06
 1.86340000000000003e+02 1.87026666666666671e+02 2.13993410499504068e-04 2.47173087143895222e-06
 1.87026666666666671e+02 1.87713333333333338e+02 2.14868732652230175e-04 3.37325377670866249e-06
 1.87713333333333338e+02 1.88400000000000006e+02 2.13146053845349317e-04 2.30041858853504330e-06
 1.88400000000000006e+02 1.89086666666666673e+02 2.18601228309836087e-04 2.72342412923525431e-06
 1.89086666666666673e+02 1.89773333333333312e+02 2.17547560542970367e-04 3.17766590016909621e-06
 1.89773333333333312e+02 1.90459999999999980e+02 2.26778602756996540e-04 2.87166321649087840e-06
 1.90459999999999980e+02 1.91146666666666647e+02 2.20647680031565432e-04 2.40011419434240474e-06
 1.91146666666666647e+02 1.91833333333333314e+02 2.17101528116371063e-04 2.24271201684072097e-06
 1.91833333333333314e+02 1.92519999999999982e+02 2.26094263914913883e-04 2.20440489583030668e-06
 1.92519999999999982e+02 1.93206666666666649e+02 2.27464446458038673e-04 2.24136652744024121e-06
 1.93206666666666649e+02 1.93893333333333317e+02 2.32074144267809126e-04 3.53720369583569557e-06
 1.93893333333333317e+02 1.94579999999999984e+02 2.30498103385511321e-04 2.23653093192307254e-06
 1.94579999999999984e+02 1.95266666666666652e+02 2.36635028679072070e-04 2.54156757910852882e-06
 1.95266666666666652e+02 1.95953333333333319e+02 2.37718612918667361e-04 2.47996510071592072e-06
 1.95953333333333319e+02 1.96639999999999986e+02 2.33605680646351954e-04 2.42462008220362444e-06
 1.96639999999999986e+02 1.97326666666666654e+02 2.42688741931134359e-04 4.27167661457218620e-06
 1.97326666666666654e+02 1.98013333333333321e+02 2.35660574071364396e-04 2.27433506887656234e-06
 1.98013333333333321e+02 1.98699999999999989e+02 2.45390032315569119e-04 2.45644126271285305e-06
 1.98699999999999989e+02 1.99386666666666656e+02 2.43234484968034097e-04 2.34214371199090811e-06
 1.99386666666666656e+02 2.00073333333333323e+02 2.46977418375632753e-04 2.40387112001980387e-06
 2.00073333333333323e+02 2.00759999999999991e+02 2.46942353177682895e-04 2.28881529353941631e-06
 2.00759999999999991e+02 2.01446666666666658e+02 2.51001195548661944e-04 2.19929749774918876e-06
 2.01446666666666658e+02 2.02133333333333326e+02 2.51876125044761111e-04 2.40303335809067000e-06
 2.02133333333333326e+02 2.02819999999999993e+02 2.51542991584117169e-04 2.30641147031859233e-06
 2.02819999999999993e+02 2.03506666666666661e+02 2.60802580336028230e-04 3.15326883024514760e-06
 2.03506666666666661e+02 2.04193333333333328e+02 2.63113043120653681e-04 3.24656435001677637e-06
 2.04193333333333328e+02 2.04879999999999995e+02 2.61382653052196900e-04 2.37788196312116556e-06
 2.04879999999999995e+02 2.05566666666666663e+02 2.64002556367726952e-04 2.98528478556832205e-06
 2.05566666666666663e+02 2.06253333333333330e+02 2.67946914803640092e-04 2.48275616595004305e-06
 2.06253333333333330e+02 2.06939999999999998e+02 2.65672712569209747e-04 2.18099272501732789e-06
 2.06939999999999998e+02 2.07626666666666665e+02 2.71763383480926166e-04 2.72304135854676645e-06
 2.07626666666666665e+02 2.08313333333333333e+02 2.71390704949529620e-04 2.57360950256077072e-06
 2.08313333333333333e+02 2.09000000000000000e+02 2.74199302306037552e-04 2.60509771880609821e-06
 2.09000000000000000e+02 2.09686666666666667e+02 2.76594339291342487e-04 2.22670672059263552e-06
 2.09686666666666667e+02 2.10373333333333335e+02 2.77491460300095338e-04 2.42118255695442406e-06
 2.10373333333333335e+02 2.11060000000000002e+02 2.79865903082970240e-04 2.45055686300619414e-06
 2.11060000000000002e+02 2.11746666666666670e+02 2.85484180686909194e-04 2.87137033202525863e-06
 2.11746666666666670e+02 2.12433333333333337e+02 2.83615927758829858e-04 2.82862923448101251e-06
 2.12433333333333337e+02 2.13120000000000005e+02 2.98649775863670517e-04 6.51113445213825806e-06
 2.13120000000000005e+02 2.13806666666666672e+02 2.92422033985275396e-04 2.54342611716203767e-06
 2.13806666666666672e+02 2.14493333333333339e+02 2.95339872727836056e-04 2.48784651813797288e-06
 2.14493333333333339e+02 2.15180000000000007e+02 2.91750531067705508e-04 2.55581226260098170e-06
 2.15180000000000007e+02 2.15866666666666674e+02 3.02981086907593987e-04 2.76484279730170160e-06
 2.15866666666666674e+02 2.16553333333333342e+02 2.97710919391209236e-04 2.37053781493660558e-06
 2.16553333333333342e+02 2.17240000000000009e+02 3.06760524979950134e-04 2.48431202377634653e-06
 2.17240000000000009e+02 2.17926666666666677e+02 3.00822610720375382e-04 2.62869269281712515e-06
 2.17926666666666677e+02 2.18613333333333344e+02 3.08571811997455491e-04 2.84137971132460484e-06
 2.18613333333333344e+02 2.19300000000000011e+02 3.07297231584396132e-04 2.31047325906621239e-06
 2.19300000000000011e+02 2.19986666666666679e+02 3.11115286531619387e-04 2.45839926112051014e-06
 2.19986666666666679e+02 2.20673333333333346e+02 3.13826081349792693e-04 2.70567457145653971e-06
 2.20673333333333346e+02 2.21360000000000014e+02 3.25889388257003150e-04 3.16954236978264675e-06
 2.21360000000000014e+02 2.22046666666666681e+02 3.23337559514888669e-04 3.67232886288093910e-06
 2.22046666666666681e+02 2.22733333333333348e+02 3.23252370247235432e-04 3.03858442615718269e-06
 2.22733333333333348e+02 2.23420000000000016e+02 3.21947492935763008e-04 2.65197855840377734e-06
 2.23420000000000016e+02 2.24106666666666683e+02 3.25784516011662730e-04 2.43136321936515189e-06
 2.24106666666666683e+02 2.24793333333333351e+02 3.28593670592347890e-04 4.98316025101250974e-06
 2.24793333333333351e+02 2.25480000000000018e+02 3.32369095537116035e-04 3.14587588931559084e-06
 2.25480000000000018e+02 2.26166666666666686e+02 3.38097815166947438e-04 3.81932562414145768e-06
 2.26166666666666686e+02 2.26853333333333353e+02 3.36263329901256055e-04 2.66868773160398661e-06
 2.26853333333333353e+02 2.27540000000000020e+02 3.42682922336773278e-04 2.81129865714388949e-06
 2.27540000000000020e+02 2.28226666666666688e+02 3.42546427523410441e-04 2.57625152795061728e-06
 2.28226666666666688e+02 2.28913333333333327e+02 3.41517072323565055e-04 2.63250735621019016e-06
 2.28913333333333327e+02 2.29599999999999994e+02 3.48460159753770685e-04 2.38948132397162711e-06
 2.29599999999999994e+02 2.30286666666666662e+02 3.52452694714232707e-04 3.52769100390662149e-06
 2.30286666666666662e+02 2.30973333333333329e+02 3.60253434207477693e-04 3.00020889146132913e-06
 2.30973333333333329e+02 2.31659999999999997e+02 3.59836495300534028e-04 4.65318942567118282e-06
 2.31659999999999997e+02 2.32346666666666664e+02 3.61452158415248863e-04 2.45651940893024186e-06
 2.32346666666666664e+02 2.33033333333333331e+02 3.64116808321691206e-04 3.12187511163262789e-06
 2.33033333333333331e+02 2.33719999999999999e+02 3.67616611421272145e-04 3.69346689579624290e-06
 2.33719999999999999e+02 2.34406666666666666e+02 3.69213750653664733e-04 2.52495642358711450e-06
 2.34406666666666666e+02 2.35093333333333334e+02 3.72324707529442201e-04 2.66990347268885245e-06
 2.35093333333333334e+02 2.35780000000000001e+02 3.71038064004681133e-04 2.57700422725692017e-06
 2.35780000000000001e+02 2.36466666666666669e+02 3.81973600659727222e-04 5.33241862787365931e-06
 2.36466666666666669e+02 2.37153333333333336e+02 3.77974541465965377e-04 2.55741083571998763e-06
 2.37153333333333336e+02 2.37840000000000003e+02 3.80667409142251985e-04 2.78990382833083421e-06
 2.37840000000000003e+02 2.38526666666666671e+02 3.87839999394562669e-04 2.60816606157046895e-06
 2.38526666666666671e+02 2.39213333333333338e+02 3.87815795029124253e-04 2.71289409849753474e-06
 2.39213333333333338e+02 2.39900000000000006e+02 3.89230482280110174e-04 2.84186066169194055e-06
 2.39900000000000006e+02 2.40586666666666673e+02 3.89615982271964128e-04 2.62195146561825746e-06
 2.40586666666666673e+02 2.41273333333333341e+02 3.98875327162181873e-04 2.84553227768357019e-06
 2.41273333333333341e+02 2.41960000000000008e+02 4.07227915785117901e-04 3.07908212547120373e-06
 2.41960000000000008e+02 2.42646666666666675e+02 4.00474840128520789e-04 2.65590375144306219e-06
 2.42646666666666675e+02 2.43333333333333343e+02 4.06482466850708593e-04 2.85535490947245722e-06
 2.43333333333333343e+02 2.44020000000000010e+02 4.10289122573500057e-04 2.65152823614026853e-06
 2.44020000000000010e+02 2.44706666666666678e+02 4.13527626841268467e-04 2.89036040889484102e-06
 2.44706666666666678e+02 2.45393333333333345e+02 4.13141517760505050e-04 2.78801834361247086e-06
 2.45393333333333345e+02 2.46080000000000013e+02 4.26822714608975605e-04 4.31596152631016847e-06
 2.46080000000000013e+02 2.46766666666666680e+02 4.31150878102777710e-04 6.49066517294780429e-06
 2.46766666666666680e+02 2.47453333333333347e+02 4.24982412330987026e-04 2.68422430162261964e-06
 2.47453333333333347e+02 2.48139999999999986e+02 4.26357694008926971e-04 2.65167580489574566e-06
 2.48139999999999986e+02 2.48826666666666654e+02 4.32158687102741543e-04 2.81739316980457204e-06
 2.48826666666666654e+02 2.49513333333333321e+02 4.37760041353995840e-04 3.19950370419333561e-06
 2.49513333333333321e+02 2.50199999999999989e+02 4.34810454602473713e-04 2.76390467426119630e-06
 2.50199999999999989e+02 2.50886666666666656e+02 4.40758411917409061e-04 3.01775623154467467e-06
 2.50886666666666656e+02 2.51573333333333323e+02 4.44966609100619749e-04 3.25727855303221494e-06
 2.51573333333333323e+02 2.52259999999999991e+02 4.47975404562870271e-04 2.83950363614853500e-06
 2.52259999999999991e+02 2.52946666666666658e+02 4.53058943827796786e-04 2.61882134957695148e-06
 2.52946666666666658e+02 2.53633333333333326e+02 4.58899310833089220e-04 2.76185051152264593e-06
 2.53633333333333326e+02 2.54319999999999993e+02 4.64293226262590649e-04 4.27456683822787463e-06
 2.54319999999999993e+02 2.55006666666666661e+02 4.62903470911923249e-04 2.77217546475941485e-06
 2.55006666666666661e+02 2.55693333333333328e+02 4.66737878503948678e-04 2.85982057810803866e-06
 2.55693333333333328e+02 2.56379999999999995e+02 4.69507956780118270e-04 2.64850406304710620e-06
 2.56379999999999995e+02 2.57066666666666663e+02 4.73138700901311500e-04 2.95143459676938793e-06
 2.57066666666666663e+02 2.57753333333333330e+02 4.80430239382689730e-04 3.80673086259338581e-06
 2.57753333333333330e+02 2.58439999999999998e+02 4.81543688694502869e-04 2.83731937790852861e-06
 2.58439999999999998e+02 2.59126666666666665e+02 4.84052379870573101e-04 2.98730595919203453e-06
 2.59126666666666665e+02 2.59813333333333333e+02 4.87305000471921382e-04 3.19660324285412190e-06
 2.59813333333333333e+02 2.60500000000000000e+02 5.00980020521020366e-04 3.19079696990167369e-06
 2.60500000000000000e+02 2.61186666666666667e+02 4.95125043008732115e-04 2.97243381888251534e-06
 2.61186666666666667e+02 2.61873333333333335e+02 5.01474885823484351e-04 3.00074056367866799e-06
 2.61873333333333335e+02 2.62560000000000002e+02 5.08546249557106228e-04 5.44594176908406297e-06
 2.62560000000000002e+02 2.63246666666666670e+02 5.10767880029970741e-04 3.03453402681479942e-06
 2.63246666666666670e+02 2.63933333333333337e+02 5.08165734001954361e-04 2.99473047092251511e-06
 2.63933333333333337e+02 2.64620000000000005e+02 5.18665601002556392e-04 4.19351466306421875e-06
 2.64620000000000005e+02 2.65306666666666672e+02 5.16602596306411704e-04 2.79406560015926147e-06
 2.65306666666666672e+02 2.65993333333333339e+02 5.17980139694399736e-04 2.81587573691860308e-06
 2.65993333333333339e+02 2.66680000000000007e+02 5.26436883461326799e-04 3.14786259266335957e-06
 2.66680000000000007e+02 2.67366666666666674e+02 5.34300489718445297e-04 3.07067532549954430e-06
 2.67366666666666674e+02 2.68053333333333342e+02 5.41329823722630911e-04 4.23652921045095599e-06
 2.68053333333333342e+02 2.68740000000000009e+02 5.41274507214877529e-04 4.50897494696744282e-06
 2.68740000000000009e+02 2.69426666666666677e+02 5.45590799050470849e-04 2.91449644818800408e-06
 2.69426666666666677e+02 2.70113333333333344e+02 5.53113630826389214e-04 3.18639305431676417e-06
 2.70113333333333344e+02 2.70800000000000011e+02 5.42980750058296704e-04 2.68330278151494947e-06
 2.70800000000000011e+02 2.71486666666666679e+02 5.55427286092676832e-04 2.97052649510015302e-06
 2.71486666666666679e+02 2.72173333333333346e+02 5.57410744950847040e-04 2.87964204721896912e-06
 2.72173333333333346e+02 2.72860000000000014e+02 5.63508546648810093e-04 3.22308815583388786e-06
 2.72860000000000014e+02 2.73546666666666624e+02 5.65278018459449035e-04 3.06607522754240961e-06
 2.73546666666666624e+02 2.74233333333333348e+02 5.68961368281704059e-04 2.95284488132739516e-06
 2.74233333333333348e+02 2.74919999999999959e+02 5.73035865566578432e-04 3.00449094373148035e-06
 2.74919999999999959e+02 2.75606666666666683e+02 5.79969459379619146e-04 2.88146379321450825e-06
 2.75606666666666683e+02 2.76293333333333294e+02 5.83163829772069780e-04 3.27311886099724097e-06
 2.76293333333333294e+02 2.76980000000000018e+02 5.91783983429954681e-04 3.59053056136499918e-06
 2.76980000000000018e+02 2.77666666666666629e+02 6.00624127208358120e-04 4.86417025698228764e-06
 2.77666666666666629e+02 2.78353333333333353e+02 5.99642304524997181e-04 4.16236863920745489e-06
 2.78353333333333353e+02 2.79039999999999964e+02 6.06504569568019273e-04 3.25318636843285769e-06
 2.79039999999999964e+02 2.79726666666666688e+02 6.06675209617518209e-04 3.01252131842800532e-06
 2.79726666666666688e+02 2.80413333333333298e+02 6.14629400274654784e-04 3.87897145444943361e-06
 2.80413333333333298e+02 2.81100000000000023e+02 6.13608084337538876e-04 3.13265704715847756e-06
 2.81100000000000023e+02 2.81786666666666633e+02 6.25174943187606401e-04 4.99798410431300513e-06
 2.81786666666666633e+02 2.82473333333333358e+02 6.22821304750878903e-04 2.83044542630713147e-06
 2.82473333333333358e+02 2.83159999999999968e+02 6.26590734009560709e-04 3.02696712263557916e-06
 2.83159999999999968e+02 2.83846666666666692e+02 6.35695222757036590e-04 3.05158807045013772e-06
 2.83846666666666692e+02 2.84533333333333303e+02 6.41315846789550746e-04 2.88711610235642048e-06
 2.84533333333333303e+02 2.85220000000000027e+02 6.41616714830377743e-04 3.07415040922958842e-06
 2.85220000000000027e+02 2.85906666666666638e+02 6.50230425201564835e-04 2.92293540686956689e-06
 2.85906666666666638e+02 2.86593333333333362e+02 6.56045673890944523e-04 3.38318452670147547e-06
 2.86593333333333362e+02 2.87279999999999973e+02 6.62817109860709295e-04 3.11775072368596000e-06
 2.87279999999999973e+02 2.87966666666666697e+02 6.61477159800241232e-04 2.99415398056560751e-06
 2.87966666666666697e+02 2.88653333333333308e+02 6.75782912332975757e-04 3.55373516834922835e-06
 2.88653333333333308e+02 2.89340000000000032e+02 6.77852042506127796e-04 3.37041888614561096e-06
 2.89340000000000032e+02 2.90026666666666642e+02 6.77181252134720010e-04 2.98088009680909130e-06
 2.90026666666666642e+02 2.90713333333333367e+02 6.80303768635788964e-04 3.02295306671676553e-06
 2.90713333333333367e+02 2.91399999999999977e+02 6.86050723793592884e-04 3.04973406279990943e-06
 2.91399999999999977e+02 2.92086666666666702e+02 6.94688437913251180e-04 2.84360082794901180e-06
 2.92086666666666702e+02 2.92773333333333312e+02 7.00010542948992990e-04 2.88648732876733266e-06
 2.92773333333333312e+02 2.93460000000000036e+02 7.01898416643596205e-04 3.03007056289125162e-06
 2.93460000000000036e+02 2.94146666666666647e+02 7.12278822071351530e-04 3.72642216520756230e-06
 2.94146666666666647e+02 2.94833333333333371e+02 7.11751628499623056e-04 3.46742666639125341e-06
 2.94833333333333371e+02 2.95519999999999982e+02 7.26876855572451534e-04 3.32763868759512319e-06
 2.95519999999999982e+02 2.96206666666666706e+02 7.31927992044287810e-04 4.15016167340494684e-06
 2.96206666666666706e+02 2.96893333333333317e+02 7.34556363761287834e-04 3.14879410421382545e-06
 2.96893333333333317e+02 2.97580000000000041e+02 7.40642430079793191e-04 3.17124024183962309e-06
 2.97580000000000041e+02 2.98266666666666652e+02 7.43441176531190991e-04 3.89502104228195257e-06
 2.98266666666666652e+02 2.98953333333333376e+02 7.50347039742490065e-04 3.28726591978273382e-06
 2.98953333333333376e+02 2.99639999999999986e+02 7.58425563324289088e-04 3.34411401462920879e-06
 2.99639999999999986e+02 3.00326666666666654e+02 7.63233825773222143e-04 3.22729110319068831e-06
 3.00326666666666654e+02 3.01013333333333321e+02 7.66052874124294788e-04 2.96973976299177452e-06
 3.01013333333333321e+02 3.01699999999999989e+02 7.72502355654369126e-04 3.44232716103078860e-06
 3.01699999999999989e+02 3.02386666666666656e+02 7.85107225845833303e-04 5.03189247293161581e-06
 3.02386666666666656e+02 3.03073333333333323e+02 7.91522899344647706e-04 3.38415310148429464e-06
 3.03073333333333323e+02 3.03759999999999991e+02 7.91552178185150608e-04 3.26211691685246923e-06
 3.03759999999999991e+02 3.04446666666666658e+02 7.98919131627115931e-04 3.21173447484994166e-06
 3.04446666666666658e+02 3.05133333333333326e+02 8.06537246304751408e-04 3.65542157932736067e-06
 3.05133333333333326e+02 3.05819999999999993e+02 8.09552789865233607e-04 3.11401019490259840e-06
 3.05819999999999993e+02 3.06506666666666661e+02 8.18653948526966522e-04 3.24266372687941652e-06
 3.06506666666666661e+02 3.07193333333333328e+02 8.27878487627751753e-04 3.02210876511426916e-06
 3.07193333333333328e+02 3.07879999999999995e+02 8.28859822558606230e-04 3.10156208123270797e-06
 3.07879999999999995e+02 3.08566666666666663e+02 8.33221632623961771e-04 3.43203290220400794e-06
 3.08566666666666663e+02 3.09253333333333330e+02 8.41258635831897985e-04 3.43678328291778687e-06
 3.09253333333333330e+02 3.09939999999999998e+02 8.55493949569677259e-04 5.72857771363514387e-06
 3.09939999999999998e+02 3.10626666666666665e+02 8.56367446189966941e-04 3.31368511431374241e-06
 3.10626666666666665e+02 3.11313333333333333e+02 8.61897247460543733e-04 3.70603760121163001e-06
 3.11313333333333333e+02 3.12000000000000000e+02 8.65884776156193602e-04 3.15006283426878281e-06
 3.12000000000000000e+02 3.12686666666666667e+02 8.83056627647675705e-04 4.24505500059015713e-06
 3.12686666666666667e+02 3.13373333333333335e+02 8.84474029638120736e-04 4.32749984099728973e-06
 3.13373333333333335e+02 3.14060000000000002e+02 8.90462046432216755e-04 3.28853291159371419e-06
 3.14060000000000002e+02 3.14746666666666670e+02 8.93494652611112172e-04 3.78729723514079039e-06
 3.14746666666666670e+02 3.15433333333333337e+02 9.05553403974592081e-04 5.88853313997245446e-06
 3.15433333333333337e+02 3.16120000000000005e+02 9.09819544862544918e-04 3.37899151016749492e-06
 3.16120000000000005e+02 3.16806666666666672e+02 9.11710241600211337e-04 3.28370172460558780e-06
 3.16806666666666672e+02 3.17493333333333339e+02 9.21507326076597051e-04 3.29127912652809712e-06
 3.17493333333333339e+02 3.18180000000000007e+02 9.24159843365539107e-04 3.18969138056901492e-06
 3.18180000000000007e+02 3.18866666666666674e+02 9.27680741278801859e-04 3.05116754865920691e-06
 3.18866666666666674e+02 3.19553333333333342e+02 9.46739940964565424e-04 5.74243546934000758e-06
 3.19553333333333342e+02 3.20240000000000009e+02 9.43127103543301847e-04 4.28836159929827209e-06
 3.20240000000000009e+02 3.20926666666666677e+02 9.49029958837833564e-04 7.32727003868073759e-06
 3.20926666666666677e+02 3.21613333333333344e+02 9.57031644103882757e-04 3.31076048386258748e-06
 3.21613333333333344e+02 3.22300000000000011e+02 9.66639755574377193e-04 6.81576412545340426e-06
 3.22300000000000011e+02 3.22986666666666679e+02 9.76155841501726842e-04 4.69645909158283045e-06
 3.22986666666666679e+02 3.23673333333333346e+02 9.79295059162795358e-04 3.72872278335286856e-06
 3.23673333333333346e+02 3.24360000000000014e+02 9.79490756158227574e-04 3.54955024841833583e-06
 3.24360000000000014e+02 3.25046666666666624e+02 9.88635179270723561e-04 3.38693511917932211e-06
 3.25046666666666624e+02 3.25733333333333348e+02 9.95045415042922514e-04 3.37210043089266722e-06
 3.25733333333333348e+02 3.26419999999999959e+02 9.98043057831245108e-04 3.47986578416848491e-06
 3.26419999999999959e+02 3.27106666666666683e+02 1.00814873143006641e-03 4.45557375339239917e-06
 3.27106666666666683e+02 3.27793333333333294e+02 1.01764040752459653e-03 4.46814286180788731e-06
 3.27793333333333294e+02 3.28480000000000018e+02 1.02126008155115663e-03 3.97455780662271117e-06
 3.28480000000000018e+02 3.29166666666666629e+02 1.02834187018646227e-03 4.37283135423914694e-06
 3.29166666666666629e+02 3.29853333333333353e+02 1.03163069989001591e-03 3.41212740235353503e-06
 3.29853333333333353e+02 3.30539999999999964e+02 1.03535815502235769e-03 3.16412566747877939e-06
 3.30539999999999964e+02 3.31226666666666688e+02 1.04751449770262655e-03 3.30568595726864979e-06
 3.31226666666666688e+02 3.31913333333333298e+02 1.04955008937957926e-03 3.35291245136807697e-06
 3.31913333333333298e+02 3.32600000000000023e+02 1.05458888189996990e-03 4.07201448230718407e-06
 3.32600000000000023e+02 3.33286666666666633e+02 1.06303984968327751e-03 3.84273233697534410e-06
 3.33286666666666633e+02 3.33973333333333358e+02 1.06735634913186338e-03 3.36177297306023532e-06
 3.33973333333333358e+02 3.34659999999999968e+02 1.07114032575436721e-03 3.92325628646678315e-06
 3.34659999999999968e+02 3.35346666666666692e+02 1.07978645373373820e-03 3.65368024664937355e-06
 3.35346666666666692e+02 3.36033333333333303e+02 1.08935170992866567e-03 3.61285665593746913e-06
 3.36033333333333303e+02 3.36720000000000027e+02 1.09775347118422567e-03 3.43485024564127527e-06
 3.36720000000000027e+02 3.37406666666666638e+02 1.09980188286430951e-03 3.42955501194533252e-06
 3.37406666666666638e+02 3.38093333333333362e+02 1.10449430839606880e-03 3.58295222999971241e-06
 3.38093333333333362e+02 3.38779999999999973e+02 1.11206184949229261e-03 3.38773581343727608e-06
 3.38779999999999973e+02 3.39466666666666697e+02 1.11790570849037117e-03 3.84359115207959570e-06
 3.39466666666666697e+02 3.40153333333333308e+02 1.12148699217158978e-03 3.57946905358343043e-06
 3.40153333333333308e+02 3.40840000000000032e+02 1.12249066022506675e-03 3.45348368824753920e-06
 3.40840000000000032e+02 3.41526666666666642e+02 1.14286298982882320e-03 6.68408380146831360e-06
 3.41526666666666642e+02 3.42213333333333367e+02 1.14703754480017096e-03 4.73939558115844414e-06
 3.42213333333333367e+02 3.42899999999999977e+02 1.15201628494327672e-03 4.45656747442905966e-06
 3.42899999999999977e+02 3.43586666666666702e+02 1.15375837852526968e-03 3.77074754736754788e-06
 3.43586666666666702e+02 3.44273333333333312e+02 1.16518464248408968e-03 4.12631371260190878e-06
 3.44273333333333312e+02 3.44960000000000036e+02 1.16494509252802660e-03 3.53864370388101349e-06
 3.44960000000000036e+02 3.45646666666666647e+02 1.17783210360918348e-03 3.57861682729471080e-06
 3.45646666666666647e+02 3.46333333333333371e+02 1.18268830570831770e-03 3.76212903769610283e-06
 3.46333333333333371e+02 3.47019999999999982e+02 1.18553752700030078e-03 4.98454570404153180e-06
 3.47019999999999982e+02 3.47706666666666706e+02 1.18533211408771160e-03 3.49820918103630635e-06
 3.47706666666666706e+02 3.48393333333333317e+02 1.19364751879101659e-03 3.75216204200919158e-06
 3.48393333333333317e+02 3.49080000000000041e+02 1.20348002962489763e-03 4.05458112503059413e-06
 3.49080000000000041e+02 3.49766666666666652e+02 1.21219150259838418e-03 4.09758294632000833e-06
 3.49766666666666652e+02 3.50453333333333376e+02 1.21548828876276720e-03 4.51450037581441363e-06
 3.50453333333333376e+02 3.51139999999999986e+02 1.22544920817368812e-03 4.05615572934095029e-06
 3.51139999999999986e+02 3.51826666666666654e+02 1.22485133824275227e-03 3.98329727488954607e-06
 3.51826666666666654e+02 3.52513333333333321e+02 1.22828229164599211e-03 3.73498939041513050e-06
 3.52513333333333321e+02 3.53199999999999989e+02 1.23422358257790541e-03 3.70649627583435682e-06
 3.53199999999999989e+02 3.53886666666666656e+02 1.24603863020598493e-03 3.56240162002877109e-06
 3.53886666666666656e+02 3.54573333333333323e+02 1.24459940482747936e-03 3.31770059427818791e-06
 3.54573333333333323e+02 3.55259999999999991e+02 1.24789019655090466e-03 3.84496764775156099e-06
 3.55259999999999991e+02 3.55946666666666658e+02 1.25633376648329317e-03 4.19781089139547680e-06
 3.55946666666666658e+02 3.56633333333333326e+02 1.25445236011483040e-03 3.56176004691411081e-06
 3.56633333333333326e+02 3.57319999999999993e+02 1.26900661068423326e-03 3.82067617847503333e-06
 3.57319999999999993e+02 3.58006666666666661e+02 1.27869100925310044e-03 4.24446251037124388e-06
 3.58006666666666661e+02 3.58693333333333328e+02 1.27829493179047412e-03 3.76858529943102070e-06
 3.58693333333333328e+02 3.59379999999999995e+02 1.27986378656434600e-03 3.93061978544060810e-06
 3.59379999999999995e+02 3.60066666666666663e+02 1.28974225847229410e-03 3.79466240869138161e-06
 3.60066666666666663e+02 3.60753333333333330e+02 1.29248970680031659e-03 3.87739413635432938e-06
 3.60753333333333330e+02 3.61439999999999998e+02 1.30566252431565596e-03 4.86262494567267969e-06
 3.61439999999999998e+02 3.62126666666666665e+02 1.30256551132129465e-03 3.81251079062674921e-06
 3.62126666666666665e+02 3.62813333333333333e+02 1.30976312309819790e-03 4.01405916487640797e-06
 3.62813333333333333e+02 3.63500000000000000e+02 1.32151735442855088e-03 4.23310953431819241e-06
 3.63500000000000000e+02 3.64186666666666667e+02 1.31448439603547101e-03 3.65543132808502211e-06
 3.64186666666666667e+02 3.64873333333333335e+02 1.32221933775196606e-03 4.09291516077076288e-06
 3.64873333333333335e+02 3.65560000000000002e+02 1.33168980523056283e-03 3.66997984171186094e-06
 3.65560000000000002e+02 3.66246666666666670e+02 1.33053377378517554e-03 3.97936676173788300e-06
 3.66246666666666670e+02 3.66933333333333337e+02 1.34000723118102186e-03 3.54012856534809281e-06
 3.66933333333333337e+02 3.67620000000000005e+02 1.33458226569076557e-03 4.73255598193136408e-06
 3.67620000000000005e+02 3.68306666666666672e+02 1.34870506888310317e-03 5.67415132618472567e-06
 3.68306666666666672e+02 3.68993333333333339e+02 1.35338798481985647e-03 3.95852951082375477e-06
 3.68993333333333339e+02 3.69680000000000007e+02 1.36216975667534596e-03 3.95306617936501077e-06
 3.69680000000000007e+02 3.70366666666666674e+02 1.36612132921428917e-03 5.80324700662137344e-06
 3.70366666666666674e+02 3.71053333333333342e+02 1.37130334244248055e-03 4.46145393679391229e-06
 3.71053333333333342e+02 3.71740000000000009e+02 1.37594406879086649e-03 3.69491343304727704e-06
 3.71740000000000009e+02 3.72426666666666677e+02 1.38400911657800187e-03 9.55264964852674218e-06
 3.72426666666666677e+02 3.73113333333333344e+02 1.38017048283710191e-03 3.82029517690509531e-06
 3.73113333333333344e+02 3.73800000000000011e+02 1.38157800757569903e-03 4.45226532489875164e-06
 3.73800000000000011e+02 3.74486666666666679e+02 1.38791886007989286e-03 4.08478605155652410e-06
 3.74486666666666679e+02 3.75173333333333346e+02 1.38911765589484130e-03 3.66147546281905052e-06
 3.75173333333333346e+02 3.75860000000000014e+02 1.39616299908105731e-03 3.69379395427876149e-06
 3.75860000000000014e+02 3.76546666666666681e+02 1.40650846317678349e-03 5.45348832485246917e-06
 3.76546666666666681e+02 3.77233333333333348e+02 1.40346683626612289e-03 5.57600529351911271e-06
 3.77233333333333348e+02 3.77920000000000016e+02 1.40557926458214949e-03 3.95726621028931790e-06
 3.77920000000000016e+02 3.78606666666666683e+02 1.41941688736710921e-03 6.23900622193993416e-06
 3.78606666666666683e+02 3.79293333333333351e+02 1.41017361856299404e-03 4.21989050286267139e-06
 3.79293333333333351e+02 3.79980000000000018e+02 1.43705868269441333e-03 1.24011980130947960e-05
 3.79980000000000018e+02 3.80666666666666686e+02 1.41532277401879600e-03 3.65296568247402021e-06
 3.80666666666666686e+02 3.81353333333333353e+02 1.42609773915847280e-03 5.51764870856183059e-06
 3.81353333333333353e+02 3.82040000000000020e+02 1.42728757063274826e-03 3.68595409983480898e-06
 3.82040000000000020e+02 3.82726666666666688e+02 1.42768735596407329e-03 4.87529892937909253e-06
 3.82726666666666688e+02 3.83413333333333355e+02 1.42541260244346646e-03 3.64881601690680656e-06
 3.83413333333333355e+02 3.84100000000000023e+02 1.44097030927554568e-03 7.11272716447079570e-06
 3.84100000000000023e+02 3.84786666666666690e+02 1.43318079936461014e-03 4.56284659782865499e-06
 3.84786666666666690e+02 3.85473333333333358e+02 1.43904065878489918e-03 3.61609036236411995e-06
 3.85473333333333358e+02 3.86160000000000025e+02 1.43831866249935383e-03 6.47648214376678661e-06
 3.86160000000000025e+02 3.86846666666666692e+02 1.43716302470467991e-03 4.04867785375704746e-06
 3.86846666666666692e+02 3.87533333333333360e+02 1.43381296072181592e-03 6.43758199486250539e-06
 3.87533333333333360e+02 3.88220000000000027e+02 1.43655477162376948e-03 4.01409382346466742e-06
 3.88220000000000027e+02 3.88906666666666695e+02 1.44325800620152974e-03 3.81509448611544023e-06
 3.88906666666666695e+02 3.89593333333333305e+02 1.44673040218569384e-03 4.39757243386912557e-06
 3.89593333333333305e+02 3.90279999999999973e+02 1.44584817683037110e-03 3.92312540975077096e-06
 3.90279999999999973e+02 3.90966666666666640e+02 1.43618975218562893e-03 4.39097902232170597e-06
 3.90966666666666640e+02 3.91653333333333308e+02 1.44788574524263550e-03 5.02587825058390312e-06
 3.91653333333333308e+02 3.92339999999999975e+02 1.43757142066333740e-03 3.99403719479149070e-06
 3.92339999999999975e+02 3.93026666666666642e+02 1.44441337239690896e-03 6.23968419781422303e-06
 3.93026666666666642e+02 3.93713333333333310e+02 1.43756922200894148e-03 3.71251119604937692e-06
 3.93713333333333310e+02 3.94399999999999977e+02 1.43794805712277860e-03 4.95234176507336130e-06
 3.94399999999999977e+02 3.95086666666666645e+02 1.44154522446870320e-03 6.36677794660354233e-06
 3.95086666666666645e+02 3.95773333333333312e+02 1.43233491795194292e-03 4.63491349255282167e-06
 3.95773333333333312e+02 3.96459999999999980e+02 1.42238655594822201e-03 4.41005451108112308e-06
 3.96459999999999980e+02 3.97146666666666647e+02 1.41432508748390111e-03 3.81713506998686231e-06
 3.97146666666666647e+02 3.97833333333333314e+02 1.40673578902356490e-03 4.19192557451431953e-06
 3.97833333333333314e+02 3.98519999999999982e+02 1.40222460342700117e-03 3.52986341385423233e-06
 3.98519999999999982e+02 3.99206666666666649e+02 1.39421509653924933e-03 4.54775759866943092e-06
 3.99206666666666649e+02 3.99893333333333317e+02 1.38611974963537624e-03 4.96335995601265530e-06
 3.99893333333333317e+02 4.00579999999999984e+02 1.38066345058441382e-03 3.73261638026873409e-06
 4.00579999999999984e+02 4.01266666666666652e+02 1.38356155475790384e-03 3.91435870043346388e-06
 4.01266666666666652e+02 4.01953333333333319e+02 1.37165870915592104e-03 3.67887272426941809e-06
 4.01953333333333319e+02 4.02639999999999986e+02 1.36803729854974602e-03 4.24259170472417783e-06
 4.02639999999999986e+02 4.03326666666666654e+02 1.37124066554144609e-03 8.43492167823923386e-06
 4.03326666666666654e+02 4.04013333333333321e+02 1.35208439624082979e-03 3.40901974404713689e-06
 4.04013333333333321e+02 4.04699999999999989e+02 1.35449248245798882e-03 4.13035897825509873e-06
 4.04699999999999989e+02 4.05386666666666656e+02 1.35938587010138467e-03 4.03979051338989737e-06
 4.05386666666666656e+02 4.06073333333333323e+02 1.34736318559656857e-03 3.22153867057102840e-06
 4.06073333333333323e+02 4.06759999999999991e+02 1.34758778632128730e-03 3.96466418898546569e-06
 4.06759999999999991e+02 4.07446666666666658e+02 1.35032752959969604e-03 7.71764441970126186e-06
 4.07446666666666658e+02 4.08133333333333326e+02 1.34288719389515001e-03 5.56311659008819517e-06
 4.08133333333333326e+02 4.08819999999999993e+02 1.33694150709333772e-03 3.51072623073729451e-06
 4.08819999999999993e+02 4.09506666666666661e+02 1.33710756754528283e-03 4.40935464423729023e-06
 4.09506666666666661e+02 4.10193333333333328e+02 1.32976849644942633e-03 3.93688643495780461e-06
 4.10193333333333328e+02 4.10879999999999995e+02 1.33515495983108578e-03 3.80059571271486467e-06
 4.10879999999999995e+02 4.11566666666666663e+02 1.32730096744248138e-03 3.93397415580035836e-06
 4.11566666666666663e+02 4.12253333333333330e+02 1.32686018762671713e-03 4.38017789537546003e-06
 4.12253333333333330e+02 4.12939999999999998e+02 1.32155700531370402e-03 4.27905907413953493e-06
 4.12939999999999998e+02 4.13626666666666665e+02 1.32045515382284043e-03 3.60011425661509806e-06
 4.13626666666666665e+02 4.14313333333333333e+02 1.33028439436482003e-03 9.42393253546765670e-06
 4.14313333333333333e+02 4.15000000000000000e+02 1.31666139133005560e-03 3.37764989892957167e-06
 4.15000000000000000e+02 4.15686666666666667e+02 1.31784563774880342e-03 5.39816205573402641e-06
 4.15686666666666667e+02 4.16373333333333335e+02 1.31366447834350367e-03 3.63333819929352379e-06
 4.16373333333333335e+02 4.17060000000000002e+02 1.31189996920238593e-03 4.24582982552392053e-06
 4.17060000000000002e+02 4.17746666666666670e+02 1.31251883025995924e-03 5.07546543185581118e-06
 4.17746666666666670e+02 4.18433333333333337e+02 1.30374628703873192e-03 3.10499331802182934e-06
 4.18433333333333337e+02 4.19120000000000005e+02 1.30511777024577250e-03 3.85016604455771197e-06
 4.19120000000000005e+02 4.19806666666666672e+02 1.30704910391206235e-03 4.19125839662093472e-06
 4.19806666666666672e+02 4.20493333333333339e+02 1.33360897748791506e-03 3.05261222544963472e-05
 4.20493333333333339e+02 4.21180000000000007e+02 1.30153117483754904e-03 6.90319424460967580e-06
 4.21180000000000007e+02 4.21866666666666674e+02 1.30304170378181951e-03 7.05925383911872380e-06
 4.21866666666666674e+02 4.22553333333333342e+02 1.30036617897662460e-03 3.90652690868523481e-06
 4.22553333333333342e+02 4.23240000000000009e+02 1.29679545217866745e-03 3.40255473156544621e-06
 4.23240000000000009e+02 4.23926666666666677e+02 1.28680637648497485e-03 3.26778931644720213e-06
 4.23926666666666677e+02 4.24613333333333344e+02 1.28833593495845814e-03 3.68420063914673629e-06
 4.24613333333333344e+02 4.25300000000000011e+02 1.29854161169385904e-03 7.18109277986203889e-06
 4.25300000000000011e+02 4.25986666666666679e+02 1.28586621912380448e-03 3.38028886267050588e-06
 4.25986666666666679e+02 4.26673333333333346e+02 1.28881026900158017e-03 3.45500159034812631e-06
 4.26673333333333346e+02 4.27360000000000014e+02 1.28388629402582640e-03 5.32352621612728889e-06
 4.27360000000000014e+02 4.28046666666666681e+02 1.27607779077298250e-03 3.42046473092258519e-06
 4.28046666666666681e+02 4.28733333333333348e+02 1.27414129782202931e-03 3.88523897886951598e-06
 4.28733333333333348e+02 4.29420000000000016e+02 1.27061424741725095e-03 3.40981525015289241e-06
 4.29420000000000016e+02 4.30106666666666683e+02 1.27474823991239900e-03 5.93698322131975842e-06
 4.30106666666666683e+02 4.30793333333333351e+02 1.26519646106825010e-03 3.29895530551452133e-06
 4.30793333333333351e+02 4.31480000000000018e+02 1.26562582919014714e-03 3.80037656995219176e-06
 4.31480000000000018e+02 4.32166666666666686e+02 1.26808733447836340e-03 8.05905719760491716e-06
 4.32166666666666686e+02 4.32853333333333353e+02 1.26631467275718844e-03 4.07739704569311213e-06
 4.32853333333333353e+02 4.33540000000000020e+02 1.25887055691871301e-03 3.31148148843554154e-06
 4.33540000000000020e+02 4.34226666666666688e+02 1.25541205667413589e-03 3.17588788411280196e-06
 4.34226666666666688e+02 4.34913333333333355e+02 1.25719638195330333e-03 5.67587681132830912e-06
 4.34913333333333355e+02 4.35600000000000023e+02 1.24860203460078157e-03 3.11803392326905109e-06
 4.35600000000000023e+02 4.36286666666666690e+02 1.24652838265650154e-03 3.33344084428015071e-06
 4.36286666666666690e+02 4.36973333333333358e+02 1.24493673611750862e-03 3.76990424152088093e-06
 4.36973333333333358e+02 4.37660000000000025e+02 1.23842429700605919e-03 3.16682597800248256e-06
 4.37660000000000025e+02 4.38346666666666692e+02 1.24293756799501620e-03 3.89598068315185349e-06
 4.38346666666666692e+02 4.39033333333333360e+02 1.23516912410879262e-03 3.21319505670546098e-06
 4.39033333333333360e+02 4.39720000000000027e+02 1.23433103817546775e-03 3.01030477574209262e-06
 4.39720000000000027e+02 4.40406666666666695e+02 1.23339604992114761e-03 6.75012701015515389e-06
 4.40406666666666695e+02 4.41093333333333305e+02 1.22780987509191089e-03 3.91068138820337889e-06
 4.41093333333333305e+02 4.41779999999999973e+02 1.22507734258424459e-03 3.50767423318803445e-06
 4.41779999999999973e+02 4.42466666666666640e+02 1.24353633375859016e-03 2.29662085822876452e-05
 4.42466666666666640e+02 4.43153333333333308e+02 1.21882802221824583e-03 4.41214432101473140e-06
 4.43153333333333308e+02 4.43839999999999975e+02 1.21271877395989422e-03 3.28158784395420983e-06
 4.43839999999999975e+02 4.44526666666666642e+02 1.21034360961880683e-03 3.61605846790712675e-06
 4.44526666666666642e+02 4.45213333333333310e+02 1.21613961454474298e-03 4.27537855989507032e-06
 4.45213333333333310e+02 4.45899999999999977e+02 1.20850264703119747e-03 4.08735039956995512e-06
 4.45899999999999977e+02 4.46586666666666645e+02 1.19759791762835341e-03 3.40525486816366032e-06
 4.46586666666666645e+02 4.47273333333333312e+02 1.20543870850375401e-03 6.22013050062901689e-06
 4.47273333333333312e+02 4.47959999999999980e+02 1.18929124697483390e-03 4.10754856032393338e-06
 4.47959999999999980e+02 4.48646666666666647e+02 1.18524472843621197e-03 3.23501407100201494e-06
 4.48646666666666647e+02 4.49333333333333314e+02 1.18284683272488556e-03 5.89995062984283653e-06
 4.49333333333333314e+02 4.50019999999999982e+02 1.17180297575385814e-03 3.16773739466110592e-06
 4.50019999999999982e+02 4.50706666666666649e+02 1.16208507675077781e-03 3.47841786680318272e-06
 4.50706666666666649e+02 4.51393333333333317e+02 1.16121216552306965e-03 3.81797814623356239e-06
 4.51393333333333317e+02 4.52079999999999984e+02 1.15860237755379932e-03 3.74934948087195791e-06
 4.52079999999999984e+02 4.52766666666666652e+02 1.15370374944985185e-03 3.31763507448798857e-06
 4.52766666666666652e+02 4.53453333333333319e+02 1.14437000534979832e-03 3.34540572776548813e-06
 4.53453333333333319e+02 4.54139999999999986e+02 1.14634262353178074e-03 5.17475728833700990e-06
 4.54139999999999986e+02 4.54826666666666654e+02 1.13747962163344095e-03 3.46150488323938702e-06
 4.54826666666666654e+02 4.55513333333333321e+02 1.13418624762650906e-03 5.15926157990235643e-06
 4.55513333333333321e+02 4.56199999999999989e+02 1.12098613298772330e-03 3.35042650040948635e-06
 4.56199999999999989e+02 4.56886666666666656e+02 1.11958333232664857e-03 3.61100878531150169e-06
 4.56886666666666656e+02 4.57573333333333323e+02 1.11996760771563837e-03 4.66940502822416786e-06
 4.57573333333333323e+02 4.58259999999999991e+02 1.10318559843764429e-03 3.75956572027304713e-06
 4.58259999999999991e+02 4.58946666666666658e+02 1.10034493749552203e-03 5.06384115194710862e-06
 4.58946666666666658e+02 4.59633333333333326e+02 1.09265599062363249e-03 3.84245800259641026e-06
 4.59633333333333326e+02 4.60319999999999993e+02 1.07984545502647447e-03 3.04190524461813501e-06
 4.60319999999999993e+02 4.61006666666666661e+02 1.07848473572245171e-03 3.52267226498966857e-06
 4.61006666666666661e+02 4.61693333333333328e+02 1.06920103691555035e-03 3.15121207101701505e-06
 4.61693333333333328e+02 4.62379999999999995e+02 1.05958498792649920e-03 3.58280643367538783e-06
 4.62379999999999995e+02 4.63066666666666663e+02 1.04825284696960898e-03 2.85145062340549952e-06
 4.63066666666666663e+02 4.63753333333333330e+02 1.03877112868213978e-03 3.41575134533099039e-06
 4.63753333333333330e+02 4.64439999999999998e+02 1.03335602641333227e-03 3.92547252858719566e-06
 4.64439999999999998e+02 4.65126666666666665e+02 1.02777761709118187e-03 3.09451884111578287e-06
 4.65126666666666665e+02 4.65813333333333333e+02 1.01667247945021991e-03 4.01703427707776141e-06
 4.65813333333333333e+02 4.66500000000000000e+02 1.00509981171652491e-03 3.96487398448501404e-06
 4.66500000000000000e+02 4.67186666666666667e+02 9.86878685119788003e-04 2.98180071419688670e-06
 4.67186666666666667e+02 4.67873333333333335e+02 9.80324934013816675e-04 3.18665857205269899e-06
 4.67873333333333335e+02 4.68560000000000002e+02 9.66172472041110578e-04 4.00536773553814732e-06
 4.68560000000000002e+02 4.69246666666666670e+02 9.52274182778819231e-04 3.24960281884783597e-06
 4.69246666666666670e+02 4.69933333333333337e+02 9.40500247398048375e-04 4.58824437203154688e-06
 4.69933333333333337e+02 4.70620000000000005e+02 9.19084238456162935e-04 3.36178022914584669e-06
 4.70620000000000005e+02 4.71306666666666672e+02 9.07360199391932286e-04 3.89100134968735815e-06
 4.71306666666666672e+02 4.71993333333333339e+02 8.78468706386529435e-04 2.98400575018694995e-06
 4.71993333333333339e+02 4.72680000000000007e+02 8.68972406417808777e-04 3.53743667845973737e-06
 4.72680000000000007e+02 4.73366666666666674e+02 8.49539253416022174e-04 3.54412038952416626e-06
 4.73366666666666674e+02 4.74053333333333342e+02 8.21592385356091116e-04 3.22281599952434388e-06
 4.74053333333333342e+02 4.74740000000000009e+02 7.96891797820320860e-04 3.26131424154146444e-06
 4.74740000000000009e+02 4.75426666666666677e+02 7.67607036020173292e-04 3.34723725973379191e-06
 4.75426666666666677e+02 4.76113333333333344e+02 7.45064347171515962e-04 2.96646636759758806e-06
 4.76113333333333344e+02 4.76800000000000011e+02 7.13708751049594442e-04 3.70932427240938940e-06
 4.76800000000000011e+02 4.77486666666666679e+02 6.74151856429183543e-04 2.79697254659129613e-06
 4.77486666666666679e+02 4.78173333333333346e+02 6.47760965276259469e-04 3.77433593831784969e-06
 4.78173333333333346e+02 4.78860000000000014e+02 6.09024008714090215e-04 2.64462952388421357e-06
 4.78860000000000014e+02 4.79546666666666681e+02 5.72209387952669511e-04 3.32308788626077126e-06
 4.79546666666666681e+02 4.80233333333333348e+02 5.30912095453306204e-04 2.21334845044523720e-06
 4.80233333333333348e+02 4.80920000000000016e+02 4.95970747475840213e-04 2.49557587804870465e-06
 4.80920000000000016e+02 4.81606666666666683e+02 4.51593631107860820e-04 2.01552765384113872e-06
 4.81606666666666683e+02 4.82293333333333351e+02 4.12838903033291001e-04 2.12846239798215154e-06
 4.82293333333333351e+02 4.82980000000000018e+02 3.67566906500262601e-04 1.95312944110426717e-06
 4.82980000000000018e+02 4.83666666666666686e+02 3.18699706381622499e-04 1.68185469511962162e-06
 4.83666666666666686e+02 4.84353333333333353e+02 2.72439380495402355e-04 1.68909276473557385e-06
 4.84353333333333353e+02 4.85040000000000020e+02 2.18656050130674990e-04 1.44007791618447523e-06
 4.85040000000000020e+02 4.85726666666666688e+02 1.69362687174533038e-04 3.42536861439864010e-06
 4.85726666666666688e+02 4.86413333333333355e+02 1.14380175113991950e-04 9.92798099686469417e-07
 4.86413333333333355e+02 4.87100000000000023e+02 6.39113261450264370e-05 7.11147092839205408e-07
 4.87100000000000023e+02 4.87786666666666690e+02 2.37332624778471265e-05 4.38144404999024134e-07
 4.87786666666666690e+02 4.88473333333333358e+02 1.99088718078399585e-06 1.17972375568798178e-07
 4.88473333333333358e+02 4.89160000000000025e+02 0.00000000000000000e+00 0.00000000000000000e+00
 4.89160000000000025e+02 4.89846666666666692e+02 0.00000000000000000e+00 0.00000000000000000e+00
 4.89846666666666692e+02 4.90533333333333360e+02 0.00000000000000000e+00 0.00000000000000000e+00
 4.90533333333333360e+02 4.91220000000000027e+02 0.00000000000000000e+00 0.00000000000000000e+00
 4.91220000000000027e+02 4.91906666666666695e+02 0.00000000000000000e+00 0.00000000000000000e+00
 4.91906666666666695e+02 4.92593333333333305e+02 0.00000000000000000e+00 0.00000000000000000e+00
 4.92593333333333305e+02 4.93279999999999973e+02 0.00000000000000000e+00 0.00000000000000000e+00
 4.93279999999999973e+02 4.93966666666666640e+02 0.00000000000000000e+00 0.00000000000000000e+00
 4.93966666666666640e+02 4.94653333333333308e+02 0.00000000000000000e+00 0.00000000000000000e+00
 4.94653333333333308e+02 4.95339999999999975e+02 0.00000000000000000e+00 0.00000000000000000e+00
 4.95339999999999975e+02 4.96026666666666642e+02 0.00000000000000000e+00 0.00000000000000000e+00
 4.96026666666666642e+02 4.96713333333333310e+02 0.00000000000000000e+00 0.00000000000000000e+00
 4.96713333333333310e+02 4.97399999999999977e+02 0.00000000000000000e+00 0.00000000000000000e+00
 4.97399999999999977e+02 4.98086666666666645e+02 0.00000000000000000e+00 0.00000000000000000e+00
 4.98086666666666645e+02 4.98773333333333312e+02 0.00000000000000000e+00 0.00000000000000000e+00
 4.98773333333333312e+02 4.99459999999999980e+02 0.00000000000000000e+00 0.00000000000000000e+00
 4.99459999999999980e+02 5.00146666666666647e+02 0.00000000000000000e+00 0.00000000000000000e+00
 5.00146666666666647e+02 5.00833333333333314e+02 0.00000000000000000e+00 0.00000000000000000e+00
 5.00833333333333314e+02 5.01519999999999982e+02 0.00000000000000000e+00 0.00000000000000000e+00
 5.01519999999999982e+02 5.02206666666666649e+02 0.00000000000000000e+00 0.00000000000000000e+00
 5.02206666666666649e+02 5.02893333333333317e+02 0.00000000000000000e+00 0.00000000000000000e+00
 5.02893333333333317e+02 5.03579999999999984e+02 0.00000000000000000e+00 0.00000000000000000e+00
 5.03579999999999984e+02 5.04266666666666652e+02 0.00000000000000000e+00 0.00000000000000000e+00
 5.04266666666666652e+02 5.04953333333333319e+02 0.00000000000000000e+00 0.00000000000000000e+00
 5.04953333333333319e+02 5.05639999999999986e+02 0.00000000000000000e+00 0.00000000000000000e+00
 5.05639999999999986e+02 5.06326666666666654e+02 0.00000000000000000e+00 0.00000000000000000e+00
 5.06326666666666654e+02 5.07013333333333321e+02 0.00000000000000000e+00 0.00000000000000000e+00
 5.07013333333333321e+02 5.07699999999999989e+02 0.00000000000000000e+00 0.00000000000000000e+00
 5.07699999999999989e+02 5.08386666666666656e+02 0.00000000000000000e+00 0.00000000000000000e+00
 5.08386666666666656e+02 5.09073333333333323e+02 0.00000000000000000e+00 0.00000000000000000e+00
 5.09073333333333323e+02 5.09759999999999991e+02 0.00000000000000000e+00 0.00000000000000000e+00
 5.09759999999999991e+02 5.10446666666666658e+02 0.00000000000000000e+00 0.00000000000000000e+00
 5.10446666666666658e+02 5.11133333333333326e+02 0.00000000000000000e+00 0.00000000000000000e+00
 5.11133333333333326e+02 5.11819999999999993e+02 0.00000000000000000e+00 0.00000000000000000e+00
 5.11819999999999993e+02 5.12506666666666661e+02 0.00000000000000000e+00 0.00000000000000000e+00
 5.12506666666666661e+02 5.13193333333333385e+02 0.00000000000000000e+00 0.00000000000000000e+00
 5.13193333333333385e+02 5.13879999999999995e+02 0.00000000000000000e+00 0.00000000000000000e+00
 5.13879999999999995e+02 5.14566666666666606e+02 0.00000000000000000e+00 0.00000000000000000e+00
 5.14566666666666606e+02 5.15253333333333330e+02 0.00000000000000000e+00 0.00000000000000000e+00
 5.15253333333333330e+02 5.15940000000000055e+02 0.00000000000000000e+00 0.00000000000000000e+00
 5.15940000000000055e+02 5.16626666666666665e+02 0.00000000000000000e+00 0.00000000000000000e+00
 5.16626666666666665e+02 5.17313333333333276e+02 0.00000000000000000e+00 0.00000000000000000e+00
 5.17313333333333276e+02 5.18000000000000000e+02 0.00000000000000000e+00 0.00000000000000000e+00

Histogram:lmxx
 3.16000000000000000e+02 3.17009999999999991e+02 1.94480897082887380e-05 1.29654363140527962e-06
 3.17009999999999991e+02 3.18019999999999982e+02 2.11294365555864638e-05 1.43518745865506931e-06
 3.18019999999999982e+02 3.19029999999999973e+02 2.05204134418876762e-05 1.14727626145713455e-06
 3.19029999999999973e+02 3.20040000000000020e+02 2.39650598995657746e-05 1.55400741816887686e-06
 3.20040000000000020e+02 3.21050000000000011e+02 2.29149389752814100e-05 1.16391287075994492e-06
 3.21050000000000011e+02 3.22060000000000002e+02 2.38708118122587570e-05 1.14437418449820991e-06
 3.22060000000000002e+02 3.23069999999999993e+02 2.73139682007387605e-05 1.44737386762216759e-06
 3.23069999999999993e+02 3.24079999999999984e+02 2.63846104902794602e-05 1.20257380516314118e-06
 3.24079999999999984e+02 3.25089999999999975e+02 2.63110127843138257e-05 1.29247765175106331e-06
 3.25089999999999975e+02 3.26100000000000023e+02 2.66298912223617097e-05 1.38565034407724559e-06
 3.26100000000000023e+02 3.27110000000000014e+02 2.65670738402157631e-05 1.29033096657803122e-06
 3.27110000000000014e+02 3.28120000000000005e+02 2.62203287015149843e-05 1.14679915670338387e-06
 3.28120000000000005e+02 3.29129999999999995e+02 2.68980402640707799e-05 1.08100979877422461e-06
 3.29129999999999995e+02 3.30139999999999986e+02 2.75867110869843119e-05 1.31127797545559264e-06
 3.30139999999999986e+02 3.31149999999999977e+02 2.57050767109551662e-05 1.04886579400404949e-06
 3.31149999999999977e+02 3.32160000000000025e+02 2.69850908241308225e-05 1.05348212517696171e-06
 3.32160000000000025e+02 3.33170000000000016e+02 3.01132293230967546e-05 1.22120416688210469e-06
 3.33170000000000016e+02 3.34180000000000007e+02 2.99395225477847116e-05 1.18641425467097569e-06
 3.34180000000000007e+02 3.35189999999999998e+02 2.74862431599473614e-05 1.04710430461628428e-06
 3.35189999999999998e+02 3.36199999999999989e+02 2.81749193366087982e-05 1.66297076807061401e-06
 3.36199999999999989e+02 3.37209999999999980e+02 2.81595054163622308e-05 1.07606734853881977e-06
 3.37209999999999980e+02 3.38220000000000027e+02 2.84270274686795534e-05 1.03558841733497813e-06
 3.38220000000000027e+02 3.39230000000000018e+02 2.92638715066621698e-05 1.16313327849184931e-06
 3.39230000000000018e+02 3.40240000000000009e+02 2.95576387775079852e-05 1.05184358875784839e-06
 3.40240000000000009e+02 3.41250000000000000e+02 3.07746443588620985e-05 1.08615357953048608e-06
 3.41250000000000000e+02 3.42259999999999991e+02 3.24615333205148052e-05 1.25926426159216265e-06
 3.42259999999999991e+02 3.43269999999999982e+02 3.38318169106220423e-05 2.08518020805569088e-06
 3.43269999999999982e+02 3.44279999999999973e+02 3.39950304164773090e-05 1.16640653691537533e-06
 3.44279999999999973e+02 3.45290000000000020e+02 3.18883239388528236e-05 9.50445026846249018e-07
 3.45290000000000020e+02 3.46300000000000011e+02 3.24142282093815796e-05 1.01410875654410914e-06
 3.46300000000000011e+02 3.47310000000000002e+02 3.20121552406806530e-05 1.04099096732272868e-06
 3.47310000000000002e+02 3.48319999999999993e+02 3.23862283476371903e-05 1.07149785913449210e-06
 3.48319999999999993e+02 3.49329999999999984e+02 3.40576589132671114e-05 1.25197542721592791e-06
 3.49329999999999984e+02 3.50340000000000032e+02 3.01968271797240902e-05 9.23262357140770997e-07
 3.50340000000000032e+02 3.51350000000000023e+02 3.31448394134976001e-05 1.65684199300504782e-06
 3.51350000000000023e+02 3.52360000000000014e+02 3.52787112980154727e-05 1.24723022541384436e-06
 3.52360000000000014e+02 3.53370000000000005e+02 3.47210219391149078e-05 1.16031137544357845e-06
 3.53370000000000005e+02 3.54379999999999995e+02 3.33470688973550023e-05 1.15468446335458832e-06
 3.54379999999999995e+02 3.55389999999999986e+02 3.46206744648259326e-05 1.31468832497118096e-06
 3.55389999999999986e+02 3.56399999999999977e+02 3.28552017272137396e-05 1.06818444234604503e-06
 3.56399999999999977e+02 3.57409999999999968e+02 3.29632903703152449e-05 8.78384218318844969e-07
 3.57409999999999968e+02 3.58420000000000016e+02 3.51118644632922530e-05 9.72820663116553131e-07
 3.58420000000000016e+02 3.59430000000000007e+02 3.65916476008770132e-05 1.18732174032073340e-06
 3.59430000000000007e+02 3.60439999999999998e+02 3.39094601188177111e-05 1.01116039984834349e-06
 3.60439999999999998e+02 3.61449999999999989e+02 3.57401431041991992e-05 1.05483507632186068e-06
 3.61449999999999989e+02 3.62459999999999980e+02 3.53665018301671969e-05 9.98978128634740816e-07
 3.62459999999999980e+02 3.63470000000000027e+02 3.57949632182027048e-05 1.17890608012256745e-06
 3.63470000000000027e+02 3.64480000000000018e+02 3.72524747711064233e-05 1.13288771731107095e-06
 3.64480000000000018e+02 3.65490000000000009e+02 3.67624785309180141e-05 1.30316442528689926e-06
 3.65490000000000009e+02 3.66500000000000000e+02 3.85600917355244808e-05 1.11086359637152697e-06
 3.66500000000000000e+02 3.67509999999999991e+02 3.64356948012591964e-05 9.00980312253139481e-07
 3.67509999999999991e+02 3.68519999999999982e+02 3.81709322202030383e-05 1.32481766471742179e-06
 3.68519999999999982e+02 3.69529999999999973e+02 3.86467140512646587e-05 9.97600066402842743e-07
 3.69529999999999973e+02 3.70540000000000020e+02 3.59462058964840438e-05 8.61839668971149062e-07
 3.70540000000000020e+02 3.71550000000000011e+02 3.83697225013151147e-05 1.10333746072732689e-06
 3.71550000000000011e+02 3.72560000000000002e+02 3.76765443541703720e-05 1.02990767528557194e-06
 3.72560000000000002e+02 3.73569999999999993e+02 3.86675187523110193e-05 9.51467636465882028e-07
 3.73569999999999993e+02 3.74579999999999984e+02 3.70332861656693226e-05 9.43752873340625204e-07
 3.74579999999999984e+02 3.75590000000000032e+02 3.89942630777627059e-05 1.17521513275942818e-06
 3.75590000000000032e+02 3.76600000000000023e+02 3.92210414455630149e-05 1.11775541223070017e-06
 3.76600000000000023e+02 3.77610000000000014e+02 4.15565493302835385e-05 1.12747016722541526e-06
 3.77610000000000014e+02 3.78620000000000005e+02 3.88247031649867743e-05 1.55553272236632955e-06
 3.78620000000000005e+02 3.79629999999999995e+02 4.32024084715707332e-05 1.41360325420490071e-06
 3.79629999999999995e+02 3.80639999999999986e+02 4.20289724251974583e-05 1.05787196641233968e-06
 3.80639999999999986e+02 3.81649999999999977e+02 3.91363050985204286e-05 9.55708899879164086e-07
 3.81649999999999977e+02 3.82659999999999968e+02 3.98699075661583145e-05 9.05633128179994986e-07
 3.82659999999999968e+02 3.83670000000000016e+02 4.09758994448314198e-05 1.03914328253721521e-06
 3.83670000000000016e+02 3.84680000000000007e+02 3.93631974927535850e-05 1.03010962648697245e-06
 3.84680000000000007e+02 3.85689999999999998e+02 4.28443390973488994e-05 1.35727271423516475e-06
 3.85689999999999998e+02 3.86699999999999989e+02 4.08801442730504376e-05 8.60179858650304177e-07
 3.86699999999999989e+02 3.87709999999999980e+02 4.45894722953790173e-05 4.18603842607085820e-06
 3.87709999999999980e+02 3.88720000000000027e+02 4.33698480173092376e-05 1.15922374318048737e-06
 3.88720000000000027e+02 3.89730000000000018e+02 4.09245601639095507e-05 8.60998413727972574e-07
 3.89730000000000018e+02 3.90740000000000009e+02 4.18936794209912695e-05 9.47929054297136195e-07
 3.90740000000000009e+02 3.91750000000000000e+02 4.34683323062003431e-05 9.25338944921418091e-07
 3.91750000000000000e+02 3.92759999999999991e+02 4.33773852976341247e-05 8.89244695358535731e-07
 3.92759999999999991e+02 3.93769999999999982e+02 4.17743109929371624e-05 8.32645321772508079e-07
 3.93769999999999982e+02 3.94779999999999973e+02 4.47714150700428729e-05 1.18382145788473969e-06
 3.94779999999999973e+02 3.95790000000000020e+02 4.29231739730484059e-05 9.88952359627549193e-07
 3.95790000000000020e+02 3.96800000000000011e+02 4.21028132926749978e-05 8.60600469531159297e-07
 3.96800000000000011e+02 3.97810000000000002e+02 4.54005590794839538e-05 9.41099353682108497e-07
 3.97810000000000002e+02 3.98819999999999993e+02 4.38994485300204447e-05 8.57736667124898485e-07
 3.98819999999999993e+02 3.99829999999999984e+02 4.53048659326748339e-05 1.70486701813508182e-06
 3.99829999999999984e+02 4.00840000000000032e+02 4.51680566375112214e-05 9.40991319802484868e-07
 4.00840000000000032e+02 4.01850000000000023e+02 4.67341774957742600e-05 1.46014801932318756e-06
 4.01850000000000023e+02 4.02860000000000014e+02 4.42072608940372958e-05 8.80748946881474455e-07
 4.02860000000000014e+02 4.03870000000000005e+02 4.50883909066685995e-05 9.09990707613357767e-07
 4.03870000000000005e+02 4.04879999999999995e+02 4.76968785936635737e-05 1.15430109097731576e-06
 4.04879999999999995e+02 4.05889999999999986e+02 4.69806348359013166e-05 9.94978568417838573e-07
 4.05889999999999986e+02 4.06899999999999977e+02 4.81194634665935923e-05 8.94722912860328806e-07
 4.06899999999999977e+02 4.07909999999999968e+02 4.80030735573822118e-05 9.65084388239048572e-07
 4.07909999999999968e+02 4.08920000000000016e+02 4.70725551115323086e-05 9.10348714510721152e-07
 4.08920000000000016e+02 4.09930000000000007e+02 4.72245970926776630e-05 1.01196581658540193e-06
 4.09930000000000007e+02 4.10939999999999998e+02 4.70549360697214850e-05 9.13167046771393747e-07
 4.10939999999999998e+02 4.11949999999999989e+02 4.89546525284656950e-05 9.96597596383184237e-07
 4.11949999999999989e+02 4.12959999999999980e+02 4.73724387552870322e-05 9.07718364917043317e-07
 4.12959999999999980e+02 4.13970000000000027e+02 4.95500800879912636e-05 9.33554092518074744e-07
 4.13970000000000027e+02 4.14980000000000018e+02 4.96142560137178374e-05 1.05453523481264567e-06
 4.14980000000000018e+02 4.15990000000000009e+02 4.87059063576358980e-05 9.46644964230828462e-07
 4.15990000000000009e+02 4.17000000000000000e+02 4.93543328004242583e-05 1.28741905364269274e-06
 4.17000000000000000e+02 4.18009999999999991e+02 4.93409850510716276e-05 9.33720203671422974e-07
 4.18009999999999991e+02 4.19019999999999982e+02 4.81181808396431148e-05 8.70461911149444747e-07
 4.19019999999999982e+02 4.20029999999999973e+02 5.14132257641019633e-05 1.09859041552980155e-06
 4.20029999999999973e+02 4.21040000000000020e+02 5.12101960243653521e-05 1.02247380027064142e-06
 4.21040000000000020e+02 4.22050000000000011e+02 4.91563755486461310e-05 9.67549570008097509e-07
 4.22050000000000011e+02 4.23060000000000002e+02 5.07102151585959508e-05 9.78626239889568862e-07
 4.23060000000000002e+02 4.24069999999999993e+02 5.12114285030583347e-05 9.46340504782941370e-07
 4.24069999999999993e+02 4.25079999999999984e+02 5.36420755182501267e-05 1.04654646504924009e-06
 4.25079999999999984e+02 4.26090000000000032e+02 5.53181897013219469e-05 3.52838723809168501e-06
 4.26090000000000032e+02 4.27100000000000023e+02 5.16962597431702513e-05 9.36882820332380408e-07
 4.27100000000000023e+02 4.28110000000000014e+02 5.42993973606110456e-05 1.33055291304364569e-06
 4.28110000000000014e+02 4.29120000000000005e+02 5.32822243809312300e-05 1.23386131810100723e-06
 4.29120000000000005e+02 4.30129999999999995e+02 5.38949970963540669e-05 1.20926084296061377e-06
 4.30129999999999995e+02 4.31139999999999986e+02 5.33030454785160348e-05 9.19153670647240103e-07
 4.31139999999999986e+02 4.32149999999999977e+02 5.31539987234447492e-05 9.38404916845651044e-07
 4.32149999999999977e+02 4.33159999999999968e+02 5.36068073750126385e-05 8.98055597678511294e-07
 4.33159999999999968e+02 4.34170000000000016e+02 5.36580195990817504e-05 9.69575908077468426e-07
 4.34170000000000016e+02 4.35180000000000007e+02 5.40055283393211613e-05 1.00676003648528288e-06
 4.35180000000000007e+02 4.36189999999999998e+02 5.44422866020954479e-05 9.65187960522277591e-07
 4.36189999999999998e+02 4.37199999999999989e+02 5.47414860055576942e-05 9.55736890965606338e-07
 4.37199999999999989e+02 4.38209999999999980e+02 5.74132928400143233e-05 1.17369021022371256e-06
 4.38209999999999980e+02 4.39220000000000027e+02 5.56494162445265262e-05 1.36094034153913443e-06
 4.39220000000000027e+02 4.40230000000000018e+02 5.58240706802133363e-05 9.82770513049988933e-07
 4.40230000000000018e+02 4.41240000000000009e+02 5.53679534991735790e-05 1.09961422840697918e-06
 4.41240000000000009e+02 4.42250000000000000e+02 6.04560819609266238e-05 4.43160654721445793e-06
 4.42250000000000000e+02 4.43259999999999991e+02 5.68591314579552990e-05 1.03730122815877697e-06
 4.43259999999999991e+02 4.44269999999999982e+02 5.77870750727848493e-05 9.49846303906264196e-07
 4.44269999999999982e+02 4.45279999999999973e+02 5.93052770420418365e-05 1.23477943060163580e-06
 4.45279999999999973e+02 4.46289999999999964e+02 5.94094402731108019e-05 1.86773123093259611e-06
 4.46289999999999964e+02 4.47300000000000011e+02 5.79719949695768191e-05 9.25568920716653396e-07
 4.47300000000000011e+02 4.48310000000000002e+02 5.89279949540415867e-05 1.09079172598141636e-06
 4.48310000000000002e+02 4.49319999999999993e+02 6.18648628988181706e-05 1.21949886126897185e-06
 4.49319999999999993e+02 4.50330000000000041e+02 5.88241662771024566e-05 1.15904404901133844e-06
 4.50330000000000041e+02 4.51340000000000032e+02 5.92100985616657028e-05 9.97783831909770883e-07
 4.51340000000000032e+02 4.52350000000000023e+02 6.11421071816383528e-05 9.37161575734604204e-07
 4.52350000000000023e+02 4.53360000000000014e+02 6.01360600022971252e-05 9.93646037965802562e-07
 4.53360000000000014e+02 4.54370000000000005e+02 6.23178071035462210e-05 1.27792149517525982e-06
 4.54370000000000005e+02 4.55379999999999995e+02 6.22652120919829069e-05 1.06459958681002430e-06
 4.55379999999999995e+02 4.56389999999999986e+02 6.34572869577530908e-05 9.45819259092394983e-07
 4.56389999999999986e+02 4.57399999999999977e+02 6.23809820804029444e-05 9.47955112090018086e-07
 4.57399999999999977e+02 4.58409999999999968e+02 6.24341404895011824e-05 9.34808817944783449e-07
 4.58409999999999968e+02 4.59419999999999959e+02 6.42767026277693679e-05 1.42304408586760135e-06
 4.59419999999999959e+02 4.60430000000000007e+02 6.38508604523235621e-05 1.13306078855742059e-06
 4.60430000000000007e+02 4.61439999999999998e+02 6.47746854317618183e-05 1.12378446531673465e-06
 4.61439999999999998e+02 4.62449999999999989e+02 6.39692213323991285e-05 9.93150648973136027e-07
 4.62449999999999989e+02 4.63460000000000036e+02 6.60521479316427356e-05 1.44620867031517156e-06
 4.63460000000000036e+02 4.64470000000000027e+02 6.50648124061130301e-05 1.07373114218251578e-06
 4.64470000000000027e+02 4.65480000000000018e+02 6.65328264297386545e-05 1.21169391400744894e-06
 4.65480000000000018e+02 4.66490000000000009e+02 6.54640038672988240e-05 8.93166360438971041e-07
 4.66490000000000009e+02 4.67500000000000000e+02 6.48045900999223208e-05 1.02006420995456935e-06
 4.67500000000000000e+02 4.68509999999999991e+02 6.63407918480661400e-05 1.00849650297407262e-06
 4.68509999999999991e+02 4.69519999999999982e+02 6.82450369232232761e-05 1.13659288512538181e-06
 4.69519999999999982e+02 4.70529999999999973e+02 7.00181384547241730e-05 1.19075165988693135e-06
 4.70529999999999973e+02 4.71539999999999964e+02 6.81034124310832446e-05 9.33950410876812800e-07
 4.71539999999999964e+02 4.72550000000000011e+02 6.96716860085826807e-05 1.00052003957249871e-06
 4.72550000000000011e+02 4.73560000000000002e+02 7.14501470792283693e-05 1.35435463711410443e-06
 4.73560000000000002e+02 4.74569999999999993e+02 7.04076508629113964e-05 1.09530810259691119e-06
 4.74569999999999993e+02 4.75580000000000041e+02 6.92197839444488286e-05 1.29068261721832288e-06
 4.75580000000000041e+02 4.76590000000000032e+02 7.00821839393444255e-05 1.06442732266920276e-06
 4.76590000000000032e+02 4.77600000000000023e+02 7.13921456118002157e-05 9.75520786769424859e-07
 4.77600000000000023e+02 4.78610000000000014e+02 7.09985633393224425e-05 9.43635105190805212e-07
 4.78610000000000014e+02 4.79620000000000005e+02 7.17252292027176864e-05 9.71864240049190429e-07
 4.79620000000000005e+02 4.80629999999999995e+02 7.01783702311621659e-05 9.47437357936969331e-07
 4.80629999999999995e+02 4.81639999999999986e+02 7.72235266419022635e-05 1.86994569897135499e-06
 4.81639999999999986e+02 4.82649999999999977e+02 7.50104652084083372e-05 1.09809710490715195e-06
 4.82649999999999977e+02 4.83659999999999968e+02 7.43388929160930398e-05 1.07501214826924414e-06
 4.83659999999999968e+02 4.84669999999999959e+02 7.52231599893179445e-05 9.49049887877866169e-07
 4.84669999999999959e+02 4.85680000000000007e+02 7.68006245905508526e-05 1.00726556422643001e-06
 4.85680000000000007e+02 4.86689999999999998e+02 7.32944688376111289e-05 8.92622028034187738e-07
 4.86689999999999998e+02 4.87699999999999989e+02 7.64874457346891365e-05 9.50987607747945785e-07
 4.87699999999999989e+02 4.88710000000000036e+02 7.67907399886731901e-05 9.48253690118196065e-07
 4.88710000000000036e+02 4.89720000000000027e+02 7.91511198706114989e-05 9.23461775389947888e-07
 4.89720000000000027e+02 4.90730000000000018e+02 8.06164053817452097e-05 1.05451366802925975e-06
 4.90730000000000018e+02 4.91740000000000009e+02 8.13348720475309654e-05 1.84436960896522215e-06
 4.91740000000000009e+02 4.92750000000000000e+02 8.26576150895281983e-05 1.30864202275234020e-06
 4.92750000000000000e+02 4.93759999999999991e+02 8.06319664336570675e-05 1.10010282513261131e-06
 4.93759999999999991e+02 4.94769999999999982e+02 9.18755252945124747e-05 1.03082552750737830e-05
 4.94769999999999982e+02 4.95779999999999973e+02 8.36830452373427803e-05 1.03515701824403400e-06
 4.95779999999999973e+02 4.96789999999999964e+02 8.24932915240421410e-05 1.01286287118767028e-06
 4.96789999999999964e+02 4.97800000000000011e+02 8.20884753173802944e-05 1.01360294546655921e-06
 4.97800000000000011e+02 4.98810000000000002e+02 8.36235761781398899e-05 1.06090804580987037e-06
 4.98810000000000002e+02 4.99819999999999993e+02 8.39134003376645297e-05 1.05113690016661287e-06
 4.99819999999999993e+02 5.00830000000000041e+02 8.61178792841854629e-05 1.43205918983872641e-06
 5.00830000000000041e+02 5.01840000000000032e+02 8.63254469130338538e-05 1.00650491108396187e-06
 5.01840000000000032e+02 5.02850000000000023e+02 8.64204592975060366e-05 1.22799076170572750e-06
 5.02850000000000023e+02 5.03860000000000014e+02 8.79745694647386379e-05 1.17497805110184796e-06
 5.03860000000000014e+02 5.04870000000000005e+02 8.71502239999007991e-05 8.93930598813185680e-07
 5.04870000000000005e+02 5.05879999999999995e+02 8.80763539496096001e-05 1.04425183181484884e-06
 5.05879999999999995e+02 5.06889999999999986e+02 8.97623003123940242e-05 1.05673848913945989e-06
 5.06889999999999986e+02 5.07899999999999977e+02 9.05812800399541086e-05 1.11430593439295510e-06
 5.07899999999999977e+02 5.08909999999999968e+02 8.96158886449930964e-05 9.51244762294608173e-07
 5.08909999999999968e+02 5.09919999999999959e+02 9.33598532741887444e-05 1.04837833854503582e-06
 5.09919999999999959e+02 5.10930000000000007e+02 9.33928267386418501e-05 1.13336386057769680e-06
 5.10930000000000007e+02 5.11939999999999998e+02 9.73813324271187723e-05 3.04083350060203771e-06
 5.11939999999999998e+02 5.12950000000000045e+02 9.31333200254940379e-05 9.46303665414668371e-07
 5.12950000000000045e+02 5.13960000000000036e+02 9.53512102378274479e-05 1.00806533727292066e-06
 5.13960000000000036e+02 5.14970000000000027e+02 9.57191032773012851e-05 1.31489581377698529e-06
 5.14970000000000027e+02 5.15980000000000018e+02 9.85762749175261892e-05 1.34818509454511080e-06
 5.15980000000000018e+02 5.16990000000000009e+02 9.98696749877036450e-05 1.58597455528600116e-06
 5.16990000000000009e+02 5.18000000000000000e+02 9.87243491883133543e-05 1.33984539910709960e-06
 5.18000000000000000e+02 5.19009999999999991e+02 1.00191757691251378e-04 1.15609714666404996e-06
 5.19009999999999991e+02 5.20019999999999982e+02 1.01685263597343971e-04 1.66569728112569691e-06
 5.20019999999999982e+02 5.21029999999999973e+02 1.01589822862439461e-04 1.16106771353115474e-06
 5.21029999999999973e+02 5.22039999999999964e+02 9.98325715169504259e-05 1.02086210624019569e-06
 5.22039999999999964e+02 5.23049999999999955e+02 1.02953579670854369e-04 1.24397515136479299e-06
 5.23049999999999955e+02 5.24059999999999945e+02 1.05821917723204669e-04 1.10049154796511953e-06
 5.24059999999999945e+02 5.25069999999999936e+02 1.05370974981754107e-04 1.20915074681739469e-06
 5.25069999999999936e+02 5.26080000000000041e+02 1.03627261255446370e-04 1.11786265006601411e-06
 5.26080000000000041e+02 5.27090000000000032e+02 1.04515266311086869e-04 9.73150510500976471e-07
 5.27090000000000032e+02 5.28100000000000023e+02 1.07050242256072272e-04 1.09487907417751184e-06
 5.28100000000000023e+02 5.29110000000000014e+02 1.07337984028528833e-04 1.10892030537314041e-06
 5.29110000000000014e+02 5.30120000000000005e+02 1.09666427947377273e-04 1.07187784627551563e-06
 5.30120000000000005e+02 5.31129999999999995e+02 1.09579661528985659e-04 1.03461033224558006e-06
 5.31129999999999995e+02 5.32139999999999986e+02 1.10407210883049496e-04 1.12051458764318725e-06
 5.32139999999999986e+02 5.33149999999999977e+02 1.13642486000762008e-04 1.23673857199658275e-06
 5.33149999999999977e+02 5.34159999999999968e+02 1.15679576697647930e-04 1.63256758401281496e-06
 5.34159999999999968e+02 5.35169999999999959e+02 1.14452764520422672e-04 1.22146360861904619e-06
 5.35169999999999959e+02 5.36180000000000064e+02 1.20628699100318567e-04 3.86565716572812693e-06
 5.36180000000000064e+02 5.37190000000000055e+02 1.17022243018929448e-04 1.30524317448900136e-06
 5.37190000000000055e+02 5.38200000000000045e+02 1.16919389568937259e-04 1.16560928909463691e-06
 5.38200000000000045e+02 5.39210000000000036e+02 1.20165917807511834e-04 1.34512976531190498e-06
 5.39210000000000036e+02 5.40220000000000027e+02 1.20370304378957831e-04 1.51459208277918851e-06
 5.40220000000000027e+02 5.41230000000000018e+02 1.21526303504971008e-04 1.19960385682835326e-06
 5.41230000000000018e+02 5.42240000000000009e+02 1.21167038542752378e-04 1.05797517961776308e-06
 5.42240000000000009e+02 5.43250000000000000e+02 1.23575176575640863e-04 1.11991158328942083e-06
 5.43250000000000000e+02 5.44259999999999991e+02 1.24710283495352400e-04 1.13962215567816832e-06
 5.44259999999999991e+02 5.45269999999999982e+02 1.24668391666490479e-04 1.12263027861605086e-06
 5.45269999999999982e+02 5.46279999999999973e+02 1.27075818221247144e-04 1.34937957704533498e-06
 5.46279999999999973e+02 5.47289999999999964e+02 1.26133564855132943e-04 1.06027069896047739e-06
 5.47289999999999964e+02 5.48299999999999955e+02 1.30529858480681315e-04 1.19487928557942190e-06
 5.48299999999999955e+02 5.49309999999999945e+02 1.30442198993810751e-04 1.09899794892804080e-06
 5.49309999999999945e+02 5.50319999999999936e+02 1.34052754256612608e-04 1.93564654091233241e-06
 5.50319999999999936e+02 5.51330000000000041e+02 1.31753785524284695e-04 1.36261624408798167e-06
 5.51330000000000041e+02 5.52340000000000032e+02 1.33580327722396724e-04 1.16923439908202955e-06
 5.52340000000000032e+02 5.53350000000000023e+02 1.32995096880107950e-04 1.21982038809680211e-06
 5.53350000000000023e+02 5.54360000000000014e+02 1.32301091423837989e-04 1.07638514808874099e-06
 5.54360000000000014e+02 5.55370000000000005e+02 1.38575768217192924e-04 1.19961462314780589e-06
 5.55370000000000005e+02 5.56379999999999995e+02 1.39919184477533198e-04 1.65218146163585262e-06
 5.56379999999999995e+02 5.57389999999999986e+02 1.39922319457021986e-04 1.20906203971257836e-06
 5.57389999999999986e+02 5.58399999999999977e+02 1.39545108766171017e-04 1.19740477564529238e-06
 5.58399999999999977e+02 5.59409999999999968e+02 1.44345250020660792e-04 1.48079778119880305e-06
 5.59409999999999968e+02 5.60419999999999959e+02 1.42839040902651646e-04 1.16313260127201100e-06
 5.60419999999999959e+02 5.61430000000000064e+02 1.45686887734733340e-04 1.60999402557271081e-06
 5.61430000000000064e+02 5.62440000000000055e+02 1.45375073474671574e-04 1.30367643819417085e-06
 5.62440000000000055e+02 5.63450000000000045e+02 1.49366364461562580e-04 1.30762886293510390e-06
 5.63450000000000045e+02 5.64460000000000036e+02 1.52056890632454745e-04 1.36461885137381355e-06
 5.64460000000000036e+02 5.65470000000000027e+02 1.51897016976347993e-04 1.50919705165984596e-06
 5.65470000000000027e+02 5.66480000000000018e+02 1.51681323388495399e-04 1.20827003884843382e-06
 5.66480000000000018e+02 5.67490000000000009e+02 1.54726703086053294e-04 1.56829872329868521e-06
 5.67490000000000009e+02 5.68500000000000000e+02 1.54974127898357294e-04 2.21501287921077588e-06
 5.68500000000000000e+02 5.69509999999999991e+02 1.55879976160028396e-04 1.12536349383081044e-06
 5.69509999999999991e+02 5.70519999999999982e+02 1.55949569708393912e-04 1.20081470447454744e-06
 5.70519999999999982e+02 5.71529999999999973e+02 1.59161357869535712e-04 1.37791074617489662e-06
 5.71529999999999973e+02 5.72539999999999964e+02 1.59829515086762797e-04 1.15166057783895369e-06
 5.72539999999999964e+02 5.73549999999999955e+02 1.61096439137879466e-04 1.29509082532705950e-06
 5.73549999999999955e+02 5.74559999999999945e+02 1.62381613000549236e-04 1.17876970590423113e-06
 5.74559999999999945e+02 5.75569999999999936e+02 1.64874955857551226e-04 1.13444240702475060e-06
 5.75569999999999936e+02 5.76579999999999927e+02 1.67003725032849229e-04 1.32592106385457064e-06
 5.76579999999999927e+02 5.77589999999999918e+02 1.66813822481499442e-04 1.41018348439548104e-06
 5.77589999999999918e+02 5.78600000000000023e+02 1.70208052340852742e-04 1.24940894487579321e-06
 5.78600000000000023e+02 5.79610000000000014e+02 1.71621157553447558e-04 1.74102662056935198e-06
 5.79610000000000014e+02 5.80620000000000005e+02 1.71386716337196526e-04 1.24412069490682773e-06
 5.80620000000000005e+02 5.81629999999999995e+02 1.77757235361305572e-04 1.48185402723756367e-06
 5.81629999999999995e+02 5.82639999999999986e+02 1.75282989824823498e-04 1.37184301921078248e-06
 5.82639999999999986e+02 5.83649999999999977e+02 1.79085264664796153e-04 1.35852073878283340e-06
 5.83649999999999977e+02 5.84660000000000082e+02 1.81173491402974730e-04 1.49193801073148631e-06
 5.84660000000000082e+02 5.85670000000000073e+02 1.82296474247012515e-04 1.55287317134656752e-06
 5.85670000000000073e+02 5.86680000000000064e+02 1.85437746205877627e-04 1.52270839922025114e-06
 5.86680000000000064e+02 5.87690000000000055e+02 1.84317393432197063e-04 1.23291270678477435e-06
 5.87690000000000055e+02 5.88700000000000045e+02 1.85899702068429248e-04 1.43826753498919284e-06
 5.88700000000000045e+02 5.89710000000000036e+02 1.89229274187820872e-04 1.48968755267393060e-06
 5.89710000000000036e+02 5.90720000000000027e+02 1.91289964306465710e-04 1.30028491834210622e-06
 5.90720000000000027e+02 5.91730000000000018e+02 1.91368898443466815e-04 1.55566433235854946e-06
 5.91730000000000018e+02 5.92740000000000009e+02 1.93273729270113716e-04 1.36742858583061921e-06
 5.92740000000000009e+02 5.93750000000000000e+02 1.97776973921015515e-04 1.47817813989997959e-06
 5.93750000000000000e+02 5.94759999999999991e+02 1.96995031780993412e-04 1.42216174971041857e-06
 5.94759999999999991e+02 5.95769999999999982e+02 2.00724968752539286e-04 1.99854282911922904e-06
 5.95769999999999982e+02 5.96779999999999973e+02 2.00117587851752257e-04 1.41732043341268469e-06
 5.96779999999999973e+02 5.97789999999999964e+02 2.05054536245687021e-04 1.75721402729527997e-06
 5.97789999999999964e+02 5.98799999999999955e+02 2.05850823777603466e-04 1.51564079116077003e-06
 5.98799999999999955e+02 5.99809999999999945e+02 2.05882626264343856e-04 1.22038658140991749e-06
 5.99809999999999945e+02 6.00819999999999936e+02 2.06027746468698470e-04 1.27793279905764922e-06
 6.00819999999999936e+02 6.01829999999999927e+02 2.10259202127727988e-04 1.26247011782010609e-06
 6.01829999999999927e+02 6.02839999999999918e+02 2.16172730308589932e-04 2.33461617421376451e-06
 6.02839999999999918e+02 6.03850000000000023e+02 2.14467179295153924e-04 1.41353806554321177e-06
 6.03850000000000023e+02 6.04860000000000014e+02 2.19662920991472565e-04 3.42456277835834838e-06
 6.04860000000000014e+02 6.05870000000000005e+02 2.21180067853724911e-04 1.63455031263614689e-06
 6.05870000000000005e+02 6.06879999999999995e+02 2.22352281110985741e-04 1.45696277642627320e-06
 6.06879999999999995e+02 6.07889999999999986e+02 2.29240316413097811e-04 4.55614810668228176e-06
 6.07889999999999986e+02 6.08899999999999977e+02 2.24665960511568886e-04 1.33517718743327036e-06
 6.08899999999999977e+02 6.09910000000000082e+02 2.30654252734901940e-04 1.61880783854941894e-06
 6.09910000000000082e+02 6.10920000000000073e+02 2.31607376346039097e-04 1.33725002789437212e-06
 6.10920000000000073e+02 6.11930000000000064e+02 2.33378370625648973e-04 1.40953420620280214e-06
 6.11930000000000064e+02 6.12940000000000055e+02 2.36423783168491223e-04 1.36644795881510601e-06
 6.12940000000000055e+02 6.13950000000000045e+02 2.36312985387481162e-04 1.37694997477091827e-06
 6.13950000000000045e+02 6.14960000000000036e+02 2.40580163680313556e-04 1.52216071388250575e-06
 6.14960000000000036e+02 6.15970000000000027e+02 2.45655011556423141e-04 1.33771377292811846e-06
 6.15970000000000027e+02 6.16980000000000018e+02 2.49118820296057475e-04 1.54407667503801902e-06
 6.16980000000000018e+02 6.17990000000000009e+02 2.46554275590564324e-04 1.39491296149709175e-06
 6.17990000000000009e+02 6.19000000000000000e+02 2.49381364735514757e-04 1.39008435413141233e-06
 6.19000000000000000e+02 6.20009999999999991e+02 2.53370631495711458e-04 1.44038300726660244e-06
 6.20009999999999991e+02 6.21019999999999982e+02 2.56092222133298979e-04 1.36583738433977371e-06
 6.21019999999999982e+02 6.22029999999999973e+02 2.57498362196546891e-04 1.38364711383903049e-06
 6.22029999999999973e+02 6.23039999999999964e+02 2.61954652259507967e-04 1.56489440037409851e-06
 6.23039999999999964e+02 6.24049999999999955e+02 2.59836878419541964e-04 1.36595949703591680e-06
 6.24049999999999955e+02 6.25059999999999945e+02 2.64526062686525683e-04 1.45433684492417777e-06
 6.25059999999999945e+02 6.26069999999999936e+02 2.69630595765831666e-04 2.61620351556868371e-06
 6.26069999999999936e+02 6.27079999999999927e+02 2.74047392741272094e-04 2.24725925877810593e-06
 6.27079999999999927e+02 6.28089999999999918e+02 2.74487088666324896e-04 1.63543639728453514e-06
 6.28089999999999918e+02 6.29100000000000023e+02 2.75623065180374133e-04 1.49640936453088834e-06
 6.29100000000000023e+02 6.30110000000000014e+02 2.77679683965460897e-04 1.63795295404622878e-06
 6.30110000000000014e+02 6.31120000000000005e+02 2.80437889094846491e-04 2.06894348978171982e-06
 6.31120000000000005e+02 6.32129999999999995e+02 2.82401386900532007e-04 1.94670112850525155e-06
 6.32129999999999995e+02 6.33139999999999986e+02 2.83517759369285283e-04 1.59008429135532557e-06
 6.33139999999999986e+02 6.34149999999999977e+02 2.83768249972954009e-04 1.46957842768965726e-06
 6.34149999999999977e+02 6.35160000000000082e+02 2.88675769535878606e-04 1.52694813997510324e-06
 6.35160000000000082e+02 6.36170000000000073e+02 2.90893436096291262e-04 1.53403379197803752e-06
 6.36170000000000073e+02 6.37180000000000064e+02 2.94050649887514753e-04 1.33441461214832346e-06
 6.37180000000000064e+02 6.38190000000000055e+02 2.99497204899646535e-04 1.82746640914475739e-06
 6.38190000000000055e+02 6.39200000000000045e+02 2.97996925081996816e-04 1.90257135290383122e-06
 6.39200000000000045e+02 6.40210000000000036e+02 2.98129127406406176e-04 1.43866277062298949e-06
 6.40210000000000036e+02 6.41220000000000027e+02 3.01590220782871658e-04 1.64700525726334845e-06
 6.41220000000000027e+02 6.42230000000000018e+02 3.04807007416561977e-04 1.49006018038209985e-06
 6.42230000000000018e+02 6.43240000000000009e+02 3.05233845084862084e-04 1.39554036573312503e-06
 6.43240000000000009e+02 6.44250000000000000e+02 3.09982051529019266e-04 2.26551006596257474e-06
 6.44250000000000000e+02 6.45259999999999991e+02 3.13321973698756746e-04 1.54992059530830881e-06
 6.45259999999999991e+02 6.46269999999999982e+02 3.12530740402500856e-04 1.51914555107573867e-06
 6.46269999999999982e+02 6.47279999999999973e+02 3.20687296225335278e-04 3.14221304075309365e-06
 6.47279999999999973e+02 6.48289999999999964e+02 3.16640315490054848e-04 1.92989273682072861e-06
 6.48289999999999964e+02 6.49299999999999955e+02 3.21223945817585531e-04 1.74137836560373262e-06
 6.49299999999999955e+02 6.50309999999999945e+02 3.20965372923722651e-04 1.53940339358596274e-06
 6.50309999999999945e+02 6.51319999999999936e+02 3.25054484090641835e-04 1.73615554446789580e-06
 6.51319999999999936e+02 6.52329999999999927e+02 3.28463881806896683e-04 1.66824533420096628e-06
 6.52329999999999927e+02 6.53339999999999918e+02 3.26778605862665383e-04 1.44623919473505911e-06
 6.53339999999999918e+02 6.54350000000000023e+02 3.30030852664656366e-04 1.88770061401096616e-06
 6.54350000000000023e+02 6.55360000000000014e+02 3.30261393028238794e-04 1.60855513658515877e-06
 6.55360000000000014e+02 6.56370000000000005e+02 3.31873879618417545e-04 1.79269003828805587e-06
 6.56370000000000005e+02 6.57379999999999995e+02 3.36340415051055071e-04 1.71474425206248380e-06
 6.57379999999999995e+02 6.58389999999999986e+02 3.37283028504213058e-04 1.55689088744975581e-06
 6.58389999999999986e+02 6.59399999999999977e+02 3.40196579805183486e-04 1.92110854273170050e-06
 6.59399999999999977e+02 6.60410000000000082e+02 3.41658861970397620e-04 2.03483729365875240e-06
 6.60410000000000082e+02 6.61420000000000073e+02 3.41638710350622139e-04 1.64796240613010314e-06
 6.61420000000000073e+02 6.62430000000000064e+02 3.46806783078535568e-04 1.50312097768815373e-06
 6.62430000000000064e+02 6.63440000000000055e+02 3.46913930435245523e-04 2.51183131210475840e-06
 6.63440000000000055e+02 6.64450000000000045e+02 3.49484943417234745e-04 1.56753623176115932e-06
 6.64450000000000045e+02 6.65460000000000036e+02 3.50950478089289829e-04 1.65278869383109119e-06
 6.65460000000000036e+02 6.66470000000000027e+02 3.49104562072921284e-04 1.52708057998451563e-06
 6.66470000000000027e+02 6.67480000000000018e+02 3.54370892823324560e-04 1.65793924852804935e-06
 6.67480000000000018e+02 6.68490000000000009e+02 3.58834880695803381e-04 1.68240503848597503e-06
 6.68490000000000009e+02 6.69500000000000000e+02 3.58970176627022646e-04 1.73689280628547488e-06
 6.69500000000000000e+02 6.70509999999999991e+02 3.62031062128470354e-04 1.66601313968274660e-06
 6.70509999999999991e+02 6.71519999999999982e+02 3.64457318621068274e-04 1.84656858076451985e-06
 6.71519999999999982e+02 6.72529999999999973e+02 3.64802153986482482e-04 1.69296166536010260e-06
 6.72529999999999973e+02 6.73539999999999964e+02 3.65201488821631883e-04 1.58446272773921564e-06
 6.73539999999999964e+02 6.74549999999999955e+02 3.70296830224052314e-04 2.33006655648801396e-06
 6.74549999999999955e+02 6.75559999999999945e+02 3.69043490213801786e-04 1.74562776512758697e-06
 6.75559999999999945e+02 6.76569999999999936e+02 3.74125763796772357e-04 1.71406108114110149e-06
 6.76569999999999936e+02 6.77579999999999927e+02 3.78861426442901530e-04 2.65196788284226917e-06
 6.77579999999999927e+02 6.78589999999999918e+02 3.72938035566965835e-04 1.50431590845362981e-06
 6.78589999999999918e+02 6.79600000000000023e+02 3.76543517495281290e-04 1.57207315636095735e-06
 6.79600000000000023e+02 6.80610000000000014e+02 3.83784034543174877e-04 2.22436358722298649e-06
 6.80610000000000014e+02 6.81620000000000005e+02 3.83379757252338299e-04 1.49049990499239421e-06
 6.81620000000000005e+02 6.82629999999999995e+02 3.83815227756123772e-04 1.51667042772187833e-06
 6.82629999999999995e+02 6.83639999999999986e+02 3.86647682682468769e-04 1.57926038013244982e-06
 6.83639999999999986e+02 6.84649999999999977e+02 3.89319043918826696e-04 1.74885410298564062e-06
 6.84649999999999977e+02 6.85660000000000082e+02 3.93804201562679348e-04 1.66820468850421355e-06
 6.85660000000000082e+02 6.86670000000000073e+02 3.93124079232835745e-04 2.09932458026058352e-06
 6.86670000000000073e+02 6.87680000000000064e+02 3.95727693894613332e-04 1.69569806214024100e-06
 6.87680000000000064e+02 6.88690000000000055e+02 3.99553748060371759e-04 1.83126302211868208e-06
 6.88690000000000055e+02 6.89700000000000045e+02 4.00266091733557795e-04 1.70628899639650562e-06
 6.89700000000000045e+02 6.90710000000000036e+02 4.04268523482209131e-04 1.78918590744378870e-06
 6.90710000000000036e+02 6.91720000000000027e+02 4.06513039044120803e-04 2.08935798319108174e-06
 6.91720000000000027e+02 6.92730000000000018e+02 4.06081800276146272e-04 1.62246060033354097e-06
 6.92730000000000018e+02 6.93740000000000009e+02 4.10320278785926678e-04 1.54950356018410848e-06
 6.93740000000000009e+02 6.94750000000000000e+02 4.13928580863094642e-04 1.90731755165491737e-06
 6.94750000000000000e+02 6.95759999999999991e+02 4.15874215559020879e-04 2.65059738618301303e-06
 6.95759999999999991e+02 6.96769999999999982e+02 4.16079027941723776e-04 1.71105213363234897e-06
 6.96769999999999982e+02 6.97779999999999973e+02 4.21840777633240719e-04 2.24963670203618183e-06
 6.97779999999999973e+02 6.98789999999999964e+02 4.23700669305242359e-04 2.17853512904076540e-06
 6.98789999999999964e+02 6.99799999999999955e+02 4.26657784360591008e-04 2.24148234810657916e-06
 6.99799999999999955e+02 7.00809999999999945e+02 4.25584394139790314e-04 1.68557513287501913e-06
 7.00809999999999945e+02 7.01819999999999936e+02 4.31471323725438549e-04 1.66258353031817368e-06
 7.01819999999999936e+02 7.02829999999999927e+02 4.30575200982734731e-04 1.87170253318064438e-06
 7.02829999999999927e+02 7.03839999999999918e+02 4.39788584276486335e-04 2.68650024789763149e-06
 7.03839999999999918e+02 7.04850000000000023e+02 4.37226536966110659e-04 1.66725445954700052e-06
 7.04850000000000023e+02 7.05860000000000014e+02 4.38708114920430758e-04 1.92993307149568637e-06
 7.05860000000000014e+02 7.06870000000000005e+02 4.40256954357269733e-04 1.79852918915336370e-06
 7.06870000000000005e+02 7.07879999999999995e+02 4.45099169651490571e-04 1.94510523448176730e-06
 7.07879999999999995e+02 7.08889999999999986e+02 4.44769619441795733e-04 1.75475910637336133e-06
 7.08889999999999986e+02 7.09899999999999977e+02 4.46186349300456994e-04 1.65402813860619815e-06
 7.09899999999999977e+02 7.10910000000000082e+02 4.51511442908589667e-04 2.17356056950791594e-06
 7.10910000000000082e+02 7.11920000000000073e+02 4.53924765081025524e-04 1.67641211412124478e-06
 7.11920000000000073e+02 7.12930000000000064e+02 4.57079373482719787e-04 1.73713407050160379e-06
 7.12930000000000064e+02 7.13940000000000055e+02 4.58737152766225420e-04 1.65966567253995339e-06
 7.13940000000000055e+02 7.14950000000000045e+02 4.63919931429269841e-04 1.99977803715464593e-06
 7.14950000000000045e+02 7.15960000000000036e+02 4.64096648817095912e-04 1.87399214427293059e-06
 7.15960000000000036e+02 7.16970000000000027e+02 4.65867592161959730e-04 1.66791227692179865e-06
 7.16970000000000027e+02 7.17980000000000018e+02 4.68542582376559426e-04 1.64558445536878376e-06
 7.17980000000000018e+02 7.18990000000000009e+02 4.70564687978723879e-04 1.77478304778018548e-06
 7.18990000000000009e+02 7.20000000000000000e+02 4.77098731637109043e-04 4.14703288311142064e-06
 7.20000000000000000e+02 7.21009999999999991e+02 4.78958188532715675e-04 2.11372341680153458e-06
 7.21009999999999991e+02 7.22019999999999982e+02 4.78782352422240938e-04 1.79401632186291197e-06
 7.22019999999999982e+02 7.23029999999999973e+02 4.84434204048157389e-04 2.13147396687466491e-06
 7.23029999999999973e+02 7.24039999999999964e+02 4.86866392075890983e-04 1.85376785650909498e-06
 7.24039999999999964e+02 7.25049999999999955e+02 4.87092461456050730e-04 1.70826754458143859e-06
 7.25049999999999955e+02 7.26059999999999945e+02 4.91482694927453264e-04 2.03502464250795192e-06
 7.26059999999999945e+02 7.27069999999999936e+02 4.96249148267987445e-04 2.15123969568806386e-06
 7.27069999999999936e+02 7.28079999999999927e+02 4.97083953260102850e-04 1.85854772623271276e-06
 7.28079999999999927e+02 7.29089999999999918e+02 5.03353283380203746e-04 1.93052685469314970e-06
 7.29089999999999918e+02 7.30100000000000023e+02 5.05997875393576746e-04 1.92840574685357746e-06
 7.30100000000000023e+02 7.31110000000000014e+02 5.05262686578124244e-04 1.82664090738229843e-06
 7.31110000000000014e+02 7.32120000000000005e+02 5.08865112092854476e-04 1.70102079322308438e-06
 7.32120000000000005e+02 7.33129999999999995e+02 5.12041499887046117e-04 1.82031692480079357e-06
 7.33129999999999995e+02 7.34139999999999986e+02 5.19154185770697406e-04 4.34701576578918522e-06
 7.34139999999999986e+02 7.35149999999999977e+02 5.18322588605785520e-04 3.42146340148737883e-06
 7.35149999999999977e+02 7.36160000000000082e+02 5.19239866916182836e-04 1.86205677249037218e-06
 7.36160000000000082e+02 7.37170000000000073e+02 5.25453545435956219e-04 2.13506195155970777e-06
 7.37170000000000073e+02 7.38180000000000064e+02 5.25542536083710779e-04 1.88211948583119852e-06
 7.38180000000000064e+02 7.39190000000000055e+02 5.31631087162894489e-04 2.32755658777755986e-06
 7.39190000000000055e+02 7.40200000000000045e+02 5.30586527878878079e-04 1.82473424745087448e-06
 7.40200000000000045e+02 7.41210000000000036e+02 5.36260048944986836e-04 1.95319370646409108e-06
 7.41210000000000036e+02 7.42220000000000027e+02 5.38864965846963181e-04 1.82930983062033186e-06
 7.42220000000000027e+02 7.43230000000000018e+02 5.50690778642237331e-04 3.67928980559222875e-06
 7.43230000000000018e+02 7.44240000000000009e+02 5.65764791713477396e-04 2.04180841760908718e-05
 7.44240000000000009e+02 7.45250000000000000e+02 5.50510119568561039e-04 1.89910481259759174e-06
 7.45250000000000000e+02 7.46259999999999991e+02 5.53546403699221108e-04 1.98959020947512654e-06
 7.46259999999999991e+02 7.47269999999999982e+02 5.53686075462563672e-04 1.84155251689158941e-06
 7.47269999999999982e+02 7.48279999999999973e+02 5.63933935606951366e-04 2.08916583769668619e-06
 7.48279999999999973e+02 7.49289999999999964e+02 5.66656347466418828e-04 2.16452064488138534e-06
 7.49289999999999964e+02 7.50299999999999955e+02 5.63823336031602038e-04 1.86663004485051212e-06
 7.50299999999999955e+02 7.51309999999999945e+02 5.71995478482920441e-04 1.93384173397651728e-06
 7.51309999999999945e+02 7.52319999999999936e+02 5.73925847219706911e-04 2.06665131519990629e-06
 7.52319999999999936e+02 7.53329999999999927e+02 5.78789632389072658e-04 2.82959483284446885e-06
 7.53329999999999927e+02 7.54339999999999918e+02 5.79174918812140204e-04 1.86502463754220955e-06
 7.54339999999999918e+02 7.55350000000000023e+02 5.85278546276683342e-04 2.14598955672298634e-06
 7.55350000000000023e+02 7.56360000000000014e+02 5.88186682211892320e-04 2.03927834447905506e-06
 7.56360000000000014e+02 7.57370000000000005e+02 5.94467503462135696e-04 2.45936429546651513e-06
 7.57370000000000005e+02 7.58379999999999995e+02 5.98222208886081425e-04 2.33442289245904874e-06
 7.58379999999999995e+02 7.59389999999999986e+02 5.99699567152914455e-04 1.89787945214602453e-06
 7.59389999999999986e+02 7.60399999999999977e+02 5.99924122790923206e-04 2.81781961231192913e-06
 7.60399999999999977e+02 7.61410000000000082e+02 6.02565282654312392e-04 1.94176839252961613e-06
 7.61410000000000082e+02 7.62420000000000073e+02 6.10025122664532328e-04 2.09130475852800338e-06
 7.62420000000000073e+02 7.63430000000000064e+02 6.16239639817260892e-04 3.44686888482356609e-06
 7.63430000000000064e+02 7.64440000000000055e+02 6.18660436913781781e-04 3.38028304688835140e-06
 7.64440000000000055e+02 7.65450000000000045e+02 6.19495661923158717e-04 2.40934988024566968e-06
 7.65450000000000045e+02 7.66460000000000036e+02 6.23047068237151227e-04 2.03651177085987315e-06
 7.66460000000000036e+02 7.67470000000000027e+02 6.26508892860418100e-04 2.65123134820390997e-06
 7.67470000000000027e+02 7.68480000000000018e+02 6.32553567075081987e-04 2.04089484502872845e-06
 7.68480000000000018e+02 7.69490000000000009e+02 6.33455668094456059e-04 1.89048974320560613e-06
 7.69490000000000009e+02 7.70500000000000000e+02 6.41604418227647764e-04 2.05091711650288427e-06
 7.70500000000000000e+02 7.71509999999999991e+02 6.43115825235676111e-04 2.19228191763593974e-06
 7.71509999999999991e+02 7.72519999999999982e+02 6.46931445644458730e-04 2.15502708046743311e-06
 7.72519999999999982e+02 7.73529999999999973e+02 6.54701368734996250e-04 2.15937301474778585e-06
 7.73529999999999973e+02 7.74539999999999964e+02 6.59736934059144227e-04 2.43422122055869385e-06
 7.74539999999999964e+02 7.75549999999999955e+02 6.61474647446801470e-04 2.18596589930297054e-06
 7.75549999999999955e+02 7.76559999999999945e+02 6.66882540620150578e-04 2.27863905741438948e-06
 7.76559999999999945e+02 7.77569999999999936e+02 6.74356949284854261e-04 3.68923980447951482e-06
 7.77569999999999936e+02 7.78579999999999927e+02 6.75453794975299361e-04 2.48007519333211303e-06
 7.78579999999999927e+02 7.79589999999999918e+02 6.78243468558084291e-04 2.01712274975695477e-06
 7.79589999999999918e+02 7.80600000000000023e+02 6.82854312212821234e-04 2.41119117048057414e-06
 7.80600000000000023e+02 7.81610000000000014e+02 6.87861147736340095e-04 2.22241980076459963e-06
 7.81610000000000014e+02 7.82620000000000005e+02 6.85893992093746701e-04 2.10424376750182907e-06
 7.82620000000000005e+02 7.83629999999999995e+02 6.98479516656100611e-04 2.21742058988179579e-06
 7.83629999999999995e+02 7.84639999999999986e+02 6.98342774501142490e-04 2.17820508885380793e-06
 7.84639999999999986e+02 7.85649999999999977e+02 6.98341678657037035e-04 2.15838735288739811e-06
 7.85649999999999977e+02 7.86660000000000082e+02 7.06192968107043225e-04 2.70016734807439123e-06
 7.86660000000000082e+02 7.87670000000000073e+02 7.15896457730022225e-04 2.76117505775802415e-06
 7.87670000000000073e+02 7.88680000000000064e+02 7.19391359164826675e-04 2.33918058193669705e-06
 7.88680000000000064e+02 7.89690000000000055e+02 7.25545400745912657e-04 2.76521855135241258e-06
 7.89690000000000055e+02 7.90700000000000045e+02 7.31514406609198734e-04 3.02376752888491958e-06
 7.90700000000000045e+02 7.91710000000000036e+02 7.28849867228707413e-04 2.41980696710681517e-06
 7.91710000000000036e+02 7.92720000000000027e+02 7.35191497515568296e-04 2.29242611575674965e-06
 7.92720000000000027e+02 7.93730000000000018e+02 7.47538865546529155e-04 6.62208844048521105e-06
 7.93730000000000018e+02 7.94740000000000009e+02 7.46146683636516694e-04 2.32347313277897704e-06
 7.94740000000000009e+02 7.95750000000000000e+02 7.54759979642949906e-04 4.80478713633147116e-06
 7.95750000000000000e+02 7.96759999999999991e+02 7.51955936416327515e-04 2.47319105342861046e-06
 7.96759999999999991e+02 7.97769999999999982e+02 7.61230399451246495e-04 2.63850126390976066e-06
 7.97769999999999982e+02 7.98779999999999973e+02 7.64781429862538653e-04 2.32468592209498492e-06
 7.98779999999999973e+02 7.99789999999999964e+02 7.73170703371720567e-04 3.24876278150602776e-06
 7.99789999999999964e+02 8.00799999999999955e+02 7.77049874746480254e-04 3.91079721191532587e-06
 8.00799999999999955e+02 8.01809999999999945e+02 7.78264150551482604e-04 2.48489173374044370e-06
 8.01809999999999945e+02 8.02819999999999936e+02 7.90100504799473450e-04 2.75591196632578936e-06
 8.02819999999999936e+02 8.03829999999999927e+02 7.90182384058607783e-04 2.82671552462232481e-06
 8.03829999999999927e+02 8.04839999999999918e+02 7.97796159118376058e-04 2.30397062125991241e-06
 8.04839999999999918e+02 8.05850000000000023e+02 8.05532104333156994e-04 2.28105305651944171e-06
 8.05850000000000023e+02 8.06860000000000014e+02 8.12464527982459340e-04 2.43624207995463698e-06
 8.06860000000000014e+02 8.07870000000000005e+02 8.10841860945488700e-04 2.28315956825289893e-06
 8.07870000000000005e+02 8.08879999999999995e+02 8.18649797025483767e-04 2.45008046716995126e-06
 8.08879999999999995e+02 8.09889999999999986e+02 8.24222461442522644e-04 2.64717522491056905e-06
 8.09889999999999986e+02 8.10899999999999977e+02 8.25549069302742872e-04 2.62357330801782318e-06
 8.10899999999999977e+02 8.11910000000000082e+02 8.34671446073738540e-04 2.33855506117874500e-06
 8.11910000000000082e+02 8.12920000000000073e+02 8.41265007241644028e-04 2.54260233624338647e-06
 8.12920000000000073e+02 8.13930000000000064e+02 8.48359977488027397e-04 2.42778120682890949e-06
 8.13930000000000064e+02 8.14940000000000055e+02 8.53771137937311985e-04 2.47747519166328810e-06
 8.14940000000000055e+02 8.15950000000000045e+02 8.60303078844958644e-04 2.35254004074322091e-06
 8.15950000000000045e+02 8.16960000000000036e+02 8.66028419576884978e-04 2.35493141755872457e-06
 8.16960000000000036e+02 8.17970000000000027e+02 8.72147681425084202e-04 2.62945746289960706e-06
 8.17970000000000027e+02 8.18980000000000018e+02 8.74184469283645869e-04 2.43261332198216917e-06
 8.18980000000000018e+02 8.19990000000000009e+02 8.81529703253807547e-04 2.45841276443096462e-06
 8.19990000000000009e+02 8.21000000000000000e+02 8.90323195840691693e-04 2.71176313611161663e-06
 8.21000000000000000e+02 8.22009999999999991e+02 8.97452020038962540e-04 2.52213519000816913e-06
 8.22009999999999991e+02 8.23019999999999982e+02 9.03246374771996549e-04 2.64415169086515046e-06
 8.23019999999999982e+02 8.24029999999999973e+02 9.10190116517535269e-04 2.33899814755592522e-06
 8.24029999999999973e+02 8.25039999999999964e+02 9.11786466016940899e-04 2.38746944655762586e-06
 8.25039999999999964e+02 8.26049999999999955e+02 9.21185912732694692e-04 2.53101665035415934e-06
 8.26049999999999955e+02 8.27059999999999945e+02 9.22908894237652413e-04 2.47777816623674869e-06
 8.27059999999999945e+02 8.28070000000000050e+02 9.32576493249650498e-04 2.38851794784493577e-06
 8.28070000000000050e+02 8.29080000000000041e+02 9.38745600741217458e-04 2.38672879690960011e-06
 8.29080000000000041e+02 8.30090000000000032e+02 9.46070427804649697e-04 2.44658348106983502e-06
 8.30090000000000032e+02 8.31100000000000023e+02 9.53882404160614453e-04 2.83582794849764136e-06
 8.31100000000000023e+02 8.32110000000000014e+02 9.63909154727320898e-04 2.46749266914230246e-06
 8.32110000000000014e+02 8.33120000000000005e+02 9.67832402651521892e-04 2.58459028529498432e-06
 8.33120000000000005e+02 8.34129999999999995e+02 9.76987388922620362e-04 3.14407794088938895e-06
 8.34129999999999995e+02 8.35139999999999986e+02 9.80135865897825047e-04 2.58787489948520073e-06
 8.35139999999999986e+02 8.36149999999999977e+02 9.92790980275325228e-04 2.70790371361877384e-06
 8.36149999999999977e+02 8.37159999999999968e+02 9.97490358960412358e-04 2.87579229394762314e-06
 8.37159999999999968e+02 8.38169999999999959e+02 1.00567917811195747e-03 2.73726744465094788e-06
 8.38169999999999959e+02 8.39179999999999950e+02 1.01172637606582812e-03 2.87586378983513097e-06
 8.39179999999999950e+02 8.40190000000000055e+02 1.01438771749005029e-03 2.76603351027325587e-06
 8.40190000000000055e+02 8.41200000000000045e+02 1.02602659632004519e-03 2.63100086578938976e-06
 8.41200000000000045e+02 8.42210000000000036e+02 1.03438939336612692e-03 2.82168899363060227e-06
 8.42210000000000036e+02 8.43220000000000027e+02 1.04442576700068007e-03 2.70210807615766672e-06
 8.43220000000000027e+02 8.44230000000000018e+02 1.05463891620047648e-03 3.02841347449794065e-06
 8.44230000000000018e+02 8.45240000000000009e+02 1.06106284071782282e-03 2.79832493186291299e-06
 8.45240000000000009e+02 8.46250000000000000e+02 1.07265483987100036e-03 3.07467343054362526e-06
 8.46250000000000000e+02 8.47259999999999991e+02 1.07626486536991760e-03 2.80042965911053528e-06
 8.47259999999999991e+02 8.48269999999999982e+02 1.09912184367684908e-03 1.55346187150753289e-05
 8.48269999999999982e+02 8.49279999999999973e+02 1.09222829517001668e-03 2.77077418218578477e-06
 8.49279999999999973e+02 8.50289999999999964e+02 1.09641312984376147e-03 2.56583234388412385e-06
 8.50289999999999964e+02 8.51299999999999955e+02 1.10471376251477182e-03 2.67702569834551638e-06
 8.51299999999999955e+02 8.52309999999999945e+02 1.11962157229317130e-03 2.89416015358698022e-06
 8.52309999999999945e+02 8.53320000000000050e+02 1.13085776937124714e-03 4.31984671582211141e-06
 8.53320000000000050e+02 8.54330000000000041e+02 1.13587546462540559e-03 3.05066704087972519e-06
 8.54330000000000041e+02 8.55340000000000032e+02 1.14369758834606517e-03 3.10750413554806226e-06
 8.55340000000000032e+02 8.56350000000000023e+02 1.15105173354916840e-03 2.62594961661578079e-06
 8.56350000000000023e+02 8.57360000000000014e+02 1.16316499150491805e-03 2.73559320758009828e-06
 8.57360000000000014e+02 8.58370000000000005e+02 1.16765332071116536e-03 3.20042614850003603e-06
 8.58370000000000005e+02 8.59379999999999995e+02 1.17921514191890973e-03 2.98255913099825058e-06
 8.59379999999999995e+02 8.60389999999999986e+02 1.18615345945184410e-03 2.69097690967926043e-06
 8.60389999999999986e+02 8.61399999999999977e+02 1.20342447243041925e-03 3.86116826884963256e-06
 8.61399999999999977e+02 8.62409999999999968e+02 1.20499507068237807e-03 2.97993169447908822e-06
 8.62409999999999968e+02 8.63419999999999959e+02 1.22057534770639970e-03 2.78460046244224455e-06
 8.63419999999999959e+02 8.64429999999999950e+02 1.22789818768767470e-03 2.81447596418414534e-06
 8.64429999999999950e+02 8.65440000000000055e+02 1.24010634784451918e-03 3.83926713544496052e-06
 8.65440000000000055e+02 8.66450000000000045e+02 1.24923990086135131e-03 3.09675694592633528e-06
 8.66450000000000045e+02 8.67460000000000036e+02 1.26864428162488268e-03 4.79611117037648686e-06
 8.67460000000000036e+02 8.68470000000000027e+02 1.27215499710697159e-03 3.22844858696508704e-06
 8.68470000000000027e+02 8.69480000000000018e+02 1.28238394559342778e-03 3.35873246636347619e-06
 8.69480000000000018e+02 8.70490000000000009e+02 1.28778238156023947e-03 3.39573835181980745e-06
 8.70490000000000009e+02 8.71500000000000000e+02 1.30408008094210284e-03 3.39360935777517359e-06
 8.71500000000000000e+02 8.72509999999999991e+02 1.31244727417231897e-03 3.10611139286711909e-06
 8.72509999999999991e+02 8.73519999999999982e+02 1.32530107001390426e-03 3.68286439626913323e-06
 8.73519999999999982e+02 8.74529999999999973e+02 1.33628045169467799e-03 3.10122620380442669e-06
 8.74529999999999973e+02 8.75539999999999964e+02 1.34497932124632322e-03 3.25320115741940911e-06
 8.75539999999999964e+02 8.76549999999999955e+02 1.36459536413309490e-03 3.41171998690285259e-06
 8.76549999999999955e+02 8.77559999999999945e+02 1.37099855696207694e-03 3.24377885253814006e-06
 8.77559999999999945e+02 8.78570000000000050e+02 1.38755488232628261e-03 4.10146881898347788e-06
 8.78570000000000050e+02 8.79580000000000041e+02 1.39139706791387824e-03 3.17975909042253484e-06
 8.79580000000000041e+02 8.80590000000000032e+02 1.40834379306891333e-03 3.09275366439063667e-06
 8.80590000000000032e+02 8.81600000000000023e+02 1.41679264706983722e-03 3.50989243029509476e-06
 8.81600000000000023e+02 8.82610000000000014e+02 1.42862813359822529e-03 3.86645905685630783e-06
 8.82610000000000014e+02 8.83620000000000005e+02 1.44788223202928310e-03 5.34137791181383374e-06
 8.83620000000000005e+02 8.84629999999999995e+02 1.45839308221366024e-03 3.42506781803270477e-06
 8.84629999999999995e+02 8.85639999999999986e+02 1.47599127966053503e-03 6.38198849636591891e-06
 8.85639999999999986e+02 8.86649999999999977e+02 1.48358111347512132e-03 3.63633375168171367e-06
 8.86649999999999977e+02 8.87659999999999968e+02 1.49776664203882660e-03 3.52840250553118076e-06
 8.87659999999999968e+02 8.88669999999999959e+02 1.51273994138707564e-03 5.11833338089377661e-06
 8.88669999999999959e+02 8.89679999999999950e+02 1.52216021593605836e-03 3.61450552034421215e-06
 8.89679999999999950e+02 8.90690000000000055e+02 1.53976429755346049e-03 6.78218127228826975e-06
 8.90690000000000055e+02 8.91700000000000045e+02 1.55475986061922363e-03 3.37203197017807830e-06
 8.91700000000000045e+02 8.92710000000000036e+02 1.56550983444265330e-03 3.45913597656324229e-06
 8.92710000000000036e+02 8.93720000000000027e+02 1.58118471436898629e-03 4.44958601655313265e-06
 8.93720000000000027e+02 8.94730000000000018e+02 1.59337245537066242e-03 3.93622943785144054e-06
 8.94730000000000018e+02 8.95740000000000009e+02 1.60411810554912031e-03 3.43649066409213099e-06
 8.95740000000000009e+02 8.96750000000000000e+02 1.63103808698707967e-03 5.80263151094524673e-06
 8.96750000000000000e+02 8.97759999999999991e+02 1.64017080667318402e-03 3.73508139136636459e-06
 8.97759999999999991e+02 8.98769999999999982e+02 1.65349662164878449e-03 3.63047606461633612e-06
 8.98769999999999982e+02 8.99779999999999973e+02 1.67686488580473026e-03 3.79016989312307992e-06
 8.99779999999999973e+02 9.00789999999999964e+02 1.69131371437916136e-03 4.21272048070451043e-06
 9.00789999999999964e+02 9.01799999999999955e+02 1.71294953711074028e-03 4.16060887977075355e-06
 9.01799999999999955e+02 9.02809999999999945e+02 1.71946286113769582e-03 3.44950905790981788e-06
 9.02809999999999945e+02 9.03820000000000050e+02 1.73526227936252162e-03 3.76301614322063135e-06
 9.03820000000000050e+02 9.04830000000000041e+02 1.75642137042525794e-03 4.39677839257152230e-06
 9.04830000000000041e+02 9.05840000000000032e+02 1.76997267872821325e-03 4.16575360761406495e-06
 9.05840000000000032e+02 9.06850000000000023e+02 1.79254104020324734e-03 3.86251541259557626e-06
 9.06850000000000023e+02 9.07860000000000014e+02 1.81777941008941127e-03 4.56250283765291837e-06
 9.07860000000000014e+02 9.08870000000000005e+02 1.83464142935167523e-03 4.08996361759704246e-06
 9.08870000000000005e+02 9.09879999999999995e+02 1.84547185694194970e-03 4.05048046406490716e-06
 9.09879999999999995e+02 9.10889999999999986e+02 1.87225567097322227e-03 4.33608184746185634e-06
 9.10889999999999986e+02 9.11899999999999977e+02 1.88427884827777341e-03 4.30692413036602102e-06
 9.11899999999999977e+02 9.12909999999999968e+02 1.91348786927414763e-03 5.17037808243240903e-06
 9.12909999999999968e+02 9.13919999999999959e+02 1.93261856295260455e-03 4.14272279160563569e-06
 9.13919999999999959e+02 9.14929999999999950e+02 1.95769112081364610e-03 9.99677202189251077e-06
 9.14929999999999950e+02 9.15940000000000055e+02 1.97627683929316915e-03 5.64527038787540116e-06
 9.15940000000000055e+02 9.16950000000000045e+02 1.99354484363146534e-03 3.86545960218150506e-06
 9.16950000000000045e+02 9.17960000000000036e+02 2.00511363998331568e-03 5.12423222189301825e-06
 9.17960000000000036e+02 9.18970000000000027e+02 2.03337859121089813e-03 4.56219260209124596e-06
 9.18970000000000027e+02 9.19980000000000018e+02 2.05998831341335994e-03 7.63054944849566997e-06
 9.19980000000000018e+02 9.20990000000000009e+02 2.07033680467062992e-03 9.11128260824976622e-06
 9.20990000000000009e+02 9.22000000000000000e+02 2.00696770397531437e-03 1.13142917789762045e-05

Histogram:lxi
 0.00000000000000000e+00 1.33333333333333331e-01 1.64304245441636160e-02 3.36717280555791999e-05
 1.33333333333333331e-01 2.66666666666666663e-01 1.63316173109770667e-02 2.90715110553040224e-05
 2.66666666666666663e-01 4.00000000000000022e-01 1.63822662612962966e-02 5.07495827874593212e-05
 4.00000000000000022e-01 5.33333333333333326e-01 1.62900050606291681e-02 3.04722402535617883e-05
 5.33333333333333326e-01 6.66666666666666630e-01 1.63437531195745438e-02 3.24845828652652380e-05
 6.66666666666666630e-01 8.00000000000000044e-01 1.63254102223378550e-02 3.23705360731681117e-05
 8.00000000000000044e-01 9.33333333333333348e-01 1.63163167967755596e-02 3.25218826723540811e-05
 9.33333333333333348e-01 1.06666666666666665e+00 1.63556519565869925e-02 3.40501211533646446e-05
 1.06666666666666665e+00 1.19999999999999996e+00 1.63645952217915600e-02 5.10420185964010679e-05
 1.19999999999999996e+00 1.33333333333333326e+00 1.63951338406681975e-02 3.65318927866647598e-05
 1.33333333333333326e+00 1.46666666666666656e+00 1.63079479000213766e-02 3.55280130169357986e-05
 1.46666666666666656e+00 1.60000000000000009e+00 1.62816890590006327e-02 2.66037446628702522e-05
 1.60000000000000009e+00 1.73333333333333339e+00 1.62682682043116152e-02 3.33178783299360311e-05
 1.73333333333333339e+00 1.86666666666666670e+00 1.64205309352009228e-02 4.64800205970090655e-05
 1.86666666666666670e+00 2.00000000000000000e+00 1.63269947278025310e-02 3.20109812455861886e-05
 2.00000000000000000e+00 2.13333333333333330e+00 1.63351409999639777e-02 3.55660838286595880e-05
 2.13333333333333330e+00 2.26666666666666661e+00 1.64212896032252254e-02 4.25543133048893491e-05
 2.26666666666666661e+00 2.39999999999999991e+00 1.63023807384758933e-02 3.01037331350228232e-05
 2.39999999999999991e+00 2.53333333333333321e+00 1.62909612684141343e-02 3.40952911120762697e-05
 2.53333333333333321e+00 2.66666666666666652e+00 1.64177855725950866e-02 4.50269679087602403e-05
 2.66666666666666652e+00 2.79999999999999982e+00 1.62774698755626702e-02 3.32930536538844914e-05
 2.79999999999999982e+00 2.93333333333333313e+00 1.62516217118197775e-02 3.13016930257883989e-05
 2.93333333333333313e+00 3.06666666666666687e+00 1.62749172951637058e-02 3.29013227960992872e-05
 3.06666666666666687e+00 3.20000000000000018e+00 1.63376027671139762e-02 4.79089980891349095e-05
 3.20000000000000018e+00 3.33333333333333348e+00 1.62740008808169856e-02 4.01377498183086854e-05
 3.33333333333333348e+00 3.46666666666666679e+00 1.62646376675993319e-02 4.63639472279303390e-05
 3.46666666666666679e+00 3.60000000000000009e+00 1.61933214739366123e-02 3.85590225021858459e-05
 3.60000000000000009e+00 3.73333333333333339e+00 1.62205737082811580e-02 6.61294266631050370e-05
 3.73333333333333339e+00 3.86666666666666670e+00 1.61351566220010283e-02 3.17587256242623129e-05
 3.86666666666666670e+00 4.00000000000000000e+00 1.61198067358937838e-02 3.74329631740843977e-05
 4.00000000000000000e+00 4.13333333333333375e+00 1.61125209645030000e-02 3.87352519866759789e-05
 4.13333333333333375e+00 4.26666666666666661e+00 1.61355913205687256e-02 4.96558501486062419e-05
 4.26666666666666661e+00 4.40000000000000036e+00 1.60025077968102662e-02 3.48157215034809817e-05
 4.40000000000000036e+00 4.53333333333333321e+00 1.59868983891824079e-02 3.18593858179701703e-05
 4.53333333333333321e+00 4.66666666666666696e+00 1.59197002943301559e-02 3.61094024436353923e-05
 4.66666666666666696e+00 4.79999999999999982e+00 1.58745156070099237e-02 3.25216990277154411e-05
 4.79999999999999982e+00 4.93333333333333357e+00 1.58980419926890437e-02 5.22512174816937782e-05
 4.93333333333333357e+00 5.06666666666666643e+00 1.58493616663897829e-02 3.76638397453433725e-05
 5.06666666666666643e+00 5.20000000000000018e+00 1.57680506654639639e-02 2.96122081558538482e-05
 5.20000000000000018e+00 5.33333333333333304e+00 1.57012931087544168e-02 2.94945579847207951e-05
 5.33333333333333304e+00 5.46666666666666679e+00 1.56960206561750359e-02 3.51133703245294586e-05
 5.46666666666666679e+00 5.59999999999999964e+00 1.55342149323178993e-02 3.36016046891616637e-05
 5.59999999999999964e+00 5.73333333333333339e+00 1.55669947727119541e-02 3.29612943235730598e-05
 5.73333333333333339e+00 5.86666666666666625e+00 1.55151350106816060e-02 3.55524186444642094e-05
 5.86666666666666625e+00 6.00000000000000000e+00 1.54579240342425754e-02 3.54599283237281716e-05
 6.00000000000000000e+00 6.13333333333333375e+00 1.53793716116167548e-02 4.15598543619678909e-05
 6.13333333333333375e+00 6.26666666666666661e+00 1.53334542804933714e-02 3.28090642131358229e-05
 6.26666666666666661e+00 6.40000000000000036e+00 1.52189160323853521e-02 3.09249258545846604e-05
 6.40000000000000036e+00 6.53333333333333321e+00 1.51401765812601927e-02 3.26306098924496784e-05
 6.53333333333333321e+00 6.66666666666666696e+00 1.50637290962575780e-02 3.04309118501913201e-05
 6.66666666666666696e+00 6.79999999999999982e+00 1.50578295108458968e-02 3.46623937337610095e-05
 6.79999999999999982e+00 6.93333333333333357e+00 1.48998129833205172e-02 3.25798835331697232e-05
 6.93333333333333357e+00 7.06666666666666643e+00 1.48605088520462544e-02 3.12185709385688409e-05
 7.06666666666666643e+00 7.20000000000000018e+00 1.47601548768082364e-02 3.09086406922132818e-05
 7.20000000000000018e+00 7.33333333333333304e+00 1.46999133912716993e-02 3.79413206604990028e-05
 7.33333333333333304e+00 7.46666666666666679e+00 1.45584540786457012e-02 2.98056219996663519e-05
 7.46666666666666679e+00 7.59999999999999964e+00 1.45307460656353589e-02 2.89436137502000669e-05
 7.59999999999999964e+00 7.73333333333333339e+00 1.44013308783412439e-02 2.92818565789616981e-05
 7.73333333333333339e+00 7.86666666666666625e+00 1.42438811180237764e-02 3.55701513639873569e-05
 7.86666666666666625e+00 8.00000000000000000e+00 1.42244138665919336e-02 3.05347175596605916e-05
 8.00000000000000000e+00 8.13333333333333286e+00 1.40350580003999695e-02 3.57760596371368606e-05
 8.13333333333333286e+00 8.26666666666666750e+00 1.39025301933265091e-02 2.86271501925896093e-05
 8.26666666666666750e+00 8.40000000000000036e+00 1.37293202996001066e-02 2.85455245548755378e-05
 8.40000000000000036e+00 8.53333333333333321e+00 1.36422852911265539e-02 3.68470405930082111e-05
 8.53333333333333321e+00 8.66666666666666607e+00 1.34966094984636052e-02 3.61596276322219756e-05
 8.66666666666666607e+00 8.80000000000000071e+00 1.33114543473699370e-02 3.02000001773156534e-05
 8.80000000000000071e+00 8.93333333333333357e+00 1.31913613288720307e-02 2.77318334427412531e-05
 8.93333333333333357e+00 9.06666666666666643e+00 1.30294340514351577e-02 3.43792098411232889e-05
 9.06666666666666643e+00 9.19999999999999929e+00 1.28469896492670304e-02 3.09775590895692898e-05
 9.19999999999999929e+00 9.33333333333333393e+00 1.27198511111922662e-02 3.19773969342829775e-05
 9.33333333333333393e+00 9.46666666666666679e+00 1.25756650236409986e-02 3.97189513211391822e-05
 9.46666666666666679e+00 9.59999999999999964e+00 1.23762197025011830e-02 2.84365460041256607e-05
 9.59999999999999964e+00 9.73333333333333250e+00 1.22220541643347780e-02 2.79326192826140399e-05
 9.73333333333333250e+00 9.86666666666666714e+00 1.20482662807221853e-02 3.04310846717898200e-05
 9.86666666666666714e+00 1.00000000000000000e+01 1.18668003007453386e-02 2.71353715100678029e-05
 1.00000000000000000e+01 1.01333333333333329e+01 1.17528563784522391e-02 3.12552865490136413e-05
 1.01333333333333329e+01 1.02666666666666675e+01 1.15156913337110256e-02 3.56611245684211058e-05
 1.02666666666666675e+01 1.04000000000000004e+01 1.14246309806360705e-02 2.70734423451123721e-05
 1.04000000000000004e+01 1.05333333333333332e+01 1.12963005409285298e-02 3.53959630139954001e-05
 1.05333333333333332e+01 1.06666666666666661e+01 1.10640408826964045e-02 2.71076566752164654e-05
 1.06666666666666661e+01 1.08000000000000007e+01 1.09096344890117682e-02 3.24016571991849687e-05
 1.08000000000000007e+01 1.09333333333333336e+01 1.07310354830141355e-02 2.56607288859107123e-05
 1.09333333333333336e+01 1.10666666666666664e+01 1.05268961233969099e-02 2.76959587875941133e-05
 1.10666666666666664e+01 1.11999999999999993e+01 1.03904472492565656e-02 2.40094816297423308e-05
 1.11999999999999993e+01 1.13333333333333339e+01 1.01847595663710714e-02 2.39247312064613091e-05
 1.13333333333333339e+01 1.14666666666666668e+01 1.00254830789594240e-02 2.64435284687002249e-05
 1.14666666666666668e+01 1.15999999999999996e+01 9.89978679033380257e-03 2.59327827721915903e-05
 1.15999999999999996e+01 1.17333333333333325e+01 9.67640852529291252e-03 2.40958901839949770e-05
 1.17333333333333325e+01 1.18666666666666671e+01 9.52442282816916633e-03 2.36908728566602836e-05
 1.18666666666666671e+01 1.20000000000000000e+01 9.33647334304857357e-03 2.40313836296319787e-05
 1.20000000000000000e+01 1.21333333333333329e+01 9.18666105285377566e-03 2.44997321121088554e-05
 1.21333333333333329e+01 1.22666666666666675e+01 9.03780604001877541e-03 2.52663179160355195e-05
 1.22666666666666675e+01 1.24000000000000004e+01 8.88380084044296248e-03 2.41913034060797158e-05
 1.24000000000000004e+01 1.25333333333333332e+01 8.73648590592243125e-03 2.51431675077294648e-05
 1.25333333333333332e+01 1.26666666666666661e+01 8.57428640204347357e-03 2.31171402049758631e-05
 1.26666666666666661e+01 1.28000000000000007e+01 8.40342867194272987e-03 2.15445941783260842e-05
 1.28000000000000007e+01 1.29333333333333336e+01 8.29569530041771377e-03 2.20157434990368141e-05
 1.29333333333333336e+01 1.30666666666666664e+01 8.17809370936700350e-03 3.46527182350774913e-05
 1.30666666666666664e+01 1.31999999999999993e+01 8.06981630256902414e-03 2.17577896909590598e-05
 1.31999999999999993e+01 1.33333333333333339e+01 7.90408278182547393e-03 2.20764277714337742e-05
 1.33333333333333339e+01 1.34666666666666668e+01 7.82536012073005438e-03 2.81287566653277481e-05
 1.34666666666666668e+01 1.35999999999999996e+01 7.69466456899589851e-03 2.55547975354750726e-05
 1.35999999999999996e+01 1.37333333333333325e+01 7.58094721348746402e-03 3.07572884667064244e-05
 1.37333333333333325e+01 1.38666666666666671e+01 7.44365509690863344e-03 1.99767555393969693e-05
 1.38666666666666671e+01 1.40000000000000000e+01 7.36034883593007696e-03 2.87937677255103654e-05
 1.40000000000000000e+01 1.41333333333333329e+01 7.20727146638020649e-03 2.03268943530674970e-05
 1.41333333333333329e+01 1.42666666666666675e+01 7.13937025915699092e-03 2.36751769302322919e-05
 1.42666666666666675e+01 1.44000000000000004e+01 7.00176152833309907e-03 2.17503447946620837e-05
 1.44000000000000004e+01 1.45333333333333332e+01 6.90696516857665626e-03 2.04903424315825863e-05
 1.45333333333333332e+01 1.46666666666666661e+01 6.78538463364097844e-03 2.02697369568215041e-05
 1.46666666666666661e+01 1.48000000000000007e+01 6.68286859426210893e-03 1.99865569738310036e-05
 1.48000000000000007e+01 1.49333333333333336e+01 6.62558710784078714e-03 2.26820772026823004e-05
 1.49333333333333336e+01 1.50666666666666664e+01 6.49654457907857929e-03 2.16980054672520491e-05
 1.50666666666666664e+01 1.51999999999999993e+01 6.39891165226449173e-03 1.97751534268626720e-05
 1.51999999999999993e+01 1.53333333333333339e+01 6.25005498479053786e-03 1.84475289242988310e-05
 1.53333333333333339e+01 1.54666666666666668e+01 6.24834437160824187e-03 2.19559972735228795e-05
 1.54666666666666668e+01 1.55999999999999996e+01 6.15142009054232570e-03 3.38681405707620906e-05
 1.55999999999999996e+01 1.57333333333333325e+01 6.01800958437020365e-03 1.85222961320967460e-05
 1.57333333333333325e+01 1.58666666666666671e+01 5.92153935093945281e-03 1.82828552916987679e-05
 1.58666666666666671e+01 1.60000000000000000e+01 5.87450956282091399e-03 1.64618750897402310e-05
 1.60000000000000000e+01 1.61333333333333329e+01 5.76767616211073912e-03 1.81465072873343981e-05
 1.61333333333333329e+01 1.62666666666666657e+01 5.82131518189017705e-03 1.27789354946142200e-04
 1.62666666666666657e+01 1.63999999999999986e+01 5.64726441947324340e-03 2.39279296996269758e-05
 1.63999999999999986e+01 1.65333333333333350e+01 5.55435964824168345e-03 1.74856088709087216e-05
 1.65333333333333350e+01 1.66666666666666679e+01 5.49712101294060583e-03 4.67219786911236219e-05
 1.66666666666666679e+01 1.68000000000000007e+01 5.44491818365786320e-03 3.79296865450458052e-05
 1.68000000000000007e+01 1.69333333333333336e+01 5.27651338003979741e-03 1.66993111980019623e-05
 1.69333333333333336e+01 1.70666666666666664e+01 5.25237722981380158e-03 2.03932785579224080e-05
 1.70666666666666664e+01 1.71999999999999993e+01 5.17737199175925637e-03 1.70475409418505896e-05
 1.71999999999999993e+01 1.73333333333333321e+01 5.09592696616993114e-03 1.63430583400893708e-05
 1.73333333333333321e+01 1.74666666666666650e+01 5.07147526781060072e-03 1.84054130649750848e-05
 1.74666666666666650e+01 1.76000000000000014e+01 4.97607741916482934e-03 1.90675422217453328e-05
 1.76000000000000014e+01 1.77333333333333343e+01 4.86522270028693499e-03 1.72099781585355410e-05
 1.77333333333333343e+01 1.78666666666666671e+01 4.82610459118396583e-03 1.88427265377594693e-05
 1.78666666666666671e+01 1.80000000000000000e+01 4.78003362282564993e-03 1.61999756614291183e-05
 1.80000000000000000e+01 1.81333333333333329e+01 4.72338273328363166e-03 1.70983326976300127e-05
 1.81333333333333329e+01 1.82666666666666657e+01 4.64848656516346406e-03 1.70942353568162396e-05
 1.82666666666666657e+01 1.83999999999999986e+01 4.57894999244501475e-03 1.64014184954944954e-05
 1.83999999999999986e+01 1.85333333333333350e+01 4.53013139954230436e-03 1.54029915273024010e-05
 1.85333333333333350e+01 1.86666666666666679e+01 4.43888980313253932e-03 1.56671884786812818e-05
 1.86666666666666679e+01 1.88000000000000007e+01 4.39689988619327860e-03 1.58390695183199594e-05
 1.88000000000000007e+01 1.89333333333333336e+01 4.33579896910866753e-03 1.64352807809349721e-05
 1.89333333333333336e+01 1.90666666666666664e+01 4.29169901034113111e-03 1.61345589156302575e-05
 1.90666666666666664e+01 1.91999999999999993e+01 4.26339166542513606e-03 1.85251492700228488e-05
 1.91999999999999993e+01 1.93333333333333321e+01 4.17773379598358752e-03 1.59596223695691441e-05
 1.93333333333333321e+01 1.94666666666666650e+01 4.15086464570670055e-03 3.71184067011485407e-05
 1.94666666666666650e+01 1.96000000000000014e+01 4.10699726185154591e-03 1.63663618812582009e-05
 1.96000000000000014e+01 1.97333333333333343e+01 4.01728106030505797e-03 1.48884528644187781e-05
 1.97333333333333343e+01 1.98666666666666671e+01 3.99028850786903918e-03 2.26796609887469224e-05
 1.98666666666666671e+01 2.00000000000000000e+01 3.96178102265684097e-03 1.68091838462562063e-05
 2.00000000000000000e+01 2.01333333333333329e+01 3.86850738552998227e-03 1.49111621970908448e-05
 2.01333333333333329e+01 2.02666666666666657e+01 3.84787648713682227e-03 1.70365755655848448e-05
 2.02666666666666657e+01 2.03999999999999986e+01 3.79452914281756468e-03 1.54185290966691708e-05
 2.03999999999999986e+01 2.05333333333333350e+01 3.72696258237144046e-03 1.46992051206196552e-05
 2.05333333333333350e+01 2.06666666666666679e+01 3.74134032074717113e-03 2.83877294932924037e-05
 2.06666666666666679e+01 2.08000000000000007e+01 3.66568724151125321e-03 2.05436610333526045e-05
 2.08000000000000007e+01 2.09333333333333336e+01 3.60705434819683307e-03 1.50651167146592172e-05
 2.09333333333333336e+01 2.10666666666666664e+01 3.58141147933350654e-03 1.39756057009357245e-05
 2.10666666666666664e+01 2.11999999999999993e+01 3.50940335593622095e-03 1.43491605939223760e-05
 2.11999999999999993e+01 2.13333333333333321e+01 3.49283572455754126e-03 1.90978938916755440e-05
 2.13333333333333321e+01 2.14666666666666650e+01 3.42375136063378981e-03 1.40161605355338470e-05
 2.14666666666666650e+01 2.16000000000000014e+01 3.42249599447203142e-03 2.56011104106630589e-05
 2.16000000000000014e+01 2.17333333333333343e+01 3.35423319397692510e-03 2.45326606164614212e-05
 2.17333333333333343e+01 2.18666666666666671e+01 3.33259980030891929e-03 1.69050499586774994e-05
 2.18666666666666671e+01 2.20000000000000000e+01 3.30334217998964116e-03 1.57942569223035460e-05
 2.20000000000000000e+01 2.21333333333333329e+01 3.24115200682786181e-03 1.66765072203416938e-05
 2.21333333333333329e+01 2.22666666666666657e+01 3.21760437112201267e-03 2.01227009291012881e-05
 2.22666666666666657e+01 2.23999999999999986e+01 3.15283965620765782e-03 1.40806262246487093e-05
 2.23999999999999986e+01 2.25333333333333350e+01 3.10209172340699226e-03 1.35575012258286226e-05
 2.25333333333333350e+01 2.26666666666666679e+01 3.11040723659131635e-03 1.44001752496048833e-05
 2.26666666666666679e+01 2.28000000000000007e+01 3.03940496122187325e-03 1.37513891189117504e-05
 2.28000000000000007e+01 2.29333333333333336e+01 3.03272962485399240e-03 1.39639252834735911e-05
 2.29333333333333336e+01 2.30666666666666664e+01 2.95799856349307109e-03 1.28226515185299900e-05
 2.30666666666666664e+01 2.31999999999999993e+01 2.95364522131982008e-03 1.81399477458570818e-05
 2.31999999999999993e+01 2.33333333333333321e+01 2.90248838632408681e-03 1.50696818119297306e-05
 2.33333333333333321e+01 2.34666666666666650e+01 2.87499080397581519e-03 1.23066215007386454e-05
 2.34666666666666650e+01 2.36000000000000014e+01 2.82151762415266049e-03 1.25188120464547044e-05
 2.36000000000000014e+01 2.37333333333333343e+01 2.81009369089192966e-03 1.92529419597897381e-05
 2.37333333333333343e+01 2.38666666666666671e+01 2.74881749693736471e-03 1.25510263828576217e-05
 2.38666666666666671e+01 2.40000000000000000e+01 2.75748344259787526e-03 2.53500773143302203e-05
 2.40000000000000000e+01 2.41333333333333329e+01 2.73229179440259012e-03 2.01546570084010670e-05
 2.41333333333333329e+01 2.42666666666666657e+01 2.67323274185226906e-03 1.22901986080151599e-05
 2.42666666666666657e+01 2.43999999999999986e+01 2.63877230364341570e-03 1.28699835806296967e-05
 2.43999999999999986e+01 2.45333333333333350e+01 2.62269446466113212e-03 1.24877254818089667e-05
 2.45333333333333350e+01 2.46666666666666679e+01 2.60673558856868099e-03 1.31049805883759033e-05
 2.46666666666666679e+01 2.48000000000000007e+01 2.57394293914401783e-03 1.88001258579060600e-05
 2.48000000000000007e+01 2.49333333333333336e+01 2.54185628862053361e-03 1.36787025425977530e-05
 2.49333333333333336e+01 2.50666666666666664e+01 2.50975664704062434e-03 1.28296972683439919e-05
 2.50666666666666664e+01 2.51999999999999993e+01 2.50158335240623520e-03 1.31818989243944309e-05
 2.51999999999999993e+01 2.53333333333333321e+01 2.46293994077766273e-03 1.66253780329240740e-05
 2.53333333333333321e+01 2.54666666666666650e+01 2.43057385318092532e-03 1.46646764742848838e-05
 2.54666666666666650e+01 2.56000000000000014e+01 2.39062702868609190e-03 1.35979347005988455e-05
 2.56000000000000014e+01 2.57333333333333343e+01 2.35039871404143022e-03 1.18380300708010696e-05
 2.57333333333333343e+01 2.58666666666666671e+01 2.33576044605214800e-03 1.25440061949008398e-05
 2.58666666666666671e+01 2.60000000000000000e+01 2.33957468655106868e-03 2.89344189656113710e-05
 2.60000000000000000e+01 2.61333333333333329e+01 2.28147111602043477e-03 1.14531198646137285e-05
 2.61333333333333329e+01 2.62666666666666657e+01 2.30447510350140087e-03 2.08563353056331581e-05
 2.62666666666666657e+01 2.63999999999999986e+01 2.23236328587168679e-03 1.25786035529719867e-05
 2.63999999999999986e+01 2.65333333333333350e+01 2.22264850109264028e-03 1.14357228655825027e-05
 2.65333333333333350e+01 2.66666666666666679e+01 2.19768406171140475e-03 1.23865959525145453e-05
 2.66666666666666679e+01 2.68000000000000007e+01 2.18371183113541057e-03 1.32473228260958339e-05
 2.68000000000000007e+01 2.69333333333333336e+01 2.15621829569031002e-03 1.23021866464423627e-05
 2.69333333333333336e+01 2.70666666666666664e+01 2.13849256034366435e-03 1.13391785892781647e-05
 2.70666666666666664e+01 2.71999999999999993e+01 2.10989569611707466e-03 1.17307179617765272e-05
 2.71999999999999993e+01 2.73333333333333321e+01 2.11019672271066166e-03 2.02132181206574657e-05
 2.73333333333333321e+01 2.74666666666666650e+01 2.04611490398749676e-03 1.07864916957452137e-05
 2.74666666666666650e+01 2.76000000000000014e+01 2.04077307651470826e-03 1.41773371343414500e-05
 2.76000000000000014e+01 2.77333333333333343e+01 1.99837545223246690e-03 1.10229441090767384e-05
 2.77333333333333343e+01 2.78666666666666671e+01 2.01193746997378655e-03 1.43263087000546897e-05
 2.78666666666666671e+01 2.80000000000000000e+01 1.99402622624004567e-03 2.62362658658975119e-05
 2.80000000000000000e+01 2.81333333333333329e+01 1.94624013044726314e-03 2.11877316849417801e-05
 2.81333333333333329e+01 2.82666666666666657e+01 1.92359825763348063e-03 1.19958290882704543e-05
 2.82666666666666657e+01 2.83999999999999986e+01 1.90944105246047499e-03 1.65060054811034192e-05
 2.83999999999999986e+01 2.85333333333333350e+01 1.87853658017465884e-03 1.19964891437471283e-05
 2.85333333333333350e+01 2.86666666666666679e+01 1.85624334606630326e-03 1.13440799324824742e-05
 2.86666666666666679e+01 2.88000000000000007e+01 1.85124170820537325e-03 1.12690360079947884e-05
 2.88000000000000007e+01 2.89333333333333336e+01 1.81855029529096155e-03 1.07825100187912290e-05
 2.89333333333333336e+01 2.90666666666666664e+01 1.84679094195243929e-03 1.99970968862295979e-05
 2.90666666666666664e+01 2.91999999999999993e+01 1.79291026884813493e-03 1.24075756827197968e-05
 2.91999999999999993e+01 2.93333333333333321e+01 1.77219832016106802e-03 1.32580893290205320e-05
 2.93333333333333321e+01 2.94666666666666650e+01 1.72911033742868402e-03 1.08300941850147979e-05
 2.94666666666666650e+01 2.96000000000000014e+01 1.71368316361022511e-03 1.11797200324053549e-05
 2.96000000000000014e+01 2.97333333333333343e+01 1.70044673582477155e-03 1.03332580120790032e-05
 2.97333333333333343e+01 2.98666666666666671e+01 1.71531642955450561e-03 2.03854776367625275e-05
 2.98666666666666671e+01 3.00000000000000000e+01 1.67243750735375399e-03 1.08053104642733362e-05
 3.00000000000000000e+01 3.01333333333333329e+01 1.70013102583950644e-03 1.67797774741025910e-05
 3.01333333333333329e+01 3.02666666666666657e+01 1.62895865014439623e-03 1.05373833458775542e-05
 3.02666666666666657e+01 3.03999999999999986e+01 1.61135694227170227e-03 1.04756863540286168e-05
 3.03999999999999986e+01 3.05333333333333350e+01 1.59034020249339790e-03 1.12271102080082156e-05
 3.05333333333333350e+01 3.06666666666666679e+01 1.59119016198216784e-03 1.05131722586018639e-05
 3.06666666666666679e+01 3.08000000000000007e+01 1.57401179872268646e-03 1.25371786526577279e-05
 3.08000000000000007e+01 3.09333333333333336e+01 1.53912268320453220e-03 1.01435751211291306e-05
 3.09333333333333336e+01 3.10666666666666664e+01 1.53335976865999674e-03 1.25468073491720520e-05
 3.10666666666666664e+01 3.11999999999999993e+01 1.67816276878840205e-03 1.54987413765908457e-04
 3.11999999999999993e+01 3.13333333333333321e+01 1.50946093370286720e-03 1.02728344081726249e-05
 3.13333333333333321e+01 3.14666666666666650e+01 1.48161071382315311e-03 9.56299160698391178e-06
 3.14666666666666650e+01 3.16000000000000014e+01 1.47396774341963192e-03 1.12236317455245258e-05
 3.16000000000000014e+01 3.17333333333333343e+01 1.45149714010868718e-03 1.12448673152349100e-05
 3.17333333333333343e+01 3.18666666666666671e+01 1.45649897404536029e-03 1.29593407224731177e-05
 3.18666666666666671e+01 3.20000000000000000e+01 1.42083636639121357e-03 1.01147344784063275e-05
 3.20000000000000000e+01 3.21333333333333329e+01 1.41970892508770045e-03 1.23114209824429632e-05
 3.21333333333333329e+01 3.22666666666666657e+01 1.39921984368902527e-03 1.02906585258545197e-05
 3.22666666666666657e+01 3.23999999999999986e+01 1.38842817129826717e-03 1.03798140271765796e-05
 3.23999999999999986e+01 3.25333333333333314e+01 1.38831736724193805e-03 1.08183700433894551e-05
 3.25333333333333314e+01 3.26666666666666643e+01 1.34392370928673667e-03 9.55315269821975212e-06
 3.26666666666666643e+01 3.27999999999999972e+01 1.33109022338837469e-03 1.13430886663437743e-05
 3.27999999999999972e+01 3.29333333333333300e+01 1.33009641785686696e-03 9.38854021594118644e-06
 3.29333333333333300e+01 3.30666666666666700e+01 1.31317232062450160e-03 9.47638217354727989e-06
 3.30666666666666700e+01 3.32000000000000028e+01 1.30544440864798091e-03 1.03269777147026704e-05
 3.32000000000000028e+01 3.33333333333333357e+01 1.27881302187379006e-03 1.06606014747294429e-05
 3.33333333333333357e+01 3.34666666666666686e+01 1.27776457271128597e-03 1.08808620101217359e-05
 3.34666666666666686e+01 3.36000000000000014e+01 1.26472284997727284e-03 1.18441345948644460e-05
 3.36000000000000014e+01 3.37333333333333343e+01 1.26213878658665703e-03 1.40534229736444441e-05
 3.37333333333333343e+01 3.38666666666666671e+01 1.23781604531544723e-03 9.43645144793423577e-06
 3.38666666666666671e+01 3.40000000000000000e+01 1.25677766494952051e-03 1.44596156612661051e-05
 3.40000000000000000e+01 3.41333333333333329e+01 1.21315414190029851e-03 9.41145989393049587e-06
 3.41333333333333329e+01 3.42666666666666657e+01 1.19869427532422537e-03 1.10249443194569400e-05
 3.42666666666666657e+01 3.43999999999999986e+01 1.18528417233189961e-03 1.26549960122105075e-05
 3.43999999999999986e+01 3.45333333333333314e+01 1.16723113324357732e-03 9.59993678349789137e-06
 3.45333333333333314e+01 3.46666666666666643e+01 1.14543166000081651e-03 8.53962326364999588e-06
 3.46666666666666643e+01 3.47999999999999972e+01 1.15492690877519932e-03 9.74954913438405166e-06
 3.47999999999999972e+01 3.49333333333333300e+01 1.13503489275320951e-03 9.28652985796622587e-06
 3.49333333333333300e+01 3.50666666666666700e+01 1.11392270026628836e-03 8.98044567918945652e-06
 3.50666666666666700e+01 3.52000000000000028e+01 1.10551681849822944e-03 9.27650183682720933e-06
 3.52000000000000028e+01 3.53333333333333357e+01 1.08772582196409238e-03 8.77033197576442454e-06
 3.53333333333333357e+01 3.54666666666666686e+01 1.07201909392421477e-03 8.56325333411475449e-06
 3.54666666666666686e+01 3.56000000000000014e+01 1.07829262631555173e-03 9.25893134655521949e-06
 3.56000000000000014e+01 3.57333333333333343e+01 1.06984730458454299e-03 1.06997259818889767e-05
 3.57333333333333343e+01 3.58666666666666671e+01 1.06824079284843429e-03 1.38829733566627332e-05
 3.58666666666666671e+01 3.60000000000000000e+01 1.04260069473869526e-03 9.96818048937840558e-06
 3.60000000000000000e+01 3.61333333333333329e+01 1.02929596434987226e-03 1.01695876778715462e-05
 3.61333333333333329e+01 3.62666666666666657e+01 1.01911660265676805e-03 9.15240047424805916e-06
 3.62666666666666657e+01 3.63999999999999986e+01 1.00303300166887182e-03 9.29381524446130821e-06
 3.63999999999999986e+01 3.65333333333333314e+01 1.00382149982163353e-03 1.20048441229370501e-05
 3.65333333333333314e+01 3.66666666666666643e+01 9.93487849428788955e-04 9.88375598678159323e-06
 3.66666666666666643e+01 3.67999999999999972e+01 9.69913777566077588e-04 8.78788038509874505e-06
 3.67999999999999972e+01 3.69333333333333300e+01 9.65934183031623818e-04 9.47617984259647842e-06
 3.69333333333333300e+01 3.70666666666666700e+01 9.67912072657931563e-04 1.05598385890315962e-05
 3.70666666666666700e+01 3.72000000000000028e+01 9.59342209353763022e-04 9.77051640794423654e-06
 3.72000000000000028e+01 3.73333333333333357e+01 9.47509083826463590e-04 8.44327799006622877e-06
 3.73333333333333357e+01 3.74666666666666686e+01 9.42644910031365554e-04 1.24947090758459597e-05
 3.74666666666666686e+01 3.76000000000000014e+01 9.21665445632257555e-04 8.83969979071731464e-06
 3.76000000000000014e+01 3.77333333333333343e+01 9.32518328338832921e-04 1.40637632854441786e-05
 3.77333333333333343e+01 3.78666666666666671e+01 8.98172223263269884e-04 1.19084882268522251e-05
 3.78666666666666671e+01 3.80000000000000000e+01 8.82992575619378855e-04 8.75741435948509100e-06
 3.80000000000000000e+01 3.81333333333333329e+01 8.79540059186724693e-04 8.81315619908416267e-06
 3.81333333333333329e+01 3.82666666666666657e+01 8.63911854598806627e-04 1.44353296125095055e-05
 3.82666666666666657e+01 3.83999999999999986e+01 8.98547173537479933e-04 3.31691632393587101e-05
 3.83999999999999986e+01 3.85333333333333314e+01 8.45475589578409468e-04 8.90669172039653363e-06
 3.85333333333333314e+01 3.86666666666666643e+01 8.29294184855360029e-04 8.85773021472695209e-06
 3.86666666666666643e+01 3.87999999999999972e+01 8.34366278491802116e-04 7.95395288809308022e-06
 3.87999999999999972e+01 3.89333333333333300e+01 8.37077004028264574e-04 1.01885918810549418e-05
 3.89333333333333300e+01 3.90666666666666700e+01 8.18173609606655792e-04 8.48838265566586381e-06
 3.90666666666666700e+01 3.92000000000000028e+01 8.28250966831658997e-04 8.86645067584478371e-06
 3.92000000000000028e+01 3.93333333333333357e+01 7.89831923977797547e-04 7.73899086801114722e-06
 3.93333333333333357e+01 3.94666666666666686e+01 7.92967039082813590e-04 8.99749872239349684e-06
 3.94666666666666686e+01 3.96000000000000014e+01 7.88344451562554669e-04 8.19157864778529165e-06
 3.96000000000000014e+01 3.97333333333333343e+01 7.80410948591654706e-04 8.11163411067939649e-06
 3.97333333333333343e+01 3.98666666666666671e+01 7.65574589161594063e-04 7.87393192618173779e-06
 3.98666666666666671e+01 4.00000000000000000e+01 7.41015815707105302e-04 8.82649223244498441e-06
 4.00000000000000000e+01 4.01333333333333329e+01 7.71682580085282640e-04 9.98755166532541671e-06
 4.01333333333333329e+01 4.02666666666666657e+01 7.45961693972348834e-04 1.20989982819527449e-05
 4.02666666666666657e+01 4.03999999999999986e+01 7.36064338710944416e-04 8.11042596474310629e-06
 4.03999999999999986e+01 4.05333333333333314e+01 7.22972915406199629e-04 7.75538553295571483e-06
 4.05333333333333314e+01 4.06666666666666643e+01 7.12898407234287095e-04 7.27806104907950705e-06
 4.06666666666666643e+01 4.07999999999999972e+01 7.15304485839331054e-04 8.55090617651883321e-06
 4.07999999999999972e+01 4.09333333333333300e+01 7.01888396311326000e-04 8.76062133027775619e-06
 4.09333333333333300e+01 4.10666666666666700e+01 6.90973895113147015e-04 8.06506715126161887e-06
 4.10666666666666700e+01 4.12000000000000028e+01 7.01663889806242191e-04 7.57903570231485136e-06
 4.12000000000000028e+01 4.13333333333333357e+01 6.88615889440565314e-04 7.96213119898894004e-06
 4.13333333333333357e+01 4.14666666666666686e+01 6.73144380180795460e-04 7.61123865091156700e-06
 4.14666666666666686e+01 4.16000000000000014e+01 6.56836898276477016e-04 7.37060024506059265e-06
 4.16000000000000014e+01 4.17333333333333343e+01 6.52388681617554664e-04 7.17156560644660409e-06
 4.17333333333333343e+01 4.18666666666666671e+01 6.62186063548988384e-04 8.42883889404585957e-06
 4.18666666666666671e+01 4.20000000000000000e+01 6.58729052795854102e-04 1.32733777879580720e-05
 4.20000000000000000e+01 4.21333333333333329e+01 6.27310357497876309e-04 1.05684262233895660e-05
 4.21333333333333329e+01 4.22666666666666657e+01 6.41186429097780931e-04 1.24049294892252203e-05
 4.22666666666666657e+01 4.23999999999999986e+01 6.20668295284038541e-04 8.23110228725635896e-06
 4.23999999999999986e+01 4.25333333333333314e+01 6.23950366302124118e-04 9.15909803944779782e-06
 4.25333333333333314e+01 4.26666666666666643e+01 6.24141084772103657e-04 8.50339759902782848e-06
 4.26666666666666643e+01 4.27999999999999972e+01 6.08659338226439153e-04 8.53202244365780494e-06
 4.27999999999999972e+01 4.29333333333333300e+01 6.16782583689714906e-04 1.11690656208722031e-05
 4.29333333333333300e+01 4.30666666666666700e+01 6.00918096671582396e-04 8.42210611321685637e-06
 4.30666666666666700e+01 4.32000000000000028e+01 5.85773826631522934e-04 7.87728777017805930e-06
 4.32000000000000028e+01 4.33333333333333357e+01 5.80617051849095941e-04 7.56239893177204707e-06
 4.33333333333333357e+01 4.34666666666666686e+01 5.68398258864272698e-04 7.28587740612694015e-06
 4.34666666666666686e+01 4.36000000000000014e+01 5.86872746745591362e-04 2.05959844519853325e-05
 4.36000000000000014e+01 4.37333333333333343e+01 5.66311752621895151e-04 8.41928054158006896e-06
 4.37333333333333343e+01 4.38666666666666671e+01 5.61946642206184732e-04 8.05319085942281028e-06
 4.38666666666666671e+01 4.40000000000000000e+01 5.34452595679168357e-04 7.04588158276024093e-06
 4.40000000000000000e+01 4.41333333333333329e+01 5.69148093184794306e-04 9.72402821810734201e-06
 4.41333333333333329e+01 4.42666666666666657e+01 5.50164209359052677e-04 1.10611426479843769e-05
 4.42666666666666657e+01 4.43999999999999986e+01 5.28856002713615756e-04 6.89707951990023205e-06
 4.43999999999999986e+01 4.45333333333333314e+01 5.25873140896383913e-04 7.44554606427722746e-06
 4.45333333333333314e+01 4.46666666666666643e+01 5.31425424871933075e-04 1.15144228451056741e-05
 4.46666666666666643e+01 4.47999999999999972e+01 5.24543902237742127e-04 8.00720599324979277e-06
 4.47999999999999972e+01 4.49333333333333300e+01 5.24542308333138989e-04 8.66611120994010771e-06
 4.49333333333333300e+01 4.50666666666666700e+01 5.01518402886216310e-04 6.56667333099406408e-06
 4.50666666666666700e+01 4.52000000000000028e+01 4.92012419310456695e-04 6.78203691892715540e-06
 4.52000000000000028e+01 4.53333333333333357e+01 5.02232630964363899e-04 7.12254553913936838e-06
 4.53333333333333357e+01 4.54666666666666686e+01 4.96959982018429299e-04 7.58335361632514501e-06
 4.54666666666666686e+01 4.56000000000000014e+01 4.87806022325939083e-04 7.55709201552515235e-06
 4.56000000000000014e+01 4.57333333333333343e+01 4.84718726720585269e-04 9.12870838777925716e-06
 4.57333333333333343e+01 4.58666666666666671e+01 4.74208576111002109e-04 7.36946978135766124e-06
 4.58666666666666671e+01 4.60000000000000000e+01 4.79107502130693842e-04 1.10695181204286530e-05
 4.60000000000000000e+01 4.61333333333333329e+01 4.67642488282751681e-04 7.21497276617006225e-06
 4.61333333333333329e+01 4.62666666666666657e+01 4.62053686317011499e-04 1.07478564643688969e-05
 4.62666666666666657e+01 4.63999999999999986e+01 4.54034162005316575e-04 8.88979846426508778e-06
 4.63999999999999986e+01 4.65333333333333314e+01 4.43753268526441661e-04 6.46138686676491828e-06
 4.65333333333333314e+01 4.66666666666666643e+01 4.42924002556235148e-04 6.42883015496014751e-06
 4.66666666666666643e+01 4.67999999999999972e+01 4.52199232173971751e-04 8.12828384532686696e-06
 4.67999999999999972e+01 4.69333333333333300e+01 4.31162966501805634e-04 6.37196797900618772e-06
 4.69333333333333300e+01 4.70666666666666700e+01 4.24386114789888165e-04 7.53050429790534096e-06
 4.70666666666666700e+01 4.72000000000000028e+01 4.43314318664274484e-04 1.24460355251331307e-05
 4.72000000000000028e+01 4.73333333333333357e+01 4.19455040374133888e-04 6.18716619623383066e-06
 4.73333333333333357e+01 4.74666666666666686e+01 4.11110054322987744e-04 6.48887568423490100e-06
 4.74666666666666686e+01 4.76000000000000014e+01 4.03966745592680221e-04 5.70593961892369389e-06
 4.76000000000000014e+01 4.77333333333333343e+01 4.18295327295206405e-04 8.08668109474639637e-06
 4.77333333333333343e+01 4.78666666666666671e+01 4.05462377285607529e-04 6.77635071296597328e-06
 4.78666666666666671e+01 4.80000000000000000e+01 3.96742699215665894e-04 6.72809108533908567e-06
 4.80000000000000000e+01 4.81333333333333329e+01 4.07390466689983412e-04 7.09695751003543076e-06
 4.81333333333333329e+01 4.82666666666666657e+01 3.97545566455706522e-04 7.41579695187277752e-06
 4.82666666666666657e+01 4.83999999999999986e+01 3.86837790180997196e-04 6.85278329574606739e-06
 4.83999999999999986e+01 4.85333333333333314e+01 3.79429914077865187e-04 7.38822123809966106e-06
 4.85333333333333314e+01 4.86666666666666643e+01 3.67775097703736792e-04 5.95545970670339155e-06
 4.86666666666666643e+01 4.87999999999999972e+01 3.74948833855917802e-04 6.43514717760695665e-06
 4.87999999999999972e+01 4.89333333333333300e+01 3.80759755513150784e-04 7.54098135800988214e-06
 4.89333333333333300e+01 4.90666666666666700e+01 3.60635332686085053e-04 6.61718296829251858e-06
 4.90666666666666700e+01 4.92000000000000028e+01 3.69211247435572343e-04 6.01141127099173599e-06
 4.92000000000000028e+01 4.93333333333333357e+01 3.62183952437156620e-04 8.44600556075702294e-06
 4.93333333333333357e+01 4.94666666666666686e+01 3.60302548848075990e-04 6.32864313854318132e-06
 4.94666666666666686e+01 4.96000000000000014e+01 3.55754571297654972e-04 6.98899642610910364e-06
 4.96000000000000014e+01 4.97333333333333343e+01 3.38293714923851492e-04 5.81857641845340771e-06
 4.97333333333333343e+01 4.98666666666666671e+01 3.37700501754405517e-04 6.02357224979572630e-06
 4.98666666666666671e+01 5.00000000000000000e+01 3.37938294101716317e-04 6.27174945572549130e-06
 5.00000000000000000e+01 5.01333333333333329e+01 3.31242969545432584e-04 5.57063477008710908e-06
 5.01333333333333329e+01 5.02666666666666657e+01 3.32414689848104048e-04 5.81878981029181320e-06
 5.02666666666666657e+01 5.03999999999999986e+01 3.21256412441800726e-04 5.99289490898518783e-06
 5.03999999999999986e+01 5.05333333333333314e+01 3.28154176509800688e-04 5.73560894759707536e-06
 5.05333333333333314e+01 5.06666666666666643e+01 3.27551523238663207e-04 9.10754614086180914e-06
 5.06666666666666643e+01 5.07999999999999972e+01 3.07888951601982791e-04 5.97450876625920052e-06
 5.07999999999999972e+01 5.09333333333333300e+01 3.16160290471845858e-04 5.95486595408582593e-06
 5.09333333333333300e+01 5.10666666666666700e+01 3.24117130378045939e-04 6.46592175185343654e-06
 5.10666666666666700e+01 5.12000000000000028e+01 3.03670757545005591e-04 5.70159289514812142e-06
 5.12000000000000028e+01 5.13333333333333357e+01 3.12643411393235106e-04 6.97489787850648002e-06
 5.13333333333333357e+01 5.14666666666666686e+01 3.10322087580959061e-04 9.33318878464832646e-06
 5.14666666666666686e+01 5.16000000000000014e+01 3.07144727961667589e-04 8.63892204545942794e-06
 5.16000000000000014e+01 5.17333333333333343e+01 2.96896047498281185e-04 6.38617363681881873e-06
 5.17333333333333343e+01 5.18666666666666671e+01 2.93051694357600670e-04 6.20210273477097304e-06
 5.18666666666666671e+01 5.20000000000000000e+01 2.84767115034538867e-04 5.61213667104884051e-06
 5.20000000000000000e+01 5.21333333333333329e+01 2.97004784683810080e-04 7.79404036912035623e-06
 5.21333333333333329e+01 5.22666666666666657e+01 2.74521328262110375e-04 5.43930112918288873e-06
 5.22666666666666657e+01 5.23999999999999986e+01 2.81765624505343987e-04 5.92666374150337815e-06
 5.23999999999999986e+01 5.25333333333333314e+01 2.73338058492014161e-04 5.86821721296688404e-06
 5.25333333333333314e+01 5.26666666666666643e+01 2.68130065522644977e-04 6.17397913126799476e-06
 5.26666666666666643e+01 5.27999999999999972e+01 2.64344809930434693e-04 5.52750829414989331e-06
 5.27999999999999972e+01 5.29333333333333300e+01 2.69693839593354904e-04 5.91761032785326433e-06
 5.29333333333333300e+01 5.30666666666666700e+01 2.65196135891598958e-04 7.98428608438330853e-06
 5.30666666666666700e+01 5.32000000000000028e+01 2.64296351132386315e-04 6.61384101145943734e-06
 5.32000000000000028e+01 5.33333333333333357e+01 2.55611668754239746e-04 6.05255250409547242e-06
 5.33333333333333357e+01 5.34666666666666686e+01 2.62264880229866326e-04 8.21289099919656991e-06
 5.34666666666666686e+01 5.36000000000000014e+01 2.53113456999106486e-04 5.91376720874177352e-06
 5.36000000000000014e+01 5.37333333333333343e+01 2.45278246624554253e-04 5.39026475515359167e-06
 5.37333333333333343e+01 5.38666666666666671e+01 2.51604616519998626e-04 7.20904451000926890e-06
 5.38666666666666671e+01 5.40000000000000000e+01 2.28916024184135477e-04 4.71331946073465636e-06
 5.40000000000000000e+01 5.41333333333333329e+01 2.38390917987858390e-04 6.76069580971376572e-06
 5.41333333333333329e+01 5.42666666666666657e+01 2.31939472957840497e-04 5.20831226577014405e-06
 5.42666666666666657e+01 5.43999999999999986e+01 2.40705149140828831e-04 6.34162573475780390e-06
 5.43999999999999986e+01 5.45333333333333314e+01 2.41907944329431790e-04 9.03551878333039048e-06
 5.45333333333333314e+01 5.46666666666666643e+01 2.47149358148647297e-04 7.86817987712197620e-06
 5.46666666666666643e+01 5.47999999999999972e+01 2.23373808306912306e-04 5.17400712977940399e-06
 5.47999999999999972e+01 5.49333333333333300e+01 2.26196775311903017e-04 5.04355760131674132e-06
 5.49333333333333300e+01 5.50666666666666700e+01 2.24170793244627905e-04 6.51066515157111841e-06
 5.50666666666666700e+01 5.52000000000000028e+01 2.15629373862260355e-04 7.28342138741546223e-06
 5.52000000000000028e+01 5.53333333333333357e+01 2.13169025958486478e-04 5.56460128446536673e-06
 5.53333333333333357e+01 5.54666666666666686e+01 2.09480076390996996e-04 5.50176608639196831e-06
 5.54666666666666686e+01 5.56000000000000014e+01 2.30522424718930286e-04 1.33643119291409349e-05
 5.56000000000000014e+01 5.57333333333333343e+01 2.07041253415900391e-04 6.30742962123276014e-06
 5.57333333333333343e+01 5.58666666666666671e+01 1.97478000627434230e-04 4.83448508626417131e-06
 5.58666666666666671e+01 5.60000000000000000e+01 2.00278395926052681e-04 4.98365333391527188e-06
 5.60000000000000000e+01 5.61333333333333329e+01 2.00862875229677960e-04 6.19694186087820347e-06
 5.61333333333333329e+01 5.62666666666666657e+01 1.97840422144253029e-04 5.33454243051142101e-06
 5.62666666666666657e+01 5.63999999999999986e+01 1.93252727240915585e-04 5.14767356091564397e-06
 5.63999999999999986e+01 5.65333333333333314e+01 1.92199978416122529e-04 4.81534806189783210e-06
 5.65333333333333314e+01 5.66666666666666643e+01 1.92557457407732424e-04 8.24149516692217603e-06
 5.66666666666666643e+01 5.67999999999999972e+01 2.58904170106283185e-04 7.83448353086443910e-05
 5.67999999999999972e+01 5.69333333333333300e+01 1.87872914179940115e-04 5.70365054232196111e-06
 5.69333333333333300e+01 5.70666666666666700e+01 1.83195185815302879e-04 6.58353306411206270e-06
 5.70666666666666700e+01 5.72000000000000028e+01 1.88983060667141005e-04 5.80623704354433578e-06
 5.72000000000000028e+01 5.73333333333333357e+01 1.84388085110933232e-04 5.29637634121684156e-06
 5.73333333333333357e+01 5.74666666666666686e+01 1.81182833773440834e-04 5.03949356948032237e-06
 5.74666666666666686e+01 5.76000000000000014e+01 1.85367869210022673e-04 9.37426641910931683e-06
 5.76000000000000014e+01 5.77333333333333343e+01 1.78231264831237935e-04 6.05261492071262258e-06
 5.77333333333333343e+01 5.78666666666666671e+01 1.68368674320585140e-04 4.47287732838342207e-06
 5.78666666666666671e+01 5.80000000000000000e+01 1.60751001688295276e-04 4.34546522501372924e-06
 5.80000000000000000e+01 5.81333333333333329e+01 1.68484317166879723e-04 5.99226389755055448e-06
 5.81333333333333329e+01 5.82666666666666657e+01 1.68997519842485459e-04 7.77780185602084744e-06
 5.82666666666666657e+01 5.83999999999999986e+01 1.56186808908354198e-04 5.64301630650046060e-06
 5.83999999999999986e+01 5.85333333333333314e+01 1.61948728418675938e-04 6.49851957887847332e-06
 5.85333333333333314e+01 5.86666666666666643e+01 1.66160620561463728e-04 5.66252754590862735e-06
 5.86666666666666643e+01 5.87999999999999972e+01 1.58739273233798515e-04 5.94591944528810579e-06
 5.87999999999999972e+01 5.89333333333333300e+01 1.54836869828624323e-04 4.36053841706994198e-06
 5.89333333333333300e+01 5.90666666666666700e+01 1.45116882213494922e-04 4.32267706270934535e-06
 5.90666666666666700e+01 5.92000000000000028e+01 1.47804091284851907e-04 4.45030074186521750e-06
 5.92000000000000028e+01 5.93333333333333357e+01 1.45071656865112657e-04 4.76559340085004875e-06
 5.93333333333333357e+01 5.94666666666666686e+01 1.45507324831170549e-04 4.46527769301016833e-06
 5.94666666666666686e+01 5.96000000000000014e+01 1.47262922894934953e-04 4.58983968149856521e-06
 5.96000000000000014e+01 5.97333333333333343e+01 1.46510810739156072e-04 4.76878827013418780e-06
 5.97333333333333343e+01 5.98666666666666671e+01 1.47240164486797832e-04 5.76379446029004653e-06
 5.98666666666666671e+01 6.00000000000000000e+01 1.38068745873065005e-04 4.27250693827162455e-06
 6.00000000000000000e+01 6.01333333333333329e+01 1.35700811077182594e-04 4.86746280510611973e-06
 6.01333333333333329e+01 6.02666666666666657e+01 1.41070366967682129e-04 4.46438151985975577e-06
 6.02666666666666657e+01 6.03999999999999986e+01 1.34525627594727547e-04 4.05205944436963457e-06
 6.03999999999999986e+01 6.05333333333333314e+01 1.27229338094230859e-04 4.06993978147183375e-06
 6.05333333333333314e+01 6.06666666666666643e+01 1.30826388978209842e-04 5.41041718692839913e-06
 6.06666666666666643e+01 6.07999999999999972e+01 1.24409016307403447e-04 4.38730032527769777e-06
 6.07999999999999972e+01 6.09333333333333300e+01 1.36473222911795379e-04 7.54832299723827936e-06
 6.09333333333333300e+01 6.10666666666666700e+01 1.23783508601449507e-04 4.23514221005358068e-06
 6.10666666666666700e+01 6.12000000000000028e+01 1.27951080197189935e-04 4.29187197596711853e-06
 6.12000000000000028e+01 6.13333333333333357e+01 1.24886503516981144e-04 4.67069154308961306e-06
 6.13333333333333357e+01 6.14666666666666686e+01 1.30831584018616326e-04 8.90460948675756355e-06
 6.14666666666666686e+01 6.16000000000000014e+01 1.24446217503755980e-04 6.28151006131199007e-06
 6.16000000000000014e+01 6.17333333333333343e+01 1.25456541860793431e-04 6.08565693597601000e-06
 6.17333333333333343e+01 6.18666666666666671e+01 1.17753908012985692e-04 4.58430165322867968e-06
 6.18666666666666671e+01 6.20000000000000000e+01 1.13432612617537178e-04 4.66647324342055159e-06
 6.20000000000000000e+01 6.21333333333333329e+01 1.15487358641531851e-04 4.61244034449593176e-06
 6.21333333333333329e+01 6.22666666666666657e+01 1.15278950904965842e-04 5.25212808210891582e-06
 6.22666666666666657e+01 6.23999999999999986e+01 1.12263346611755444e-04 4.98856600625470250e-06
 6.23999999999999986e+01 6.25333333333333314e+01 1.06759597867777311e-04 4.76842182057221386e-06
 6.25333333333333314e+01 6.26666666666666643e+01 1.05578719780439296e-04 3.82511955590625571e-06
 6.26666666666666643e+01 6.27999999999999972e+01 1.13910890916586841e-04 7.40417805265469102e-06
 6.27999999999999972e+01 6.29333333333333300e+01 1.00877664529203356e-04 3.55307084638363714e-06
 6.29333333333333300e+01 6.30666666666666700e+01 1.04312579190972581e-04 4.23443526836864069e-06
 6.30666666666666700e+01 6.32000000000000028e+01 1.01376758074493492e-04 4.60687497264548415e-06
 6.32000000000000028e+01 6.33333333333333357e+01 1.00094023127807931e-04 6.41552113629225203e-06
 6.33333333333333357e+01 6.34666666666666686e+01 9.36646593473371212e-05 3.58274924622024227e-06
 6.34666666666666686e+01 6.36000000000000014e+01 1.14630726380387743e-04 1.82969351857344709e-05
 6.36000000000000014e+01 6.37333333333333343e+01 9.78676683686624613e-05 4.20592531715532644e-06
 6.37333333333333343e+01 6.38666666666666671e+01 9.53285761235786325e-05 3.89384443755753068e-06
 6.38666666666666671e+01 6.40000000000000000e+01 9.46396819345953399e-05 3.92807644333859202e-06
 6.40000000000000000e+01 6.41333333333333400e+01 8.80524276439888682e-05 3.63391022975534607e-06
 6.41333333333333400e+01 6.42666666666666657e+01 9.35959791057919407e-05 3.88258275504872146e-06
 6.42666666666666657e+01 6.44000000000000057e+01 9.41541075815591601e-05 4.08451489860635030e-06
 6.44000000000000057e+01 6.45333333333333314e+01 8.44755416737219561e-05 3.19155888330454911e-06
 6.45333333333333314e+01 6.46666666666666714e+01 8.63860407421632740e-05 4.67215700369666333e-06
 6.46666666666666714e+01 6.47999999999999972e+01 8.72133477109043198e-05 3.56399442669063593e-06
 6.47999999999999972e+01 6.49333333333333371e+01 8.96752048962574564e-05 7.63573370707639474e-06
 6.49333333333333371e+01 6.50666666666666629e+01 8.71274127550865872e-05 4.36176465443118742e-06
 6.50666666666666629e+01 6.52000000000000028e+01 8.00503914644658449e-05 5.67371699654960645e-06
 6.52000000000000028e+01 6.53333333333333286e+01 8.28037182396396517e-05 3.98889111045256736e-06
 6.53333333333333286e+01 6.54666666666666686e+01 8.06382721568728398e-05 3.98479091760739667e-06
 6.54666666666666686e+01 6.55999999999999943e+01 8.08609260341639505e-05 5.32668073088268663e-06
 6.55999999999999943e+01 6.57333333333333343e+01 8.49824893385959368e-05 6.79257648775981473e-06
 6.57333333333333343e+01 6.58666666666666600e+01 7.59621760751273944e-05 4.24449961781974956e-06
 6.58666666666666600e+01 6.60000000000000000e+01 6.75248969873923479e-05 2.65630323806056198e-06
 6.60000000000000000e+01 6.61333333333333400e+01 7.83165974247540769e-05 4.04308588812125355e-06
 6.61333333333333400e+01 6.62666666666666657e+01 7.17831404456393987e-05 3.45006146644543132e-06
 6.62666666666666657e+01 6.64000000000000057e+01 6.71243349859326999e-05 3.90933156353904185e-06
 6.64000000000000057e+01 6.65333333333333314e+01 6.47818128402308761e-05 2.93054682521733475e-06
 6.65333333333333314e+01 6.66666666666666714e+01 6.76596340886303273e-05 3.09887750936883471e-06
 6.66666666666666714e+01 6.67999999999999972e+01 5.99745555977409563e-05 2.75168607450971430e-06
 6.67999999999999972e+01 6.69333333333333371e+01 6.33533026494771093e-05 3.00508206990515624e-06
 6.69333333333333371e+01 6.70666666666666629e+01 6.96165796564466812e-05 4.18318380874643312e-06
 6.70666666666666629e+01 6.72000000000000028e+01 6.32456660060637025e-05 3.96416563664993469e-06
 6.72000000000000028e+01 6.73333333333333286e+01 6.58615905615033033e-05 3.64185423579662382e-06
 6.73333333333333286e+01 6.74666666666666686e+01 6.61736871826437738e-05 4.03894299918249940e-06
 6.74666666666666686e+01 6.75999999999999943e+01 6.26089087579521437e-05 3.89418866480938433e-06
 6.75999999999999943e+01 6.77333333333333343e+01 6.91507792250635841e-05 4.43718720992502364e-06
 6.77333333333333343e+01 6.78666666666666600e+01 5.58197036544261170e-05 2.77848062908999650e-06
 6.78666666666666600e+01 6.80000000000000000e+01 5.32064947579503328e-05 2.69970924329300048e-06
 6.80000000000000000e+01 6.81333333333333400e+01 6.01121490113616229e-05 6.27149944875812807e-06
 6.81333333333333400e+01 6.82666666666666657e+01 5.59125655141280890e-05 2.79071768334884046e-06
 6.82666666666666657e+01 6.84000000000000057e+01 5.89567367941897086e-05 3.36832716944415124e-06
 6.84000000000000057e+01 6.85333333333333314e+01 5.75646355288895713e-05 4.94675944936167161e-06
 6.85333333333333314e+01 6.86666666666666714e+01 5.44339105901752015e-05 4.90164359769586411e-06
 6.86666666666666714e+01 6.87999999999999972e+01 5.34239296442803795e-05 3.58224039608218272e-06
 6.87999999999999972e+01 6.89333333333333371e+01 5.57470746332538075e-05 5.07182802502429438e-06
 6.89333333333333371e+01 6.90666666666666629e+01 5.74567680851377559e-05 5.87176574400725789e-06
 6.90666666666666629e+01 6.92000000000000028e+01 4.98373986520965877e-05 3.36903653915012213e-06
 6.92000000000000028e+01 6.93333333333333286e+01 4.88565740366249030e-05 2.94955171284065252e-06
 6.93333333333333286e+01 6.94666666666666686e+01 4.98328493592260926e-05 3.61322705186260730e-06
 6.94666666666666686e+01 6.95999999999999943e+01 3.95685730970232386e-05 2.28790766194714366e-06
 6.95999999999999943e+01 6.97333333333333343e+01 4.87447078274594052e-05 3.98758293855419110e-06
 6.97333333333333343e+01 6.98666666666666600e+01 4.67441017733901965e-05 4.48108282749153812e-06
 6.98666666666666600e+01 7.00000000000000000e+01 4.23024966147656298e-05 2.60354486488169210e-06
 7.00000000000000000e+01 7.01333333333333400e+01 3.92719784099264729e-05 2.30216932798819858e-06
 7.01333333333333400e+01 7.02666666666666657e+01 4.48837073517285588e-05 4.13837582096029481e-06
 7.02666666666666657e+01 7.04000000000000057e+01 4.64662294424806452e-05 4.07129821140084549e-06
 7.04000000000000057e+01 7.05333333333333314e+01 3.96636308060585412e-05 2.82049784493182915e-06
 7.05333333333333314e+01 7.06666666666666714e+01 3.90168577205394506e-05 2.63468647142689878e-06
 7.06666666666666714e+01 7.07999999999999972e+01 3.90343107190750552e-05 2.83389135001716751e-06
 7.07999999999999972e+01 7.09333333333333371e+01 3.97023598865042107e-05 3.19247783853541948e-06
 7.09333333333333371e+01 7.10666666666666629e+01 4.16206146369360377e-05 4.40879745759369092e-06
 7.10666666666666629e+01 7.12000000000000028e+01 3.71877383492844513e-05 2.38471091761483402e-06
 7.12000000000000028e+01 7.13333333333333286e+01 3.59882467440504457e-05 3.27444031008371592e-06
 7.13333333333333286e+01 7.14666666666666686e+01 4.49658528481077080e-05 1.09639486202897115e-05
 7.14666666666666686e+01 7.15999999999999943e+01 3.36400309623804830e-05 2.26276251874042956e-06
 7.15999999999999943e+01 7.17333333333333343e+01 3.61534485935938554e-05 3.07920053847887530e-06
 7.17333333333333343e+01 7.18666666666666600e+01 3.48584767611148305e-05 2.91029574979050837e-06
 7.18666666666666600e+01 7.20000000000000000e+01 3.43606690030042291e-05 3.51838720305445523e-06
 7.20000000000000000e+01 7.21333333333333400e+01 3.44198530148773853e-05 4.40133312113320173e-06
 7.21333333333333400e+01 7.22666666666666657e+01 3.49110615527144889e-05 5.97244521871160943e-06
 7.22666666666666657e+01 7.24000000000000057e+01 3.43090722473428532e-05 4.70548930272468204e-06
 7.24000000000000057e+01 7.25333333333333314e+01 3.02991779754801269e-05 1.97831869713060839e-06
 7.25333333333333314e+01 7.26666666666666714e+01 2.56628273327402320e-05 1.69069616962176998e-06
 7.26666666666666714e+01 7.27999999999999972e+01 2.78911833804175450e-05 2.02135901007704527e-06
 7.27999999999999972e+01 7.29333333333333371e+01 2.90511633294111532e-05 3.15451173414830661e-06
 7.29333333333333371e+01 7.30666666666666629e+01 2.97578426865868346e-05 2.61358595701669845e-06
 7.30666666666666629e+01 7.32000000000000028e+01 2.38390311211385268e-05 1.95972801461015958e-06
 7.32000000000000028e+01 7.33333333333333286e+01 2.19586232097349052e-05 1.44147565528269532e-06
 7.33333333333333286e+01 7.34666666666666686e+01 2.93711027151842861e-05 5.29769855241616841e-06
 7.34666666666666686e+01 7.35999999999999943e+01 2.11145900381734290e-05 1.45839876057886257e-06
 7.35999999999999943e+01 7.37333333333333343e+01 2.11683444935225835e-05 1.80670671189587805e-06
 7.37333333333333343e+01 7.38666666666666600e+01 2.18237426767969032e-05 1.70441271751599850e-06
 7.38666666666666600e+01 7.40000000000000000e+01 2.14567463539249649e-05 2.08467242269743871e-06
 7.40000000000000000e+01 7.41333333333333400e+01 2.07721531203847598e-05 1.89880305928409095e-06
 7.41333333333333400e+01 7.42666666666666657e+01 2.29762529325826524e-05 2.44393812751507559e-06
 7.42666666666666657e+01 7.44000000000000057e+01 2.35161644278491032e-05 3.05202019758718363e-06
 7.44000000000000057e+01 7.45333333333333314e+01 2.72817940910491475e-05 6.07313087628961847e-06
 7.45333333333333314e+01 7.46666666666666714e+01 2.07188026768688302e-05 2.29393770634464791e-06
 7.46666666666666714e+01 7.47999999999999972e+01 1.83630442940937870e-05 1.70723750811710108e-06
 7.47999999999999972e+01 7.49333333333333371e+01 1.74271284760516063e-05 2.31602520601167984e-06
 7.49333333333333371e+01 7.50666666666666629e+01 2.12686942617289985e-05 3.43276154560516029e-06
 7.50666666666666629e+01 7.52000000000000028e+01 1.68236054663338499e-05 1.45065157986289506e-06
 7.52000000000000028e+01 7.53333333333333286e+01 1.47046959738718820e-05 1.48348161933461146e-06
 7.53333333333333286e+01 7.54666666666666686e+01 1.63283986402259727e-05 1.72764196410694739e-06
 7.54666666666666686e+01 7.55999999999999943e+01 1.46626427909530684e-05 1.38203053273726411e-06
 7.55999999999999943e+01 7.57333333333333343e+01 1.39368013221884221e-05 1.51072828938786784e-06
 7.57333333333333343e+01 7.58666666666666600e+01 1.22019379276662558e-05 1.40397325127328870e-06
 7.58666666666666600e+01 7.60000000000000000e+01 1.28362950045141341e-05 1.46025947364975735e-06
 7.60000000000000000e+01 7.61333333333333400e+01 1.44927205952085891e-05 1.81633240688999182e-06
 7.61333333333333400e+01 7.62666666666666657e+01 1.32253166027599454e-05 1.87068569228659627e-06
 7.62666666666666657e+01 7.64000000000000057e+01 1.43652505772706153e-05 2.00696746187834016e-06
 7.64000000000000057e+01 7.65333333333333314e+01 9.79355135000483365e-06 9.54791982757498685e-07
 7.65333333333333314e+01 7.66666666666666714e+01 1.06133101764959295e-05 1.20252890446095337e-06
 7.66666666666666714e+01 7.67999999999999972e+01 1.06349253286962924e-05 1.22618880249245081e-06
 7.67999999999999972e+01 7.69333333333333371e+01 1.03598770687644870e-05 1.08376777092748126e-06
 7.69333333333333371e+01 7.70666666666666629e+01 8.40462019683338636e-06 1.06085500671591831e-06
 7.70666666666666629e+01 7.72000000000000028e+01 7.81187859130981126e-06 1.01107948916971509e-06
 7.72000000000000028e+01 7.73333333333333286e+01 1.01020412086144822e-05 1.77758703907761175e-06
 7.73333333333333286e+01 7.74666666666666686e+01 7.70444606771434419e-06 9.33715536329467208e-07
 7.74666666666666686e+01 7.75999999999999943e+01 1.01488919361231009e-05 1.37022548975753360e-06
 7.75999999999999943e+01 7.77333333333333343e+01 7.95909862800697897e-06 1.14748952167500863e-06
 7.77333333333333343e+01 7.78666666666666600e+01 5.70781994724992411e-06 7.68833707037839857e-07
 7.78666666666666600e+01 7.80000000000000000e+01 6.25717810413235247e-06 8.37633337392791781e-07
 7.80000000000000000e+01 7.81333333333333400e+01 6.85572145998772034e-06 2.06381662803504579e-06
 7.81333333333333400e+01 7.82666666666666657e+01 5.55752550376117813e-06 7.81490218561943298e-07
 7.82666666666666657e+01 7.84000000000000057e+01 4.42587408272196097e-06 6.77662525869353531e-07
 7.84000000000000057e+01 7.85333333333333314e+01 5.30008312988370649e-06 1.10384420818720612e-06
 7.85333333333333314e+01 7.86666666666666714e+01 3.86215609151978020e-06 6.28003203975927894e-07
 7.86666666666666714e+01 7.87999999999999972e+01 2.69255048594575434e-06 5.55079299853311330e-07
 7.87999999999999972e+01 7.89333333333333371e+01 2.54621249694122373e-06 5.67787105738974848e-07
 7.89333333333333371e+01 7.90666666666666629e+01 2.14234559016962577e-06 4.81579153827927007e-07
 7.90666666666666629e+01 7.92000000000000028e+01 3.07882212013255457e-06 7.64344139604587613e-07
 7.92000000000000028e+01 7.93333333333333286e+01 2.31104819767550010e-06 5.21387953862121911e-07
 7.93333333333333286e+01 7.94666666666666686e+01 2.86056838810955553e-06 1.31104406901167519e-06
 7.94666666666666686e+01 7.95999999999999943e+01 5.40254848747666924e-07 2.20966108735001686e-07
 7.95999999999999943e+01 7.97333333333333343e+01 1.60075600400385787e-06 4.88787758642592167e-07
 7.97333333333333343e+01 7.98666666666666600e+01 4.76009121720236271e-07 2.72515340960721013e-07
 7.98666666666666600e+01 8.00000000000000000e+01 1.09281430070673315e-07 6.70003239222962565e-08

Histogram:ldphi
 0.00000000000000000e+00 2.99999999999999989e-01 1.02053114701798238e-02 2.33629302589207280e-05
 2.99999999999999989e-01 5.99999999999999978e-01 1.02876290426361372e-02 2.23838895927103672e-05
 5.99999999999999978e-01 9.00000000000000022e-01 1.03974629163799629e-02 2.43830173266014405e-05
 9.00000000000000022e-01 1.19999999999999996e+00 1.05422994573762963e-02 2.07813691918609746e-05
 1.19999999999999996e+00 1.50000000000000000e+00 1.06588156362558834e-02 2.25615977040385724e-05
 1.50000000000000000e+00 1.80000000000000004e+00 1.07558640016726364e-02 2.06515791167815368e-05
 1.80000000000000004e+00 2.10000000000000009e+00 1.09030967298793420e-02 2.28975967344786754e-05
 2.10000000000000009e+00 2.39999999999999991e+00 1.10495691826765999e-02 2.22311033386299889e-05
 2.39999999999999991e+00 2.70000000000000018e+00 1.12864366673826495e-02 3.42271869108407844e-05
 2.70000000000000018e+00 3.00000000000000000e+00 1.13807093913397567e-02 3.34309264968989865e-05
 3.00000000000000000e+00 3.29999999999999982e+00 1.12931042135621575e-02 2.35594656816252253e-05
 3.29999999999999982e+00 3.60000000000000009e+00 1.12038856949895991e-02 2.18826158422679470e-05
 3.60000000000000009e+00 3.89999999999999991e+00 1.10554322866938653e-02 2.27126289289410535e-05
 3.89999999999999991e+00 4.20000000000000018e+00 1.09779053069795803e-02 2.77743287539147793e-05
 4.20000000000000018e+00 4.50000000000000000e+00 1.07891913987394322e-02 1.91845775601134685e-05
 4.50000000000000000e+00 4.79999999999999982e+00 1.06657758980851364e-02 2.32722811668513846e-05
 4.79999999999999982e+00 5.09999999999999964e+00 1.05477943102187405e-02 2.07755370601515763e-05
 5.09999999999999964e+00 5.40000000000000036e+00 1.04499756156126982e-02 1.98770725127597903e-05
 5.40000000000000036e+00 5.70000000000000018e+00 1.03278308728138816e-02 2.42496592115875296e-05
 5.70000000000000018e+00 6.00000000000000000e+00 1.02017076048435424e-02 1.95228817520414044e-05
 6.00000000000000000e+00 6.29999999999999982e+00 1.01161873394995470e-02 2.11397117234150755e-05
 6.29999999999999982e+00 6.59999999999999964e+00 1.00241402110528375e-02 1.91266883540054922e-05
 6.59999999999999964e+00 6.90000000000000036e+00 9.94897300960844409e-03 2.16249744919251713e-05
 6.90000000000000036e+00 7.20000000000000018e+00 9.87487253773403073e-03 1.61753363169774074e-05
 7.20000000000000018e+00 7.50000000000000000e+00 9.85170365254770322e-03 5.28577328268933579e-05
 7.50000000000000000e+00 7.79999999999999982e+00 9.74084822896756526e-03 1.74747772463554851e-05
 7.79999999999999982e+00 8.09999999999999964e+00 9.70044491469294196e-03 1.80366118081266499e-05
 8.09999999999999964e+00 8.40000000000000036e+00 9.65287346547480385e-03 1.81399108696670258e-05
 8.40000000000000036e+00 8.69999999999999929e+00 9.66979618087918796e-03 2.10833084001982805e-05
 8.69999999999999929e+00 9.00000000000000000e+00 9.60938098013887007e-03 1.68408093134083851e-05
 9.00000000000000000e+00 9.30000000000000071e+00 9.66277482259991251e-03 2.50675233067245416e-05
 9.30000000000000071e+00 9.59999999999999964e+00 9.65595184893211500e-03 2.00489350210288935e-05
 9.59999999999999964e+00 9.90000000000000036e+00 9.70328839967130041e-03 1.55133542887889008e-05
 9.90000000000000036e+00 1.01999999999999993e+01 9.76001638609951330e-03 1.75634891648110380e-05
 1.01999999999999993e+01 1.05000000000000000e+01 9.81116011208614872e-03 1.60710230463104375e-05
 1.05000000000000000e+01 1.08000000000000007e+01 9.82667365438374962e-03 1.73515327764460587e-05
 1.08000000000000007e+01 1.10999999999999996e+01 9.86278761366228031e-03 1.46450850356146984e-05
 1.10999999999999996e+01 1.14000000000000004e+01 9.90232003524322765e-03 1.60877324775318758e-05
 1.14000000000000004e+01 1.16999999999999993e+01 9.95479992704593683e-03 7.10093045541054834e-05
 1.16999999999999993e+01 1.20000000000000000e+01 9.86168757623744584e-03 1.58556886871631511e-05
 1.20000000000000000e+01 1.23000000000000007e+01 9.77455343596744276e-03 1.61916350422084700e-05
 1.23000000000000007e+01 1.25999999999999996e+01 9.67483136832111845e-03 1.49682236297596108e-05
 1.25999999999999996e+01 1.29000000000000004e+01 9.45707208078194576e-03 1.56870247218274471e-05
 1.29000000000000004e+01 1.31999999999999993e+01 9.28938111742702230e-03 1.70480719352623598e-05
 1.31999999999999993e+01 1.35000000000000000e+01 9.03439871993012324e-03 1.60748820167196765e-05
 1.35000000000000000e+01 1.38000000000000007e+01 8.77339388498471831e-03 1.47229411496256424e-05
 1.38000000000000007e+01 1.40999999999999996e+01 8.54042789361446862e-03 1.52593549346588029e-05
 1.40999999999999996e+01 1.44000000000000004e+01 8.29663731465305095e-03 1.43863673278555081e-05
 1.44000000000000004e+01 1.46999999999999993e+01 8.07757005285185056e-03 1.60563952131394195e-05
 1.46999999999999993e+01 1.50000000000000000e+01 7.83782551292411603e-03 1.31324776886802077e-05
 1.50000000000000000e+01 1.53000000000000007e+01 7.59810916557068956e-03 1.34916680979909673e-05
 1.53000000000000007e+01 1.55999999999999996e+01 7.39939222739581948e-03 1.95139642025767365e-05
 1.55999999999999996e+01 1.59000000000000004e+01 7.15646534155936574e-03 1.25046187014124335e-05
 1.59000000000000004e+01 1.61999999999999993e+01 6.92737152549290948e-03 1.24355890693185793e-05
 1.61999999999999993e+01 1.65000000000000000e+01 6.76103862409011078e-03 1.17398759926853134e-05
 1.65000000000000000e+01 1.68000000000000007e+01 6.56034881543109561e-03 1.35778238652994011e-05
 1.68000000000000007e+01 1.71000000000000014e+01 6.36226267492633751e-03 1.15457538915168936e-05
 1.71000000000000014e+01 1.73999999999999986e+01 6.19681145681173339e-03 1.75628914753149130e-05
 1.73999999999999986e+01 1.76999999999999993e+01 6.04190593707401233e-03 1.50867108324707989e-05
 1.76999999999999993e+01 1.80000000000000000e+01 5.87689289676301442e-03 1.13022464866190704e-05
 1.80000000000000000e+01 1.83000000000000007e+01 5.70955342386348774e-03 1.16077099269795018e-05
 1.83000000000000007e+01 1.86000000000000014e+01 5.54070238894266084e-03 1.08681560415541947e-05
 1.86000000000000014e+01 1.88999999999999986e+01 5.42879332490174560e-03 1.36925200176828693e-05
 1.88999999999999986e+01 1.91999999999999993e+01 5.28250787897523427e-03 1.20668965265751455e-05
 1.91999999999999993e+01 1.95000000000000000e+01 5.13643150505758723e-03 9.71374295738337276e-06
 1.95000000000000000e+01 1.98000000000000007e+01 5.02272493035089019e-03 1.19983240409274654e-05
 1.98000000000000007e+01 2.01000000000000014e+01 4.89489519294363049e-03 1.12635668153787114e-05
 2.01000000000000014e+01 2.03999999999999986e+01 4.77720804534304249e-03 1.12395654017298215e-05
 2.03999999999999986e+01 2.06999999999999993e+01 4.66157068060078523e-03 1.12770632221538870e-05
 2.06999999999999993e+01 2.10000000000000000e+01 4.53691610881264053e-03 1.03621283962318096e-05
 2.10000000000000000e+01 2.13000000000000007e+01 4.45308550717340556e-03 1.54667130319401871e-05
 2.13000000000000007e+01 2.16000000000000014e+01 4.32605916417886250e-03 1.06633273524132015e-05
 2.16000000000000014e+01 2.18999999999999986e+01 4.20689511756420793e-03 8.62247493409587053e-06
 2.18999999999999986e+01 2.21999999999999993e+01 4.13782885509620963e-03 1.00340753076690456e-05
 2.21999999999999993e+01 2.25000000000000000e+01 4.02100298475535026e-03 8.69600990264016799e-06
 2.25000000000000000e+01 2.28000000000000007e+01 3.92644258566836497e-03 9.04957846257381712e-06
 2.28000000000000007e+01 2.31000000000000014e+01 3.85655438138892684e-03 1.87542105839147065e-05
 2.31000000000000014e+01 2.33999999999999986e+01 3.74675428686456827e-03 9.47399089669866185e-06
 2.33999999999999986e+01 2.36999999999999993e+01 3.67424120671918991e-03 9.52167546869084704e-06
 2.36999999999999993e+01 2.40000000000000000e+01 3.60634070076225289e-03 8.57280603811237458e-06
 2.40000000000000000e+01 2.43000000000000007e+01 3.50406423896983598e-03 1.03322459561642899e-05
 2.43000000000000007e+01 2.46000000000000014e+01 3.46043350606972363e-03 2.03817789394085496e-05
 2.46000000000000014e+01 2.48999999999999986e+01 3.37264828147624662e-03 9.26025308364537076e-06
 2.48999999999999986e+01 2.51999999999999993e+01 3.29945026696126711e-03 7.42968173595590518e-06
 2.51999999999999993e+01 2.55000000000000000e+01 3.23906806709596757e-03 1.00669438594347389e-05
 2.55000000000000000e+01 2.58000000000000007e+01 3.17725724686578840e-03 8.30606299673797322e-06
 2.58000000000000007e+01 2.61000000000000014e+01 3.11686188553663996e-03 8.41837740271282028e-06
 2.61000000000000014e+01 2.63999999999999986e+01 3.05244286768528283e-03 8.74732550867084573e-06
 2.63999999999999986e+01 2.66999999999999993e+01 2.97817862236764066e-03 8.05069691722463271e-06
 2.66999999999999993e+01 2.70000000000000000e+01 2.91765553499451474e-03 8.49299356065103903e-06
 2.70000000000000000e+01 2.73000000000000007e+01 2.87145526401268690e-03 1.04107875909015916e-05
 2.73000000000000007e+01 2.76000000000000014e+01 2.80037322233654858e-03 7.60696224504641012e-06
 2.76000000000000014e+01 2.78999999999999986e+01 2.76581236066552032e-03 9.83855991939930245e-06
 2.78999999999999986e+01 2.81999999999999993e+01 2.68761878978319036e-03 7.51950734101892612e-06
 2.81999999999999993e+01 2.85000000000000000e+01 2.63054742489075930e-03 7.49478420804587288e-06
 2.85000000000000000e+01 2.88000000000000007e+01 2.57861309186148543e-03 7.40654595182151658e-06
 2.88000000000000007e+01 2.91000000000000014e+01 2.54310339046185307e-03 8.54631788080935298e-06
 2.91000000000000014e+01 2.93999999999999986e+01 2.49258190142840307e-03 7.75338220329883416e-06
 2.93999999999999986e+01 2.96999999999999993e+01 2.43828704699945329e-03 6.72835936994335851e-06
 2.96999999999999993e+01 3.00000000000000000e+01 2.39570021783663866e-03 7.45330889028002838e-06
 3.00000000000000000e+01 3.03000000000000007e+01 2.37203652961641377e-03 8.34613572501928134e-06
 3.03000000000000007e+01 3.06000000000000014e+01 2.31507118998804540e-03 7.41753948517577850e-06
 3.06000000000000014e+01 3.08999999999999986e+01 2.27263339296196638e-03 6.89968724419283222e-06
 3.08999999999999986e+01 3.11999999999999993e+01 2.22770567733557041e-03 8.10179888925449081e-06
 3.11999999999999993e+01 3.15000000000000000e+01 2.19250954279940529e-03 7.54489630204437086e-06
 3.15000000000000000e+01 3.18000000000000007e+01 2.16099992203220691e-03 6.97664069143553391e-06
 3.18000000000000007e+01 3.21000000000000014e+01 2.11602786922434434e-03 6.40533557385703607e-06
 3.21000000000000014e+01 3.23999999999999986e+01 2.07804685889328685e-03 7.44565879079345678e-06
 3.23999999999999986e+01 3.27000000000000028e+01 2.03483022101121113e-03 6.81307731529943802e-06
 3.27000000000000028e+01 3.30000000000000000e+01 2.00429702894000614e-03 5.85664877696500587e-06
 3.30000000000000000e+01 3.32999999999999972e+01 1.97156972962378571e-03 7.13312241266694943e-06
 3.32999999999999972e+01 3.36000000000000014e+01 1.93356507474517244e-03 6.49087600009911911e-06
 3.36000000000000014e+01 3.38999999999999986e+01 1.89782173935717016e-03 6.17846464437720778e-06
 3.38999999999999986e+01 3.42000000000000028e+01 1.86496030849900621e-03 7.03879823724883595e-06
 3.42000000000000028e+01 3.45000000000000000e+01 1.84347152788853926e-03 6.97280646407181581e-06
 3.45000000000000000e+01 3.47999999999999972e+01 1.82067197151256316e-03 8.99205665899991304e-06
 3.47999999999999972e+01 3.51000000000000014e+01 1.77164048608657409e-03 6.56019871089225527e-06
 3.51000000000000014e+01 3.53999999999999986e+01 1.75676230098436637e-03 6.35206609361475477e-06
 3.53999999999999986e+01 3.57000000000000028e+01 1.72366964338457581e-03 6.67773080876058771e-06
 3.57000000000000028e+01 3.60000000000000000e+01 1.69500091822274556e-03 7.21892641652271646e-06
 3.60000000000000000e+01 3.62999999999999972e+01 1.66817189756568972e-03 6.02053799358217534e-06
 3.62999999999999972e+01 3.66000000000000014e+01 1.63605378532369057e-03 7.29097317546293479e-06
 3.66000000000000014e+01 3.68999999999999986e+01 1.61511200544455229e-03 6.16219536232329126e-06
 3.68999999999999986e+01 3.72000000000000028e+01 1.58587160457549533e-03 6.22412909363513222e-06
 3.72000000000000028e+01 3.75000000000000000e+01 1.56799772496388451e-03 5.63921726861547500e-06
 3.75000000000000000e+01 3.77999999999999972e+01 1.53072795935170307e-03 5.50126238701147242e-06
 3.77999999999999972e+01 3.81000000000000014e+01 1.51712391237868822e-03 7.86364822618562029e-06
 3.81000000000000014e+01 3.83999999999999986e+01 1.48275026768752180e-03 6.66279819066691856e-06
 3.83999999999999986e+01 3.87000000000000028e+01 1.46330743776526702e-03 5.81444170757187976e-06
 3.87000000000000028e+01 3.90000000000000000e+01 1.45029812213701105e-03 5.41075957270094203e-06
 3.90000000000000000e+01 3.92999999999999972e+01 1.41515259068419430e-03 5.38107764936903929e-06
 3.92999999999999972e+01 3.96000000000000014e+01 1.40324836330898680e-03 6.87995464091384096e-06
 3.96000000000000014e+01 3.98999999999999986e+01 1.37190884277655321e-03 5.45787292094836424e-06
 3.98999999999999986e+01 4.02000000000000028e+01 1.34999185216010988e-03 5.17688317276099207e-06
 4.02000000000000028e+01 4.05000000000000000e+01 1.34095136102224352e-03 5.63618336333443596e-06
 4.05000000000000000e+01 4.07999999999999972e+01 1.30684764520309200e-03 5.44138226487366466e-06
 4.07999999999999972e+01 4.11000000000000014e+01 1.29653482855788681e-03 4.99571981076474957e-06
 4.11000000000000014e+01 4.13999999999999986e+01 1.29215156587106535e-03 7.22155470117026498e-06
 4.13999999999999986e+01 4.17000000000000028e+01 1.25838678958325014e-03 5.49219798952269971e-06
 4.17000000000000028e+01 4.20000000000000000e+01 1.24169723611837913e-03 5.26121586295211148e-06
 4.20000000000000000e+01 4.22999999999999972e+01 1.22700752614763849e-03 5.12144410518107363e-06
 4.22999999999999972e+01 4.26000000000000014e+01 1.19977279519946378e-03 5.02185191325089083e-06
 4.26000000000000014e+01 4.28999999999999986e+01 1.18677489251321419e-03 5.20042753054443374e-06
 4.28999999999999986e+01 4.32000000000000028e+01 1.16707274418011544e-03 5.81704526870387998e-06
 4.32000000000000028e+01 4.35000000000000000e+01 1.16040596628202053e-03 5.24207528040144901e-06
 4.35000000000000000e+01 4.37999999999999972e+01 1.14308972252998627e-03 5.23954890363310845e-06
 4.37999999999999972e+01 4.41000000000000014e+01 1.11315845787736943e-03 4.79268785165531715e-06
 4.41000000000000014e+01 4.43999999999999986e+01 1.09617151815036718e-03 4.73400486390912414e-06
 4.43999999999999986e+01 4.47000000000000028e+01 1.08702599616218565e-03 5.31646472370436029e-06
 4.47000000000000028e+01 4.50000000000000000e+01 1.06980006428697492e-03 4.72382296819757623e-06
 4.50000000000000000e+01 4.52999999999999972e+01 1.05996125971321220e-03 4.94378983025159055e-06
 4.52999999999999972e+01 4.56000000000000014e+01 1.05122238731025341e-03 4.78758419655015168e-06
 4.56000000000000014e+01 4.58999999999999986e+01 1.04302482683064825e-03 6.00378623649988884e-06
 4.58999999999999986e+01 4.62000000000000028e+01 1.01333776344422213e-03 4.79090775446530835e-06
 4.62000000000000028e+01 4.65000000000000000e+01 1.00473473968684494e-03 4.96927010168785669e-06
 4.65000000000000000e+01 4.67999999999999972e+01 9.84330419968738445e-04 4.79342071398414957e-06
 4.67999999999999972e+01 4.71000000000000014e+01 9.83519870111846696e-04 5.46400969555953453e-06
 4.71000000000000014e+01 4.73999999999999986e+01 9.76068034637475796e-04 6.97442917587607870e-06
 4.73999999999999986e+01 4.77000000000000028e+01 9.58545147267413316e-04 4.77026885394003576e-06
 4.77000000000000028e+01 4.80000000000000000e+01 9.41461328340330935e-04 4.84720946206548302e-06
 4.80000000000000000e+01 4.82999999999999972e+01 9.33716563230803593e-04 8.15601662604158200e-06
 4.82999999999999972e+01 4.86000000000000014e+01 9.14782806977331039e-04 4.49706165830290252e-06
 4.86000000000000014e+01 4.88999999999999986e+01 9.09388911387866991e-04 6.79421484449073717e-06
 4.88999999999999986e+01 4.92000000000000028e+01 8.91723090960603172e-04 4.39085965938912022e-06
 4.92000000000000028e+01 4.95000000000000000e+01 8.79492429458675709e-04 4.81707715173852107e-06
 4.95000000000000000e+01 4.97999999999999972e+01 8.55323240824530846e-04 4.69840311662118650e-06
 4.97999999999999972e+01 5.01000000000000014e+01 8.52291139374757641e-04 4.48536243873947054e-06
 5.01000000000000014e+01 5.03999999999999986e+01 8.41271926927724561e-04 4.56288902523230077e-06
 5.03999999999999986e+01 5.07000000000000028e+01 8.34857289275249418e-04 5.90493232266602045e-06
 5.07000000000000028e+01 5.10000000000000000e+01 8.30349350516846317e-04 4.72018255136661031e-06
 5.10000000000000000e+01 5.12999999999999972e+01 8.13667261988535806e-04 5.01097541011307161e-06
 5.12999999999999972e+01 5.16000000000000014e+01 8.48963165789361619e-04 3.50877125590574719e-05
 5.16000000000000014e+01 5.18999999999999986e+01 7.95491052087258935e-04 7.39157271346045399e-06
 5.18999999999999986e+01 5.22000000000000028e+01 7.83660187213454959e-04 4.23562367712532357e-06
 5.22000000000000028e+01 5.25000000000000000e+01 7.69684318443418741e-04 4.08659928111051431e-06
 5.25000000000000000e+01 5.27999999999999972e+01 7.61454479168012944e-04 4.40498607183998748e-06
 5.27999999999999972e+01 5.31000000000000014e+01 7.59068674943163646e-04 5.62963991143541887e-06
 5.31000000000000014e+01 5.33999999999999986e+01 7.45125906510151685e-04 4.40472236314738571e-06
 5.33999999999999986e+01 5.37000000000000028e+01 7.46146338677148007e-04 1.44230126348376263e-05
 5.37000000000000028e+01 5.40000000000000000e+01 7.22674593139719930e-04 4.27639989710845515e-06
 5.40000000000000000e+01 5.42999999999999972e+01 7.20839201005886877e-04 6.60999232789097367e-06
 5.42999999999999972e+01 5.46000000000000014e+01 7.11840112370513978e-04 4.89586926671799436e-06
 5.46000000000000014e+01 5.48999999999999986e+01 6.95478491398800582e-04 4.02113331899237223e-06
 5.48999999999999986e+01 5.52000000000000028e+01 6.85480194160758573e-04 4.00946189113944898e-06
 5.52000000000000028e+01 5.55000000000000000e+01 6.79915067290943120e-04 4.38054522020693180e-06
 5.55000000000000000e+01 5.57999999999999972e+01 6.79234195018118864e-04 4.26361564197665400e-06
 5.57999999999999972e+01 5.61000000000000014e+01 6.68100218210939691e-04 5.49908710705732161e-06
 5.61000000000000014e+01 5.63999999999999986e+01 6.55313355387282461e-04 4.31821325083917672e-06
 5.63999999999999986e+01 5.67000000000000028e+01 6.47019507878229577e-04 4.07263392259916633e-06
 5.67000000000000028e+01 5.70000000000000000e+01 6.44421152189231326e-04 4.53734665875719601e-06
 5.70000000000000000e+01 5.72999999999999972e+01 6.43783820968663371e-04 5.30005405797043122e-06
 5.72999999999999972e+01 5.76000000000000014e+01 6.29401285818416271e-04 7.92384618194382506e-06
 5.76000000000000014e+01 5.78999999999999986e+01 6.25702046050392673e-04 4.67909889808430417e-06
 5.78999999999999986e+01 5.82000000000000028e+01 6.16949913920837221e-04 4.07912953973783192e-06
 5.82000000000000028e+01 5.85000000000000000e+01 6.12924311824216013e-04 4.09290383017501643e-06
 5.85000000000000000e+01 5.87999999999999972e+01 6.01465591852745336e-04 4.11771374602259299e-06
 5.87999999999999972e+01 5.91000000000000014e+01 5.90975206840835352e-04 4.61496201340408810e-06
 5.91000000000000014e+01 5.93999999999999986e+01 5.87184321546278462e-04 4.10706697606337383e-06
 5.93999999999999986e+01 5.97000000000000028e+01 5.79916959460534767e-04 4.29758007002837482e-06
 5.97000000000000028e+01 6.00000000000000000e+01 5.82752430896472549e-04 7.93315603753069346e-06
 6.00000000000000000e+01 6.02999999999999972e+01 5.68531072264082463e-04 5.29635873699739744e-06
 6.02999999999999972e+01 6.06000000000000014e+01 5.65543537281904029e-04 4.42307457606719613e-06
 6.06000000000000014e+01 6.08999999999999986e+01 5.53404991945396986e-04 4.17742340947753740e-06
 6.08999999999999986e+01 6.12000000000000028e+01 5.46233475579823596e-04 3.85996670867261386e-06
 6.12000000000000028e+01 6.15000000000000000e+01 5.41213247395549491e-04 3.92629438721284759e-06
 6.15000000000000000e+01 6.17999999999999972e+01 5.39568418154268408e-04 5.90095607092201401e-06
 6.17999999999999972e+01 6.21000000000000014e+01 5.33161207819555930e-04 4.06022862403988357e-06
 6.21000000000000014e+01 6.23999999999999986e+01 5.21897803037069032e-04 4.12750531856376977e-06
 6.23999999999999986e+01 6.27000000000000028e+01 5.25648925195264997e-04 5.61918681794633089e-06
 6.27000000000000028e+01 6.30000000000000000e+01 5.20240382920146918e-04 6.04027649265456193e-06
 6.30000000000000000e+01 6.32999999999999972e+01 5.03087413644448165e-04 4.01279297223306054e-06
 6.32999999999999972e+01 6.36000000000000014e+01 5.04377713172182523e-04 4.00157243650993533e-06
 6.36000000000000014e+01 6.38999999999999986e+01 4.93281696327527034e-04 3.88472423513791833e-06
 6.38999999999999986e+01 6.42000000000000028e+01 4.97240806356314216e-04 5.10156214312151619e-06
 6.42000000000000028e+01 6.45000000000000000e+01 4.82790302894478465e-04 3.68421504625554007e-06
 6.45000000000000000e+01 6.47999999999999972e+01 4.78017067524628156e-04 3.65185167418510884e-06
 6.47999999999999972e+01 6.50999999999999943e+01 4.69729663010755891e-04 3.80500747779322720e-06
 6.50999999999999943e+01 6.54000000000000057e+01 4.78237454023539910e-04 4.06480238333939794e-06
 6.54000000000000057e+01 6.57000000000000028e+01 4.64775665679378273e-04 3.89380549070764362e-06
 6.57000000000000028e+01 6.60000000000000000e+01 4.69308752099038416e-04 4.24058685062832824e-06
 6.60000000000000000e+01 6.62999999999999972e+01 4.54598178134025773e-04 4.95775161971902439e-06
 6.62999999999999972e+01 6.65999999999999943e+01 4.47202173949887323e-04 4.36477831421979067e-06
 6.65999999999999943e+01 6.69000000000000057e+01 4.44470086654465916e-04 3.76184774777821047e-06
 6.69000000000000057e+01 6.72000000000000028e+01 4.46580428316588655e-04 6.12483638912583010e-06
 6.72000000000000028e+01 6.75000000000000000e+01 4.35783512878146120e-04 4.35433814776375813e-06
 6.75000000000000000e+01 6.77999999999999972e+01 4.29722986923625292e-04 3.69955694416415732e-06
 6.77999999999999972e+01 6.80999999999999943e+01 4.28853532572450694e-04 4.22800314153371913e-06
 6.80999999999999943e+01 6.84000000000000057e+01 4.26918940467317935e-04 3.99228689410497785e-06
 6.84000000000000057e+01 6.87000000000000028e+01 4.21798552629460289e-04 4.04908813155091716e-06
 6.87000000000000028e+01 6.90000000000000000e+01 4.12231359959950997e-04 3.48295284850514250e-06
 6.90000000000000000e+01 6.92999999999999972e+01 4.16762676147576234e-04 4.76575775234502556e-06
 6.92999999999999972e+01 6.95999999999999943e+01 4.05949153710539697e-04 3.75255516213160653e-06
 6.95999999999999943e+01 6.99000000000000057e+01 4.18093695592800126e-04 9.82710569857988937e-06
 6.99000000000000057e+01 7.02000000000000028e+01 3.99075458145890999e-04 3.65812276363703215e-06
 7.02000000000000028e+01 7.05000000000000000e+01 3.96978184756556767e-04 3.95448700506889531e-06
 7.05000000000000000e+01 7.07999999999999972e+01 3.96831101054478800e-04 4.41892263611421700e-06
 7.07999999999999972e+01 7.10999999999999943e+01 3.92256508963716936e-04 4.71328233600588235e-06
 7.10999999999999943e+01 7.14000000000000057e+01 3.83812861074459975e-04 3.86723464622103802e-06
 7.14000000000000057e+01 7.17000000000000028e+01 3.77913880107075230e-04 3.69315964401613746e-06
 7.17000000000000028e+01 7.20000000000000000e+01 3.73028844450963386e-04 3.74023226624611150e-06
 7.20000000000000000e+01 7.22999999999999972e+01 3.72405313655206106e-04 3.39697483837350493e-06
 7.22999999999999972e+01 7.25999999999999943e+01 3.66497434461657647e-04 3.68470652008478376e-06
 7.25999999999999943e+01 7.29000000000000057e+01 3.64421628282401012e-04 3.73708930483592488e-06
 7.29000000000000057e+01 7.32000000000000028e+01 3.63028352397911844e-04 3.73467172377221794e-06
 7.32000000000000028e+01 7.35000000000000000e+01 3.56638929864159680e-04 6.07129461405869425e-06
 7.35000000000000000e+01 7.37999999999999972e+01 3.61883604826352106e-04 5.01101679182167574e-06
 7.37999999999999972e+01 7.40999999999999943e+01 3.48650462794122189e-04 3.69100412969406171e-06
 7.40999999999999943e+01 7.44000000000000057e+01 3.69821971665086114e-04 1.25850324239282229e-05
 7.44000000000000057e+01 7.47000000000000028e+01 3.44079551172549289e-04 3.50293252150453525e-06
 7.47000000000000028e+01 7.50000000000000000e+01 3.38975853961991710e-04 3.43997997277819402e-06
 7.50000000000000000e+01 7.52999999999999972e+01 3.54803398643345274e-04 1.14460586749887587e-05
 7.52999999999999972e+01 7.55999999999999943e+01 3.39210289127523247e-04 4.08202071225393350e-06
 7.55999999999999943e+01 7.59000000000000057e+01 3.30325534451410936e-04 4.53701069886395199e-06
 7.59000000000000057e+01 7.62000000000000028e+01 3.26063115889733382e-04 4.50860481660108170e-06
 7.62000000000000028e+01 7.65000000000000000e+01 3.25064315486718472e-04 3.45325805950393891e-06
 7.65000000000000000e+01 7.67999999999999972e+01 3.20265187845203718e-04 3.50422749348124340e-06
 7.67999999999999972e+01 7.70999999999999943e+01 3.14374627395873178e-04 3.57841592183321017e-06
 7.70999999999999943e+01 7.74000000000000057e+01 3.11745318438131486e-04 3.45234483888424372e-06
 7.74000000000000057e+01 7.77000000000000028e+01 3.11812611433392214e-04 3.62105623685224475e-06
 7.77000000000000028e+01 7.80000000000000000e+01 3.12989607802837365e-04 3.52507860057661621e-06
 7.80000000000000000e+01 7.82999999999999972e+01 3.06706422646279317e-04 3.75105091670203891e-06
 7.82999999999999972e+01 7.85999999999999943e+01 3.01499663270943805e-04 3.66056684591997313e-06
 7.85999999999999943e+01 7.89000000000000057e+01 2.99000731204720962e-04 3.10274626644779230e-06
 7.89000000000000057e+01 7.92000000000000028e+01 3.00581108765208931e-04 3.57515900114056715e-06
 7.92000000000000028e+01 7.95000000000000000e+01 2.99142157177380449e-04 3.61175832233967979e-06
 7.95000000000000000e+01 7.97999999999999972e+01 2.92638264232855498e-04 3.56719924286548717e-06
 7.97999999999999972e+01 8.00999999999999943e+01 2.85927832050403080e-04 3.54963031967461796e-06
 8.00999999999999943e+01 8.04000000000000057e+01 2.87297548016011365e-04 3.25969006585292550e-06
 8.04000000000000057e+01 8.07000000000000028e+01 2.86919124138579145e-04 4.75074409956038099e-06
 8.07000000000000028e+01 8.10000000000000000e+01 2.83085001827294044e-04 3.19604995894452786e-06
 8.10000000000000000e+01 8.12999999999999972e+01 2.79575934136420783e-04 3.12555266716969216e-06
 8.12999999999999972e+01 8.15999999999999943e+01 2.78664063455096565e-04 3.42901254528827347e-06
 8.15999999999999943e+01 8.19000000000000057e+01 2.77502824389559873e-04 3.40461564925498603e-06
 8.19000000000000057e+01 8.22000000000000028e+01 2.69399647861897837e-04 3.32612088814816022e-06
 8.22000000000000028e+01 8.25000000000000000e+01 2.70777778942398796e-04 3.56307305909393513e-06
 8.25000000000000000e+01 8.27999999999999972e+01 2.65560714864238848e-04 3.18002987946044299e-06
 8.27999999999999972e+01 8.30999999999999943e+01 2.65679576071118381e-04 3.88882271593224643e-06
 8.30999999999999943e+01 8.34000000000000057e+01 2.62502447279713987e-04 3.16920365683303256e-06
 8.34000000000000057e+01 8.37000000000000028e+01 2.72121368978914702e-04 8.63008058028133102e-06
 8.37000000000000028e+01 8.40000000000000000e+01 2.53385682711056701e-04 3.08758402349720035e-06
 8.40000000000000000e+01 8.42999999999999972e+01 2.52160247055989732e-04 3.16069700860068763e-06
 8.42999999999999972e+01 8.45999999999999943e+01 2.50425677415102882e-04 3.20905520107024140e-06
 8.45999999999999943e+01 8.49000000000000057e+01 2.52141430067760427e-04 3.34388221640073822e-06
 8.49000000000000057e+01 8.52000000000000028e+01 2.46575864919147875e-04 3.06245822482860488e-06
 8.52000000000000028e+01 8.55000000000000000e+01 2.40034982020912287e-04 2.88412732603084922e-06
 8.55000000000000000e+01 8.57999999999999972e+01 2.46825066897102437e-04 3.80919952540433770e-06
 8.57999999999999972e+01 8.60999999999999943e+01 2.50172404634829281e-04 4.73060647280022489e-06
 8.60999999999999943e+01 8.64000000000000057e+01 2.45731678541800448e-04 3.55595132386560971e-06
 8.64000000000000057e+01 8.67000000000000028e+01 2.32970811056357451e-04 3.50384091083138802e-06
 8.67000000000000028e+01 8.70000000000000000e+01 2.39822264790260541e-04 5.26286056103300424e-06
 8.70000000000000000e+01 8.72999999999999972e+01 2.28646958199277132e-04 2.99546691638414914e-06
 8.72999999999999972e+01 8.75999999999999943e+01 2.36550280708307839e-04 3.42094248750556834e-06
 8.75999999999999943e+01 8.79000000000000057e+01 2.35884558371921460e-04 7.12183193144268318e-06
 8.79000000000000057e+01 8.82000000000000028e+01 2.28202779331045059e-04 3.48072293759255510e-06
 8.82000000000000028e+01 8.85000000000000000e+01 2.23880705107587963e-04 3.68808164136339164e-06
 8.85000000000000000e+01 8.87999999999999972e+01 2.31582529440354221e-04 3.81637025774900540e-06
 8.87999999999999972e+01 8.90999999999999943e+01 2.25700870433808809e-04 3.42545245824345737e-06
 8.90999999999999943e+01 8.94000000000000057e+01 2.18752108661979895e-04 3.06889110313512587e-06
 8.94000000000000057e+01 8.97000000000000028e+01 2.19186172720600258e-04 3.44884195068693381e-06
 8.97000000000000028e+01 9.00000000000000000e+01 2.14156562309934578e-04 3.56244370546185574e-06
 9.00000000000000000e+01 9.02999999999999972e+01 2.12711564264854869e-04 3.34065890231567377e-06
 9.02999999999999972e+01 9.05999999999999943e+01 2.12990000888265053e-04 3.02071924313635512e-06
 9.05999999999999943e+01 9.09000000000000057e+01 2.13238604125546904e-04 3.51075014505838493e-06
 9.09000000000000057e+01 9.12000000000000028e+01 2.12191483840337995e-04 5.07476364154975639e-06
 9.12000000000000028e+01 9.15000000000000000e+01 2.06237674893239666e-04 3.57152121421353373e-06
 9.15000000000000000e+01 9.17999999999999972e+01 2.10170490675823650e-04 3.44304053170068860e-06
 9.17999999999999972e+01 9.20999999999999943e+01 1.99700901386900100e-04 2.92090097113157141e-06
 9.20999999999999943e+01 9.24000000000000057e+01 2.00307510627595835e-04 3.15292479010343358e-06
 9.24000000000000057e+01 9.27000000000000028e+01 2.04875168510445024e-04 4.29022723873177033e-06
 9.27000000000000028e+01 9.30000000000000000e+01 2.00230022029802433e-04 3.21061519541271974e-06
 9.30000000000000000e+01 9.32999999999999972e+01 1.97706730567505465e-04 3.29444622912983241e-06
 9.32999999999999972e+01 9.35999999999999943e+01 1.95295001994172601e-04 3.47204117411328052e-06
 9.35999999999999943e+01 9.39000000000000057e+01 1.94883590582753706e-04 3.03641589678460653e-06
 9.39000000000000057e+01 9.42000000000000028e+01 1.92334838269733798e-04 2.98414476358391424e-06
 9.42000000000000028e+01 9.45000000000000000e+01 1.92796575327459381e-04 3.49981340268024332e-06
 9.45000000000000000e+01 9.47999999999999972e+01 1.87127680837070491e-04 3.12650791955136305e-06
 9.47999999999999972e+01 9.50999999999999943e+01 1.87487340298717769e-04 2.78817644844357247e-06
 9.50999999999999943e+01 9.54000000000000057e+01 1.88577149182597801e-04 3.39854555017199936e-06
 9.54000000000000057e+01 9.57000000000000028e+01 1.78573273683065237e-04 2.84455127038570354e-06
 9.57000000000000028e+01 9.60000000000000000e+01 1.85735025409710546e-04 3.49949314062595842e-06
 9.60000000000000000e+01 9.62999999999999972e+01 1.78918750141042623e-04 3.05582229043401015e-06
 9.62999999999999972e+01 9.65999999999999943e+01 1.77699676356262115e-04 3.05398036559491881e-06
 9.65999999999999943e+01 9.69000000000000057e+01 1.79318488924147648e-04 3.91769659546526273e-06
 9.69000000000000057e+01 9.72000000000000028e+01 1.80527357831003260e-04 3.31354250193257145e-06
 9.72000000000000028e+01 9.75000000000000000e+01 1.77283221839344125e-04 3.00839294198478971e-06
 9.75000000000000000e+01 9.77999999999999972e+01 1.79899240662627623e-04 6.21860526167663912e-06
 9.77999999999999972e+01 9.80999999999999943e+01 1.66753968152742363e-04 4.62665119210301792e-06
 9.80999999999999943e+01 9.84000000000000057e+01 1.67329872508493592e-04 2.71532893459992612e-06
 9.84000000000000057e+01 9.87000000000000028e+01 1.66797207902192988e-04 2.96087268130069352e-06
 9.87000000000000028e+01 9.90000000000000000e+01 1.69150939819894696e-04 3.61018680489273308e-06
 9.90000000000000000e+01 9.92999999999999972e+01 1.71255220056213363e-04 3.54626713598371499e-06
 9.92999999999999972e+01 9.95999999999999943e+01 1.66102234874563757e-04 3.37291153184109687e-06
 9.95999999999999943e+01 9.99000000000000057e+01 1.87185459554733058e-04 1.52183601096488339e-05
 9.99000000000000057e+01 1.00200000000000003e+02 1.69446586922965107e-04 3.30832029022853104e-06
 1.00200000000000003e+02 1.00500000000000000e+02 1.61777624703381438e-04 3.23296711065767251e-06
 1.00500000000000000e+02 1.00799999999999997e+02 1.65605815555074169e-04 3.40717751787721595e-06
 1.00799999999999997e+02 1.01099999999999994e+02 1.56391810550482148e-04 3.07093424832433171e-06
 1.01099999999999994e+02 1.01400000000000006e+02 1.63481989739120402e-04 4.48357619898941664e-06
 1.01400000000000006e+02 1.01700000000000003e+02 1.64014205306539109e-04 3.41625667942821654e-06
 1.01700000000000003e+02 1.02000000000000000e+02 1.60106873384567849e-04 5.33362898388168576e-06
 1.02000000000000000e+02 1.02299999999999997e+02 1.54906117105773223e-04 2.82256428014450330e-06
 1.02299999999999997e+02 1.02599999999999994e+02 1.55801677289400461e-04 4.68117933652758524e-06
 1.02599999999999994e+02 1.02900000000000006e+02 1.52250344175662756e-04 2.92160025785883052e-06
 1.02900000000000006e+02 1.03200000000000003e+02 1.55682478058036548e-04 4.10222868141869902e-06
 1.03200000000000003e+02 1.03500000000000000e+02 1.44396488880242283e-04 2.70166808778930751e-06
 1.03500000000000000e+02 1.03799999999999997e+02 1.54903193784156572e-04 4.11486442453429303e-06
 1.03799999999999997e+02 1.04099999999999994e+02 1.50337474897523413e-04 3.01593591090226355e-06
 1.04099999999999994e+02 1.04400000000000006e+02 1.46375208283614633e-04 3.23045600984422272e-06
 1.04400000000000006e+02 1.04700000000000003e+02 1.43656901226452333e-04 2.75732236330874580e-06
 1.04700000000000003e+02 1.05000000000000000e+02 1.39674750092562503e-04 2.73305403994123145e-06
 1.05000000000000000e+02 1.05299999999999997e+02 1.43119736043470811e-04 3.21057641649419398e-06
 1.05299999999999997e+02 1.05599999999999994e+02 1.47098935034067988e-04 3.50438238818755249e-06
 1.05599999999999994e+02 1.05900000000000006e+02 1.38999496485516980e-04 2.90082456296424514e-06
 1.05900000000000006e+02 1.06200000000000003e+02 1.38211813960872535e-04 2.79675983224493105e-06
 1.06200000000000003e+02 1.06500000000000000e+02 1.36985348889896523e-04 2.82704120236843599e-06
 1.06500000000000000e+02 1.06799999999999997e+02 1.38801550021984421e-04 3.22098293398781616e-06
 1.06799999999999997e+02 1.07099999999999994e+02 1.40573647730323842e-04 2.91741873520132205e-06
 1.07099999999999994e+02 1.07400000000000006e+02 1.34457912283210011e-04 3.55309585077910842e-06
 1.07400000000000006e+02 1.07700000000000003e+02 1.31702216812866685e-04 2.65101111372918026e-06
 1.07700000000000003e+02 1.08000000000000000e+02 1.35740862426921922e-04 2.78394909609159258e-06
 1.08000000000000000e+02 1.08299999999999997e+02 1.32050780888171032e-04 2.80869400575293315e-06
 1.08299999999999997e+02 1.08599999999999994e+02 1.27232407287549516e-04 2.58144978085265271e-06
 1.08599999999999994e+02 1.08900000000000006e+02 1.30579244169369075e-04 2.69955775782528445e-06
 1.08900000000000006e+02 1.09200000000000003e+02 1.30429902663341799e-04 2.81333455248952724e-06
 1.09200000000000003e+02 1.09500000000000000e+02 1.24306191438040983e-04 3.01039696315939265e-06
 1.09500000000000000e+02 1.09799999999999997e+02 1.27221945118469578e-04 2.74036647006485623e-06
 1.09799999999999997e+02 1.10099999999999994e+02 1.26516428676439038e-04 2.73675591783048093e-06
 1.10099999999999994e+02 1.10400000000000006e+02 1.16867545686660698e-04 2.75499249946182427e-06
 1.10400000000000006e+02 1.10700000000000003e+02 1.22868109175131355e-04 3.05586491896510367e-06
 1.10700000000000003e+02 1.11000000000000000e+02 1.24242669657245692e-04 3.11748030925256600e-06
 1.11000000000000000e+02 1.11299999999999997e+02 1.22070805466365753e-04 2.71412572139922654e-06
 1.11299999999999997e+02 1.11599999999999994e+02 1.26267611504066217e-04 2.73387613659985310e-06
 1.11599999999999994e+02 1.11900000000000006e+02 1.24779946989450364e-04 3.93642856122514715e-06
 1.11900000000000006e+02 1.12200000000000003e+02 1.20890172216380753e-04 3.71522244097748756e-06
 1.12200000000000003e+02 1.12500000000000000e+02 1.23921509486220202e-04 3.87382167688620858e-06
 1.12500000000000000e+02 1.12799999999999997e+02 1.23851325986428597e-04 3.08009096759084562e-06
 1.12799999999999997e+02 1.13099999999999994e+02 1.13975773761342588e-04 2.88897387550695429e-06
 1.13099999999999994e+02 1.13400000000000006e+02 1.16923476620612991e-04 2.94644266529799502e-06
 1.13400000000000006e+02 1.13700000000000003e+02 1.13638844240961724e-04 2.82967828260486705e-06
 1.13700000000000003e+02 1.14000000000000000e+02 1.14174320139798129e-04 2.55329637040892330e-06
 1.14000000000000000e+02 1.14299999999999997e+02 1.16809456718249170e-04 3.19514071092414406e-06
 1.14299999999999997e+02 1.14599999999999994e+02 1.10896908288284852e-04 2.52638322443694469e-06
 1.14599999999999994e+02 1.14900000000000006e+02 1.13265223828667725e-04 3.07929597573567841e-06
 1.14900000000000006e+02 1.15200000000000003e+02 1.08100460116479488e-04 2.81253809965708665e-06
 1.15200000000000003e+02 1.15500000000000000e+02 1.08365963089024014e-04 2.56155417564967815e-06
 1.15500000000000000e+02 1.15799999999999997e+02 1.09048718397622847e-04 2.60549970056803517e-06
 1.15799999999999997e+02 1.16099999999999994e+02 1.06149252912413305e-04 3.03791106878704785e-06
 1.16099999999999994e+02 1.16400000000000006e+02 1.12772223734767242e-04 3.56128973473724935e-06
 1.16400000000000006e+02 1.16700000000000003e+02 1.09088696043635472e-04 3.34872396946724141e-06
 1.16700000000000003e+02 1.17000000000000000e+02 1.08690411450015353e-04 5.54779955859628149e-06
 1.17000000000000000e+02 1.17299999999999997e+02 1.03920313369035766e-04 4.27946225608615738e-06
 1.17299999999999997e+02 1.17599999999999994e+02 1.08854370461703345e-04 2.90768108407495873e-06
 1.17599999999999994e+02 1.17900000000000006e+02 1.15436408806965450e-04 1.38967670142315598e-05
 1.17900000000000006e+02 1.18200000000000003e+02 1.01184863006944945e-04 2.76868032473928871e-06
 1.18200000000000003e+02 1.18500000000000000e+02 1.03225489174331211e-04 2.79065431399500070e-06
 1.18500000000000000e+02 1.18799999999999997e+02 1.07185345503524863e-04 2.88428454677137566e-06
 1.18799999999999997e+02 1.19099999999999994e+02 1.01698060486449102e-04 2.77297615548182661e-06
 1.19099999999999994e+02 1.19400000000000006e+02 9.36829217134844283e-05 2.77659921947357913e-06
 1.19400000000000006e+02 1.19700000000000003e+02 9.99221140215767633e-05 2.57704949962488812e-06
 1.19700000000000003e+02 1.20000000000000000e+02 9.88526032623804471e-05 2.91712132906967245e-06
 1.20000000000000000e+02 1.20299999999999997e+02 9.80487034972581085e-05 2.65844720841688502e-06
 1.20299999999999997e+02 1.20599999999999994e+02 9.64759491374083712e-05 2.70841828462129827e-06
 1.20599999999999994e+02 1.20900000000000006e+02 9.05001231091515529e-05 2.49593095380683197e-06
 1.20900000000000006e+02 1.21200000000000003e+02 9.56480055275277930e-05 2.76185053123367182e-06
 1.21200000000000003e+02 1.21500000000000000e+02 9.81207947071600803e-05 3.82841594874761446e-06
 1.21500000000000000e+02 1.21799999999999997e+02 1.04310734318209913e-04 8.85424801547252249e-06
 1.21799999999999997e+02 1.22099999999999994e+02 9.76216461986796819e-05 3.28614379967951051e-06
 1.22099999999999994e+02 1.22400000000000006e+02 9.27190349656831719e-05 3.33217555038418077e-06
 1.22400000000000006e+02 1.22700000000000003e+02 9.05573727643193378e-05 2.83162147225595736e-06
 1.22700000000000003e+02 1.23000000000000000e+02 8.67262641769765821e-05 2.25983791633045154e-06
 1.23000000000000000e+02 1.23299999999999997e+02 8.75951699155455457e-05 3.07938694240175278e-06
 1.23299999999999997e+02 1.23599999999999994e+02 8.65434087999991159e-05 2.67106236654421083e-06
 1.23599999999999994e+02 1.23900000000000006e+02 8.64872251136943960e-05 2.38170393817618041e-06
 1.23900000000000006e+02 1.24200000000000003e+02 9.30527813490306723e-05 3.13465339194182339e-06
 1.24200000000000003e+02 1.24500000000000000e+02 8.62628770056603222e-05 3.81368822576241432e-06
 1.24500000000000000e+02 1.24799999999999997e+02 8.06467044295651350e-05 2.43129015415317827e-06
 1.24799999999999997e+02 1.25099999999999994e+02 8.59390549238692501e-05 2.92792988513852360e-06
 1.25099999999999994e+02 1.25400000000000006e+02 8.45790973633152500e-05 2.72024056557349922e-06
 1.25400000000000006e+02 1.25700000000000003e+02 7.90802987636144426e-05 2.34710553872050774e-06
 1.25700000000000003e+02 1.26000000000000000e+02 8.13639193958378635e-05 2.69938693851414878e-06
 1.26000000000000000e+02 1.26299999999999997e+02 8.75676717567201658e-05 3.26195958278337671e-06
 1.26299999999999997e+02 1.26599999999999994e+02 8.35341207906923120e-05 2.94829876243251171e-06
 1.26599999999999994e+02 1.26900000000000006e+02 8.41602532089895497e-05 2.73388499560381642e-06
 1.26900000000000006e+02 1.27200000000000003e+02 8.25818213796193098e-05 2.65627592574458654e-06
 1.27200000000000003e+02 1.27500000000000000e+02 7.91670690209698302e-05 3.07744504999711343e-06
 1.27500000000000000e+02 1.27799999999999997e+02 7.74552716689728770e-05 2.35805472205724693e-06
 1.27799999999999997e+02 1.28099999999999994e+02 8.41893911841389719e-05 2.87906162157555984e-06
 1.28099999999999994e+02 1.28400000000000006e+02 7.41529180649933619e-05 2.47332501365793718e-06
 1.28400000000000006e+02 1.28699999999999989e+02 7.74380016514199671e-05 2.58810937406047959e-06
 1.28699999999999989e+02 1.29000000000000000e+02 7.64836111643718298e-05 2.87211294139019444e-06
 1.29000000000000000e+02 1.29300000000000011e+02 7.81009513263733506e-05 2.82835992357813841e-06
 1.29300000000000011e+02 1.29599999999999994e+02 7.33616925046211158e-05 2.53820937653854506e-06
 1.29599999999999994e+02 1.29900000000000006e+02 7.68909531177849230e-05 3.16543817053313014e-06
 1.29900000000000006e+02 1.30199999999999989e+02 7.61890208691639123e-05 2.89589751824940184e-06
 1.30199999999999989e+02 1.30500000000000000e+02 7.73810022186621673e-05 2.67277343524583135e-06
 1.30500000000000000e+02 1.30800000000000011e+02 7.12876300992825075e-05 2.78110481813511896e-06
 1.30800000000000011e+02 1.31099999999999994e+02 7.33522475516565809e-05 2.90781575770599372e-06
 1.31099999999999994e+02 1.31400000000000006e+02 8.09029963564657895e-05 5.37970786522312497e-06
 1.31400000000000006e+02 1.31699999999999989e+02 7.45759048659302011e-05 3.10756588478341529e-06
 1.31699999999999989e+02 1.32000000000000000e+02 6.97549885922039720e-05 2.94684420699530771e-06
 1.32000000000000000e+02 1.32300000000000011e+02 7.09000118346971920e-05 3.12551147716446584e-06
 1.32300000000000011e+02 1.32599999999999994e+02 7.03256088476760264e-05 2.70323049031787926e-06
 1.32599999999999994e+02 1.32900000000000006e+02 7.16668588459629227e-05 2.70746951145487105e-06
 1.32900000000000006e+02 1.33199999999999989e+02 6.98646870041721589e-05 2.46999865373486604e-06
 1.33199999999999989e+02 1.33500000000000000e+02 7.08316534141573622e-05 3.04056092796002332e-06
 1.33500000000000000e+02 1.33800000000000011e+02 6.78329114276002049e-05 2.80247859739396691e-06
 1.33800000000000011e+02 1.34099999999999994e+02 6.99214466304171089e-05 2.71543403981266649e-06
 1.34099999999999994e+02 1.34400000000000006e+02 6.05454385533702992e-05 2.30457463868361788e-06
 1.34400000000000006e+02 1.34699999999999989e+02 6.78478838025906039e-05 3.13267591050756772e-06
 1.34699999999999989e+02 1.35000000000000000e+02 6.82845662116454938e-05 2.71298755970308519e-06
 1.35000000000000000e+02 1.35300000000000011e+02 6.88202710790226815e-05 2.84030914693547470e-06
 1.35300000000000011e+02 1.35599999999999994e+02 6.86751888345340036e-05 4.09773465596432985e-06
 1.35599999999999994e+02 1.35900000000000006e+02 6.65544504947426519e-05 3.07120030051853679e-06
 1.35900000000000006e+02 1.36199999999999989e+02 6.45319453905713382e-05 3.08058167892897282e-06
 1.36199999999999989e+02 1.36500000000000000e+02 6.54765115394620017e-05 5.14442959176234968e-06
 1.36500000000000000e+02 1.36800000000000011e+02 5.84954424603620652e-05 2.41835040509971652e-06
 1.36800000000000011e+02 1.37099999999999994e+02 6.50976497617193270e-05 3.32786091216884037e-06
 1.37099999999999994e+02 1.37400000000000006e+02 6.31726797399003370e-05 2.55451208374280147e-06
 1.37400000000000006e+02 1.37699999999999989e+02 6.15006744236777566e-05 3.13996965962798743e-06
 1.37699999999999989e+02 1.38000000000000000e+02 6.05658792238080782e-05 2.68797110334795037e-06
 1.38000000000000000e+02 1.38300000000000011e+02 5.69758072016488207e-05 2.71220731713890051e-06
 1.38300000000000011e+02 1.38599999999999994e+02 6.01553948741147254e-05 2.60513673141315620e-06
 1.38599999999999994e+02 1.38900000000000006e+02 5.62678787514500668e-05 2.36007741281872032e-06
 1.38900000000000006e+02 1.39199999999999989e+02 5.60581977430878997e-05 2.41065478351623190e-06
 1.39199999999999989e+02 1.39500000000000000e+02 5.64124443581650993e-05 2.81932859258924928e-06
 1.39500000000000000e+02 1.39800000000000011e+02 5.25702486851388335e-05 2.53518230566630192e-06
 1.39800000000000011e+02 1.40099999999999994e+02 6.19221179725756995e-05 3.25937421705409157e-06
 1.40099999999999994e+02 1.40400000000000006e+02 5.60654858619012887e-05 2.71131430161750934e-06
 1.40400000000000006e+02 1.40699999999999989e+02 5.39141111662260378e-05 2.29844313607586543e-06
 1.40699999999999989e+02 1.41000000000000000e+02 5.27000139383528458e-05 2.64780890780542129e-06
 1.41000000000000000e+02 1.41300000000000011e+02 5.07297873455888135e-05 2.44849253453574724e-06
 1.41300000000000011e+02 1.41599999999999994e+02 5.05943396307639392e-05 2.44540826361310058e-06
 1.41599999999999994e+02 1.41900000000000006e+02 4.75227565693661601e-05 2.01093291310134702e-06
 1.41900000000000006e+02 1.42199999999999989e+02 5.10097969060466371e-05 2.53131465317883525e-06
 1.42199999999999989e+02 1.42500000000000000e+02 4.97885269694958160e-05 2.90600117377391084e-06
 1.42500000000000000e+02 1.42800000000000011e+02 4.57306536765335198e-05 2.38672787918708710e-06
 1.42800000000000011e+02 1.43099999999999994e+02 4.58732889922370277e-05 2.24093146735009896e-06
 1.43099999999999994e+02 1.43400000000000006e+02 4.24052002215645797e-05 2.07046423005725177e-06
 1.43400000000000006e+02 1.43699999999999989e+02 4.34116486614570689e-05 2.30009437870037718e-06
 1.43699999999999989e+02 1.44000000000000000e+02 4.24066508426500989e-05 2.42090533216919679e-06
 1.44000000000000000e+02 1.44300000000000011e+02 4.26990249994221616e-05 2.35336663633661416e-06
 1.44300000000000011e+02 1.44599999999999994e+02 4.76896918500306719e-05 3.37517053719857592e-06
 1.44599999999999994e+02 1.44900000000000006e+02 4.06260374770042951e-05 2.25382900723420567e-06
 1.44900000000000006e+02 1.45199999999999989e+02 3.84026336451751983e-05 2.39001219178556319e-06
 1.45199999999999989e+02 1.45500000000000000e+02 3.93423077035633776e-05 2.21003263935687143e-06
 1.45500000000000000e+02 1.45800000000000011e+02 3.89350378708949431e-05 2.24375269221196272e-06
 1.45800000000000011e+02 1.46099999999999994e+02 3.25870090506339452e-05 1.67680455188267278e-06
 1.46099999999999994e+02 1.46400000000000006e+02 3.47741967743068125e-05 2.29860197949149847e-06
 1.46400000000000006e+02 1.46699999999999989e+02 3.22389074922489754e-05 1.67355198252964191e-06
 1.46699999999999989e+02 1.47000000000000000e+02 3.29480488737734267e-05 2.03021838886611772e-06
 1.47000000000000000e+02 1.47300000000000011e+02 3.43378138462089170e-05 3.06338904131223384e-06
 1.47300000000000011e+02 1.47599999999999994e+02 3.25678163594544034e-05 2.11640311909302599e-06
 1.47599999999999994e+02 1.47900000000000006e+02 3.12999112744960276e-05 2.32944345215658691e-06
 1.47900000000000006e+02 1.48199999999999989e+02 3.54095767238787697e-05 3.14406168957526575e-06
 1.48199999999999989e+02 1.48500000000000000e+02 3.12267831228453280e-05 1.80208346393496589e-06
 1.48500000000000000e+02 1.48800000000000011e+02 3.24863564093019945e-05 1.93393493262994719e-06
 1.48800000000000011e+02 1.49099999999999994e+02 2.96950513658115365e-05 1.71636962781894727e-06
 1.49099999999999994e+02 1.49400000000000006e+02 2.86621120487572467e-05 1.64990361683585069e-06
 1.49400000000000006e+02 1.49699999999999989e+02 2.70777559920900741e-05 1.76959635733450664e-06
 1.49699999999999989e+02 1.50000000000000000e+02 2.73183166065666457e-05 1.85840204223065307e-06
 1.50000000000000000e+02 1.50300000000000011e+02 2.74376003083230384e-05 1.92048625569889608e-06
 1.50300000000000011e+02 1.50599999999999994e+02 2.77950484152641115e-05 1.92672558111707145e-06
 1.50599999999999994e+02 1.50900000000000006e+02 2.58000471649658792e-05 1.56873189648911472e-06
 1.50900000000000006e+02 1.51199999999999989e+02 2.25959228214842738e-05 1.44303461030188738e-06
 1.51199999999999989e+02 1.51500000000000000e+02 2.53254695661086141e-05 1.44064021807069338e-06
 1.51500000000000000e+02 1.51800000000000011e+02 2.58907909197045139e-05 1.73307200319526180e-06
 1.51800000000000011e+02 1.52099999999999994e+02 2.54742800528458194e-05 1.87874562258374060e-06
 1.52099999999999994e+02 1.52400000000000006e+02 3.01467323019793970e-05 2.49813931587344413e-06
 1.52400000000000006e+02 1.52699999999999989e+02 2.34275847730569847e-05 1.41766822658454986e-06
 1.52699999999999989e+02 1.53000000000000000e+02 2.25743560411480558e-05 1.57840421355061581e-06
 1.53000000000000000e+02 1.53300000000000011e+02 2.35789450363256842e-05 1.39974005984135154e-06
 1.53300000000000011e+02 1.53599999999999994e+02 2.35737235441443640e-05 1.57835591156350672e-06
 1.53599999999999994e+02 1.53900000000000006e+02 2.80350319301136147e-05 3.11059487242998860e-06
 1.53900000000000006e+02 1.54199999999999989e+02 1.95469444511949705e-05 1.27164116698668440e-06
 1.54199999999999989e+02 1.54500000000000000e+02 2.67137046628908295e-05 1.87663236348660406e-06
 1.54500000000000000e+02 1.54800000000000011e+02 1.98077746126681355e-05 1.41056507322501804e-06
 1.54800000000000011e+02 1.55099999999999994e+02 2.12776121373423780e-05 1.45530942201756804e-06
 1.55099999999999994e+02 1.55400000000000006e+02 1.85286407410712908e-05 1.26370488875068805e-06
 1.55400000000000006e+02 1.55699999999999989e+02 2.16499764061006618e-05 1.52013100086100737e-06
 1.55699999999999989e+02 1.56000000000000000e+02 1.89145251274429323e-05 1.33380007478672367e-06
 1.56000000000000000e+02 1.56300000000000011e+02 2.04841580917480148e-05 1.47276202975879701e-06
 1.56300000000000011e+02 1.56599999999999994e+02 2.05489295838672865e-05 1.44835747528691354e-06
 1.56599999999999994e+02 1.56900000000000006e+02 1.81723777898676858e-05 1.29170558978204064e-06
 1.56900000000000006e+02 1.57199999999999989e+02 2.98001776940417447e-05 6.58786751421078389e-06
 1.57199999999999989e+02 1.57500000000000000e+02 1.64622273944609093e-05 1.26940498891751198e-06
 1.57500000000000000e+02 1.57800000000000011e+02 1.86391146748676705e-05 1.39618621590591353e-06
 1.57800000000000011e+02 1.58099999999999994e+02 1.87980383680659387e-05 1.27801341232819608e-06
 1.58099999999999994e+02 1.58400000000000006e+02 2.01253617945511607e-05 1.41477457497133914e-06
 1.58400000000000006e+02 1.58699999999999989e+02 2.01892472513375436e-05 1.85847003352693232e-06
 1.58699999999999989e+02 1.59000000000000000e+02 1.79912957419798771e-05 1.30284262690684754e-06
 1.59000000000000000e+02 1.59300000000000011e+02 1.75600646858850812e-05 1.25601283963556949e-06
 1.59300000000000011e+02 1.59599999999999994e+02 1.78842712371834400e-05 1.32715208099324375e-06
 1.59599999999999994e+02 1.59900000000000006e+02 1.80331915762091692e-05 1.32742415663853806e-06
 1.59900000000000006e+02 1.60199999999999989e+02 1.70679713000784949e-05 1.25075965150620385e-06
 1.60199999999999989e+02 1.60500000000000000e+02 1.63110996780844037e-05 1.28248493585120193e-06
 1.60500000000000000e+02 1.60800000000000011e+02 1.68769432244241190e-05 1.27702228413560125e-06
 1.60800000000000011e+02 1.61099999999999994e+02 1.63583624195906540e-05 1.20693596334888964e-06
 1.61099999999999994e+02 1.61400000000000006e+02 1.86582322599007617e-05 1.35805112426664482e-06
 1.61400000000000006e+02 1.61699999999999989e+02 1.72415857211820388e-05 1.52713300377962472e-06
 1.61699999999999989e+02 1.62000000000000000e+02 1.42142528000044557e-05 1.24967978427779760e-06
 1.62000000000000000e+02 1.62300000000000011e+02 1.61225916562125746e-05 1.38917506336799139e-06
 1.62300000000000011e+02 1.62599999999999994e+02 1.81443295657770473e-05 1.69398536008458942e-06
 1.62599999999999994e+02 1.62900000000000006e+02 1.62937999305621191e-05 1.31932052081701571e-06
 1.62900000000000006e+02 1.63199999999999989e+02 1.65042347218838225e-05 1.33713953467462778e-06
 1.63199999999999989e+02 1.63500000000000000e+02 1.61663686040034813e-05 1.21100300329655652e-06
 1.63500000000000000e+02 1.63800000000000011e+02 1.69328445496361273e-05 1.36723178202593520e-06
 1.63800000000000011e+02 1.64099999999999994e+02 1.64375530457292401e-05 1.37603768850343484e-06
 1.64099999999999994e+02 1.64400000000000006e+02 1.42244693649827015e-05 1.13483855107495130e-06
 1.64400000000000006e+02 1.64699999999999989e+02 2.19859027844670258e-05 4.64889081202254526e-06
 1.64699999999999989e+02 1.65000000000000000e+02 1.29870390540758517e-05 9.93585258799863584e-07
 1.65000000000000000e+02 1.65300000000000011e+02 1.69608126194422228e-05 1.86557717583549390e-06
 1.65300000000000011e+02 1.65599999999999994e+02 1.48533726490858275e-05 1.36392038975179228e-06
 1.65599999999999994e+02 1.65900000000000006e+02 1.42728335253866345e-05 1.30529424750450702e-06
 1.65900000000000006e+02 1.66199999999999989e+02 1.47964747982606769e-05 1.27668503833728506e-06
 1.66199999999999989e+02 1.66500000000000000e+02 1.40937569135549814e-05 1.91321877460432145e-06
 1.66500000000000000e+02 1.66800000000000011e+02 1.39721952596029448e-05 1.10973314409508865e-06
 1.66800000000000011e+02 1.67099999999999994e+02 1.38414120975535474e-05 1.33423526476907298e-06
 1.67099999999999994e+02 1.67400000000000006e+02 1.67006170008108584e-05 1.51715321893491344e-06
 1.67400000000000006e+02 1.67699999999999989e+02 1.36027876302783179e-05 1.07480294196370564e-06
 1.67699999999999989e+02 1.68000000000000000e+02 1.28220657050843789e-05 1.22144791838767516e-06
 1.68000000000000000e+02 1.68300000000000011e+02 1.45084928925824031e-05 1.36737497830728333e-06
 1.68300000000000011e+02 1.68599999999999994e+02 1.26348024409907127e-05 1.14136577792503138e-06
 1.68599999999999994e+02 1.68900000000000006e+02 1.62075679118770634e-05 1.53922904896591734e-06
 1.68900000000000006e+02 1.69199999999999989e+02 1.36197687070472311e-05 1.13637161905716467e-06
 1.69199999999999989e+02 1.69500000000000000e+02 1.23624996494372076e-05 1.16190665090505685e-06
 1.69500000000000000e+02 1.69800000000000011e+02 1.45667621499727418e-05 1.34267449306549490e-06
 1.69800000000000011e+02 1.70099999999999994e+02 1.25789368704055146e-05 1.12976618752797662e-06
 1.70099999999999994e+02 1.70400000000000006e+02 1.28918784477128210e-05 1.10659645470621687e-06
 1.70400000000000006e+02 1.70699999999999989e+02 1.28981250499014209e-05 1.28632660790668072e-06
 1.70699999999999989e+02 1.71000000000000000e+02 1.40341872723862782e-05 1.54230044949762685e-06
 1.71000000000000000e+02 1.71300000000000011e+02 1.49334724808123439e-05 1.38152911977615269e-06
 1.71300000000000011e+02 1.71599999999999994e+02 1.29973481108918167e-05 1.09733561251481272e-06
 1.71599999999999994e+02 1.71900000000000006e+02 1.18565021879506423e-05 1.08340111249117480e-06
 1.71900000000000006e+02 1.72199999999999989e+02 1.38555290198548596e-05 1.42297829626044316e-06
 1.72199999999999989e+02 1.72500000000000000e+02 1.28489470044400317e-05 1.27894439057961218e-06
 1.72500000000000000e+02 1.72800000000000011e+02 1.39540301787864486e-05 1.40863088491239166e-06
 1.72800000000000011e+02 1.73099999999999994e+02 1.38834860143362852e-05 1.36842693977150354e-06
 1.73099999999999994e+02 1.73400000000000006e+02 1.15325790859736150e-05 1.01907031062515668e-06
 1.73400000000000006e+02 1.73699999999999989e+02 1.11805355944292874e-05 8.90171997371147736e-07
 1.73699999999999989e+02 1.74000000000000000e+02 1.38540998800272563e-05 1.38385299182469991e-06
 1.74000000000000000e+02 1.74300000000000011e+02 1.45499409206615628e-05 1.50382195402205178e-06
 1.74300000000000011e+02 1.74599999999999994e+02 1.68350299816648836e-05 4.88862411638228281e-06
 1.74599999999999994e+02 1.74900000000000006e+02 1.33815533348043961e-05 1.49147715951672364e-06
 1.74900000000000006e+02 1.75199999999999989e+02 1.14800563903820474e-05 1.06832616227364547e-06
 1.75199999999999989e+02 1.75500000000000000e+02 1.07042332677512111e-05 1.00591790098287872e-06
 1.75500000000000000e+02 1.75800000000000011e+02 1.30047178244522813e-05 1.66456127848342082e-06
 1.75800000000000011e+02 1.76099999999999994e+02 1.35324745580677659e-05 1.31205063693569695e-06
 1.76099999999999994e+02 1.76400000000000006e+02 1.39479008200575965e-05 1.13660626724176228e-06
 1.76400000000000006e+02 1.76699999999999989e+02 1.26137379886965687e-05 1.16179339683411401e-06
 1.76699999999999989e+02 1.77000000000000000e+02 1.26651933515467788e-05 9.97424230437562171e-07
 1.77000000000000000e+02 1.77300000000000011e+02 1.37492158585660104e-05 1.23306448515107057e-06
 1.77300000000000011e+02 1.77599999999999994e+02 1.51262452465355926e-05 1.44936614607567822e-06
 1.77599999999999994e+02 1.77900000000000006e+02 1.18543742042428202e-05 1.02084458326719091e-06
 1.77900000000000006e+02 1.78199999999999989e+02 1.42363846605213738e-05 1.86743825694261233e-06
 1.78199999999999989e+02 1.78500000000000000e+02 1.30568213744460381e-05 1.28195012033266147e-06
 1.78500000000000000e+02 1.78800000000000011e+02 1.20251924116644493e-05 1.14557510587914979e-06
 1.78800000000000011e+02 1.79099999999999994e+02 1.15766780768288888e-05 1.16005459435830145e-06
 1.79099999999999994e+02 1.79400000000000006e+02 1.23343623269772820e-05 1.48674983113743185e-06
 1.79400000000000006e+02 1.79699999999999989e+02 1.41455452069881963e-05 1.53044937725556261e-06
 1.79699999999999989e+02 1.80000000000000000e+02 1.28761796648097376e-05 1.10265856743319720e-06

Histogram:lthav
 5.00000000000000000e+01 5.01333333333333329e+01 1.01402174556666321e-05 1.16917934624192256e-06
 5.01333333333333329e+01 5.02666666666666657e+01 2.59979270169721426e-05 1.94778399622863979e-06
 5.02666666666666657e+01 5.03999999999999986e+01 4.34919649668268903e-05 2.46965844711483351e-06
 5.03999999999999986e+01 5.05333333333333314e+01 6.11584108952743343e-05 3.16425754467917989e-06
 5.05333333333333314e+01 5.06666666666666643e+01 7.84107214413715304e-05 3.06826783382582368e-06
 5.06666666666666643e+01 5.07999999999999972e+01 9.71935660062420680e-05 3.63962641029579040e-06
 5.07999999999999972e+01 5.09333333333333300e+01 1.10756222342151683e-04 3.59589713396509010e-06
 5.09333333333333300e+01 5.10666666666666700e+01 1.36985490384241735e-04 5.45986310738252614e-06
 5.10666666666666700e+01 5.12000000000000028e+01 1.58467939901616985e-04 6.21781263873428640e-06
 5.12000000000000028e+01 5.13333333333333357e+01 1.65006609665765855e-04 4.99947851762828505e-06
 5.13333333333333357e+01 5.14666666666666686e+01 1.78077441383246477e-04 4.37783832406550989e-06
 5.14666666666666686e+01 5.16000000000000014e+01 1.93337174254299625e-04 6.61813370659662066e-06
 5.16000000000000014e+01 5.17333333333333343e+01 2.16513907360310523e-04 5.63464433031938044e-06
 5.17333333333333343e+01 5.18666666666666671e+01 2.33285523757166286e-04 7.53031869301472447e-06
 5.18666666666666671e+01 5.20000000000000000e+01 2.36225471821467539e-04 4.66910863385193492e-06
 5.20000000000000000e+01 5.21333333333333329e+01 2.56667062476443968e-04 4.68749245582969658e-06
 5.21333333333333329e+01 5.22666666666666657e+01 2.68812070776377435e-04 5.18537251219598454e-06
 5.22666666666666657e+01 5.23999999999999986e+01 2.87721546681061644e-04 6.56409050125766120e-06
 5.23999999999999986e+01 5.25333333333333314e+01 3.05639595591609796e-04 5.34819538212841218e-06
 5.25333333333333314e+01 5.26666666666666643e+01 3.11574189757006233e-04 6.25863217089828703e-06
 5.26666666666666643e+01 5.27999999999999972e+01 3.35478367224872475e-04 5.18410680465575741e-06
 5.27999999999999972e+01 5.29333333333333300e+01 3.53850240747572331e-04 6.93828246235731517e-06
 5.29333333333333300e+01 5.30666666666666700e+01 3.63940894540109021e-04 6.11868469776634230e-06
 5.30666666666666700e+01 5.32000000000000028e+01 3.79305850216817063e-04 6.81156060218354712e-06
 5.32000000000000028e+01 5.33333333333333357e+01 3.89307520523065166e-04 5.82307162052512163e-06
 5.33333333333333357e+01 5.34666666666666686e+01 4.29732057775862868e-04 9.89242069723128441e-06
 5.34666666666666686e+01 5.36000000000000014e+01 4.35489839432000965e-04 1.08872970093545862e-05
 5.36000000000000014e+01 5.37333333333333343e+01 4.39814323460413416e-04 8.46411310975805976e-06
 5.37333333333333343e+01 5.38666666666666671e+01 4.68863053323939800e-04 7.13035842249147192e-06
 5.38666666666666671e+01 5.40000000000000000e+01 4.68343537807872263e-04 6.30754455081741241e-06
 5.40000000000000000e+01 5.41333333333333329e+01 4.91393588595582663e-04 6.42254842267006957e-06
 5.41333333333333329e+01 5.42666666666666657e+01 5.08332186643452007e-04 7.73116695782007959e-06
 5.42666666666666657e+01 5.43999999999999986e+01 5.19672879121070856e-04 8.89233175336776547e-06
 5.43999999999999986e+01 5.45333333333333314e+01 5.32813186809754876e-04 6.13615117774154520e-06
 5.45333333333333314e+01 5.46666666666666643e+01 5.43454637547325660e-04 6.00252534591135711e-06
 5.46666666666666643e+01 5.47999999999999972e+01 5.56223369277523494e-04 6.24033648903069892e-06
 5.47999999999999972e+01 5.49333333333333371e+01 5.89744910611293412e-04 1.09114099041708929e-05
 5.49333333333333371e+01 5.50666666666666629e+01 6.10598861725538430e-04 9.64381760558510507e-06
 5.50666666666666629e+01 5.52000000000000028e+01 6.12949367909078422e-04 6.63464971894774613e-06
 5.52000000000000028e+01 5.53333333333333357e+01 6.38415198606063919e-04 7.35134567492360103e-06
 5.53333333333333357e+01 5.54666666666666686e+01 6.51244611164061892e-04 8.63431387349860372e-06
 5.54666666666666686e+01 5.56000000000000014e+01 6.54564530995543057e-04 6.25802503477733401e-06
 5.56000000000000014e+01 5.57333333333333343e+01 6.64902174511086664e-04 7.04683275769596647e-06
 5.57333333333333343e+01 5.58666666666666671e+01 6.84124500729414459e-04 7.21105493250064716e-06
 5.58666666666666671e+01 5.60000000000000000e+01 7.20539717380988130e-04 2.20575120592711335e-05
 5.60000000000000000e+01 5.61333333333333329e+01 7.17401043260437331e-04 6.53375024744878311e-06
 5.61333333333333329e+01 5.62666666666666657e+01 7.25464973523909915e-04 6.51543715740582991e-06
 5.62666666666666657e+01 5.63999999999999986e+01 7.51865590927792483e-04 1.00687359347391514e-05
 5.63999999999999986e+01 5.65333333333333314e+01 7.56914640153122159e-04 7.40771163632497742e-06
 5.65333333333333314e+01 5.66666666666666643e+01 7.87966336707377445e-04 1.51769284335232551e-05
 5.66666666666666643e+01 5.67999999999999972e+01 8.16161870221074597e-04 1.27772734422107448e-05
 5.67999999999999972e+01 5.69333333333333371e+01 7.93018103801277079e-04 6.50401271820443699e-06
 5.69333333333333371e+01 5.70666666666666629e+01 8.03701150185088956e-04 6.86771124179757292e-06
 5.70666666666666629e+01 5.72000000000000028e+01 8.48556517243894402e-04 1.04198483558130347e-05
 5.72000000000000028e+01 5.73333333333333357e+01 8.41572473871621154e-04 6.61231647994135636e-06
 5.73333333333333357e+01 5.74666666666666686e+01 8.54646963609214804e-04 7.08463344517103373e-06
 5.74666666666666686e+01 5.76000000000000014e+01 8.89492675180836561e-04 8.91445313976545298e-06
 5.76000000000000014e+01 5.77333333333333343e+01 9.05139974189245991e-04 8.45724312871136607e-06
 5.77333333333333343e+01 5.78666666666666671e+01 9.14161407694425669e-04 9.53993703233413713e-06
 5.78666666666666671e+01 5.80000000000000000e+01 9.14141160777288985e-04 9.46175332863466811e-06
 5.80000000000000000e+01 5.81333333333333329e+01 9.31678340346685425e-04 7.80869957215437516e-06
 5.81333333333333329e+01 5.82666666666666657e+01 9.55585819657824042e-04 1.29704080724647111e-05
 5.82666666666666657e+01 5.83999999999999986e+01 9.67312759655487506e-04 7.51449156876653572e-06
 5.83999999999999986e+01 5.85333333333333314e+01 9.79174069370925644e-04 9.56271701396344040e-06
 5.85333333333333314e+01 5.86666666666666643e+01 9.86950727228631808e-04 7.64262880249955163e-06
 5.86666666666666643e+01 5.87999999999999972e+01 1.00597725174951871e-03 7.68798246483399440e-06
 5.87999999999999972e+01 5.89333333333333371e+01 1.02920063454116362e-03 9.08057225079149454e-06
 5.89333333333333371e+01 5.90666666666666629e+01 1.02686980402538937e-03 7.39957753269950657e-06
 5.90666666666666629e+01 5.92000000000000028e+01 1.03722241552531205e-03 7.06640965992112229e-06
 5.92000000000000028e+01 5.93333333333333357e+01 1.12024131357153930e-03 4.61935151203277846e-05
 5.93333333333333357e+01 5.94666666666666686e+01 1.08399675439127432e-03 9.63185600396909613e-06
 5.94666666666666686e+01 5.96000000000000014e+01 1.09339188822000360e-03 7.61500456532530753e-06
 5.96000000000000014e+01 5.97333333333333343e+01 1.12258851412377057e-03 8.19804781801230287e-06
 5.97333333333333343e+01 5.98666666666666671e+01 1.14188679765467988e-03 9.52468765100959248e-06
 5.98666666666666671e+01 6.00000000000000000e+01 1.15585948285484006e-03 9.50649382145716050e-06
 6.00000000000000000e+01 6.01333333333333329e+01 1.15520806647385660e-03 9.91469866480539402e-06
 6.01333333333333329e+01 6.02666666666666657e+01 1.17259033552067314e-03 9.38826132830659022e-06
 6.02666666666666657e+01 6.03999999999999986e+01 1.17067479765151257e-03 8.50570208506567002e-06
 6.03999999999999986e+01 6.05333333333333314e+01 1.19629550563234740e-03 9.44100509473140274e-06
 6.05333333333333314e+01 6.06666666666666643e+01 1.23287808670526945e-03 1.28440828466886253e-05
 6.06666666666666643e+01 6.07999999999999972e+01 1.22142627439870174e-03 8.13955582271471709e-06
 6.07999999999999972e+01 6.09333333333333371e+01 1.27599173984298373e-03 1.90354993954473178e-05
 6.09333333333333371e+01 6.10666666666666629e+01 1.27120947161746809e-03 9.65148735612742015e-06
 6.10666666666666629e+01 6.12000000000000028e+01 1.26711760014262299e-03 8.07208274230271141e-06
 6.12000000000000028e+01 6.13333333333333357e+01 1.28785643448733607e-03 9.68715975067590273e-06
 6.13333333333333357e+01 6.14666666666666686e+01 1.29496840190293700e-03 9.11472277441671901e-06
 6.14666666666666686e+01 6.16000000000000014e+01 1.33080268602746776e-03 1.04696450759436360e-05
 6.16000000000000014e+01 6.17333333333333343e+01 1.33203789740417408e-03 8.98478923132740909e-06
 6.17333333333333343e+01 6.18666666666666671e+01 1.35087281814476150e-03 8.69674427958882628e-06
 6.18666666666666671e+01 6.20000000000000000e+01 1.36051634482612163e-03 9.60417878314831981e-06
 6.20000000000000000e+01 6.21333333333333329e+01 1.41166273124823313e-03 2.12240378413018952e-05
 6.21333333333333329e+01 6.22666666666666657e+01 1.40406422707367562e-03 1.16074817725156997e-05
 6.22666666666666657e+01 6.23999999999999986e+01 1.40975615982566623e-03 8.36167987288539990e-06
 6.23999999999999986e+01 6.25333333333333314e+01 1.44781501609404415e-03 1.03880865289496052e-05
 6.25333333333333314e+01 6.26666666666666643e+01 1.44811038773176321e-03 8.68811542631364924e-06
 6.26666666666666643e+01 6.27999999999999972e+01 1.46961720439179070e-03 9.05475708422337007e-06
 6.27999999999999972e+01 6.29333333333333371e+01 1.49412388182477963e-03 1.16120713621597541e-05
 6.29333333333333371e+01 6.30666666666666629e+01 1.50916183659159089e-03 9.81491002305087225e-06
 6.30666666666666629e+01 6.32000000000000028e+01 1.51902893614514617e-03 9.82628531870275671e-06
 6.32000000000000028e+01 6.33333333333333357e+01 1.52884066303668703e-03 1.09344061920323705e-05
 6.33333333333333357e+01 6.34666666666666686e+01 1.53665617098364886e-03 8.70955625939774491e-06
 6.34666666666666686e+01 6.36000000000000014e+01 1.56673713470437603e-03 1.26711168481224757e-05
 6.36000000000000014e+01 6.37333333333333343e+01 1.57275826953037203e-03 9.75686999385785339e-06
 6.37333333333333343e+01 6.38666666666666671e+01 1.58797820151907170e-03 9.41997923077569738e-06
 6.38666666666666671e+01 6.40000000000000000e+01 1.60897707155635279e-03 9.48217353455087334e-06
 6.40000000000000000e+01 6.41333333333333258e+01 1.62635026315698745e-03 1.07728467870469485e-05
 6.41333333333333258e+01 6.42666666666666657e+01 1.62544418441410961e-03 9.90344948328030602e-06
 6.42666666666666657e+01 6.44000000000000057e+01 1.67145318452742485e-03 1.99717833204450264e-05
 6.44000000000000057e+01 6.45333333333333314e+01 1.67259682699820618e-03 1.17320293351562139e-05
 6.45333333333333314e+01 6.46666666666666714e+01 1.70409193924341723e-03 1.10651476070223199e-05
 6.46666666666666714e+01 6.47999999999999972e+01 1.70703162124999949e-03 1.14596818805931205e-05
 6.47999999999999972e+01 6.49333333333333371e+01 1.72199913324572814e-03 1.03899066650706664e-05
 6.49333333333333371e+01 6.50666666666666629e+01 1.77375954999926919e-03 1.12421990531403173e-05
 6.50666666666666629e+01 6.52000000000000028e+01 1.77379937573825274e-03 1.64740917593506655e-05
 6.52000000000000028e+01 6.53333333333333286e+01 1.79412653920732229e-03 1.04467505798597326e-05
 6.53333333333333286e+01 6.54666666666666686e+01 1.80539634221698730e-03 1.35781761896251990e-05
 6.54666666666666686e+01 6.55999999999999943e+01 1.82878678075927515e-03 1.21265178260022183e-05
 6.55999999999999943e+01 6.57333333333333343e+01 1.83281393956651723e-03 1.26877852601500402e-05
 6.57333333333333343e+01 6.58666666666666742e+01 1.84239965922149422e-03 9.96121217815655323e-06
 6.58666666666666742e+01 6.60000000000000000e+01 1.87534510178989536e-03 1.24563890383371362e-05
 6.60000000000000000e+01 6.61333333333333258e+01 1.87612909069191256e-03 9.84678365073841546e-06
 6.61333333333333258e+01 6.62666666666666657e+01 1.89111403589574509e-03 1.06400558460878112e-05
 6.62666666666666657e+01 6.64000000000000057e+01 1.89633405054145119e-03 9.58654194950774294e-06
 6.64000000000000057e+01 6.65333333333333314e+01 1.92830441743957080e-03 1.20336104828670797e-05
 6.65333333333333314e+01 6.66666666666666714e+01 1.93491583450099299e-03 9.73798539809486637e-06
 6.66666666666666714e+01 6.67999999999999972e+01 1.97789567288568068e-03 1.32485318008603987e-05
 6.67999999999999972e+01 6.69333333333333371e+01 1.96943293205120154e-03 1.17477107320491141e-05
 6.69333333333333371e+01 6.70666666666666629e+01 2.00298186356638293e-03 1.17256553495979654e-05
 6.70666666666666629e+01 6.72000000000000028e+01 2.03812616865187927e-03 2.23762030737985579e-05
 6.72000000000000028e+01 6.73333333333333286e+01 2.01986409828667840e-03 1.06365286459655085e-05
 6.73333333333333286e+01 6.74666666666666686e+01 2.07004772195186525e-03 1.51777348575777943e-05
 6.74666666666666686e+01 6.75999999999999943e+01 2.08545643580933032e-03 1.16791227809155475e-05
 6.75999999999999943e+01 6.77333333333333343e+01 2.09211782672035244e-03 1.07533890473094305e-05
 6.77333333333333343e+01 6.78666666666666742e+01 2.10902991262800063e-03 1.12372740511011323e-05
 6.78666666666666742e+01 6.80000000000000000e+01 2.14022033677634159e-03 1.12394787760939036e-05
 6.80000000000000000e+01 6.81333333333333258e+01 2.13945415168744065e-03 1.35444629378538154e-05
 6.81333333333333258e+01 6.82666666666666657e+01 2.16519884942808312e-03 1.18725037215062611e-05
 6.82666666666666657e+01 6.84000000000000057e+01 2.16576347867538993e-03 1.12801546662985085e-05
 6.84000000000000057e+01 6.85333333333333314e+01 2.19899889450529728e-03 1.10824417427445275e-05
 6.85333333333333314e+01 6.86666666666666714e+01 2.22548344653955132e-03 1.16910026548433730e-05
 6.86666666666666714e+01 6.87999999999999972e+01 2.23221367081654146e-03 1.10579701904714191e-05
 6.87999999999999972e+01 6.89333333333333371e+01 2.25903787788633631e-03 1.32682075073140007e-05
 6.89333333333333371e+01 6.90666666666666629e+01 2.27260772487282653e-03 1.19989753913501228e-05
 6.90666666666666629e+01 6.92000000000000028e+01 2.30135230745146099e-03 1.12003013092943326e-05
 6.92000000000000028e+01 6.93333333333333286e+01 2.30474827131248172e-03 1.22327939767783354e-05
 6.93333333333333286e+01 6.94666666666666686e+01 2.32550454432466991e-03 1.10537117502690340e-05
 6.94666666666666686e+01 6.95999999999999943e+01 2.34184936116747658e-03 1.22203664567696347e-05
 6.95999999999999943e+01 6.97333333333333343e+01 2.38703866459612831e-03 1.93501592969529099e-05
 6.97333333333333343e+01 6.98666666666666742e+01 2.35948182148040114e-03 1.23491208964345868e-05
 6.98666666666666742e+01 7.00000000000000000e+01 2.38860918743957068e-03 1.46664386063165561e-05
 7.00000000000000000e+01 7.01333333333333258e+01 2.41432234026259674e-03 1.41054991993731901e-05
 7.01333333333333258e+01 7.02666666666666657e+01 2.43697058955007770e-03 1.37950670311647096e-05
 7.02666666666666657e+01 7.04000000000000057e+01 2.45846614734129441e-03 1.34379767184758059e-05
 7.04000000000000057e+01 7.05333333333333314e+01 2.48487032916280435e-03 1.66076825873535345e-05
 7.05333333333333314e+01 7.06666666666666714e+01 2.47047730197850817e-03 1.18022242515565551e-05
 7.06666666666666714e+01 7.07999999999999972e+01 2.50648423826109251e-03 1.18737456044442334e-05
 7.07999999999999972e+01 7.09333333333333371e+01 2.53066097089495352e-03 1.18791239202124662e-05
 7.09333333333333371e+01 7.10666666666666629e+01 2.50777333802676677e-03 1.10876502405676659e-05
 7.10666666666666629e+01 7.12000000000000028e+01 2.59816687066131242e-03 1.97814533985288950e-05
 7.12000000000000028e+01 7.13333333333333286e+01 2.59083524006883904e-03 1.62665676120373652e-05
 7.13333333333333286e+01 7.14666666666666686e+01 2.63160849782887851e-03 1.59659388059564602e-05
 7.14666666666666686e+01 7.15999999999999943e+01 2.62208147460526314e-03 1.24638451447319189e-05
 7.15999999999999943e+01 7.17333333333333343e+01 2.62520961004931953e-03 1.28148448976013564e-05
 7.17333333333333343e+01 7.18666666666666742e+01 2.66303582022439818e-03 2.25841192250194912e-05
 7.18666666666666742e+01 7.20000000000000000e+01 2.72130218082491937e-03 2.72534153684300857e-05
 7.20000000000000000e+01 7.21333333333333258e+01 2.70393853628110364e-03 1.30140055432247514e-05
 7.21333333333333258e+01 7.22666666666666657e+01 2.70999638859936373e-03 1.43617944901988160e-05
 7.22666666666666657e+01 7.24000000000000057e+01 2.71578150586903981e-03 1.27737561792166684e-05
 7.24000000000000057e+01 7.25333333333333314e+01 2.77199168260268891e-03 2.84038325679453539e-05
 7.25333333333333314e+01 7.26666666666666714e+01 2.76631134550699240e-03 1.63654750791288889e-05
 7.26666666666666714e+01 7.27999999999999972e+01 2.79078925811583438e-03 1.44948139205019723e-05
 7.27999999999999972e+01 7.29333333333333371e+01 2.78608877267513995e-03 1.20414833827992644e-05
 7.29333333333333371e+01 7.30666666666666629e+01 2.82315901337843421e-03 1.57698431023974508e-05
 7.30666666666666629e+01 7.32000000000000028e+01 2.85450708049108997e-03 1.81767169562188776e-05
 7.32000000000000028e+01 7.33333333333333286e+01 2.87325062112478696e-03 1.81620295574083329e-05
 7.33333333333333286e+01 7.34666666666666686e+01 2.88201041747749740e-03 1.24842558011895322e-05
 7.34666666666666686e+01 7.35999999999999943e+01 2.91729083863718737e-03 1.40211825102625285e-05
 7.35999999999999943e+01 7.37333333333333343e+01 2.92201624207513288e-03 1.41461314297725706e-05
 7.37333333333333343e+01 7.38666666666666742e+01 2.93474451966080265e-03 1.54606388807715058e-05
 7.38666666666666742e+01 7.40000000000000000e+01 2.97577055448292613e-03 1.91518561454629450e-05
 7.40000000000000000e+01 7.41333333333333258e+01 2.94802963931029395e-03 2.31096589664711710e-05
 7.41333333333333258e+01 7.42666666666666657e+01 2.98312722981594917e-03 1.48359963046831745e-05
 7.42666666666666657e+01 7.44000000000000057e+01 3.06337885923877590e-03 6.08339387875567105e-05
 7.44000000000000057e+01 7.45333333333333314e+01 3.01974784664704949e-03 1.32675490375065227e-05
 7.45333333333333314e+01 7.46666666666666714e+01 3.02333015444086403e-03 1.28347727974615498e-05
 7.46666666666666714e+01 7.47999999999999972e+01 3.07956173921946188e-03 1.44865628259661373e-05
 7.47999999999999972e+01 7.49333333333333371e+01 3.07010713691778471e-03 1.49428580483774540e-05
 7.49333333333333371e+01 7.50666666666666629e+01 3.08612058968298943e-03 1.34209073726595885e-05
 7.50666666666666629e+01 7.52000000000000028e+01 3.10445839368334465e-03 1.38958493885010996e-05
 7.52000000000000028e+01 7.53333333333333286e+01 3.15711990537947138e-03 1.37564517472303929e-05
 7.53333333333333286e+01 7.54666666666666686e+01 3.15436685435257743e-03 1.52018022438546508e-05
 7.54666666666666686e+01 7.55999999999999943e+01 3.17775830654916424e-03 1.30144779697612358e-05
 7.55999999999999943e+01 7.57333333333333343e+01 3.18319403928105614e-03 1.47049320306868463e-05
 7.57333333333333343e+01 7.58666666666666742e+01 3.18624713871553007e-03 1.31988578686137448e-05
 7.58666666666666742e+01 7.60000000000000000e+01 3.22031258688686324e-03 1.46341364500569376e-05
 7.60000000000000000e+01 7.61333333333333258e+01 3.23929134796660306e-03 2.75481478141835967e-05
 7.61333333333333258e+01 7.62666666666666657e+01 3.28736580896236887e-03 1.41611339708121750e-05
 7.62666666666666657e+01 7.64000000000000057e+01 3.28439965332620468e-03 1.55178046252235261e-05
 7.64000000000000057e+01 7.65333333333333314e+01 3.28697422970200721e-03 1.42122792239118047e-05
 7.65333333333333314e+01 7.66666666666666714e+01 3.30367740151543601e-03 1.49027887205757914e-05
 7.66666666666666714e+01 7.67999999999999972e+01 3.30561755377520652e-03 1.30217234090003285e-05
 7.67999999999999972e+01 7.69333333333333371e+01 3.36203509754713810e-03 1.60247539021368595e-05
 7.69333333333333371e+01 7.70666666666666629e+01 3.38007501866452063e-03 1.50861457063421698e-05
 7.70666666666666629e+01 7.72000000000000028e+01 3.38647950859956868e-03 1.40506275760691262e-05
 7.72000000000000028e+01 7.73333333333333286e+01 3.40943039715859916e-03 1.63747855330889031e-05
 7.73333333333333286e+01 7.74666666666666686e+01 3.44190218860893331e-03 1.79471924966364281e-05
 7.74666666666666686e+01 7.75999999999999943e+01 3.44719805277111501e-03 1.41422586550528775e-05
 7.75999999999999943e+01 7.77333333333333343e+01 3.46098413921765895e-03 1.53943647139185731e-05
 7.77333333333333343e+01 7.78666666666666742e+01 3.47161510069058776e-03 1.48865900480940412e-05
 7.78666666666666742e+01 7.80000000000000000e+01 3.47087083816504868e-03 1.36967186901444999e-05
 7.80000000000000000e+01 7.81333333333333258e+01 3.55920389490718345e-03 2.02509470418492363e-05
 7.81333333333333258e+01 7.82666666666666657e+01 3.55411602870445587e-03 1.74712959973725299e-05
 7.82666666666666657e+01 7.84000000000000057e+01 3.54410569727057340e-03 1.50269788220527294e-05
 7.84000000000000057e+01 7.85333333333333314e+01 3.60029613640821394e-03 2.94460346079178996e-05
 7.85333333333333314e+01 7.86666666666666714e+01 3.58471885786021622e-03 1.39350657252694529e-05
 7.86666666666666714e+01 7.87999999999999972e+01 3.62850520615735179e-03 1.75018654451915489e-05
 7.87999999999999972e+01 7.89333333333333371e+01 3.64341831182582628e-03 1.69288748850877442e-05
 7.89333333333333371e+01 7.90666666666666629e+01 3.65214191491708895e-03 1.48087781388393653e-05
 7.90666666666666629e+01 7.92000000000000028e+01 3.66488454811807890e-03 1.40125973728463838e-05
 7.92000000000000028e+01 7.93333333333333286e+01 3.68116928334526888e-03 1.50885611466649981e-05
 7.93333333333333286e+01 7.94666666666666686e+01 3.69184224369526132e-03 1.74284173196158824e-05
 7.94666666666666686e+01 7.95999999999999943e+01 3.70568568088631761e-03 1.41757736739846262e-05
 7.95999999999999943e+01 7.97333333333333343e+01 3.73416574275296049e-03 1.74618399560271948e-05
 7.97333333333333343e+01 7.98666666666666742e+01 3.76493849015521829e-03 1.62376859775287313e-05
 7.98666666666666742e+01 8.00000000000000000e+01 3.80748498864139084e-03 3.38338420444831103e-05
 8.00000000000000000e+01 8.01333333333333258e+01 3.77840047211945628e-03 1.48743335433838239e-05
 8.01333333333333258e+01 8.02666666666666657e+01 3.80434426475633608e-03 1.45553865134862733e-05
 8.02666666666666657e+01 8.04000000000000057e+01 3.83563355956172006e-03 1.77220232203659926e-05
 8.04000000000000057e+01 8.05333333333333314e+01 3.82897719904119532e-03 1.61488032397329620e-05
 8.05333333333333314e+01 8.06666666666666714e+01 3.90140875433653365e-03 4.78224614656873421e-05
 8.06666666666666714e+01 8.07999999999999972e+01 3.83946562321396678e-03 1.46987748984922752e-05
 8.07999999999999972e+01 8.09333333333333371e+01 3.86946226216091163e-03 1.47166248773589999e-05
 8.09333333333333371e+01 8.10666666666666629e+01 3.91069895417745037e-03 1.46333144927674472e-05
 8.10666666666666629e+01 8.12000000000000028e+01 3.94703610933021601e-03 1.89302704343450837e-05
 8.12000000000000028e+01 8.13333333333333286e+01 3.95920419878282095e-03 1.64123372348856752e-05
 8.13333333333333286e+01 8.14666666666666686e+01 3.99153319146226121e-03 2.38392092006617782e-05
 8.14666666666666686e+01 8.15999999999999943e+01 3.98448688473043103e-03 1.70883207626149519e-05
 8.15999999999999943e+01 8.17333333333333343e+01 4.00684051765636158e-03 1.45388036988031457e-05
 8.17333333333333343e+01 8.18666666666666742e+01 4.02307765291265267e-03 2.02979569096414121e-05
 8.18666666666666742e+01 8.20000000000000000e+01 4.02218817601557744e-03 1.54925178226136897e-05
 8.20000000000000000e+01 8.21333333333333258e+01 4.00923430205515040e-03 1.55352008947579886e-05
 8.21333333333333258e+01 8.22666666666666657e+01 4.05000302370862007e-03 1.46936070557794949e-05
 8.22666666666666657e+01 8.24000000000000057e+01 4.09337370592404142e-03 2.29972695865797920e-05
 8.24000000000000057e+01 8.25333333333333314e+01 4.08838396018189852e-03 1.57473106552241471e-05
 8.25333333333333314e+01 8.26666666666666572e+01 4.11446039992360152e-03 2.13545846793228869e-05
 8.26666666666666572e+01 8.27999999999999972e+01 4.15288675802629251e-03 2.76593008060618158e-05
 8.27999999999999972e+01 8.29333333333333371e+01 4.14709269820729993e-03 1.61334171720711046e-05
 8.29333333333333371e+01 8.30666666666666629e+01 4.12638799149721899e-03 1.45612945914792963e-05
 8.30666666666666629e+01 8.32000000000000028e+01 4.19399056692879892e-03 1.80702481746471279e-05
 8.32000000000000028e+01 8.33333333333333428e+01 4.20885888715083218e-03 1.70020513856787872e-05
 8.33333333333333428e+01 8.34666666666666686e+01 4.21784024890140257e-03 1.62357991404482391e-05
 8.34666666666666686e+01 8.35999999999999943e+01 4.22595943882944722e-03 1.50883377735990434e-05
 8.35999999999999943e+01 8.37333333333333343e+01 4.29949811027874503e-03 3.42608218650299577e-05
 8.37333333333333343e+01 8.38666666666666742e+01 4.24657431402873653e-03 2.16039429983024876e-05
 8.38666666666666742e+01 8.40000000000000000e+01 4.24805009388881140e-03 1.65056413735885897e-05
 8.40000000000000000e+01 8.41333333333333258e+01 4.30704203970671846e-03 1.56880051356864923e-05
 8.41333333333333258e+01 8.42666666666666657e+01 4.28959803314740620e-03 1.69472179659776225e-05
 8.42666666666666657e+01 8.44000000000000057e+01 4.30638925445439927e-03 1.59917402136360046e-05
 8.44000000000000057e+01 8.45333333333333314e+01 4.32955204788239116e-03 2.00661965289113163e-05
 8.45333333333333314e+01 8.46666666666666572e+01 4.35094083454968649e-03 1.58227465494891271e-05
 8.46666666666666572e+01 8.47999999999999972e+01 4.35646476730689163e-03 1.96822503259651726e-05
 8.47999999999999972e+01 8.49333333333333371e+01 4.35553891682247032e-03 1.52184877112489591e-05
 8.49333333333333371e+01 8.50666666666666629e+01 4.41484169155640250e-03 2.36658091269001630e-05
 8.50666666666666629e+01 8.52000000000000028e+01 4.42887126299196937e-03 2.61432355771425036e-05
 8.52000000000000028e+01 8.53333333333333428e+01 4.45242569824958346e-03 2.30883764767986323e-05
 8.53333333333333428e+01 8.54666666666666686e+01 4.46360409288651741e-03 1.95539861497351314e-05
 8.54666666666666686e+01 8.55999999999999943e+01 4.46841749571263384e-03 1.99774766991075342e-05
 8.55999999999999943e+01 8.57333333333333343e+01 4.45315715431951042e-03 1.58609378334146671e-05
 8.57333333333333343e+01 8.58666666666666742e+01 4.47459511121748015e-03 1.58887820780888519e-05
 8.58666666666666742e+01 8.60000000000000000e+01 4.50902935293508254e-03 1.67962871480171727e-05
 8.60000000000000000e+01 8.61333333333333258e+01 4.53854727859540324e-03 2.56451129087838436e-05
 8.61333333333333258e+01 8.62666666666666657e+01 4.54656757456608270e-03 1.78215003642881475e-05
 8.62666666666666657e+01 8.64000000000000057e+01 4.54766800405289207e-03 1.95969026865322257e-05
 8.64000000000000057e+01 8.65333333333333314e+01 4.58403198364133822e-03 1.77670241996988459e-05
 8.65333333333333314e+01 8.66666666666666572e+01 4.60158557272804299e-03 2.43415764189902025e-05
 8.66666666666666572e+01 8.67999999999999972e+01 4.61434754452609910e-03 1.79901516340897404e-05
 8.67999999999999972e+01 8.69333333333333371e+01 4.60995856066770317e-03 1.88534165586832590e-05
 8.69333333333333371e+01 8.70666666666666629e+01 4.61118919598759412e-03 1.81990022204512701e-05
 8.70666666666666629e+01 8.72000000000000028e+01 4.64240079193729664e-03 1.59819531832183818e-05
 8.72000000000000028e+01 8.73333333333333428e+01 4.65446592280998554e-03 1.57148846502461809e-05
 8.73333333333333428e+01 8.74666666666666686e+01 4.67828847296092396e-03 1.74171576447889120e-05
 8.74666666666666686e+01 8.75999999999999943e+01 4.69997547626843735e-03 2.00855411319300045e-05
 8.75999999999999943e+01 8.77333333333333343e+01 4.67893016380185704e-03 1.70138435850988272e-05
 8.77333333333333343e+01 8.78666666666666742e+01 4.70573457033139457e-03 1.71892041642110509e-05
 8.78666666666666742e+01 8.80000000000000000e+01 4.72621984637187648e-03 1.74912327405926225e-05
 8.80000000000000000e+01 8.81333333333333258e+01 4.71866880295549081e-03 1.69028134682099188e-05
 8.81333333333333258e+01 8.82666666666666657e+01 4.73618756259489189e-03 1.64893760959030992e-05
 8.82666666666666657e+01 8.84000000000000057e+01 4.74722800438978198e-03 1.70107734613515610e-05
 8.84000000000000057e+01 8.85333333333333314e+01 4.78782800696341600e-03 1.66489107703353233e-05
 8.85333333333333314e+01 8.86666666666666572e+01 4.77571002468098194e-03 1.63725278882318540e-05
 8.86666666666666572e+01 8.87999999999999972e+01 4.83533205911600931e-03 2.31625554774160915e-05
 8.87999999999999972e+01 8.89333333333333371e+01 4.79797297827296802e-03 1.68675956075918955e-05
 8.89333333333333371e+01 8.90666666666666629e+01 4.80474252506746594e-03 1.63997840039189145e-05
 8.90666666666666629e+01 8.92000000000000028e+01 4.84254162487713670e-03 1.65735562315315396e-05
 8.92000000000000028e+01 8.93333333333333428e+01 4.85722890488399662e-03 1.62857462524084844e-05
 8.93333333333333428e+01 8.94666666666666686e+01 4.90284303129945569e-03 2.36855036656448298e-05
 8.94666666666666686e+01 8.95999999999999943e+01 4.87947775937278699e-03 1.65569497575906062e-05
 8.95999999999999943e+01 8.97333333333333343e+01 4.92080561030660939e-03 2.25250911077247804e-05
 8.97333333333333343e+01 8.98666666666666742e+01 4.90043131600618413e-03 1.81065396457556117e-05
 8.98666666666666742e+01 9.00000000000000000e+01 4.92021773879085939e-03 1.86905442879264417e-05
 9.00000000000000000e+01 9.01333333333333258e+01 4.92850956354096755e-03 1.83657575043379674e-05
 9.01333333333333258e+01 9.02666666666666657e+01 4.93548230285177723e-03 2.22702364851092816e-05
 9.02666666666666657e+01 9.04000000000000057e+01 4.97701051257191940e-03 1.80175704113449792e-05
 9.04000000000000057e+01 9.05333333333333314e+01 4.96926574460731640e-03 1.93486506648476323e-05
 9.05333333333333314e+01 9.06666666666666572e+01 4.99344371371855666e-03 1.85502087662747314e-05
 9.06666666666666572e+01 9.07999999999999972e+01 5.00818121629349917e-03 1.93801630434919333e-05
 9.07999999999999972e+01 9.09333333333333371e+01 5.01976226906986067e-03 1.81600164117623662e-05
 9.09333333333333371e+01 9.10666666666666629e+01 5.01363422812621008e-03 1.88145892058227730e-05
 9.10666666666666629e+01 9.12000000000000028e+01 5.06201347878133031e-03 2.62851753772186881e-05
 9.12000000000000028e+01 9.13333333333333428e+01 5.04775841403906113e-03 2.05726178643457213e-05
 9.13333333333333428e+01 9.14666666666666686e+01 5.03371958401904046e-03 1.74354982518074865e-05
 9.14666666666666686e+01 9.15999999999999943e+01 5.05750218645195995e-03 2.42682247276134632e-05
 9.15999999999999943e+01 9.17333333333333343e+01 5.06752479852317500e-03 2.01653846895025607e-05
 9.17333333333333343e+01 9.18666666666666742e+01 5.10750117073832492e-03 1.92550155785836682e-05
 9.18666666666666742e+01 9.20000000000000000e+01 5.09387694028501196e-03 1.84683055720362616e-05
 9.20000000000000000e+01 9.21333333333333258e+01 5.10509138783879751e-03 2.12621731990200884e-05
 9.21333333333333258e+01 9.22666666666666657e+01 5.13117197464469516e-03 2.13219461972531863e-05
 9.22666666666666657e+01 9.24000000000000057e+01 5.12801400348295456e-03 1.61545857265287057e-05
 9.24000000000000057e+01 9.25333333333333314e+01 5.12988254375767571e-03 1.95077779616440100e-05
 9.25333333333333314e+01 9.26666666666666572e+01 5.16388951290363586e-03 2.15068665350883236e-05
 9.26666666666666572e+01 9.27999999999999972e+01 5.12420840345055237e-03 1.78675746972161432e-05
 9.27999999999999972e+01 9.29333333333333371e+01 5.16023976713123056e-03 2.28069136260857132e-05
 9.29333333333333371e+01 9.30666666666666629e+01 5.16630936997257168e-03 2.22037686605073221e-05
 9.30666666666666629e+01 9.32000000000000028e+01 5.15871241307370131e-03 1.82704210143603742e-05
 9.32000000000000028e+01 9.33333333333333428e+01 5.16854690408742514e-03 1.77021871340520635e-05
 9.33333333333333428e+01 9.34666666666666686e+01 5.17310485110799353e-03 1.82747792035126277e-05
 9.34666666666666686e+01 9.35999999999999943e+01 5.19101450803166522e-03 1.77750182740513955e-05
 9.35999999999999943e+01 9.37333333333333343e+01 5.20940219009405781e-03 1.75412268191353328e-05
 9.37333333333333343e+01 9.38666666666666742e+01 5.20472223832840579e-03 1.70163243345637610e-05
 9.38666666666666742e+01 9.40000000000000000e+01 5.23418641732725873e-03 3.91072123498428591e-05
 9.40000000000000000e+01 9.41333333333333258e+01 5.22466399416869620e-03 1.78897763904297747e-05
 9.41333333333333258e+01 9.42666666666666657e+01 5.21863591079605327e-03 1.93026204089614950e-05
 9.42666666666666657e+01 9.44000000000000057e+01 5.25811427644015412e-03 1.73565580851723757e-05
 9.44000000000000057e+01 9.45333333333333314e+01 5.25374881719613013e-03 1.79943607875468828e-05
 9.45333333333333314e+01 9.46666666666666572e+01 5.29202846180086995e-03 2.86640922797631616e-05
 9.46666666666666572e+01 9.47999999999999972e+01 5.31014914491370789e-03 2.05937111097927926e-05
 9.47999999999999972e+01 9.49333333333333371e+01 5.27876490485705216e-03 1.94728988833302901e-05
 9.49333333333333371e+01 9.50666666666666629e+01 5.29572717843981682e-03 1.82476232022212633e-05
 9.50666666666666629e+01 9.52000000000000028e+01 5.26155914558539949e-03 1.78919447194773521e-05
 9.52000000000000028e+01 9.53333333333333428e+01 5.25682727899154725e-03 1.81910765249573465e-05
 9.53333333333333428e+01 9.54666666666666686e+01 5.32225617957477349e-03 1.87904178121915840e-05
 9.54666666666666686e+01 9.55999999999999943e+01 5.29701916755392563e-03 1.62942646942839746e-05
 9.55999999999999943e+01 9.57333333333333343e+01 5.32053367905916275e-03 1.96022809242521526e-05
 9.57333333333333343e+01 9.58666666666666742e+01 5.33652015916614812e-03 1.75747683784679130e-05
 9.58666666666666742e+01 9.60000000000000000e+01 5.30564295231912824e-03 1.85385855538234239e-05
 9.60000000000000000e+01 9.61333333333333258e+01 5.37642793700930047e-03 2.31799852245970513e-05
 9.61333333333333258e+01 9.62666666666666657e+01 5.31999823250875036e-03 1.77064420168457323e-05
 9.62666666666666657e+01 9.64000000000000057e+01 5.36382488570810289e-03 1.64269805176692398e-05
 9.64000000000000057e+01 9.65333333333333314e+01 5.36428841422125022e-03 1.84304404603018457e-05
 9.65333333333333314e+01 9.66666666666666572e+01 5.39488641588310811e-03 2.81154374456693800e-05
 9.66666666666666572e+01 9.67999999999999972e+01 5.36719284629025729e-03 1.78823716404794644e-05
 9.67999999999999972e+01 9.69333333333333371e+01 5.40755352074401025e-03 3.14693596208838190e-05
 9.69333333333333371e+01 9.70666666666666629e+01 5.38006194661712778e-03 1.82721665531279183e-05
 9.70666666666666629e+01 9.72000000000000028e+01 5.39134620308124278e-03 2.11165597128245391e-05
 9.72000000000000028e+01 9.73333333333333428e+01 5.38881797911378631e-03 1.80850939383223313e-05
 9.73333333333333428e+01 9.74666666666666686e+01 5.42797483532035923e-03 1.96619370995177114e-05
 9.74666666666666686e+01 9.75999999999999943e+01 5.42051990327646876e-03 1.78828581790249870e-05
 9.75999999999999943e+01 9.77333333333333343e+01 5.42073712084962384e-03 1.82437742238168404e-05
 9.77333333333333343e+01 9.78666666666666742e+01 5.45113066285990173e-03 3.56615379520110244e-05
 9.78666666666666742e+01 9.80000000000000000e+01 5.41550590894809749e-03 1.71429868523942695e-05
 9.80000000000000000e+01 9.81333333333333258e+01 5.42837696643196088e-03 2.42225386328502086e-05
 9.81333333333333258e+01 9.82666666666666657e+01 5.44284560156837755e-03 1.80727231609725064e-05
 9.82666666666666657e+01 9.84000000000000057e+01 5.43856912921538219e-03 1.85251666621177135e-05
 9.84000000000000057e+01 9.85333333333333314e+01 5.43858388600192057e-03 2.12888442894701916e-05
 9.85333333333333314e+01 9.86666666666666572e+01 5.44115614930503182e-03 1.80396133506756464e-05
 9.86666666666666572e+01 9.87999999999999972e+01 5.43639240513462112e-03 1.83052200589885165e-05
 9.87999999999999972e+01 9.89333333333333371e+01 5.56175670194968778e-03 8.36044021337050596e-05
 9.89333333333333371e+01 9.90666666666666629e+01 5.47673519995508541e-03 2.61299398860193788e-05
 9.90666666666666629e+01 9.92000000000000028e+01 5.46202023694459735e-03 1.87596902853179986e-05
 9.92000000000000028e+01 9.93333333333333428e+01 5.48976562488133132e-03 1.84801217951514612e-05
 9.93333333333333428e+01 9.94666666666666686e+01 5.44395509769277867e-03 1.85473410674701925e-05
 9.94666666666666686e+01 9.95999999999999943e+01 5.45868311936627271e-03 2.01466226705681861e-05
 9.95999999999999943e+01 9.97333333333333343e+01 5.44285411271798990e-03 1.81361421924931591e-05
 9.97333333333333343e+01 9.98666666666666742e+01 5.47475940118780091e-03 1.94560788148954176e-05
 9.98666666666666742e+01 1.00000000000000000e+02 5.46914009838270557e-03 1.76346276421254106e-05
 1.00000000000000000e+02 1.00133333333333326e+02 5.49124024082425690e-03 2.46005936480023770e-05
 1.00133333333333326e+02 1.00266666666666666e+02 5.51152860319815453e-03 3.43951953578948985e-05
 1.00266666666666666e+02 1.00400000000000006e+02 5.51868852171017409e-03 2.58261317811759270e-05
 1.00400000000000006e+02 1.00533333333333331e+02 5.44433674646916180e-03 1.77968397116620818e-05
 1.00533333333333331e+02 1.00666666666666657e+02 5.48136069961394773e-03 1.70079872460695949e-05
 1.00666666666666657e+02 1.00799999999999997e+02 5.50071354734715280e-03 1.94267392438365281e-05
 1.00799999999999997e+02 1.00933333333333337e+02 5.50239267846379127e-03 2.30847113444683905e-05
 1.00933333333333337e+02 1.01066666666666663e+02 5.50774986043425785e-03 1.96007320268298985e-05
 1.01066666666666663e+02 1.01200000000000003e+02 5.49986577726341557e-03 1.89298783285467326e-05
 1.01200000000000003e+02 1.01333333333333343e+02 5.48842485872970149e-03 1.92665252928984715e-05
 1.01333333333333343e+02 1.01466666666666669e+02 5.49762214696117909e-03 1.89981281122300158e-05
 1.01466666666666669e+02 1.01599999999999994e+02 5.49966962347683917e-03 2.10845949099285401e-05
 1.01599999999999994e+02 1.01733333333333334e+02 5.51275156358668837e-03 2.24448778277370010e-05
 1.01733333333333334e+02 1.01866666666666674e+02 5.53549942866150748e-03 3.76734016162517805e-05
 1.01866666666666674e+02 1.02000000000000000e+02 5.53218044931423712e-03 5.48427987621664774e-05
 1.02000000000000000e+02 1.02133333333333326e+02 5.53013507369658295e-03 2.96275222235116091e-05
 1.02133333333333326e+02 1.02266666666666666e+02 5.50845802152424499e-03 4.28195212483599430e-05
 1.02266666666666666e+02 1.02400000000000006e+02 5.51800956897189904e-03 2.42370200666881981e-05
 1.02400000000000006e+02 1.02533333333333331e+02 5.51547597803508059e-03 1.78945844041034502e-05
 1.02533333333333331e+02 1.02666666666666657e+02 5.49345354243075106e-03 1.79063782870679989e-05
 1.02666666666666657e+02 1.02799999999999997e+02 5.47341475298342324e-03 1.79176888730468165e-05
 1.02799999999999997e+02 1.02933333333333337e+02 5.50493344650846393e-03 2.86606200109995184e-05
 1.02933333333333337e+02 1.03066666666666663e+02 5.48026700484547866e-03 2.18921897228954273e-05
 1.03066666666666663e+02 1.03200000000000003e+02 5.44736872812535185e-03 1.82555401437985585e-05
 1.03200000000000003e+02 1.03333333333333343e+02 5.47461294556989605e-03 2.07885912693887473e-05
 1.03333333333333343e+02 1.03466666666666669e+02 5.47589803399181358e-03 2.48052572882403892e-05
 1.03466666666666669e+02 1.03599999999999994e+02 5.49451259120465208e-03 2.21713722324391960e-05
 1.03599999999999994e+02 1.03733333333333334e+02 5.47484484028258871e-03 2.14781897316429367e-05
 1.03733333333333334e+02 1.03866666666666674e+02 5.46603633381269848e-03 2.10571374385125956e-05
 1.03866666666666674e+02 1.04000000000000000e+02 5.50105892283587767e-03 2.25487321778653728e-05
 1.04000000000000000e+02 1.04133333333333326e+02 5.46114203775775568e-03 1.97833883361412929e-05
 1.04133333333333326e+02 1.04266666666666666e+02 5.45766664369510580e-03 1.87259673422952429e-05
 1.04266666666666666e+02 1.04400000000000006e+02 5.44225645128973597e-03 1.73697726968888198e-05
 1.04400000000000006e+02 1.04533333333333331e+02 5.44923599427936476e-03 2.02265491073373950e-05
 1.04533333333333331e+02 1.04666666666666657e+02 5.42834169590359315e-03 1.85454090871246620e-05
 1.04666666666666657e+02 1.04799999999999997e+02 5.44092352224781993e-03 1.68078597428604376e-05
 1.04799999999999997e+02 1.04933333333333337e+02 5.44368912790210626e-03 2.15879255161050476e-05
 1.04933333333333337e+02 1.05066666666666663e+02 5.44625751307468032e-03 2.26213207143997692e-05
 1.05066666666666663e+02 1.05200000000000003e+02 5.42217057499451340e-03 2.21958515027748590e-05
 1.05200000000000003e+02 1.05333333333333343e+02 5.43395077997425261e-03 1.90488877938973246e-05
 1.05333333333333343e+02 1.05466666666666669e+02 5.43283177646570071e-03 1.75286640488095098e-05
 1.05466666666666669e+02 1.05599999999999994e+02 5.41092252359162001e-03 1.81693174106250545e-05
 1.05599999999999994e+02 1.05733333333333334e+02 5.43079319809273466e-03 2.03422453822518571e-05
 1.05733333333333334e+02 1.05866666666666674e+02 5.45174926186007148e-03 2.19659888786012383e-05
 1.05866666666666674e+02 1.06000000000000000e+02 5.38817408526105854e-03 1.84903289444947449e-05
 1.06000000000000000e+02 1.06133333333333326e+02 5.39623357378286699e-03 1.74952452004785883e-05
 1.06133333333333326e+02 1.06266666666666666e+02 5.40164404997585043e-03 1.88232909368753086e-05
 1.06266666666666666e+02 1.06400000000000006e+02 5.37221246015001305e-03 1.61426127027542099e-05
 1.06400000000000006e+02 1.06533333333333331e+02 5.37826956228444012e-03 1.81407246243047728e-05
 1.06533333333333331e+02 1.06666666666666657e+02 5.40978072252603758e-03 2.08533561252101269e-05
 1.06666666666666657e+02 1.06799999999999997e+02 5.38156619265139999e-03 2.26883550106824828e-05
 1.06799999999999997e+02 1.06933333333333337e+02 5.36351082261559125e-03 1.71267700974113890e-05
 1.06933333333333337e+02 1.07066666666666663e+02 5.37626912898011688e-03 2.11583040530173520e-05
 1.07066666666666663e+02 1.07200000000000003e+02 5.36440528017130634e-03 1.77025729848461249e-05
 1.07200000000000003e+02 1.07333333333333343e+02 5.32254780281483843e-03 1.74503886812469175e-05
 1.07333333333333343e+02 1.07466666666666669e+02 5.32149836007546860e-03 1.81930864920475466e-05
 1.07466666666666669e+02 1.07599999999999994e+02 5.32215469356276359e-03 2.10115235473185719e-05
 1.07599999999999994e+02 1.07733333333333334e+02 5.29121188722362062e-03 1.82001975578774958e-05
 1.07733333333333334e+02 1.07866666666666674e+02 5.30229586913725636e-03 1.84539996225770805e-05
 1.07866666666666674e+02 1.08000000000000000e+02 5.35849410493045766e-03 3.53067109229839244e-05
 1.08000000000000000e+02 1.08133333333333326e+02 5.31942180910382773e-03 2.04269750206412555e-05
 1.08133333333333326e+02 1.08266666666666666e+02 5.28987159939449045e-03 2.00598183239331070e-05
 1.08266666666666666e+02 1.08400000000000006e+02 5.25412146314664305e-03 1.74356114492271487e-05
 1.08400000000000006e+02 1.08533333333333331e+02 5.30756886487857103e-03 3.71200082139119694e-05
 1.08533333333333331e+02 1.08666666666666657e+02 5.25389157515452135e-03 2.21239559604513709e-05
 1.08666666666666657e+02 1.08799999999999997e+02 5.24200524850260054e-03 2.12696728397397877e-05
 1.08799999999999997e+02 1.08933333333333337e+02 5.23290311250952482e-03 1.67462005632553570e-05
 1.08933333333333337e+02 1.09066666666666663e+02 5.21863580471725996e-03 2.06881847733954662e-05
 1.09066666666666663e+02 1.09200000000000003e+02 5.22349710823423550e-03 1.72387264956930719e-05
 1.09200000000000003e+02 1.09333333333333343e+02 5.21232219031819450e-03 1.66642785628076084e-05
 1.09333333333333343e+02 1.09466666666666669e+02 5.18839948815202120e-03 1.92864440883140429e-05
 1.09466666666666669e+02 1.09599999999999994e+02 5.18709086516755662e-03 2.06021694820979593e-05
 1.09599999999999994e+02 1.09733333333333334e+02 5.15458890030439341e-03 1.84513830140129516e-05
 1.09733333333333334e+02 1.09866666666666674e+02 5.16028442676615996e-03 1.71365022962555126e-05
 1.09866666666666674e+02 1.10000000000000000e+02 5.15068475385344667e-03 2.49732645567960763e-05
 1.10000000000000000e+02 1.10133333333333326e+02 5.13678744318594570e-03 1.66130009791938734e-05
 1.10133333333333326e+02 1.10266666666666666e+02 5.18589278540254085e-03 2.84451768447541891e-05
 1.10266666666666666e+02 1.10400000000000006e+02 5.08043066543393141e-03 1.78209276725866655e-05
 1.10400000000000006e+02 1.10533333333333331e+02 5.05565893599302114e-03 1.64739200488906804e-05
 1.10533333333333331e+02 1.10666666666666657e+02 5.07939169870239623e-03 1.77959563990481787e-05
 1.10666666666666657e+02 1.10799999999999997e+02 5.06158153547878707e-03 1.73818188403802381e-05
 1.10799999999999997e+02 1.10933333333333337e+02 5.05267332115902097e-03 1.66522649566438705e-05
 1.10933333333333337e+02 1.11066666666666663e+02 5.02332316514454182e-03 2.17589840165176362e-05
 1.11066666666666663e+02 1.11200000000000003e+02 5.01502558138621282e-03 2.23689126662944814e-05
 1.11200000000000003e+02 1.11333333333333343e+02 5.00622006798384905e-03 1.96014644202510737e-05
 1.11333333333333343e+02 1.11466666666666669e+02 4.96917177032911873e-03 1.65817800982463754e-05
 1.11466666666666669e+02 1.11599999999999994e+02 4.98156919812580562e-03 1.58042643950659163e-05
 1.11599999999999994e+02 1.11733333333333334e+02 4.92510369425356188e-03 1.92093135601825848e-05
 1.11733333333333334e+02 1.11866666666666674e+02 4.93788367928786782e-03 1.81892472146751139e-05
 1.11866666666666674e+02 1.12000000000000000e+02 4.93092025496707619e-03 1.53918997984195323e-05
 1.12000000000000000e+02 1.12133333333333326e+02 4.92127370167652449e-03 1.71182110826502782e-05
 1.12133333333333326e+02 1.12266666666666666e+02 5.01221363234425309e-03 1.22794569596761972e-04
 1.12266666666666666e+02 1.12400000000000006e+02 4.86845403314273631e-03 1.57602159459596833e-05
 1.12400000000000006e+02 1.12533333333333331e+02 4.84830754683822363e-03 1.66441948655933018e-05
 1.12533333333333331e+02 1.12666666666666657e+02 4.87166537009116416e-03 1.99200832181171768e-05
 1.12666666666666657e+02 1.12799999999999997e+02 4.84608971752566176e-03 1.70453159671836377e-05
 1.12799999999999997e+02 1.12933333333333337e+02 4.84171293912564939e-03 1.86033238085414711e-05
 1.12933333333333337e+02 1.13066666666666663e+02 4.84719694907164399e-03 1.81356774443053797e-05
 1.13066666666666663e+02 1.13200000000000003e+02 4.78822649650940783e-03 2.01597737898365079e-05
 1.13200000000000003e+02 1.13333333333333343e+02 4.78512623060540782e-03 1.63695068501777463e-05
 1.13333333333333343e+02 1.13466666666666669e+02 4.72479376458288889e-03 2.09606842031793146e-05
 1.13466666666666669e+02 1.13599999999999994e+02 4.73043211426135354e-03 1.74207098156379476e-05
 1.13599999999999994e+02 1.13733333333333334e+02 4.72304617343056662e-03 1.61039905004380288e-05
 1.13733333333333334e+02 1.13866666666666674e+02 4.69110853584477766e-03 2.60485534853846153e-05
 1.13866666666666674e+02 1.14000000000000000e+02 4.79488246387033482e-03 1.55002938563872838e-04
 1.14000000000000000e+02 1.14133333333333340e+02 4.68926920734745196e-03 2.93853709265538025e-05
 1.14133333333333340e+02 1.14266666666666666e+02 4.68479160386669688e-03 3.87188034952035495e-05
 1.14266666666666666e+02 1.14400000000000006e+02 4.60319876363888148e-03 1.55959858676082958e-05
 1.14400000000000006e+02 1.14533333333333331e+02 4.62926266558178791e-03 2.93476474371991375e-05
 1.14533333333333331e+02 1.14666666666666671e+02 4.56132142308483205e-03 1.92479659667400313e-05
 1.14666666666666671e+02 1.14799999999999997e+02 4.56917795847158054e-03 3.49176567056083817e-05
 1.14799999999999997e+02 1.14933333333333337e+02 4.49490904955011233e-03 1.59392361451576692e-05
 1.14933333333333337e+02 1.15066666666666663e+02 4.49048642226618916e-03 1.64569142336911588e-05
 1.15066666666666663e+02 1.15200000000000003e+02 4.48787817590171403e-03 1.61544336082898697e-05
 1.15200000000000003e+02 1.15333333333333329e+02 4.49723389742353111e-03 2.23007708205585967e-05
 1.15333333333333329e+02 1.15466666666666669e+02 4.43633199304104258e-03 1.76848241011799078e-05
 1.15466666666666669e+02 1.15599999999999994e+02 4.40843589512599898e-03 1.67003792283645713e-05
 1.15599999999999994e+02 1.15733333333333334e+02 4.36813718988139556e-03 1.52838097413209033e-05
 1.15733333333333334e+02 1.15866666666666660e+02 4.39690327912204380e-03 1.46731238454244873e-05
 1.15866666666666660e+02 1.16000000000000000e+02 4.36236717158943691e-03 1.55509506512209668e-05
 1.16000000000000000e+02 1.16133333333333340e+02 4.32544250999223907e-03 1.61888245863302589e-05
 1.16133333333333340e+02 1.16266666666666666e+02 4.31981306734459478e-03 1.49023797542563603e-05
 1.16266666666666666e+02 1.16400000000000006e+02 4.27479341232645145e-03 1.49179589393999507e-05
 1.16400000000000006e+02 1.16533333333333331e+02 4.26157781906943370e-03 1.49427956276804400e-05
 1.16533333333333331e+02 1.16666666666666671e+02 4.23831694776710503e-03 1.53867928713201444e-05
 1.16666666666666671e+02 1.16799999999999997e+02 4.25662019847765534e-03 3.90658197902310668e-05
 1.16799999999999997e+02 1.16933333333333337e+02 4.20217872204648769e-03 1.54374258624819378e-05
 1.16933333333333337e+02 1.17066666666666663e+02 4.16419816750781321e-03 1.90080298205406138e-05
 1.17066666666666663e+02 1.17200000000000003e+02 4.15378830855617914e-03 1.53141970499317062e-05
 1.17200000000000003e+02 1.17333333333333329e+02 4.10737568330683984e-03 1.48783706702756256e-05
 1.17333333333333329e+02 1.17466666666666669e+02 4.08054134508893836e-03 1.40843215672832546e-05
 1.17466666666666669e+02 1.17599999999999994e+02 4.05151636987655626e-03 1.40862715735837017e-05
 1.17599999999999994e+02 1.17733333333333334e+02 4.03268401712569401e-03 1.99012848499496628e-05
 1.17733333333333334e+02 1.17866666666666660e+02 3.99172401051757150e-03 1.62647675917727757e-05
 1.17866666666666660e+02 1.18000000000000000e+02 3.96942107545781089e-03 1.48784504963247541e-05
 1.18000000000000000e+02 1.18133333333333340e+02 3.94952510507578809e-03 1.48219032252741190e-05
 1.18133333333333340e+02 1.18266666666666666e+02 3.92520858780081184e-03 1.53986521429207205e-05
 1.18266666666666666e+02 1.18400000000000006e+02 3.89340744674516884e-03 1.39453889832967545e-05
 1.18400000000000006e+02 1.18533333333333331e+02 3.86582505121276692e-03 1.53238086570991673e-05
 1.18533333333333331e+02 1.18666666666666671e+02 3.83885315317689492e-03 1.43074224023009730e-05
 1.18666666666666671e+02 1.18799999999999997e+02 3.79478538285850592e-03 1.43854510180942000e-05
 1.18799999999999997e+02 1.18933333333333337e+02 3.78580789504355270e-03 1.41062269993346872e-05
 1.18933333333333337e+02 1.19066666666666663e+02 3.76271124992940201e-03 1.59619743891305472e-05
 1.19066666666666663e+02 1.19200000000000003e+02 3.77109132807494510e-03 2.45670867368082981e-05
 1.19200000000000003e+02 1.19333333333333329e+02 3.69529782260750311e-03 1.38775344332520029e-05
 1.19333333333333329e+02 1.19466666666666669e+02 3.67942923259610656e-03 1.69213238548692926e-05
 1.19466666666666669e+02 1.19599999999999994e+02 3.64112756860764846e-03 1.56857860452575970e-05
 1.19599999999999994e+02 1.19733333333333334e+02 3.59675349938737591e-03 1.50649044765856302e-05
 1.19733333333333334e+02 1.19866666666666660e+02 3.56717235884409069e-03 1.36429441125427874e-05
 1.19866666666666660e+02 1.20000000000000000e+02 3.54151607340235687e-03 1.42764904928824637e-05
 1.20000000000000000e+02 1.20133333333333340e+02 3.52580026258080687e-03 1.42950330705249709e-05
 1.20133333333333340e+02 1.20266666666666666e+02 3.48694863371836307e-03 1.44035539590038980e-05
 1.20266666666666666e+02 1.20400000000000006e+02 3.44668594978216492e-03 1.47248440655300996e-05
 1.20400000000000006e+02 1.20533333333333331e+02 3.42789961905073329e-03 1.84115816665295551e-05
 1.20533333333333331e+02 1.20666666666666671e+02 3.38759249472874238e-03 1.44882597195872089e-05
 1.20666666666666671e+02 1.20799999999999997e+02 3.33837519298146998e-03 1.26327557241393974e-05
 1.20799999999999997e+02 1.20933333333333337e+02 3.30140305554926490e-03 1.30140538643541487e-05
 1.20933333333333337e+02 1.21066666666666663e+02 3.26724278043890931e-03 1.40666114783584182e-05
 1.21066666666666663e+02 1.21200000000000003e+02 3.23889597431076606e-03 1.39415305192745739e-05
 1.21200000000000003e+02 1.21333333333333329e+02 3.23888619564032540e-03 3.16159407097027766e-05
 1.21333333333333329e+02 1.21466666666666669e+02 3.19198837903538618e-03 3.16743302986989162e-05
 1.21466666666666669e+02 1.21599999999999994e+02 3.14638995048909052e-03 1.88833241690435121e-05
 1.21599999999999994e+02 1.21733333333333334e+02 3.10054703016050945e-03 1.33835156295664445e-05
 1.21733333333333334e+02 1.21866666666666660e+02 3.07838256229704460e-03 1.69786777302842050e-05
 1.21866666666666660e+02 1.22000000000000000e+02 3.00628797444696221e-03 1.43885913642177351e-05
 1.22000000000000000e+02 1.22133333333333340e+02 2.97343330424095159e-03 1.33801812182484852e-05
 1.22133333333333340e+02 1.22266666666666666e+02 2.95647002874512141e-03 2.38268078530079408e-05
 1.22266666666666666e+02 1.22400000000000006e+02 2.91025749150726400e-03 1.60603702059416929e-05
 1.22400000000000006e+02 1.22533333333333331e+02 2.84799890072548337e-03 1.32941571086826751e-05
 1.22533333333333331e+02 1.22666666666666671e+02 2.85360680484188917e-03 1.27922548678003269e-05
 1.22666666666666671e+02 1.22799999999999997e+02 2.77535705969326031e-03 1.30148128931197734e-05
 1.22799999999999997e+02 1.22933333333333337e+02 2.72056306332696266e-03 1.19297252124083977e-05
 1.22933333333333337e+02 1.23066666666666663e+02 2.68528941745793887e-03 1.40782549221472712e-05
 1.23066666666666663e+02 1.23200000000000003e+02 2.63526470318597907e-03 1.22898746991245855e-05
 1.23200000000000003e+02 1.23333333333333329e+02 2.57182435222715836e-03 1.30628520921357736e-05
 1.23333333333333329e+02 1.23466666666666669e+02 2.56367431674803942e-03 1.45933162951687273e-05
 1.23466666666666669e+02 1.23599999999999994e+02 2.52592010114672302e-03 1.87421461411287000e-05
 1.23599999999999994e+02 1.23733333333333334e+02 2.46923894005326040e-03 1.45769220936667815e-05
 1.23733333333333334e+02 1.23866666666666660e+02 2.40278837332032810e-03 1.20627291455202907e-05
 1.23866666666666660e+02 1.24000000000000000e+02 2.35575234260101789e-03 1.25887107231119518e-05
 1.24000000000000000e+02 1.24133333333333340e+02 2.30879056394890170e-03 1.80088032042331158e-05
 1.24133333333333340e+02 1.24266666666666666e+02 2.25630722972239945e-03 1.20498706286040762e-05
 1.24266666666666666e+02 1.24400000000000006e+02 2.20217375317720895e-03 1.20208644886497195e-05
 1.24400000000000006e+02 1.24533333333333331e+02 2.16706962452531881e-03 2.43007957731183916e-05
 1.24533333333333331e+02 1.24666666666666671e+02 2.08618850206448558e-03 1.16004836958148982e-05
 1.24666666666666671e+02 1.24799999999999997e+02 2.03863855681664808e-03 1.36915799180289183e-05
 1.24799999999999997e+02 1.24933333333333337e+02 1.98328155436832375e-03 1.21017347245126649e-05
 1.24933333333333337e+02 1.25066666666666663e+02 1.93230134001536524e-03 1.07383594666985926e-05
 1.25066666666666663e+02 1.25200000000000003e+02 1.88565491132218878e-03 1.08795647454016854e-05
 1.25200000000000003e+02 1.25333333333333329e+02 1.82185481700932773e-03 1.06539252178433671e-05
 1.25333333333333329e+02 1.25466666666666669e+02 1.75978776782994770e-03 1.07677615620540659e-05
 1.25466666666666669e+02 1.25599999999999994e+02 1.71159452191488770e-03 1.00086387937455353e-05
 1.25599999999999994e+02 1.25733333333333334e+02 1.64526781218067293e-03 1.12055310985933979e-05
 1.25733333333333334e+02 1.25866666666666660e+02 1.63723932683492845e-03 2.84888090917045425e-05
 1.25866666666666660e+02 1.26000000000000000e+02 1.54773269270672750e-03 1.07453990247445948e-05
 1.26000000000000000e+02 1.26133333333333340e+02 1.51036078977727231e-03 1.32252684638225222e-05
 1.26133333333333340e+02 1.26266666666666666e+02 1.44678225803380718e-03 9.60699374328148636e-06
 1.26266666666666666e+02 1.26400000000000006e+02 1.38771987863590984e-03 9.32793265070966850e-06
 1.26400000000000006e+02 1.26533333333333331e+02 1.34651259273544169e-03 1.78107195386574542e-05
 1.26533333333333331e+02 1.26666666666666671e+02 1.32415158734952619e-03 2.33070199810989785e-05
 1.26666666666666671e+02 1.26799999999999997e+02 1.23050528429704295e-03 9.11004561703912510e-06
 1.26799999999999997e+02 1.26933333333333337e+02 1.15900064667649543e-03 9.50890380116535380e-06
 1.26933333333333337e+02 1.27066666666666663e+02 1.13631953129954646e-03 9.57420451650680483e-06
 1.27066666666666663e+02 1.27200000000000003e+02 1.05783058462527338e-03 7.54106716881368019e-06
 1.27200000000000003e+02 1.27333333333333329e+02 1.01053195905871748e-03 8.81444186927133683e-06
 1.27333333333333329e+02 1.27466666666666669e+02 9.78766342429211343e-04 1.21902711588024364e-05
 1.27466666666666669e+02 1.27599999999999994e+02 9.07528268929775586e-04 8.11496019515656551e-06
 1.27599999999999994e+02 1.27733333333333334e+02 8.72034640011108068e-04 1.20263716133934485e-05
 1.27733333333333334e+02 1.27866666666666660e+02 7.94186567974030006e-04 7.00249878482881847e-06
 1.27866666666666660e+02 1.28000000000000000e+02 7.54999152846619489e-04 7.93744482455768860e-06
 1.28000000000000000e+02 1.28133333333333326e+02 7.04384028134885545e-04 7.14208414689416828e-06
 1.28133333333333326e+02 1.28266666666666652e+02 6.58400037950731382e-04 7.84353082452071642e-06
 1.28266666666666652e+02 1.28400000000000006e+02 6.12324645926179217e-04 1.01131369916326979e-05
 1.28400000000000006e+02 1.28533333333333331e+02 5.51678103393035018e-04 6.71881736226231767e-06
 1.28533333333333331e+02 1.28666666666666686e+02 5.15640599768304509e-04 7.42377169243262821e-06
 1.28666666666666686e+02 1.28800000000000011e+02 4.75754971541998977e-04 1.12315257641729224e-05
 1.28800000000000011e+02 1.28933333333333337e+02 4.03265561071740265e-04 5.85118437096560468e-06
 1.28933333333333337e+02 1.29066666666666663e+02 3.73316850001237366e-04 1.22723214034674818e-05
 1.29066666666666663e+02 1.29199999999999989e+02 3.12433112017018527e-04 5.95427037375663663e-06
 1.29199999999999989e+02 1.29333333333333314e+02 2.63027094041430663e-04 4.67773088867291467e-06
 1.29333333333333314e+02 1.29466666666666669e+02 2.14680902140024845e-04 5.12370674800563116e-06
 1.29466666666666669e+02 1.29599999999999994e+02 1.70478623167345935e-04 4.35587691363149237e-06
 1.29599999999999994e+02 1.29733333333333348e+02 1.21406388093731003e-04 3.64369364843202173e-06
 1.29733333333333348e+02 1.29866666666666674e+02 6.69401252310872794e-05 2.58822519180376233e-06
 1.29866666666666674e+02 1.30000000000000000e+02 2.49661356212293393e-05 2.03211266101930141e-06

Histogram:leg
 2.00000000000000000e+01 2.07416666666666671e+01 8.18725355928419949e-04 3.38811397245477419e-06
 2.07416666666666671e+01 2.14833333333333343e+01 8.00272192876131717e-04 3.84126867239534991e-06
 2.14833333333333343e+01 2.22250000000000014e+01 7.75845555233430897e-04 3.89015075011598497e-06
 2.22250000000000014e+01 2.29666666666666686e+01 7.56654409696319347e-04 3.41701813694751794e-06
 2.29666666666666686e+01 2.37083333333333321e+01 7.32313125455501843e-04 3.14876417207288113e-06
 2.37083333333333321e+01 2.44499999999999993e+01 7.18743372079114792e-04 3.19257558469123192e-06
 2.44499999999999993e+01 2.51916666666666664e+01 7.04697105814479038e-04 3.54142388435749906e-06
 2.51916666666666664e+01 2.59333333333333336e+01 6.93042562028169606e-04 5.92560825405822943e-06
 2.59333333333333336e+01 2.66750000000000007e+01 6.71988414634404493e-04 3.50991730337811745e-06
 2.66750000000000007e+01 2.74166666666666679e+01 6.60849374379275114e-04 4.46201675451291933e-06
 2.74166666666666679e+01 2.81583333333333314e+01 6.44531435026804672e-04 4.82337846093472506e-06
 2.81583333333333314e+01 2.88999999999999986e+01 6.25956212165353749e-04 2.45041641002231921e-06
 2.88999999999999986e+01 2.96416666666666657e+01 6.15968120510977440e-04 2.97624199853688556e-06
 2.96416666666666657e+01 3.03833333333333329e+01 5.99969733393049091e-04 3.28255642472165008e-06
 3.03833333333333329e+01 3.11250000000000000e+01 5.94348473276930744e-04 2.98252700541553430e-06
 3.11250000000000000e+01 3.18666666666666671e+01 5.79521129652013135e-04 2.65078973576059305e-06
 3.18666666666666671e+01 3.26083333333333343e+01 5.72868704341843995e-04 3.11709818544074498e-06
 3.26083333333333343e+01 3.33500000000000014e+01 5.64847564570573283e-04 2.55182165044202355e-06
 3.33500000000000014e+01 3.40916666666666686e+01 5.57002649667271495e-04 3.01776794036892890e-06
 3.40916666666666686e+01 3.48333333333333357e+01 5.44604097873831183e-04 2.49016465899433729e-06
 3.48333333333333357e+01 3.55750000000000028e+01 5.41896247873213427e-04 2.58066308751425716e-06
 3.55750000000000028e+01 3.63166666666666629e+01 5.32211303447901779e-04 3.09670723921059826e-06
 3.63166666666666629e+01 3.70583333333333371e+01 5.25442059044846799e-04 3.27798745919225078e-06
 3.70583333333333371e+01 3.77999999999999972e+01 5.11739437557825571e-04 2.61921189144901078e-06
 3.77999999999999972e+01 3.85416666666666714e+01 5.11085701576772036e-04 3.52010222112529299e-06
 3.85416666666666714e+01 3.92833333333333314e+01 5.04435759715138148e-04 2.42930255564249972e-06
 3.92833333333333314e+01 4.00249999999999986e+01 5.00671279212154541e-04 3.49304238732499169e-06
 4.00249999999999986e+01 4.07666666666666657e+01 4.89099250964989893e-04 2.21793574499415710e-06
 4.07666666666666657e+01 4.15083333333333329e+01 4.92640760175976230e-04 3.02292100026350077e-06
 4.15083333333333329e+01 4.22500000000000000e+01 4.79207440506824805e-04 2.25947138240878644e-06
 4.22500000000000000e+01 4.29916666666666671e+01 4.76387343085999109e-04 3.53241111873591508e-06
 4.29916666666666671e+01 4.37333333333333343e+01 4.74766615776456465e-04 2.63264342190705229e-06
 4.37333333333333343e+01 4.44750000000000014e+01 4.69432032070523579e-04 2.32235130907242542e-06
 4.44750000000000014e+01 4.52166666666666686e+01 4.69287589916039284e-04 5.20908760750976165e-06
 4.52166666666666686e+01 4.59583333333333286e+01 4.60315449436568839e-04 2.61171786538608506e-06
 4.59583333333333286e+01 4.67000000000000028e+01 4.54814892554972314e-04 2.47950455809367714e-06
 4.67000000000000028e+01 4.74416666666666629e+01 4.50978403044524558e-04 2.23197499760727330e-06
 4.74416666666666629e+01 4.81833333333333371e+01 4.50688448367988278e-04 2.34213446688039532e-06
 4.81833333333333371e+01 4.89249999999999972e+01 4.50773356585891093e-04 3.85058770551686523e-06
 4.89249999999999972e+01 4.96666666666666714e+01 4.46881210725763708e-04 2.40496290119818437e-06
 4.96666666666666714e+01 5.04083333333333314e+01 4.50675014263263684e-04 2.31533089010249704e-06
 5.04083333333333314e+01 5.11499999999999986e+01 4.46846961160918146e-04 2.18905808683823284e-06
 5.11499999999999986e+01 5.18916666666666657e+01 4.43106384649859730e-04 2.25981521092455918e-06
 5.18916666666666657e+01 5.26333333333333329e+01 4.44674426113368974e-04 2.33985915282218300e-06
 5.26333333333333329e+01 5.33750000000000000e+01 4.45803124487231112e-04 2.61153854467904001e-06
 5.33750000000000000e+01 5.41166666666666671e+01 4.49189752357751035e-04 3.74271851426259906e-06
 5.41166666666666671e+01 5.48583333333333343e+01 4.41657844293112179e-04 3.47686793901953297e-06
 5.48583333333333343e+01 5.56000000000000014e+01 4.40627070810093542e-04 2.11698360622299905e-06
 5.56000000000000014e+01 5.63416666666666686e+01 4.46035687547858769e-04 2.17584217960781538e-06
 5.63416666666666686e+01 5.70833333333333357e+01 4.47933857023169034e-04 3.08023075582311616e-06
 5.70833333333333357e+01 5.78250000000000028e+01 4.47726786383591236e-04 3.34363289832240675e-06
 5.78250000000000028e+01 5.85666666666666700e+01 4.40925978788762711e-04 1.94712773696312706e-06
 5.85666666666666700e+01 5.93083333333333300e+01 4.45126416557498354e-04 2.16104931714389459e-06
 5.93083333333333300e+01 6.00499999999999972e+01 4.44630610543892627e-04 2.12386167445013004e-06
 6.00499999999999972e+01 6.07916666666666643e+01 4.48525644919700291e-04 2.17196788703409794e-06
 6.07916666666666643e+01 6.15333333333333314e+01 4.46066570308178674e-04 3.49531714060576847e-06
 6.15333333333333314e+01 6.22749999999999986e+01 4.49620516610889885e-04 2.22705621675126171e-06
 6.22749999999999986e+01 6.30166666666666657e+01 4.54397420656115511e-04 5.17324530718978790e-06
 6.30166666666666657e+01 6.37583333333333329e+01 4.47770805874032711e-04 2.18559116081751003e-06
 6.37583333333333329e+01 6.45000000000000000e+01 4.52497577236394318e-04 2.46222086724546581e-06
 6.45000000000000000e+01 6.52416666666666742e+01 4.57495588719126925e-04 4.99887062007831354e-06
 6.52416666666666742e+01 6.59833333333333343e+01 4.52718035904965590e-04 2.01253353791221616e-06
 6.59833333333333343e+01 6.67249999999999943e+01 4.53280475139355510e-04 2.51164007443234141e-06
 6.67249999999999943e+01 6.74666666666666686e+01 4.57126033347660815e-04 2.03966637311519015e-06
 6.74666666666666686e+01 6.82083333333333428e+01 4.56226641616001871e-04 2.22421229224574113e-06
 6.82083333333333428e+01 6.89500000000000028e+01 4.55650772789222794e-04 2.15964166509853565e-06
 6.89500000000000028e+01 6.96916666666666629e+01 4.61124203802348951e-04 1.99029663240008488e-06
 6.96916666666666629e+01 7.04333333333333371e+01 4.67726900716638333e-04 2.43908569350878829e-06
 7.04333333333333371e+01 7.11749999999999972e+01 4.66715031360023119e-04 2.27824371915538178e-06
 7.11749999999999972e+01 7.19166666666666572e+01 4.71414125704058406e-04 2.09379699761538911e-06
 7.19166666666666572e+01 7.26583333333333314e+01 4.70352041319042425e-04 2.38176891912297544e-06
 7.26583333333333314e+01 7.34000000000000057e+01 4.72755386621314603e-04 2.21959273924798617e-06
 7.34000000000000057e+01 7.41416666666666657e+01 4.76890917207381602e-04 2.02817135853828985e-06
 7.41416666666666657e+01 7.48833333333333258e+01 4.87333364232783912e-04 2.57066627782428055e-06
 7.48833333333333258e+01 7.56250000000000000e+01 4.85938563305934391e-04 2.10787989358713654e-06
 7.56250000000000000e+01 7.63666666666666742e+01 4.94532608567594431e-04 2.49098514732852085e-06
 7.63666666666666742e+01 7.71083333333333343e+01 4.96268019897240444e-04 2.47637952519111336e-06
 7.71083333333333343e+01 7.78499999999999943e+01 4.96856013303489333e-04 2.02339724356781937e-06
 7.78499999999999943e+01 7.85916666666666686e+01 5.06479564199658130e-04 2.22620837862528318e-06
 7.85916666666666686e+01 7.93333333333333428e+01 5.09883703983637373e-04 2.37071564154135729e-06
 7.93333333333333428e+01 8.00750000000000028e+01 5.14851759774814007e-04 3.36203600871688498e-06
 8.00750000000000028e+01 8.08166666666666629e+01 5.23418380630403060e-04 2.33829476016806930e-06
 8.08166666666666629e+01 8.15583333333333371e+01 5.25808447793608622e-04 2.18626286493328007e-06
 8.15583333333333371e+01 8.22999999999999972e+01 5.35085756640093818e-04 2.59237053837721851e-06
 8.22999999999999972e+01 8.30416666666666572e+01 5.44845120996478209e-04 3.03401046765934489e-06
 8.30416666666666572e+01 8.37833333333333314e+01 5.56952323312163598e-04 3.25136439176767529e-06
 8.37833333333333314e+01 8.45250000000000057e+01 5.62026857398155596e-04 2.44395105000292132e-06
 8.45250000000000057e+01 8.52666666666666657e+01 5.72652400604493146e-04 2.56993296133589958e-06
 8.52666666666666657e+01 8.60083333333333400e+01 5.88228755497476855e-04 2.73283435875296128e-06
 8.60083333333333400e+01 8.67500000000000000e+01 6.05574548872245505e-04 3.46876939004847894e-06
 8.67500000000000000e+01 8.74916666666666600e+01 6.15066489882445206e-04 2.44153969557644440e-06
 8.74916666666666600e+01 8.82333333333333343e+01 6.36689063531586203e-04 2.70101992788921776e-06
 8.82333333333333343e+01 8.89749999999999943e+01 6.57680313957150864e-04 5.91322867755752231e-06
 8.89749999999999943e+01 8.97166666666666686e+01 6.85161373291358431e-04 2.89556741832136180e-06
 8.97166666666666686e+01 9.04583333333333286e+01 7.13804110747824063e-04 2.54543724909306916e-06
 9.04583333333333286e+01 9.12000000000000028e+01 7.57017707321369464e-04 2.75651551104534701e-06
 9.12000000000000028e+01 9.19416666666666629e+01 8.18766655917928655e-04 3.70693832804838225e-06
 9.19416666666666629e+01 9.26833333333333371e+01 9.15322635821964078e-04 3.54435499121884261e-06
 9.26833333333333371e+01 9.34249999999999972e+01 1.29887839219189295e-03 7.01501841130880168e-06
 9.34249999999999972e+01 9.41666666666666714e+01 2.17689112273091031e-03 1.33519893614995115e-05
 9.41666666666666714e+01 9.49083333333333314e+01 2.16989357364135100e-03 1.08314640118543170e-05
 9.49083333333333314e+01 9.56500000000000057e+01 2.15637611560536360e-03 8.22595440106066087e-06
 9.56500000000000057e+01 9.63916666666666657e+01 2.13082086575530584e-03 4.98417858204364262e-06
 9.63916666666666657e+01 9.71333333333333400e+01 2.10875564780149856e-03 4.52928531786931667e-06
 9.71333333333333400e+01 9.78750000000000000e+01 2.10102945717493411e-03 6.70752965383239753e-06
 9.78750000000000000e+01 9.86166666666666600e+01 2.07868282538929781e-03 4.38614249924167240e-06
 9.86166666666666600e+01 9.93583333333333343e+01 2.06875606685867066e-03 1.22516816549198724e-05
 9.93583333333333343e+01 1.00099999999999994e+02 2.03517014195864427e-03 3.88925336958763325e-06
 1.00099999999999994e+02 1.00841666666666669e+02 2.02156824189536795e-03 4.08237156527935078e-06
 1.00841666666666669e+02 1.01583333333333329e+02 2.01083271400223987e-03 6.66057367875604873e-06
 1.01583333333333329e+02 1.02325000000000003e+02 1.98711146409848768e-03 4.37439757450335598e-06
 1.02325000000000003e+02 1.03066666666666663e+02 1.96009751431104476e-03 4.50308880434321920e-06
 1.03066666666666663e+02 1.03808333333333337e+02 1.95158306044065726e-03 4.08095677402089342e-06
 1.03808333333333337e+02 1.04549999999999997e+02 1.94141356481669050e-03 4.01669118762729939e-06
 1.04549999999999997e+02 1.05291666666666671e+02 1.91414084211757245e-03 4.39729636204849386e-06
 1.05291666666666671e+02 1.06033333333333331e+02 1.90732639594764250e-03 4.41614797340572901e-06
 1.06033333333333331e+02 1.06775000000000006e+02 1.88485775643679513e-03 5.69571495829925483e-06
 1.06775000000000006e+02 1.07516666666666666e+02 1.86133337781549282e-03 4.23080378023655593e-06
 1.07516666666666666e+02 1.08258333333333340e+02 1.85605037409299544e-03 4.99511170311417881e-06
 1.08258333333333340e+02 1.09000000000000000e+02 1.82679834592738887e-03 3.95832182225539614e-06
 1.09000000000000000e+02 1.09741666666666660e+02 1.82300118472815322e-03 4.10238468005771112e-06
 1.09741666666666660e+02 1.10483333333333334e+02 1.80167136080516626e-03 4.03633970032966461e-06
 1.10483333333333334e+02 1.11224999999999994e+02 1.78706114113754300e-03 4.18173861173183023e-06
 1.11224999999999994e+02 1.11966666666666669e+02 1.78149017366346679e-03 4.75679990696314275e-06
 1.11966666666666669e+02 1.12708333333333329e+02 1.76242722210176190e-03 4.45145360648097847e-06
 1.12708333333333329e+02 1.13450000000000003e+02 1.75097524867045000e-03 4.53010435505543308e-06
 1.13450000000000003e+02 1.14191666666666663e+02 1.73013098710101906e-03 4.03003058241609872e-06
 1.14191666666666663e+02 1.14933333333333337e+02 1.71476605855243390e-03 4.20501634125381709e-06
 1.14933333333333337e+02 1.15674999999999997e+02 1.70329061160644809e-03 3.86027477084257912e-06
 1.15674999999999997e+02 1.16416666666666671e+02 1.69167054458323998e-03 4.13326811641060669e-06
 1.16416666666666671e+02 1.17158333333333331e+02 1.68307949751144684e-03 7.35503485986736705e-06
 1.17158333333333331e+02 1.17900000000000006e+02 1.66611611729237941e-03 4.04783921767776176e-06
 1.17900000000000006e+02 1.18641666666666666e+02 1.65241979587005022e-03 3.82091973004746976e-06
 1.18641666666666666e+02 1.19383333333333340e+02 1.64408653685062960e-03 4.29050481229679434e-06
 1.19383333333333340e+02 1.20125000000000000e+02 1.62153662263968333e-03 4.72951132299920028e-06
 1.20125000000000000e+02 1.20866666666666660e+02 1.61136249413190713e-03 3.96191487079779754e-06
 1.20866666666666660e+02 1.21608333333333334e+02 1.60679192070366543e-03 9.10480436737826111e-06
 1.21608333333333334e+02 1.22349999999999994e+02 1.58998096054366518e-03 4.15141180352565542e-06
 1.22349999999999994e+02 1.23091666666666669e+02 1.57422861092459563e-03 3.82995925376239071e-06
 1.23091666666666669e+02 1.23833333333333329e+02 1.56908247566703990e-03 6.76978012910300787e-06
 1.23833333333333329e+02 1.24575000000000003e+02 1.54702205319665206e-03 3.80441314825289036e-06
 1.24575000000000003e+02 1.25316666666666663e+02 1.53991810640811857e-03 4.31406647389579468e-06
 1.25316666666666663e+02 1.26058333333333337e+02 1.53294406867674404e-03 4.12111170330768389e-06
 1.26058333333333337e+02 1.26799999999999997e+02 1.51471312392301486e-03 3.93871130065199090e-06
 1.26799999999999997e+02 1.27541666666666671e+02 1.50359824205572755e-03 3.74349832546170918e-06
 1.27541666666666671e+02 1.28283333333333331e+02 1.49358802882293851e-03 4.92738430771971158e-06
 1.28283333333333331e+02 1.29025000000000006e+02 1.47861992615742031e-03 3.47774704489605386e-06
 1.29025000000000006e+02 1.29766666666666652e+02 1.47139807135045339e-03 4.25996163215489737e-06
 1.29766666666666652e+02 1.30508333333333326e+02 1.47103376167476304e-03 4.02544721389340598e-06
 1.30508333333333326e+02 1.31250000000000000e+02 1.44981331527648384e-03 3.94335108833337167e-06
 1.31250000000000000e+02 1.31991666666666674e+02 1.44535489701946070e-03 4.61123733884559354e-06
 1.31991666666666674e+02 1.32733333333333348e+02 1.43067134602824870e-03 3.81316709024074585e-06
 1.32733333333333348e+02 1.33474999999999994e+02 1.41817171437124225e-03 3.56710964070180739e-06
 1.33474999999999994e+02 1.34216666666666669e+02 1.41080180753391533e-03 3.70976732339086270e-06
 1.34216666666666669e+02 1.34958333333333314e+02 1.39782020162736186e-03 3.49281819987292112e-06
 1.34958333333333314e+02 1.35699999999999989e+02 1.38998240631435402e-03 3.42892239749100228e-06
 1.35699999999999989e+02 1.36441666666666663e+02 1.38574098419566279e-03 5.78667741985415601e-06
 1.36441666666666663e+02 1.37183333333333337e+02 1.36822710292526994e-03 4.31153970009642427e-06
 1.37183333333333337e+02 1.37925000000000011e+02 1.36607846829312710e-03 4.35483440387011944e-06
 1.37925000000000011e+02 1.38666666666666686e+02 1.34358197046232719e-03 3.38245062551635949e-06
 1.38666666666666686e+02 1.39408333333333331e+02 1.33257384351005877e-03 3.56154553871465729e-06
 1.39408333333333331e+02 1.40150000000000006e+02 1.33385222694997353e-03 4.94624144235654534e-06
 1.40150000000000006e+02 1.40891666666666652e+02 1.32460910868321545e-03 3.59967827104757369e-06
 1.40891666666666652e+02 1.41633333333333326e+02 1.31991288040197215e-03 4.36337114946534960e-06
 1.41633333333333326e+02 1.42375000000000000e+02 1.30762857576991430e-03 3.67614408129276251e-06
 1.42375000000000000e+02 1.43116666666666674e+02 1.28792339338657013e-03 3.62075708284433862e-06
 1.43116666666666674e+02 1.43858333333333348e+02 1.27751952120612054e-03 3.29353850929769580e-06
 1.43858333333333348e+02 1.44599999999999994e+02 1.27792801436550033e-03 3.53220361845917532e-06
 1.44599999999999994e+02 1.45341666666666669e+02 1.26945782998595419e-03 3.36261312782357953e-06
 1.45341666666666669e+02 1.46083333333333314e+02 1.25825406738766217e-03 4.15687947049376708e-06
 1.46083333333333314e+02 1.46824999999999989e+02 1.25546625159940429e-03 5.08312473264237202e-06
 1.46824999999999989e+02 1.47566666666666663e+02 1.23988558291771391e-03 3.21774165575650729e-06
 1.47566666666666663e+02 1.48308333333333337e+02 1.23126455218084069e-03 3.57166428646530556e-06
 1.48308333333333337e+02 1.49050000000000011e+02 1.22644599422269901e-03 3.27727476999170300e-06
 1.49050000000000011e+02 1.49791666666666657e+02 1.21399018798627051e-03 3.41436992364860503e-06
 1.49791666666666657e+02 1.50533333333333331e+02 1.20501455628029800e-03 3.21417532473867279e-06
 1.50533333333333331e+02 1.51275000000000006e+02 1.20032791079569207e-03 3.08438936734330047e-06
 1.51275000000000006e+02 1.52016666666666680e+02 1.19048437774408049e-03 3.17144506667637575e-06
 1.52016666666666680e+02 1.52758333333333326e+02 1.18293321940825431e-03 3.30193405264485419e-06
 1.52758333333333326e+02 1.53500000000000000e+02 1.18695080786884082e-03 4.98931866210741814e-06
 1.53500000000000000e+02 1.54241666666666674e+02 1.16919332381975032e-03 3.45802586813963211e-06
 1.54241666666666674e+02 1.54983333333333320e+02 1.16653443425817336e-03 3.35337552360881741e-06
 1.54983333333333320e+02 1.55724999999999994e+02 1.14451758771246296e-03 2.99356410909946428e-06
 1.55724999999999994e+02 1.56466666666666669e+02 1.14429615549209787e-03 3.16381768391481250e-06
 1.56466666666666669e+02 1.57208333333333343e+02 1.13380490907060588e-03 3.15638674766633738e-06
 1.57208333333333343e+02 1.57949999999999989e+02 1.15811980487696845e-03 2.22219043038875938e-05
 1.57949999999999989e+02 1.58691666666666663e+02 1.12038274820684832e-03 3.22727376213124385e-06
 1.58691666666666663e+02 1.59433333333333337e+02 1.12818057376510325e-03 3.41086771241973702e-06
 1.59433333333333337e+02 1.60175000000000011e+02 1.11149864709904540e-03 3.43370189831787468e-06
 1.60175000000000011e+02 1.60916666666666657e+02 1.10263301645207755e-03 3.89264428321854596e-06
 1.60916666666666657e+02 1.61658333333333331e+02 1.09547879430865009e-03 3.23631741519665988e-06
 1.61658333333333331e+02 1.62400000000000006e+02 1.08977699118381556e-03 3.10523800227006199e-06
 1.62400000000000006e+02 1.63141666666666680e+02 1.08647049987389225e-03 3.17175945069079426e-06
 1.63141666666666680e+02 1.63883333333333326e+02 1.07620853183351163e-03 3.23835990213706286e-06
 1.63883333333333326e+02 1.64625000000000000e+02 1.06837632304086663e-03 3.17466486061444180e-06
 1.64625000000000000e+02 1.65366666666666674e+02 1.05522113526175607e-03 3.06400354529962378e-06
 1.65366666666666674e+02 1.66108333333333320e+02 1.05727397352392712e-03 3.05062180112914103e-06
 1.66108333333333320e+02 1.66849999999999994e+02 1.04626135543514067e-03 3.13614540659367279e-06
 1.66849999999999994e+02 1.67591666666666669e+02 1.04616384468836257e-03 3.48918526250087439e-06
 1.67591666666666669e+02 1.68333333333333343e+02 1.03765108081656687e-03 3.53179625782197314e-06
 1.68333333333333343e+02 1.69074999999999989e+02 1.03331571723086621e-03 3.76680043407110394e-06
 1.69074999999999989e+02 1.69816666666666663e+02 1.02400951075864782e-03 2.90606097141514058e-06
 1.69816666666666663e+02 1.70558333333333337e+02 1.01587807698980234e-03 3.03511489051435523e-06
 1.70558333333333337e+02 1.71300000000000011e+02 1.01697945963373049e-03 2.95863765178665583e-06
 1.71300000000000011e+02 1.72041666666666657e+02 9.99517946747818494e-04 2.90371899682001484e-06
 1.72041666666666657e+02 1.72783333333333331e+02 9.97737651221568701e-04 3.64040517817418370e-06
 1.72783333333333331e+02 1.73525000000000006e+02 9.93711098796855449e-04 4.68201226884543317e-06
 1.73525000000000006e+02 1.74266666666666680e+02 9.86071696070013300e-04 2.84011752847905195e-06
 1.74266666666666680e+02 1.75008333333333326e+02 9.78113462347325211e-04 3.11394650666949980e-06
 1.75008333333333326e+02 1.75750000000000000e+02 9.75309501000076111e-04 3.20722903772068460e-06
 1.75750000000000000e+02 1.76491666666666674e+02 9.65580692164048145e-04 2.96182745162996711e-06
 1.76491666666666674e+02 1.77233333333333320e+02 9.63943157697486454e-04 2.87095837023695629e-06
 1.77233333333333320e+02 1.77974999999999994e+02 9.58151757156563435e-04 3.24763288717290612e-06
 1.77974999999999994e+02 1.78716666666666669e+02 9.45209453546469285e-04 3.00801448479521980e-06
 1.78716666666666669e+02 1.79458333333333343e+02 9.47059186631401509e-04 3.11314705145726565e-06
 1.79458333333333343e+02 1.80199999999999989e+02 9.37747878811235973e-04 2.85565756134614058e-06
 1.80199999999999989e+02 1.80941666666666663e+02 9.35918069391633600e-04 3.08891141565469949e-06
 1.80941666666666663e+02 1.81683333333333337e+02 9.28593713768962139e-04 3.08290609319696410e-06
 1.81683333333333337e+02 1.82425000000000011e+02 9.26737961530100835e-04 3.70626605539700709e-06
 1.82425000000000011e+02 1.83166666666666657e+02 9.23820202279005396e-04 3.60754935748884387e-06
 1.83166666666666657e+02 1.83908333333333331e+02 9.10974027698371641e-04 2.94233696420210674e-06
 1.83908333333333331e+02 1.84650000000000006e+02 9.08368105600079897e-04 2.92336995301158910e-06
 1.84650000000000006e+02 1.85391666666666680e+02 9.02055629555086036e-04 3.50301067486659574e-06
 1.85391666666666680e+02 1.86133333333333326e+02 8.98602466022202138e-04 2.85448474417541171e-06
 1.86133333333333326e+02 1.86875000000000000e+02 8.85629812332761252e-04 3.01688957438426830e-06
 1.86875000000000000e+02 1.87616666666666674e+02 8.86569926320010093e-04 3.06640108855710809e-06
 1.87616666666666674e+02 1.88358333333333320e+02 8.78136857825850240e-04 2.82448890296281515e-06
 1.88358333333333320e+02 1.89099999999999994e+02 8.72926551793917847e-04 2.59386249794023290e-06
 1.89099999999999994e+02 1.89841666666666669e+02 8.69945875005491030e-04 3.18677067095627038e-06
 1.89841666666666669e+02 1.90583333333333343e+02 8.63833962968688237e-04 2.79027918421730765e-06
 1.90583333333333343e+02 1.91324999999999989e+02 8.68366262743043983e-04 3.01842909459861815e-06
 1.91324999999999989e+02 1.92066666666666663e+02 8.57740793467022186e-04 2.75359457197747146e-06
 1.92066666666666663e+02 1.92808333333333337e+02 8.53666772385460924e-04 2.98097060389034313e-06
 1.92808333333333337e+02 1.93550000000000011e+02 8.47826270752665822e-04 2.88076377102153369e-06
 1.93550000000000011e+02 1.94291666666666657e+02 8.42741591822205216e-04 3.01618179492250469e-06
 1.94291666666666657e+02 1.95033333333333331e+02 8.34885142865741535e-04 2.97105852128204970e-06
 1.95033333333333331e+02 1.95775000000000006e+02 8.30136365237296768e-04 4.93975146708288804e-06
 1.95775000000000006e+02 1.96516666666666680e+02 8.23692327921369638e-04 4.13699965858811761e-06
 1.96516666666666680e+02 1.97258333333333326e+02 8.23152411507344106e-04 2.94433253365547738e-06
 1.97258333333333326e+02 1.98000000000000000e+02 8.14920411730246587e-04 3.06932821312168322e-06
 1.98000000000000000e+02 1.98741666666666674e+02 8.11331125504436150e-04 3.33455402378124050e-06
 1.98741666666666674e+02 1.99483333333333320e+02 8.07264846089066892e-04 3.17776212972271354e-06
 1.99483333333333320e+02 2.00224999999999994e+02 8.08872169160002171e-04 6.39995270587113399e-06
 2.00224999999999994e+02 2.00966666666666669e+02 7.96132844395275015e-04 2.72769325115042154e-06
 2.00966666666666669e+02 2.01708333333333343e+02 7.98687759346645531e-04 8.64036186283442596e-06
 2.01708333333333343e+02 2.02449999999999989e+02 7.90981962176237076e-04 2.78925731257559814e-06
 2.02449999999999989e+02 2.03191666666666663e+02 7.84775762601914811e-04 3.26043625940310687e-06
 2.03191666666666663e+02 2.03933333333333337e+02 7.82401067756393980e-04 3.85455903113949325e-06
 2.03933333333333337e+02 2.04675000000000011e+02 7.85915872323504974e-04 2.54914115957998907e-06
 2.04675000000000011e+02 2.05416666666666657e+02 7.75949999536471990e-04 3.67605356899832655e-06
 2.05416666666666657e+02 2.06158333333333331e+02 7.73920298028808761e-04 2.85972198455853864e-06
 2.06158333333333331e+02 2.06900000000000006e+02 7.60993294452604182e-04 2.51788822581184256e-06
 2.06900000000000006e+02 2.07641666666666680e+02 7.55326062258832595e-04 2.47314393889070853e-06
 2.07641666666666680e+02 2.08383333333333326e+02 7.57374999656933189e-04 2.55976645661064671e-06
 2.08383333333333326e+02 2.09125000000000000e+02 7.52368030250334576e-04 2.81399221960558866e-06
 2.09125000000000000e+02 2.09866666666666674e+02 7.48302103642828429e-04 2.68292121419374635e-06
 2.09866666666666674e+02 2.10608333333333320e+02 7.35989344718387018e-04 2.47066846415823493e-06
 2.10608333333333320e+02 2.11349999999999994e+02 7.44417502867935916e-04 3.21802261794613382e-06
 2.11349999999999994e+02 2.12091666666666669e+02 7.38339093756801334e-04 2.82154622873886471e-06
 2.12091666666666669e+02 2.12833333333333343e+02 7.32597309600201900e-04 2.59940668286339375e-06
 2.12833333333333343e+02 2.13574999999999989e+02 7.30234474651461109e-04 2.50108703669203572e-06
 2.13574999999999989e+02 2.14316666666666663e+02 7.24523969048157827e-04 2.75890748921549230e-06
 2.14316666666666663e+02 2.15058333333333337e+02 7.19052298144727737e-04 2.91515132840957188e-06
 2.15058333333333337e+02 2.15800000000000011e+02 7.21868293701330584e-04 2.94569562609050805e-06
 2.15800000000000011e+02 2.16541666666666657e+02 7.13176294196307442e-04 2.67303063453152294e-06
 2.16541666666666657e+02 2.17283333333333331e+02 7.14199529391523562e-04 3.03746116346466870e-06
 2.17283333333333331e+02 2.18025000000000006e+02 7.01012094915001087e-04 2.53601408118061039e-06
 2.18025000000000006e+02 2.18766666666666680e+02 6.98324500810492202e-04 2.33989876931480648e-06
 2.18766666666666680e+02 2.19508333333333326e+02 6.99451440218455678e-04 3.17195918888254316e-06
 2.19508333333333326e+02 2.20250000000000000e+02 6.91834447058513368e-04 3.57379711716175366e-06
 2.20250000000000000e+02 2.20991666666666674e+02 6.89542807750870225e-04 3.47664086333885383e-06
 2.20991666666666674e+02 2.21733333333333320e+02 6.82950032800107233e-04 2.45717591928694210e-06
 2.21733333333333320e+02 2.22474999999999994e+02 6.75485529918268528e-04 2.41954788032334162e-06
 2.22474999999999994e+02 2.23216666666666669e+02 6.77521533485295376e-04 2.70058496760994189e-06
 2.23216666666666669e+02 2.23958333333333343e+02 6.79508586175147158e-04 5.56132255636194278e-06
 2.23958333333333343e+02 2.24699999999999989e+02 6.71919053311259692e-04 4.28295486018840348e-06
 2.24699999999999989e+02 2.25441666666666663e+02 6.70940845681821415e-04 2.73165613778691442e-06
 2.25441666666666663e+02 2.26183333333333337e+02 6.64592307608049041e-04 3.04769271568177004e-06
 2.26183333333333337e+02 2.26925000000000011e+02 6.56928344861848587e-04 2.57957545016911260e-06
 2.26925000000000011e+02 2.27666666666666657e+02 6.59014837618371449e-04 2.61598662889586885e-06
 2.27666666666666657e+02 2.28408333333333331e+02 6.59687462152439312e-04 3.17975373818265644e-06
 2.28408333333333331e+02 2.29150000000000006e+02 6.53160194570872286e-04 2.84739224575092920e-06
 2.29150000000000006e+02 2.29891666666666680e+02 6.47940917202183189e-04 2.60125629424040197e-06
 2.29891666666666680e+02 2.30633333333333326e+02 6.48193465073474990e-04 2.83485322376074527e-06
 2.30633333333333326e+02 2.31375000000000000e+02 6.37421796328139275e-04 2.44005077686628590e-06
 2.31375000000000000e+02 2.32116666666666674e+02 6.35714699498500686e-04 2.42227562278928304e-06
 2.32116666666666674e+02 2.32858333333333320e+02 6.33065817009281231e-04 3.06084792820219798e-06
 2.32858333333333320e+02 2.33599999999999994e+02 6.30845265466363730e-04 2.73150707472120753e-06
 2.33599999999999994e+02 2.34341666666666669e+02 6.23675184301893809e-04 2.57959159650303238e-06
 2.34341666666666669e+02 2.35083333333333343e+02 6.26448176581759350e-04 2.64453581382415336e-06
 2.35083333333333343e+02 2.35824999999999989e+02 6.20597901959839575e-04 2.33135908041589194e-06
 2.35824999999999989e+02 2.36566666666666663e+02 6.21330566049003584e-04 2.41356213223514135e-06
 2.36566666666666663e+02 2.37308333333333337e+02 6.09602869103762477e-04 2.29702168769992216e-06
 2.37308333333333337e+02 2.38050000000000011e+02 6.44114889490099082e-04 2.77770604255087656e-05
 2.38050000000000011e+02 2.38791666666666657e+02 6.04280133421557339e-04 2.40280972799618986e-06
 2.38791666666666657e+02 2.39533333333333331e+02 6.07343778732405480e-04 2.41210976647205296e-06
 2.39533333333333331e+02 2.40275000000000006e+02 6.02552413610262048e-04 2.51946398464792386e-06
 2.40275000000000006e+02 2.41016666666666680e+02 5.93987294062629637e-04 2.25414193958999734e-06
 2.41016666666666680e+02 2.41758333333333326e+02 5.93242827533178385e-04 2.43253557701829696e-06
 2.41758333333333326e+02 2.42500000000000000e+02 5.90599346920941981e-04 2.99282913056886771e-06
 2.42500000000000000e+02 2.43241666666666674e+02 5.87524183601334624e-04 2.32922487523103522e-06
 2.43241666666666674e+02 2.43983333333333320e+02 5.83826823688930068e-04 2.48638862284679032e-06
 2.43983333333333320e+02 2.44724999999999994e+02 5.83476047148050636e-04 4.69484427665255887e-06
 2.44724999999999994e+02 2.45466666666666669e+02 5.79115396998236207e-04 2.44786036272460989e-06
 2.45466666666666669e+02 2.46208333333333343e+02 5.79013563639834208e-04 5.77614745579859912e-06
 2.46208333333333343e+02 2.46949999999999989e+02 5.77067821323305708e-04 2.41287050364662416e-06
 2.46949999999999989e+02 2.47691666666666663e+02 5.71245218033177081e-04 2.20608878176353731e-06
 2.47691666666666663e+02 2.48433333333333337e+02 5.66356049620921368e-04 2.29101775298168639e-06
 2.48433333333333337e+02 2.49175000000000011e+02 5.66943979941371412e-04 2.39210329227853748e-06
 2.49175000000000011e+02 2.49916666666666657e+02 5.66275844633334718e-04 2.55345194163883885e-06
 2.49916666666666657e+02 2.50658333333333331e+02 5.58502174964932191e-04 2.24057092971381509e-06
 2.50658333333333331e+02 2.51400000000000006e+02 5.55109167042032794e-04 2.32346561656063339e-06
 2.51400000000000006e+02 2.52141666666666680e+02 5.51538301971305780e-04 2.38135986687692778e-06
 2.52141666666666680e+02 2.52883333333333326e+02 5.48329381211218260e-04 2.38002286457909315e-06
 2.52883333333333326e+02 2.53625000000000000e+02 5.53418460938321006e-04 2.95336903092393301e-06
 2.53625000000000000e+02 2.54366666666666674e+02 5.46239753145510813e-04 2.41682253607889889e-06
 2.54366666666666674e+02 2.55108333333333320e+02 5.41801746994445099e-04 2.24773868071993291e-06
 2.55108333333333320e+02 2.55849999999999994e+02 5.45323919356832968e-04 4.30986248917430054e-06
 2.55849999999999994e+02 2.56591666666666697e+02 5.32761911701236726e-04 2.13292827185463391e-06
 2.56591666666666697e+02 2.57333333333333371e+02 5.32798832976753454e-04 2.35330203556013299e-06
 2.57333333333333371e+02 2.58074999999999989e+02 5.29405520263699788e-04 1.99018234060859520e-06
 2.58074999999999989e+02 2.58816666666666663e+02 5.26900524765480378e-04 2.13403077319499075e-06
 2.58816666666666663e+02 2.59558333333333337e+02 5.31218161423184683e-04 2.58069033771526989e-06
 2.59558333333333337e+02 2.60300000000000011e+02 5.25104694592935014e-04 2.14124850856123061e-06
 2.60300000000000011e+02 2.61041666666666629e+02 5.21329483050439664e-04 2.14069060276758856e-06
 2.61041666666666629e+02 2.61783333333333303e+02 5.22644619493591576e-04 2.52337379971426327e-06
 2.61783333333333303e+02 2.62524999999999977e+02 5.16043906766829475e-04 3.08636544407043525e-06
 2.62524999999999977e+02 2.63266666666666652e+02 5.10217889979504139e-04 2.63399360019343668e-06
 2.63266666666666652e+02 2.64008333333333326e+02 5.10708011197092532e-04 2.26594732843890784e-06
 2.64008333333333326e+02 2.64750000000000000e+02 5.07487380905586628e-04 2.68678976524919400e-06
 2.64750000000000000e+02 2.65491666666666674e+02 5.03171574201106324e-04 2.14288656705823302e-06
 2.65491666666666674e+02 2.66233333333333348e+02 5.03484007373187136e-04 2.21824692425480208e-06
 2.66233333333333348e+02 2.66975000000000023e+02 5.07776956300044400e-04 2.65157979691103405e-06
 2.66975000000000023e+02 2.67716666666666697e+02 4.96228274624094766e-04 2.29122565993615075e-06
 2.67716666666666697e+02 2.68458333333333371e+02 4.93940017090504146e-04 2.05142733023319642e-06
 2.68458333333333371e+02 2.69199999999999989e+02 4.96582595299110432e-04 2.46778494980275837e-06
 2.69199999999999989e+02 2.69941666666666663e+02 4.92553411562688726e-04 2.38320198078464335e-06
 2.69941666666666663e+02 2.70683333333333337e+02 4.95389501783630865e-04 3.75811432518792680e-06
 2.70683333333333337e+02 2.71425000000000011e+02 4.87735191591045754e-04 2.88395785174057990e-06
 2.71425000000000011e+02 2.72166666666666629e+02 4.85549606611271030e-04 3.06127533465847570e-06
 2.72166666666666629e+02 2.72908333333333303e+02 4.79471492051168505e-04 2.02749681116920207e-06
 2.72908333333333303e+02 2.73649999999999977e+02 4.79431110192454876e-04 2.26996264081891937e-06
 2.73649999999999977e+02 2.74391666666666652e+02 4.78160427013704821e-04 2.51977054806329908e-06
 2.74391666666666652e+02 2.75133333333333326e+02 4.72869224193807618e-04 2.64292549816584068e-06
 2.75133333333333326e+02 2.75875000000000000e+02 4.71023495375352819e-04 2.10557692731392487e-06
 2.75875000000000000e+02 2.76616666666666674e+02 4.68254790492186879e-04 2.23174311500114135e-06
 2.76616666666666674e+02 2.77358333333333348e+02 4.66839940568003888e-04 2.38621047333100597e-06
 2.77358333333333348e+02 2.78100000000000023e+02 4.63661447870473108e-04 2.15111401429388809e-06
 2.78100000000000023e+02 2.78841666666666640e+02 4.58237430028867127e-04 2.24156061359782232e-06
 2.78841666666666640e+02 2.79583333333333314e+02 4.57844554641737814e-04 2.17731730504553933e-06
 2.79583333333333314e+02 2.80324999999999989e+02 4.62465796708441961e-04 2.40684019512364330e-06
 2.80324999999999989e+02 2.81066666666666663e+02 4.54554181702607467e-04 2.13025941115084598e-06
 2.81066666666666663e+02 2.81808333333333337e+02 4.50228881953993289e-04 2.12884299832080078e-06
 2.81808333333333337e+02 2.82550000000000011e+02 4.53151691554445327e-04 2.05751744814139433e-06
 2.82550000000000011e+02 2.83291666666666686e+02 4.49578059058771122e-04 2.64571444884977970e-06
 2.83291666666666686e+02 2.84033333333333360e+02 4.47618124210927293e-04 2.11199900643453791e-06
 2.84033333333333360e+02 2.84774999999999977e+02 4.41313085882624127e-04 1.96705720204549261e-06
 2.84774999999999977e+02 2.85516666666666652e+02 4.46576628754598206e-04 3.16853255447945025e-06
 2.85516666666666652e+02 2.86258333333333326e+02 4.39258145375974809e-04 2.48359350862680987e-06
 2.86258333333333326e+02 2.87000000000000000e+02 4.36435685928415133e-04 2.10219454089262541e-06
 2.87000000000000000e+02 2.87741666666666674e+02 4.31680052513155161e-04 2.00156821369798291e-06
 2.87741666666666674e+02 2.88483333333333348e+02 4.32796203749605181e-04 2.35093315433611750e-06
 2.88483333333333348e+02 2.89225000000000023e+02 4.30912894928034385e-04 2.95925764937389452e-06
 2.89225000000000023e+02 2.89966666666666640e+02 4.30737282185458857e-04 2.55187439416997045e-06
 2.89966666666666640e+02 2.90708333333333314e+02 4.27149832237051991e-04 2.15799218883754317e-06
 2.90708333333333314e+02 2.91449999999999989e+02 4.25034965417668846e-04 2.53904141627836346e-06
 2.91449999999999989e+02 2.92191666666666663e+02 4.20184951364956419e-04 2.04543415619233805e-06
 2.92191666666666663e+02 2.92933333333333337e+02 4.16294733388395527e-04 2.59976153039527012e-06
 2.92933333333333337e+02 2.93675000000000011e+02 4.17907324221484589e-04 2.07436055822394859e-06
 2.93675000000000011e+02 2.94416666666666686e+02 4.18985682771756479e-04 3.28609665107102710e-06
 2.94416666666666686e+02 2.95158333333333360e+02 4.16838396419113297e-04 2.03230894096688158e-06
 2.95158333333333360e+02 2.95899999999999977e+02 4.13837553855623164e-04 2.55183771278159571e-06
 2.95899999999999977e+02 2.96641666666666652e+02 4.04684206424260216e-04 1.99035879445481546e-06
 2.96641666666666652e+02 2.97383333333333326e+02 4.07329259935319745e-04 2.64615729420701237e-06
 2.97383333333333326e+02 2.98125000000000000e+02 4.04497671225910981e-04 1.97524087712508951e-06
 2.98125000000000000e+02 2.98866666666666674e+02 4.00369140771525325e-04 2.43440098788862546e-06
 2.98866666666666674e+02 2.99608333333333348e+02 3.96657586621228502e-04 2.19136722588811268e-06
 2.99608333333333348e+02 3.00350000000000023e+02 3.98281183829673005e-04 2.13073930198354622e-06
 3.00350000000000023e+02 3.01091666666666640e+02 3.94439898028208771e-04 2.23015625669791193e-06
 3.01091666666666640e+02 3.01833333333333314e+02 3.89274464880481766e-04 2.12620913933087551e-06
 3.01833333333333314e+02 3.02574999999999989e+02 3.88479371052914203e-04 2.08499407586858247e-06
 3.02574999999999989e+02 3.03316666666666663e+02 3.91566104140930618e-04 3.23631332090372642e-06
 3.03316666666666663e+02 3.04058333333333337e+02 3.88809344416400561e-04 3.71668201931739259e-06
 3.04058333333333337e+02 3.04800000000000011e+02 3.80927502626198671e-04 2.51299027563067225e-06
 3.04800000000000011e+02 3.05541666666666686e+02 3.80895326071318890e-04 2.62703909246927990e-06
 3.05541666666666686e+02 3.06283333333333360e+02 3.75767486871667164e-04 1.90104416925623309e-06
 3.06283333333333360e+02 3.07024999999999977e+02 3.76776028366070017e-04 3.19558360161737189e-06
 3.07024999999999977e+02 3.07766666666666652e+02 3.68408782701198586e-04 2.53073849051268050e-06
 3.07766666666666652e+02 3.08508333333333326e+02 3.71203762054629432e-04 2.05555924668019290e-06
 3.08508333333333326e+02 3.09250000000000000e+02 3.61947379812728031e-04 2.01566292978606661e-06
 3.09250000000000000e+02 3.09991666666666674e+02 3.64407859873353641e-04 2.52335616956592726e-06
 3.09991666666666674e+02 3.10733333333333348e+02 3.57937800045559490e-04 1.92004281409680011e-06
 3.10733333333333348e+02 3.11475000000000023e+02 3.56539340242593224e-04 1.95451778532205984e-06
 3.11475000000000023e+02 3.12216666666666640e+02 3.51767060794704186e-04 2.09951584760027146e-06
 3.12216666666666640e+02 3.12958333333333314e+02 3.48338953947531819e-04 1.94526654975592982e-06
 3.12958333333333314e+02 3.13699999999999989e+02 3.42935205135626254e-04 1.96067025000979340e-06
 3.13699999999999989e+02 3.14441666666666663e+02 3.45695360381402268e-04 2.65579018388280327e-06
 3.14441666666666663e+02 3.15183333333333337e+02 3.39103287351584959e-04 2.02777812393723162e-06
 3.15183333333333337e+02 3.15925000000000011e+02 3.41377172058075925e-04 3.10515228301342818e-06
 3.15925000000000011e+02 3.16666666666666686e+02 3.32508918759489734e-04 2.29462222965215531e-06
 3.16666666666666686e+02 3.17408333333333360e+02 3.30008584993863045e-04 1.90752430390411081e-06
 3.17408333333333360e+02 3.18149999999999977e+02 3.30086828052490614e-04 3.69793340048081044e-06
 3.18149999999999977e+02 3.18891666666666652e+02 3.21096151741778475e-04 1.86616748753780549e-06
 3.18891666666666652e+02 3.19633333333333326e+02 3.20531139308802759e-04 1.93631268162931598e-06
 3.19633333333333326e+02 3.20375000000000000e+02 3.17413611192197715e-04 1.92340377695982705e-06
 3.20375000000000000e+02 3.21116666666666674e+02 3.10845735952468315e-04 1.85251671002488466e-06
 3.21116666666666674e+02 3.21858333333333348e+02 3.10612446281343085e-04 2.05471743561971496e-06
 3.21858333333333348e+02 3.22600000000000023e+02 3.11619842877456700e-04 6.13976370972358428e-06
 3.22600000000000023e+02 3.23341666666666640e+02 3.02573147581589573e-04 1.81628242559312187e-06
 3.23341666666666640e+02 3.24083333333333314e+02 2.98715294058689307e-04 1.84958856218547105e-06
 3.24083333333333314e+02 3.24824999999999989e+02 2.98871542668233624e-04 1.88160259326073294e-06
 3.24824999999999989e+02 3.25566666666666663e+02 2.94034596084600554e-04 2.08600386791620988e-06
 3.25566666666666663e+02 3.26308333333333337e+02 2.90688315140932385e-04 2.11273565402676631e-06
 3.26308333333333337e+02 3.27050000000000011e+02 2.85728576675560182e-04 1.85573191033542399e-06
 3.27050000000000011e+02 3.27791666666666686e+02 2.81473459356582144e-04 1.94814105842642190e-06
 3.27791666666666686e+02 3.28533333333333360e+02 2.81997401804088784e-04 2.17252761644611295e-06
 3.28533333333333360e+02 3.29274999999999977e+02 2.74443745603938645e-04 1.77227908785434073e-06
 3.29274999999999977e+02 3.30016666666666652e+02 2.74815093694066751e-04 1.68107790936845499e-06
 3.30016666666666652e+02 3.30758333333333326e+02 2.70506698264443772e-04 3.28934258857521913e-06
 3.30758333333333326e+02 3.31500000000000000e+02 2.70534652245512221e-04 4.59615313249094280e-06
 3.31500000000000000e+02 3.32241666666666674e+02 2.65012694011955939e-04 1.86512904008701531e-06
 3.32241666666666674e+02 3.32983333333333348e+02 2.63024037220512420e-04 1.94953586555114116e-06
 3.32983333333333348e+02 3.33725000000000023e+02 2.56213494648775155e-04 1.73262035169198861e-06
 3.33725000000000023e+02 3.34466666666666640e+02 2.57039182609139103e-04 2.04054341930238467e-06
 3.34466666666666640e+02 3.35208333333333314e+02 2.57517572673010326e-04 2.42072423814990282e-06
 3.35208333333333314e+02 3.35949999999999989e+02 2.50704810848845834e-04 2.53366650248957596e-06
 3.35949999999999989e+02 3.36691666666666663e+02 2.48278708605174697e-04 2.20270405377708442e-06
 3.36691666666666663e+02 3.37433333333333337e+02 2.47691077252002020e-04 1.86254264827854538e-06
 3.37433333333333337e+02 3.38175000000000011e+02 2.45350795205315849e-04 1.85982048983460789e-06
 3.38175000000000011e+02 3.38916666666666686e+02 2.44831416456095128e-04 2.23876445469335669e-06
 3.38916666666666686e+02 3.39658333333333360e+02 2.40910170891191168e-04 2.80438329654095565e-06
 3.39658333333333360e+02 3.40399999999999977e+02 2.40623290225919852e-04 1.75614360770884790e-06
 3.40399999999999977e+02 3.41141666666666652e+02 2.35353619960739288e-04 1.79557801338345476e-06
 3.41141666666666652e+02 3.41883333333333326e+02 2.37198044513105483e-04 2.44899237739944418e-06
 3.41883333333333326e+02 3.42625000000000000e+02 2.32277556918050358e-04 2.10718498470842498e-06
 3.42625000000000000e+02 3.43366666666666674e+02 2.30275648231563046e-04 2.01453758554163968e-06
 3.43366666666666674e+02 3.44108333333333348e+02 2.26983110406537826e-04 1.90150229927477230e-06
 3.44108333333333348e+02 3.44850000000000023e+02 2.25991930604758359e-04 1.64880209271990046e-06
 3.44850000000000023e+02 3.45591666666666640e+02 2.21528419104119950e-04 1.68746102404353496e-06
 3.45591666666666640e+02 3.46333333333333314e+02 2.22435853445909206e-04 2.21054344323853971e-06
 3.46333333333333314e+02 3.47074999999999989e+02 2.19475290466749267e-04 1.73172870213496412e-06
 3.47074999999999989e+02 3.47816666666666663e+02 2.15779752426027770e-04 2.25207486272705420e-06
 3.47816666666666663e+02 3.48558333333333337e+02 2.15537356637092355e-04 1.75296820832745327e-06
 3.48558333333333337e+02 3.49300000000000011e+02 2.10636595955649813e-04 1.64596495493326421e-06
 3.49300000000000011e+02 3.50041666666666686e+02 2.10814791976498249e-04 2.18525987645245344e-06
 3.50041666666666686e+02 3.50783333333333360e+02 2.09250671424558954e-04 2.09060305284212693e-06
 3.50783333333333360e+02 3.51524999999999977e+02 2.07852389177315660e-04 1.61762892213018141e-06
 3.51524999999999977e+02 3.52266666666666652e+02 2.05886870962104264e-04 2.21131193134207011e-06
 3.52266666666666652e+02 3.53008333333333326e+02 2.03285669501272634e-04 1.83069878564394964e-06
 3.53008333333333326e+02 3.53750000000000000e+02 2.03221848561815633e-04 1.62002605682617690e-06
 3.53750000000000000e+02 3.54491666666666674e+02 2.05317519783432658e-04 1.85076850402264820e-06
 3.54491666666666674e+02 3.55233333333333348e+02 2.00855839216117037e-04 1.74878294771752835e-06
 3.55233333333333348e+02 3.55975000000000023e+02 1.98948256895068159e-04 2.44860535769105776e-06
 3.55975000000000023e+02 3.56716666666666640e+02 1.96502373018551143e-04 1.99928900044939288e-06
 3.56716666666666640e+02 3.57458333333333314e+02 1.93517432205933597e-04 2.22873752868621031e-06
 3.57458333333333314e+02 3.58199999999999989e+02 1.90408012776949323e-04 1.85373838871724680e-06
 3.58199999999999989e+02 3.58941666666666663e+02 1.91910572148882062e-04 1.73970747882100158e-06
 3.58941666666666663e+02 3.59683333333333337e+02 1.90586763219129980e-04 2.86868019612845541e-06
 3.59683333333333337e+02 3.60425000000000011e+02 1.85241043880085028e-04 1.67068591378919646e-06
 3.60425000000000011e+02 3.61166666666666686e+02 1.86617386551758138e-04 1.83894256909452404e-06
 3.61166666666666686e+02 3.61908333333333360e+02 1.86369500264953680e-04 2.75150408149120555e-06
 3.61908333333333360e+02 3.62649999999999977e+02 1.82611576410970716e-04 1.66155315332090341e-06
 3.62649999999999977e+02 3.63391666666666652e+02 1.84363680305607228e-04 1.84448802683160578e-06
 3.63391666666666652e+02 3.64133333333333326e+02 1.80638640355876588e-04 1.65541355416549870e-06
 3.64133333333333326e+02 3.64875000000000000e+02 1.78802539608345271e-04 2.12786136649119380e-06
 3.64875000000000000e+02 3.65616666666666674e+02 1.80150274378324411e-04 2.05201037476092034e-06
 3.65616666666666674e+02 3.66358333333333348e+02 1.74873940667940003e-04 1.65961299399544156e-06
 3.66358333333333348e+02 3.67100000000000023e+02 1.79811317550082790e-04 1.86382660830578822e-06
 3.67100000000000023e+02 3.67841666666666640e+02 1.74870967561661581e-04 1.72929782318758407e-06
 3.67841666666666640e+02 3.68583333333333314e+02 1.75819884204038131e-04 2.59034886420523546e-06
 3.68583333333333314e+02 3.69324999999999989e+02 1.75678527530800585e-04 4.97244492160996434e-06
 3.69324999999999989e+02 3.70066666666666663e+02 1.69252601358245804e-04 1.89973574727653801e-06
 3.70066666666666663e+02 3.70808333333333337e+02 1.69239878855830759e-04 1.70087893853872347e-06
 3.70808333333333337e+02 3.71550000000000011e+02 1.69943331191800637e-04 2.03912039591281063e-06
 3.71550000000000011e+02 3.72291666666666686e+02 1.63787449213159843e-04 1.64220180234199919e-06
 3.72291666666666686e+02 3.73033333333333360e+02 1.63333988409294369e-04 1.72530933985884664e-06
 3.73033333333333360e+02 3.73774999999999977e+02 1.61807471745393974e-04 1.74380115972909420e-06
 3.73774999999999977e+02 3.74516666666666652e+02 1.61680163371796896e-04 1.63336979498571089e-06
 3.74516666666666652e+02 3.75258333333333326e+02 1.60778514055739393e-04 1.52375523098575825e-06
 3.75258333333333326e+02 3.76000000000000000e+02 1.62133670967211927e-04 1.54905170013879274e-06
 3.76000000000000000e+02 3.76741666666666674e+02 1.57283089792308603e-04 1.67988649371204811e-06
 3.76741666666666674e+02 3.77483333333333348e+02 1.58335734686381211e-04 2.04919653476224382e-06
 3.77483333333333348e+02 3.78225000000000023e+02 1.57942642910982562e-04 1.69983517259898603e-06
 3.78225000000000023e+02 3.78966666666666640e+02 1.56739667507346412e-04 1.73400125512268705e-06
 3.78966666666666640e+02 3.79708333333333314e+02 1.57111587306609169e-04 2.25669681014917733e-06
 3.79708333333333314e+02 3.80449999999999989e+02 1.52707939811156279e-04 1.57776037347686503e-06
 3.80449999999999989e+02 3.81191666666666663e+02 1.53260537810814227e-04 1.51748435085331037e-06
 3.81191666666666663e+02 3.81933333333333337e+02 1.56731495783959555e-04 3.81252649005852625e-06
 3.81933333333333337e+02 3.82675000000000011e+02 1.50252309903893804e-04 1.82461578366559981e-06
 3.82675000000000011e+02 3.83416666666666686e+02 1.51071152407154352e-04 1.64883955193837105e-06
 3.83416666666666686e+02 3.84158333333333360e+02 1.48100914269885109e-04 1.81948222560152755e-06
 3.84158333333333360e+02 3.84899999999999977e+02 1.49443292827016215e-04 1.74237739921936449e-06
 3.84899999999999977e+02 3.85641666666666652e+02 1.47137294766748727e-04 2.00486271639863395e-06
 3.85641666666666652e+02 3.86383333333333326e+02 1.44545416901063631e-04 1.69049470263652938e-06
 3.86383333333333326e+02 3.87125000000000000e+02 1.43786694855545629e-04 1.55886206280306160e-06
 3.87125000000000000e+02 3.87866666666666674e+02 1.56997035009699785e-04 1.43871045498080721e-05
 3.87866666666666674e+02 3.88608333333333348e+02 1.44081640954228906e-04 2.60070322701399499e-06
 3.88608333333333348e+02 3.89350000000000023e+02 1.40147805903257999e-04 1.80135853735847013e-06
 3.89350000000000023e+02 3.90091666666666640e+02 1.41435790150404528e-04 1.66453133376521481e-06
 3.90091666666666640e+02 3.90833333333333314e+02 1.42857801053543191e-04 2.51790063036142856e-06
 3.90833333333333314e+02 3.91574999999999989e+02 1.40385604666011819e-04 1.68400245547619282e-06
 3.91574999999999989e+02 3.92316666666666663e+02 1.37657739642896315e-04 1.62149852915072138e-06
 3.92316666666666663e+02 3.93058333333333337e+02 1.40931751932976722e-04 1.57746380598815692e-06
 3.93058333333333337e+02 3.93800000000000011e+02 1.36495429406322281e-04 1.98805602441288855e-06
 3.93800000000000011e+02 3.94541666666666686e+02 1.34723477900996639e-04 1.72909585900447848e-06
 3.94541666666666686e+02 3.95283333333333360e+02 1.33266094986561444e-04 1.68359327866117744e-06
 3.95283333333333360e+02 3.96024999999999977e+02 1.33844089338811781e-04 2.19211906757732958e-06
 3.96024999999999977e+02 3.96766666666666652e+02 1.32586036388041527e-04 1.77537021735337139e-06
 3.96766666666666652e+02 3.97508333333333326e+02 1.31771064964253198e-04 1.58543185330672643e-06
 3.97508333333333326e+02 3.98250000000000000e+02 1.30505525206910594e-04 1.87752636958101469e-06
 3.98250000000000000e+02 3.98991666666666674e+02 1.31758240757492577e-04 1.62842825309478494e-06
 3.98991666666666674e+02 3.99733333333333348e+02 1.26700292700914196e-04 1.59632901430919590e-06
 3.99733333333333348e+02 4.00475000000000023e+02 1.27347127746176388e-04 1.61185049848241997e-06
 4.00475000000000023e+02 4.01216666666666640e+02 1.30321186341890026e-04 1.90047305958427428e-06
 4.01216666666666640e+02 4.01958333333333314e+02 1.27764931511776479e-04 1.70985767490596899e-06
 4.01958333333333314e+02 4.02699999999999989e+02 1.22860379843771914e-04 1.73491246418257203e-06
 4.02699999999999989e+02 4.03441666666666663e+02 1.26215155111523666e-04 1.99625140347555845e-06
 4.03441666666666663e+02 4.04183333333333337e+02 1.23035701775339599e-04 1.70566645300400117e-06
 4.04183333333333337e+02 4.04925000000000011e+02 1.23715321091122241e-04 1.61889451780084804e-06
 4.04925000000000011e+02 4.05666666666666686e+02 1.21750974289462901e-04 2.33095256761269217e-06
 4.05666666666666686e+02 4.06408333333333360e+02 1.25172030471485361e-04 2.27761016339120400e-06
 4.06408333333333360e+02 4.07149999999999977e+02 1.22419978424787663e-04 1.58245593658729466e-06
 4.07149999999999977e+02 4.07891666666666652e+02 1.20047256292338600e-04 1.76236007387033965e-06
 4.07891666666666652e+02 4.08633333333333326e+02 1.22481820143653073e-04 1.69239613075327469e-06
 4.08633333333333326e+02 4.09375000000000000e+02 1.20499382803533392e-04 1.89107408769895984e-06
 4.09375000000000000e+02 4.10116666666666674e+02 1.19888041038106454e-04 1.72394639630808037e-06
 4.10116666666666674e+02 4.10858333333333348e+02 1.17886212490543244e-04 1.78281690481060165e-06
 4.10858333333333348e+02 4.11600000000000023e+02 1.21191296683173497e-04 2.08112229246645241e-06
 4.11600000000000023e+02 4.12341666666666640e+02 1.18230553717434329e-04 2.74187593536018637e-06
 4.12341666666666640e+02 4.13083333333333314e+02 1.17644817040983617e-04 1.85011047393230826e-06
 4.13083333333333314e+02 4.13824999999999989e+02 1.13459671275838395e-04 1.69768652879373584e-06
 4.13824999999999989e+02 4.14566666666666663e+02 1.22457356146575362e-04 6.35174368310409343e-06
 4.14566666666666663e+02 4.15308333333333337e+02 1.15031705964578276e-04 1.81488103337074388e-06
 4.15308333333333337e+02 4.16050000000000011e+02 1.12008344748631134e-04 1.86285391567404213e-06
 4.16050000000000011e+02 4.16791666666666686e+02 1.14689447579408146e-04 1.83645296603086098e-06
 4.16791666666666686e+02 4.17533333333333360e+02 1.11264266401696842e-04 1.80423264343969942e-06
 4.17533333333333360e+02 4.18274999999999977e+02 1.13122250326020673e-04 1.72126750559395402e-06
 4.18274999999999977e+02 4.19016666666666652e+02 1.13267705564025863e-04 1.75711025470768969e-06
 4.19016666666666652e+02 4.19758333333333326e+02 1.11805592458950149e-04 2.12139606453087138e-06
 4.19758333333333326e+02 4.20500000000000000e+02 1.10049602105435866e-04 1.89202112567721865e-06
 4.20500000000000000e+02 4.21241666666666674e+02 1.16453948450904638e-04 4.91148507355188587e-06
 4.21241666666666674e+02 4.21983333333333348e+02 1.10321213929722952e-04 1.72203918460292105e-06
 4.21983333333333348e+02 4.22725000000000023e+02 1.06697497355519248e-04 1.72727137986416208e-06
 4.22725000000000023e+02 4.23466666666666640e+02 1.07270081416978460e-04 1.71313374884152298e-06
 4.23466666666666640e+02 4.24208333333333314e+02 1.09452770597577443e-04 1.84640758617349544e-06
 4.24208333333333314e+02 4.24949999999999989e+02 1.07623191802674135e-04 2.08724027246358037e-06
 4.24949999999999989e+02 4.25691666666666663e+02 1.06793837317384609e-04 1.82418016694361174e-06
 4.25691666666666663e+02 4.26433333333333337e+02 1.06576005097906625e-04 1.78064634620517354e-06
 4.26433333333333337e+02 4.27175000000000011e+02 1.03390810764043817e-04 1.62846784953009366e-06
 4.27175000000000011e+02 4.27916666666666686e+02 1.03831522825967513e-04 1.62018359603802624e-06
 4.27916666666666686e+02 4.28658333333333360e+02 1.05654765147914092e-04 1.72846949335583561e-06
 4.28658333333333360e+02 4.29399999999999977e+02 1.06127369012904525e-04 1.86481858100420645e-06
 4.29399999999999977e+02 4.30141666666666652e+02 1.04131993952854900e-04 1.87469645785676470e-06
 4.30141666666666652e+02 4.30883333333333326e+02 1.01289065074032031e-04 1.68162811148763425e-06
 4.30883333333333326e+02 4.31625000000000000e+02 1.04829502188909091e-04 2.38262640440327739e-06
 4.31625000000000000e+02 4.32366666666666674e+02 9.81115373113487034e-05 1.68210522133856494e-06
 4.32366666666666674e+02 4.33108333333333348e+02 9.86788832587412180e-05 1.79872510767200709e-06
 4.33108333333333348e+02 4.33850000000000023e+02 9.87748566775883242e-05 2.00387050211315760e-06
 4.33850000000000023e+02 4.34591666666666640e+02 1.07230006517739014e-04 5.82078152401184208e-06
 4.34591666666666640e+02 4.35333333333333314e+02 9.73778969290514293e-05 1.71125959424050653e-06
 4.35333333333333314e+02 4.36074999999999989e+02 9.61178487034792004e-05 1.76394675616996410e-06
 4.36074999999999989e+02 4.36816666666666663e+02 9.31355301557002191e-05 1.72063565599366509e-06
 4.36816666666666663e+02 4.37558333333333337e+02 1.02424923973722017e-04 3.01859246873006700e-06
 4.37558333333333337e+02 4.38300000000000011e+02 9.34644553390173846e-05 1.80163658091339921e-06
 4.38300000000000011e+02 4.39041666666666686e+02 9.40588246319483244e-05 1.85346800904896657e-06
 4.39041666666666686e+02 4.39783333333333360e+02 9.65744196262730611e-05 2.12432813390849749e-06
 4.39783333333333360e+02 4.40524999999999977e+02 9.58949062752871838e-05 2.01858595245721304e-06
 4.40524999999999977e+02 4.41266666666666652e+02 9.25701138415779319e-05 2.04108765004555186e-06
 4.41266666666666652e+02 4.42008333333333326e+02 8.94174772255541464e-05 1.78941105395162917e-06
 4.42008333333333326e+02 4.42750000000000000e+02 9.14207315937451816e-05 2.25503015971858912e-06
 4.42750000000000000e+02 4.43491666666666674e+02 9.26335143663310821e-05 2.32547358623211934e-06
 4.43491666666666674e+02 4.44233333333333348e+02 9.07370165554414343e-05 2.07003341352593298e-06
 4.44233333333333348e+02 4.44975000000000023e+02 8.95898909255664881e-05 2.13715633622512871e-06
 4.44975000000000023e+02 4.45716666666666640e+02 8.85864837900858005e-05 2.08695053083860412e-06
 4.45716666666666640e+02 4.46458333333333314e+02 8.55608664731376115e-05 2.08026180814422490e-06
 4.46458333333333314e+02 4.47199999999999989e+02 8.38755387783805719e-05 2.14855009262538419e-06
 4.47199999999999989e+02 4.47941666666666663e+02 8.20500174656172522e-05 1.95205178282543712e-06
 4.47941666666666663e+02 4.48683333333333337e+02 8.42749837576734130e-05 2.46619100094757677e-06
 4.48683333333333337e+02 4.49425000000000011e+02 8.39515489444754706e-05 3.14383920957643145e-06
 4.49425000000000011e+02 4.50166666666666686e+02 8.44483967408099116e-05 2.83050182931633844e-06
 4.50166666666666686e+02 4.50908333333333360e+02 7.94235809355040766e-05 1.97589736583437073e-06
 4.50908333333333360e+02 4.51649999999999977e+02 7.90279040236647524e-05 1.90956617511027534e-06
 4.51649999999999977e+02 4.52391666666666652e+02 7.74909531280011579e-05 1.98657815483918341e-06
 4.52391666666666652e+02 4.53133333333333326e+02 7.64465004947602258e-05 2.19212371421139993e-06
 4.53133333333333326e+02 4.53875000000000000e+02 7.59557906460954019e-05 2.97166313112303328e-06
 4.53875000000000000e+02 4.54616666666666674e+02 6.99523945691178271e-05 2.00478528935307229e-06
 4.54616666666666674e+02 4.55358333333333348e+02 6.91466389048317145e-05 2.65521325180054683e-06
 4.55358333333333348e+02 4.56100000000000023e+02 7.27837280275192897e-05 2.31477361882044253e-06
 4.56100000000000023e+02 4.56841666666666640e+02 6.23919111829026007e-05 2.13862541104260714e-06
 4.56841666666666640e+02 4.57583333333333314e+02 6.74949551533204922e-05 2.39503915660129651e-06
 4.57583333333333314e+02 4.58324999999999989e+02 6.13777640417986656e-05 2.38197226156966596e-06
 4.58324999999999989e+02 4.59066666666666663e+02 6.09176834297991284e-05 2.33703222917179622e-06
 4.59066666666666663e+02 4.59808333333333337e+02 5.61906638267935788e-05 2.18926366758113021e-06
 4.59808333333333337e+02 4.60550000000000011e+02 4.80636566196371523e-05 2.44430430699903279e-06
 4.60550000000000011e+02 4.61291666666666686e+02 2.47293743041541963e-05 1.79939388201272616e-06
 4.61291666666666686e+02 4.62033333333333360e+02 0.00000000000000000e+00 0.00000000000000000e+00
 4.62033333333333360e+02 4.62774999999999977e+02 0.00000000000000000e+00 0.00000000000000000e+00
 4.62774999999999977e+02 4.63516666666666652e+02 0.00000000000000000e+00 0.00000000000000000e+00
 4.63516666666666652e+02 4.64258333333333326e+02 0.00000000000000000e+00 0.00000000000000000e+00
 4.64258333333333326e+02 4.65000000000000000e+02 0.00000000000000000e+00 0.00000000000000000e+00

Histogram:lthg
 5.00000000000000000e+01 5.01333333333333329e+01 3.33417056470441302e-03 2.55767414852488963e-05
 5.01333333333333329e+01 5.02666666666666657e+01 3.29570876728184099e-03 2.35666123182081726e-05
 5.02666666666666657e+01 5.03999999999999986e+01 3.37703169140799462e-03 2.58308425515662339e-05
 5.03999999999999986e+01 5.05333333333333314e+01 3.31570684380976801e-03 2.29395737566430825e-05
 5.05333333333333314e+01 5.06666666666666643e+01 3.32925886194100715e-03 2.98853569456890462e-05
 5.06666666666666643e+01 5.07999999999999972e+01 3.34177045601942273e-03 2.21765525002619607e-05
 5.07999999999999972e+01 5.09333333333333300e+01 3.31857115825772570e-03 2.37705707001234109e-05
 5.09333333333333300e+01 5.10666666666666700e+01 3.33615810701021979e-03 1.96318349089308357e-05
 5.10666666666666700e+01 5.12000000000000028e+01 3.31667671477871425e-03 2.35683232345223715e-05
 5.12000000000000028e+01 5.13333333333333357e+01 3.34843082282855779e-03 1.94758472084386463e-05
 5.13333333333333357e+01 5.14666666666666686e+01 3.33189565356454892e-03 2.18668549480297947e-05
 5.14666666666666686e+01 5.16000000000000014e+01 3.34510825017055903e-03 2.23490700407022951e-05
 5.16000000000000014e+01 5.17333333333333343e+01 3.28938994539112149e-03 1.93602565598510187e-05
 5.17333333333333343e+01 5.18666666666666671e+01 3.32047041569494402e-03 1.74578939234393224e-05
 5.18666666666666671e+01 5.20000000000000000e+01 3.32491710848836775e-03 2.04682443463273593e-05
 5.20000000000000000e+01 5.21333333333333329e+01 3.35521662214774592e-03 2.03096009508052367e-05
 5.21333333333333329e+01 5.22666666666666657e+01 3.31310021906937096e-03 1.87943888157441885e-05
 5.22666666666666657e+01 5.23999999999999986e+01 3.29164252936387436e-03 1.72758962228340438e-05
 5.23999999999999986e+01 5.25333333333333314e+01 3.30765051074512423e-03 1.74420559676429246e-05
 5.25333333333333314e+01 5.26666666666666643e+01 3.32248577011213901e-03 1.69164298638604380e-05
 5.26666666666666643e+01 5.27999999999999972e+01 3.31438123181611397e-03 2.26174436971001389e-05
 5.27999999999999972e+01 5.29333333333333300e+01 3.34267332174075600e-03 1.68816811645642268e-05
 5.29333333333333300e+01 5.30666666666666700e+01 3.33360728373959967e-03 1.77603860672714501e-05
 5.30666666666666700e+01 5.32000000000000028e+01 3.31745880025028630e-03 1.73472153527966086e-05
 5.32000000000000028e+01 5.33333333333333357e+01 3.35043688635402841e-03 1.61904736520876874e-05
 5.33333333333333357e+01 5.34666666666666686e+01 3.33271087195498783e-03 1.58327188667888838e-05
 5.34666666666666686e+01 5.36000000000000014e+01 3.39659918976997419e-03 7.87792329086785622e-05
 5.36000000000000014e+01 5.37333333333333343e+01 3.30375228541658801e-03 1.62988190206054580e-05
 5.37333333333333343e+01 5.38666666666666671e+01 3.32372306609913029e-03 1.58128309769218354e-05
 5.38666666666666671e+01 5.40000000000000000e+01 3.30851022077420205e-03 1.49673072968607439e-05
 5.40000000000000000e+01 5.41333333333333329e+01 3.33376209435805402e-03 1.75056510044649310e-05
 5.41333333333333329e+01 5.42666666666666657e+01 3.31112082226588198e-03 2.09471058126488087e-05
 5.42666666666666657e+01 5.43999999999999986e+01 3.34582178504258098e-03 1.98926328245887163e-05
 5.43999999999999986e+01 5.45333333333333314e+01 3.32246100446367603e-03 1.81449571695504722e-05
 5.45333333333333314e+01 5.46666666666666643e+01 3.31311656769901460e-03 1.75344822021833022e-05
 5.46666666666666643e+01 5.47999999999999972e+01 3.34254108131191129e-03 2.04436862344174901e-05
 5.47999999999999972e+01 5.49333333333333371e+01 3.32341294769635280e-03 1.96945041182117624e-05
 5.49333333333333371e+01 5.50666666666666629e+01 3.33673530332225963e-03 2.01533374283721139e-05
 5.50666666666666629e+01 5.52000000000000028e+01 3.34132146647898171e-03 1.53970244269089024e-05
 5.52000000000000028e+01 5.53333333333333357e+01 3.30573980220519835e-03 2.41663380084848713e-05
 5.53333333333333357e+01 5.54666666666666686e+01 3.30795902988337363e-03 1.63985958927298586e-05
 5.54666666666666686e+01 5.56000000000000014e+01 3.30277201288068549e-03 1.40380618900029374e-05
 5.56000000000000014e+01 5.57333333333333343e+01 3.33290112025959101e-03 1.64608720119834802e-05
 5.57333333333333343e+01 5.58666666666666671e+01 3.31082795140351599e-03 1.34992632822614800e-05
 5.58666666666666671e+01 5.60000000000000000e+01 3.34113320989956391e-03 2.35563382583536114e-05
 5.60000000000000000e+01 5.61333333333333329e+01 3.32844726781048603e-03 1.44649300021540554e-05
 5.61333333333333329e+01 5.62666666666666657e+01 3.33742580567434732e-03 1.60515575126906417e-05
 5.62666666666666657e+01 5.63999999999999986e+01 3.31598327793425221e-03 1.70440283657868632e-05
 5.63999999999999986e+01 5.65333333333333314e+01 3.30789105165783500e-03 1.57886038415911381e-05
 5.65333333333333314e+01 5.66666666666666643e+01 3.29383614218526277e-03 1.41982810058063691e-05
 5.66666666666666643e+01 5.67999999999999972e+01 3.28167287980810464e-03 1.38318931445588878e-05
 5.67999999999999972e+01 5.69333333333333371e+01 3.30144989243296013e-03 1.46147777705027105e-05
 5.69333333333333371e+01 5.70666666666666629e+01 3.29682935583605098e-03 1.47258044589430149e-05
 5.70666666666666629e+01 5.72000000000000028e+01 3.30013199249411596e-03 1.46881810709863508e-05
 5.72000000000000028e+01 5.73333333333333357e+01 3.33939947022352662e-03 1.67818771757853064e-05
 5.73333333333333357e+01 5.74666666666666686e+01 3.32699254945960018e-03 1.90618117302594210e-05
 5.74666666666666686e+01 5.76000000000000014e+01 3.30521396388151669e-03 1.37302914481162756e-05
 5.76000000000000014e+01 5.77333333333333343e+01 3.33194559477409781e-03 1.61579671885246210e-05
 5.77333333333333343e+01 5.78666666666666671e+01 3.30266607616314925e-03 1.42214622082414953e-05
 5.78666666666666671e+01 5.80000000000000000e+01 3.28622628411277644e-03 1.44449475483091142e-05
 5.80000000000000000e+01 5.81333333333333329e+01 3.30769999319802978e-03 1.68151789116169269e-05
 5.81333333333333329e+01 5.82666666666666657e+01 3.32152801848475477e-03 2.02602244236490667e-05
 5.82666666666666657e+01 5.83999999999999986e+01 3.32717781062145728e-03 1.54978232415922878e-05
 5.83999999999999986e+01 5.85333333333333314e+01 3.33315350264226174e-03 1.79589684641351469e-05
 5.85333333333333314e+01 5.86666666666666643e+01 3.34538683235378323e-03 1.95155876046754634e-05
 5.86666666666666643e+01 5.87999999999999972e+01 3.30197261893074761e-03 1.53484957383671550e-05
 5.87999999999999972e+01 5.89333333333333371e+01 3.39940596813016142e-03 6.10500646080654321e-05
 5.89333333333333371e+01 5.90666666666666629e+01 3.31582414283942192e-03 1.72026256814386112e-05
 5.90666666666666629e+01 5.92000000000000028e+01 3.30657288562218347e-03 1.46299479686095163e-05
 5.92000000000000028e+01 5.93333333333333357e+01 3.31717546298486215e-03 1.86403438462225427e-05
 5.93333333333333357e+01 5.94666666666666686e+01 3.32970509928836493e-03 2.43152234635135423e-05
 5.94666666666666686e+01 5.96000000000000014e+01 3.33751868726070650e-03 1.60631307329768074e-05
 5.96000000000000014e+01 5.97333333333333343e+01 3.32327215738454284e-03 1.91577442043916810e-05
 5.97333333333333343e+01 5.98666666666666671e+01 3.30819377243176792e-03 1.38059937824008526e-05
 5.98666666666666671e+01 6.00000000000000000e+01 3.31014698066248820e-03 1.42338230213352086e-05
 6.00000000000000000e+01 6.01333333333333329e+01 3.34820750445080032e-03 1.95330294446025865e-05
 6.01333333333333329e+01 6.02666666666666657e+01 3.31717622561282727e-03 1.37662227301573835e-05
 6.02666666666666657e+01 6.03999999999999986e+01 3.32569673866196271e-03 1.48928330137068339e-05
 6.03999999999999986e+01 6.05333333333333314e+01 3.31778624045020671e-03 1.47051861032832346e-05
 6.05333333333333314e+01 6.06666666666666643e+01 3.34372805011275316e-03 1.75877547057895684e-05
 6.06666666666666643e+01 6.07999999999999972e+01 3.30752152796778484e-03 1.45239357492623438e-05
 6.07999999999999972e+01 6.09333333333333371e+01 3.32712654185496250e-03 1.49659332209063421e-05
 6.09333333333333371e+01 6.10666666666666629e+01 3.32592284088876642e-03 1.41910016873059178e-05
 6.10666666666666629e+01 6.12000000000000028e+01 3.33295269836423593e-03 1.39578187355702060e-05
 6.12000000000000028e+01 6.13333333333333357e+01 3.31741095280008733e-03 1.37795079820337766e-05
 6.13333333333333357e+01 6.14666666666666686e+01 3.31983756031881821e-03 1.45309122236526847e-05
 6.14666666666666686e+01 6.16000000000000014e+01 3.34825837959127877e-03 1.58263468831245811e-05
 6.16000000000000014e+01 6.17333333333333343e+01 3.32711768488349637e-03 1.79475256368526402e-05
 6.17333333333333343e+01 6.18666666666666671e+01 3.35866315797227763e-03 2.80731646449632756e-05
 6.18666666666666671e+01 6.20000000000000000e+01 3.32433247443740445e-03 1.45329487047534306e-05
 6.20000000000000000e+01 6.21333333333333329e+01 3.34369890601614013e-03 2.37632655064293517e-05
 6.21333333333333329e+01 6.22666666666666657e+01 3.32932849139211656e-03 1.60585396724357319e-05
 6.22666666666666657e+01 6.23999999999999986e+01 3.30210916813117534e-03 1.60559658182495456e-05
 6.23999999999999986e+01 6.25333333333333314e+01 3.31692619214343657e-03 1.54950950876997413e-05
 6.25333333333333314e+01 6.26666666666666643e+01 3.29833575698241632e-03 1.35946821918860235e-05
 6.26666666666666643e+01 6.27999999999999972e+01 3.32540496561952717e-03 1.30636775025623730e-05
 6.27999999999999972e+01 6.29333333333333371e+01 3.30404833392870237e-03 1.42251214880552270e-05
 6.29333333333333371e+01 6.30666666666666629e+01 3.33859106620314119e-03 1.72041736897654104e-05
 6.30666666666666629e+01 6.32000000000000028e+01 3.33034393340026456e-03 2.88054232378065768e-05
 6.32000000000000028e+01 6.33333333333333357e+01 3.30990687638096481e-03 1.41872663728586086e-05
 6.33333333333333357e+01 6.34666666666666686e+01 3.34973057437136295e-03 1.57403386615027702e-05
 6.34666666666666686e+01 6.36000000000000014e+01 3.31524112889760745e-03 1.57099287819803121e-05
 6.36000000000000014e+01 6.37333333333333343e+01 3.31722524524704796e-03 1.65537230239128175e-05
 6.37333333333333343e+01 6.38666666666666671e+01 3.32350027625932104e-03 1.68038125088442716e-05
 6.38666666666666671e+01 6.40000000000000000e+01 3.30604550519174485e-03 1.36501757605662334e-05
 6.40000000000000000e+01 6.41333333333333258e+01 3.31618712668234556e-03 1.44327856540684631e-05
 6.41333333333333258e+01 6.42666666666666657e+01 3.34714454971516556e-03 1.61582686653330975e-05
 6.42666666666666657e+01 6.44000000000000057e+01 3.31415529797791193e-03 1.47637931715174701e-05
 6.44000000000000057e+01 6.45333333333333314e+01 3.32407159051423913e-03 1.42838305293539679e-05
 6.45333333333333314e+01 6.46666666666666714e+01 3.32962137271363692e-03 1.45147983813503331e-05
 6.46666666666666714e+01 6.47999999999999972e+01 3.30366152957957968e-03 1.33643421356680966e-05
 6.47999999999999972e+01 6.49333333333333371e+01 3.31466990504662587e-03 1.41364223789275438e-05
 6.49333333333333371e+01 6.50666666666666629e+01 3.33572321532025129e-03 1.59808931584324329e-05
 6.50666666666666629e+01 6.52000000000000028e+01 3.33032579253863831e-03 1.79071170950274539e-05
 6.52000000000000028e+01 6.53333333333333286e+01 3.35010240349213747e-03 1.53740399750604616e-05
 6.53333333333333286e+01 6.54666666666666686e+01 3.32217283436233180e-03 3.08761374990385227e-05
 6.54666666666666686e+01 6.55999999999999943e+01 3.31976027637418064e-03 1.71623562960193700e-05
 6.55999999999999943e+01 6.57333333333333343e+01 3.34447101865831481e-03 1.92707230761323051e-05
 6.57333333333333343e+01 6.58666666666666742e+01 3.33257028120801041e-03 2.28951325228733515e-05
 6.58666666666666742e+01 6.60000000000000000e+01 3.34379814410633476e-03 1.66771735903148890e-05
 6.60000000000000000e+01 6.61333333333333258e+01 3.31110926948075153e-03 1.56102921673340320e-05
 6.61333333333333258e+01 6.62666666666666657e+01 3.31943245085981973e-03 1.55070722797782683e-05
 6.62666666666666657e+01 6.64000000000000057e+01 3.32003451694868734e-03 1.72415018552359635e-05
 6.64000000000000057e+01 6.65333333333333314e+01 3.34316238621764012e-03 1.74457710050547188e-05
 6.65333333333333314e+01 6.66666666666666714e+01 3.33727635399341457e-03 1.41383658440229675e-05
 6.66666666666666714e+01 6.67999999999999972e+01 3.34278235095338211e-03 1.61159583637085865e-05
 6.67999999999999972e+01 6.69333333333333371e+01 3.35341465931347869e-03 1.93764628276149466e-05
 6.69333333333333371e+01 6.70666666666666629e+01 3.32707023149194248e-03 1.37330738975240241e-05
 6.70666666666666629e+01 6.72000000000000028e+01 3.34764000373808778e-03 1.54618956558908027e-05
 6.72000000000000028e+01 6.73333333333333286e+01 3.35446112278570217e-03 1.86395846935018658e-05
 6.73333333333333286e+01 6.74666666666666686e+01 3.32517001134059395e-03 2.60114549207141621e-05
 6.74666666666666686e+01 6.75999999999999943e+01 3.32862362166806225e-03 1.60768762873317661e-05
 6.75999999999999943e+01 6.77333333333333343e+01 3.32771682162297418e-03 1.42765725857063372e-05
 6.77333333333333343e+01 6.78666666666666742e+01 3.35302752946108886e-03 2.79933445359882583e-05
 6.78666666666666742e+01 6.80000000000000000e+01 3.33526226543925811e-03 1.75220029332244871e-05
 6.80000000000000000e+01 6.81333333333333258e+01 3.32128600215821036e-03 1.79740232299113563e-05
 6.81333333333333258e+01 6.82666666666666657e+01 3.35148316071453558e-03 1.60165542764180275e-05
 6.82666666666666657e+01 6.84000000000000057e+01 3.34575910345158390e-03 2.19018317392457473e-05
 6.84000000000000057e+01 6.85333333333333314e+01 3.31443963404942600e-03 1.39283122991415874e-05
 6.85333333333333314e+01 6.86666666666666714e+01 3.34803270870512705e-03 1.62054106408605740e-05
 6.86666666666666714e+01 6.87999999999999972e+01 3.36134643446274993e-03 1.95770512442624979e-05
 6.87999999999999972e+01 6.89333333333333371e+01 3.35864122287014627e-03 2.09903565886996563e-05
 6.89333333333333371e+01 6.90666666666666629e+01 3.34896305686745643e-03 1.64797208156251101e-05
 6.90666666666666629e+01 6.92000000000000028e+01 3.33607852812267507e-03 1.44301334852515497e-05
 6.92000000000000028e+01 6.93333333333333286e+01 3.32702396729934666e-03 1.45440150612654791e-05
 6.93333333333333286e+01 6.94666666666666686e+01 3.34741709420322345e-03 1.89194636522068308e-05
 6.94666666666666686e+01 6.95999999999999943e+01 3.32399439477607710e-03 1.63534355314439421e-05
 6.95999999999999943e+01 6.97333333333333343e+01 3.32258596786701079e-03 1.38946611489033295e-05
 6.97333333333333343e+01 6.98666666666666742e+01 3.32393606901767828e-03 1.41500453827204902e-05
 6.98666666666666742e+01 7.00000000000000000e+01 3.33660777905069039e-03 1.51863662387762292e-05
 7.00000000000000000e+01 7.01333333333333258e+01 3.35350350571350523e-03 1.43713066285114477e-05
 7.01333333333333258e+01 7.02666666666666657e+01 3.35997724050976715e-03 2.04796400638889024e-05
 7.02666666666666657e+01 7.04000000000000057e+01 3.33165593136272109e-03 1.55268625368264678e-05
 7.04000000000000057e+01 7.05333333333333314e+01 3.34230794985286355e-03 1.47494905378342892e-05
 7.05333333333333314e+01 7.06666666666666714e+01 3.35282082931753897e-03 1.54870486468227991e-05
 7.06666666666666714e+01 7.07999999999999972e+01 3.35158336611598084e-03 1.35852609066737559e-05
 7.07999999999999972e+01 7.09333333333333371e+01 3.35242692949632966e-03 1.39846011608169648e-05
 7.09333333333333371e+01 7.10666666666666629e+01 3.39935529592570208e-03 2.91009895473678537e-05
 7.10666666666666629e+01 7.12000000000000028e+01 3.34338391172335578e-03 1.55501266542419633e-05
 7.12000000000000028e+01 7.13333333333333286e+01 3.37407316413009754e-03 2.64797486839007454e-05
 7.13333333333333286e+01 7.14666666666666686e+01 3.32573093712010791e-03 1.27927192642630824e-05
 7.14666666666666686e+01 7.15999999999999943e+01 3.36360198470483452e-03 2.02006871297805135e-05
 7.15999999999999943e+01 7.17333333333333343e+01 3.34918222319716651e-03 1.29691018110856197e-05
 7.17333333333333343e+01 7.18666666666666742e+01 3.37758099382064105e-03 1.51466629854661079e-05
 7.18666666666666742e+01 7.20000000000000000e+01 3.35837199649791302e-03 1.55529584097237585e-05
 7.20000000000000000e+01 7.21333333333333258e+01 3.33249374078959694e-03 1.36389742029075793e-05
 7.21333333333333258e+01 7.22666666666666657e+01 3.35967988072793065e-03 1.41012836677761339e-05
 7.22666666666666657e+01 7.24000000000000057e+01 3.35341179736381965e-03 1.51697375872487480e-05
 7.24000000000000057e+01 7.25333333333333314e+01 3.34269476268004998e-03 1.61261546384430802e-05
 7.25333333333333314e+01 7.26666666666666714e+01 3.33781586032725263e-03 1.30225784703699159e-05
 7.26666666666666714e+01 7.27999999999999972e+01 3.33771621829355349e-03 1.79204096753690455e-05
 7.27999999999999972e+01 7.29333333333333371e+01 3.34396195284971049e-03 1.34938685535235462e-05
 7.29333333333333371e+01 7.30666666666666629e+01 3.36398610789289190e-03 1.38682025087291648e-05
 7.30666666666666629e+01 7.32000000000000028e+01 3.33241940417224438e-03 1.75106117065168269e-05
 7.32000000000000028e+01 7.33333333333333286e+01 3.37566931226140768e-03 1.40301144028063788e-05
 7.33333333333333286e+01 7.34666666666666686e+01 3.36139878444392413e-03 1.70393415437997974e-05
 7.34666666666666686e+01 7.35999999999999943e+01 3.36062761873279344e-03 1.38134287706840119e-05
 7.35999999999999943e+01 7.37333333333333343e+01 3.36909776410314636e-03 1.37285989744737727e-05
 7.37333333333333343e+01 7.38666666666666742e+01 3.38175689494515019e-03 1.48575476513936778e-05
 7.38666666666666742e+01 7.40000000000000000e+01 3.34330044395912337e-03 1.46059844196543490e-05
 7.40000000000000000e+01 7.41333333333333258e+01 3.36321369554666745e-03 1.55164856121833745e-05
 7.41333333333333258e+01 7.42666666666666657e+01 3.38551224471023149e-03 1.79879446636337341e-05
 7.42666666666666657e+01 7.44000000000000057e+01 3.35985155305883838e-03 1.42877420282341784e-05
 7.44000000000000057e+01 7.45333333333333314e+01 3.40342141424407893e-03 1.88065182277163235e-05
 7.45333333333333314e+01 7.46666666666666714e+01 3.33597859397034629e-03 1.39558395254973714e-05
 7.46666666666666714e+01 7.47999999999999972e+01 3.37667606013504354e-03 1.41348500679239014e-05
 7.47999999999999972e+01 7.49333333333333371e+01 3.37019020625257742e-03 1.40312050525951395e-05
 7.49333333333333371e+01 7.50666666666666629e+01 3.41182606628946629e-03 3.55641503574283244e-05
 7.50666666666666629e+01 7.52000000000000028e+01 3.36285806456772338e-03 1.50386368653310786e-05
 7.52000000000000028e+01 7.53333333333333286e+01 3.40117014660524944e-03 1.66201029328359508e-05
 7.53333333333333286e+01 7.54666666666666686e+01 3.38160887558797661e-03 1.54971356493948311e-05
 7.54666666666666686e+01 7.55999999999999943e+01 3.38566164524155668e-03 1.58630752729264693e-05
 7.55999999999999943e+01 7.57333333333333343e+01 3.35001182964004629e-03 1.49314947369171457e-05
 7.57333333333333343e+01 7.58666666666666742e+01 3.34983887928346586e-03 1.31932183692055785e-05
 7.58666666666666742e+01 7.60000000000000000e+01 3.35359223923870726e-03 1.59879060642209230e-05
 7.60000000000000000e+01 7.61333333333333258e+01 3.34553908392112680e-03 1.47768113780976799e-05
 7.61333333333333258e+01 7.62666666666666657e+01 3.37469427886010094e-03 1.53912679914239357e-05
 7.62666666666666657e+01 7.64000000000000057e+01 3.36356965824645415e-03 1.48022098961245899e-05
 7.64000000000000057e+01 7.65333333333333314e+01 3.39388653632563628e-03 1.77887875864158435e-05
 7.65333333333333314e+01 7.66666666666666714e+01 3.37189998684746381e-03 1.35131681875838814e-05
 7.66666666666666714e+01 7.67999999999999972e+01 3.37136313226456784e-03 1.48869304762807361e-05
 7.67999999999999972e+01 7.69333333333333371e+01 3.34724974332945924e-03 1.37833955662116018e-05
 7.69333333333333371e+01 7.70666666666666629e+01 3.38840193272334006e-03 1.94879950544139421e-05
 7.70666666666666629e+01 7.72000000000000028e+01 3.36948864967288268e-03 1.37293338583956057e-05
 7.72000000000000028e+01 7.73333333333333286e+01 3.36409030663356676e-03 1.29115284564574120e-05
 7.73333333333333286e+01 7.74666666666666686e+01 3.36867085691432361e-03 1.63002157602688396e-05
 7.74666666666666686e+01 7.75999999999999943e+01 3.36483502684989172e-03 1.46912853217142468e-05
 7.75999999999999943e+01 7.77333333333333343e+01 3.35212537943861905e-03 1.41297897313924481e-05
 7.77333333333333343e+01 7.78666666666666742e+01 3.37487836754009557e-03 1.54903606853474364e-05
 7.78666666666666742e+01 7.80000000000000000e+01 3.38178148871332235e-03 1.50806067070255202e-05
 7.80000000000000000e+01 7.81333333333333258e+01 3.42402040248559331e-03 5.03919012568501278e-05
 7.81333333333333258e+01 7.82666666666666657e+01 3.38168660879696863e-03 2.13797467086918473e-05
 7.82666666666666657e+01 7.84000000000000057e+01 3.39419218217498070e-03 1.44508267991484638e-05
 7.84000000000000057e+01 7.85333333333333314e+01 3.37554950234353118e-03 2.04402486946757309e-05
 7.85333333333333314e+01 7.86666666666666714e+01 3.36298159366395797e-03 1.33453954496950304e-05
 7.86666666666666714e+01 7.87999999999999972e+01 3.38826938508161781e-03 1.66160211375511192e-05
 7.87999999999999972e+01 7.89333333333333371e+01 3.39856813755243931e-03 1.43223786332008639e-05
 7.89333333333333371e+01 7.90666666666666629e+01 3.40039916203931135e-03 2.73573255494297117e-05
 7.90666666666666629e+01 7.92000000000000028e+01 3.37526800428202206e-03 1.35852914170419255e-05
 7.92000000000000028e+01 7.93333333333333286e+01 3.35385003855463498e-03 1.24517319820705188e-05
 7.93333333333333286e+01 7.94666666666666686e+01 3.39489034399774112e-03 1.37186168771976454e-05
 7.94666666666666686e+01 7.95999999999999943e+01 3.36079903956014534e-03 1.36207576176947593e-05
 7.95999999999999943e+01 7.97333333333333343e+01 3.38887014825318966e-03 1.85853588681118992e-05
 7.97333333333333343e+01 7.98666666666666742e+01 3.37536882090490884e-03 1.50678549762488307e-05
 7.98666666666666742e+01 8.00000000000000000e+01 3.38708686772254191e-03 1.36359084607763378e-05
 8.00000000000000000e+01 8.01333333333333258e+01 3.38147941060123157e-03 1.44458039930639241e-05
 8.01333333333333258e+01 8.02666666666666657e+01 3.39592393638256385e-03 1.39569704611631477e-05
 8.02666666666666657e+01 8.04000000000000057e+01 3.38198933467515495e-03 1.52361879273822565e-05
 8.04000000000000057e+01 8.05333333333333314e+01 3.38472410650433701e-03 1.95064535951621152e-05
 8.05333333333333314e+01 8.06666666666666714e+01 3.40259592246351054e-03 1.86999176906394844e-05
 8.06666666666666714e+01 8.07999999999999972e+01 3.38379368363479717e-03 2.59175236469620677e-05
 8.07999999999999972e+01 8.09333333333333371e+01 3.37665693483696306e-03 1.36563909514078414e-05
 8.09333333333333371e+01 8.10666666666666629e+01 3.39764788183685371e-03 1.62939679723306584e-05
 8.10666666666666629e+01 8.12000000000000028e+01 3.38992714320365818e-03 1.72533077995401238e-05
 8.12000000000000028e+01 8.13333333333333286e+01 3.37569196921004176e-03 1.49256533488357368e-05
 8.13333333333333286e+01 8.14666666666666686e+01 3.41164212340990501e-03 1.46022862586336491e-05
 8.14666666666666686e+01 8.15999999999999943e+01 3.37760642683931130e-03 1.44329593740093292e-05
 8.15999999999999943e+01 8.17333333333333343e+01 3.38833831519951565e-03 1.21690204261987978e-05
 8.17333333333333343e+01 8.18666666666666742e+01 3.42215528716926761e-03 2.16320741588715237e-05
 8.18666666666666742e+01 8.20000000000000000e+01 3.39549089285578381e-03 1.55077688746773311e-05
 8.20000000000000000e+01 8.21333333333333258e+01 3.40446056239710349e-03 1.84041465925895808e-05
 8.21333333333333258e+01 8.22666666666666657e+01 3.41140768956119502e-03 1.71834232746929323e-05
 8.22666666666666657e+01 8.24000000000000057e+01 3.37320997513528226e-03 1.46253225428147155e-05
 8.24000000000000057e+01 8.25333333333333314e+01 3.41001177447785436e-03 3.14258801789988839e-05
 8.25333333333333314e+01 8.26666666666666572e+01 3.40210848847736624e-03 1.65598364530330430e-05
 8.26666666666666572e+01 8.27999999999999972e+01 3.37502908614621721e-03 1.20308030104466216e-05
 8.27999999999999972e+01 8.29333333333333371e+01 3.39318411870428559e-03 1.35190732516890828e-05
 8.29333333333333371e+01 8.30666666666666629e+01 3.41367725521141141e-03 1.64870691974708191e-05
 8.30666666666666629e+01 8.32000000000000028e+01 3.37465936393362489e-03 1.27191718789004688e-05
 8.32000000000000028e+01 8.33333333333333428e+01 3.38073316315392908e-03 1.35241320577383438e-05
 8.33333333333333428e+01 8.34666666666666686e+01 3.38945737835900712e-03 1.55634818388498490e-05
 8.34666666666666686e+01 8.35999999999999943e+01 3.38464710380922962e-03 1.94324484522058812e-05
 8.35999999999999943e+01 8.37333333333333343e+01 3.38150326058762971e-03 1.29785924152290960e-05
 8.37333333333333343e+01 8.38666666666666742e+01 3.42394226660557802e-03 3.01614676614251304e-05
 8.38666666666666742e+01 8.40000000000000000e+01 3.44582318620493665e-03 3.48217446431576931e-05
 8.40000000000000000e+01 8.41333333333333258e+01 3.38689008215671767e-03 1.30620138578016703e-05
 8.41333333333333258e+01 8.42666666666666657e+01 3.39489387975451529e-03 1.22877112506330369e-05
 8.42666666666666657e+01 8.44000000000000057e+01 3.40894471845486994e-03 1.81800603934313266e-05
 8.44000000000000057e+01 8.45333333333333314e+01 3.39887268798872311e-03 1.57320559840848008e-05
 8.45333333333333314e+01 8.46666666666666572e+01 3.38932939841792361e-03 1.29543279970820127e-05
 8.46666666666666572e+01 8.47999999999999972e+01 3.38146847037168550e-03 1.78880232629769216e-05
 8.47999999999999972e+01 8.49333333333333371e+01 3.38295958086765828e-03 1.42506336778912528e-05
 8.49333333333333371e+01 8.50666666666666629e+01 3.37315226336913458e-03 1.31374760807673835e-05
 8.50666666666666629e+01 8.52000000000000028e+01 3.41202444235169829e-03 2.51340588531496658e-05
 8.52000000000000028e+01 8.53333333333333428e+01 3.41287179803670187e-03 1.29347711050322744e-05
 8.53333333333333428e+01 8.54666666666666686e+01 3.37395048205088761e-03 1.36030196588516052e-05
 8.54666666666666686e+01 8.55999999999999943e+01 3.38332092137421346e-03 1.29143664650021347e-05
 8.55999999999999943e+01 8.57333333333333343e+01 3.41327957266844432e-03 1.90066632028794114e-05
 8.57333333333333343e+01 8.58666666666666742e+01 3.38050730531689464e-03 1.32517760977137836e-05
 8.58666666666666742e+01 8.60000000000000000e+01 3.36796415399635970e-03 1.75691820800888102e-05
 8.60000000000000000e+01 8.61333333333333258e+01 3.39574914416558311e-03 2.72218595951827866e-05
 8.61333333333333258e+01 8.62666666666666657e+01 3.42238093324900936e-03 1.91669886298060812e-05
 8.62666666666666657e+01 8.64000000000000057e+01 3.38397332694370580e-03 1.29262397074032217e-05
 8.64000000000000057e+01 8.65333333333333314e+01 3.39755954551269022e-03 1.31384658311224267e-05
 8.65333333333333314e+01 8.66666666666666572e+01 3.38159400610264956e-03 1.51573766695948906e-05
 8.66666666666666572e+01 8.67999999999999972e+01 3.36837512508144591e-03 1.40642957811785308e-05
 8.67999999999999972e+01 8.69333333333333371e+01 3.37759871877817272e-03 1.29885158226742622e-05
 8.69333333333333371e+01 8.70666666666666629e+01 3.36852682639875861e-03 1.19130844260429721e-05
 8.70666666666666629e+01 8.72000000000000028e+01 3.39548851593016827e-03 1.21545184018944613e-05
 8.72000000000000028e+01 8.73333333333333428e+01 3.41066682392181198e-03 1.60331044752337863e-05
 8.73333333333333428e+01 8.74666666666666686e+01 3.41157197944967020e-03 1.49866178832191329e-05
 8.74666666666666686e+01 8.75999999999999943e+01 3.39723372206714603e-03 1.22349440032547960e-05
 8.75999999999999943e+01 8.77333333333333343e+01 3.40612474770909772e-03 1.47847999299739460e-05
 8.77333333333333343e+01 8.78666666666666742e+01 3.41904838052943180e-03 2.24744458915277770e-05
 8.78666666666666742e+01 8.80000000000000000e+01 3.40945439602031433e-03 3.02754358687886063e-05
 8.80000000000000000e+01 8.81333333333333258e+01 3.40475195421211657e-03 1.64189239426451819e-05
 8.81333333333333258e+01 8.82666666666666657e+01 3.39321343195818142e-03 1.44874143788635491e-05
 8.82666666666666657e+01 8.84000000000000057e+01 3.42386306997694229e-03 2.56594554967909467e-05
 8.84000000000000057e+01 8.85333333333333314e+01 3.37599977093971200e-03 1.37177391805792395e-05
 8.85333333333333314e+01 8.86666666666666572e+01 3.37007060821546949e-03 1.44495443976377467e-05
 8.86666666666666572e+01 8.87999999999999972e+01 3.39548529265796791e-03 1.34303999993989634e-05
 8.87999999999999972e+01 8.89333333333333371e+01 3.40056207304555505e-03 1.41126277330849234e-05
 8.89333333333333371e+01 8.90666666666666629e+01 3.40780479451401573e-03 1.42512022294803977e-05
 8.90666666666666629e+01 8.92000000000000028e+01 3.39142094253201427e-03 1.29077188004035507e-05
 8.92000000000000028e+01 8.93333333333333428e+01 3.37657573952692856e-03 1.29250804324546359e-05
 8.93333333333333428e+01 8.94666666666666686e+01 3.38162317767617049e-03 1.24237876636119476e-05
 8.94666666666666686e+01 8.95999999999999943e+01 3.38163240024632163e-03 1.22019290970998237e-05
 8.95999999999999943e+01 8.97333333333333343e+01 3.36675327079794797e-03 1.28720602649530601e-05
 8.97333333333333343e+01 8.98666666666666742e+01 3.37456620928523830e-03 1.34283174383433141e-05
 8.98666666666666742e+01 9.00000000000000000e+01 3.39414258315444157e-03 1.33893318856753006e-05
 9.00000000000000000e+01 9.01333333333333258e+01 3.36854856721386948e-03 1.24179244696549808e-05
 9.01333333333333258e+01 9.02666666666666657e+01 3.41585308493829939e-03 3.33518360419175801e-05
 9.02666666666666657e+01 9.04000000000000057e+01 3.37461246133576032e-03 1.39075094365339604e-05
 9.04000000000000057e+01 9.05333333333333314e+01 3.38154630732734546e-03 1.27329605789806709e-05
 9.05333333333333314e+01 9.06666666666666572e+01 3.40409338630029944e-03 1.56159275781668796e-05
 9.06666666666666572e+01 9.07999999999999972e+01 3.44812284798479921e-03 3.29435814420538461e-05
 9.07999999999999972e+01 9.09333333333333371e+01 3.41577217455621461e-03 1.48254969084626477e-05
 9.09333333333333371e+01 9.10666666666666629e+01 3.41785447138749469e-03 1.39584772680251488e-05
 9.10666666666666629e+01 9.12000000000000028e+01 3.40209371197943908e-03 1.41297928996249515e-05
 9.12000000000000028e+01 9.13333333333333428e+01 3.37867570917025012e-03 1.35750957637173613e-05
 9.13333333333333428e+01 9.14666666666666686e+01 3.39886493495820735e-03 1.66116100472310173e-05
 9.14666666666666686e+01 9.15999999999999943e+01 3.37397233340804622e-03 1.38585498527556190e-05
 9.15999999999999943e+01 9.17333333333333343e+01 3.38685078453072018e-03 1.40221017637478180e-05
 9.17333333333333343e+01 9.18666666666666742e+01 3.41589568021629904e-03 1.29032926561470782e-05
 9.18666666666666742e+01 9.20000000000000000e+01 3.39652490313788018e-03 1.31792701048069278e-05
 9.20000000000000000e+01 9.21333333333333258e+01 3.39621142048313713e-03 1.34201111229898333e-05
 9.21333333333333258e+01 9.22666666666666657e+01 3.42715637075751778e-03 1.20917555789017746e-05
 9.22666666666666657e+01 9.24000000000000057e+01 3.39048064597177517e-03 1.42742330955846729e-05
 9.24000000000000057e+01 9.25333333333333314e+01 3.38710435411600664e-03 1.24354162969384179e-05
 9.25333333333333314e+01 9.26666666666666572e+01 3.40133131323546280e-03 1.26282028015823055e-05
 9.26666666666666572e+01 9.27999999999999972e+01 3.38204717213171774e-03 1.37472715824363906e-05
 9.27999999999999972e+01 9.29333333333333371e+01 3.41374037131711655e-03 1.31887959165955343e-05
 9.29333333333333371e+01 9.30666666666666629e+01 3.41040787762126457e-03 2.89915275689376132e-05
 9.30666666666666629e+01 9.32000000000000028e+01 3.37438642603647265e-03 1.28476334007580340e-05
 9.32000000000000028e+01 9.33333333333333428e+01 3.40131990115183878e-03 1.49287243272899586e-05
 9.33333333333333428e+01 9.34666666666666686e+01 3.39808596174691162e-03 1.37432723778746888e-05
 9.34666666666666686e+01 9.35999999999999943e+01 3.37646186354752546e-03 1.30153614381845050e-05
 9.35999999999999943e+01 9.37333333333333343e+01 3.35427816431110035e-03 1.28994012844464132e-05
 9.37333333333333343e+01 9.38666666666666742e+01 3.40029106615461147e-03 1.52047465427717528e-05
 9.38666666666666742e+01 9.40000000000000000e+01 3.38951546716989311e-03 1.33156888092878504e-05
 9.40000000000000000e+01 9.41333333333333258e+01 3.42698259503027231e-03 1.51477542915540395e-05
 9.41333333333333258e+01 9.42666666666666657e+01 3.40465189370514057e-03 1.29881607520329686e-05
 9.42666666666666657e+01 9.44000000000000057e+01 3.38780826413720123e-03 1.31589895156442091e-05
 9.44000000000000057e+01 9.45333333333333314e+01 3.38299007310647595e-03 1.36416232916658965e-05
 9.45333333333333314e+01 9.46666666666666572e+01 3.41143996380503150e-03 1.74569920782935496e-05
 9.46666666666666572e+01 9.47999999999999972e+01 3.38210561353504031e-03 1.34554419095081108e-05
 9.47999999999999972e+01 9.49333333333333371e+01 3.37811695408430940e-03 1.30158714954142421e-05
 9.49333333333333371e+01 9.50666666666666629e+01 3.38958416983499693e-03 1.29239162313646936e-05
 9.50666666666666629e+01 9.52000000000000028e+01 3.38462474049276794e-03 1.36845555907055847e-05
 9.52000000000000028e+01 9.53333333333333428e+01 3.39323634622330349e-03 1.60693460002939861e-05
 9.53333333333333428e+01 9.54666666666666686e+01 3.42148826756882461e-03 1.25370052792644307e-05
 9.54666666666666686e+01 9.55999999999999943e+01 3.39815836504815715e-03 1.25992870962811129e-05
 9.55999999999999943e+01 9.57333333333333343e+01 3.40037562578425837e-03 1.32848936185757944e-05
 9.57333333333333343e+01 9.58666666666666742e+01 3.39259392754706884e-03 1.38308246320699007e-05
 9.58666666666666742e+01 9.60000000000000000e+01 3.38822898111053794e-03 1.51241375698784807e-05
 9.60000000000000000e+01 9.61333333333333258e+01 3.40738241515423784e-03 2.76529485451111928e-05
 9.61333333333333258e+01 9.62666666666666657e+01 3.38851652222163123e-03 1.27066381186290380e-05
 9.62666666666666657e+01 9.64000000000000057e+01 3.38284068171080393e-03 1.33874082573093548e-05
 9.64000000000000057e+01 9.65333333333333314e+01 3.38193278794143111e-03 1.66107898612894776e-05
 9.65333333333333314e+01 9.66666666666666572e+01 3.39089101253284503e-03 1.31842861582059494e-05
 9.66666666666666572e+01 9.67999999999999972e+01 3.39453575026128947e-03 1.33805182363652649e-05
 9.67999999999999972e+01 9.69333333333333371e+01 3.36920274003134172e-03 1.35797636353250958e-05
 9.69333333333333371e+01 9.70666666666666629e+01 3.36499486130008817e-03 1.29547903574858908e-05
 9.70666666666666629e+01 9.72000000000000028e+01 3.38836678432176191e-03 1.54481399451838848e-05
 9.72000000000000028e+01 9.73333333333333428e+01 3.38230600042972252e-03 1.34342363250130227e-05
 9.73333333333333428e+01 9.74666666666666686e+01 3.38821762986325249e-03 1.55666105492942917e-05
 9.74666666666666686e+01 9.75999999999999943e+01 3.37160339749466428e-03 1.37329967964960253e-05
 9.75999999999999943e+01 9.77333333333333343e+01 3.39375787395364021e-03 1.52836631380929701e-05
 9.77333333333333343e+01 9.78666666666666742e+01 3.42503830047018436e-03 2.37937860334267195e-05
 9.78666666666666742e+01 9.80000000000000000e+01 3.38043007020891921e-03 1.47354342902437499e-05
 9.80000000000000000e+01 9.81333333333333258e+01 3.36906481268886603e-03 1.22514716058233751e-05
 9.81333333333333258e+01 9.82666666666666657e+01 3.38671807875408045e-03 1.53922494672269097e-05
 9.82666666666666657e+01 9.84000000000000057e+01 3.39671555381856199e-03 1.61829725373364386e-05
 9.84000000000000057e+01 9.85333333333333314e+01 3.38352470154115953e-03 1.36422747956436552e-05
 9.85333333333333314e+01 9.86666666666666572e+01 3.37948265044008423e-03 1.38975545264074408e-05
 9.86666666666666572e+01 9.87999999999999972e+01 3.37829804743093988e-03 1.27587469883271242e-05
 9.87999999999999972e+01 9.89333333333333371e+01 3.40493074492599938e-03 1.34249625829267483e-05
 9.89333333333333371e+01 9.90666666666666629e+01 3.37487099408112718e-03 1.34902432339304941e-05
 9.90666666666666629e+01 9.92000000000000028e+01 3.39777189681928285e-03 1.46904111440139267e-05
 9.92000000000000028e+01 9.93333333333333428e+01 3.37621039493564640e-03 1.74849767817968588e-05
 9.93333333333333428e+01 9.94666666666666686e+01 3.35566289361959730e-03 1.34514910338218886e-05
 9.94666666666666686e+01 9.95999999999999943e+01 3.38392807301043496e-03 1.38068136281302876e-05
 9.95999999999999943e+01 9.97333333333333343e+01 3.39386857942609735e-03 1.42002149123813629e-05
 9.97333333333333343e+01 9.98666666666666742e+01 3.38603644465263007e-03 1.66777984928303140e-05
 9.98666666666666742e+01 1.00000000000000000e+02 3.38127554186201879e-03 1.89388685560379716e-05
 1.00000000000000000e+02 1.00133333333333326e+02 3.38389772628312074e-03 1.38200798995821235e-05
 1.00133333333333326e+02 1.00266666666666666e+02 3.36335249271508228e-03 1.25309680116240262e-05
 1.00266666666666666e+02 1.00400000000000006e+02 3.35211949390030886e-03 1.35009720971549434e-05
 1.00400000000000006e+02 1.00533333333333331e+02 3.38023935252585589e-03 1.47178146404029002e-05
 1.00533333333333331e+02 1.00666666666666657e+02 3.37321475273816762e-03 1.68033370012698583e-05
 1.00666666666666657e+02 1.00799999999999997e+02 3.35936325262687404e-03 1.48448896257476183e-05
 1.00799999999999997e+02 1.00933333333333337e+02 3.38975373821124920e-03 1.38887794155670059e-05
 1.00933333333333337e+02 1.01066666666666663e+02 3.38392083226748182e-03 1.29036822771826353e-05
 1.01066666666666663e+02 1.01200000000000003e+02 3.37336213896197385e-03 1.35274068552096799e-05
 1.01200000000000003e+02 1.01333333333333343e+02 3.39068856850668681e-03 1.30448117713071524e-05
 1.01333333333333343e+02 1.01466666666666669e+02 3.38768460500192894e-03 1.36123210114417524e-05
 1.01466666666666669e+02 1.01599999999999994e+02 3.38614842445090700e-03 1.88713497327953864e-05
 1.01599999999999994e+02 1.01733333333333334e+02 3.35919653751375752e-03 1.25394315200696191e-05
 1.01733333333333334e+02 1.01866666666666674e+02 3.39367262352481460e-03 1.60008138672121587e-05
 1.01866666666666674e+02 1.02000000000000000e+02 3.35432922149066920e-03 1.34360384115477816e-05
 1.02000000000000000e+02 1.02133333333333326e+02 3.35919107438412742e-03 1.29698959473816018e-05
 1.02133333333333326e+02 1.02266666666666666e+02 3.36309557299878902e-03 1.27884107020593638e-05
 1.02266666666666666e+02 1.02400000000000006e+02 3.38912889381159672e-03 2.08982239459447035e-05
 1.02400000000000006e+02 1.02533333333333331e+02 3.38777896882503640e-03 2.41885733760578447e-05
 1.02533333333333331e+02 1.02666666666666657e+02 3.39091745472190446e-03 1.81398556222377917e-05
 1.02666666666666657e+02 1.02799999999999997e+02 3.37771914469841422e-03 1.45721431513021258e-05
 1.02799999999999997e+02 1.02933333333333337e+02 3.38154632387364582e-03 1.31904641882409210e-05
 1.02933333333333337e+02 1.03066666666666663e+02 3.36877524741891182e-03 1.21368482426267500e-05
 1.03066666666666663e+02 1.03200000000000003e+02 3.36389634350650352e-03 1.44128081850553492e-05
 1.03200000000000003e+02 1.03333333333333343e+02 3.37498588580089102e-03 1.26935196199048419e-05
 1.03333333333333343e+02 1.03466666666666669e+02 3.35286077971670010e-03 1.22287078014662486e-05
 1.03466666666666669e+02 1.03599999999999994e+02 3.37495645409196946e-03 1.40394991395028728e-05
 1.03599999999999994e+02 1.03733333333333334e+02 3.39306756314150483e-03 2.37348024570533615e-05
 1.03733333333333334e+02 1.03866666666666674e+02 3.34603528108270857e-03 1.26814003057442929e-05
 1.03866666666666674e+02 1.04000000000000000e+02 3.37579057752217249e-03 1.75609701420203622e-05
 1.04000000000000000e+02 1.04133333333333326e+02 3.36580504231145721e-03 1.33459116698750412e-05
 1.04133333333333326e+02 1.04266666666666666e+02 3.36312619008326307e-03 1.35387373281924454e-05
 1.04266666666666666e+02 1.04400000000000006e+02 3.36488928221697703e-03 1.29318227406937754e-05
 1.04400000000000006e+02 1.04533333333333331e+02 3.37259871383775766e-03 1.40426687913884046e-05
 1.04533333333333331e+02 1.04666666666666657e+02 3.35594583837886973e-03 1.45850702635014348e-05
 1.04666666666666657e+02 1.04799999999999997e+02 3.37193885924288051e-03 1.27798704567435321e-05
 1.04799999999999997e+02 1.04933333333333337e+02 3.33555673874971412e-03 1.15365994161535647e-05
 1.04933333333333337e+02 1.05066666666666663e+02 3.37129045606083784e-03 1.35423950466249987e-05
 1.05066666666666663e+02 1.05200000000000003e+02 3.39547576330839459e-03 2.05424831538001992e-05
 1.05200000000000003e+02 1.05333333333333343e+02 3.36406601070221101e-03 1.24414105305733370e-05
 1.05333333333333343e+02 1.05466666666666669e+02 3.35114865064057828e-03 1.68972180896061762e-05
 1.05466666666666669e+02 1.05599999999999994e+02 3.35961368608424932e-03 1.35469721332755327e-05
 1.05599999999999994e+02 1.05733333333333334e+02 3.36891837374359059e-03 1.89066089160401402e-05
 1.05733333333333334e+02 1.05866666666666674e+02 3.36960877752863876e-03 1.39403469570390238e-05
 1.05866666666666674e+02 1.06000000000000000e+02 3.32966160457113950e-03 1.25077010106230331e-05
 1.06000000000000000e+02 1.06133333333333326e+02 3.36928995002427466e-03 1.25937793176834631e-05
 1.06133333333333326e+02 1.06266666666666666e+02 3.36016532779000524e-03 1.39095986304113633e-05
 1.06266666666666666e+02 1.06400000000000006e+02 3.35139274833479682e-03 1.33056264626543166e-05
 1.06400000000000006e+02 1.06533333333333331e+02 3.35934981751900624e-03 1.54144656167499919e-05
 1.06533333333333331e+02 1.06666666666666657e+02 3.38524372221678943e-03 1.65238435819981645e-05
 1.06666666666666657e+02 1.06799999999999997e+02 3.40017248604221507e-03 2.38901329996333809e-05
 1.06799999999999997e+02 1.06933333333333337e+02 3.35765340873039886e-03 1.28026931403934573e-05
 1.06933333333333337e+02 1.07066666666666663e+02 3.37431044614656733e-03 1.93227109659875451e-05
 1.07066666666666663e+02 1.07200000000000003e+02 3.35801756882063993e-03 1.87077640133626483e-05
 1.07200000000000003e+02 1.07333333333333343e+02 3.35554238248355480e-03 1.38712375199746797e-05
 1.07333333333333343e+02 1.07466666666666669e+02 3.34023625013541966e-03 1.31688481239106860e-05
 1.07466666666666669e+02 1.07599999999999994e+02 3.35078474495331853e-03 1.20684635738030326e-05
 1.07599999999999994e+02 1.07733333333333334e+02 3.37701793568404626e-03 1.40782482535102998e-05
 1.07733333333333334e+02 1.07866666666666674e+02 3.35483885491086450e-03 1.34894688918800597e-05
 1.07866666666666674e+02 1.08000000000000000e+02 3.31490340175110299e-03 1.53852278267038992e-05
 1.08000000000000000e+02 1.08133333333333326e+02 3.32773720037058416e-03 1.44097471742986271e-05
 1.08133333333333326e+02 1.08266666666666666e+02 3.37558379897676987e-03 1.33938146411794978e-05
 1.08266666666666666e+02 1.08400000000000006e+02 3.37029581670111487e-03 1.43552988507780907e-05
 1.08400000000000006e+02 1.08533333333333331e+02 3.36206513059462628e-03 1.97720031915097393e-05
 1.08533333333333331e+02 1.08666666666666657e+02 3.37793101194353582e-03 1.46725103760228107e-05
 1.08666666666666657e+02 1.08799999999999997e+02 3.34544390148380170e-03 1.25837851881402159e-05
 1.08799999999999997e+02 1.08933333333333337e+02 3.39320449490519314e-03 2.23949558532750500e-05
 1.08933333333333337e+02 1.09066666666666663e+02 3.36549247337972982e-03 1.56481478002859836e-05
 1.09066666666666663e+02 1.09200000000000003e+02 3.34276117586036585e-03 1.40831995281513852e-05
 1.09200000000000003e+02 1.09333333333333343e+02 3.34448459805091738e-03 1.36422597539561789e-05
 1.09333333333333343e+02 1.09466666666666669e+02 3.36556142167014887e-03 1.51908375520657833e-05
 1.09466666666666669e+02 1.09599999999999994e+02 3.36056445434352929e-03 1.47457005245939301e-05
 1.09599999999999994e+02 1.09733333333333334e+02 3.33440178011365539e-03 1.26942283386354082e-05
 1.09733333333333334e+02 1.09866666666666674e+02 3.35759062658559735e-03 1.41632591278217863e-05
 1.09866666666666674e+02 1.10000000000000000e+02 3.35519676230890389e-03 1.67505023105146387e-05
 1.10000000000000000e+02 1.10133333333333326e+02 3.34838189494234342e-03 1.34605648250598566e-05
 1.10133333333333326e+02 1.10266666666666666e+02 3.35113371786815648e-03 1.29750708357268193e-05
 1.10266666666666666e+02 1.10400000000000006e+02 3.33536808556483301e-03 1.29091616412196247e-05
 1.10400000000000006e+02 1.10533333333333331e+02 3.33479166481002922e-03 1.42077876202243521e-05
 1.10533333333333331e+02 1.10666666666666657e+02 3.34922681473842849e-03 1.32395455286175404e-05
 1.10666666666666657e+02 1.10799999999999997e+02 3.33301097438309154e-03 1.31767615159899545e-05
 1.10799999999999997e+02 1.10933333333333337e+02 3.33797160060304203e-03 2.28861503548916373e-05
 1.10933333333333337e+02 1.11066666666666663e+02 3.34821853885628688e-03 1.42178463031990659e-05
 1.11066666666666663e+02 1.11200000000000003e+02 3.34489815740573104e-03 1.29386387119571443e-05
 1.11200000000000003e+02 1.11333333333333343e+02 3.33880069979026074e-03 1.50143763507280093e-05
 1.11333333333333343e+02 1.11466666666666669e+02 3.34962673087372880e-03 1.37644815099861486e-05
 1.11466666666666669e+02 1.11599999999999994e+02 3.35181385617490954e-03 1.31617240555946216e-05
 1.11599999999999994e+02 1.11733333333333334e+02 3.31770997266004480e-03 1.21990967472064795e-05
 1.11733333333333334e+02 1.11866666666666674e+02 3.38156012988563570e-03 2.46749788250370058e-05
 1.11866666666666674e+02 1.12000000000000000e+02 3.36335981611492023e-03 2.50987906489337879e-05
 1.12000000000000000e+02 1.12133333333333326e+02 3.33136615028784694e-03 1.49913223797546775e-05
 1.12133333333333326e+02 1.12266666666666666e+02 3.33654382708120038e-03 1.47689431938364099e-05
 1.12266666666666666e+02 1.12400000000000006e+02 3.35741284497186434e-03 1.44498030647035390e-05
 1.12400000000000006e+02 1.12533333333333331e+02 3.33760596699967261e-03 1.49594935710490036e-05
 1.12533333333333331e+02 1.12666666666666657e+02 3.34272129479183840e-03 1.38174025785060351e-05
 1.12666666666666657e+02 1.12799999999999997e+02 3.32803888146607869e-03 1.29399266247202707e-05
 1.12799999999999997e+02 1.12933333333333337e+02 3.33954643200300334e-03 1.27450332772299155e-05
 1.12933333333333337e+02 1.13066666666666663e+02 3.31723053359465675e-03 1.36706592398292041e-05
 1.13066666666666663e+02 1.13200000000000003e+02 3.34531743533570802e-03 1.50362487804738400e-05
 1.13200000000000003e+02 1.13333333333333343e+02 3.35011888269455028e-03 1.66294841010019639e-05
 1.13333333333333343e+02 1.13466666666666669e+02 3.33120195888739028e-03 1.33746356683392748e-05
 1.13466666666666669e+02 1.13599999999999994e+02 3.32679250514860553e-03 1.23594532950955035e-05
 1.13599999999999994e+02 1.13733333333333334e+02 3.32485376302353803e-03 1.30811969748684151e-05
 1.13733333333333334e+02 1.13866666666666674e+02 3.35650941373671213e-03 1.66114207107777531e-05
 1.13866666666666674e+02 1.14000000000000000e+02 3.34050035981635568e-03 1.39127170237063292e-05
 1.14000000000000000e+02 1.14133333333333340e+02 3.31818158655139374e-03 1.34881739519351472e-05
 1.14133333333333340e+02 1.14266666666666666e+02 3.33565437064857516e-03 1.84051020199050776e-05
 1.14266666666666666e+02 1.14400000000000006e+02 3.33529280467028105e-03 1.49299381648412951e-05
 1.14400000000000006e+02 1.14533333333333331e+02 3.34365265264908876e-03 1.41256248932604596e-05
 1.14533333333333331e+02 1.14666666666666671e+02 3.31647640598375796e-03 1.33905906865732681e-05
 1.14666666666666671e+02 1.14799999999999997e+02 3.35410147594546919e-03 2.12070967782968789e-05
 1.14799999999999997e+02 1.14933333333333337e+02 3.33650662220104062e-03 1.35424201254219141e-05
 1.14933333333333337e+02 1.15066666666666663e+02 3.36534397355308995e-03 3.63382005254757239e-05
 1.15066666666666663e+02 1.15200000000000003e+02 3.33726921876717529e-03 1.35872229323078599e-05
 1.15200000000000003e+02 1.15333333333333329e+02 3.35537718765576776e-03 1.90874598404728000e-05
 1.15333333333333329e+02 1.15466666666666669e+02 3.30038362014508681e-03 1.36141135485096049e-05
 1.15466666666666669e+02 1.15599999999999994e+02 3.33559604457151979e-03 1.34043555676295092e-05
 1.15599999999999994e+02 1.15733333333333334e+02 3.32892175133323465e-03 1.64978219689693580e-05
 1.15733333333333334e+02 1.15866666666666660e+02 3.35045723690546990e-03 1.56832097056682717e-05
 1.15866666666666660e+02 1.16000000000000000e+02 3.32080003102562353e-03 1.34776852676263179e-05
 1.16000000000000000e+02 1.16133333333333340e+02 3.34298172506750525e-03 1.53756898105128430e-05
 1.16133333333333340e+02 1.16266666666666666e+02 3.34435766514982807e-03 1.53358198433309915e-05
 1.16266666666666666e+02 1.16400000000000006e+02 3.43934182799801548e-03 1.18948749578661660e-04
 1.16400000000000006e+02 1.16533333333333331e+02 3.30508252035234713e-03 1.31575068530081857e-05
 1.16533333333333331e+02 1.16666666666666671e+02 3.33014818237280935e-03 1.32143328351913867e-05
 1.16666666666666671e+02 1.16799999999999997e+02 3.30061766327800548e-03 1.38964103905894776e-05
 1.16799999999999997e+02 1.16933333333333337e+02 3.32945921943020523e-03 1.53824700801542045e-05
 1.16933333333333337e+02 1.17066666666666663e+02 3.31686568195324995e-03 1.29512894660654550e-05
 1.17066666666666663e+02 1.17200000000000003e+02 3.30534362259576149e-03 1.57940172164751682e-05
 1.17200000000000003e+02 1.17333333333333329e+02 3.34422652751786755e-03 2.16383152022039696e-05
 1.17333333333333329e+02 1.17466666666666669e+02 3.31669546697747723e-03 1.23618454245743624e-05
 1.17466666666666669e+02 1.17599999999999994e+02 3.30335520385853986e-03 1.21496506948191003e-05
 1.17599999999999994e+02 1.17733333333333334e+02 3.31732944080209658e-03 1.59689486843026005e-05
 1.17733333333333334e+02 1.17866666666666660e+02 3.34245347231715891e-03 1.41090060254224535e-05
 1.17866666666666660e+02 1.18000000000000000e+02 3.31671732097304052e-03 1.28102404796161612e-05
 1.18000000000000000e+02 1.18133333333333340e+02 3.35383290645324683e-03 1.92028451332285705e-05
 1.18133333333333340e+02 1.18266666666666666e+02 3.36341484925323144e-03 3.06931616609031418e-05
 1.18266666666666666e+02 1.18400000000000006e+02 3.32183273553536247e-03 1.43256552802576804e-05
 1.18400000000000006e+02 1.18533333333333331e+02 3.34670814374021536e-03 4.77186693208828632e-05
 1.18533333333333331e+02 1.18666666666666671e+02 3.29914710853904851e-03 1.27238218245743574e-05
 1.18666666666666671e+02 1.18799999999999997e+02 3.31738336996836337e-03 1.30774287267636940e-05
 1.18799999999999997e+02 1.18933333333333337e+02 3.36551165883743194e-03 3.39832629458305515e-05
 1.18933333333333337e+02 1.19066666666666663e+02 3.32054581812579437e-03 1.50943685826762461e-05
 1.19066666666666663e+02 1.19200000000000003e+02 3.32388751797373051e-03 1.66648318638227377e-05
 1.19200000000000003e+02 1.19333333333333329e+02 3.37068734416365529e-03 2.36421352465460063e-05
 1.19333333333333329e+02 1.19466666666666669e+02 3.30166493872931016e-03 1.31152720511059477e-05
 1.19466666666666669e+02 1.19599999999999994e+02 3.30243260530059838e-03 1.29335763372961212e-05
 1.19599999999999994e+02 1.19733333333333334e+02 3.32080349436710996e-03 1.41659511187049799e-05
 1.19733333333333334e+02 1.19866666666666660e+02 3.32362179158336192e-03 1.61891824455558896e-05
 1.19866666666666660e+02 1.20000000000000000e+02 3.32265218900382794e-03 1.36720186532836810e-05
 1.20000000000000000e+02 1.20133333333333340e+02 3.30570272684666683e-03 1.35702573525958739e-05
 1.20133333333333340e+02 1.20266666666666666e+02 3.32278657797531463e-03 1.19652434298075071e-05
 1.20266666666666666e+02 1.20400000000000006e+02 3.32539070097729933e-03 1.38185329869204054e-05
 1.20400000000000006e+02 1.20533333333333331e+02 3.33819563457440297e-03 1.43499972201546660e-05
 1.20533333333333331e+02 1.20666666666666671e+02 3.32772400535124918e-03 1.36951274767527799e-05
 1.20666666666666671e+02 1.20799999999999997e+02 3.34170839110428403e-03 2.10192342173534484e-05
 1.20799999999999997e+02 1.20933333333333337e+02 3.31418388901136892e-03 1.95524756449001874e-05
 1.20933333333333337e+02 1.21066666666666663e+02 3.31933425579092941e-03 1.62214790464598110e-05
 1.21066666666666663e+02 1.21200000000000003e+02 3.30834624798174385e-03 2.02320707270131595e-05
 1.21200000000000003e+02 1.21333333333333329e+02 3.30549765345001124e-03 1.35006712210320160e-05
 1.21333333333333329e+02 1.21466666666666669e+02 3.30932431297299798e-03 1.49414309086676294e-05
 1.21466666666666669e+02 1.21599999999999994e+02 3.33011337085317499e-03 1.45606556078923066e-05
 1.21599999999999994e+02 1.21733333333333334e+02 3.31197595064112007e-03 1.43043365776810471e-05
 1.21733333333333334e+02 1.21866666666666660e+02 3.33688808163318945e-03 1.43913632846934161e-05
 1.21866666666666660e+02 1.22000000000000000e+02 3.31125428918180396e-03 1.32896796927695926e-05
 1.22000000000000000e+02 1.22133333333333340e+02 3.31262981886457433e-03 1.31190871676034517e-05
 1.22133333333333340e+02 1.22266666666666666e+02 3.28346969188936244e-03 1.25454561189647119e-05
 1.22266666666666666e+02 1.22400000000000006e+02 3.30850857584124658e-03 1.29448247521158861e-05
 1.22400000000000006e+02 1.22533333333333331e+02 3.33467247046769161e-03 1.61510110510957024e-05
 1.22533333333333331e+02 1.22666666666666671e+02 3.31476612320578739e-03 1.42150794803850880e-05
 1.22666666666666671e+02 1.22799999999999997e+02 3.31355622852262536e-03 1.40608196958956925e-05
 1.22799999999999997e+02 1.22933333333333337e+02 3.31677940772729350e-03 1.26911542306084271e-05
 1.22933333333333337e+02 1.23066666666666663e+02 3.33071639845332638e-03 1.41612742079399698e-05
 1.23066666666666663e+02 1.23200000000000003e+02 3.31011560278256060e-03 1.48490760469623637e-05
 1.23200000000000003e+02 1.23333333333333329e+02 3.30812003402619712e-03 1.21523383687179019e-05
 1.23333333333333329e+02 1.23466666666666669e+02 3.31272783253418711e-03 1.21828199407319893e-05
 1.23466666666666669e+02 1.23599999999999994e+02 3.31511190048905348e-03 1.34588264311849967e-05
 1.23599999999999994e+02 1.23733333333333334e+02 3.32806635838408084e-03 1.95274653398790139e-05
 1.23733333333333334e+02 1.23866666666666660e+02 3.31415268581219859e-03 1.74100737789573233e-05
 1.23866666666666660e+02 1.24000000000000000e+02 3.32612637855335186e-03 1.83725348046928809e-05
 1.24000000000000000e+02 1.24133333333333340e+02 3.32946808842825943e-03 1.52082223251267982e-05
 1.24133333333333340e+02 1.24266666666666666e+02 3.50669752626353278e-03 1.55263338902336635e-04
 1.24266666666666666e+02 1.24400000000000006e+02 3.30954757913789078e-03 1.31171384365876327e-05
 1.24400000000000006e+02 1.24533333333333331e+02 3.32283606861611324e-03 2.27941717411183755e-05
 1.24533333333333331e+02 1.24666666666666671e+02 3.31415762992101929e-03 1.42185411169581399e-05
 1.24666666666666671e+02 1.24799999999999997e+02 3.30721424002415609e-03 1.33402975207875487e-05
 1.24799999999999997e+02 1.24933333333333337e+02 3.33056088569392466e-03 1.36616552358685064e-05
 1.24933333333333337e+02 1.25066666666666663e+02 3.31387606368979985e-03 1.32451862047953209e-05
 1.25066666666666663e+02 1.25200000000000003e+02 3.36825610516732453e-03 3.43293747770176841e-05
 1.25200000000000003e+02 1.25333333333333329e+02 3.33474011808223593e-03 1.54468338142068964e-05
 1.25333333333333329e+02 1.25466666666666669e+02 3.30844127850895512e-03 1.44222345083683280e-05
 1.25466666666666669e+02 1.25599999999999994e+02 3.30484427726175601e-03 1.43738476539460506e-05
 1.25599999999999994e+02 1.25733333333333334e+02 3.33682845590180157e-03 2.05767460060682676e-05
 1.25733333333333334e+02 1.25866666666666660e+02 3.32185650649723324e-03 1.33878348997629069e-05
 1.25866666666666660e+02 1.26000000000000000e+02 3.32458454549652708e-03 1.34087854013961812e-05
 1.26000000000000000e+02 1.26133333333333340e+02 3.32781956006825835e-03 1.44731904453795306e-05
 1.26133333333333340e+02 1.26266666666666666e+02 3.31229487956451229e-03 3.05659075812549308e-05
 1.26266666666666666e+02 1.26400000000000006e+02 3.29495392223102222e-03 1.39403930902823640e-05
 1.26400000000000006e+02 1.26533333333333331e+02 3.33577443234970303e-03 1.66647987735641635e-05
 1.26533333333333331e+02 1.26666666666666671e+02 3.33287849090577659e-03 1.56096995415568383e-05
 1.26666666666666671e+02 1.26799999999999997e+02 3.33287837082121233e-03 2.25935530616544861e-05
 1.26799999999999997e+02 1.26933333333333337e+02 3.33223477711418452e-03 1.56946030670582655e-05
 1.26933333333333337e+02 1.27066666666666663e+02 3.33146413230564183e-03 1.42742585327773270e-05
 1.27066666666666663e+02 1.27200000000000003e+02 3.30322099646131705e-03 1.54776720273493108e-05
 1.27200000000000003e+02 1.27333333333333329e+02 3.33729312676243157e-03 1.56152701584701547e-05
 1.27333333333333329e+02 1.27466666666666669e+02 3.33722708025162209e-03 1.54547262197000151e-05
 1.27466666666666669e+02 1.27599999999999994e+02 3.27442061623646691e-03 1.41196511004913288e-05
 1.27599999999999994e+02 1.27733333333333334e+02 3.31019087426729025e-03 1.88847425883238102e-05
 1.27733333333333334e+02 1.27866666666666660e+02 3.33618404858866680e-03 2.15969975522099012e-05
 1.27866666666666660e+02 1.28000000000000000e+02 3.32202280816540916e-03 1.58519405249804998e-05
 1.28000000000000000e+02 1.28133333333333326e+02 3.34606440151359510e-03 1.62018539488478419e-05
 1.28133333333333326e+02 1.28266666666666652e+02 3.36292170219571526e-03 2.95821692621879913e-05
 1.28266666666666652e+02 1.28400000000000006e+02 3.32697673721639962e-03 1.67440777232558108e-05
 1.28400000000000006e+02 1.28533333333333331e+02 3.31874652504706444e-03 1.68614979093730708e-05
 1.28533333333333331e+02 1.28666666666666686e+02 3.30601420011593285e-03 1.75681334200935989e-05
 1.28666666666666686e+02 1.28800000000000011e+02 3.34919776869882111e-03 1.87390452136464980e-05
 1.28800000000000011e+02 1.28933333333333337e+02 3.38997919716046460e-03 2.60475855172758110e-05
 1.28933333333333337e+02 1.29066666666666663e+02 3.36179839323894405e-03 2.95375075635003967e-05
 1.29066666666666663e+02 1.29199999999999989e+02 3.33577822094399115e-03 1.95038535759043716e-05
 1.29199999999999989e+02 1.29333333333333314e+02 3.31940553610262984e-03 1.77872042336524044e-05
 1.29333333333333314e+02 1.29466666666666669e+02 3.36671892581031978e-03 3.25404443424482290e-05
 1.29466666666666669e+02 1.29599999999999994e+02 3.34845468514832160e-03 2.29726648222711953e-05
 1.29599999999999994e+02 1.29733333333333348e+02 3.32641820715711550e-03 2.28744057563469498e-05
 1.29733333333333348e+02 1.29866666666666674e+02 3.30760006149162945e-03 1.88764358476111287e-05
 1.29866666666666674e+02 1.30000000000000000e+02 3.33705720134034461e-03 2.15139280956818047e-05

