Histogram:lth+
 5.00000000000000000e+01 5.01333333333333329e+01 2.31988863870905048e-03 4.19882179031877271e-05
 5.01333333333333329e+01 5.02666666666666657e+01 2.29291418080565610e-03 1.81400740295894069e-05
 5.02666666666666657e+01 5.03999999999999986e+01 2.31739279955894698e-03 2.24666469735611926e-05
 5.03999999999999986e+01 5.05333333333333314e+01 2.31020960058521798e-03 1.35589806208476188e-05
 5.05333333333333314e+01 5.06666666666666643e+01 2.33198919329780877e-03 1.49142814552060821e-05
 5.06666666666666643e+01 5.07999999999999972e+01 2.35589470859561218e-03 1.22534475639915555e-05
 5.07999999999999972e+01 5.09333333333333300e+01 2.35754223367787719e-03 1.17686672225143552e-05
 5.09333333333333300e+01 5.10666666666666700e+01 2.39355659661781833e-03 1.19565322414719568e-05
 5.10666666666666700e+01 5.12000000000000028e+01 2.40002871328898193e-03 1.25997095431523730e-05
 5.12000000000000028e+01 5.13333333333333357e+01 2.42736321288004615e-03 1.10855914794284677e-05
 5.13333333333333357e+01 5.14666666666666686e+01 2.44307395505067660e-03 1.06724518208994508e-05
 5.14666666666666686e+01 5.16000000000000014e+01 2.47711605441094029e-03 2.27315365402348517e-05
 5.16000000000000014e+01 5.17333333333333343e+01 2.46659686466757034e-03 1.05668277579133963e-05
 5.17333333333333343e+01 5.18666666666666671e+01 2.51255456408727750e-03 1.83400312765653938e-05
 5.18666666666666671e+01 5.20000000000000000e+01 2.51823865477170073e-03 1.16691883012925489e-05
 5.20000000000000000e+01 5.21333333333333329e+01 2.52925668542743759e-03 1.02300205803500906e-05
 5.21333333333333329e+01 5.22666666666666657e+01 2.52831571450508850e-03 9.71306539855839828e-06
 5.22666666666666657e+01 5.23999999999999986e+01 2.54671998607089662e-03 9.61585108855624584e-06
 5.23999999999999986e+01 5.25333333333333314e+01 2.58975717511160473e-03 1.02332263194958980e-05
 5.25333333333333314e+01 5.26666666666666643e+01 2.58687920969791338e-03 9.29224760800229171e-06
 5.26666666666666643e+01 5.27999999999999972e+01 2.62177782351897919e-03 1.08286552447746362e-05
 5.27999999999999972e+01 5.29333333333333300e+01 2.63489014419756576e-03 9.74196111177541391e-06
 5.29333333333333300e+01 5.30666666666666700e+01 2.67190322892445513e-03 1.68154512176021453e-05
 5.30666666666666700e+01 5.32000000000000028e+01 2.66104250207276722e-03 9.58655025596643866e-06
 5.32000000000000028e+01 5.33333333333333357e+01 2.69046985975734910e-03 8.81522378201827217e-06
 5.33333333333333357e+01 5.34666666666666686e+01 2.70448782825610150e-03 8.80763003512747673e-06
 5.34666666666666686e+01 5.36000000000000014e+01 2.73094006233331240e-03 8.21089658030122218e-06
 5.36000000000000014e+01 5.37333333333333343e+01 2.75414793200116350e-03 1.11961332285272883e-05
 5.37333333333333343e+01 5.38666666666666671e+01 2.76842424204719415e-03 1.04067503419906637e-05
 5.38666666666666671e+01 5.40000000000000000e+01 2.79487717468627659e-03 1.18142558135721812e-05
 5.40000000000000000e+01 5.41333333333333329e+01 2.79538893946045062e-03 8.40912189244753482e-06
 5.41333333333333329e+01 5.42666666666666657e+01 2.81156986269231069e-03 8.17045016466133369e-06
 5.42666666666666657e+01 5.43999999999999986e+01 2.83028292723763990e-03 8.09887823962762094e-06
 5.43999999999999986e+01 5.45333333333333314e+01 2.86891398452434861e-03 1.00628580885321970e-05
 5.45333333333333314e+01 5.46666666666666643e+01 2.89126744722872702e-03 1.17678149260122485e-05
 5.46666666666666643e+01 5.47999999999999972e+01 2.86159376451848276e-03 8.41045027705118888e-06
 5.47999999999999972e+01 5.49333333333333371e+01 2.89754510128940922e-03 8.18049380990489944e-06
 5.49333333333333371e+01 5.50666666666666629e+01 2.93689803774636448e-03 9.70395561642829258e-06
 5.50666666666666629e+01 5.52000000000000028e+01 2.93699894965642047e-03 1.21650407191975937e-05
 5.52000000000000028e+01 5.53333333333333357e+01 2.94364404870093004e-03 8.18962933428320738e-06
 5.53333333333333357e+01 5.54666666666666686e+01 2.95908117812852594e-03 8.57190341428814106e-06
 5.54666666666666686e+01 5.56000000000000014e+01 3.00249027702904252e-03 1.06794864941474239e-05
 5.56000000000000014e+01 5.57333333333333343e+01 3.01559194088991565e-03 1.16776585519057875e-05
 5.57333333333333343e+01 5.58666666666666671e+01 3.01499526855307943e-03 8.64628119526508086e-06
 5.58666666666666671e+01 5.60000000000000000e+01 3.05623791719162458e-03 1.42095780604491061e-05
 5.60000000000000000e+01 5.61333333333333329e+01 3.04700655263856523e-03 1.19213473486757213e-05
 5.61333333333333329e+01 5.62666666666666657e+01 3.08197851981307754e-03 8.44138257701171784e-06
 5.62666666666666657e+01 5.63999999999999986e+01 3.10329837701479785e-03 8.55327021720990470e-06
 5.63999999999999986e+01 5.65333333333333314e+01 3.12557815601321879e-03 9.16508773492315697e-06
 5.65333333333333314e+01 5.66666666666666643e+01 3.14624839567973717e-03 1.17832095590479765e-05
 5.66666666666666643e+01 5.67999999999999972e+01 3.15912762102716922e-03 9.75191950063947152e-06
 5.67999999999999972e+01 5.69333333333333371e+01 3.18269102899582578e-03 9.19655294021921735e-06
 5.69333333333333371e+01 5.70666666666666629e+01 3.17881550217850384e-03 8.79536231372819981e-06
 5.70666666666666629e+01 5.72000000000000028e+01 3.22806710865988821e-03 1.20118957343029440e-05
 5.72000000000000028e+01 5.73333333333333357e+01 3.21575269109056813e-03 9.79112964324932013e-06
 5.73333333333333357e+01 5.74666666666666686e+01 3.22928050444781269e-03 8.69873285195022876e-06
 5.74666666666666686e+01 5.76000000000000014e+01 3.26953884321297189e-03 1.29604929200611130e-05
 5.76000000000000014e+01 5.77333333333333343e+01 3.26797775218566578e-03 9.15148164046666842e-06
 5.77333333333333343e+01 5.78666666666666671e+01 3.29258794186234249e-03 9.60467544826062823e-06
 5.78666666666666671e+01 5.80000000000000000e+01 3.31427387191889859e-03 9.00525337204906591e-06
 5.80000000000000000e+01 5.81333333333333329e+01 3.32850990088652456e-03 1.16844503650017364e-05
 5.81333333333333329e+01 5.82666666666666657e+01 3.33738888227598594e-03 1.01969527827008554e-05
 5.82666666666666657e+01 5.83999999999999986e+01 3.36966730534907525e-03 9.46741059736311412e-06
 5.83999999999999986e+01 5.85333333333333314e+01 3.37751507616618641e-03 9.90778731855748678e-06
 5.85333333333333314e+01 5.86666666666666643e+01 3.37797574200564233e-03 8.47713123714700281e-06
 5.86666666666666643e+01 5.87999999999999972e+01 3.41732290803891878e-03 1.22979327684610653e-05
 5.87999999999999972e+01 5.89333333333333371e+01 3.42328150245196916e-03 8.91176987362336653e-06
 5.89333333333333371e+01 5.90666666666666629e+01 3.44748607312541462e-03 9.16109587673858829e-06
 5.90666666666666629e+01 5.92000000000000028e+01 3.46385602967960683e-03 9.36313490287909310e-06
 5.92000000000000028e+01 5.93333333333333357e+01 3.47167919661002912e-03 1.04629818106355579e-05
 5.93333333333333357e+01 5.94666666666666686e+01 3.52168405786545350e-03 9.58984486293914817e-06
 5.94666666666666686e+01 5.96000000000000014e+01 3.51600896576562171e-03 1.29878025426799130e-05
 5.96000000000000014e+01 5.97333333333333343e+01 3.54655594615797517e-03 1.12430270559427258e-05
 5.97333333333333343e+01 5.98666666666666671e+01 3.55208101803744384e-03 1.06807374659543342e-05
 5.98666666666666671e+01 6.00000000000000000e+01 3.57230898121955543e-03 9.09756979816760566e-06
 6.00000000000000000e+01 6.01333333333333329e+01 3.59246810644474205e-03 1.19074863332476379e-05
 6.01333333333333329e+01 6.02666666666666657e+01 3.59453111461819795e-03 8.98871329815127900e-06
 6.02666666666666657e+01 6.03999999999999986e+01 3.61308555910564745e-03 1.01401477987420437e-05
 6.03999999999999986e+01 6.05333333333333314e+01 3.61877686723173671e-03 9.10506772251845519e-06
 6.05333333333333314e+01 6.06666666666666643e+01 3.65007450326539952e-03 1.00653088953314285e-05
 6.06666666666666643e+01 6.07999999999999972e+01 3.67178864862150811e-03 9.67426263397317748e-06
 6.07999999999999972e+01 6.09333333333333371e+01 3.67952461935125734e-03 9.12558872642119846e-06
 6.09333333333333371e+01 6.10666666666666629e+01 3.71724002155980658e-03 1.19392934857457466e-05
 6.10666666666666629e+01 6.12000000000000028e+01 3.72437831967193300e-03 1.07480340162195484e-05
 6.12000000000000028e+01 6.13333333333333357e+01 3.74451965672191770e-03 1.02006269734054955e-05
 6.13333333333333357e+01 6.14666666666666686e+01 3.74314043351862535e-03 9.36044090579056278e-06
 6.14666666666666686e+01 6.16000000000000014e+01 3.76234342895187838e-03 9.24342866888683302e-06
 6.16000000000000014e+01 6.17333333333333343e+01 3.79583799998827083e-03 1.18132110657078684e-05
 6.17333333333333343e+01 6.18666666666666671e+01 3.80290262308333616e-03 1.16050041507432577e-05
 6.18666666666666671e+01 6.20000000000000000e+01 3.83475283488555682e-03 1.18404399053983295e-05
 6.20000000000000000e+01 6.21333333333333329e+01 3.84014858994315969e-03 1.04093336034998660e-05
 6.21333333333333329e+01 6.22666666666666657e+01 3.87699477897023330e-03 9.71046804258794795e-06
 6.22666666666666657e+01 6.23999999999999986e+01 3.88431556523085491e-03 9.48767623674335231e-06
 6.23999999999999986e+01 6.25333333333333314e+01 3.90042984783895612e-03 9.26890697119054544e-06
 6.25333333333333314e+01 6.26666666666666643e+01 3.90274469614896842e-03 1.23082800794862585e-05
 6.26666666666666643e+01 6.27999999999999972e+01 3.94376326484597792e-03 1.47906756487456197e-05
 6.27999999999999972e+01 6.29333333333333371e+01 3.93442796182909543e-03 1.05272564596087284e-05
 6.29333333333333371e+01 6.30666666666666629e+01 3.97941145230154385e-03 1.15353069940275981e-05
 6.30666666666666629e+01 6.32000000000000028e+01 3.95198771583912291e-03 1.02185397516077406e-05
 6.32000000000000028e+01 6.33333333333333357e+01 3.99942386671375306e-03 1.03043534827913926e-05
 6.33333333333333357e+01 6.34666666666666686e+01 4.00566968221740573e-03 9.20079482776935160e-06
 6.34666666666666686e+01 6.36000000000000014e+01 3.99801940718842643e-03 9.63811549381364489e-06
 6.36000000000000014e+01 6.37333333333333343e+01 4.02767759497311799e-03 9.35394455691184767e-06
 6.37333333333333343e+01 6.38666666666666671e+01 4.05489857788779873e-03 9.38972926155034549e-06
 6.38666666666666671e+01 6.40000000000000000e+01 4.04768784911278823e-03 9.26368853490286432e-06
 6.40000000000000000e+01 6.41333333333333258e+01 4.07441528946052376e-03 1.08779760593478167e-05
 6.41333333333333258e+01 6.42666666666666657e+01 4.06778977643814082e-03 1.15413165181674617e-05
 6.42666666666666657e+01 6.44000000000000057e+01 4.10007230348414294e-03 9.37884368460212984e-06
 6.44000000000000057e+01 6.45333333333333314e+01 4.11573779151233870e-03 1.01340816401969813e-05
 6.45333333333333314e+01 6.46666666666666714e+01 4.14805891372031603e-03 1.06071080684638680e-05
 6.46666666666666714e+01 6.47999999999999972e+01 4.14892474355668152e-03 1.08696796913800091e-05
 6.47999999999999972e+01 6.49333333333333371e+01 4.16449413043875651e-03 1.00684967037076179e-05
 6.49333333333333371e+01 6.50666666666666629e+01 4.17706285277136182e-03 9.85077465396542194e-06
 6.50666666666666629e+01 6.52000000000000028e+01 4.20582953577810538e-03 1.00871234541393523e-05
 6.52000000000000028e+01 6.53333333333333286e+01 4.21057839200730897e-03 9.43262188492292571e-06
 6.53333333333333286e+01 6.54666666666666686e+01 4.20600490082950664e-03 9.45690417473171125e-06
 6.54666666666666686e+01 6.55999999999999943e+01 4.22933153190209986e-03 1.20390368619973813e-05
 6.55999999999999943e+01 6.57333333333333343e+01 4.23008534443175630e-03 1.44521152865279470e-05
 6.57333333333333343e+01 6.58666666666666742e+01 4.26660281593499446e-03 2.03324322340004101e-05
 6.58666666666666742e+01 6.60000000000000000e+01 4.25613101854018135e-03 9.74529956328910241e-06
 6.60000000000000000e+01 6.61333333333333258e+01 4.25322090382280246e-03 9.81274152122589038e-06
 6.61333333333333258e+01 6.62666666666666657e+01 4.28512017212922397e-03 1.03903026755464937e-05
 6.62666666666666657e+01 6.64000000000000057e+01 4.29576787075176478e-03 9.90339323202757932e-06
 6.64000000000000057e+01 6.65333333333333314e+01 4.29799542339171815e-03 9.77657875826643077e-06
 6.65333333333333314e+01 6.66666666666666714e+01 4.33029132983974840e-03 9.74053807645017325e-06
 6.66666666666666714e+01 6.67999999999999972e+01 4.35852337093953299e-03 1.39430452623826804e-05
 6.67999999999999972e+01 6.69333333333333371e+01 4.34555101193067218e-03 9.91931254993018590e-06
 6.69333333333333371e+01 6.70666666666666629e+01 4.36261159359699769e-03 1.19328249272311746e-05
 6.70666666666666629e+01 6.72000000000000028e+01 4.37494290048554262e-03 1.06320345721256536e-05
 6.72000000000000028e+01 6.73333333333333286e+01 4.41265992991225937e-03 1.34899323467336589e-05
 6.73333333333333286e+01 6.74666666666666686e+01 4.40488476681682398e-03 1.13953241171939978e-05
 6.74666666666666686e+01 6.75999999999999943e+01 4.41438893387580220e-03 1.24397825361756518e-05
 6.75999999999999943e+01 6.77333333333333343e+01 4.41234453324439082e-03 9.78599583587084920e-06
 6.77333333333333343e+01 6.78666666666666742e+01 4.47295711217906167e-03 1.15371970717946553e-05
 6.78666666666666742e+01 6.80000000000000000e+01 4.44285523951569276e-03 1.15214127171783671e-05
 6.80000000000000000e+01 6.81333333333333258e+01 4.45092442294575327e-03 1.13873167525133731e-05
 6.81333333333333258e+01 6.82666666666666657e+01 4.45692506380187658e-03 1.05342746651613301e-05
 6.82666666666666657e+01 6.84000000000000057e+01 4.47250963848780381e-03 1.31771528273290485e-05
 6.84000000000000057e+01 6.85333333333333314e+01 4.46204138356885282e-03 9.80106687659520558e-06
 6.85333333333333314e+01 6.86666666666666714e+01 4.48636891510704842e-03 1.12419008526444456e-05
 6.86666666666666714e+01 6.87999999999999972e+01 4.51610764014735364e-03 1.48042665874559637e-05
 6.87999999999999972e+01 6.89333333333333371e+01 4.49736040165371956e-03 9.94833125036297540e-06
 6.89333333333333371e+01 6.90666666666666629e+01 4.51862064253782773e-03 1.04181358635559920e-05
 6.90666666666666629e+01 6.92000000000000028e+01 4.53506481455748321e-03 1.06973362063458168e-05
 6.92000000000000028e+01 6.93333333333333286e+01 4.54448279984918241e-03 1.23079333541251915e-05
 6.93333333333333286e+01 6.94666666666666686e+01 4.56158697803065675e-03 1.19204719698972289e-05
 6.94666666666666686e+01 6.95999999999999943e+01 4.54204825467308809e-03 9.85156644979571418e-06
 6.95999999999999943e+01 6.97333333333333343e+01 4.57992359262186528e-03 1.27863882988029497e-05
 6.97333333333333343e+01 6.98666666666666742e+01 4.57557272074863176e-03 1.02245020552335266e-05
 6.98666666666666742e+01 7.00000000000000000e+01 4.59464846149974099e-03 1.19039004121519017e-05
 7.00000000000000000e+01 7.01333333333333258e+01 4.59853067828087155e-03 1.23252918861947981e-05
 7.01333333333333258e+01 7.02666666666666657e+01 4.62102277953099945e-03 1.19283128771082718e-05
 7.02666666666666657e+01 7.04000000000000057e+01 4.62269401503971524e-03 1.42409588684204443e-05
 7.04000000000000057e+01 7.05333333333333314e+01 4.62179450415854936e-03 1.13572903606565304e-05
 7.05333333333333314e+01 7.06666666666666714e+01 4.62337211944631368e-03 1.37694143765207079e-05
 7.06666666666666714e+01 7.07999999999999972e+01 4.63059342311814264e-03 1.19639816708936104e-05
 7.07999999999999972e+01 7.09333333333333371e+01 4.64510477109180905e-03 1.04218980475627216e-05
 7.09333333333333371e+01 7.10666666666666629e+01 4.65869485964090675e-03 1.07679719140809683e-05
 7.10666666666666629e+01 7.12000000000000028e+01 4.66824805866975379e-03 1.03341871012757463e-05
 7.12000000000000028e+01 7.13333333333333286e+01 4.66567490876038538e-03 1.15137731738357460e-05
 7.13333333333333286e+01 7.14666666666666686e+01 4.66425404451820992e-03 9.93610767998252100e-06
 7.14666666666666686e+01 7.15999999999999943e+01 4.67423581167315545e-03 1.13561066919320423e-05
 7.15999999999999943e+01 7.17333333333333343e+01 4.67750512013406870e-03 1.04758420195904241e-05
 7.17333333333333343e+01 7.18666666666666742e+01 4.69997707874065217e-03 1.22237526424400706e-05
 7.18666666666666742e+01 7.20000000000000000e+01 4.68423278969226468e-03 1.01638185427547891e-05
 7.20000000000000000e+01 7.21333333333333258e+01 4.68205094596347605e-03 1.04926121854803115e-05
 7.21333333333333258e+01 7.22666666666666657e+01 4.71073489721245391e-03 1.11338375872529851e-05
 7.22666666666666657e+01 7.24000000000000057e+01 4.72518881753057791e-03 1.38953681264381411e-05
 7.24000000000000057e+01 7.25333333333333314e+01 4.70800319162791112e-03 1.21344981542857808e-05
 7.25333333333333314e+01 7.26666666666666714e+01 4.73134056118096162e-03 1.06837251824544365e-05
 7.26666666666666714e+01 7.27999999999999972e+01 4.73261674613034266e-03 1.07498056732867491e-05
 7.27999999999999972e+01 7.29333333333333371e+01 4.75485506938404245e-03 1.05509027561344482e-05
 7.29333333333333371e+01 7.30666666666666629e+01 4.74247357541446573e-03 1.14333067015334299e-05
 7.30666666666666629e+01 7.32000000000000028e+01 4.73302763263141590e-03 1.09825862278106993e-05
 7.32000000000000028e+01 7.33333333333333286e+01 4.73774181703860101e-03 1.09416101013080554e-05
 7.33333333333333286e+01 7.34666666666666686e+01 4.77740487284449272e-03 1.50284433979918381e-05
 7.34666666666666686e+01 7.35999999999999943e+01 4.78124356760207137e-03 1.35186779176010174e-05
 7.35999999999999943e+01 7.37333333333333343e+01 4.77623736711423399e-03 1.04535039186516707e-05
 7.37333333333333343e+01 7.38666666666666742e+01 4.78403957992241599e-03 1.15605943017612669e-05
 7.38666666666666742e+01 7.40000000000000000e+01 4.77723847180219156e-03 1.25711698971769515e-05
 7.40000000000000000e+01 7.41333333333333258e+01 4.79427744689452096e-03 1.32007038137824457e-05
 7.41333333333333258e+01 7.42666666666666657e+01 4.79166128684784670e-03 1.05518561257926252e-05
 7.42666666666666657e+01 7.44000000000000057e+01 4.79351116097549799e-03 9.94474694857643842e-06
 7.44000000000000057e+01 7.45333333333333314e+01 4.78925316874043855e-03 1.04590759204014193e-05
 7.45333333333333314e+01 7.46666666666666714e+01 4.81367439401227722e-03 1.05189687399362795e-05
 7.46666666666666714e+01 7.47999999999999972e+01 4.80995243236536241e-03 1.07565094991507787e-05
 7.47999999999999972e+01 7.49333333333333371e+01 4.81355663688487305e-03 9.93682857911884794e-06
 7.49333333333333371e+01 7.50666666666666629e+01 4.81097776182577101e-03 1.05924338703056119e-05
 7.50666666666666629e+01 7.52000000000000028e+01 4.81386095579489689e-03 1.00090567735341146e-05
 7.52000000000000028e+01 7.53333333333333286e+01 4.83203871344329780e-03 1.58357567781264050e-05
 7.53333333333333286e+01 7.54666666666666686e+01 4.82038431044433478e-03 1.04683560239847366e-05
 7.54666666666666686e+01 7.55999999999999943e+01 4.84301980117302425e-03 1.07972881971222254e-05
 7.55999999999999943e+01 7.57333333333333343e+01 4.83566839821653570e-03 1.07050245715129457e-05
 7.57333333333333343e+01 7.58666666666666742e+01 4.83813109110621097e-03 1.63857073975886702e-05
 7.58666666666666742e+01 7.60000000000000000e+01 4.84094701651736816e-03 1.20266875200980949e-05
 7.60000000000000000e+01 7.61333333333333258e+01 4.84280339002632430e-03 1.16796258382890270e-05
 7.61333333333333258e+01 7.62666666666666657e+01 4.84194998302995856e-03 1.23174233508988716e-05
 7.62666666666666657e+01 7.64000000000000057e+01 4.85783219845442853e-03 1.17131290628934913e-05
 7.64000000000000057e+01 7.65333333333333314e+01 4.84967979347231039e-03 1.05703232042263833e-05
 7.65333333333333314e+01 7.66666666666666714e+01 4.84881167746670661e-03 1.13347384728894184e-05
 7.66666666666666714e+01 7.67999999999999972e+01 4.85365441069711846e-03 1.05629420434891110e-05
 7.67999999999999972e+01 7.69333333333333371e+01 4.84257462189885846e-03 1.12721436730413949e-05
 7.69333333333333371e+01 7.70666666666666629e+01 4.85252492047788878e-03 9.75168424964961846e-06
 7.70666666666666629e+01 7.72000000000000028e+01 4.86721790033794056e-03 1.08221470673104467e-05
 7.72000000000000028e+01 7.73333333333333286e+01 4.85062086919753159e-03 1.08222333722171884e-05
 7.73333333333333286e+01 7.74666666666666686e+01 4.87472323983466609e-03 1.20628365339092316e-05
 7.74666666666666686e+01 7.75999999999999943e+01 4.87357513572623906e-03 1.02043412743613733e-05
 7.75999999999999943e+01 7.77333333333333343e+01 4.87047854891217886e-03 1.04366595385046105e-05
 7.77333333333333343e+01 7.78666666666666742e+01 4.86964332007733952e-03 1.12680034515941143e-05
 7.78666666666666742e+01 7.80000000000000000e+01 4.86991423862251881e-03 2.04721742048183222e-05
 7.80000000000000000e+01 7.81333333333333258e+01 4.87156330204210203e-03 1.06185476423328008e-05
 7.81333333333333258e+01 7.82666666666666657e+01 4.87582204924525819e-03 1.09236770758996194e-05
 7.82666666666666657e+01 7.84000000000000057e+01 4.88044320620062248e-03 1.04185611865575350e-05
 7.84000000000000057e+01 7.85333333333333314e+01 4.87320041226097563e-03 1.29934711646131242e-05
 7.85333333333333314e+01 7.86666666666666714e+01 4.85839287800322352e-03 1.14330929201325281e-05
 7.86666666666666714e+01 7.87999999999999972e+01 4.87243472276241776e-03 1.11978720078502218e-05
 7.87999999999999972e+01 7.89333333333333371e+01 4.89943502303027533e-03 1.18064462362937542e-05
 7.89333333333333371e+01 7.90666666666666629e+01 4.85483301080096886e-03 1.09310875094207362e-05
 7.90666666666666629e+01 7.92000000000000028e+01 4.87041931202893737e-03 1.37419772147631577e-05
 7.92000000000000028e+01 7.93333333333333286e+01 4.87783530758315043e-03 1.08049828773855376e-05
 7.93333333333333286e+01 7.94666666666666686e+01 4.87882546006930366e-03 1.09316520417918003e-05
 7.94666666666666686e+01 7.95999999999999943e+01 4.88493197109383243e-03 1.15961326046149907e-05
 7.95999999999999943e+01 7.97333333333333343e+01 4.87547466050257741e-03 1.04429706179345800e-05
 7.97333333333333343e+01 7.98666666666666742e+01 4.87128703028858953e-03 1.07591181209320078e-05
 7.98666666666666742e+01 8.00000000000000000e+01 4.84715472554168164e-03 1.14811257859620083e-05
 8.00000000000000000e+01 8.01333333333333258e+01 4.88667776050145854e-03 1.44240160955401579e-05
 8.01333333333333258e+01 8.02666666666666657e+01 4.85610823962431999e-03 1.04662453000119934e-05
 8.02666666666666657e+01 8.04000000000000057e+01 4.87620734861470354e-03 1.07371426685844615e-05
 8.04000000000000057e+01 8.05333333333333314e+01 4.88439994013211125e-03 1.14061335907239057e-05
 8.05333333333333314e+01 8.06666666666666714e+01 4.89021311201241586e-03 1.80371269613308599e-05
 8.06666666666666714e+01 8.07999999999999972e+01 4.88001780524377222e-03 1.57960590679461749e-05
 8.07999999999999972e+01 8.09333333333333371e+01 4.86844796950816443e-03 1.04171665306049123e-05
 8.09333333333333371e+01 8.10666666666666629e+01 4.87592377445153664e-03 1.14614693912152420e-05
 8.10666666666666629e+01 8.12000000000000028e+01 4.85033642186557309e-03 1.10347538293291755e-05
 8.12000000000000028e+01 8.13333333333333286e+01 4.87653840788566158e-03 1.17628571556522156e-05
 8.13333333333333286e+01 8.14666666666666686e+01 4.85614040516715167e-03 1.10144876651166354e-05
 8.14666666666666686e+01 8.15999999999999943e+01 4.85685209675927859e-03 1.09371510259228879e-05
 8.15999999999999943e+01 8.17333333333333343e+01 4.86327035716542164e-03 1.55580957998576089e-05
 8.17333333333333343e+01 8.18666666666666742e+01 4.85757873357110879e-03 1.15324338245755426e-05
 8.18666666666666742e+01 8.20000000000000000e+01 4.83594966522165551e-03 1.20764799156450516e-05
 8.20000000000000000e+01 8.21333333333333258e+01 4.83837231981452173e-03 1.06178526525635228e-05
 8.21333333333333258e+01 8.22666666666666657e+01 4.85329534140038071e-03 1.08866491322038800e-05
 8.22666666666666657e+01 8.24000000000000057e+01 4.84013439850477633e-03 1.05973261769476700e-05
 8.24000000000000057e+01 8.25333333333333314e+01 4.85161061510249597e-03 1.11717406140391027e-05
 8.25333333333333314e+01 8.26666666666666572e+01 4.85595587353371445e-03 1.15440117473382468e-05
 8.26666666666666572e+01 8.27999999999999972e+01 4.83327150174229277e-03 1.00525972934094425e-05
 8.27999999999999972e+01 8.29333333333333371e+01 4.83104880577696436e-03 1.24562123239754154e-05
 8.29333333333333371e+01 8.30666666666666629e+01 4.86575252625592869e-03 1.45141784664831606e-05
 8.30666666666666629e+01 8.32000000000000028e+01 4.83724417850243255e-03 1.41614732420927035e-05
 8.32000000000000028e+01 8.33333333333333428e+01 4.82381889259948706e-03 1.03007690548306940e-05
 8.33333333333333428e+01 8.34666666666666686e+01 4.82825684747117262e-03 1.11148314948316762e-05
 8.34666666666666686e+01 8.35999999999999943e+01 4.82851884002209741e-03 1.07389931722228410e-05
 8.35999999999999943e+01 8.37333333333333343e+01 4.82957685831701677e-03 2.23572540445415911e-05
 8.37333333333333343e+01 8.38666666666666742e+01 4.81980796459771481e-03 1.50095366621469893e-05
 8.38666666666666742e+01 8.40000000000000000e+01 4.80668895621071731e-03 1.27428660513966784e-05
 8.40000000000000000e+01 8.41333333333333258e+01 4.81803150679634314e-03 1.07875681985055701e-05
 8.41333333333333258e+01 8.42666666666666657e+01 4.80111503709360499e-03 1.04845500522630673e-05
 8.42666666666666657e+01 8.44000000000000057e+01 4.79308082088548276e-03 1.21638396451438728e-05
 8.44000000000000057e+01 8.45333333333333314e+01 4.77827032463086412e-03 1.10944975336736983e-05
 8.45333333333333314e+01 8.46666666666666572e+01 4.77519822929782425e-03 1.14675982181156117e-05
 8.46666666666666572e+01 8.47999999999999972e+01 4.80500523966173598e-03 1.33625460192333353e-05
 8.47999999999999972e+01 8.49333333333333371e+01 4.78344009474418203e-03 1.16909908068394192e-05
 8.49333333333333371e+01 8.50666666666666629e+01 4.79348771711892319e-03 1.36475587360559150e-05
 8.50666666666666629e+01 8.52000000000000028e+01 4.77473465047866062e-03 1.06684630350751363e-05
 8.52000000000000028e+01 8.53333333333333428e+01 4.75738281819020926e-03 1.23147445546373902e-05
 8.53333333333333428e+01 8.54666666666666686e+01 4.76165595840174604e-03 1.26681104450243755e-05
 8.54666666666666686e+01 8.55999999999999943e+01 4.77381328593517226e-03 1.46845373629438933e-05
 8.55999999999999943e+01 8.57333333333333343e+01 4.74639924426947628e-03 1.05743724641510988e-05
 8.57333333333333343e+01 8.58666666666666742e+01 4.76451233333910658e-03 1.77129220029007097e-05
 8.58666666666666742e+01 8.60000000000000000e+01 4.75150724421508422e-03 1.22304409633384450e-05
 8.60000000000000000e+01 8.61333333333333258e+01 4.73688003047831232e-03 1.08995807137041271e-05
 8.61333333333333258e+01 8.62666666666666657e+01 4.73593837183115211e-03 1.58794451267271697e-05
 8.62666666666666657e+01 8.64000000000000057e+01 4.70937154303320820e-03 1.13784849243785233e-05
 8.64000000000000057e+01 8.65333333333333314e+01 4.71751620411864185e-03 1.29315182927216598e-05
 8.65333333333333314e+01 8.66666666666666572e+01 4.71352239403773424e-03 1.06131410228673033e-05
 8.66666666666666572e+01 8.67999999999999972e+01 4.70231317356132033e-03 1.06817762446470381e-05
 8.67999999999999972e+01 8.69333333333333371e+01 4.69520144018052265e-03 1.04197506403884784e-05
 8.69333333333333371e+01 8.70666666666666629e+01 4.70715915081405551e-03 1.65873494436637624e-05
 8.70666666666666629e+01 8.72000000000000028e+01 4.68505617817117827e-03 1.08613531358333938e-05
 8.72000000000000028e+01 8.73333333333333428e+01 4.68451855983943212e-03 1.09032131151957454e-05
 8.73333333333333428e+01 8.74666666666666686e+01 4.66403494102333310e-03 1.24253728564647486e-05
 8.74666666666666686e+01 8.75999999999999943e+01 4.66712339384547752e-03 1.07214774736761124e-05
 8.75999999999999943e+01 8.77333333333333343e+01 4.66819079531128993e-03 1.35851473763302773e-05
 8.77333333333333343e+01 8.78666666666666742e+01 4.65728665176361363e-03 1.13106425735443380e-05
 8.78666666666666742e+01 8.80000000000000000e+01 4.66080700867960510e-03 1.29112403549819388e-05
 8.80000000000000000e+01 8.81333333333333258e+01 4.62765544557063035e-03 1.14765633235724880e-05
 8.81333333333333258e+01 8.82666666666666657e+01 4.64821115162075520e-03 1.68479479169818669e-05
 8.82666666666666657e+01 8.84000000000000057e+01 4.65333387904889699e-03 1.09114910382136178e-05
 8.84000000000000057e+01 8.85333333333333314e+01 4.63102786682558550e-03 1.44184677290925869e-05
 8.85333333333333314e+01 8.86666666666666572e+01 4.59166414828674971e-03 1.18577920957309403e-05
 8.86666666666666572e+01 8.87999999999999972e+01 4.58992051608768294e-03 1.19078421913980699e-05
 8.87999999999999972e+01 8.89333333333333371e+01 4.59416889587739054e-03 1.08408834659919487e-05
 8.89333333333333371e+01 8.90666666666666629e+01 4.59878786131631603e-03 1.22324304377305356e-05
 8.90666666666666629e+01 8.92000000000000028e+01 4.58252654532613143e-03 1.05017018191762825e-05
 8.92000000000000028e+01 8.93333333333333428e+01 4.57508490459439601e-03 1.07928346417366696e-05
 8.93333333333333428e+01 8.94666666666666686e+01 4.58282784910465056e-03 1.75421378691052034e-05
 8.94666666666666686e+01 8.95999999999999943e+01 4.57803738801217282e-03 1.32158065349192916e-05
 8.95999999999999943e+01 8.97333333333333343e+01 4.54647364935526713e-03 1.06100739268349313e-05
 8.97333333333333343e+01 8.98666666666666742e+01 4.54742244797230483e-03 1.08277591968068646e-05
 8.98666666666666742e+01 9.00000000000000000e+01 4.52849748647227331e-03 1.07170795552108154e-05
 9.00000000000000000e+01 9.01333333333333258e+01 4.54048617581479658e-03 1.05415883293878703e-05
 9.01333333333333258e+01 9.02666666666666657e+01 4.50961453178936027e-03 1.06919921490852205e-05
 9.02666666666666657e+01 9.04000000000000057e+01 4.48901294973263858e-03 1.01356220654065545e-05
 9.04000000000000057e+01 9.05333333333333314e+01 4.47973318229968887e-03 1.02893340320348585e-05
 9.05333333333333314e+01 9.06666666666666572e+01 4.51110650856273616e-03 1.52889713599667929e-05
 9.06666666666666572e+01 9.07999999999999972e+01 4.46777605103859752e-03 1.05918292297406973e-05
 9.07999999999999972e+01 9.09333333333333371e+01 4.47215126723944732e-03 1.17042152869911440e-05
 9.09333333333333371e+01 9.10666666666666629e+01 4.44670675406140959e-03 1.04147085614812990e-05
 9.10666666666666629e+01 9.12000000000000028e+01 4.45730603911355730e-03 1.09228678749120980e-05
 9.12000000000000028e+01 9.13333333333333428e+01 4.44750857720115165e-03 1.02932095156189006e-05
 9.13333333333333428e+01 9.14666666666666686e+01 4.43560055457952167e-03 1.68039950129512321e-05
 9.14666666666666686e+01 9.15999999999999943e+01 4.42800877083281749e-03 1.07310052097512022e-05
 9.15999999999999943e+01 9.17333333333333343e+01 4.42720021857213094e-03 1.44743906656120484e-05
 9.17333333333333343e+01 9.18666666666666742e+01 4.42140045129696662e-03 1.13294240551215425e-05
 9.18666666666666742e+01 9.20000000000000000e+01 4.37624410686683618e-03 1.03006334039470204e-05
 9.20000000000000000e+01 9.21333333333333258e+01 4.38373559792783109e-03 1.15259927386950083e-05
 9.21333333333333258e+01 9.22666666666666657e+01 4.38088864223842682e-03 1.04731236784184972e-05
 9.22666666666666657e+01 9.24000000000000057e+01 4.37774938900118999e-03 1.57439315082981748e-05
 9.24000000000000057e+01 9.25333333333333314e+01 4.35990395502330267e-03 1.22451996556956752e-05
 9.25333333333333314e+01 9.26666666666666572e+01 4.34645509479342565e-03 1.11499940120018659e-05
 9.26666666666666572e+01 9.27999999999999972e+01 4.33507877469241614e-03 1.48950506028861787e-05
 9.27999999999999972e+01 9.29333333333333371e+01 4.33585178941247717e-03 1.08944008296876677e-05
 9.29333333333333371e+01 9.30666666666666629e+01 4.32428745574828764e-03 1.10372818422312885e-05
 9.30666666666666629e+01 9.32000000000000028e+01 4.30417558776038933e-03 1.15533865787894478e-05
 9.32000000000000028e+01 9.33333333333333428e+01 4.28362796612506615e-03 1.03186580113682648e-05
 9.33333333333333428e+01 9.34666666666666686e+01 4.31247433845599343e-03 1.30568560449806902e-05
 9.34666666666666686e+01 9.35999999999999943e+01 4.27766030481832767e-03 1.80945874235785127e-05
 9.35999999999999943e+01 9.37333333333333343e+01 4.25800075799148692e-03 1.04381863992610833e-05
 9.37333333333333343e+01 9.38666666666666742e+01 4.25300591706433140e-03 1.05260630575836845e-05
 9.38666666666666742e+01 9.40000000000000000e+01 4.24943650834918793e-03 1.10863105110508607e-05
 9.40000000000000000e+01 9.41333333333333258e+01 4.23158985763352497e-03 1.15461227229660067e-05
 9.41333333333333258e+01 9.42666666666666657e+01 4.21812262390902810e-03 1.06766263443010815e-05
 9.42666666666666657e+01 9.44000000000000057e+01 4.20563191022128510e-03 1.25349027415965811e-05
 9.44000000000000057e+01 9.45333333333333314e+01 4.17932364299043214e-03 1.14555353924302558e-05
 9.45333333333333314e+01 9.46666666666666572e+01 4.18619475819135157e-03 1.10343555050735873e-05
 9.46666666666666572e+01 9.47999999999999972e+01 4.16340959258245952e-03 9.85034475316167781e-06
 9.47999999999999972e+01 9.49333333333333371e+01 4.17122491174853286e-03 1.17093174951506189e-05
 9.49333333333333371e+01 9.50666666666666629e+01 4.14937801680507080e-03 9.91722313737416332e-06
 9.50666666666666629e+01 9.52000000000000028e+01 4.15230441777371395e-03 1.08944308345735710e-05
 9.52000000000000028e+01 9.53333333333333428e+01 4.12242068781681816e-03 9.91275969921355205e-06
 9.53333333333333428e+01 9.54666666666666686e+01 4.12563057686653190e-03 1.09969424318298695e-05
 9.54666666666666686e+01 9.55999999999999943e+01 4.11291069233416483e-03 1.68839959076568361e-05
 9.55999999999999943e+01 9.57333333333333343e+01 4.12812189036337006e-03 1.54878421969820275e-05
 9.57333333333333343e+01 9.58666666666666742e+01 4.06567732313411513e-03 1.10040085571151808e-05
 9.58666666666666742e+01 9.60000000000000000e+01 4.07615677183740567e-03 1.30841700234054724e-05
 9.60000000000000000e+01 9.61333333333333258e+01 4.05804967729029697e-03 1.22139964748815300e-05
 9.61333333333333258e+01 9.62666666666666657e+01 4.03865121057348907e-03 1.06866797708726792e-05
 9.62666666666666657e+01 9.64000000000000057e+01 4.04395291383916316e-03 1.04241077119874807e-05
 9.64000000000000057e+01 9.65333333333333314e+01 4.01059259770417120e-03 1.02788307413361046e-05
 9.65333333333333314e+01 9.66666666666666572e+01 4.01963607091555038e-03 1.34108766647890009e-05
 9.66666666666666572e+01 9.67999999999999972e+01 4.00699066957652811e-03 9.92278921334253318e-06
 9.67999999999999972e+01 9.69333333333333371e+01 3.98587850443723329e-03 1.00479705396172559e-05
 9.69333333333333371e+01 9.70666666666666629e+01 3.96498089262950059e-03 9.88643031887256758e-06
 9.70666666666666629e+01 9.72000000000000028e+01 3.98022794632829635e-03 1.62406744844712828e-05
 9.72000000000000028e+01 9.73333333333333428e+01 3.95365943227282083e-03 1.11002261718120685e-05
 9.73333333333333428e+01 9.74666666666666686e+01 3.95250452801716983e-03 1.13554728197346848e-05
 9.74666666666666686e+01 9.75999999999999943e+01 3.93058655558964874e-03 1.03730228915974400e-05
 9.75999999999999943e+01 9.77333333333333343e+01 3.93828083465375730e-03 1.97727173771346345e-05
 9.77333333333333343e+01 9.78666666666666742e+01 3.88794778662016451e-03 9.58255996896412255e-06
 9.78666666666666742e+01 9.80000000000000000e+01 3.89814852262267012e-03 1.02550864951933566e-05
 9.80000000000000000e+01 9.81333333333333258e+01 3.87547755978659512e-03 1.09143980440929214e-05
 9.81333333333333258e+01 9.82666666666666657e+01 3.84973339933082593e-03 9.92452837966158625e-06
 9.82666666666666657e+01 9.84000000000000057e+01 3.83012791784903810e-03 9.77053417560700655e-06
 9.84000000000000057e+01 9.85333333333333314e+01 3.84642962486431107e-03 1.41919089199373363e-05
 9.85333333333333314e+01 9.86666666666666572e+01 3.81279024924179684e-03 9.84576197314175165e-06
 9.86666666666666572e+01 9.87999999999999972e+01 3.81036942613961543e-03 1.12335929167405978e-05
 9.87999999999999972e+01 9.89333333333333371e+01 3.79865980112651606e-03 1.19861746056033236e-05
 9.89333333333333371e+01 9.90666666666666629e+01 3.77957579621951293e-03 1.07655176819556215e-05
 9.90666666666666629e+01 9.92000000000000028e+01 3.76254578839439920e-03 1.01566000807457623e-05
 9.92000000000000028e+01 9.93333333333333428e+01 3.75240663880581533e-03 1.05924718152319063e-05
 9.93333333333333428e+01 9.94666666666666686e+01 3.75358117923235658e-03 1.34246552427142712e-05
 9.94666666666666686e+01 9.95999999999999943e+01 3.72084748652161705e-03 9.68850458578610722e-06
 9.95999999999999943e+01 9.97333333333333343e+01 3.70845737377526602e-03 1.19126609986808481e-05
 9.97333333333333343e+01 9.98666666666666742e+01 3.70647299673374083e-03 1.03730586285894258e-05
 9.98666666666666742e+01 1.00000000000000000e+02 3.69287533226989343e-03 1.07071532352833448e-05
 1.00000000000000000e+02 1.00133333333333326e+02 3.66467742635538966e-03 1.02781640552307265e-05
 1.00133333333333326e+02 1.00266666666666666e+02 3.65714917341165369e-03 1.00721669316747883e-05
 1.00266666666666666e+02 1.00400000000000006e+02 3.63845410723748859e-03 1.05659942693808806e-05
 1.00400000000000006e+02 1.00533333333333331e+02 3.63798796632338250e-03 1.16912895592989951e-05
 1.00533333333333331e+02 1.00666666666666657e+02 3.62720350278578898e-03 1.12235715777032374e-05
 1.00666666666666657e+02 1.00799999999999997e+02 3.60554210521227226e-03 9.77138343398668972e-06
 1.00799999999999997e+02 1.00933333333333337e+02 3.59093149263829681e-03 1.16825728361599604e-05
 1.00933333333333337e+02 1.01066666666666663e+02 3.57003120278059872e-03 9.87461937571245207e-06
 1.01066666666666663e+02 1.01200000000000003e+02 3.56320475203239419e-03 9.99088463412478435e-06
 1.01200000000000003e+02 1.01333333333333343e+02 3.53159943477138845e-03 9.73756635942676929e-06
 1.01333333333333343e+02 1.01466666666666669e+02 3.55526113678356201e-03 9.76167157944112670e-06
 1.01466666666666669e+02 1.01599999999999994e+02 3.51018179752023369e-03 1.00070287954114450e-05
 1.01599999999999994e+02 1.01733333333333334e+02 3.47762426754772607e-03 9.49999785618965528e-06
 1.01733333333333334e+02 1.01866666666666674e+02 3.48255587282317357e-03 9.82061829248389501e-06
 1.01866666666666674e+02 1.02000000000000000e+02 3.48050322171337880e-03 1.01941974136528866e-05
 1.02000000000000000e+02 1.02133333333333326e+02 3.44458023668432669e-03 9.48857410529319333e-06
 1.02133333333333326e+02 1.02266666666666666e+02 3.43721172363688470e-03 9.82179259645305035e-06
 1.02266666666666666e+02 1.02400000000000006e+02 3.44154985024404001e-03 1.10002065012484652e-05
 1.02400000000000006e+02 1.02533333333333331e+02 3.41643578467192141e-03 1.01784895783048049e-05
 1.02533333333333331e+02 1.02666666666666657e+02 3.39727155336401118e-03 9.90694571300621562e-06
 1.02666666666666657e+02 1.02799999999999997e+02 3.40034717629500872e-03 1.25446064043067251e-05
 1.02799999999999997e+02 1.02933333333333337e+02 3.37723997081999837e-03 1.08126989298278397e-05
 1.02933333333333337e+02 1.03066666666666663e+02 3.37333815749563722e-03 1.04752669049851947e-05
 1.03066666666666663e+02 1.03200000000000003e+02 3.35682958637411938e-03 1.00779363814637161e-05
 1.03200000000000003e+02 1.03333333333333343e+02 3.31310490657399197e-03 9.35863862831439788e-06
 1.03333333333333343e+02 1.03466666666666669e+02 3.30544274184946859e-03 9.68713132620488403e-06
 1.03466666666666669e+02 1.03599999999999994e+02 3.32066837929841617e-03 1.08199275989338952e-05
 1.03599999999999994e+02 1.03733333333333334e+02 3.29962900945051383e-03 1.09476947678382251e-05
 1.03733333333333334e+02 1.03866666666666674e+02 3.26644275122687285e-03 9.60539648403837221e-06
 1.03866666666666674e+02 1.04000000000000000e+02 3.25823689176363328e-03 1.10057880039205202e-05
 1.04000000000000000e+02 1.04133333333333326e+02 3.23877046260861003e-03 9.82156808844054817e-06
 1.04133333333333326e+02 1.04266666666666666e+02 3.21954006261992434e-03 1.40187886320864793e-05
 1.04266666666666666e+02 1.04400000000000006e+02 3.23285707763935675e-03 1.48378581785951715e-05
 1.04400000000000006e+02 1.04533333333333331e+02 3.21047884176411426e-03 1.01513351852171061e-05
 1.04533333333333331e+02 1.04666666666666657e+02 3.18306385500244371e-03 9.79826950836066980e-06
 1.04666666666666657e+02 1.04799999999999997e+02 3.16298257449596854e-03 1.06413930394856812e-05
 1.04799999999999997e+02 1.04933333333333337e+02 3.15597918367252483e-03 9.11391863180766246e-06
 1.04933333333333337e+02 1.05066666666666663e+02 3.13725360196628021e-03 1.08465585669090657e-05
 1.05066666666666663e+02 1.05200000000000003e+02 3.12252345484671269e-03 1.01308859558703253e-05
 1.05200000000000003e+02 1.05333333333333343e+02 3.12056678716721375e-03 1.11924095014638787e-05
 1.05333333333333343e+02 1.05466666666666669e+02 3.11060089342518218e-03 9.78854163262624004e-06
 1.05466666666666669e+02 1.05599999999999994e+02 3.07825244610123849e-03 1.11290286103160914e-05
 1.05599999999999994e+02 1.05733333333333334e+02 3.06512402204493512e-03 1.24502057102664592e-05
 1.05733333333333334e+02 1.05866666666666674e+02 3.03157126254891603e-03 9.13605054577343355e-06
 1.05866666666666674e+02 1.06000000000000000e+02 3.02999917098444775e-03 1.01368644546822489e-05
 1.06000000000000000e+02 1.06133333333333326e+02 3.00140335463455104e-03 9.45117633842456993e-06
 1.06133333333333326e+02 1.06266666666666666e+02 3.00532393048673482e-03 1.03692687759069282e-05
 1.06266666666666666e+02 1.06400000000000006e+02 2.98420954710581533e-03 9.75204476180385124e-06
 1.06400000000000006e+02 1.06533333333333331e+02 2.96010392791979044e-03 9.51973184549786383e-06
 1.06533333333333331e+02 1.06666666666666657e+02 2.96632628409666159e-03 1.00547049091722225e-05
 1.06666666666666657e+02 1.06799999999999997e+02 2.93668213254350561e-03 9.24489006399941190e-06
 1.06799999999999997e+02 1.06933333333333337e+02 2.91017252731582418e-03 9.13506723366434492e-06
 1.06933333333333337e+02 1.07066666666666663e+02 2.89167864032786057e-03 9.19183882591649509e-06
 1.07066666666666663e+02 1.07200000000000003e+02 2.89449465903417495e-03 9.96947812503386031e-06
 1.07200000000000003e+02 1.07333333333333343e+02 2.86823002936651512e-03 9.58276669178856179e-06
 1.07333333333333343e+02 1.07466666666666669e+02 2.85710268619305228e-03 9.36441221416679785e-06
 1.07466666666666669e+02 1.07599999999999994e+02 2.83406036520922767e-03 1.09855424773412873e-05
 1.07599999999999994e+02 1.07733333333333334e+02 2.81753539461187781e-03 8.52416721353707905e-06
 1.07733333333333334e+02 1.07866666666666674e+02 2.80449633666781349e-03 1.00030562673964265e-05
 1.07866666666666674e+02 1.08000000000000000e+02 2.78190304715431784e-03 8.97007390359784325e-06
 1.08000000000000000e+02 1.08133333333333326e+02 2.77180508621073735e-03 9.87660951160293404e-06
 1.08133333333333326e+02 1.08266666666666666e+02 2.75365475562659810e-03 8.69852645144825677e-06
 1.08266666666666666e+02 1.08400000000000006e+02 2.73683192976869856e-03 9.06261396028214592e-06
 1.08400000000000006e+02 1.08533333333333331e+02 2.71816183632711626e-03 8.60321547217014294e-06
 1.08533333333333331e+02 1.08666666666666657e+02 2.71956178161033213e-03 9.29756299868520938e-06
 1.08666666666666657e+02 1.08799999999999997e+02 2.70179220610950030e-03 1.06639344557263170e-05
 1.08799999999999997e+02 1.08933333333333337e+02 2.68425102963474336e-03 9.00335321764915173e-06
 1.08933333333333337e+02 1.09066666666666663e+02 2.66243180026910515e-03 9.66239809803152625e-06
 1.09066666666666663e+02 1.09200000000000003e+02 2.64239030088740537e-03 9.05264571843518899e-06
 1.09200000000000003e+02 1.09333333333333343e+02 2.63014574703057235e-03 1.00779718728951837e-05
 1.09333333333333343e+02 1.09466666666666669e+02 2.62670719923626924e-03 1.19998383117148454e-05
 1.09466666666666669e+02 1.09599999999999994e+02 2.59974400540116321e-03 8.66701662312139426e-06
 1.09599999999999994e+02 1.09733333333333334e+02 2.59461177211968083e-03 9.06847690135615071e-06
 1.09733333333333334e+02 1.09866666666666674e+02 2.58484535166925242e-03 1.15321256339895626e-05
 1.09866666666666674e+02 1.10000000000000000e+02 2.56956556599638106e-03 1.87082220631052201e-05
 1.10000000000000000e+02 1.10133333333333326e+02 2.53603852526418719e-03 8.86766853027582252e-06
 1.10133333333333326e+02 1.10266666666666666e+02 2.53264681796141903e-03 1.22683056699021875e-05
 1.10266666666666666e+02 1.10400000000000006e+02 2.49370692101436638e-03 1.30888504428243619e-05
 1.10400000000000006e+02 1.10533333333333331e+02 2.49453694082934791e-03 8.97937202201902044e-06
 1.10533333333333331e+02 1.10666666666666657e+02 2.46722092983245713e-03 8.70712924773039898e-06
 1.10666666666666657e+02 1.10799999999999997e+02 2.45682832018730190e-03 8.29506419662355318e-06
 1.10799999999999997e+02 1.10933333333333337e+02 2.45813687436712957e-03 9.17733745892465540e-06
 1.10933333333333337e+02 1.11066666666666663e+02 2.43989353909281493e-03 8.72290833660310155e-06
 1.11066666666666663e+02 1.11200000000000003e+02 2.41738403386248298e-03 9.40037463913026672e-06
 1.11200000000000003e+02 1.11333333333333343e+02 2.40096449390492369e-03 8.30484209063728270e-06
 1.11333333333333343e+02 1.11466666666666669e+02 2.38048701907016746e-03 8.90053564416740068e-06
 1.11466666666666669e+02 1.11599999999999994e+02 2.36562234240667848e-03 8.93167249987892273e-06
 1.11599999999999994e+02 1.11733333333333334e+02 2.34792582331446158e-03 8.55804999816267728e-06
 1.11733333333333334e+02 1.11866666666666674e+02 2.33685017735162830e-03 8.49590870355417656e-06
 1.11866666666666674e+02 1.12000000000000000e+02 2.32039154020162236e-03 8.80674082434546214e-06
 1.12000000000000000e+02 1.12133333333333326e+02 2.30467484988670099e-03 9.25341644351012626e-06
 1.12133333333333326e+02 1.12266666666666666e+02 2.28463085292717740e-03 8.74357650342151961e-06
 1.12266666666666666e+02 1.12400000000000006e+02 2.28203095621337540e-03 9.20882423468742850e-06
 1.12400000000000006e+02 1.12533333333333331e+02 2.26481212651342273e-03 8.25136815984112374e-06
 1.12533333333333331e+02 1.12666666666666657e+02 2.25406027513115311e-03 9.94752614007019320e-06
 1.12666666666666657e+02 1.12799999999999997e+02 2.23257583658801511e-03 8.26055712934094089e-06
 1.12799999999999997e+02 1.12933333333333337e+02 2.20167567516567396e-03 9.51832394494014688e-06
 1.12933333333333337e+02 1.13066666666666663e+02 2.19912491290550401e-03 8.49035914456284755e-06
 1.13066666666666663e+02 1.13200000000000003e+02 2.19532866140299690e-03 9.79539732272388588e-06
 1.13200000000000003e+02 1.13333333333333343e+02 2.16696191513588701e-03 8.47771595067027221e-06
 1.13333333333333343e+02 1.13466666666666669e+02 2.15879912420549862e-03 1.07670412827734817e-05
 1.13466666666666669e+02 1.13599999999999994e+02 2.14786870431648777e-03 1.09077915443160532e-05
 1.13599999999999994e+02 1.13733333333333334e+02 2.11928690206014811e-03 8.62286243132994034e-06
 1.13733333333333334e+02 1.13866666666666674e+02 2.11532049475481087e-03 1.08319113867737553e-05
 1.13866666666666674e+02 1.14000000000000000e+02 2.08882153000886778e-03 8.21876487035816939e-06
 1.14000000000000000e+02 1.14133333333333340e+02 2.07518761932575522e-03 8.36028325236720408e-06
 1.14133333333333340e+02 1.14266666666666666e+02 2.07110023887353487e-03 8.36372627773597125e-06
 1.14266666666666666e+02 1.14400000000000006e+02 2.04335374377540751e-03 7.94986668716999683e-06
 1.14400000000000006e+02 1.14533333333333331e+02 2.02554584058217777e-03 7.85632530698919701e-06
 1.14533333333333331e+02 1.14666666666666671e+02 2.00713594382689441e-03 8.01844336617015128e-06
 1.14666666666666671e+02 1.14799999999999997e+02 2.00822809584464638e-03 1.20193213169156656e-05
 1.14799999999999997e+02 1.14933333333333337e+02 1.97577739923894113e-03 7.85163823337203764e-06
 1.14933333333333337e+02 1.15066666666666663e+02 1.97517107875891385e-03 8.43172859965987781e-06
 1.15066666666666663e+02 1.15200000000000003e+02 1.94773582741806606e-03 7.70772995660765355e-06
 1.15200000000000003e+02 1.15333333333333329e+02 1.93688018257720117e-03 8.28174747815199361e-06
 1.15333333333333329e+02 1.15466666666666669e+02 1.92850474477668167e-03 1.21387972435288738e-05
 1.15466666666666669e+02 1.15599999999999994e+02 1.89751311962684573e-03 7.60040412080874178e-06
 1.15599999999999994e+02 1.15733333333333334e+02 1.89824610150576443e-03 9.73884885480996193e-06
 1.15733333333333334e+02 1.15866666666666660e+02 1.88076529883886789e-03 7.94850851039383301e-06
 1.15866666666666660e+02 1.16000000000000000e+02 1.86048299187509258e-03 7.72107152964159784e-06
 1.16000000000000000e+02 1.16133333333333340e+02 1.87016219575288621e-03 2.39852991589032381e-05
 1.16133333333333340e+02 1.16266666666666666e+02 1.83920580691307825e-03 7.91803028280153265e-06
 1.16266666666666666e+02 1.16400000000000006e+02 1.83081857093806864e-03 1.03039977834552269e-05
 1.16400000000000006e+02 1.16533333333333331e+02 1.80333716322270111e-03 8.95103989903313290e-06
 1.16533333333333331e+02 1.16666666666666671e+02 1.78497559976599387e-03 7.72095720218203652e-06
 1.16666666666666671e+02 1.16799999999999997e+02 1.78741390947529332e-03 8.00147221354164227e-06
 1.16799999999999997e+02 1.16933333333333337e+02 1.76494693915623508e-03 8.29752237176281470e-06
 1.16933333333333337e+02 1.17066666666666663e+02 1.74543987430831530e-03 7.45672214263059164e-06
 1.17066666666666663e+02 1.17200000000000003e+02 1.72282869605759224e-03 7.33276637434340548e-06
 1.17200000000000003e+02 1.17333333333333329e+02 1.70394120544598471e-03 7.27605910277370252e-06
 1.17333333333333329e+02 1.17466666666666669e+02 1.69038737977912049e-03 7.20797152729968111e-06
 1.17466666666666669e+02 1.17599999999999994e+02 1.69000187197901959e-03 7.58551690730765938e-06
 1.17599999999999994e+02 1.17733333333333334e+02 1.66921493836666803e-03 7.74634037335922972e-06
 1.17733333333333334e+02 1.17866666666666660e+02 1.65763205640788230e-03 1.00240719607850626e-05
 1.17866666666666660e+02 1.18000000000000000e+02 1.65411885486079998e-03 8.00153858549640203e-06
 1.18000000000000000e+02 1.18133333333333340e+02 1.63346616426749596e-03 7.00414019202278571e-06
 1.18133333333333340e+02 1.18266666666666666e+02 1.63718726489768323e-03 1.18119582908863249e-05
 1.18266666666666666e+02 1.18400000000000006e+02 1.60650930005798247e-03 8.39878386718893830e-06
 1.18400000000000006e+02 1.18533333333333331e+02 1.58701644104240151e-03 7.94910859861892433e-06
 1.18533333333333331e+02 1.18666666666666671e+02 1.57319225665062843e-03 8.55431956065186745e-06
 1.18666666666666671e+02 1.18799999999999997e+02 1.57066299689127007e-03 8.94374843064091356e-06
 1.18799999999999997e+02 1.18933333333333337e+02 1.53233125233609630e-03 7.23589933916852639e-06
 1.18933333333333337e+02 1.19066666666666663e+02 1.54258567099542021e-03 8.84518317848741261e-06
 1.19066666666666663e+02 1.19200000000000003e+02 1.53077762900815230e-03 9.30925660013460208e-06
 1.19200000000000003e+02 1.19333333333333329e+02 1.50664670661744917e-03 8.37304956287703753e-06
 1.19333333333333329e+02 1.19466666666666669e+02 1.48683839307715165e-03 7.17419394990763459e-06
 1.19466666666666669e+02 1.19599999999999994e+02 1.47181472539198747e-03 7.90144864642387130e-06
 1.19599999999999994e+02 1.19733333333333334e+02 1.46221143996832690e-03 6.88213900852596487e-06
 1.19733333333333334e+02 1.19866666666666660e+02 1.44401173869673771e-03 7.44894962813570059e-06
 1.19866666666666660e+02 1.20000000000000000e+02 1.43158868057342826e-03 6.94525789797624388e-06
 1.20000000000000000e+02 1.20133333333333340e+02 1.41655650039618740e-03 7.28535155183215128e-06
 1.20133333333333340e+02 1.20266666666666666e+02 1.41350076224519214e-03 7.05360146593927338e-06
 1.20266666666666666e+02 1.20400000000000006e+02 1.39549680447002378e-03 6.96855397374880114e-06
 1.20400000000000006e+02 1.20533333333333331e+02 1.37595382862857425e-03 6.92608856519791050e-06
 1.20533333333333331e+02 1.20666666666666671e+02 1.37363473226449133e-03 6.78541340384318222e-06
 1.20666666666666671e+02 1.20799999999999997e+02 1.35910900281756004e-03 6.75688657294405596e-06
 1.20799999999999997e+02 1.20933333333333337e+02 1.34842014142037684e-03 7.93561947935176339e-06
 1.20933333333333337e+02 1.21066666666666663e+02 1.33786683123314357e-03 6.89991778487274032e-06
 1.21066666666666663e+02 1.21200000000000003e+02 1.32112881891574140e-03 7.87359917100275280e-06
 1.21200000000000003e+02 1.21333333333333329e+02 1.32163444569833276e-03 7.26169757251213259e-06
 1.21333333333333329e+02 1.21466666666666669e+02 1.29029033762055210e-03 7.75403997484065326e-06
 1.21466666666666669e+02 1.21599999999999994e+02 1.29050779092677414e-03 8.64052551732895692e-06
 1.21599999999999994e+02 1.21733333333333334e+02 1.29025004330562444e-03 1.62580979335613824e-05
 1.21733333333333334e+02 1.21866666666666660e+02 1.27572114452766052e-03 8.97460243434945334e-06
 1.21866666666666660e+02 1.22000000000000000e+02 1.24720650803697495e-03 8.39398040265311521e-06
 1.22000000000000000e+02 1.22133333333333340e+02 1.22371582541853821e-03 6.25123924443818711e-06
 1.22133333333333340e+02 1.22266666666666666e+02 1.22499174290906709e-03 6.71951812686628230e-06
 1.22266666666666666e+02 1.22400000000000006e+02 1.21011687323075725e-03 6.66850438935264048e-06
 1.22400000000000006e+02 1.22533333333333331e+02 1.23888016812888618e-03 4.25225100316834763e-05
 1.22533333333333331e+02 1.22666666666666671e+02 1.19235892596574931e-03 7.11071782043391572e-06
 1.22666666666666671e+02 1.22799999999999997e+02 1.16645419061692191e-03 6.46228698125750484e-06
 1.22799999999999997e+02 1.22933333333333337e+02 1.16987921280091423e-03 8.37468729647636214e-06
 1.22933333333333337e+02 1.23066666666666663e+02 1.14860111115582778e-03 6.92881999111267554e-06
 1.23066666666666663e+02 1.23200000000000003e+02 1.13216947808017715e-03 6.37208175357892810e-06
 1.23200000000000003e+02 1.23333333333333329e+02 1.12044998429628112e-03 7.55591776646488325e-06
 1.23333333333333329e+02 1.23466666666666669e+02 1.13235929382549875e-03 1.34463665494332042e-05
 1.23466666666666669e+02 1.23599999999999994e+02 1.10636918502716943e-03 7.14530565891192583e-06
 1.23599999999999994e+02 1.23733333333333334e+02 1.10051437835148830e-03 8.66531887243154605e-06
 1.23733333333333334e+02 1.23866666666666660e+02 1.08809869627070409e-03 7.94233499429616746e-06
 1.23866666666666660e+02 1.24000000000000000e+02 1.06225022748176762e-03 7.23690751943003690e-06
 1.24000000000000000e+02 1.24133333333333340e+02 1.05767909557833210e-03 7.26039114280972308e-06
 1.24133333333333340e+02 1.24266666666666666e+02 1.04492140359177510e-03 7.10047898134090696e-06
 1.24266666666666666e+02 1.24400000000000006e+02 1.03493329155604713e-03 6.73005288631815715e-06
 1.24400000000000006e+02 1.24533333333333331e+02 1.02152805570574021e-03 7.15005854377837883e-06
 1.24533333333333331e+02 1.24666666666666671e+02 1.01342509944219849e-03 6.78836368790012008e-06
 1.24666666666666671e+02 1.24799999999999997e+02 9.98772237340785031e-04 7.12809468401528744e-06
 1.24799999999999997e+02 1.24933333333333337e+02 9.89933905958729609e-04 7.21792763241303045e-06
 1.24933333333333337e+02 1.25066666666666663e+02 9.76156351495541057e-04 6.96225444376459996e-06
 1.25066666666666663e+02 1.25200000000000003e+02 9.57607103031639828e-04 6.93731712195267766e-06
 1.25200000000000003e+02 1.25333333333333329e+02 9.66314636795722833e-04 7.73126411499341130e-06
 1.25333333333333329e+02 1.25466666666666669e+02 9.44948954145513826e-04 1.07584538464570853e-05
 1.25466666666666669e+02 1.25599999999999994e+02 9.32081144204919458e-04 7.50713286113764218e-06
 1.25599999999999994e+02 1.25733333333333334e+02 9.28570745503123408e-04 7.53421643797995446e-06
 1.25733333333333334e+02 1.25866666666666660e+02 9.11536180239705439e-04 7.27944331402655652e-06
 1.25866666666666660e+02 1.26000000000000000e+02 9.06714520122035698e-04 7.65002971584356851e-06
 1.26000000000000000e+02 1.26133333333333340e+02 8.91823797188194501e-04 6.62208270011318649e-06
 1.26133333333333340e+02 1.26266666666666666e+02 8.79928780032736410e-04 7.23288048222862431e-06
 1.26266666666666666e+02 1.26400000000000006e+02 8.77356267318336771e-04 6.86626026398848086e-06
 1.26400000000000006e+02 1.26533333333333331e+02 8.70965267123461500e-04 1.01036997561710472e-05
 1.26533333333333331e+02 1.26666666666666671e+02 8.42161484232556629e-04 7.04324967056260917e-06
 1.26666666666666671e+02 1.26799999999999997e+02 8.29108912372797380e-04 6.68107335524116922e-06
 1.26799999999999997e+02 1.26933333333333337e+02 8.18397185555327401e-04 6.72082331303390701e-06
 1.26933333333333337e+02 1.27066666666666663e+02 8.19672826292745078e-04 9.14076918318609009e-06
 1.27066666666666663e+02 1.27200000000000003e+02 8.12042727468975591e-04 9.37068739881896412e-06
 1.27200000000000003e+02 1.27333333333333329e+02 7.95472438160187687e-04 6.84307957328471666e-06
 1.27333333333333329e+02 1.27466666666666669e+02 7.94527675972670909e-04 8.47611097839561505e-06
 1.27466666666666669e+02 1.27599999999999994e+02 7.64931488279344527e-04 6.64307289319909319e-06
 1.27599999999999994e+02 1.27733333333333334e+02 7.60845776853235289e-04 7.30168528674921514e-06
 1.27733333333333334e+02 1.27866666666666660e+02 7.52477017312357371e-04 6.12125694412708865e-06
 1.27866666666666660e+02 1.28000000000000000e+02 7.37354727117411489e-04 7.67881736042230219e-06
 1.28000000000000000e+02 1.28133333333333326e+02 7.26878825651492409e-04 6.80512082284167780e-06
 1.28133333333333326e+02 1.28266666666666652e+02 7.29335094761414545e-04 9.24570886083831931e-06
 1.28266666666666652e+02 1.28400000000000006e+02 7.22173017511939814e-04 8.14200371254627786e-06
 1.28400000000000006e+02 1.28533333333333331e+02 7.01579600254382575e-04 7.07508644657335024e-06
 1.28533333333333331e+02 1.28666666666666686e+02 6.96944980293510985e-04 1.04822245742106806e-05
 1.28666666666666686e+02 1.28800000000000011e+02 6.84222709908935737e-04 7.13290614776973133e-06
 1.28800000000000011e+02 1.28933333333333337e+02 6.84326568364161257e-04 1.04869375120960968e-05
 1.28933333333333337e+02 1.29066666666666663e+02 6.66720208205695726e-04 7.86310124210573025e-06
 1.29066666666666663e+02 1.29199999999999989e+02 6.34069205748980587e-04 7.42256810032905768e-06
 1.29199999999999989e+02 1.29333333333333314e+02 6.49006569845421866e-04 8.88744947440071554e-06
 1.29333333333333314e+02 1.29466666666666669e+02 6.34647574288264849e-04 7.94683155928194985e-06
 1.29466666666666669e+02 1.29599999999999994e+02 6.10093795362496379e-04 7.40892684835683581e-06
 1.29599999999999994e+02 1.29733333333333348e+02 6.24564051965725863e-04 8.35353367619941815e-06
 1.29733333333333348e+02 1.29866666666666674e+02 6.04978829316063244e-04 8.48100694100289121e-06
 1.29866666666666674e+02 1.30000000000000000e+02 6.01084362134814425e-04 9.82234465674908222e-06

Histogram:lth-
 5.00000000000000000e+01 5.01333333333333329e+01 5.96031175086332273e-04 3.94146156094419163e-06
 5.01333333333333329e+01 5.02666666666666657e+01 6.01330987777542883e-04 4.02428353741962737e-06
 5.02666666666666657e+01 5.03999999999999986e+01 6.08200869714862775e-04 3.96346492311676536e-06
 5.03999999999999986e+01 5.05333333333333314e+01 6.35755441780512021e-04 4.48126856485362761e-06
 5.05333333333333314e+01 5.06666666666666643e+01 6.33492345012699330e-04 4.36089624783855720e-06
 5.06666666666666643e+01 5.07999999999999972e+01 6.49258258102473743e-04 4.41346464289649250e-06
 5.07999999999999972e+01 5.09333333333333300e+01 6.55989522177981895e-04 4.20079465671498619e-06
 5.09333333333333300e+01 5.10666666666666700e+01 6.65232968132111347e-04 4.45490680430087798e-06
 5.10666666666666700e+01 5.12000000000000028e+01 6.73864727423562071e-04 4.55953945842698837e-06
 5.12000000000000028e+01 5.13333333333333357e+01 6.84734398627852617e-04 4.29827292873772848e-06
 5.13333333333333357e+01 5.14666666666666686e+01 7.03959946259719548e-04 7.60079094042015025e-06
 5.14666666666666686e+01 5.16000000000000014e+01 7.00950391169246831e-04 5.02784285184273348e-06
 5.16000000000000014e+01 5.17333333333333343e+01 7.14672293800026263e-04 4.34500144595513803e-06
 5.17333333333333343e+01 5.18666666666666671e+01 7.25728967302951525e-04 4.95213220788514184e-06
 5.18666666666666671e+01 5.20000000000000000e+01 7.37047596527648898e-04 4.45248722818658270e-06
 5.20000000000000000e+01 5.21333333333333329e+01 7.47792392144331166e-04 4.63551742652576036e-06
 5.21333333333333329e+01 5.22666666666666657e+01 7.52052630200343531e-04 4.53492365458549037e-06
 5.22666666666666657e+01 5.23999999999999986e+01 7.59881690395015365e-04 4.97963705420013069e-06
 5.23999999999999986e+01 5.25333333333333314e+01 7.83276896846781586e-04 6.71656044576066076e-06
 5.25333333333333314e+01 5.26666666666666643e+01 7.90551376309200828e-04 5.35760119053355160e-06
 5.26666666666666643e+01 5.27999999999999972e+01 7.93635541554282863e-04 4.38522573861887948e-06
 5.27999999999999972e+01 5.29333333333333300e+01 8.02695343846682977e-04 5.17105405438175935e-06
 5.29333333333333300e+01 5.30666666666666700e+01 8.20870817045460930e-04 7.43374042983134133e-06
 5.30666666666666700e+01 5.32000000000000028e+01 8.29139251936809310e-04 5.51344435384656779e-06
 5.32000000000000028e+01 5.33333333333333357e+01 8.40326863373449086e-04 5.01219743282876420e-06
 5.33333333333333357e+01 5.34666666666666686e+01 8.50596336414694183e-04 4.91570304207765008e-06
 5.34666666666666686e+01 5.36000000000000014e+01 8.63858425242968668e-04 7.26428934507508169e-06
 5.36000000000000014e+01 5.37333333333333343e+01 8.68897210373231082e-04 5.34152485001426971e-06
 5.37333333333333343e+01 5.38666666666666671e+01 8.76965142531225270e-04 9.84389638405628312e-06
 5.38666666666666671e+01 5.40000000000000000e+01 8.80360930767073069e-04 5.21541506687430009e-06
 5.40000000000000000e+01 5.41333333333333329e+01 8.97616059504870167e-04 4.87087462538462240e-06
 5.41333333333333329e+01 5.42666666666666657e+01 9.08665113291366429e-04 4.93641303826193641e-06
 5.42666666666666657e+01 5.43999999999999986e+01 9.21014470465722533e-04 5.24092613649977487e-06
 5.43999999999999986e+01 5.45333333333333314e+01 9.23609015995694826e-04 5.15358782363511088e-06
 5.45333333333333314e+01 5.46666666666666643e+01 9.37355679438022947e-04 4.97065711140588005e-06
 5.46666666666666643e+01 5.47999999999999972e+01 9.49721107027935393e-04 5.10752226767920629e-06
 5.47999999999999972e+01 5.49333333333333371e+01 9.67446254786589565e-04 6.99873045980010061e-06
 5.49333333333333371e+01 5.50666666666666629e+01 9.82982238344991396e-04 6.29797876700979619e-06
 5.50666666666666629e+01 5.52000000000000028e+01 9.78619142008310509e-04 5.07065725479308431e-06
 5.52000000000000028e+01 5.53333333333333357e+01 1.00069400186202670e-03 5.53527116018680524e-06
 5.53333333333333357e+01 5.54666666666666686e+01 1.00209870260213542e-03 4.94007959228888399e-06
 5.54666666666666686e+01 5.56000000000000014e+01 1.03999069342136977e-03 1.00393952049422936e-05
 5.56000000000000014e+01 5.57333333333333343e+01 1.03760818720339816e-03 6.09129501171049741e-06
 5.57333333333333343e+01 5.58666666666666671e+01 1.05312151339108720e-03 9.12549675338310252e-06
 5.58666666666666671e+01 5.60000000000000000e+01 1.04696814540586997e-03 5.28445569036557261e-06
 5.60000000000000000e+01 5.61333333333333329e+01 1.06581815711437951e-03 5.16245645388798235e-06
 5.61333333333333329e+01 5.62666666666666657e+01 1.07771744849069311e-03 5.71380619852396957e-06
 5.62666666666666657e+01 5.63999999999999986e+01 1.09100710290946368e-03 5.45080314158816510e-06
 5.63999999999999986e+01 5.65333333333333314e+01 1.10927326210267922e-03 6.14909534442498710e-06
 5.65333333333333314e+01 5.66666666666666643e+01 1.11794359651951926e-03 5.88102177929040230e-06
 5.66666666666666643e+01 5.67999999999999972e+01 1.11674044453901971e-03 5.32606235993920036e-06
 5.67999999999999972e+01 5.69333333333333371e+01 1.15274565086237045e-03 6.64213831040967316e-06
 5.69333333333333371e+01 5.70666666666666629e+01 1.16195263735480278e-03 6.46642971036586829e-06
 5.70666666666666629e+01 5.72000000000000028e+01 1.15722320431463268e-03 6.39583756907917730e-06
 5.72000000000000028e+01 5.73333333333333357e+01 1.19944489265013700e-03 1.52694724587301237e-05
 5.73333333333333357e+01 5.74666666666666686e+01 1.18358148139394701e-03 5.99057538084930038e-06
 5.74666666666666686e+01 5.76000000000000014e+01 1.20339554976979144e-03 6.08316519958481539e-06
 5.76000000000000014e+01 5.77333333333333343e+01 1.20810531982802204e-03 7.15731160370429934e-06
 5.77333333333333343e+01 5.78666666666666671e+01 1.23214128119780546e-03 6.04510913871216143e-06
 5.78666666666666671e+01 5.80000000000000000e+01 1.22775794821401154e-03 5.99195212854077248e-06
 5.80000000000000000e+01 5.81333333333333329e+01 1.25133189608786152e-03 8.62088926712041425e-06
 5.81333333333333329e+01 5.82666666666666657e+01 1.26060497263204979e-03 6.09776242705900903e-06
 5.82666666666666657e+01 5.83999999999999986e+01 1.27393861407769306e-03 6.14750570907173635e-06
 5.83999999999999986e+01 5.85333333333333314e+01 1.27973872250962992e-03 6.39659270237259357e-06
 5.85333333333333314e+01 5.86666666666666643e+01 1.29521460208956336e-03 5.65602044927714547e-06
 5.86666666666666643e+01 5.87999999999999972e+01 1.30800414043836036e-03 6.27322171232979007e-06
 5.87999999999999972e+01 5.89333333333333371e+01 1.32620320157345690e-03 6.40398416502974616e-06
 5.89333333333333371e+01 5.90666666666666629e+01 1.33779309962335914e-03 6.22943171798279347e-06
 5.90666666666666629e+01 5.92000000000000028e+01 1.34615957887995958e-03 6.19859466308358272e-06
 5.92000000000000028e+01 5.93333333333333357e+01 1.35309954170553283e-03 5.68971072410020428e-06
 5.93333333333333357e+01 5.94666666666666686e+01 1.36246930106690431e-03 5.95364692429194305e-06
 5.94666666666666686e+01 5.96000000000000014e+01 1.37970653936601959e-03 5.83751874262662314e-06
 5.96000000000000014e+01 5.97333333333333343e+01 1.39849040363114767e-03 6.43675258745793481e-06
 5.97333333333333343e+01 5.98666666666666671e+01 1.40931208593911630e-03 5.94042816464009942e-06
 5.98666666666666671e+01 6.00000000000000000e+01 1.43722848977192877e-03 6.07089518507384219e-06
 6.00000000000000000e+01 6.01333333333333329e+01 1.43033776341240063e-03 6.28640845401894308e-06
 6.01333333333333329e+01 6.02666666666666657e+01 1.47114372009046822e-03 1.60702335724405369e-05
 6.02666666666666657e+01 6.03999999999999986e+01 1.46135629175663559e-03 6.78655868303264095e-06
 6.03999999999999986e+01 6.05333333333333314e+01 1.47502417012503333e-03 6.48867273055600279e-06
 6.05333333333333314e+01 6.06666666666666643e+01 1.48434880097781936e-03 6.57384558585682056e-06
 6.06666666666666643e+01 6.07999999999999972e+01 1.49986957221078378e-03 7.20522571988358144e-06
 6.07999999999999972e+01 6.09333333333333371e+01 1.51259414411163010e-03 6.30381992730559898e-06
 6.09333333333333371e+01 6.10666666666666629e+01 1.53486213536152181e-03 7.19774042974326013e-06
 6.10666666666666629e+01 6.12000000000000028e+01 1.54949893576341430e-03 6.76437118225677449e-06
 6.12000000000000028e+01 6.13333333333333357e+01 1.55850748025147465e-03 5.98024728760280968e-06
 6.13333333333333357e+01 6.14666666666666686e+01 1.57477142934447966e-03 6.63182266664168297e-06
 6.14666666666666686e+01 6.16000000000000014e+01 1.58747142033588808e-03 6.70839191201290656e-06
 6.16000000000000014e+01 6.17333333333333343e+01 1.61548993016550333e-03 1.09455845092656527e-05
 6.17333333333333343e+01 6.18666666666666671e+01 1.62410788815230351e-03 6.75626130500819053e-06
 6.18666666666666671e+01 6.20000000000000000e+01 1.62996578419915281e-03 6.87577690617925691e-06
 6.20000000000000000e+01 6.21333333333333329e+01 1.64417115249379650e-03 6.48788450013495634e-06
 6.21333333333333329e+01 6.22666666666666657e+01 1.65971446589060047e-03 6.47724634141989697e-06
 6.22666666666666657e+01 6.23999999999999986e+01 1.67938377592429834e-03 6.75629286982566853e-06
 6.23999999999999986e+01 6.25333333333333314e+01 1.67617818019634066e-03 6.47194013596436250e-06
 6.25333333333333314e+01 6.26666666666666643e+01 1.69873532016802083e-03 7.05262154901524338e-06
 6.26666666666666643e+01 6.27999999999999972e+01 1.70921787144415974e-03 6.72016962849395318e-06
 6.27999999999999972e+01 6.29333333333333371e+01 1.73184449782808579e-03 6.67163222135870457e-06
 6.29333333333333371e+01 6.30666666666666629e+01 1.75159789604722484e-03 6.92622889993416614e-06
 6.30666666666666629e+01 6.32000000000000028e+01 1.78308714648053694e-03 7.96915066324520009e-06
 6.32000000000000028e+01 6.33333333333333357e+01 1.77682012909266074e-03 6.96930553597003376e-06
 6.33333333333333357e+01 6.34666666666666686e+01 1.78755792453848478e-03 6.94097611954216165e-06
 6.34666666666666686e+01 6.36000000000000014e+01 1.80741480024657715e-03 9.30766911699262186e-06
 6.36000000000000014e+01 6.37333333333333343e+01 1.83193740497333900e-03 7.45378354770587431e-06
 6.37333333333333343e+01 6.38666666666666671e+01 1.83852342844889236e-03 6.94350920696031538e-06
 6.38666666666666671e+01 6.40000000000000000e+01 1.86259936747139939e-03 8.87673914588807686e-06
 6.40000000000000000e+01 6.41333333333333258e+01 1.86379991309084856e-03 7.33904260108511687e-06
 6.41333333333333258e+01 6.42666666666666657e+01 1.87518384845905572e-03 7.48340040259474395e-06
 6.42666666666666657e+01 6.44000000000000057e+01 1.89913645988840107e-03 7.40118922462592712e-06
 6.44000000000000057e+01 6.45333333333333314e+01 1.92787308361556074e-03 9.44733079453285134e-06
 6.45333333333333314e+01 6.46666666666666714e+01 1.92682794602580510e-03 7.49811214939201211e-06
 6.46666666666666714e+01 6.47999999999999972e+01 1.93707725864209878e-03 7.97369088235624613e-06
 6.47999999999999972e+01 6.49333333333333371e+01 1.96290789777351423e-03 1.12808998553315031e-05
 6.49333333333333371e+01 6.50666666666666629e+01 1.97707596829127964e-03 1.02836316777619601e-05
 6.50666666666666629e+01 6.52000000000000028e+01 1.98595949267867632e-03 7.44971669474142467e-06
 6.52000000000000028e+01 6.53333333333333286e+01 2.01292176804121481e-03 7.32577423040238737e-06
 6.53333333333333286e+01 6.54666666666666686e+01 2.01849646835881337e-03 7.41906026498210474e-06
 6.54666666666666686e+01 6.55999999999999943e+01 2.01999440264085056e-03 7.44494545954639418e-06
 6.55999999999999943e+01 6.57333333333333343e+01 2.04719771626788285e-03 7.39844401672585617e-06
 6.57333333333333343e+01 6.58666666666666742e+01 2.06429514062611780e-03 7.75795317685058505e-06
 6.58666666666666742e+01 6.60000000000000000e+01 2.08621496574546436e-03 9.63682180938412989e-06
 6.60000000000000000e+01 6.61333333333333258e+01 2.11521333155051741e-03 1.25065132360319719e-05
 6.61333333333333258e+01 6.62666666666666657e+01 2.11142372662069620e-03 8.35620926119957299e-06
 6.62666666666666657e+01 6.64000000000000057e+01 2.13729215579283724e-03 1.68372390487697875e-05
 6.64000000000000057e+01 6.65333333333333314e+01 2.13787543671670102e-03 8.03157376949360372e-06
 6.65333333333333314e+01 6.66666666666666714e+01 2.14800541670560289e-03 7.68191837224406262e-06
 6.66666666666666714e+01 6.67999999999999972e+01 2.16661116965163880e-03 7.90617216472412766e-06
 6.67999999999999972e+01 6.69333333333333371e+01 2.17438758703724809e-03 7.23325928858785397e-06
 6.69333333333333371e+01 6.70666666666666629e+01 2.19031774218619423e-03 7.58601171796321784e-06
 6.70666666666666629e+01 6.72000000000000028e+01 2.18922347957708477e-03 7.32762003718631135e-06
 6.72000000000000028e+01 6.73333333333333286e+01 2.23280865306624450e-03 9.43367805902588122e-06
 6.73333333333333286e+01 6.74666666666666686e+01 2.26283270458377565e-03 9.37960541437663013e-06
 6.74666666666666686e+01 6.75999999999999943e+01 2.27635468483587634e-03 1.04382776153977424e-05
 6.75999999999999943e+01 6.77333333333333343e+01 2.28620628235502504e-03 7.99410801563770929e-06
 6.77333333333333343e+01 6.78666666666666742e+01 2.29906285515661234e-03 7.87136101798678753e-06
 6.78666666666666742e+01 6.80000000000000000e+01 2.30282863629042859e-03 7.66478312259198481e-06
 6.80000000000000000e+01 6.81333333333333258e+01 2.32170405013539492e-03 8.48517863817245368e-06
 6.81333333333333258e+01 6.82666666666666657e+01 2.35287660640064698e-03 8.81912724815339823e-06
 6.82666666666666657e+01 6.84000000000000057e+01 2.34817905587023134e-03 7.83557341524539117e-06
 6.84000000000000057e+01 6.85333333333333314e+01 2.37529477390195165e-03 8.08044943003326607e-06
 6.85333333333333314e+01 6.86666666666666714e+01 2.38368215021298813e-03 8.05417161881534975e-06
 6.86666666666666714e+01 6.87999999999999972e+01 2.40895658716972893e-03 8.22738825410617320e-06
 6.87999999999999972e+01 6.89333333333333371e+01 2.42950284140064409e-03 8.60553358995459322e-06
 6.89333333333333371e+01 6.90666666666666629e+01 2.43302475889225871e-03 8.45648255806091172e-06
 6.90666666666666629e+01 6.92000000000000028e+01 2.45561924547338297e-03 8.36775823005343851e-06
 6.92000000000000028e+01 6.93333333333333286e+01 2.46434329390365567e-03 8.12328706380105598e-06
 6.93333333333333286e+01 6.94666666666666686e+01 2.46896266883107635e-03 8.32701030630842923e-06
 6.94666666666666686e+01 6.95999999999999943e+01 2.49994093779211260e-03 9.44290513297650132e-06
 6.95999999999999943e+01 6.97333333333333343e+01 2.56366852595757682e-03 4.34517412885698762e-05
 6.97333333333333343e+01 6.98666666666666742e+01 2.52090485857011390e-03 8.19059915643429485e-06
 6.98666666666666742e+01 7.00000000000000000e+01 2.54283630377592383e-03 8.71817555970572306e-06
 7.00000000000000000e+01 7.01333333333333258e+01 2.55850145587133019e-03 8.60305235290632081e-06
 7.01333333333333258e+01 7.02666666666666657e+01 2.57729973678205411e-03 9.21579656588190705e-06
 7.02666666666666657e+01 7.04000000000000057e+01 2.60654967575803167e-03 1.39970711000870267e-05
 7.04000000000000057e+01 7.05333333333333314e+01 2.61871926865229771e-03 1.30898323491554449e-05
 7.05333333333333314e+01 7.06666666666666714e+01 2.60391579106678114e-03 8.83604912572531091e-06
 7.06666666666666714e+01 7.07999999999999972e+01 2.63326015746465211e-03 8.43209074117417909e-06
 7.07999999999999972e+01 7.09333333333333371e+01 2.65714498352557886e-03 1.06382963104275685e-05
 7.09333333333333371e+01 7.10666666666666629e+01 2.66301067014603843e-03 8.28697043896126057e-06
 7.10666666666666629e+01 7.12000000000000028e+01 2.69209515957150340e-03 9.76137156519824501e-06
 7.12000000000000028e+01 7.13333333333333286e+01 2.70158066708301196e-03 9.25345627134000991e-06
 7.13333333333333286e+01 7.14666666666666686e+01 2.71381521882402147e-03 8.62459868371959935e-06
 7.14666666666666686e+01 7.15999999999999943e+01 2.73597154000991116e-03 9.34401679089908900e-06
 7.15999999999999943e+01 7.17333333333333343e+01 2.75919433043786541e-03 1.38942759602867987e-05
 7.17333333333333343e+01 7.18666666666666742e+01 2.78780859626911581e-03 1.90793700553170115e-05
 7.18666666666666742e+01 7.20000000000000000e+01 2.79429717402948597e-03 9.95333860777808026e-06
 7.20000000000000000e+01 7.21333333333333258e+01 2.78571296898201233e-03 1.20615463850583357e-05
 7.21333333333333258e+01 7.22666666666666657e+01 2.80636983653549232e-03 8.62969624255563187e-06
 7.22666666666666657e+01 7.24000000000000057e+01 2.82823870572618307e-03 8.43485703297418647e-06
 7.24000000000000057e+01 7.25333333333333314e+01 2.84589101913872980e-03 1.05809169186697688e-05
 7.25333333333333314e+01 7.26666666666666714e+01 2.86135991987152742e-03 1.13705077515893762e-05
 7.26666666666666714e+01 7.27999999999999972e+01 2.88093598351381536e-03 9.36571242018274028e-06
 7.27999999999999972e+01 7.29333333333333371e+01 2.88129393496568999e-03 8.74314306380884555e-06
 7.29333333333333371e+01 7.30666666666666629e+01 2.88605565183566162e-03 8.31633531252235302e-06
 7.30666666666666629e+01 7.32000000000000028e+01 2.91734504662889433e-03 9.35648825573129815e-06
 7.32000000000000028e+01 7.33333333333333286e+01 2.92752881912035053e-03 8.72694595921738655e-06
 7.33333333333333286e+01 7.34666666666666686e+01 2.93323652135612937e-03 9.71925748668187634e-06
 7.34666666666666686e+01 7.35999999999999943e+01 2.95989723998870986e-03 1.00191244220855243e-05
 7.35999999999999943e+01 7.37333333333333343e+01 2.97400845417861289e-03 8.54362390313865826e-06
 7.37333333333333343e+01 7.38666666666666742e+01 2.98534113784820971e-03 8.98744843206614232e-06
 7.38666666666666742e+01 7.40000000000000000e+01 3.03746282828875995e-03 9.91377265989327235e-06
 7.40000000000000000e+01 7.41333333333333258e+01 3.01946065048589677e-03 9.45467681556872476e-06
 7.41333333333333258e+01 7.42666666666666657e+01 3.02426424799849894e-03 9.58152609508979309e-06
 7.42666666666666657e+01 7.44000000000000057e+01 3.04041257018796817e-03 9.03287587708666503e-06
 7.44000000000000057e+01 7.45333333333333314e+01 3.06665489155376336e-03 9.24761179545928233e-06
 7.45333333333333314e+01 7.46666666666666714e+01 3.08261901937148574e-03 9.49223346778458957e-06
 7.46666666666666714e+01 7.47999999999999972e+01 3.10940147033855621e-03 9.26211905082710235e-06
 7.47999999999999972e+01 7.49333333333333371e+01 3.12362548702661835e-03 9.35721744219595972e-06
 7.49333333333333371e+01 7.50666666666666629e+01 3.13468622261961179e-03 1.23071769676084234e-05
 7.50666666666666629e+01 7.52000000000000028e+01 3.15283779252872182e-03 1.08623212521026195e-05
 7.52000000000000028e+01 7.53333333333333286e+01 3.16282700288807650e-03 1.06535922320611479e-05
 7.53333333333333286e+01 7.54666666666666686e+01 3.20159493681425279e-03 1.20091233930158907e-05
 7.54666666666666686e+01 7.55999999999999943e+01 3.20432550423739408e-03 1.19958420084173301e-05
 7.55999999999999943e+01 7.57333333333333343e+01 3.20027435147854627e-03 9.01140061409244065e-06
 7.57333333333333343e+01 7.58666666666666742e+01 3.21399276698870143e-03 9.03100332784278287e-06
 7.58666666666666742e+01 7.60000000000000000e+01 3.22994346947522160e-03 9.13317309445856509e-06
 7.60000000000000000e+01 7.61333333333333258e+01 3.24040506395804982e-03 1.01454828777231520e-05
 7.61333333333333258e+01 7.62666666666666657e+01 3.26681889438096285e-03 1.26268472635765575e-05
 7.62666666666666657e+01 7.64000000000000057e+01 3.28118677269319042e-03 1.31601159460337590e-05
 7.64000000000000057e+01 7.65333333333333314e+01 3.28993048819033228e-03 9.25268434307663955e-06
 7.65333333333333314e+01 7.66666666666666714e+01 3.31881668883792034e-03 1.02358323799365526e-05
 7.66666666666666714e+01 7.67999999999999972e+01 3.32685145145546852e-03 9.47150561334387992e-06
 7.67999999999999972e+01 7.69333333333333371e+01 3.32660699397566541e-03 9.68372093214436262e-06
 7.69333333333333371e+01 7.70666666666666629e+01 3.35276976160543867e-03 9.24237006662754327e-06
 7.70666666666666629e+01 7.72000000000000028e+01 3.38036484053983897e-03 1.01102727859883132e-05
 7.72000000000000028e+01 7.73333333333333286e+01 3.37337793234704494e-03 9.32417845299642986e-06
 7.73333333333333286e+01 7.74666666666666686e+01 3.40013284508691510e-03 9.38161952793674421e-06
 7.74666666666666686e+01 7.75999999999999943e+01 3.42271571760163372e-03 9.84117543950898745e-06
 7.75999999999999943e+01 7.77333333333333343e+01 3.43121089569069226e-03 9.46744379947182651e-06
 7.77333333333333343e+01 7.78666666666666742e+01 3.44294405180827151e-03 1.06628070010639714e-05
 7.78666666666666742e+01 7.80000000000000000e+01 3.45230221458316371e-03 1.05596744726512629e-05
 7.80000000000000000e+01 7.81333333333333258e+01 3.49023422751951803e-03 1.02207508367260085e-05
 7.81333333333333258e+01 7.82666666666666657e+01 3.48546666908374110e-03 1.06961949600338691e-05
 7.82666666666666657e+01 7.84000000000000057e+01 3.50798375621217979e-03 9.58360849079272047e-06
 7.84000000000000057e+01 7.85333333333333314e+01 3.51820730167443259e-03 1.04899676550931038e-05
 7.85333333333333314e+01 7.86666666666666714e+01 3.53368622541590325e-03 1.08540635068437604e-05
 7.86666666666666714e+01 7.87999999999999972e+01 3.56030122359941598e-03 1.10654777953518484e-05
 7.87999999999999972e+01 7.89333333333333371e+01 3.54352140336618854e-03 9.59513027019055674e-06
 7.89333333333333371e+01 7.90666666666666629e+01 3.58814752430632565e-03 1.10910367316203082e-05
 7.90666666666666629e+01 7.92000000000000028e+01 3.58930015669857569e-03 1.29366207877447021e-05
 7.92000000000000028e+01 7.93333333333333286e+01 3.61462749608987147e-03 1.10709071258743359e-05
 7.93333333333333286e+01 7.94666666666666686e+01 3.61321892718435150e-03 1.03931966947580428e-05
 7.94666666666666686e+01 7.95999999999999943e+01 3.64702866919342080e-03 1.26734199531494280e-05
 7.95999999999999943e+01 7.97333333333333343e+01 3.65522807390695256e-03 1.16294356965720605e-05
 7.97333333333333343e+01 7.98666666666666742e+01 3.70671309166530419e-03 1.85680497951653216e-05
 7.98666666666666742e+01 8.00000000000000000e+01 3.68667151207389141e-03 1.09044776001933781e-05
 8.00000000000000000e+01 8.01333333333333258e+01 3.68363033235189190e-03 1.04037978903367972e-05
 8.01333333333333258e+01 8.02666666666666657e+01 3.71208485666392951e-03 1.12547493012779014e-05
 8.02666666666666657e+01 8.04000000000000057e+01 3.71318287103680755e-03 1.04362930982172594e-05
 8.04000000000000057e+01 8.05333333333333314e+01 3.71188145577611888e-03 1.05946178178313915e-05
 8.05333333333333314e+01 8.06666666666666714e+01 3.73217493172098074e-03 1.02188938819257670e-05
 8.06666666666666714e+01 8.07999999999999972e+01 3.75229991853892738e-03 9.69350071839265894e-06
 8.07999999999999972e+01 8.09333333333333371e+01 3.76220864665357960e-03 9.84090989727075651e-06
 8.09333333333333371e+01 8.10666666666666629e+01 3.78410022552193304e-03 1.04236879427211252e-05
 8.10666666666666629e+01 8.12000000000000028e+01 3.80071877297499371e-03 1.21563390316005724e-05
 8.12000000000000028e+01 8.13333333333333286e+01 3.81033231691408313e-03 1.27139478214117818e-05
 8.13333333333333286e+01 8.14666666666666686e+01 3.82318661606846633e-03 1.03330373275547003e-05
 8.14666666666666686e+01 8.15999999999999943e+01 3.84146946302581314e-03 1.04871251266208580e-05
 8.15999999999999943e+01 8.17333333333333343e+01 3.85987041621952114e-03 1.13199770068639235e-05
 8.17333333333333343e+01 8.18666666666666742e+01 3.86386251834266829e-03 1.19975654583196914e-05
 8.18666666666666742e+01 8.20000000000000000e+01 3.86302545960059366e-03 1.04385480043711522e-05
 8.20000000000000000e+01 8.21333333333333258e+01 3.86163046995187300e-03 9.95151119984904465e-06
 8.21333333333333258e+01 8.22666666666666657e+01 3.88237804626810103e-03 1.00761443371074158e-05
 8.22666666666666657e+01 8.24000000000000057e+01 3.90025615405309575e-03 1.02317507263770027e-05
 8.24000000000000057e+01 8.25333333333333314e+01 3.92696400172911318e-03 1.03806459621443842e-05
 8.25333333333333314e+01 8.26666666666666572e+01 3.94098115310584710e-03 1.09668586585303406e-05
 8.26666666666666572e+01 8.27999999999999972e+01 3.96057153131669504e-03 1.11326881547523670e-05
 8.27999999999999972e+01 8.29333333333333371e+01 3.96229923149614242e-03 1.03713314637691445e-05
 8.29333333333333371e+01 8.30666666666666629e+01 3.96623036302587873e-03 1.05919104688050604e-05
 8.30666666666666629e+01 8.32000000000000028e+01 3.97969633026127798e-03 1.02107522541968381e-05
 8.32000000000000028e+01 8.33333333333333428e+01 4.02076935768589001e-03 1.31314967779327315e-05
 8.33333333333333428e+01 8.34666666666666686e+01 3.99204159292318016e-03 1.04939572469011888e-05
 8.34666666666666686e+01 8.35999999999999943e+01 4.01280462115409173e-03 1.22250556054557874e-05
 8.35999999999999943e+01 8.37333333333333343e+01 4.03597073218415429e-03 1.11175065750191172e-05
 8.37333333333333343e+01 8.38666666666666742e+01 4.05804488087708418e-03 1.00442017328911314e-05
 8.38666666666666742e+01 8.40000000000000000e+01 4.06519908799063065e-03 1.70171192453898617e-05
 8.40000000000000000e+01 8.41333333333333258e+01 4.07566542061712188e-03 1.28306477933722723e-05
 8.41333333333333258e+01 8.42666666666666657e+01 4.09119521781661690e-03 1.36225746762079244e-05
 8.42666666666666657e+01 8.44000000000000057e+01 4.10974662442313218e-03 1.15790171275740160e-05
 8.44000000000000057e+01 8.45333333333333314e+01 4.12081195231865736e-03 1.15646295719166125e-05
 8.45333333333333314e+01 8.46666666666666572e+01 4.12099165347093715e-03 1.07552134033060631e-05
 8.46666666666666572e+01 8.47999999999999972e+01 4.13591339438652231e-03 1.48347294167167368e-05
 8.47999999999999972e+01 8.49333333333333371e+01 4.14731470278268018e-03 1.46456962059069587e-05
 8.49333333333333371e+01 8.50666666666666629e+01 4.15525811334348238e-03 1.01411188101386479e-05
 8.50666666666666629e+01 8.52000000000000028e+01 4.16015132613067624e-03 1.19758920667787831e-05
 8.52000000000000028e+01 8.53333333333333428e+01 4.15297234890622900e-03 1.03339588676351718e-05
 8.53333333333333428e+01 8.54666666666666686e+01 4.19298059927311097e-03 1.17523469787116611e-05
 8.54666666666666686e+01 8.55999999999999943e+01 4.20067676178540947e-03 1.04082072614695541e-05
 8.55999999999999943e+01 8.57333333333333343e+01 4.21921379091138790e-03 1.22461199139807965e-05
 8.57333333333333343e+01 8.58666666666666742e+01 4.22836589886296972e-03 1.22977215103920165e-05
 8.58666666666666742e+01 8.60000000000000000e+01 4.24066819853000532e-03 1.14232666480897665e-05
 8.60000000000000000e+01 8.61333333333333258e+01 4.25804025773758327e-03 1.10447350194421965e-05
 8.61333333333333258e+01 8.62666666666666657e+01 4.28499736082962445e-03 1.83385812222947089e-05
 8.62666666666666657e+01 8.64000000000000057e+01 4.27872608011367270e-03 1.26606194760520903e-05
 8.64000000000000057e+01 8.65333333333333314e+01 4.27887103113860825e-03 1.11624427875770670e-05
 8.65333333333333314e+01 8.66666666666666572e+01 4.29047394474843437e-03 1.26176755782050570e-05
 8.66666666666666572e+01 8.67999999999999972e+01 4.30390608478388621e-03 1.37453004640903889e-05
 8.67999999999999972e+01 8.69333333333333371e+01 4.30614387003476397e-03 1.42178731222621834e-05
 8.69333333333333371e+01 8.70666666666666629e+01 4.29744431020834261e-03 1.03995828450134465e-05
 8.70666666666666629e+01 8.72000000000000028e+01 4.34029676702112586e-03 1.49228488791937364e-05
 8.72000000000000028e+01 8.73333333333333428e+01 4.33957733226529498e-03 1.08977893255159094e-05
 8.73333333333333428e+01 8.74666666666666686e+01 4.34448065348211343e-03 1.08342730347171938e-05
 8.74666666666666686e+01 8.75999999999999943e+01 4.35119021466172807e-03 1.12084738504651034e-05
 8.75999999999999943e+01 8.77333333333333343e+01 4.40420260913318776e-03 1.35452354659382005e-05
 8.77333333333333343e+01 8.78666666666666742e+01 4.39161504387999661e-03 1.71070274197060091e-05
 8.78666666666666742e+01 8.80000000000000000e+01 4.38633615370926343e-03 1.12322130175367189e-05
 8.80000000000000000e+01 8.81333333333333258e+01 4.39340424579305090e-03 1.06310412468058589e-05
 8.81333333333333258e+01 8.82666666666666657e+01 4.41217266503632875e-03 1.74375434713803180e-05
 8.82666666666666657e+01 8.84000000000000057e+01 4.43905553757305716e-03 1.22666140340422054e-05
 8.84000000000000057e+01 8.85333333333333314e+01 4.43799401456205275e-03 1.13380444647097501e-05
 8.85333333333333314e+01 8.86666666666666572e+01 4.44464170371125251e-03 1.06859954696302080e-05
 8.86666666666666572e+01 8.87999999999999972e+01 4.44848488677343154e-03 1.06543021597830240e-05
 8.87999999999999972e+01 8.89333333333333371e+01 4.45541222818061043e-03 1.11806517655743262e-05
 8.89333333333333371e+01 8.90666666666666629e+01 4.44314525514594594e-03 1.07029104096086969e-05
 8.90666666666666629e+01 8.92000000000000028e+01 4.45694290186123606e-03 1.21601125765702079e-05
 8.92000000000000028e+01 8.93333333333333428e+01 4.46988216554664204e-03 1.12109581088731546e-05
 8.93333333333333428e+01 8.94666666666666686e+01 4.48190183031074024e-03 1.21920454857281528e-05
 8.94666666666666686e+01 8.95999999999999943e+01 4.48504950344337256e-03 1.11038051814803976e-05
 8.95999999999999943e+01 8.97333333333333343e+01 4.51515844462468691e-03 1.51562801444652617e-05
 8.97333333333333343e+01 8.98666666666666742e+01 4.50832179165032085e-03 1.14474259918030768e-05
 8.98666666666666742e+01 9.00000000000000000e+01 4.52871270843844664e-03 1.67135636998508362e-05
 9.00000000000000000e+01 9.01333333333333258e+01 4.54361157525581989e-03 1.14519937690083318e-05
 9.01333333333333258e+01 9.02666666666666657e+01 4.55415119608686830e-03 1.42527292405721692e-05
 9.02666666666666657e+01 9.04000000000000057e+01 4.52983421238513980e-03 1.07052540124007299e-05
 9.04000000000000057e+01 9.05333333333333314e+01 4.56982171562446502e-03 1.71058313676894803e-05
 9.05333333333333314e+01 9.06666666666666572e+01 4.57597943247213968e-03 1.10378315091799202e-05
 9.06666666666666572e+01 9.07999999999999972e+01 4.56932001275790495e-03 1.23032760529485638e-05
 9.07999999999999972e+01 9.09333333333333371e+01 4.57088101495482964e-03 1.08945726949869951e-05
 9.09333333333333371e+01 9.10666666666666629e+01 4.59708754738708935e-03 1.15218225040617858e-05
 9.10666666666666629e+01 9.12000000000000028e+01 4.61085112448925572e-03 1.63745573470487072e-05
 9.12000000000000028e+01 9.13333333333333428e+01 4.60913706598617585e-03 1.84561360650148435e-05
 9.13333333333333428e+01 9.14666666666666686e+01 4.60971311676392978e-03 1.17589348481489808e-05
 9.14666666666666686e+01 9.15999999999999943e+01 4.61155193925584950e-03 1.09933478188525597e-05
 9.15999999999999943e+01 9.17333333333333343e+01 4.61365493456367647e-03 1.15675925610129490e-05
 9.17333333333333343e+01 9.18666666666666742e+01 4.62317873837666225e-03 1.30617037760219593e-05
 9.18666666666666742e+01 9.20000000000000000e+01 4.62530519574186165e-03 1.11654882107352384e-05
 9.20000000000000000e+01 9.21333333333333258e+01 4.62775012008866289e-03 1.15912209600728617e-05
 9.21333333333333258e+01 9.22666666666666657e+01 4.63601341569390077e-03 1.19379405908580738e-05
 9.22666666666666657e+01 9.24000000000000057e+01 4.67214900907416374e-03 1.15112364246577228e-05
 9.24000000000000057e+01 9.25333333333333314e+01 4.66879808768264244e-03 1.40013518889985462e-05
 9.25333333333333314e+01 9.26666666666666572e+01 4.66985743273981742e-03 1.17662911213188873e-05
 9.26666666666666572e+01 9.27999999999999972e+01 4.68791228847271861e-03 1.18774009921892299e-05
 9.27999999999999972e+01 9.29333333333333371e+01 4.69008007263490255e-03 1.14230862254352346e-05
 9.29333333333333371e+01 9.30666666666666629e+01 4.68861807782861972e-03 1.19788141075776138e-05
 9.30666666666666629e+01 9.32000000000000028e+01 4.71328749342575515e-03 1.43759775948928362e-05
 9.32000000000000028e+01 9.33333333333333428e+01 4.69576628310172228e-03 1.07348747943741202e-05
 9.33333333333333428e+01 9.34666666666666686e+01 4.71987984935877836e-03 1.33877794628066932e-05
 9.34666666666666686e+01 9.35999999999999943e+01 4.70199838356867312e-03 1.20172987300573047e-05
 9.35999999999999943e+01 9.37333333333333343e+01 4.71061506743163452e-03 1.18493646810815664e-05
 9.37333333333333343e+01 9.38666666666666742e+01 4.74897002663443590e-03 1.59707564050763420e-05
 9.38666666666666742e+01 9.40000000000000000e+01 4.73397345692847405e-03 1.39947765500063071e-05
 9.40000000000000000e+01 9.41333333333333258e+01 4.72028884973898361e-03 1.07861133986845191e-05
 9.41333333333333258e+01 9.42666666666666657e+01 4.75846927341903782e-03 1.17029344180238469e-05
 9.42666666666666657e+01 9.44000000000000057e+01 4.73975116162034856e-03 1.29007888774155692e-05
 9.44000000000000057e+01 9.45333333333333314e+01 4.77422920998818445e-03 2.19778835677858682e-05
 9.45333333333333314e+01 9.46666666666666572e+01 4.76000748405991641e-03 1.34016785055189485e-05
 9.46666666666666572e+01 9.47999999999999972e+01 4.77925966956912942e-03 1.19459443172371887e-05
 9.47999999999999972e+01 9.49333333333333371e+01 4.77140070288574816e-03 1.34902897032980580e-05
 9.49333333333333371e+01 9.50666666666666629e+01 4.77911444860698240e-03 1.25368749043742274e-05
 9.50666666666666629e+01 9.52000000000000028e+01 4.78813913759896289e-03 1.17610364165494496e-05
 9.52000000000000028e+01 9.53333333333333428e+01 4.78575184343529598e-03 1.14225236317880932e-05
 9.53333333333333428e+01 9.54666666666666686e+01 4.78982323005154760e-03 1.23254096575433627e-05
 9.54666666666666686e+01 9.55999999999999943e+01 4.79530608706170685e-03 1.10954235547265681e-05
 9.55999999999999943e+01 9.57333333333333343e+01 4.78570160289474179e-03 1.13709441117393296e-05
 9.57333333333333343e+01 9.58666666666666742e+01 4.77709048262741319e-03 1.27793944341414875e-05
 9.58666666666666742e+01 9.60000000000000000e+01 4.81674300169171801e-03 1.19660731613150243e-05
 9.60000000000000000e+01 9.61333333333333258e+01 4.79188259226042291e-03 1.14454364374752266e-05
 9.61333333333333258e+01 9.62666666666666657e+01 4.81437867017340572e-03 1.38493495509614087e-05
 9.62666666666666657e+01 9.64000000000000057e+01 4.82437352574369149e-03 1.41447403928867811e-05
 9.64000000000000057e+01 9.65333333333333314e+01 4.83173298077325779e-03 1.34450988988442439e-05
 9.65333333333333314e+01 9.66666666666666572e+01 4.83582089201504452e-03 1.22182352903898792e-05
 9.66666666666666572e+01 9.67999999999999972e+01 4.84924383006034559e-03 1.51860968966024733e-05
 9.67999999999999972e+01 9.69333333333333371e+01 4.83134275285754429e-03 1.16221420440761370e-05
 9.69333333333333371e+01 9.70666666666666629e+01 4.85666763609766700e-03 1.49107658578850882e-05
 9.70666666666666629e+01 9.72000000000000028e+01 4.83422130677303285e-03 1.43060744652873484e-05
 9.72000000000000028e+01 9.73333333333333428e+01 4.85002780367329005e-03 1.24140766979431152e-05
 9.73333333333333428e+01 9.74666666666666686e+01 4.84946216049062396e-03 1.11774134328055905e-05
 9.74666666666666686e+01 9.75999999999999943e+01 4.83524302819870588e-03 1.22605196504106819e-05
 9.75999999999999943e+01 9.77333333333333343e+01 4.84506453671256290e-03 1.24649855115488322e-05
 9.77333333333333343e+01 9.78666666666666742e+01 4.84161540425081301e-03 1.13001197428678652e-05
 9.78666666666666742e+01 9.80000000000000000e+01 4.87560575151761450e-03 1.44288581111895967e-05
 9.80000000000000000e+01 9.81333333333333258e+01 4.87021900498750462e-03 1.93617840695400034e-05
 9.81333333333333258e+01 9.82666666666666657e+01 4.84317327787023386e-03 1.18621401127046663e-05
 9.82666666666666657e+01 9.84000000000000057e+01 4.85234214030594302e-03 1.13373897777929581e-05
 9.84000000000000057e+01 9.85333333333333314e+01 4.86724181351861143e-03 1.24712029477336711e-05
 9.85333333333333314e+01 9.86666666666666572e+01 4.87190806353352684e-03 1.12700376817138034e-05
 9.86666666666666572e+01 9.87999999999999972e+01 4.86065350188876616e-03 1.15235726123385399e-05
 9.87999999999999972e+01 9.89333333333333371e+01 4.86967344897388816e-03 1.16200327057787003e-05
 9.89333333333333371e+01 9.90666666666666629e+01 4.86121387802771008e-03 1.14933950509548971e-05
 9.90666666666666629e+01 9.92000000000000028e+01 4.86242339662620263e-03 1.22477304084198072e-05
 9.92000000000000028e+01 9.93333333333333428e+01 4.86646536017802927e-03 1.32413128669697795e-05
 9.93333333333333428e+01 9.94666666666666686e+01 4.84570355144867300e-03 1.12374599844810360e-05
 9.94666666666666686e+01 9.95999999999999943e+01 4.88901858471273848e-03 1.47570896896898159e-05
 9.95999999999999943e+01 9.97333333333333343e+01 4.86444398891064216e-03 1.15371040550732260e-05
 9.97333333333333343e+01 9.98666666666666742e+01 4.86746405822070707e-03 1.18532983373393060e-05
 9.98666666666666742e+01 1.00000000000000000e+02 4.87839177904099766e-03 1.32370992559265459e-05
 1.00000000000000000e+02 1.00133333333333326e+02 4.88127180403311652e-03 1.15864842557803140e-05
 1.00133333333333326e+02 1.00266666666666666e+02 4.88024944385517540e-03 1.43231029405970136e-05
 1.00266666666666666e+02 1.00400000000000006e+02 4.85428339884622952e-03 1.11323516524581981e-05
 1.00400000000000006e+02 1.00533333333333331e+02 4.86872366625963528e-03 1.41943689557542847e-05
 1.00533333333333331e+02 1.00666666666666657e+02 4.86987454995445844e-03 1.22807742606345704e-05
 1.00666666666666657e+02 1.00799999999999997e+02 4.85443055282749805e-03 1.11061590350375907e-05
 1.00799999999999997e+02 1.00933333333333337e+02 4.91511341313025270e-03 2.29816200812344424e-05
 1.00933333333333337e+02 1.01066666666666663e+02 4.86208315904390013e-03 1.12561743417990713e-05
 1.01066666666666663e+02 1.01200000000000003e+02 4.88758668556107858e-03 1.19841098507189015e-05
 1.01200000000000003e+02 1.01333333333333343e+02 4.87784978872128280e-03 1.22351067882570419e-05
 1.01333333333333343e+02 1.01466666666666669e+02 4.86110629561755606e-03 1.15003775773878923e-05
 1.01466666666666669e+02 1.01599999999999994e+02 4.84828698354982431e-03 1.10682215184383850e-05
 1.01599999999999994e+02 1.01733333333333334e+02 4.85112233887125249e-03 1.15400395426262243e-05
 1.01733333333333334e+02 1.01866666666666674e+02 4.86925520710060865e-03 1.10310935783005090e-05
 1.01866666666666674e+02 1.02000000000000000e+02 4.87710055222130047e-03 1.12564026332508810e-05
 1.02000000000000000e+02 1.02133333333333326e+02 4.87328107266952765e-03 1.22806243991416721e-05
 1.02133333333333326e+02 1.02266666666666666e+02 4.88169812360450105e-03 1.48109249070005910e-05
 1.02266666666666666e+02 1.02400000000000006e+02 4.84753119966537405e-03 1.15737783680026651e-05
 1.02400000000000006e+02 1.02533333333333331e+02 4.90225733946271069e-03 1.29683349735447334e-05
 1.02533333333333331e+02 1.02666666666666657e+02 4.85510348935510976e-03 1.17060401136349659e-05
 1.02666666666666657e+02 1.02799999999999997e+02 4.86927331670568547e-03 1.65739902420856655e-05
 1.02799999999999997e+02 1.02933333333333337e+02 4.86717558645779168e-03 1.17021886323856217e-05
 1.02933333333333337e+02 1.03066666666666663e+02 4.85537407469669498e-03 1.15958656522221502e-05
 1.03066666666666663e+02 1.03200000000000003e+02 4.85823116377752037e-03 1.42742745254735605e-05
 1.03200000000000003e+02 1.03333333333333343e+02 4.86209892103121356e-03 1.16716134029666657e-05
 1.03333333333333343e+02 1.03466666666666669e+02 4.84702469229771147e-03 1.28923749498720112e-05
 1.03466666666666669e+02 1.03599999999999994e+02 4.83707394035888874e-03 1.13963493978964836e-05
 1.03599999999999994e+02 1.03733333333333334e+02 4.85392379277816387e-03 1.19849424886934440e-05
 1.03733333333333334e+02 1.03866666666666674e+02 4.85390753451236077e-03 1.27734169441037404e-05
 1.03866666666666674e+02 1.04000000000000000e+02 4.85478464071840542e-03 1.39419082784522674e-05
 1.04000000000000000e+02 1.04133333333333326e+02 4.84584926646648879e-03 1.17093949442975393e-05
 1.04133333333333326e+02 1.04266666666666666e+02 4.89163932317437933e-03 4.32489271290147857e-05
 1.04266666666666666e+02 1.04400000000000006e+02 4.82032737586213667e-03 1.14040335703212118e-05
 1.04400000000000006e+02 1.04533333333333331e+02 4.84867501980908427e-03 1.48977605115596774e-05
 1.04533333333333331e+02 1.04666666666666657e+02 4.85097617777108161e-03 1.61420402141481691e-05
 1.04666666666666657e+02 1.04799999999999997e+02 4.83263886749750286e-03 1.08555800343505066e-05
 1.04799999999999997e+02 1.04933333333333337e+02 4.82901229001353113e-03 1.57785921623646690e-05
 1.04933333333333337e+02 1.05066666666666663e+02 4.81401171560860101e-03 1.18316199014045637e-05
 1.05066666666666663e+02 1.05200000000000003e+02 4.80669763105893641e-03 1.14018505580384075e-05
 1.05200000000000003e+02 1.05333333333333343e+02 4.83180381586456858e-03 1.31609238051847552e-05
 1.05333333333333343e+02 1.05466666666666669e+02 4.82092263027867653e-03 1.37572391339270587e-05
 1.05466666666666669e+02 1.05599999999999994e+02 4.79833326690570598e-03 1.19462853892195591e-05
 1.05599999999999994e+02 1.05733333333333334e+02 4.80829792399528350e-03 1.21438373410415092e-05
 1.05733333333333334e+02 1.05866666666666674e+02 4.79334112385248774e-03 1.16704379906904793e-05
 1.05866666666666674e+02 1.06000000000000000e+02 4.80307792615335388e-03 1.20730374199175804e-05
 1.06000000000000000e+02 1.06133333333333326e+02 4.77293750744577604e-03 1.09564062206084796e-05
 1.06133333333333326e+02 1.06266666666666666e+02 4.77650652892136224e-03 1.56055772179328619e-05
 1.06266666666666666e+02 1.06400000000000006e+02 4.77774605169809224e-03 1.20922355575389901e-05
 1.06400000000000006e+02 1.06533333333333331e+02 4.78822267060319967e-03 1.39058512512709917e-05
 1.06533333333333331e+02 1.06666666666666657e+02 4.75380334747875152e-03 1.15580564350788664e-05
 1.06666666666666657e+02 1.06799999999999997e+02 4.74906476693838942e-03 1.32233529804899336e-05
 1.06799999999999997e+02 1.06933333333333337e+02 4.76007593093164590e-03 1.17763037037143061e-05
 1.06933333333333337e+02 1.07066666666666663e+02 4.76704263194398150e-03 2.12928476853738420e-05
 1.07066666666666663e+02 1.07200000000000003e+02 4.72825900545814897e-03 1.14828400387345903e-05
 1.07200000000000003e+02 1.07333333333333343e+02 4.73598460936947713e-03 1.11562432457556602e-05
 1.07333333333333343e+02 1.07466666666666669e+02 4.73793462025491347e-03 1.12948247671940167e-05
 1.07466666666666669e+02 1.07599999999999994e+02 4.72583255080269698e-03 1.23627864862112127e-05
 1.07599999999999994e+02 1.07733333333333334e+02 4.71641933774827587e-03 1.13633244463333465e-05
 1.07733333333333334e+02 1.07866666666666674e+02 4.71475385058949068e-03 1.49552938434632385e-05
 1.07866666666666674e+02 1.08000000000000000e+02 4.73188288545356699e-03 1.23662741287544521e-05
 1.08000000000000000e+02 1.08133333333333326e+02 4.70090982863169936e-03 1.31935788491213477e-05
 1.08133333333333326e+02 1.08266666666666666e+02 4.67333249829249286e-03 1.48941332080400592e-05
 1.08266666666666666e+02 1.08400000000000006e+02 4.70935074017984900e-03 1.42424623754100410e-05
 1.08400000000000006e+02 1.08533333333333331e+02 4.65128043660549030e-03 1.09202919119477632e-05
 1.08533333333333331e+02 1.08666666666666657e+02 4.65916633523450613e-03 1.19213697694684319e-05
 1.08666666666666657e+02 1.08799999999999997e+02 4.65976838605606028e-03 1.15249674970915023e-05
 1.08799999999999997e+02 1.08933333333333337e+02 4.63512878130166017e-03 1.30897030392831291e-05
 1.08933333333333337e+02 1.09066666666666663e+02 4.64051854742903065e-03 1.10583752773442933e-05
 1.09066666666666663e+02 1.09200000000000003e+02 4.64225363415711554e-03 1.23883491502081340e-05
 1.09200000000000003e+02 1.09333333333333343e+02 4.62110281466359112e-03 1.06656943068779858e-05
 1.09333333333333343e+02 1.09466666666666669e+02 4.63018279306175087e-03 1.11328311238918731e-05
 1.09466666666666669e+02 1.09599999999999994e+02 4.62989731853338631e-03 1.19494010522602088e-05
 1.09599999999999994e+02 1.09733333333333334e+02 4.62173317374312172e-03 1.22120601547470259e-05
 1.09733333333333334e+02 1.09866666666666674e+02 4.60053358755834526e-03 1.22974067075365040e-05
 1.09866666666666674e+02 1.10000000000000000e+02 4.59987042294986506e-03 1.16540958201455622e-05
 1.10000000000000000e+02 1.10133333333333326e+02 4.58363045666555866e-03 1.32800289069763270e-05
 1.10133333333333326e+02 1.10266666666666666e+02 4.56293797051830936e-03 1.45402881502323716e-05
 1.10266666666666666e+02 1.10400000000000006e+02 4.56978766580113695e-03 1.35790873353205347e-05
 1.10400000000000006e+02 1.10533333333333331e+02 4.55042965563225849e-03 1.05462122673890165e-05
 1.10533333333333331e+02 1.10666666666666657e+02 4.53229337820633144e-03 1.06352857470852603e-05
 1.10666666666666657e+02 1.10799999999999997e+02 4.53532713006082368e-03 1.13960690354801936e-05
 1.10799999999999997e+02 1.10933333333333337e+02 4.51706262968051223e-03 1.08244298202998457e-05
 1.10933333333333337e+02 1.11066666666666663e+02 4.51201730788897398e-03 1.11217137704049863e-05
 1.11066666666666663e+02 1.11200000000000003e+02 4.49633594202692236e-03 1.17152595843352440e-05
 1.11200000000000003e+02 1.11333333333333343e+02 4.49688897670515435e-03 1.14286950675228365e-05
 1.11333333333333343e+02 1.11466666666666669e+02 4.48620863250596275e-03 1.08933679779048785e-05
 1.11466666666666669e+02 1.11599999999999994e+02 4.48639514001065737e-03 1.10098076527944502e-05
 1.11599999999999994e+02 1.11733333333333334e+02 4.47638042568821067e-03 1.12658304420778473e-05
 1.11733333333333334e+02 1.11866666666666674e+02 4.44907389350474025e-03 1.09531055650599115e-05
 1.11866666666666674e+02 1.12000000000000000e+02 4.45995032632409520e-03 1.58593581281448103e-05
 1.12000000000000000e+02 1.12133333333333326e+02 4.45251214270852170e-03 1.23614570941917061e-05
 1.12133333333333326e+02 1.12266666666666666e+02 4.42857692589313911e-03 1.16521244573869330e-05
 1.12266666666666666e+02 1.12400000000000006e+02 4.42785219724397931e-03 1.03572166148839577e-05
 1.12400000000000006e+02 1.12533333333333331e+02 4.40596468732971404e-03 1.03320995078097158e-05
 1.12533333333333331e+02 1.12666666666666657e+02 4.40998980646845323e-03 1.51475817832866166e-05
 1.12666666666666657e+02 1.12799999999999997e+02 4.39180477728609835e-03 1.17220875898215336e-05
 1.12799999999999997e+02 1.12933333333333337e+02 4.37125340324781998e-03 1.04002636266068307e-05
 1.12933333333333337e+02 1.13066666666666663e+02 4.38344842337733825e-03 1.32011135211993220e-05
 1.13066666666666663e+02 1.13200000000000003e+02 4.34103879678058354e-03 1.03529427957988858e-05
 1.13200000000000003e+02 1.13333333333333343e+02 4.34495489234703550e-03 1.14791676267773402e-05
 1.13333333333333343e+02 1.13466666666666669e+02 4.34046332324859035e-03 1.09358250691632620e-05
 1.13466666666666669e+02 1.13599999999999994e+02 4.32985604260305388e-03 1.12579662574717410e-05
 1.13599999999999994e+02 1.13733333333333334e+02 4.31386825767197859e-03 1.14853684493854046e-05
 1.13733333333333334e+02 1.13866666666666674e+02 4.29527349729141080e-03 1.33457009230875917e-05
 1.13866666666666674e+02 1.14000000000000000e+02 4.27735123318594927e-03 1.14137006252153460e-05
 1.14000000000000000e+02 1.14133333333333340e+02 4.25813811536112329e-03 1.03188050767527256e-05
 1.14133333333333340e+02 1.14266666666666666e+02 4.25484281064985280e-03 1.06333678734415713e-05
 1.14266666666666666e+02 1.14400000000000006e+02 4.26236379518632903e-03 1.16428037593440795e-05
 1.14400000000000006e+02 1.14533333333333331e+02 4.22134085806697996e-03 1.19484967591755897e-05
 1.14533333333333331e+02 1.14666666666666671e+02 4.20552767188633186e-03 1.04839871689865689e-05
 1.14666666666666671e+02 1.14799999999999997e+02 4.18561030683350932e-03 1.20125424568667074e-05
 1.14799999999999997e+02 1.14933333333333337e+02 4.18534250612867444e-03 1.04223867004958514e-05
 1.14933333333333337e+02 1.15066666666666663e+02 4.16760386181376594e-03 1.09610755085475861e-05
 1.15066666666666663e+02 1.15200000000000003e+02 4.14579196737618807e-03 1.01907944717257038e-05
 1.15200000000000003e+02 1.15333333333333329e+02 4.16746073470807953e-03 1.43836982737497055e-05
 1.15333333333333329e+02 1.15466666666666669e+02 4.12291298126318817e-03 9.89084840349150501e-06
 1.15466666666666669e+02 1.15599999999999994e+02 4.11144856202197082e-03 1.04647367611586380e-05
 1.15599999999999994e+02 1.15733333333333334e+02 4.11749988171938603e-03 1.43743272670775853e-05
 1.15733333333333334e+02 1.15866666666666660e+02 4.09286375865271917e-03 1.13525985638337035e-05
 1.15866666666666660e+02 1.16000000000000000e+02 4.07405546358522580e-03 1.05731482728799836e-05
 1.16000000000000000e+02 1.16133333333333340e+02 4.04998506418153496e-03 1.08182526976027572e-05
 1.16133333333333340e+02 1.16266666666666666e+02 4.05348773273040384e-03 1.13574996367216001e-05
 1.16266666666666666e+02 1.16400000000000006e+02 4.03652762663977462e-03 1.12697921834649036e-05
 1.16400000000000006e+02 1.16533333333333331e+02 4.01766094740065114e-03 1.05188107171363086e-05
 1.16533333333333331e+02 1.16666666666666671e+02 3.99375503220983363e-03 1.26552805667449026e-05
 1.16666666666666671e+02 1.16799999999999997e+02 3.98685084360070417e-03 1.11618196032860833e-05
 1.16799999999999997e+02 1.16933333333333337e+02 3.96170348895333833e-03 1.11663449716656060e-05
 1.16933333333333337e+02 1.17066666666666663e+02 3.94865197426596745e-03 1.18925359563855995e-05
 1.17066666666666663e+02 1.17200000000000003e+02 3.93744496958711287e-03 1.09705678977245600e-05
 1.17200000000000003e+02 1.17333333333333329e+02 3.92979103078874153e-03 1.05594065710202876e-05
 1.17333333333333329e+02 1.17466666666666669e+02 3.91217762021606186e-03 1.20164098993462140e-05
 1.17466666666666669e+02 1.17599999999999994e+02 3.88706573208054060e-03 1.21093559685433843e-05
 1.17599999999999994e+02 1.17733333333333334e+02 3.90292556054654474e-03 2.01561291364461634e-05
 1.17733333333333334e+02 1.17866666666666660e+02 3.87578946406805453e-03 1.73448370339391278e-05
 1.17866666666666660e+02 1.18000000000000000e+02 3.83716317068081040e-03 1.01228470324075764e-05
 1.18000000000000000e+02 1.18133333333333340e+02 3.82207227162273573e-03 1.01475645692515135e-05
 1.18133333333333340e+02 1.18266666666666666e+02 3.81170158439535266e-03 1.05914533657348014e-05
 1.18266666666666666e+02 1.18400000000000006e+02 3.80594869857863588e-03 1.16125687107928904e-05
 1.18400000000000006e+02 1.18533333333333331e+02 3.77870214040327895e-03 1.10902997463958804e-05
 1.18533333333333331e+02 1.18666666666666671e+02 3.74591644712027371e-03 1.03254251756261452e-05
 1.18666666666666671e+02 1.18799999999999997e+02 3.75730016491658330e-03 1.45899453621714715e-05
 1.18799999999999997e+02 1.18933333333333337e+02 3.72185514207657190e-03 1.14611204307474389e-05
 1.18933333333333337e+02 1.19066666666666663e+02 3.69758370394758723e-03 9.98843664822283987e-06
 1.19066666666666663e+02 1.19200000000000003e+02 3.67440718946544309e-03 1.18830421669075215e-05
 1.19200000000000003e+02 1.19333333333333329e+02 3.64032801849971735e-03 1.01072075078824675e-05
 1.19333333333333329e+02 1.19466666666666669e+02 3.65512009073264187e-03 9.81166196341782843e-06
 1.19466666666666669e+02 1.19599999999999994e+02 3.66924188296814582e-03 1.61202171639373571e-05
 1.19599999999999994e+02 1.19733333333333334e+02 3.61287689728354575e-03 1.04110428481687175e-05
 1.19733333333333334e+02 1.19866666666666660e+02 3.60551964250118481e-03 1.47793892666082511e-05
 1.19866666666666660e+02 1.20000000000000000e+02 3.58813253211232551e-03 1.22245760803515384e-05
 1.20000000000000000e+02 1.20133333333333340e+02 3.56691351141741374e-03 1.01357769589637787e-05
 1.20133333333333340e+02 1.20266666666666666e+02 3.54367508713430762e-03 1.02150550871112756e-05
 1.20266666666666666e+02 1.20400000000000006e+02 3.53094608855507655e-03 1.00733074178205868e-05
 1.20400000000000006e+02 1.20533333333333331e+02 3.51330944876634792e-03 1.01137442197176544e-05
 1.20533333333333331e+02 1.20666666666666671e+02 3.49162563332559633e-03 1.02729506620862302e-05
 1.20666666666666671e+02 1.20799999999999997e+02 3.47655404605253784e-03 1.06682235496852551e-05
 1.20799999999999997e+02 1.20933333333333337e+02 3.47150734624395796e-03 9.32237630336026768e-06
 1.20933333333333337e+02 1.21066666666666663e+02 3.42861283839266144e-03 9.86037500905664019e-06
 1.21066666666666663e+02 1.21200000000000003e+02 3.43260941142876658e-03 9.63028727150044573e-06
 1.21200000000000003e+02 1.21333333333333329e+02 3.41535328291016739e-03 9.89364164668828638e-06
 1.21333333333333329e+02 1.21466666666666669e+02 3.39078851792313845e-03 1.23250872027796124e-05
 1.21466666666666669e+02 1.21599999999999994e+02 3.37436601478172463e-03 9.19915795176299160e-06
 1.21599999999999994e+02 1.21733333333333334e+02 3.36386374023923615e-03 9.57552960072187098e-06
 1.21733333333333334e+02 1.21866666666666660e+02 3.33939579422103377e-03 1.01556071457774354e-05
 1.21866666666666660e+02 1.22000000000000000e+02 3.34649697291650779e-03 1.80003202536711744e-05
 1.22000000000000000e+02 1.22133333333333340e+02 3.31045367070638289e-03 9.74974657849304538e-06
 1.22133333333333340e+02 1.22266666666666666e+02 3.28742364192402591e-03 9.01530743815941582e-06
 1.22266666666666666e+02 1.22400000000000006e+02 3.27864138893347321e-03 1.00499171966989498e-05
 1.22400000000000006e+02 1.22533333333333331e+02 3.25965701345930529e-03 8.99094852722614607e-06
 1.22533333333333331e+02 1.22666666666666671e+02 3.24387914587925255e-03 9.73662424610787912e-06
 1.22666666666666671e+02 1.22799999999999997e+02 3.21820365505566010e-03 1.19456392002840435e-05
 1.22799999999999997e+02 1.22933333333333337e+02 3.20387265976491671e-03 1.00739009174571251e-05
 1.22933333333333337e+02 1.23066666666666663e+02 3.17617711537526021e-03 8.99983929912266662e-06
 1.23066666666666663e+02 1.23200000000000003e+02 3.18411510938858364e-03 1.04801041071308221e-05
 1.23200000000000003e+02 1.23333333333333329e+02 3.18700871446134714e-03 1.55872989410764270e-05
 1.23333333333333329e+02 1.23466666666666669e+02 3.14856191444056605e-03 1.10760543390088534e-05
 1.23466666666666669e+02 1.23599999999999994e+02 3.10037330899335653e-03 8.73954873935862678e-06
 1.23599999999999994e+02 1.23733333333333334e+02 3.08059063652716975e-03 9.09925817148053561e-06
 1.23733333333333334e+02 1.23866666666666660e+02 3.08167319141421179e-03 9.81263732973024412e-06
 1.23866666666666660e+02 1.24000000000000000e+02 3.05106822538931451e-03 9.07964799524429277e-06
 1.24000000000000000e+02 1.24133333333333340e+02 3.05685352708720418e-03 1.04667818300126562e-05
 1.24133333333333340e+02 1.24266666666666666e+02 3.02195279940429846e-03 9.06035722156177368e-06
 1.24266666666666666e+02 1.24400000000000006e+02 3.01560922980217668e-03 9.04017267213372219e-06
 1.24400000000000006e+02 1.24533333333333331e+02 2.98812046356196435e-03 1.07771771869186394e-05
 1.24533333333333331e+02 1.24666666666666671e+02 2.99556894580925480e-03 1.45186292293216644e-05
 1.24666666666666671e+02 1.24799999999999997e+02 2.94064466562267077e-03 9.07539672068058709e-06
 1.24799999999999997e+02 1.24933333333333337e+02 2.92444035327300107e-03 9.24380285717579068e-06
 1.24933333333333337e+02 1.25066666666666663e+02 2.91191792433330302e-03 9.00741956556567748e-06
 1.25066666666666663e+02 1.25200000000000003e+02 2.89514171922779489e-03 9.42383961854583970e-06
 1.25200000000000003e+02 1.25333333333333329e+02 2.89310121616997333e-03 1.38768812662215767e-05
 1.25333333333333329e+02 1.25466666666666669e+02 2.86892210712575389e-03 8.99120717354769327e-06
 1.25466666666666669e+02 1.25599999999999994e+02 2.84382027575672902e-03 8.84810331869131230e-06
 1.25599999999999994e+02 1.25733333333333334e+02 2.82314295607674149e-03 9.27103593516084590e-06
 1.25733333333333334e+02 1.25866666666666660e+02 2.81657307397961297e-03 8.71569187166175899e-06
 1.25866666666666660e+02 1.26000000000000000e+02 2.79444638372594069e-03 1.37315316618219025e-05
 1.26000000000000000e+02 1.26133333333333340e+02 2.78066178715709192e-03 9.01031786180087753e-06
 1.26133333333333340e+02 1.26266666666666666e+02 2.75284641654327967e-03 1.01504447332118453e-05
 1.26266666666666666e+02 1.26400000000000006e+02 2.73509545914579896e-03 1.07283864372037371e-05
 1.26400000000000006e+02 1.26533333333333331e+02 2.71864979371276311e-03 8.75659483235759194e-06
 1.26533333333333331e+02 1.26666666666666671e+02 2.72897150090372536e-03 1.03149707898460548e-05
 1.26666666666666671e+02 1.26799999999999997e+02 2.68518623041572903e-03 8.50587769249505193e-06
 1.26799999999999997e+02 1.26933333333333337e+02 2.67259106769119400e-03 9.16216059551468985e-06
 1.26933333333333337e+02 1.27066666666666663e+02 2.64299965190115853e-03 8.63406922184379146e-06
 1.27066666666666663e+02 1.27200000000000003e+02 2.62449106628138843e-03 8.55132961004765516e-06
 1.27200000000000003e+02 1.27333333333333329e+02 2.61093313467334210e-03 8.49570678208171080e-06
 1.27333333333333329e+02 1.27466666666666669e+02 2.60405002578982352e-03 9.22764365669007555e-06
 1.27466666666666669e+02 1.27599999999999994e+02 2.57251895251589058e-03 8.26404082805329560e-06
 1.27599999999999994e+02 1.27733333333333334e+02 2.57563569972044581e-03 8.55480312131631389e-06
 1.27733333333333334e+02 1.27866666666666660e+02 2.52782650756648488e-03 8.51604865191474630e-06
 1.27866666666666660e+02 1.28000000000000000e+02 2.53363915305925610e-03 8.31200053297947589e-06
 1.28000000000000000e+02 1.28133333333333326e+02 2.50326075277591776e-03 8.33947037261981555e-06
 1.28133333333333326e+02 1.28266666666666652e+02 2.49761774339668681e-03 1.03986535043285573e-05
 1.28266666666666652e+02 1.28400000000000006e+02 2.47931862251334198e-03 1.23549048472840673e-05
 1.28400000000000006e+02 1.28533333333333331e+02 2.47290400239730517e-03 9.24327303845561723e-06
 1.28533333333333331e+02 1.28666666666666686e+02 2.45570407044156920e-03 8.76505758154599184e-06
 1.28666666666666686e+02 1.28800000000000011e+02 2.41159666281311408e-03 8.83161917679861269e-06
 1.28800000000000011e+02 1.28933333333333337e+02 2.40053310252165463e-03 8.58978397540472622e-06
 1.28933333333333337e+02 1.29066666666666663e+02 2.40466938260720450e-03 1.24353604312016410e-05
 1.29066666666666663e+02 1.29199999999999989e+02 2.37344185466959335e-03 8.20275979897015989e-06
 1.29199999999999989e+02 1.29333333333333314e+02 2.34648021368259220e-03 9.57998500146940097e-06
 1.29333333333333314e+02 1.29466666666666669e+02 2.34515772505427622e-03 9.05544820457061274e-06
 1.29466666666666669e+02 1.29599999999999994e+02 2.31453087673160873e-03 8.10367836250473940e-06
 1.29599999999999994e+02 1.29733333333333348e+02 2.29242298822668420e-03 8.33787463910958515e-06
 1.29733333333333348e+02 1.29866666666666674e+02 2.29426445673664749e-03 1.36618072867522768e-05
 1.29866666666666674e+02 1.30000000000000000e+02 2.27538732320374353e-03 9.48520767810797335e-06

Histogram:lp+
 1.40000000000000000e+02 1.40625000000000000e+02 1.38046760509869307e-07 3.28403975505935832e-08
 1.40625000000000000e+02 1.41250000000000000e+02 3.69676124281578032e-07 5.09979073314641138e-08
 1.41250000000000000e+02 1.41875000000000000e+02 7.87825142531823864e-07 8.66082645942216259e-08
 1.41875000000000000e+02 1.42500000000000000e+02 1.23670878074821685e-06 1.37999029204067962e-07
 1.42500000000000000e+02 1.43125000000000000e+02 1.47289719717932980e-06 1.27146777046701299e-07
 1.43125000000000000e+02 1.43750000000000000e+02 1.86573092297882654e-06 1.85421900846157127e-07
 1.43750000000000000e+02 1.44375000000000000e+02 2.26063565071894753e-06 1.35078186719849944e-07
 1.44375000000000000e+02 1.45000000000000000e+02 2.43101552336947130e-06 1.31864630522611286e-07
 1.45000000000000000e+02 1.45625000000000000e+02 3.42955855482420409e-06 4.47158665919605317e-07
 1.45625000000000000e+02 1.46250000000000000e+02 3.52831213970605559e-06 3.54047224676905439e-07
 1.46250000000000000e+02 1.46875000000000000e+02 4.28236609962568018e-06 3.39757760195505680e-07
 1.46875000000000000e+02 1.47500000000000000e+02 4.51463283008127686e-06 3.01877614553306089e-07
 1.47500000000000000e+02 1.48125000000000000e+02 5.50813345839717869e-06 6.07514525897225018e-07
 1.48125000000000000e+02 1.48750000000000000e+02 5.08521416928221621e-06 2.55744626497827082e-07
 1.48750000000000000e+02 1.49375000000000000e+02 5.21964862978976174e-06 2.22575536685466685e-07
 1.49375000000000000e+02 1.50000000000000000e+02 5.68852011039725521e-06 4.66369582801798614e-07
 1.50000000000000000e+02 1.50625000000000000e+02 6.59013736183198214e-06 3.89460551789057706e-07
 1.50625000000000000e+02 1.51250000000000000e+02 6.47612381886499886e-06 2.69884021243578624e-07
 1.51250000000000000e+02 1.51875000000000000e+02 6.91076615730219502e-06 2.88240686531531061e-07
 1.51875000000000000e+02 1.52500000000000000e+02 7.25176527749156869e-06 2.28871003613342562e-07
 1.52500000000000000e+02 1.53125000000000000e+02 8.65597275300822591e-06 6.26722690543121662e-07
 1.53125000000000000e+02 1.53750000000000000e+02 7.89979385450467334e-06 2.47271803449389193e-07
 1.53750000000000000e+02 1.54375000000000000e+02 8.54096454579774121e-06 3.11184433619655103e-07
 1.54375000000000000e+02 1.55000000000000000e+02 9.00403162810367562e-06 3.24274170891954510e-07
 1.55000000000000000e+02 1.55625000000000000e+02 9.83295750677775702e-06 2.94303348914120184e-07
 1.55625000000000000e+02 1.56250000000000000e+02 9.58715800315020234e-06 3.06826708189108283e-07
 1.56250000000000000e+02 1.56875000000000000e+02 1.04537978270063015e-05 3.10166463435389505e-07
 1.56875000000000000e+02 1.57500000000000000e+02 1.13622687534534372e-05 4.30740205342673856e-07
 1.57500000000000000e+02 1.58125000000000000e+02 1.16183816252350459e-05 4.41524189252044395e-07
 1.58125000000000000e+02 1.58750000000000000e+02 1.19188129147014366e-05 3.62540963333852016e-07
 1.58750000000000000e+02 1.59375000000000000e+02 1.31955152002721773e-05 4.43310729644682508e-07
 1.59375000000000000e+02 1.60000000000000000e+02 1.26998039672852845e-05 3.02191336752137157e-07
 1.60000000000000000e+02 1.60625000000000000e+02 2.41765204727560737e-05 3.67167000843121926e-07
 1.60625000000000000e+02 1.61250000000000000e+02 3.56849485288042469e-05 1.52430505346815360e-06
 1.61250000000000000e+02 1.61875000000000000e+02 4.11907076886354866e-05 6.50065120193658231e-07
 1.61875000000000000e+02 1.62500000000000000e+02 4.61121256408250974e-05 7.34183017008874271e-07
 1.62500000000000000e+02 1.63125000000000000e+02 5.03166884442060049e-05 4.88311480442457274e-07
 1.63125000000000000e+02 1.63750000000000000e+02 5.45241603147036797e-05 8.26003040679613630e-07
 1.63750000000000000e+02 1.64375000000000000e+02 5.94972485992167769e-05 5.78402945794748813e-07
 1.64375000000000000e+02 1.65000000000000000e+02 6.38028869447814374e-05 5.52121235388872221e-07
 1.65000000000000000e+02 1.65625000000000000e+02 6.68090814702592127e-05 7.30775596827433818e-07
 1.65625000000000000e+02 1.66250000000000000e+02 7.07542211604613575e-05 6.46086892093666530e-07
 1.66250000000000000e+02 1.66875000000000000e+02 7.63922852454215447e-05 1.44981555536381152e-06
 1.66875000000000000e+02 1.67500000000000000e+02 7.82067303343487866e-05 7.86445022968837926e-07
 1.67500000000000000e+02 1.68125000000000000e+02 8.15880854558783547e-05 7.38665216253648721e-07
 1.68125000000000000e+02 1.68750000000000000e+02 8.37133868610530558e-05 6.16693160763329390e-07
 1.68750000000000000e+02 1.69375000000000000e+02 8.81966025466710126e-05 7.29104349796827118e-07
 1.69375000000000000e+02 1.70000000000000000e+02 9.11032528492574533e-05 7.46653947028447711e-07
 1.70000000000000000e+02 1.70625000000000000e+02 9.52934185754086789e-05 7.74013017224660474e-07
 1.70625000000000000e+02 1.71250000000000000e+02 9.80413760899450265e-05 7.14812688079449245e-07
 1.71250000000000000e+02 1.71875000000000000e+02 1.01325139787936932e-04 8.84764011861023160e-07
 1.71875000000000000e+02 1.72500000000000000e+02 1.03190535502594694e-04 7.22539641892846820e-07
 1.72500000000000000e+02 1.73125000000000000e+02 1.06533179358567296e-04 7.54260167143397651e-07
 1.73125000000000000e+02 1.73750000000000000e+02 1.10861343734913886e-04 1.04089972101406414e-06
 1.73750000000000000e+02 1.74375000000000000e+02 1.11771763078777938e-04 7.83730772776187362e-07
 1.74375000000000000e+02 1.75000000000000000e+02 1.14874529163865719e-04 9.00381642927996479e-07
 1.75000000000000000e+02 1.75625000000000000e+02 1.17938887766699571e-04 7.97572394393411668e-07
 1.75625000000000000e+02 1.76250000000000000e+02 1.20042183290643134e-04 7.56587997240886179e-07
 1.76250000000000000e+02 1.76875000000000000e+02 1.23720623015276699e-04 9.39041075020442139e-07
 1.76875000000000000e+02 1.77500000000000000e+02 1.25303543108215359e-04 7.72120822346900992e-07
 1.77500000000000000e+02 1.78125000000000000e+02 1.28724786536211279e-04 1.03270036340665969e-06
 1.78125000000000000e+02 1.78750000000000000e+02 1.32240093210520460e-04 8.62597451145312181e-07
 1.78750000000000000e+02 1.79375000000000000e+02 1.36867939561380293e-04 1.13944713181501343e-06
 1.79375000000000000e+02 1.80000000000000000e+02 1.38846398177326944e-04 8.72621460622163848e-07
 1.80000000000000000e+02 1.80625000000000000e+02 1.42951652491435876e-04 1.07956375328611176e-06
 1.80625000000000000e+02 1.81250000000000000e+02 1.44885185268214377e-04 9.26307701291618316e-07
 1.81250000000000000e+02 1.81875000000000000e+02 1.46251335222233781e-04 8.72955845909914627e-07
 1.81875000000000000e+02 1.82500000000000000e+02 1.49231285984272174e-04 9.45399962838954850e-07
 1.82500000000000000e+02 1.83125000000000000e+02 1.53025242494975698e-04 1.03353563619033384e-06
 1.83125000000000000e+02 1.83750000000000000e+02 1.54320757599347487e-04 9.21709213442529256e-07
 1.83750000000000000e+02 1.84375000000000000e+02 1.56390523190503818e-04 1.08287974841234565e-06
 1.84375000000000000e+02 1.85000000000000000e+02 1.57318504217705417e-04 9.11854763456254637e-07
 1.85000000000000000e+02 1.85625000000000000e+02 1.59125134833256382e-04 9.74516919823913409e-07
 1.85625000000000000e+02 1.86250000000000000e+02 1.58244841162614644e-04 8.79903101200233358e-07
 1.86250000000000000e+02 1.86875000000000000e+02 1.61357159382596117e-04 9.34641591723557683e-07
 1.86875000000000000e+02 1.87500000000000000e+02 1.63752145329493855e-04 1.18481512344743031e-06
 1.87500000000000000e+02 1.88125000000000000e+02 1.62879855446299731e-04 9.19204538674707240e-07
 1.88125000000000000e+02 1.88750000000000000e+02 1.65804733607311156e-04 1.03271309128059875e-06
 1.88750000000000000e+02 1.89375000000000000e+02 1.66281372945831663e-04 9.77700532293463879e-07
 1.89375000000000000e+02 1.90000000000000000e+02 1.68088283601452971e-04 9.17827318280074639e-07
 1.90000000000000000e+02 1.90625000000000000e+02 1.68436119094346416e-04 8.86631098415783227e-07
 1.90625000000000000e+02 1.91250000000000000e+02 1.71899314377081918e-04 1.28498656468147691e-06
 1.91250000000000000e+02 1.91875000000000000e+02 1.72512483175016914e-04 1.00006159995707873e-06
 1.91875000000000000e+02 1.92500000000000000e+02 1.72138939925990702e-04 1.04444008298587820e-06
 1.92500000000000000e+02 1.93125000000000000e+02 1.75120109376995027e-04 1.01217495393912482e-06
 1.93125000000000000e+02 1.93750000000000000e+02 1.73817170560114798e-04 9.52486693155337792e-07
 1.93750000000000000e+02 1.94375000000000000e+02 1.76983794834059108e-04 1.12341631005544063e-06
 1.94375000000000000e+02 1.95000000000000000e+02 1.76893367691131843e-04 9.37889297628177720e-07
 1.95000000000000000e+02 1.95625000000000000e+02 1.78974281536966413e-04 1.01459614688539823e-06
 1.95625000000000000e+02 1.96250000000000000e+02 1.81280751596740898e-04 9.81953536326511181e-07
 1.96250000000000000e+02 1.96875000000000000e+02 1.82090255980491754e-04 9.53339290402947077e-07
 1.96875000000000000e+02 1.97500000000000000e+02 1.83417112129811115e-04 9.79879072175861224e-07
 1.97500000000000000e+02 1.98125000000000000e+02 1.82746243165159573e-04 9.88160079129060343e-07
 1.98125000000000000e+02 1.98750000000000000e+02 1.85169595061206909e-04 9.73368369622436655e-07
 1.98750000000000000e+02 1.99375000000000000e+02 1.86782605580914897e-04 9.74291092260353591e-07
 1.99375000000000000e+02 2.00000000000000000e+02 1.88524538388754422e-04 1.03666332087609051e-06
 2.00000000000000000e+02 2.00625000000000000e+02 1.89440119028878715e-04 1.08948664068408449e-06
 2.00625000000000000e+02 2.01250000000000000e+02 1.90375812877120114e-04 9.79698598146278263e-07
 2.01250000000000000e+02 2.01875000000000000e+02 1.91900886587841014e-04 1.03073328386544010e-06
 2.01875000000000000e+02 2.02500000000000000e+02 1.95755627718088079e-04 1.35818898030127355e-06
 2.02500000000000000e+02 2.03125000000000000e+02 1.95172610851360835e-04 1.19462577373411770e-06
 2.03125000000000000e+02 2.03750000000000000e+02 1.97739160866358644e-04 1.04760917092740383e-06
 2.03750000000000000e+02 2.04375000000000000e+02 1.97151102905222087e-04 9.97238089093824944e-07
 2.04375000000000000e+02 2.05000000000000000e+02 2.00419648117008812e-04 1.09432491597437473e-06
 2.05000000000000000e+02 2.05625000000000000e+02 2.01874836862309673e-04 1.17840212178222496e-06
 2.05625000000000000e+02 2.06250000000000000e+02 2.02056877426252170e-04 1.03566374212721659e-06
 2.06250000000000000e+02 2.06875000000000000e+02 2.05348414345799641e-04 9.91739795895986590e-07
 2.06875000000000000e+02 2.07500000000000000e+02 2.05456813717915903e-04 1.17280774424359900e-06
 2.07500000000000000e+02 2.08125000000000000e+02 2.06726273323368915e-04 1.02273918172658518e-06
 2.08125000000000000e+02 2.08750000000000000e+02 2.08874456065701920e-04 1.08237026210375531e-06
 2.08750000000000000e+02 2.09375000000000000e+02 2.09736019853362714e-04 1.12695539623448069e-06
 2.09375000000000000e+02 2.10000000000000000e+02 2.10697343684665260e-04 1.07370554843152241e-06
 2.10000000000000000e+02 2.10625000000000000e+02 2.14091022013472067e-04 1.18428164183359608e-06
 2.10625000000000000e+02 2.11250000000000000e+02 2.12913406109521540e-04 1.06352925351674175e-06
 2.11250000000000000e+02 2.11875000000000000e+02 2.17020422783155306e-04 1.62395947818275943e-06
 2.11875000000000000e+02 2.12500000000000000e+02 2.15943906354068690e-04 1.20749182912991070e-06
 2.12500000000000000e+02 2.13125000000000000e+02 2.19959807820333127e-04 1.10191512567324392e-06
 2.13125000000000000e+02 2.13750000000000000e+02 2.20062203351915556e-04 1.16786427349494398e-06
 2.13750000000000000e+02 2.14375000000000000e+02 2.22696275437951185e-04 1.11514384900981336e-06
 2.14375000000000000e+02 2.15000000000000000e+02 2.25025948446898799e-04 1.16486364984516970e-06
 2.15000000000000000e+02 2.15625000000000000e+02 2.24557686922320415e-04 1.16842429502299678e-06
 2.15625000000000000e+02 2.16250000000000000e+02 2.27678348975000926e-04 1.30873174128697340e-06
 2.16250000000000000e+02 2.16875000000000000e+02 2.29942324879248302e-04 1.44098321468665376e-06
 2.16875000000000000e+02 2.17500000000000000e+02 2.29827591926000884e-04 1.24481173271002126e-06
 2.17500000000000000e+02 2.18125000000000000e+02 2.32203954045508691e-04 1.26013510583208217e-06
 2.18125000000000000e+02 2.18750000000000000e+02 2.32197706870830193e-04 1.19293650676425678e-06
 2.18750000000000000e+02 2.19375000000000000e+02 2.33959778795888646e-04 1.23348059940674602e-06
 2.19375000000000000e+02 2.20000000000000000e+02 2.36165838319845088e-04 1.19735999805037423e-06
 2.20000000000000000e+02 2.20625000000000000e+02 2.48522122061847598e-04 9.15452953883901957e-06
 2.20625000000000000e+02 2.21250000000000000e+02 2.39392543492935824e-04 1.06803271186442312e-06
 2.21250000000000000e+02 2.21875000000000000e+02 2.40548614144738389e-04 1.45725688026775291e-06
 2.21875000000000000e+02 2.22500000000000000e+02 2.43260092084571547e-04 1.14927051360845513e-06
 2.22500000000000000e+02 2.23125000000000000e+02 2.46187265988878417e-04 1.19319924154664538e-06
 2.23125000000000000e+02 2.23750000000000000e+02 2.45494142604852804e-04 1.28104403569011211e-06
 2.23750000000000000e+02 2.24375000000000000e+02 2.48986462177022705e-04 1.21847889268995867e-06
 2.24375000000000000e+02 2.25000000000000000e+02 2.48232487975413201e-04 1.21444305503572148e-06
 2.25000000000000000e+02 2.25625000000000000e+02 2.55542548868341497e-04 1.24501495703028300e-06
 2.25625000000000000e+02 2.26250000000000000e+02 2.52106886608797923e-04 1.21309826619597498e-06
 2.26250000000000000e+02 2.26875000000000000e+02 2.54329667962232696e-04 1.24342119278293144e-06
 2.26875000000000000e+02 2.27500000000000000e+02 2.57574164495753333e-04 1.28337248962296066e-06
 2.27500000000000000e+02 2.28125000000000000e+02 2.60469556717777390e-04 1.32716616107867638e-06
 2.28125000000000000e+02 2.28750000000000000e+02 2.61736523642517682e-04 1.35955123453238498e-06
 2.28750000000000000e+02 2.29375000000000000e+02 2.60657077736251648e-04 1.33015576554475943e-06
 2.29375000000000000e+02 2.30000000000000000e+02 2.63372046513461213e-04 1.23132360483149607e-06
 2.30000000000000000e+02 2.30625000000000000e+02 2.62597852180571436e-04 1.16152129151366435e-06
 2.30625000000000000e+02 2.31250000000000000e+02 2.68133962336026285e-04 1.25932331730517829e-06
 2.31250000000000000e+02 2.31875000000000000e+02 2.69002739086006437e-04 1.24435731176115963e-06
 2.31875000000000000e+02 2.32500000000000000e+02 2.71191280872161357e-04 1.23582502865126461e-06
 2.32500000000000000e+02 2.33125000000000000e+02 2.71226523044891695e-04 1.30013299722807485e-06
 2.33125000000000000e+02 2.33750000000000000e+02 2.75079595217156338e-04 1.28917973466956562e-06
 2.33750000000000000e+02 2.34375000000000000e+02 2.77135476740292068e-04 1.27842889167271314e-06
 2.34375000000000000e+02 2.35000000000000000e+02 2.79772804265581885e-04 1.32966694851111611e-06
 2.35000000000000000e+02 2.35625000000000000e+02 2.81493015597363851e-04 1.26870769560882027e-06
 2.35625000000000000e+02 2.36250000000000000e+02 2.80079014829254279e-04 1.37420646853753438e-06
 2.36250000000000000e+02 2.36875000000000000e+02 2.80724820344774848e-04 1.19711103836871001e-06
 2.36875000000000000e+02 2.37500000000000000e+02 2.85577800639432052e-04 1.42617552559508813e-06
 2.37500000000000000e+02 2.38125000000000000e+02 2.87081139058356096e-04 1.35123034559691973e-06
 2.38125000000000000e+02 2.38750000000000000e+02 2.90608680892411335e-04 1.27642283601562332e-06
 2.38750000000000000e+02 2.39375000000000000e+02 2.92850378624122929e-04 1.33810281461794271e-06
 2.39375000000000000e+02 2.40000000000000000e+02 2.91623579706653526e-04 1.35061058329162370e-06
 2.40000000000000000e+02 2.40625000000000000e+02 2.96083186582854247e-04 1.28285947708446835e-06
 2.40625000000000000e+02 2.41250000000000000e+02 2.96078387099084903e-04 1.27552611356597711e-06
 2.41250000000000000e+02 2.41875000000000000e+02 3.01654571690195396e-04 1.70190965419603798e-06
 2.41875000000000000e+02 2.42500000000000000e+02 3.02376153058881792e-04 1.32634387640775153e-06
 2.42500000000000000e+02 2.43125000000000000e+02 3.02634461124123562e-04 1.35481059541558097e-06
 2.43125000000000000e+02 2.43750000000000000e+02 3.04691779980627504e-04 1.39311366987580028e-06
 2.43750000000000000e+02 2.44375000000000000e+02 3.05800377036214484e-04 1.30075883480863659e-06
 2.44375000000000000e+02 2.45000000000000000e+02 3.10771220049242062e-04 1.86140175915881953e-06
 2.45000000000000000e+02 2.45625000000000000e+02 3.13154469718823628e-04 1.38081943615121165e-06
 2.45625000000000000e+02 2.46250000000000000e+02 3.12227257094097467e-04 1.44292562189278021e-06
 2.46250000000000000e+02 2.46875000000000000e+02 3.13712976757333172e-04 1.25134953254988584e-06
 2.46875000000000000e+02 2.47500000000000000e+02 3.18713131752795451e-04 1.56191360048832786e-06
 2.47500000000000000e+02 2.48125000000000000e+02 3.19264353380389334e-04 1.34458884131272168e-06
 2.48125000000000000e+02 2.48750000000000000e+02 3.22888344433121580e-04 1.49101041463560683e-06
 2.48750000000000000e+02 2.49375000000000000e+02 3.24457771190100278e-04 1.93932771688002865e-06
 2.49375000000000000e+02 2.50000000000000000e+02 3.24764306236659305e-04 1.39442513601043064e-06
 2.50000000000000000e+02 2.50625000000000000e+02 3.28492516581669583e-04 1.27104193146778130e-06
 2.50625000000000000e+02 2.51250000000000000e+02 3.31944180581438886e-04 1.37303970513405118e-06
 2.51250000000000000e+02 2.51875000000000000e+02 3.33607272079845286e-04 1.43699184006548879e-06
 2.51875000000000000e+02 2.52500000000000000e+02 3.37178398810676801e-04 1.54968092164514423e-06
 2.52500000000000000e+02 2.53125000000000000e+02 3.35667280132363104e-04 1.41760099740977390e-06
 2.53125000000000000e+02 2.53750000000000000e+02 3.38529544417927200e-04 1.56124766128875795e-06
 2.53750000000000000e+02 2.54375000000000000e+02 3.39485738503087560e-04 1.39180836743949842e-06
 2.54375000000000000e+02 2.55000000000000000e+02 3.41358747861366957e-04 1.49609721434509521e-06
 2.55000000000000000e+02 2.55625000000000000e+02 3.44958119152386552e-04 1.41481353071507511e-06
 2.55625000000000000e+02 2.56250000000000000e+02 3.50729048407324084e-04 1.52304761144979979e-06
 2.56250000000000000e+02 2.56875000000000000e+02 3.48862798330085925e-04 1.49052396429788334e-06
 2.56875000000000000e+02 2.57500000000000000e+02 3.53694823450571936e-04 1.44905677224391343e-06
 2.57500000000000000e+02 2.58125000000000000e+02 3.55936853213925457e-04 1.59325736424737108e-06
 2.58125000000000000e+02 2.58750000000000000e+02 3.56945941713398781e-04 1.36438701692735425e-06
 2.58750000000000000e+02 2.59375000000000000e+02 3.58539861045065926e-04 1.36672663211692974e-06
 2.59375000000000000e+02 2.60000000000000000e+02 3.60931389336611010e-04 1.46358241434413784e-06
 2.60000000000000000e+02 2.60625000000000000e+02 3.64627283539413916e-04 1.57194782512505646e-06
 2.60625000000000000e+02 2.61250000000000000e+02 3.66557094455952060e-04 1.45185150746241983e-06
 2.61250000000000000e+02 2.61875000000000000e+02 3.69342848059363283e-04 1.50971619331985076e-06
 2.61875000000000000e+02 2.62500000000000000e+02 3.70627175748805754e-04 1.43818415237888965e-06
 2.62500000000000000e+02 2.63125000000000000e+02 3.72912621838556054e-04 1.53897917197338775e-06
 2.63125000000000000e+02 2.63750000000000000e+02 3.76660690144479341e-04 1.56274738159198531e-06
 2.63750000000000000e+02 2.64375000000000000e+02 3.76832300829994772e-04 1.47464663690242659e-06
 2.64375000000000000e+02 2.65000000000000000e+02 3.82719960091340529e-04 1.86733203231355830e-06
 2.65000000000000000e+02 2.65625000000000000e+02 3.82691848003039641e-04 1.40790758410001541e-06
 2.65625000000000000e+02 2.66250000000000000e+02 3.86249810649982926e-04 1.66737367113219051e-06
 2.66250000000000000e+02 2.66875000000000000e+02 3.88348538225124736e-04 1.43441306396448109e-06
 2.66875000000000000e+02 2.67500000000000000e+02 3.94609043659298428e-04 1.49175932033457937e-06
 2.67500000000000000e+02 2.68125000000000000e+02 3.96924854717378088e-04 1.47989917800001693e-06
 2.68125000000000000e+02 2.68750000000000000e+02 3.97275366994768770e-04 1.46627017322155688e-06
 2.68750000000000000e+02 2.69375000000000000e+02 3.97868514943426502e-04 1.48926081192176403e-06
 2.69375000000000000e+02 2.70000000000000000e+02 4.01227261105607932e-04 1.42533629815801452e-06
 2.70000000000000000e+02 2.70625000000000000e+02 4.05439429076479322e-04 1.63529798181236518e-06
 2.70625000000000000e+02 2.71250000000000000e+02 4.08747663988887901e-04 1.58653421613476675e-06
 2.71250000000000000e+02 2.71875000000000000e+02 4.11927497071153689e-04 1.64667931347729107e-06
 2.71875000000000000e+02 2.72500000000000000e+02 4.12421288462328623e-04 1.57544677154426285e-06
 2.72500000000000000e+02 2.73125000000000000e+02 4.19220237329682641e-04 1.55885642927289352e-06
 2.73125000000000000e+02 2.73750000000000000e+02 4.18222474127366269e-04 1.50893688253654394e-06
 2.73750000000000000e+02 2.74375000000000000e+02 4.20801785987831079e-04 1.49639348476465037e-06
 2.74375000000000000e+02 2.75000000000000000e+02 4.22825300472942200e-04 1.52375454216381552e-06
 2.75000000000000000e+02 2.75625000000000000e+02 4.31260808329103618e-04 4.30185675416966482e-06
 2.75625000000000000e+02 2.76250000000000000e+02 4.32375488211017599e-04 1.81009587733410178e-06
 2.76250000000000000e+02 2.76875000000000000e+02 4.33919074553009386e-04 1.61942657458832299e-06
 2.76875000000000000e+02 2.77500000000000000e+02 4.38383060002684279e-04 1.64400702034795659e-06
 2.77500000000000000e+02 2.78125000000000000e+02 4.35404739200216521e-04 1.52996636780377120e-06
 2.78125000000000000e+02 2.78750000000000000e+02 4.44726679632943887e-04 1.75051711518537374e-06
 2.78750000000000000e+02 2.79375000000000000e+02 4.45193242369558971e-04 1.70004202779169387e-06
 2.79375000000000000e+02 2.80000000000000000e+02 4.47996076658704922e-04 1.69130295325938312e-06
 2.80000000000000000e+02 2.80625000000000000e+02 4.50413875144088855e-04 1.67316703822401501e-06
 2.80625000000000000e+02 2.81250000000000000e+02 4.53501599670128042e-04 1.64168913956636814e-06
 2.81250000000000000e+02 2.81875000000000000e+02 4.57535928485469840e-04 1.66340206624593084e-06
 2.81875000000000000e+02 2.82500000000000000e+02 4.59971794497915202e-04 1.62391149945497520e-06
 2.82500000000000000e+02 2.83125000000000000e+02 4.59755071768587552e-04 1.72227527655724276e-06
 2.83125000000000000e+02 2.83750000000000000e+02 4.65727233216378970e-04 1.69984326120542024e-06
 2.83750000000000000e+02 2.84375000000000000e+02 4.71620976496208344e-04 1.64407316287912672e-06
 2.84375000000000000e+02 2.85000000000000000e+02 4.75270719962847500e-04 1.78348562326488562e-06
 2.85000000000000000e+02 2.85625000000000000e+02 4.77317867010836007e-04 2.02829483078636571e-06
 2.85625000000000000e+02 2.86250000000000000e+02 4.80724134265730668e-04 1.70907410959443170e-06
 2.86250000000000000e+02 2.86875000000000000e+02 4.79639586639192376e-04 1.62650533792524543e-06
 2.86875000000000000e+02 2.87500000000000000e+02 4.87875026135079425e-04 1.64806638865308949e-06
 2.87500000000000000e+02 2.88125000000000000e+02 4.90172547698485505e-04 1.63416426566037296e-06
 2.88125000000000000e+02 2.88750000000000000e+02 4.89242197531990198e-04 1.69940751774289156e-06
 2.88750000000000000e+02 2.89375000000000000e+02 4.95466945477330395e-04 1.67428312137761054e-06
 2.89375000000000000e+02 2.90000000000000000e+02 5.00132037931811583e-04 1.74151676297169333e-06
 2.90000000000000000e+02 2.90625000000000000e+02 5.01749717893117141e-04 1.78624812521416987e-06
 2.90625000000000000e+02 2.91250000000000000e+02 5.03232848537245943e-04 1.75093713726052168e-06
 2.91250000000000000e+02 2.91875000000000000e+02 5.08278163664777939e-04 1.88842223432130095e-06
 2.91875000000000000e+02 2.92500000000000000e+02 5.13742861237383467e-04 1.78771579174464578e-06
 2.92500000000000000e+02 2.93125000000000000e+02 5.16997630302706563e-04 1.86833374572513038e-06
 2.93125000000000000e+02 2.93750000000000000e+02 5.20239400160511637e-04 1.75569141178379014e-06
 2.93750000000000000e+02 2.94375000000000000e+02 5.20156957395564220e-04 1.71796369093638000e-06
 2.94375000000000000e+02 2.95000000000000000e+02 5.28374124178476712e-04 1.83732249650185013e-06
 2.95000000000000000e+02 2.95625000000000000e+02 5.32300815423483926e-04 1.77638897043743562e-06
 2.95625000000000000e+02 2.96250000000000000e+02 5.31643096406544903e-04 1.77913924535773441e-06
 2.96250000000000000e+02 2.96875000000000000e+02 5.33901767503519760e-04 1.79451943314627646e-06
 2.96875000000000000e+02 2.97500000000000000e+02 5.40663675854966214e-04 1.70372468000529104e-06
 2.97500000000000000e+02 2.98125000000000000e+02 5.45129469055523688e-04 1.85003044100338481e-06
 2.98125000000000000e+02 2.98750000000000000e+02 5.48499548445567967e-04 1.85429352157171746e-06
 2.98750000000000000e+02 2.99375000000000000e+02 5.51994598103218740e-04 1.80074727637827533e-06
 2.99375000000000000e+02 3.00000000000000000e+02 5.57051403607132013e-04 1.96838054938510579e-06
 3.00000000000000000e+02 3.00625000000000000e+02 5.61530916520693404e-04 1.84115500126393248e-06
 3.00625000000000000e+02 3.01250000000000000e+02 5.64124523593093844e-04 1.84254483139879479e-06
 3.01250000000000000e+02 3.01875000000000000e+02 5.65162451470554213e-04 1.80824674751048110e-06
 3.01875000000000000e+02 3.02500000000000000e+02 5.69617779970362404e-04 3.26210499993831144e-06
 3.02500000000000000e+02 3.03125000000000000e+02 5.69628234166056745e-04 1.74499948353745908e-06
 3.03125000000000000e+02 3.03750000000000000e+02 5.76799787366070039e-04 1.75420702638884355e-06
 3.03750000000000000e+02 3.04375000000000000e+02 5.81042773735632352e-04 1.81225133682842498e-06
 3.04375000000000000e+02 3.05000000000000000e+02 5.85617758714487803e-04 1.94125104725744924e-06
 3.05000000000000000e+02 3.05625000000000000e+02 5.90813778232722009e-04 1.92045315292028602e-06
 3.05625000000000000e+02 3.06250000000000000e+02 5.93660284093938239e-04 2.37215379056269818e-06
 3.06250000000000000e+02 3.06875000000000000e+02 5.96372429543298244e-04 1.82438888097731673e-06
 3.06875000000000000e+02 3.07500000000000000e+02 6.00653994512657919e-04 1.88157499764305084e-06
 3.07500000000000000e+02 3.08125000000000000e+02 6.01993206213215985e-04 1.78300106734813485e-06
 3.08125000000000000e+02 3.08750000000000000e+02 6.04883134837014020e-04 1.72707025676790889e-06
 3.08750000000000000e+02 3.09375000000000000e+02 6.07366284337372358e-04 1.80320096471831174e-06
 3.09375000000000000e+02 3.10000000000000000e+02 6.15705128921479748e-04 1.92879314853257470e-06
 3.10000000000000000e+02 3.10625000000000000e+02 6.20388623103500692e-04 2.04803301033239798e-06
 3.10625000000000000e+02 3.11250000000000000e+02 6.24573334478799379e-04 2.28464879167327364e-06
 3.11250000000000000e+02 3.11875000000000000e+02 6.28363437591930520e-04 1.91517443156053379e-06
 3.11875000000000000e+02 3.12500000000000000e+02 6.28955692022675436e-04 1.82417282388101488e-06
 3.12500000000000000e+02 3.13125000000000000e+02 6.33255655844295099e-04 1.87520883711564269e-06
 3.13125000000000000e+02 3.13750000000000000e+02 6.39774589845695579e-04 2.03658753605247391e-06
 3.13750000000000000e+02 3.14375000000000000e+02 6.45078818810837485e-04 2.02317607465078070e-06
 3.14375000000000000e+02 3.15000000000000000e+02 6.46866759117835388e-04 2.41482003511060142e-06
 3.15000000000000000e+02 3.15625000000000000e+02 6.50886139851188507e-04 1.96446507151813813e-06
 3.15625000000000000e+02 3.16250000000000000e+02 6.53942473625004905e-04 2.06395684300295731e-06
 3.16250000000000000e+02 3.16875000000000000e+02 6.58186459563078513e-04 1.90602149079173363e-06
 3.16875000000000000e+02 3.17500000000000000e+02 6.60113948094633767e-04 1.89569787208185962e-06
 3.17500000000000000e+02 3.18125000000000000e+02 6.66833384452029596e-04 1.95950861859118386e-06
 3.18125000000000000e+02 3.18750000000000000e+02 6.71167510258593482e-04 1.91994567933027830e-06
 3.18750000000000000e+02 3.19375000000000000e+02 6.74797671703550946e-04 3.54428712165514215e-06
 3.19375000000000000e+02 3.20000000000000000e+02 6.80535082527056602e-04 2.29098982643829244e-06
 3.20000000000000000e+02 3.20625000000000000e+02 6.81220973294983630e-04 1.90654074845837515e-06
 3.20625000000000000e+02 3.21250000000000000e+02 6.86246256357884630e-04 1.85879129539064225e-06
 3.21250000000000000e+02 3.21875000000000000e+02 6.92760442567792473e-04 1.97452221877402615e-06
 3.21875000000000000e+02 3.22500000000000000e+02 6.99396055737537222e-04 1.97378802662866196e-06
 3.22500000000000000e+02 3.23125000000000000e+02 7.04512417404678333e-04 2.05909174532556085e-06
 3.23125000000000000e+02 3.23750000000000000e+02 7.04061494252813556e-04 1.85235028715792762e-06
 3.23750000000000000e+02 3.24375000000000000e+02 7.12996347480380327e-04 1.96282883027011187e-06
 3.24375000000000000e+02 3.25000000000000000e+02 7.15029420737000525e-04 1.97883998425645807e-06
 3.25000000000000000e+02 3.25625000000000000e+02 7.17461530599308598e-04 2.01497512877073409e-06
 3.25625000000000000e+02 3.26250000000000000e+02 7.20659201520877256e-04 1.93183697775868578e-06
 3.26250000000000000e+02 3.26875000000000000e+02 7.28797606724824890e-04 2.07746029103285140e-06
 3.26875000000000000e+02 3.27500000000000000e+02 7.29973741938993721e-04 1.85012117459513681e-06
 3.27500000000000000e+02 3.28125000000000000e+02 7.35018750463216786e-04 1.89643388930068396e-06
 3.28125000000000000e+02 3.28750000000000000e+02 7.44789161415991725e-04 2.87623800404461862e-06
 3.28750000000000000e+02 3.29375000000000000e+02 7.45802011826224407e-04 1.96912434985017083e-06
 3.29375000000000000e+02 3.30000000000000000e+02 7.47602012137816240e-04 1.98510791058851760e-06
 3.30000000000000000e+02 3.30625000000000000e+02 7.57546216022832002e-04 2.01853845286332517e-06
 3.30625000000000000e+02 3.31250000000000000e+02 7.56180994926721590e-04 1.96499315056168890e-06
 3.31250000000000000e+02 3.31875000000000000e+02 7.64955083144644487e-04 2.10613920057065366e-06
 3.31875000000000000e+02 3.32500000000000000e+02 7.70436121493313776e-04 2.03698493160689425e-06
 3.32500000000000000e+02 3.33125000000000000e+02 7.76922276009676688e-04 2.10038582580945049e-06
 3.33125000000000000e+02 3.33750000000000000e+02 7.83886765527206102e-04 2.01100830526026088e-06
 3.33750000000000000e+02 3.34375000000000000e+02 7.90154463298256039e-04 3.03689259718800217e-06
 3.34375000000000000e+02 3.35000000000000000e+02 7.88947516284239556e-04 2.01304512204237243e-06
 3.35000000000000000e+02 3.35625000000000000e+02 7.92459508874535199e-04 2.03692396373887291e-06
 3.35625000000000000e+02 3.36250000000000000e+02 8.06470065666154041e-04 2.96348903230262042e-06
 3.36250000000000000e+02 3.36875000000000000e+02 8.06074892391724258e-04 2.00647324161155059e-06
 3.36875000000000000e+02 3.37500000000000000e+02 8.10648310027403457e-04 2.24436413554304815e-06
 3.37500000000000000e+02 3.38125000000000000e+02 8.16787572281639745e-04 2.04594713416911294e-06
 3.38125000000000000e+02 3.38750000000000000e+02 8.21469621420836248e-04 1.98428403342830708e-06
 3.38750000000000000e+02 3.39375000000000000e+02 8.26912045683609199e-04 2.31218483207612380e-06
 3.39375000000000000e+02 3.40000000000000000e+02 8.32834567876952455e-04 2.06504945389651053e-06
 3.40000000000000000e+02 3.40625000000000000e+02 8.38701689942817578e-04 2.19072048614114368e-06
 3.40625000000000000e+02 3.41250000000000000e+02 8.40729616876513108e-04 2.01842938348696770e-06
 3.41250000000000000e+02 3.41875000000000000e+02 8.44113091860123417e-04 2.01788821730355894e-06
 3.41875000000000000e+02 3.42500000000000000e+02 8.52468370632790515e-04 1.95952697077207163e-06
 3.42500000000000000e+02 3.43125000000000000e+02 8.59084305602683543e-04 2.06877530505107322e-06
 3.43125000000000000e+02 3.43750000000000000e+02 8.63944626648997295e-04 2.19204746465928148e-06
 3.43750000000000000e+02 3.44375000000000000e+02 8.71076463518093407e-04 2.01814161434521566e-06
 3.44375000000000000e+02 3.45000000000000000e+02 8.74244157119362700e-04 2.04122113866602652e-06
 3.45000000000000000e+02 3.45625000000000000e+02 8.81705794239997327e-04 2.10665284290118834e-06
 3.45625000000000000e+02 3.46250000000000000e+02 8.88768609539932592e-04 2.13376659446608746e-06
 3.46250000000000000e+02 3.46875000000000000e+02 8.92310764231988673e-04 2.08821756817349391e-06
 3.46875000000000000e+02 3.47500000000000000e+02 9.12036450738708693e-04 8.59324630739293403e-06
 3.47500000000000000e+02 3.48125000000000000e+02 9.03345350224065194e-04 2.14690332948659273e-06
 3.48125000000000000e+02 3.48750000000000000e+02 9.14393609484260043e-04 2.12229586741506259e-06
 3.48750000000000000e+02 3.49375000000000000e+02 9.19023881419510661e-04 2.01383281890961717e-06
 3.49375000000000000e+02 3.50000000000000000e+02 9.22726025748276681e-04 2.02654580134198491e-06
 3.50000000000000000e+02 3.50625000000000000e+02 9.32836632687781002e-04 2.10055203565999878e-06
 3.50625000000000000e+02 3.51250000000000000e+02 9.37465130336275366e-04 2.10784975130734391e-06
 3.51250000000000000e+02 3.51875000000000000e+02 9.42584814856340281e-04 2.12581070616507203e-06
 3.51875000000000000e+02 3.52500000000000000e+02 9.51239524365618734e-04 2.91520503054543870e-06
 3.52500000000000000e+02 3.53125000000000000e+02 9.54192839537230941e-04 2.21943651987463637e-06
 3.53125000000000000e+02 3.53750000000000000e+02 9.62928065638810624e-04 2.18677167282237848e-06
 3.53750000000000000e+02 3.54375000000000000e+02 9.71122093330474469e-04 2.11705310417721386e-06
 3.54375000000000000e+02 3.55000000000000000e+02 9.76840246423299171e-04 2.16712670821821080e-06
 3.55000000000000000e+02 3.55625000000000000e+02 9.80257976674784237e-04 2.09267830261156769e-06
 3.55625000000000000e+02 3.56250000000000000e+02 9.92758172962940897e-04 2.24733916455022820e-06
 3.56250000000000000e+02 3.56875000000000000e+02 9.95061112518706801e-04 2.24781418362559332e-06
 3.56875000000000000e+02 3.57500000000000000e+02 1.00351284856631880e-03 2.24504497308167651e-06
 3.57500000000000000e+02 3.58125000000000000e+02 1.00847411362806299e-03 2.17156309455152078e-06
 3.58125000000000000e+02 3.58750000000000000e+02 1.01965213001805775e-03 2.30191728684465380e-06
 3.58750000000000000e+02 3.59375000000000000e+02 1.02617828289559344e-03 2.61157809495471292e-06
 3.59375000000000000e+02 3.60000000000000000e+02 1.03141194980760072e-03 2.23536377401214212e-06
 3.60000000000000000e+02 3.60625000000000000e+02 1.03836792790120368e-03 2.19239305475230837e-06
 3.60625000000000000e+02 3.61250000000000000e+02 1.04930076325222940e-03 3.27556196738150430e-06
 3.61250000000000000e+02 3.61875000000000000e+02 1.05884631880117644e-03 2.29988177635571208e-06
 3.61875000000000000e+02 3.62500000000000000e+02 1.06241682245302479e-03 2.26757854333475154e-06
 3.62500000000000000e+02 3.63125000000000000e+02 1.06948342562722333e-03 2.20740395084502417e-06
 3.63125000000000000e+02 3.63750000000000000e+02 1.07763902795476592e-03 2.26067555232816264e-06
 3.63750000000000000e+02 3.64375000000000000e+02 1.08393016617026341e-03 2.40524082297282192e-06
 3.64375000000000000e+02 3.65000000000000000e+02 1.09496605383228255e-03 2.36647581794400040e-06
 3.65000000000000000e+02 3.65625000000000000e+02 1.10341152180059264e-03 3.05244161261113804e-06
 3.65625000000000000e+02 3.66250000000000000e+02 1.10692681432139096e-03 2.24779626312600080e-06
 3.66250000000000000e+02 3.66875000000000000e+02 1.11597324959172199e-03 3.52606709433764582e-06
 3.66875000000000000e+02 3.67500000000000000e+02 1.12839293998536080e-03 2.32747671902104971e-06
 3.67500000000000000e+02 3.68125000000000000e+02 1.13207814951584557e-03 2.27243962995330563e-06
 3.68125000000000000e+02 3.68750000000000000e+02 1.14296949865762775e-03 2.39145224159120165e-06
 3.68750000000000000e+02 3.69375000000000000e+02 1.15063632616335286e-03 2.44822992574231357e-06
 3.69375000000000000e+02 3.70000000000000000e+02 1.16154997992364657e-03 2.32868481979155052e-06
 3.70000000000000000e+02 3.70625000000000000e+02 1.16786492563835721e-03 2.51932515404580515e-06
 3.70625000000000000e+02 3.71250000000000000e+02 1.17395057314318503e-03 2.36700395380485092e-06
 3.71250000000000000e+02 3.71875000000000000e+02 1.18297575222118807e-03 2.38690773047528612e-06
 3.71875000000000000e+02 3.72500000000000000e+02 1.19001693838842243e-03 2.51801722986648336e-06
 3.72500000000000000e+02 3.73125000000000000e+02 1.19964846046848625e-03 2.37604415195161394e-06
 3.73125000000000000e+02 3.73750000000000000e+02 1.20977010663732764e-03 2.34666723965925694e-06
 3.73750000000000000e+02 3.74375000000000000e+02 1.21643048114372133e-03 2.35467714046300786e-06
 3.74375000000000000e+02 3.75000000000000000e+02 1.23166894427413371e-03 2.40984303095487487e-06
 3.75000000000000000e+02 3.75625000000000000e+02 1.23335991228849524e-03 2.44903512060297660e-06
 3.75625000000000000e+02 3.76250000000000000e+02 1.25158317748861703e-03 2.32985013390535686e-06
 3.76250000000000000e+02 3.76875000000000000e+02 1.25830239098766779e-03 2.50367245943880076e-06
 3.76875000000000000e+02 3.77500000000000000e+02 1.26555341299435659e-03 2.34874123863341880e-06
 3.77500000000000000e+02 3.78125000000000000e+02 1.27473114758156533e-03 2.49401576181351677e-06
 3.78125000000000000e+02 3.78750000000000000e+02 1.28367842893491266e-03 2.46562329349023795e-06
 3.78750000000000000e+02 3.79375000000000000e+02 1.30193263283360974e-03 2.94732872422701430e-06
 3.79375000000000000e+02 3.80000000000000000e+02 1.30824768198376917e-03 3.20192705867458498e-06
 3.80000000000000000e+02 3.80625000000000000e+02 1.32062018473257906e-03 2.41780116302177938e-06
 3.80625000000000000e+02 3.81250000000000000e+02 1.32829983260736588e-03 2.46651817148837757e-06
 3.81250000000000000e+02 3.81875000000000000e+02 1.33840325771800877e-03 2.53873356541278249e-06
 3.81875000000000000e+02 3.82500000000000000e+02 1.34736866528381203e-03 2.38529865164378330e-06
 3.82500000000000000e+02 3.83125000000000000e+02 1.35942448825788868e-03 3.59345206829445805e-06
 3.83125000000000000e+02 3.83750000000000000e+02 1.37100996515971524e-03 2.51416381263780821e-06
 3.83750000000000000e+02 3.84375000000000000e+02 1.38031344545450356e-03 2.47321744769626126e-06
 3.84375000000000000e+02 3.85000000000000000e+02 1.39771635697929033e-03 2.87974479845583143e-06
 3.85000000000000000e+02 3.85625000000000000e+02 1.40302132592130162e-03 2.52408245062229539e-06
 3.85625000000000000e+02 3.86250000000000000e+02 1.42058586579983572e-03 2.61085414828803098e-06
 3.86250000000000000e+02 3.86875000000000000e+02 1.42653720042983491e-03 2.78689388720487176e-06
 3.86875000000000000e+02 3.87500000000000000e+02 1.44181126919593170e-03 2.89658604520432174e-06
 3.87500000000000000e+02 3.88125000000000000e+02 1.45346134134129450e-03 2.60809154717788793e-06
 3.88125000000000000e+02 3.88750000000000000e+02 1.46480132648058687e-03 2.64231306400840050e-06
 3.88750000000000000e+02 3.89375000000000000e+02 1.47566919571789110e-03 2.67842857356312132e-06
 3.89375000000000000e+02 3.90000000000000000e+02 1.49022722160551779e-03 3.00972312909163933e-06
 3.90000000000000000e+02 3.90625000000000000e+02 1.49875955664695369e-03 2.70284270148337585e-06
 3.90625000000000000e+02 3.91250000000000000e+02 1.51125536631046761e-03 2.70282500975618503e-06
 3.91250000000000000e+02 3.91875000000000000e+02 1.52865479325105529e-03 2.56324429218168139e-06
 3.91875000000000000e+02 3.92500000000000000e+02 1.53809999627945479e-03 2.74579144342450456e-06
 3.92500000000000000e+02 3.93125000000000000e+02 1.55395384548279148e-03 3.00049344869426278e-06
 3.93125000000000000e+02 3.93750000000000000e+02 1.56780778262416692e-03 3.23242866290314609e-06
 3.93750000000000000e+02 3.94375000000000000e+02 1.57772475897369029e-03 2.99638971543067759e-06
 3.94375000000000000e+02 3.95000000000000000e+02 1.59091227112356619e-03 2.95549637475328513e-06
 3.95000000000000000e+02 3.95625000000000000e+02 1.60387090009215041e-03 4.04664840725240087e-06
 3.95625000000000000e+02 3.96250000000000000e+02 1.60703897053709674e-03 4.50041209483284363e-06
 3.96250000000000000e+02 3.96875000000000000e+02 1.59206722610364618e-03 2.69815813729872897e-06
 3.96875000000000000e+02 3.97500000000000000e+02 1.58875886903420333e-03 3.89455875001373424e-06
 3.97500000000000000e+02 3.98125000000000000e+02 1.58155669517466395e-03 3.26963061351906177e-06
 3.98125000000000000e+02 3.98750000000000000e+02 1.57080959280818280e-03 4.71665158506083656e-06
 3.98750000000000000e+02 3.99375000000000000e+02 1.56518774389793197e-03 4.38966756610629751e-06
 3.99375000000000000e+02 4.00000000000000000e+02 1.56339576248369031e-03 4.73498397311002172e-06
 4.00000000000000000e+02 4.00625000000000000e+02 1.55534454385781009e-03 5.61949417010047332e-06
 4.00625000000000000e+02 4.01250000000000000e+02 1.53775928352875590e-03 3.53307404019444738e-06
 4.01250000000000000e+02 4.01875000000000000e+02 1.53315580251295737e-03 3.69966151545882861e-06
 4.01875000000000000e+02 4.02500000000000000e+02 1.51882895622535113e-03 3.70038210757038242e-06
 4.02500000000000000e+02 4.03125000000000000e+02 1.52087265642591530e-03 4.57337168566138345e-06
 4.03125000000000000e+02 4.03750000000000000e+02 1.51287865091248130e-03 3.01288679269509126e-06
 4.03750000000000000e+02 4.04375000000000000e+02 1.50591656741831149e-03 3.77286593717910799e-06
 4.04375000000000000e+02 4.05000000000000000e+02 1.49539132910003498e-03 4.50327905769504420e-06
 4.05000000000000000e+02 4.05625000000000000e+02 1.49072406535154939e-03 3.31201739155447951e-06
 4.05625000000000000e+02 4.06250000000000000e+02 1.49021669425436314e-03 4.29956576001058937e-06
 4.06250000000000000e+02 4.06875000000000000e+02 1.47881666688146735e-03 3.01205982847029164e-06
 4.06875000000000000e+02 4.07500000000000000e+02 1.46930813835988074e-03 3.48757686924956399e-06
 4.07500000000000000e+02 4.08125000000000000e+02 1.46309621273867682e-03 2.80795454488680063e-06
 4.08125000000000000e+02 4.08750000000000000e+02 1.46498466832808527e-03 3.56361009450682094e-06
 4.08750000000000000e+02 4.09375000000000000e+02 1.45912869104677825e-03 3.60854867689241085e-06
 4.09375000000000000e+02 4.10000000000000000e+02 1.45606630505264916e-03 3.49040527707093652e-06
 4.10000000000000000e+02 4.10625000000000000e+02 1.44687767356221171e-03 3.23557797932410047e-06
 4.10625000000000000e+02 4.11250000000000000e+02 1.44334218568167080e-03 3.27673485220548777e-06
 4.11250000000000000e+02 4.11875000000000000e+02 1.44056357869983280e-03 3.25559325088004614e-06
 4.11875000000000000e+02 4.12500000000000000e+02 1.43765455099545371e-03 3.30532637628322400e-06
 4.12500000000000000e+02 4.13125000000000000e+02 1.42775322030140833e-03 2.84452353099709209e-06
 4.13125000000000000e+02 4.13750000000000000e+02 1.42944818386714248e-03 3.16890912378753525e-06
 4.13750000000000000e+02 4.14375000000000000e+02 1.42320473111920334e-03 2.80886885954874746e-06
 4.14375000000000000e+02 4.15000000000000000e+02 1.41923939536477096e-03 2.65919033519924806e-06
 4.15000000000000000e+02 4.15625000000000000e+02 1.41474236773491292e-03 3.12539313392260750e-06
 4.15625000000000000e+02 4.16250000000000000e+02 1.40953512919517101e-03 2.64932688636898629e-06
 4.16250000000000000e+02 4.16875000000000000e+02 1.40863115787407626e-03 2.75454340440907663e-06
 4.16875000000000000e+02 4.17500000000000000e+02 1.41082661961842494e-03 2.68874404421315571e-06
 4.17500000000000000e+02 4.18125000000000000e+02 1.40793344047856388e-03 3.12302075179001704e-06
 4.18125000000000000e+02 4.18750000000000000e+02 1.40368726832808418e-03 3.06478941379892349e-06
 4.18750000000000000e+02 4.19375000000000000e+02 1.39776399382259562e-03 3.22716879911763699e-06
 4.19375000000000000e+02 4.20000000000000000e+02 1.39739829570398690e-03 2.75628662473850299e-06
 4.20000000000000000e+02 4.20625000000000000e+02 1.39489328889622131e-03 3.54142510787473411e-06
 4.20625000000000000e+02 4.21250000000000000e+02 1.39773422249127983e-03 3.13649024092557844e-06
 4.21250000000000000e+02 4.21875000000000000e+02 1.39204060713060272e-03 2.88133645752283347e-06
 4.21875000000000000e+02 4.22500000000000000e+02 1.38498618688567723e-03 2.98187706726840115e-06
 4.22500000000000000e+02 4.23125000000000000e+02 1.38989374924155932e-03 3.03249446868147954e-06
 4.23125000000000000e+02 4.23750000000000000e+02 1.38613281557526009e-03 2.61014256937931358e-06
 4.23750000000000000e+02 4.24375000000000000e+02 1.37573394435139859e-03 2.46418369176939547e-06
 4.24375000000000000e+02 4.25000000000000000e+02 1.37559511541508902e-03 2.41646272779031231e-06
 4.25000000000000000e+02 4.25625000000000000e+02 1.37758720172290855e-03 2.54671214548448338e-06
 4.25625000000000000e+02 4.26250000000000000e+02 1.38236483943708264e-03 3.07757642564748883e-06
 4.26250000000000000e+02 4.26875000000000000e+02 1.38429860214070942e-03 3.25843614754697528e-06
 4.26875000000000000e+02 4.27500000000000000e+02 1.37675546488599159e-03 2.59815260906859262e-06
 4.27500000000000000e+02 4.28125000000000000e+02 1.37705446909650530e-03 3.31235759723228445e-06
 4.28125000000000000e+02 4.28750000000000000e+02 1.37997588277630591e-03 2.69900652056029562e-06
 4.28750000000000000e+02 4.29375000000000000e+02 1.37587721650261159e-03 2.92651352391301585e-06
 4.29375000000000000e+02 4.30000000000000000e+02 1.37488998529535791e-03 2.67562572404307457e-06
 4.30000000000000000e+02 4.30625000000000000e+02 1.37964628989265914e-03 2.81622922368456065e-06
 4.30625000000000000e+02 4.31250000000000000e+02 1.37744264476841486e-03 2.99066300928795814e-06
 4.31250000000000000e+02 4.31875000000000000e+02 1.38157607613222122e-03 3.44061885954289142e-06
 4.31875000000000000e+02 4.32500000000000000e+02 1.37747863462617031e-03 2.64282012180706777e-06
 4.32500000000000000e+02 4.33125000000000000e+02 1.37817245136569806e-03 3.01172020508286251e-06
 4.33125000000000000e+02 4.33750000000000000e+02 1.38100681267338903e-03 2.62746974099086355e-06
 4.33750000000000000e+02 4.34375000000000000e+02 1.37959927451120480e-03 2.81911902729535480e-06
 4.34375000000000000e+02 4.35000000000000000e+02 1.37795117970078342e-03 2.71112911704063241e-06
 4.35000000000000000e+02 4.35625000000000000e+02 1.38455258477400422e-03 2.75389492997583419e-06
 4.35625000000000000e+02 4.36250000000000000e+02 1.38577792729529668e-03 2.77569903951105856e-06
 4.36250000000000000e+02 4.36875000000000000e+02 1.38487395335960806e-03 2.69488901266871788e-06
 4.36875000000000000e+02 4.37500000000000000e+02 1.38639708235553270e-03 2.84565218754810106e-06
 4.37500000000000000e+02 4.38125000000000000e+02 1.38729429820843740e-03 2.95905998324107910e-06
 4.38125000000000000e+02 4.38750000000000000e+02 1.39449967286688157e-03 2.76803254764091173e-06
 4.38750000000000000e+02 4.39375000000000000e+02 1.38858957208225892e-03 2.85727962077885645e-06
 4.39375000000000000e+02 4.40000000000000000e+02 1.39496531073337779e-03 2.84447901757998172e-06
 4.40000000000000000e+02 4.40625000000000000e+02 1.39367435645803227e-03 2.64082299988744010e-06
 4.40625000000000000e+02 4.41250000000000000e+02 1.39805802611337967e-03 2.89739126167650272e-06
 4.41250000000000000e+02 4.41875000000000000e+02 1.40264073800867926e-03 2.70545229279297904e-06
 4.41875000000000000e+02 4.42500000000000000e+02 1.40963287037831463e-03 2.66278096684441300e-06
 4.42500000000000000e+02 4.43125000000000000e+02 1.41338506028466796e-03 2.70825036380948611e-06
 4.43125000000000000e+02 4.43750000000000000e+02 1.41290693360136745e-03 2.97199181490367938e-06
 4.43750000000000000e+02 4.44375000000000000e+02 1.41345164228318131e-03 2.74854068799607890e-06
 4.44375000000000000e+02 4.45000000000000000e+02 1.41782149401929432e-03 3.11819112691776216e-06
 4.45000000000000000e+02 4.45625000000000000e+02 1.42056400473367854e-03 3.09354350325706524e-06
 4.45625000000000000e+02 4.46250000000000000e+02 1.43225580080239652e-03 2.79618815269812309e-06
 4.46250000000000000e+02 4.46875000000000000e+02 1.42784279558458250e-03 2.87676954215025642e-06
 4.46875000000000000e+02 4.47500000000000000e+02 1.42911378941907512e-03 2.92155241911962984e-06
 4.47500000000000000e+02 4.48125000000000000e+02 1.43763339855131392e-03 2.93325635153528638e-06
 4.48125000000000000e+02 4.48750000000000000e+02 1.43455622752655578e-03 2.81598720520708333e-06
 4.48750000000000000e+02 4.49375000000000000e+02 1.44602900077724669e-03 3.19999142258754681e-06
 4.49375000000000000e+02 4.50000000000000000e+02 1.45369131769418174e-03 3.02623477994264093e-06
 4.50000000000000000e+02 4.50625000000000000e+02 1.45582041926973897e-03 2.79622304599921434e-06
 4.50625000000000000e+02 4.51250000000000000e+02 1.46193324962595175e-03 3.08668347597238399e-06
 4.51250000000000000e+02 4.51875000000000000e+02 1.46795465722879357e-03 3.39589317251568316e-06
 4.51875000000000000e+02 4.52500000000000000e+02 1.46754421730004698e-03 3.21832146435395061e-06
 4.52500000000000000e+02 4.53125000000000000e+02 1.47769510248672376e-03 2.88629982970723939e-06
 4.53125000000000000e+02 4.53750000000000000e+02 1.48690232358952607e-03 3.31414573068304338e-06
 4.53750000000000000e+02 4.54375000000000000e+02 1.49017304974061247e-03 3.63915177072776392e-06
 4.54375000000000000e+02 4.55000000000000000e+02 1.49275212845979659e-03 3.01733935388147693e-06
 4.55000000000000000e+02 4.55625000000000000e+02 1.50224842101378490e-03 3.76679312333165641e-06
 4.55625000000000000e+02 4.56250000000000000e+02 1.50927384120251953e-03 3.27396765004789683e-06
 4.56250000000000000e+02 4.56875000000000000e+02 1.52200381919455189e-03 3.46826659162220959e-06
 4.56875000000000000e+02 4.57500000000000000e+02 1.51751282467363986e-03 3.07858351436138890e-06
 4.57500000000000000e+02 4.58125000000000000e+02 1.52523183402704485e-03 3.65268540521698621e-06
 4.58125000000000000e+02 4.58750000000000000e+02 1.53040115593043222e-03 3.59843999806894824e-06
 4.58750000000000000e+02 4.59375000000000000e+02 1.53884741470503733e-03 3.11415247219684383e-06
 4.59375000000000000e+02 4.60000000000000000e+02 1.54725825784738031e-03 3.29994675960616754e-06
 4.60000000000000000e+02 4.60625000000000000e+02 1.55743376871993492e-03 3.62594137685588703e-06
 4.60625000000000000e+02 4.61250000000000000e+02 1.56044352736198905e-03 3.59833548981564298e-06
 4.61250000000000000e+02 4.61875000000000000e+02 1.56921469380784709e-03 3.16137566077265640e-06
 4.61875000000000000e+02 4.62500000000000000e+02 1.57322418987732330e-03 3.73318341669768079e-06
 4.62500000000000000e+02 4.63125000000000000e+02 1.58663755620577231e-03 3.64134869358754748e-06
 4.63125000000000000e+02 4.63750000000000000e+02 1.59187048138937563e-03 3.87950064383764505e-06
 4.63750000000000000e+02 4.64375000000000000e+02 1.59864068034780145e-03 3.69879722173519499e-06
 4.64375000000000000e+02 4.65000000000000000e+02 1.60793470060601883e-03 3.44108499085618381e-06
 4.65000000000000000e+02 4.65625000000000000e+02 1.60715737046727481e-03 3.45493105895961629e-06
 4.65625000000000000e+02 4.66250000000000000e+02 1.63197148985631531e-03 4.37120367686739897e-06
 4.66250000000000000e+02 4.66875000000000000e+02 1.63859929135760809e-03 4.55266538137816309e-06
 4.66875000000000000e+02 4.67500000000000000e+02 1.63789570424437581e-03 3.40776066569743438e-06
 4.67500000000000000e+02 4.68125000000000000e+02 1.65090277533424244e-03 3.91143373465732818e-06
 4.68125000000000000e+02 4.68750000000000000e+02 1.66218380900530721e-03 4.02750400935258299e-06
 4.68750000000000000e+02 4.69375000000000000e+02 1.66209491585008850e-03 3.67186915105697393e-06
 4.69375000000000000e+02 4.70000000000000000e+02 1.67588217596168561e-03 4.31591149826631779e-06
 4.70000000000000000e+02 4.70625000000000000e+02 1.68453240629698139e-03 4.16284401691612774e-06
 4.70625000000000000e+02 4.71250000000000000e+02 1.70041700106252449e-03 4.17319226545229645e-06
 4.71250000000000000e+02 4.71875000000000000e+02 1.70474594445875569e-03 4.13924932897713499e-06
 4.71875000000000000e+02 4.72500000000000000e+02 1.71536132799423148e-03 4.27402730174985699e-06
 4.72500000000000000e+02 4.73125000000000000e+02 1.73398354306347605e-03 4.79615774326751889e-06
 4.73125000000000000e+02 4.73750000000000000e+02 1.73862323254031568e-03 4.23675572069498812e-06
 4.73750000000000000e+02 4.74375000000000000e+02 1.74363644849175655e-03 4.31974077168987964e-06
 4.74375000000000000e+02 4.75000000000000000e+02 1.75840077332490240e-03 5.10451859055077205e-06
 4.75000000000000000e+02 4.75625000000000000e+02 1.75552453861387231e-03 4.78416677231580017e-06
 4.75625000000000000e+02 4.76250000000000000e+02 1.76033762410162113e-03 4.59146974655777389e-06
 4.76250000000000000e+02 4.76875000000000000e+02 1.76093048894004076e-03 4.40212169501202807e-06
 4.76875000000000000e+02 4.77500000000000000e+02 1.76990039841084428e-03 4.92361574475014350e-06
 4.77500000000000000e+02 4.78125000000000000e+02 1.76701887498007621e-03 5.66939144059209271e-06
 4.78125000000000000e+02 4.78750000000000000e+02 1.76361816239303110e-03 5.21747660182129051e-06
 4.78750000000000000e+02 4.79375000000000000e+02 1.75387602087514029e-03 4.30182345432377559e-06
 4.79375000000000000e+02 4.80000000000000000e+02 1.74500231826555416e-03 5.26665549829081271e-06
 4.80000000000000000e+02 4.80625000000000000e+02 1.72611483862202832e-03 5.10016251709965277e-06
 4.80625000000000000e+02 4.81250000000000000e+02 1.69575677789574942e-03 4.18585193501214205e-06
 4.81250000000000000e+02 4.81875000000000000e+02 1.68387367406312998e-03 4.82870574107169245e-06
 4.81875000000000000e+02 4.82500000000000000e+02 1.64632454233289301e-03 6.54159430297950641e-06
 4.82500000000000000e+02 4.83125000000000000e+02 1.58431065522384178e-03 4.62480517060985787e-06
 4.83125000000000000e+02 4.83750000000000000e+02 1.52565322503859895e-03 4.19989043784904227e-06
 4.83750000000000000e+02 4.84375000000000000e+02 1.44958782935404227e-03 4.83357271213328390e-06
 4.84375000000000000e+02 4.85000000000000000e+02 1.34658745807524917e-03 8.79240202181656296e-06
 4.85000000000000000e+02 4.85625000000000000e+02 1.21040572660591943e-03 5.05681238375961760e-06
 4.85625000000000000e+02 4.86250000000000000e+02 1.03225523608470554e-03 6.41392413291070483e-06
 4.86250000000000000e+02 4.86875000000000000e+02 7.89597370973820520e-04 2.92120586449724791e-06
 4.86875000000000000e+02 4.87500000000000000e+02 5.03327608777805646e-04 3.99677525859609799e-06
 4.87500000000000000e+02 4.88125000000000000e+02 1.80145702749604268e-04 1.52331636420667430e-06
 4.88125000000000000e+02 4.88750000000000000e+02 3.09877336601486462e-06 1.52567110076820562e-07
 4.88750000000000000e+02 4.89375000000000000e+02 0.00000000000000000e+00 0.00000000000000000e+00
 4.89375000000000000e+02 4.90000000000000000e+02 0.00000000000000000e+00 0.00000000000000000e+00
 4.90000000000000000e+02 4.90625000000000000e+02 0.00000000000000000e+00 0.00000000000000000e+00
 4.90625000000000000e+02 4.91250000000000000e+02 0.00000000000000000e+00 0.00000000000000000e+00
 4.91250000000000000e+02 4.91875000000000000e+02 0.00000000000000000e+00 0.00000000000000000e+00
 4.91875000000000000e+02 4.92500000000000000e+02 0.00000000000000000e+00 0.00000000000000000e+00
 4.92500000000000000e+02 4.93125000000000000e+02 0.00000000000000000e+00 0.00000000000000000e+00
 4.93125000000000000e+02 4.93750000000000000e+02 0.00000000000000000e+00 0.00000000000000000e+00
 4.93750000000000000e+02 4.94375000000000000e+02 0.00000000000000000e+00 0.00000000000000000e+00
 4.94375000000000000e+02 4.95000000000000000e+02 0.00000000000000000e+00 0.00000000000000000e+00
 4.95000000000000000e+02 4.95625000000000000e+02 0.00000000000000000e+00 0.00000000000000000e+00
 4.95625000000000000e+02 4.96250000000000000e+02 0.00000000000000000e+00 0.00000000000000000e+00
 4.96250000000000000e+02 4.96875000000000000e+02 0.00000000000000000e+00 0.00000000000000000e+00
 4.96875000000000000e+02 4.97500000000000000e+02 0.00000000000000000e+00 0.00000000000000000e+00
 4.97500000000000000e+02 4.98125000000000000e+02 0.00000000000000000e+00 0.00000000000000000e+00
 4.98125000000000000e+02 4.98750000000000000e+02 0.00000000000000000e+00 0.00000000000000000e+00
 4.98750000000000000e+02 4.99375000000000000e+02 0.00000000000000000e+00 0.00000000000000000e+00
 4.99375000000000000e+02 5.00000000000000000e+02 0.00000000000000000e+00 0.00000000000000000e+00
 5.00000000000000000e+02 5.00625000000000000e+02 0.00000000000000000e+00 0.00000000000000000e+00
 5.00625000000000000e+02 5.01250000000000000e+02 0.00000000000000000e+00 0.00000000000000000e+00
 5.01250000000000000e+02 5.01875000000000000e+02 0.00000000000000000e+00 0.00000000000000000e+00
 5.01875000000000000e+02 5.02500000000000000e+02 0.00000000000000000e+00 0.00000000000000000e+00
 5.02500000000000000e+02 5.03125000000000000e+02 0.00000000000000000e+00 0.00000000000000000e+00
 5.03125000000000000e+02 5.03750000000000000e+02 0.00000000000000000e+00 0.00000000000000000e+00
 5.03750000000000000e+02 5.04375000000000000e+02 0.00000000000000000e+00 0.00000000000000000e+00
 5.04375000000000000e+02 5.05000000000000000e+02 0.00000000000000000e+00 0.00000000000000000e+00
 5.05000000000000000e+02 5.05625000000000000e+02 0.00000000000000000e+00 0.00000000000000000e+00
 5.05625000000000000e+02 5.06250000000000000e+02 0.00000000000000000e+00 0.00000000000000000e+00
 5.06250000000000000e+02 5.06875000000000000e+02 0.00000000000000000e+00 0.00000000000000000e+00
 5.06875000000000000e+02 5.07500000000000000e+02 0.00000000000000000e+00 0.00000000000000000e+00
 5.07500000000000000e+02 5.08125000000000000e+02 0.00000000000000000e+00 0.00000000000000000e+00
 5.08125000000000000e+02 5.08750000000000000e+02 0.00000000000000000e+00 0.00000000000000000e+00
 5.08750000000000000e+02 5.09375000000000000e+02 0.00000000000000000e+00 0.00000000000000000e+00
 5.09375000000000000e+02 5.10000000000000000e+02 0.00000000000000000e+00 0.00000000000000000e+00
 5.10000000000000000e+02 5.10625000000000000e+02 0.00000000000000000e+00 0.00000000000000000e+00
 5.10625000000000000e+02 5.11250000000000000e+02 0.00000000000000000e+00 0.00000000000000000e+00
 5.11250000000000000e+02 5.11875000000000000e+02 0.00000000000000000e+00 0.00000000000000000e+00
 5.11875000000000000e+02 5.12500000000000000e+02 0.00000000000000000e+00 0.00000000000000000e+00
 5.12500000000000000e+02 5.13125000000000000e+02 0.00000000000000000e+00 0.00000000000000000e+00
 5.13125000000000000e+02 5.13750000000000000e+02 0.00000000000000000e+00 0.00000000000000000e+00
 5.13750000000000000e+02 5.14375000000000000e+02 0.00000000000000000e+00 0.00000000000000000e+00
 5.14375000000000000e+02 5.15000000000000000e+02 0.00000000000000000e+00 0.00000000000000000e+00

Histogram:lp-
 1.40000000000000000e+02 1.40625000000000000e+02 2.17549205239365807e-07 5.91557703720217375e-08
 1.40625000000000000e+02 1.41250000000000000e+02 5.08707427975399034e-07 8.16889372306715901e-08
 1.41250000000000000e+02 1.41875000000000000e+02 9.57207173482988346e-07 1.39046284029863322e-07
 1.41875000000000000e+02 1.42500000000000000e+02 1.20339101863299515e-06 1.20275224806223299e-07
 1.42500000000000000e+02 1.43125000000000000e+02 1.86392236906964431e-06 2.55315131933363186e-07
 1.43125000000000000e+02 1.43750000000000000e+02 1.76110424308237162e-06 1.46549794511475623e-07
 1.43750000000000000e+02 1.44375000000000000e+02 2.19879410508528153e-06 2.01688338023229886e-07
 1.44375000000000000e+02 1.45000000000000000e+02 2.82383848183569891e-06 2.15265368450373559e-07
 1.45000000000000000e+02 1.45625000000000000e+02 2.77170096134334530e-06 1.94922612735293261e-07
 1.45625000000000000e+02 1.46250000000000000e+02 3.31574170235202197e-06 2.48573955103995643e-07
 1.46250000000000000e+02 1.46875000000000000e+02 4.08553724936999502e-06 2.81865325602953525e-07
 1.46875000000000000e+02 1.47500000000000000e+02 4.20951729088052795e-06 2.46249374004814089e-07
 1.47500000000000000e+02 1.48125000000000000e+02 4.48129038304845635e-06 2.61064398865219488e-07
 1.48125000000000000e+02 1.48750000000000000e+02 5.33358234084170930e-06 2.97839982128580408e-07
 1.48750000000000000e+02 1.49375000000000000e+02 4.99621570072768718e-06 2.98595611629457289e-07
 1.49375000000000000e+02 1.50000000000000000e+02 5.53672405856467419e-06 2.69832341455926545e-07
 1.50000000000000000e+02 1.50625000000000000e+02 6.79827137663196463e-06 3.95870267349162359e-07
 1.50625000000000000e+02 1.51250000000000000e+02 7.08554011477968684e-06 3.89336034383687268e-07
 1.51250000000000000e+02 1.51875000000000000e+02 7.67297991688394119e-06 4.08224792752848817e-07
 1.51875000000000000e+02 1.52500000000000000e+02 7.82728180017876254e-06 4.65006255967220279e-07
 1.52500000000000000e+02 1.53125000000000000e+02 7.88277715430051635e-06 4.21220772864951880e-07
 1.53125000000000000e+02 1.53750000000000000e+02 8.29124076352639379e-06 4.20512296568358964e-07
 1.53750000000000000e+02 1.54375000000000000e+02 8.58727873022104559e-06 3.59399129506095323e-07
 1.54375000000000000e+02 1.55000000000000000e+02 8.83252283224840973e-06 3.51901083620026720e-07
 1.55000000000000000e+02 1.55625000000000000e+02 9.62539299794573187e-06 5.19202542290815051e-07
 1.55625000000000000e+02 1.56250000000000000e+02 1.07058262095122370e-05 5.85407609932043405e-07
 1.56250000000000000e+02 1.56875000000000000e+02 1.03142563114348228e-05 3.90322829365787164e-07
 1.56875000000000000e+02 1.57500000000000000e+02 1.07378954886641804e-05 4.12443010345676706e-07
 1.57500000000000000e+02 1.58125000000000000e+02 1.09619354657193430e-05 3.81695799916599489e-07
 1.58125000000000000e+02 1.58750000000000000e+02 1.16188351178568846e-05 4.28042591670671836e-07
 1.58750000000000000e+02 1.59375000000000000e+02 1.32459506353081629e-05 6.03275316659350393e-07
 1.59375000000000000e+02 1.60000000000000000e+02 1.33108975053353383e-05 5.83047570342464681e-07
 1.60000000000000000e+02 1.60625000000000000e+02 2.57690261483310794e-05 8.13879672074487238e-07
 1.60625000000000000e+02 1.61250000000000000e+02 3.44190449081479776e-05 7.65476503140137170e-07
 1.61250000000000000e+02 1.61875000000000000e+02 4.09095047390891584e-05 7.91688505734748242e-07
 1.61875000000000000e+02 1.62500000000000000e+02 4.54803602448672332e-05 1.00363465843817306e-06
 1.62500000000000000e+02 1.63125000000000000e+02 5.18006001568374676e-05 1.00077194957277152e-06
 1.63125000000000000e+02 1.63750000000000000e+02 5.79614335713523330e-05 2.55055912954141081e-06
 1.63750000000000000e+02 1.64375000000000000e+02 6.04487743106741263e-05 9.91764608087371364e-07
 1.64375000000000000e+02 1.65000000000000000e+02 6.47111454968740679e-05 1.17013434171131284e-06
 1.65000000000000000e+02 1.65625000000000000e+02 6.65063650391522565e-05 1.04285430756573686e-06
 1.65625000000000000e+02 1.66250000000000000e+02 7.05644825007897537e-05 1.06341076177963287e-06
 1.66250000000000000e+02 1.66875000000000000e+02 7.52733299945816100e-05 1.30048659638581203e-06
 1.66875000000000000e+02 1.67500000000000000e+02 8.08258777070987051e-05 1.64630202384254584e-06
 1.67500000000000000e+02 1.68125000000000000e+02 8.15032074831355670e-05 1.12899217996667467e-06
 1.68125000000000000e+02 1.68750000000000000e+02 8.37559665851020786e-05 1.33470089280099709e-06
 1.68750000000000000e+02 1.69375000000000000e+02 8.89562438678258695e-05 1.19895825574566635e-06
 1.69375000000000000e+02 1.70000000000000000e+02 9.05579368358743598e-05 1.32599181175339529e-06
 1.70000000000000000e+02 1.70625000000000000e+02 9.40205298548843038e-05 1.27228025613929566e-06
 1.70625000000000000e+02 1.71250000000000000e+02 9.80154899093427375e-05 1.28089486902741953e-06
 1.71250000000000000e+02 1.71875000000000000e+02 9.98667030623937940e-05 1.23699136942424143e-06
 1.71875000000000000e+02 1.72500000000000000e+02 1.05956856284090251e-04 1.36199003599096460e-06
 1.72500000000000000e+02 1.73125000000000000e+02 1.04437415166995485e-04 1.26923749371185773e-06
 1.73125000000000000e+02 1.73750000000000000e+02 1.09060457755285245e-04 1.27944018166111551e-06
 1.73750000000000000e+02 1.74375000000000000e+02 1.12097157249623297e-04 1.35282183958452824e-06
 1.74375000000000000e+02 1.75000000000000000e+02 1.16604823247094014e-04 1.28418975238857744e-06
 1.75000000000000000e+02 1.75625000000000000e+02 1.19022014689847334e-04 1.44479423844951337e-06
 1.75625000000000000e+02 1.76250000000000000e+02 1.21820731526539833e-04 1.42193500808056939e-06
 1.76250000000000000e+02 1.76875000000000000e+02 1.23472089873215816e-04 1.35551305360484717e-06
 1.76875000000000000e+02 1.77500000000000000e+02 1.27605322898912993e-04 1.39761447052641715e-06
 1.77500000000000000e+02 1.78125000000000000e+02 1.31738659020131846e-04 1.64782636510614736e-06
 1.78125000000000000e+02 1.78750000000000000e+02 1.31587631861827575e-04 1.44133796559511015e-06
 1.78750000000000000e+02 1.79375000000000000e+02 1.34119330460195078e-04 1.36661144548506896e-06
 1.79375000000000000e+02 1.80000000000000000e+02 1.37697971622649870e-04 1.43898840249190525e-06
 1.80000000000000000e+02 1.80625000000000000e+02 1.40257592866921947e-04 1.50254770610419401e-06
 1.80625000000000000e+02 1.81250000000000000e+02 1.43093666232494202e-04 1.44034692995129241e-06
 1.81250000000000000e+02 1.81875000000000000e+02 1.47577046698195820e-04 1.59404350663963964e-06
 1.81875000000000000e+02 1.82500000000000000e+02 1.48123249932198938e-04 1.62450075580224815e-06
 1.82500000000000000e+02 1.83125000000000000e+02 1.52679184963649235e-04 1.55710559105456284e-06
 1.83125000000000000e+02 1.83750000000000000e+02 1.60153693656253919e-04 2.38331246117004176e-06
 1.83750000000000000e+02 1.84375000000000000e+02 1.55738235587190481e-04 1.52326852174413596e-06
 1.84375000000000000e+02 1.85000000000000000e+02 1.60885050869172714e-04 1.65448781793837016e-06
 1.85000000000000000e+02 1.85625000000000000e+02 1.56855934575231645e-04 1.50185373507951963e-06
 1.85625000000000000e+02 1.86250000000000000e+02 1.59754275371422837e-04 1.53169765716974748e-06
 1.86250000000000000e+02 1.86875000000000000e+02 1.61502925639293865e-04 1.68503941837739745e-06
 1.86875000000000000e+02 1.87500000000000000e+02 1.64991777161725890e-04 1.65189920082922395e-06
 1.87500000000000000e+02 1.88125000000000000e+02 1.63950066311717077e-04 1.68101127311240339e-06
 1.88125000000000000e+02 1.88750000000000000e+02 1.64656971291967242e-04 1.56676630719141191e-06
 1.88750000000000000e+02 1.89375000000000000e+02 1.66291079212607933e-04 1.66077998179684790e-06
 1.89375000000000000e+02 1.90000000000000000e+02 1.72144885099393704e-04 2.02766849721799160e-06
 1.90000000000000000e+02 1.90625000000000000e+02 1.69125235458893896e-04 1.85633950693899645e-06
 1.90625000000000000e+02 1.91250000000000000e+02 1.68268852825454281e-04 1.45270765182501199e-06
 1.91250000000000000e+02 1.91875000000000000e+02 1.70918644227079580e-04 1.61522833633544950e-06
 1.91875000000000000e+02 1.92500000000000000e+02 1.71009135431631664e-04 1.59142160586208328e-06
 1.92500000000000000e+02 1.93125000000000000e+02 1.73684425019084230e-04 1.69234155962156206e-06
 1.93125000000000000e+02 1.93750000000000000e+02 1.74391203047505734e-04 1.60624046243302526e-06
 1.93750000000000000e+02 1.94375000000000000e+02 1.80898846768738164e-04 2.66829229672403904e-06
 1.94375000000000000e+02 1.95000000000000000e+02 1.77072236200135664e-04 1.64385921431368395e-06
 1.95000000000000000e+02 1.95625000000000000e+02 1.77307827177131534e-04 1.55374527917501593e-06
 1.95625000000000000e+02 1.96250000000000000e+02 1.79672547452708244e-04 1.82657883128577111e-06
 1.96250000000000000e+02 1.96875000000000000e+02 1.83869747739265739e-04 1.68559774321733994e-06
 1.96875000000000000e+02 1.97500000000000000e+02 1.85361757300742504e-04 3.53368056897309640e-06
 1.97500000000000000e+02 1.98125000000000000e+02 1.85017194634769342e-04 1.63168781900173806e-06
 1.98125000000000000e+02 1.98750000000000000e+02 1.85564424686844950e-04 1.58813457476735969e-06
 1.98750000000000000e+02 1.99375000000000000e+02 1.83868229690862828e-04 1.59092109918579760e-06
 1.99375000000000000e+02 2.00000000000000000e+02 1.89314913801178712e-04 1.60331500914019972e-06
 2.00000000000000000e+02 2.00625000000000000e+02 1.89385652855872584e-04 1.69966457850118352e-06
 2.00625000000000000e+02 2.01250000000000000e+02 1.90785374514899924e-04 1.56219817456732360e-06
 2.01250000000000000e+02 2.01875000000000000e+02 1.94522648796701617e-04 1.77559125144919398e-06
 2.01875000000000000e+02 2.02500000000000000e+02 1.94744163881703812e-04 1.63319752701683702e-06
 2.02500000000000000e+02 2.03125000000000000e+02 1.96525599672479364e-04 1.74694678706202097e-06
 2.03125000000000000e+02 2.03750000000000000e+02 1.98540593465239767e-04 1.76268368020438647e-06
 2.03750000000000000e+02 2.04375000000000000e+02 1.98231528357480156e-04 1.71934506550559830e-06
 2.04375000000000000e+02 2.05000000000000000e+02 1.99964247471935859e-04 1.65107354695694280e-06
 2.05000000000000000e+02 2.05625000000000000e+02 2.02337508443212687e-04 2.13937744917232805e-06
 2.05625000000000000e+02 2.06250000000000000e+02 1.98149196621987954e-04 1.60875778535243413e-06
 2.06250000000000000e+02 2.06875000000000000e+02 2.02832472355139336e-04 1.62720452088385786e-06
 2.06875000000000000e+02 2.07500000000000000e+02 2.06953475918075384e-04 1.66904633334741000e-06
 2.07500000000000000e+02 2.08125000000000000e+02 2.09606868709264583e-04 1.74315217800150481e-06
 2.08125000000000000e+02 2.08750000000000000e+02 2.09749183106238194e-04 1.67409102320830820e-06
 2.08750000000000000e+02 2.09375000000000000e+02 2.10391954075856607e-04 1.59866860387406851e-06
 2.09375000000000000e+02 2.10000000000000000e+02 2.12011419757810853e-04 1.90212551477268969e-06
 2.10000000000000000e+02 2.10625000000000000e+02 2.13704824735363850e-04 1.66637257251761471e-06
 2.10625000000000000e+02 2.11250000000000000e+02 2.10146356826647931e-04 1.60352910649970105e-06
 2.11250000000000000e+02 2.11875000000000000e+02 2.17890179240539907e-04 1.69799601736256032e-06
 2.11875000000000000e+02 2.12500000000000000e+02 2.18628418996946684e-04 1.72928002755961368e-06
 2.12500000000000000e+02 2.13125000000000000e+02 2.20864362280412109e-04 1.64301365476391378e-06
 2.13125000000000000e+02 2.13750000000000000e+02 2.21576284351260007e-04 1.95319705426555362e-06
 2.13750000000000000e+02 2.14375000000000000e+02 2.23670314443175170e-04 2.03313659780065932e-06
 2.14375000000000000e+02 2.15000000000000000e+02 2.23174480570176835e-04 1.83637928988897934e-06
 2.15000000000000000e+02 2.15625000000000000e+02 2.27281043501751132e-04 1.72849000931289007e-06
 2.15625000000000000e+02 2.16250000000000000e+02 2.25009024459865746e-04 1.77154975739884629e-06
 2.16250000000000000e+02 2.16875000000000000e+02 2.27644780162798883e-04 1.67799284873883440e-06
 2.16875000000000000e+02 2.17500000000000000e+02 2.27430928688926334e-04 1.83744794828602021e-06
 2.17500000000000000e+02 2.18125000000000000e+02 2.30949451039564924e-04 1.71685773039324882e-06
 2.18125000000000000e+02 2.18750000000000000e+02 2.34076877090525588e-04 1.76308489126283945e-06
 2.18750000000000000e+02 2.19375000000000000e+02 2.31952643194234287e-04 1.60359920535825382e-06
 2.19375000000000000e+02 2.20000000000000000e+02 2.36232930248405769e-04 1.74118828814448881e-06
 2.20000000000000000e+02 2.20625000000000000e+02 2.37095178570898891e-04 1.69048432353193515e-06
 2.20625000000000000e+02 2.21250000000000000e+02 2.40056833326818649e-04 1.70222396897679914e-06
 2.21250000000000000e+02 2.21875000000000000e+02 2.40607061952711213e-04 1.79840929686834626e-06
 2.21875000000000000e+02 2.22500000000000000e+02 2.39221620006855120e-04 1.63320429770313191e-06
 2.22500000000000000e+02 2.23125000000000000e+02 2.45189109147108330e-04 1.72216593439988689e-06
 2.23125000000000000e+02 2.23750000000000000e+02 2.47492820440628339e-04 1.85376706334489720e-06
 2.23750000000000000e+02 2.24375000000000000e+02 2.45157760872049418e-04 1.60815673793364989e-06
 2.24375000000000000e+02 2.25000000000000000e+02 2.47803082618030634e-04 1.97300891769077448e-06
 2.25000000000000000e+02 2.25625000000000000e+02 2.52598037888064359e-04 2.01001011713510640e-06
 2.25625000000000000e+02 2.26250000000000000e+02 2.51777527820981812e-04 1.82204347375177978e-06
 2.26250000000000000e+02 2.26875000000000000e+02 2.56584886385167164e-04 1.77823885368206183e-06
 2.26875000000000000e+02 2.27500000000000000e+02 2.53744383671654318e-04 1.67826232596919152e-06
 2.27500000000000000e+02 2.28125000000000000e+02 2.57372659569353034e-04 1.76767882673574900e-06
 2.28125000000000000e+02 2.28750000000000000e+02 2.62779677844284757e-04 2.27463927061079095e-06
 2.28750000000000000e+02 2.29375000000000000e+02 2.62035657388354996e-04 1.88377201833028504e-06
 2.29375000000000000e+02 2.30000000000000000e+02 2.60869861149325133e-04 1.75726447519278119e-06
 2.30000000000000000e+02 2.30625000000000000e+02 2.63938016321796202e-04 1.74916230776723003e-06
 2.30625000000000000e+02 2.31250000000000000e+02 2.66008450899657650e-04 1.78068414015214683e-06
 2.31250000000000000e+02 2.31875000000000000e+02 2.70234839225096807e-04 1.88790519591578689e-06
 2.31875000000000000e+02 2.32500000000000000e+02 2.68048814346772421e-04 1.73417708014372850e-06
 2.32500000000000000e+02 2.33125000000000000e+02 2.69347998420997917e-04 1.81679251958097332e-06
 2.33125000000000000e+02 2.33750000000000000e+02 2.75790020485137879e-04 1.83409942239087369e-06
 2.33750000000000000e+02 2.34375000000000000e+02 2.78053827661428274e-04 1.93000645821813647e-06
 2.34375000000000000e+02 2.35000000000000000e+02 2.76855012581781596e-04 1.77161370272997326e-06
 2.35000000000000000e+02 2.35625000000000000e+02 2.80221608046866749e-04 1.82924685726932263e-06
 2.35625000000000000e+02 2.36250000000000000e+02 2.82094301782850757e-04 1.83272421553890301e-06
 2.36250000000000000e+02 2.36875000000000000e+02 2.82794956515084806e-04 1.83428198198629101e-06
 2.36875000000000000e+02 2.37500000000000000e+02 2.86732363585882422e-04 2.00312649837573844e-06
 2.37500000000000000e+02 2.38125000000000000e+02 2.90635098722360173e-04 1.90345762114340900e-06
 2.38125000000000000e+02 2.38750000000000000e+02 2.88852126621210457e-04 1.83837050977386339e-06
 2.38750000000000000e+02 2.39375000000000000e+02 2.92263316609425814e-04 1.94532838887297745e-06
 2.39375000000000000e+02 2.40000000000000000e+02 2.93031014920923187e-04 1.93781123911611689e-06
 2.40000000000000000e+02 2.40625000000000000e+02 2.99431274786319092e-04 2.23988197350025435e-06
 2.40625000000000000e+02 2.41250000000000000e+02 2.93640864164077333e-04 1.83496111170630146e-06
 2.41250000000000000e+02 2.41875000000000000e+02 3.09439085765045297e-04 8.52622916566278255e-06
 2.41875000000000000e+02 2.42500000000000000e+02 2.98104553582902816e-04 1.97222425983388229e-06
 2.42500000000000000e+02 2.43125000000000000e+02 3.01799937272086063e-04 1.81129537954172457e-06
 2.43125000000000000e+02 2.43750000000000000e+02 3.05426311985706773e-04 1.86581186863048437e-06
 2.43750000000000000e+02 2.44375000000000000e+02 3.10775045470314205e-04 2.41870381495917999e-06
 2.44375000000000000e+02 2.45000000000000000e+02 3.10291560347236792e-04 1.81184336671778285e-06
 2.45000000000000000e+02 2.45625000000000000e+02 3.12479980917322684e-04 1.94595533843623093e-06
 2.45625000000000000e+02 2.46250000000000000e+02 3.09875443653836308e-04 1.78948913632628954e-06
 2.46250000000000000e+02 2.46875000000000000e+02 3.13553989166327730e-04 1.83427089243867522e-06
 2.46875000000000000e+02 2.47500000000000000e+02 3.18098190673068916e-04 1.96524117490510967e-06
 2.47500000000000000e+02 2.48125000000000000e+02 3.18776748091924560e-04 1.89190565802573903e-06
 2.48125000000000000e+02 2.48750000000000000e+02 3.22960165148085539e-04 1.85485537641602270e-06
 2.48750000000000000e+02 2.49375000000000000e+02 3.19027966660983783e-04 1.96167528239688376e-06
 2.49375000000000000e+02 2.50000000000000000e+02 3.26402782660551219e-04 1.89625328578406770e-06
 2.50000000000000000e+02 2.50625000000000000e+02 3.27210442258469626e-04 1.86258354222065185e-06
 2.50625000000000000e+02 2.51250000000000000e+02 3.31423501438893407e-04 1.86988621263926238e-06
 2.51250000000000000e+02 2.51875000000000000e+02 3.30808789810847564e-04 1.89655521199630030e-06
 2.51875000000000000e+02 2.52500000000000000e+02 3.33550363007922336e-04 1.87126994172559373e-06
 2.52500000000000000e+02 2.53125000000000000e+02 3.38404679208907048e-04 1.95014361511901374e-06
 2.53125000000000000e+02 2.53750000000000000e+02 3.37307655154735057e-04 1.77443727162613999e-06
 2.53750000000000000e+02 2.54375000000000000e+02 3.41200411220373399e-04 1.88731534979002933e-06
 2.54375000000000000e+02 2.55000000000000000e+02 3.46125539179113165e-04 1.89749309978848296e-06
 2.55000000000000000e+02 2.55625000000000000e+02 3.48207074986931874e-04 2.06582910870705473e-06
 2.55625000000000000e+02 2.56250000000000000e+02 3.47351116004852129e-04 1.99125093425381596e-06
 2.56250000000000000e+02 2.56875000000000000e+02 3.49676210574299633e-04 1.82997163711373342e-06
 2.56875000000000000e+02 2.57500000000000000e+02 3.53562863188564382e-04 1.95577076150573045e-06
 2.57500000000000000e+02 2.58125000000000000e+02 3.55625997558895661e-04 1.79114576837747843e-06
 2.58125000000000000e+02 2.58750000000000000e+02 3.56384810032966384e-04 1.89542661363193123e-06
 2.58750000000000000e+02 2.59375000000000000e+02 3.58407674512250076e-04 1.86557889328767819e-06
 2.59375000000000000e+02 2.60000000000000000e+02 3.61770391553701870e-04 2.06918930846798887e-06
 2.60000000000000000e+02 2.60625000000000000e+02 3.64553729893345787e-04 1.86137535749654824e-06
 2.60625000000000000e+02 2.61250000000000000e+02 3.69212710736073024e-04 1.96353574289637916e-06
 2.61250000000000000e+02 2.61875000000000000e+02 3.67942486812740193e-04 1.84377387901680729e-06
 2.61875000000000000e+02 2.62500000000000000e+02 3.72727160525770300e-04 1.99076199427705945e-06
 2.62500000000000000e+02 2.63125000000000000e+02 3.74473835818960813e-04 1.97185445629127058e-06
 2.63125000000000000e+02 2.63750000000000000e+02 3.79619873054086205e-04 2.05726311915169378e-06
 2.63750000000000000e+02 2.64375000000000000e+02 3.79665529608891794e-04 1.88317445946857865e-06
 2.64375000000000000e+02 2.65000000000000000e+02 3.80366758529149739e-04 1.91600413305371715e-06
 2.65000000000000000e+02 2.65625000000000000e+02 3.86204330792726453e-04 1.89290058148448443e-06
 2.65625000000000000e+02 2.66250000000000000e+02 3.88149823903823435e-04 2.26762676086561112e-06
 2.66250000000000000e+02 2.66875000000000000e+02 3.90753352127003097e-04 1.81757325677566147e-06
 2.66875000000000000e+02 2.67500000000000000e+02 3.90958448506402597e-04 1.90692861284686834e-06
 2.67500000000000000e+02 2.68125000000000000e+02 3.94358170231785083e-04 1.90939342740164340e-06
 2.68125000000000000e+02 2.68750000000000000e+02 3.96803390721117612e-04 2.13678692187388126e-06
 2.68750000000000000e+02 2.69375000000000000e+02 3.99830556531478236e-04 2.10490350454933810e-06
 2.69375000000000000e+02 2.70000000000000000e+02 4.02462983800737351e-04 2.15725783048598155e-06
 2.70000000000000000e+02 2.70625000000000000e+02 4.08325404750100858e-04 2.39683876224072917e-06
 2.70625000000000000e+02 2.71250000000000000e+02 4.11324262266207037e-04 2.18220197414448667e-06
 2.71250000000000000e+02 2.71875000000000000e+02 4.10892029415454443e-04 2.01445591330064333e-06
 2.71875000000000000e+02 2.72500000000000000e+02 4.14802655892858340e-04 1.99924984648463502e-06
 2.72500000000000000e+02 2.73125000000000000e+02 4.15150439920263230e-04 1.91059110634042222e-06
 2.73125000000000000e+02 2.73750000000000000e+02 4.18281815845061974e-04 2.28246568887841319e-06
 2.73750000000000000e+02 2.74375000000000000e+02 4.20127090843826396e-04 1.90408862710730345e-06
 2.74375000000000000e+02 2.75000000000000000e+02 4.23270426604988861e-04 2.11984653244668096e-06
 2.75000000000000000e+02 2.75625000000000000e+02 4.24713551476845266e-04 1.97893656091179611e-06
 2.75625000000000000e+02 2.76250000000000000e+02 4.31333746710958743e-04 2.03148151252825274e-06
 2.76250000000000000e+02 2.76875000000000000e+02 4.33073326687637465e-04 2.04647179630812855e-06
 2.76875000000000000e+02 2.77500000000000000e+02 4.35280283868495624e-04 2.00118697203426393e-06
 2.77500000000000000e+02 2.78125000000000000e+02 4.39066801576299532e-04 2.07675760323353779e-06
 2.78125000000000000e+02 2.78750000000000000e+02 4.41947932788872282e-04 2.00190818452151087e-06
 2.78750000000000000e+02 2.79375000000000000e+02 4.44557058094355491e-04 1.99085605931034930e-06
 2.79375000000000000e+02 2.80000000000000000e+02 4.46364807711284667e-04 2.28675818921270238e-06
 2.80000000000000000e+02 2.80625000000000000e+02 4.48577756867121302e-04 2.04342258098481848e-06
 2.80625000000000000e+02 2.81250000000000000e+02 4.56317732254373919e-04 2.01128080435473142e-06
 2.81250000000000000e+02 2.81875000000000000e+02 4.56293272227141142e-04 1.98758918487332144e-06
 2.81875000000000000e+02 2.82500000000000000e+02 4.61309866442883123e-04 2.18418869022657203e-06
 2.82500000000000000e+02 2.83125000000000000e+02 4.64336171472451886e-04 2.03319741629438992e-06
 2.83125000000000000e+02 2.83750000000000000e+02 4.66181902404475066e-04 2.70706047763364881e-06
 2.83750000000000000e+02 2.84375000000000000e+02 4.67831590328783944e-04 2.06787309524731716e-06
 2.84375000000000000e+02 2.85000000000000000e+02 4.74316636118903175e-04 2.03006212830956354e-06
 2.85000000000000000e+02 2.85625000000000000e+02 4.76777392451744231e-04 2.04057893760186364e-06
 2.85625000000000000e+02 2.86250000000000000e+02 4.79544648085777794e-04 1.99295041522967641e-06
 2.86250000000000000e+02 2.86875000000000000e+02 4.80675391525458824e-04 2.02435441419311172e-06
 2.86875000000000000e+02 2.87500000000000000e+02 4.85420499979851382e-04 2.01816150286282747e-06
 2.87500000000000000e+02 2.88125000000000000e+02 4.87990479314518734e-04 2.12808410036808106e-06
 2.88125000000000000e+02 2.88750000000000000e+02 4.94455286502161820e-04 2.09616079799537375e-06
 2.88750000000000000e+02 2.89375000000000000e+02 4.94910556533604347e-04 2.21872305656518382e-06
 2.89375000000000000e+02 2.90000000000000000e+02 5.04145681398567784e-04 2.84485017425167166e-06
 2.90000000000000000e+02 2.90625000000000000e+02 4.99956801252720499e-04 2.05605005148384287e-06
 2.90625000000000000e+02 2.91250000000000000e+02 5.01065844593152009e-04 2.01489315708252094e-06
 2.91250000000000000e+02 2.91875000000000000e+02 5.07753399446253420e-04 2.30736122151503496e-06
 2.91875000000000000e+02 2.92500000000000000e+02 5.11016690938064021e-04 1.98090625310674996e-06
 2.92500000000000000e+02 2.93125000000000000e+02 5.15284131100665231e-04 1.96069088191208718e-06
 2.93125000000000000e+02 2.93750000000000000e+02 5.19776871875628774e-04 2.27186420525985687e-06
 2.93750000000000000e+02 2.94375000000000000e+02 5.23226418589942447e-04 2.07727788233869462e-06
 2.94375000000000000e+02 2.95000000000000000e+02 5.30962064926372170e-04 4.50663548786391586e-06
 2.95000000000000000e+02 2.95625000000000000e+02 5.29079330821362825e-04 2.09894776190169184e-06
 2.95625000000000000e+02 2.96250000000000000e+02 5.36077821151227673e-04 2.20881879627131220e-06
 2.96250000000000000e+02 2.96875000000000000e+02 5.35537435254127003e-04 2.27741913226540586e-06
 2.96875000000000000e+02 2.97500000000000000e+02 5.38421355254152241e-04 2.01013046851217797e-06
 2.97500000000000000e+02 2.98125000000000000e+02 5.44749352097185905e-04 1.99633166407715786e-06
 2.98125000000000000e+02 2.98750000000000000e+02 5.45425378296053760e-04 1.98965115415673565e-06
 2.98750000000000000e+02 2.99375000000000000e+02 5.51347272724572843e-04 2.12015392108991898e-06
 2.99375000000000000e+02 3.00000000000000000e+02 5.54894788707496235e-04 2.22407042959416461e-06
 3.00000000000000000e+02 3.00625000000000000e+02 5.60889806672671331e-04 2.27264577564693008e-06
 3.00625000000000000e+02 3.01250000000000000e+02 5.61441112775905348e-04 1.98714009198419030e-06
 3.01250000000000000e+02 3.01875000000000000e+02 5.63093978017822840e-04 2.16245656813645282e-06
 3.01875000000000000e+02 3.02500000000000000e+02 5.67066243755950938e-04 2.17055137793847750e-06
 3.02500000000000000e+02 3.03125000000000000e+02 5.73118050301093325e-04 3.23073688181816447e-06
 3.03125000000000000e+02 3.03750000000000000e+02 5.76690233831820913e-04 2.09190860106871343e-06
 3.03750000000000000e+02 3.04375000000000000e+02 5.83054047542967235e-04 2.12446776434699986e-06
 3.04375000000000000e+02 3.05000000000000000e+02 5.83921443839438992e-04 2.87314190782790540e-06
 3.05000000000000000e+02 3.05625000000000000e+02 5.88298694034529619e-04 2.17454587566333201e-06
 3.05625000000000000e+02 3.06250000000000000e+02 5.92266038547211034e-04 2.26176508555700968e-06
 3.06250000000000000e+02 3.06875000000000000e+02 5.95200941194268078e-04 2.14452602185401951e-06
 3.06875000000000000e+02 3.07500000000000000e+02 5.99339115517061793e-04 2.12356334831872782e-06
 3.07500000000000000e+02 3.08125000000000000e+02 6.04952726290762196e-04 2.27266756658084071e-06
 3.08125000000000000e+02 3.08750000000000000e+02 6.10031508227615294e-04 2.23598042194215759e-06
 3.08750000000000000e+02 3.09375000000000000e+02 6.07136676091257722e-04 2.09518213753789024e-06
 3.09375000000000000e+02 3.10000000000000000e+02 6.11857067415611335e-04 2.05487941719570844e-06
 3.10000000000000000e+02 3.10625000000000000e+02 6.17757455967388224e-04 2.04631952323146021e-06
 3.10625000000000000e+02 3.11250000000000000e+02 6.24869961817776367e-04 2.25862985681720400e-06
 3.11250000000000000e+02 3.11875000000000000e+02 6.25344091738726866e-04 2.15678830235697988e-06
 3.11875000000000000e+02 3.12500000000000000e+02 6.32347647992240820e-04 2.14559242806873366e-06
 3.12500000000000000e+02 3.13125000000000000e+02 6.35097809621197606e-04 2.09904968420899051e-06
 3.13125000000000000e+02 3.13750000000000000e+02 6.40793705049057618e-04 2.09384422496850646e-06
 3.13750000000000000e+02 3.14375000000000000e+02 6.44786989234890132e-04 2.21882982173349698e-06
 3.14375000000000000e+02 3.15000000000000000e+02 6.51245073431274573e-04 2.63130348617083199e-06
 3.15000000000000000e+02 3.15625000000000000e+02 6.51623613867576609e-04 2.04574441322224050e-06
 3.15625000000000000e+02 3.16250000000000000e+02 6.53701014791782295e-04 2.21020597492564597e-06
 3.16250000000000000e+02 3.16875000000000000e+02 6.57390458627625128e-04 2.71281721631880062e-06
 3.16875000000000000e+02 3.17500000000000000e+02 6.61847925003363640e-04 2.26783759386754302e-06
 3.17500000000000000e+02 3.18125000000000000e+02 6.69445172077034437e-04 2.27174269592519182e-06
 3.18125000000000000e+02 3.18750000000000000e+02 6.69293427727475350e-04 2.10894787762639587e-06
 3.18750000000000000e+02 3.19375000000000000e+02 6.73695451785850247e-04 2.14012273722068412e-06
 3.19375000000000000e+02 3.20000000000000000e+02 6.80621454552275554e-04 2.17656588485969563e-06
 3.20000000000000000e+02 3.20625000000000000e+02 6.81240169155836748e-04 2.25612606221529945e-06
 3.20625000000000000e+02 3.21250000000000000e+02 6.84770657969586819e-04 2.11852542920641213e-06
 3.21250000000000000e+02 3.21875000000000000e+02 6.92303005644526203e-04 2.05935759800133562e-06
 3.21875000000000000e+02 3.22500000000000000e+02 6.94409402318426727e-04 2.08495616044655381e-06
 3.22500000000000000e+02 3.23125000000000000e+02 7.03433626416637798e-04 2.09537896712695576e-06
 3.23125000000000000e+02 3.23750000000000000e+02 7.03963181996900781e-04 2.05998734540521200e-06
 3.23750000000000000e+02 3.24375000000000000e+02 7.08055031049871410e-04 2.28727409082535900e-06
 3.24375000000000000e+02 3.25000000000000000e+02 7.13869917625514750e-04 2.06406247731083272e-06
 3.25000000000000000e+02 3.25625000000000000e+02 7.21836566318702659e-04 2.22151934533811354e-06
 3.25625000000000000e+02 3.26250000000000000e+02 7.23261075598254219e-04 2.18112963943300008e-06
 3.26250000000000000e+02 3.26875000000000000e+02 7.25853775399294839e-04 2.25153343689020634e-06
 3.26875000000000000e+02 3.27500000000000000e+02 7.29479839949580375e-04 2.15972509825772336e-06
 3.27500000000000000e+02 3.28125000000000000e+02 7.36691673766126697e-04 2.26090581938244794e-06
 3.28125000000000000e+02 3.28750000000000000e+02 7.45766140048661715e-04 2.64091361714234870e-06
 3.28750000000000000e+02 3.29375000000000000e+02 7.47940606631494601e-04 2.18460445442855131e-06
 3.29375000000000000e+02 3.30000000000000000e+02 7.55122080343889742e-04 2.66542114217576332e-06
 3.30000000000000000e+02 3.30625000000000000e+02 7.55757719226400680e-04 2.32270197397875766e-06
 3.30625000000000000e+02 3.31250000000000000e+02 7.55419289829603472e-04 2.15395004331557460e-06
 3.31250000000000000e+02 3.31875000000000000e+02 7.65121300969123005e-04 2.15278175969199284e-06
 3.31875000000000000e+02 3.32500000000000000e+02 7.65768438501090152e-04 2.15855411913170989e-06
 3.32500000000000000e+02 3.33125000000000000e+02 7.75953909138899379e-04 2.89012571863216947e-06
 3.33125000000000000e+02 3.33750000000000000e+02 7.83346833670339987e-04 2.20801899443066284e-06
 3.33750000000000000e+02 3.34375000000000000e+02 7.89336539864683847e-04 4.28679394068395943e-06
 3.34375000000000000e+02 3.35000000000000000e+02 7.92001093269475336e-04 4.18103743413284476e-06
 3.35000000000000000e+02 3.35625000000000000e+02 7.94117007597088215e-04 2.26422866713043564e-06
 3.35625000000000000e+02 3.36250000000000000e+02 8.02716870114849289e-04 3.84113595020874081e-06
 3.36250000000000000e+02 3.36875000000000000e+02 8.04011781096912394e-04 2.09702121128172778e-06
 3.36875000000000000e+02 3.37500000000000000e+02 8.09737273460592647e-04 2.25891129033445622e-06
 3.37500000000000000e+02 3.38125000000000000e+02 8.16869812455286223e-04 2.27386579628902624e-06
 3.38125000000000000e+02 3.38750000000000000e+02 8.24444707561392638e-04 2.46366776604158083e-06
 3.38750000000000000e+02 3.39375000000000000e+02 8.25269423981722238e-04 2.15923065951767345e-06
 3.39375000000000000e+02 3.40000000000000000e+02 8.34116016228664877e-04 2.35764920914646405e-06
 3.40000000000000000e+02 3.40625000000000000e+02 8.34480100455174960e-04 2.17841673862378949e-06
 3.40625000000000000e+02 3.41250000000000000e+02 8.46622613844378864e-04 2.53677897849527772e-06
 3.41250000000000000e+02 3.41875000000000000e+02 8.48524502542035894e-04 2.22293154089640098e-06
 3.41875000000000000e+02 3.42500000000000000e+02 8.51587912637496070e-04 2.11678693301325536e-06
 3.42500000000000000e+02 3.43125000000000000e+02 8.57180976908324121e-04 2.28919224000346082e-06
 3.43125000000000000e+02 3.43750000000000000e+02 8.69479789273583056e-04 2.23160047652072322e-06
 3.43750000000000000e+02 3.44375000000000000e+02 8.71148190371768020e-04 2.31432351684327020e-06
 3.44375000000000000e+02 3.45000000000000000e+02 8.76786584329678344e-04 2.36394224585583592e-06
 3.45000000000000000e+02 3.45625000000000000e+02 8.83123305819578301e-04 2.36599219856525955e-06
 3.45625000000000000e+02 3.46250000000000000e+02 8.89943392849254240e-04 2.47331015792496082e-06
 3.46250000000000000e+02 3.46875000000000000e+02 8.95253307048167208e-04 2.26288805361202761e-06
 3.46875000000000000e+02 3.47500000000000000e+02 9.00785013978147391e-04 2.29734246578986267e-06
 3.47500000000000000e+02 3.48125000000000000e+02 9.04682871008118247e-04 2.34388375690173144e-06
 3.48125000000000000e+02 3.48750000000000000e+02 9.11034362206525100e-04 2.63949555808305759e-06
 3.48750000000000000e+02 3.49375000000000000e+02 9.16358364023674740e-04 2.20127541846465049e-06
 3.49375000000000000e+02 3.50000000000000000e+02 9.22503912722294635e-04 2.33702147653576889e-06
 3.50000000000000000e+02 3.50625000000000000e+02 9.32718337949293031e-04 2.21316485895088050e-06
 3.50625000000000000e+02 3.51250000000000000e+02 9.39796671322999807e-04 2.30478581296444414e-06
 3.51250000000000000e+02 3.51875000000000000e+02 9.45765856573292760e-04 2.26617683670426961e-06
 3.51875000000000000e+02 3.52500000000000000e+02 9.61631958657253199e-04 9.22172048584391230e-06
 3.52500000000000000e+02 3.53125000000000000e+02 9.54207090872651086e-04 2.29167856817549695e-06
 3.53125000000000000e+02 3.53750000000000000e+02 9.58841119118884234e-04 2.29159565807373753e-06
 3.53750000000000000e+02 3.54375000000000000e+02 9.68366019417560351e-04 2.18464925005981868e-06
 3.54375000000000000e+02 3.55000000000000000e+02 9.74190498616329535e-04 2.30956523212816155e-06
 3.55000000000000000e+02 3.55625000000000000e+02 9.82834552994890686e-04 2.53919762000418648e-06
 3.55625000000000000e+02 3.56250000000000000e+02 9.84841088112835142e-04 2.22279613166061642e-06
 3.56250000000000000e+02 3.56875000000000000e+02 9.94170024979643520e-04 2.30766055593460822e-06
 3.56875000000000000e+02 3.57500000000000000e+02 1.00429060441796373e-03 2.53557431053300745e-06
 3.57500000000000000e+02 3.58125000000000000e+02 1.01307330578311473e-03 2.38746357679079337e-06
 3.58125000000000000e+02 3.58750000000000000e+02 1.01713678003927783e-03 2.77331920022761974e-06
 3.58750000000000000e+02 3.59375000000000000e+02 1.02760049865748665e-03 2.55328643209103623e-06
 3.59375000000000000e+02 3.60000000000000000e+02 1.02919387514451271e-03 2.34290905411529354e-06
 3.60000000000000000e+02 3.60625000000000000e+02 1.04136503752080595e-03 2.34604005001474333e-06
 3.60625000000000000e+02 3.61250000000000000e+02 1.04583420998283000e-03 2.42365530561427396e-06
 3.61250000000000000e+02 3.61875000000000000e+02 1.05489561636980408e-03 2.33817116049555737e-06
 3.61875000000000000e+02 3.62500000000000000e+02 1.06483585627479595e-03 2.57811978651880421e-06
 3.62500000000000000e+02 3.63125000000000000e+02 1.06754454730362183e-03 2.39823239429387274e-06
 3.63125000000000000e+02 3.63750000000000000e+02 1.08133324592719383e-03 2.52904034330472367e-06
 3.63750000000000000e+02 3.64375000000000000e+02 1.08030280717976161e-03 2.38887679706993794e-06
 3.64375000000000000e+02 3.65000000000000000e+02 1.09237575477485051e-03 2.41518580240409203e-06
 3.65000000000000000e+02 3.65625000000000000e+02 1.09801544018800707e-03 2.46609308401979039e-06
 3.65625000000000000e+02 3.66250000000000000e+02 1.10794954854631579e-03 2.32064190568991059e-06
 3.66250000000000000e+02 3.66875000000000000e+02 1.11443493039650255e-03 2.46953019146824761e-06
 3.66875000000000000e+02 3.67500000000000000e+02 1.12771302397288490e-03 2.47013254007437601e-06
 3.67500000000000000e+02 3.68125000000000000e+02 1.13330522722337600e-03 2.39773810510812374e-06
 3.68125000000000000e+02 3.68750000000000000e+02 1.14385176549404010e-03 2.40104945163872414e-06
 3.68750000000000000e+02 3.69375000000000000e+02 1.14706988501879861e-03 2.43244271061360244e-06
 3.69375000000000000e+02 3.70000000000000000e+02 1.15559329032563561e-03 2.33781494091236488e-06
 3.70000000000000000e+02 3.70625000000000000e+02 1.16778781214511157e-03 2.45713008194307410e-06
 3.70625000000000000e+02 3.71250000000000000e+02 1.17469690512538244e-03 2.53048404531802804e-06
 3.71250000000000000e+02 3.71875000000000000e+02 1.18446786430911801e-03 2.61364972053177978e-06
 3.71875000000000000e+02 3.72500000000000000e+02 1.19062630645857094e-03 2.46632474942283153e-06
 3.72500000000000000e+02 3.73125000000000000e+02 1.19999250965185998e-03 2.41843106864703920e-06
 3.73125000000000000e+02 3.73750000000000000e+02 1.21544230471201946e-03 2.93561859561499940e-06
 3.73750000000000000e+02 3.74375000000000000e+02 1.22028622765392664e-03 2.53723770687573362e-06
 3.74375000000000000e+02 3.75000000000000000e+02 1.22994968226208985e-03 2.45820078824793621e-06
 3.75000000000000000e+02 3.75625000000000000e+02 1.23865063190129170e-03 2.67742021737962147e-06
 3.75625000000000000e+02 3.76250000000000000e+02 1.24877970366764758e-03 2.54411173067832422e-06
 3.76250000000000000e+02 3.76875000000000000e+02 1.25945864569903285e-03 2.66167356439818944e-06
 3.76875000000000000e+02 3.77500000000000000e+02 1.26348549309504348e-03 2.52505625259928459e-06
 3.77500000000000000e+02 3.78125000000000000e+02 1.27463619393769273e-03 2.56281039286947154e-06
 3.78125000000000000e+02 3.78750000000000000e+02 1.28434975385435476e-03 2.51047727661314013e-06
 3.78750000000000000e+02 3.79375000000000000e+02 1.29560484280208778e-03 2.55995610761904320e-06
 3.79375000000000000e+02 3.80000000000000000e+02 1.30775850541369138e-03 2.88748800759916877e-06
 3.80000000000000000e+02 3.80625000000000000e+02 1.31816945190562393e-03 2.85924991223762565e-06
 3.80625000000000000e+02 3.81250000000000000e+02 1.32908851284015291e-03 2.60183064184719462e-06
 3.81250000000000000e+02 3.81875000000000000e+02 1.33734212346554231e-03 2.68827977444048197e-06
 3.81875000000000000e+02 3.82500000000000000e+02 1.34992720071842398e-03 2.74416661694026157e-06
 3.82500000000000000e+02 3.83125000000000000e+02 1.36232799383191518e-03 2.60175664654960313e-06
 3.83125000000000000e+02 3.83750000000000000e+02 1.36942134056398457e-03 3.35723922292439161e-06
 3.83750000000000000e+02 3.84375000000000000e+02 1.38179340246449150e-03 2.67660730273962403e-06
 3.84375000000000000e+02 3.85000000000000000e+02 1.39039522660529833e-03 2.56307999079950139e-06
 3.85000000000000000e+02 3.85625000000000000e+02 1.40219519335708681e-03 2.70134432238192750e-06
 3.85625000000000000e+02 3.86250000000000000e+02 1.41860616436869920e-03 2.67895826683632445e-06
 3.86250000000000000e+02 3.86875000000000000e+02 1.43057461491356364e-03 2.64779019426825373e-06
 3.86875000000000000e+02 3.87500000000000000e+02 1.44417656088636484e-03 3.80336405119026860e-06
 3.87500000000000000e+02 3.88125000000000000e+02 1.45487133782896873e-03 2.80305630810375625e-06
 3.88125000000000000e+02 3.88750000000000000e+02 1.46847221797680280e-03 2.65654843587426584e-06
 3.88750000000000000e+02 3.89375000000000000e+02 1.47160615125911296e-03 2.55069863172443107e-06
 3.89375000000000000e+02 3.90000000000000000e+02 1.49050184916236497e-03 2.86877783371886026e-06
 3.90000000000000000e+02 3.90625000000000000e+02 1.50343837219392364e-03 2.64699482228209022e-06
 3.90625000000000000e+02 3.91250000000000000e+02 1.51399807544230986e-03 2.79855847511407206e-06
 3.91250000000000000e+02 3.91875000000000000e+02 1.52937977045820091e-03 2.69439723936994358e-06
 3.91875000000000000e+02 3.92500000000000000e+02 1.54106796368702072e-03 2.90292461888064991e-06
 3.92500000000000000e+02 3.93125000000000000e+02 1.55417790771025929e-03 2.66237724118407132e-06
 3.93125000000000000e+02 3.93750000000000000e+02 1.56488478292725179e-03 2.70558049191824559e-06
 3.93750000000000000e+02 3.94375000000000000e+02 1.57616954894126732e-03 2.93553543947913902e-06
 3.94375000000000000e+02 3.95000000000000000e+02 1.59008498524825848e-03 2.85599168406880762e-06
 3.95000000000000000e+02 3.95625000000000000e+02 1.60461319806510052e-03 4.88722939274722227e-06
 3.95625000000000000e+02 3.96250000000000000e+02 1.60744367048434801e-03 5.31228274950326118e-06
 3.96250000000000000e+02 3.96875000000000000e+02 1.59613855790544015e-03 4.49443859040214511e-06
 3.96875000000000000e+02 3.97500000000000000e+02 1.58270348433344702e-03 2.77493543965683150e-06
 3.97500000000000000e+02 3.98125000000000000e+02 1.58238043512215270e-03 4.71595009611427455e-06
 3.98125000000000000e+02 3.98750000000000000e+02 1.57262827384505813e-03 5.76630736802198877e-06
 3.98750000000000000e+02 3.99375000000000000e+02 1.56601623166458112e-03 4.71569648381867901e-06
 3.99375000000000000e+02 4.00000000000000000e+02 1.55014109459134571e-03 3.97818197521031894e-06
 4.00000000000000000e+02 4.00625000000000000e+02 1.54882851981444640e-03 4.88416464728606923e-06
 4.00625000000000000e+02 4.01250000000000000e+02 1.53747700599723936e-03 4.10172922520110476e-06
 4.01250000000000000e+02 4.01875000000000000e+02 1.52818595274528809e-03 2.87157412859292891e-06
 4.01875000000000000e+02 4.02500000000000000e+02 1.51744355962730895e-03 2.92994778506034148e-06
 4.02500000000000000e+02 4.03125000000000000e+02 1.52147903473589564e-03 5.06481303528183342e-06
 4.03125000000000000e+02 4.03750000000000000e+02 1.50752998694728894e-03 3.73527002604802502e-06
 4.03750000000000000e+02 4.04375000000000000e+02 1.49894190285054904e-03 2.69979711036129922e-06
 4.04375000000000000e+02 4.05000000000000000e+02 1.49516762948468979e-03 2.58883852774788074e-06
 4.05000000000000000e+02 4.05625000000000000e+02 1.49047483846070417e-03 3.59795663567549441e-06
 4.05625000000000000e+02 4.06250000000000000e+02 1.47808759601893549e-03 2.68655430332178292e-06
 4.06250000000000000e+02 4.06875000000000000e+02 1.47680179060326040e-03 3.22258450766678189e-06
 4.06875000000000000e+02 4.07500000000000000e+02 1.47427011806930343e-03 3.89534408439652750e-06
 4.07500000000000000e+02 4.08125000000000000e+02 1.46725848545908974e-03 2.87242148391219257e-06
 4.08125000000000000e+02 4.08750000000000000e+02 1.46232085061038901e-03 2.94790575163350905e-06
 4.08750000000000000e+02 4.09375000000000000e+02 1.45508556538731537e-03 3.12526885114194678e-06
 4.09375000000000000e+02 4.10000000000000000e+02 1.45611332322358048e-03 3.21185442707766537e-06
 4.10000000000000000e+02 4.10625000000000000e+02 1.45369775222548730e-03 3.75373800185038704e-06
 4.10625000000000000e+02 4.11250000000000000e+02 1.44057971731206651e-03 2.35908086968265472e-06
 4.11250000000000000e+02 4.11875000000000000e+02 1.43796612600832828e-03 3.02295089481839991e-06
 4.11875000000000000e+02 4.12500000000000000e+02 1.43382926886680357e-03 3.10710269771442932e-06
 4.12500000000000000e+02 4.13125000000000000e+02 1.43456632337506823e-03 4.81703990908214232e-06
 4.13125000000000000e+02 4.13750000000000000e+02 1.43206649139012571e-03 3.42843715334123364e-06
 4.13750000000000000e+02 4.14375000000000000e+02 1.42221124232517321e-03 2.49705508611768348e-06
 4.14375000000000000e+02 4.15000000000000000e+02 1.42013762182766567e-03 3.09074089757492988e-06
 4.15000000000000000e+02 4.15625000000000000e+02 1.41032610316612489e-03 2.26024439027301763e-06
 4.15625000000000000e+02 4.16250000000000000e+02 1.41255032554490640e-03 2.71300382547850957e-06
 4.16250000000000000e+02 4.16875000000000000e+02 1.40882974195270815e-03 2.78627938689252654e-06
 4.16875000000000000e+02 4.17500000000000000e+02 1.40757530958897001e-03 2.90004937338956912e-06
 4.17500000000000000e+02 4.18125000000000000e+02 1.40377411131010956e-03 2.37308250072043353e-06
 4.18125000000000000e+02 4.18750000000000000e+02 1.39841735258378432e-03 2.32406370319160865e-06
 4.18750000000000000e+02 4.19375000000000000e+02 1.39972400423488651e-03 2.68474882706069169e-06
 4.19375000000000000e+02 4.20000000000000000e+02 1.39964256119221421e-03 2.60538524948521502e-06
 4.20000000000000000e+02 4.20625000000000000e+02 1.39490678898941136e-03 3.05070524360123958e-06
 4.20625000000000000e+02 4.21250000000000000e+02 1.38787888984469006e-03 2.48879470095050696e-06
 4.21250000000000000e+02 4.21875000000000000e+02 1.39037705720268328e-03 2.76649221501692576e-06
 4.21875000000000000e+02 4.22500000000000000e+02 1.38737691150532484e-03 2.31923009457381301e-06
 4.22500000000000000e+02 4.23125000000000000e+02 1.38196536724768081e-03 2.90596822675644610e-06
 4.23125000000000000e+02 4.23750000000000000e+02 1.38555601330099965e-03 2.45033385540152936e-06
 4.23750000000000000e+02 4.24375000000000000e+02 1.38238139563936959e-03 2.42226589025927532e-06
 4.24375000000000000e+02 4.25000000000000000e+02 1.38353050194472147e-03 2.87361614741713167e-06
 4.25000000000000000e+02 4.25625000000000000e+02 1.38250919692415805e-03 2.73643777619070565e-06
 4.25625000000000000e+02 4.26250000000000000e+02 1.37951035154199693e-03 2.57717780946459455e-06
 4.26250000000000000e+02 4.26875000000000000e+02 1.37768725216220176e-03 2.25332169476531228e-06
 4.26875000000000000e+02 4.27500000000000000e+02 1.37772594476339729e-03 2.82646031474567338e-06
 4.27500000000000000e+02 4.28125000000000000e+02 1.37622458144714532e-03 2.20452387793874918e-06
 4.28125000000000000e+02 4.28750000000000000e+02 1.37259666082590963e-03 2.45179432869953925e-06
 4.28750000000000000e+02 4.29375000000000000e+02 1.37777281431063756e-03 2.19888649957331856e-06
 4.29375000000000000e+02 4.30000000000000000e+02 1.37380749215661180e-03 2.50047311117208957e-06
 4.30000000000000000e+02 4.30625000000000000e+02 1.37798163457019578e-03 2.58067540714352122e-06
 4.30625000000000000e+02 4.31250000000000000e+02 1.37848599939395500e-03 2.41220466600828287e-06
 4.31250000000000000e+02 4.31875000000000000e+02 1.37484725231370357e-03 2.18509322930251438e-06
 4.31875000000000000e+02 4.32500000000000000e+02 1.37853984072243765e-03 2.53255828293351774e-06
 4.32500000000000000e+02 4.33125000000000000e+02 1.38092156776137807e-03 2.20525933639806161e-06
 4.33125000000000000e+02 4.33750000000000000e+02 1.38389719666481815e-03 2.35629609878593586e-06
 4.33750000000000000e+02 4.34375000000000000e+02 1.38051042593015415e-03 2.25219543393400255e-06
 4.34375000000000000e+02 4.35000000000000000e+02 1.37978952312968928e-03 2.15028317571564166e-06
 4.35000000000000000e+02 4.35625000000000000e+02 1.38853337230990725e-03 2.58383617611751278e-06
 4.35625000000000000e+02 4.36250000000000000e+02 1.38433186541301505e-03 2.33578455178709320e-06
 4.36250000000000000e+02 4.36875000000000000e+02 1.38737658094989155e-03 2.20799592769979874e-06
 4.36875000000000000e+02 4.37500000000000000e+02 1.38834897235646528e-03 2.24909642755908245e-06
 4.37500000000000000e+02 4.38125000000000000e+02 1.39158782264606662e-03 2.86836851459833757e-06
 4.38125000000000000e+02 4.38750000000000000e+02 1.39196114213998266e-03 2.47827207217651189e-06
 4.38750000000000000e+02 4.39375000000000000e+02 1.39457224108761879e-03 2.47359823567804307e-06
 4.39375000000000000e+02 4.40000000000000000e+02 1.39549355302878318e-03 2.37174338137231229e-06
 4.40000000000000000e+02 4.40625000000000000e+02 1.40092098637085538e-03 2.22347458645500313e-06
 4.40625000000000000e+02 4.41250000000000000e+02 1.39948577243725241e-03 2.27358192275263027e-06
 4.41250000000000000e+02 4.41875000000000000e+02 1.40103395464798055e-03 2.25975629688650999e-06
 4.41875000000000000e+02 4.42500000000000000e+02 1.40900781448214133e-03 2.63918044863652311e-06
 4.42500000000000000e+02 4.43125000000000000e+02 1.41142163889389845e-03 2.62735017480570655e-06
 4.43125000000000000e+02 4.43750000000000000e+02 1.41083517617376117e-03 2.26756060104318028e-06
 4.43750000000000000e+02 4.44375000000000000e+02 1.41797387617846604e-03 2.65132691077898648e-06
 4.44375000000000000e+02 4.45000000000000000e+02 1.42096228449253088e-03 2.36154031591754334e-06
 4.45000000000000000e+02 4.45625000000000000e+02 1.42201133324704448e-03 2.29322694859558470e-06
 4.45625000000000000e+02 4.46250000000000000e+02 1.42755563236181575e-03 2.70140899364731358e-06
 4.46250000000000000e+02 4.46875000000000000e+02 1.43518835105977956e-03 2.61207530788382620e-06
 4.46875000000000000e+02 4.47500000000000000e+02 1.43426204368365538e-03 2.31760179435945579e-06
 4.47500000000000000e+02 4.48125000000000000e+02 1.43924768523584056e-03 2.43161252571460501e-06
 4.48125000000000000e+02 4.48750000000000000e+02 1.43960037059483875e-03 2.41695634599096527e-06
 4.48750000000000000e+02 4.49375000000000000e+02 1.44728299845714795e-03 2.37671817087826908e-06
 4.49375000000000000e+02 4.50000000000000000e+02 1.45309596755529495e-03 2.57567903104779174e-06
 4.50000000000000000e+02 4.50625000000000000e+02 1.45325353482927554e-03 2.47240670155695624e-06
 4.50625000000000000e+02 4.51250000000000000e+02 1.46527313021340235e-03 2.85078579977761577e-06
 4.51250000000000000e+02 4.51875000000000000e+02 1.47083009095886914e-03 2.86379342748650480e-06
 4.51875000000000000e+02 4.52500000000000000e+02 1.47431371646818024e-03 2.88558420421848435e-06
 4.52500000000000000e+02 4.53125000000000000e+02 1.47692616490573245e-03 2.49453892921418295e-06
 4.53125000000000000e+02 4.53750000000000000e+02 1.48395438366929534e-03 2.59456111428814693e-06
 4.53750000000000000e+02 4.54375000000000000e+02 1.49288071296241028e-03 2.42990568141439052e-06
 4.54375000000000000e+02 4.55000000000000000e+02 1.50068552615716805e-03 2.86632782000079377e-06
 4.55000000000000000e+02 4.55625000000000000e+02 1.50384731244847508e-03 3.06796555061892048e-06
 4.55625000000000000e+02 4.56250000000000000e+02 1.50487325956032733e-03 2.39649381459860375e-06
 4.56250000000000000e+02 4.56875000000000000e+02 1.51462837748817187e-03 2.59194435579474749e-06
 4.56875000000000000e+02 4.57500000000000000e+02 1.52089196484647953e-03 2.72366612197665323e-06
 4.57500000000000000e+02 4.58125000000000000e+02 1.52566816671830170e-03 2.77984227893601788e-06
 4.58125000000000000e+02 4.58750000000000000e+02 1.53705791358686077e-03 2.41269766056372561e-06
 4.58750000000000000e+02 4.59375000000000000e+02 1.54597928206100374e-03 3.01392475994693221e-06
 4.59375000000000000e+02 4.60000000000000000e+02 1.54945423110442902e-03 2.72394417406361834e-06
 4.60000000000000000e+02 4.60625000000000000e+02 1.55439024253211993e-03 2.84430849361470179e-06
 4.60625000000000000e+02 4.61250000000000000e+02 1.56080705490282490e-03 2.95289964847977526e-06
 4.61250000000000000e+02 4.61875000000000000e+02 1.57246911679601335e-03 3.48754669391811292e-06
 4.61875000000000000e+02 4.62500000000000000e+02 1.57117272646634326e-03 2.94349230994480237e-06
 4.62500000000000000e+02 4.63125000000000000e+02 1.58548640637059136e-03 3.23473051391640766e-06
 4.63125000000000000e+02 4.63750000000000000e+02 1.59519652721930305e-03 3.01753487637744529e-06
 4.63750000000000000e+02 4.64375000000000000e+02 1.59510133543881347e-03 3.14970185254596021e-06
 4.64375000000000000e+02 4.65000000000000000e+02 1.60562835589310427e-03 3.10497431329241125e-06
 4.65000000000000000e+02 4.65625000000000000e+02 1.61631712624960336e-03 3.23497128220049244e-06
 4.65625000000000000e+02 4.66250000000000000e+02 1.62902868537680439e-03 3.02209298031196498e-06
 4.66250000000000000e+02 4.66875000000000000e+02 1.63521479550687637e-03 2.65521093687327728e-06
 4.66875000000000000e+02 4.67500000000000000e+02 1.63835722668081605e-03 2.78943170482685043e-06
 4.67500000000000000e+02 4.68125000000000000e+02 1.65166568373942063e-03 3.54321247030161100e-06
 4.68125000000000000e+02 4.68750000000000000e+02 1.65821633912062753e-03 2.84222166404511117e-06
 4.68750000000000000e+02 4.69375000000000000e+02 1.66546364122392406e-03 2.70215532340934686e-06
 4.69375000000000000e+02 4.70000000000000000e+02 1.68213260674197201e-03 3.48836709260112232e-06
 4.70000000000000000e+02 4.70625000000000000e+02 1.68761462781858666e-03 3.33899135079031508e-06
 4.70625000000000000e+02 4.71250000000000000e+02 1.69596100432625567e-03 2.76855079257894603e-06
 4.71250000000000000e+02 4.71875000000000000e+02 1.71239232439556995e-03 3.79710933688680879e-06
 4.71875000000000000e+02 4.72500000000000000e+02 1.71609366699278470e-03 2.98194396179503222e-06
 4.72500000000000000e+02 4.73125000000000000e+02 1.72926558300818883e-03 3.72239370414235930e-06
 4.73125000000000000e+02 4.73750000000000000e+02 1.73931172382561024e-03 4.21516579172873463e-06
 4.73750000000000000e+02 4.74375000000000000e+02 1.74039100877034641e-03 3.85601684677307461e-06
 4.74375000000000000e+02 4.75000000000000000e+02 1.74786930227841040e-03 3.38280959297515864e-06
 4.75000000000000000e+02 4.75625000000000000e+02 1.75297149780440087e-03 2.98813569836374044e-06
 4.75625000000000000e+02 4.76250000000000000e+02 1.75833688791069082e-03 3.23494105049165919e-06
 4.76250000000000000e+02 4.76875000000000000e+02 1.76681254138201255e-03 3.92360066241563322e-06
 4.76875000000000000e+02 4.77500000000000000e+02 1.76507347831833875e-03 4.22555800784938565e-06
 4.77500000000000000e+02 4.78125000000000000e+02 1.76743319819135602e-03 5.01992027485787884e-06
 4.78125000000000000e+02 4.78750000000000000e+02 1.76148489880728555e-03 3.88382802491590943e-06
 4.78750000000000000e+02 4.79375000000000000e+02 1.75364060482426066e-03 4.29655985919898567e-06
 4.79375000000000000e+02 4.80000000000000000e+02 1.74434314018413533e-03 4.70751210128450057e-06
 4.80000000000000000e+02 4.80625000000000000e+02 1.72881867251831168e-03 4.23547339205451290e-06
 4.80625000000000000e+02 4.81250000000000000e+02 1.70976756766660345e-03 3.42296798342047234e-06
 4.81250000000000000e+02 4.81875000000000000e+02 1.68396916243815711e-03 4.68378128632182089e-06
 4.81875000000000000e+02 4.82500000000000000e+02 1.64620959264007551e-03 4.43822400325468508e-06
 4.82500000000000000e+02 4.83125000000000000e+02 1.59250261564220365e-03 4.31470525158781635e-06
 4.83125000000000000e+02 4.83750000000000000e+02 1.53225677511784953e-03 4.42091046063480178e-06
 4.83750000000000000e+02 4.84375000000000000e+02 1.45149895900108824e-03 4.50913699097926695e-06
 4.84375000000000000e+02 4.85000000000000000e+02 1.33746182450232239e-03 3.35535177713314974e-06
 4.85000000000000000e+02 4.85625000000000000e+02 1.21032192791441988e-03 4.36305488578315092e-06
 4.85625000000000000e+02 4.86250000000000000e+02 1.02504520840436368e-03 3.63569485676981505e-06
 4.86250000000000000e+02 4.86875000000000000e+02 7.93671010737347343e-04 3.13920074280916114e-06
 4.86875000000000000e+02 4.87500000000000000e+02 5.08301100036096334e-04 3.95968396530165780e-06
 4.87500000000000000e+02 4.88125000000000000e+02 1.80591825080386818e-04 1.29771905333621581e-06
 4.88125000000000000e+02 4.88750000000000000e+02 3.48013594552762126e-06 1.63305241234401485e-07
 4.88750000000000000e+02 4.89375000000000000e+02 0.00000000000000000e+00 0.00000000000000000e+00
 4.89375000000000000e+02 4.90000000000000000e+02 0.00000000000000000e+00 0.00000000000000000e+00
 4.90000000000000000e+02 4.90625000000000000e+02 0.00000000000000000e+00 0.00000000000000000e+00
 4.90625000000000000e+02 4.91250000000000000e+02 0.00000000000000000e+00 0.00000000000000000e+00
 4.91250000000000000e+02 4.91875000000000000e+02 0.00000000000000000e+00 0.00000000000000000e+00
 4.91875000000000000e+02 4.92500000000000000e+02 0.00000000000000000e+00 0.00000000000000000e+00
 4.92500000000000000e+02 4.93125000000000000e+02 0.00000000000000000e+00 0.00000000000000000e+00
 4.93125000000000000e+02 4.93750000000000000e+02 0.00000000000000000e+00 0.00000000000000000e+00
 4.93750000000000000e+02 4.94375000000000000e+02 0.00000000000000000e+00 0.00000000000000000e+00
 4.94375000000000000e+02 4.95000000000000000e+02 0.00000000000000000e+00 0.00000000000000000e+00
 4.95000000000000000e+02 4.95625000000000000e+02 0.00000000000000000e+00 0.00000000000000000e+00
 4.95625000000000000e+02 4.96250000000000000e+02 0.00000000000000000e+00 0.00000000000000000e+00
 4.96250000000000000e+02 4.96875000000000000e+02 0.00000000000000000e+00 0.00000000000000000e+00
 4.96875000000000000e+02 4.97500000000000000e+02 0.00000000000000000e+00 0.00000000000000000e+00
 4.97500000000000000e+02 4.98125000000000000e+02 0.00000000000000000e+00 0.00000000000000000e+00
 4.98125000000000000e+02 4.98750000000000000e+02 0.00000000000000000e+00 0.00000000000000000e+00
 4.98750000000000000e+02 4.99375000000000000e+02 0.00000000000000000e+00 0.00000000000000000e+00
 4.99375000000000000e+02 5.00000000000000000e+02 0.00000000000000000e+00 0.00000000000000000e+00
 5.00000000000000000e+02 5.00625000000000000e+02 0.00000000000000000e+00 0.00000000000000000e+00
 5.00625000000000000e+02 5.01250000000000000e+02 0.00000000000000000e+00 0.00000000000000000e+00
 5.01250000000000000e+02 5.01875000000000000e+02 0.00000000000000000e+00 0.00000000000000000e+00
 5.01875000000000000e+02 5.02500000000000000e+02 0.00000000000000000e+00 0.00000000000000000e+00
 5.02500000000000000e+02 5.03125000000000000e+02 0.00000000000000000e+00 0.00000000000000000e+00
 5.03125000000000000e+02 5.03750000000000000e+02 0.00000000000000000e+00 0.00000000000000000e+00
 5.03750000000000000e+02 5.04375000000000000e+02 0.00000000000000000e+00 0.00000000000000000e+00
 5.04375000000000000e+02 5.05000000000000000e+02 0.00000000000000000e+00 0.00000000000000000e+00
 5.05000000000000000e+02 5.05625000000000000e+02 0.00000000000000000e+00 0.00000000000000000e+00
 5.05625000000000000e+02 5.06250000000000000e+02 0.00000000000000000e+00 0.00000000000000000e+00
 5.06250000000000000e+02 5.06875000000000000e+02 0.00000000000000000e+00 0.00000000000000000e+00
 5.06875000000000000e+02 5.07500000000000000e+02 0.00000000000000000e+00 0.00000000000000000e+00
 5.07500000000000000e+02 5.08125000000000000e+02 0.00000000000000000e+00 0.00000000000000000e+00
 5.08125000000000000e+02 5.08750000000000000e+02 0.00000000000000000e+00 0.00000000000000000e+00
 5.08750000000000000e+02 5.09375000000000000e+02 0.00000000000000000e+00 0.00000000000000000e+00
 5.09375000000000000e+02 5.10000000000000000e+02 0.00000000000000000e+00 0.00000000000000000e+00
 5.10000000000000000e+02 5.10625000000000000e+02 0.00000000000000000e+00 0.00000000000000000e+00
 5.10625000000000000e+02 5.11250000000000000e+02 0.00000000000000000e+00 0.00000000000000000e+00
 5.11250000000000000e+02 5.11875000000000000e+02 0.00000000000000000e+00 0.00000000000000000e+00
 5.11875000000000000e+02 5.12500000000000000e+02 0.00000000000000000e+00 0.00000000000000000e+00
 5.12500000000000000e+02 5.13125000000000000e+02 0.00000000000000000e+00 0.00000000000000000e+00
 5.13125000000000000e+02 5.13750000000000000e+02 0.00000000000000000e+00 0.00000000000000000e+00
 5.13750000000000000e+02 5.14375000000000000e+02 0.00000000000000000e+00 0.00000000000000000e+00
 5.14375000000000000e+02 5.15000000000000000e+02 0.00000000000000000e+00 0.00000000000000000e+00

Histogram:lpz+
 0.00000000000000000e+00 5.50000000000000044e-01 1.40152590051147836e-03 2.87859663307408089e-06
 5.50000000000000044e-01 1.10000000000000009e+00 1.40066125845482621e-03 2.87302705770006178e-06
 1.10000000000000009e+00 1.64999999999999991e+00 1.40253353751616360e-03 2.96490882109389985e-06
 1.64999999999999991e+00 2.20000000000000018e+00 1.39626569427993416e-03 2.74514582827453862e-06
 2.20000000000000018e+00 2.75000000000000000e+00 1.39482479375640741e-03 2.79484911927867797e-06
 2.75000000000000000e+00 3.29999999999999982e+00 1.39949597315941346e-03 3.24385786021265567e-06
 3.29999999999999982e+00 3.85000000000000009e+00 1.40616543109362609e-03 4.18155904122744093e-06
 3.85000000000000009e+00 4.40000000000000036e+00 1.40269579382112973e-03 3.66313250546242217e-06
 4.40000000000000036e+00 4.95000000000000018e+00 1.40035620803985092e-03 3.76095097823876876e-06
 4.95000000000000018e+00 5.50000000000000000e+00 1.40273265725280910e-03 2.93191930134674762e-06
 5.50000000000000000e+00 6.04999999999999982e+00 1.39785133375963351e-03 2.83717859497852357e-06
 6.04999999999999982e+00 6.59999999999999964e+00 1.39986998077993381e-03 2.75067155099413135e-06
 6.59999999999999964e+00 7.15000000000000036e+00 1.40690446149133392e-03 3.36249982045250171e-06
 7.15000000000000036e+00 7.70000000000000018e+00 1.39714639288416307e-03 2.74869974865056744e-06
 7.70000000000000018e+00 8.25000000000000000e+00 1.40061656888728009e-03 3.04246862312026882e-06
 8.25000000000000000e+00 8.80000000000000071e+00 1.39640341784643719e-03 3.22293605498931268e-06
 8.80000000000000071e+00 9.34999999999999964e+00 1.40051804016590002e-03 2.86331124801521516e-06
 9.34999999999999964e+00 9.90000000000000036e+00 1.39759822603454970e-03 3.55619481232839781e-06
 9.90000000000000036e+00 1.04499999999999993e+01 1.39581275516439647e-03 3.56630954567168766e-06
 1.04499999999999993e+01 1.10000000000000000e+01 1.39996331047586545e-03 2.86423554167917569e-06
 1.10000000000000000e+01 1.15500000000000007e+01 1.39156925709430163e-03 2.94172313778967241e-06
 1.15500000000000007e+01 1.20999999999999996e+01 1.39666266840731876e-03 4.13803327723440740e-06
 1.20999999999999996e+01 1.26500000000000004e+01 1.40338063927209888e-03 3.93152179009019209e-06
 1.26500000000000004e+01 1.31999999999999993e+01 1.39614894737032178e-03 2.86956491797383518e-06
 1.31999999999999993e+01 1.37500000000000000e+01 1.39832825178029139e-03 3.64685130484818506e-06
 1.37500000000000000e+01 1.43000000000000007e+01 1.39764817834491808e-03 3.11918723796022143e-06
 1.43000000000000007e+01 1.48499999999999996e+01 1.39565500529822452e-03 2.76898293037329525e-06
 1.48499999999999996e+01 1.54000000000000004e+01 1.39887192437295783e-03 3.01456433742592419e-06
 1.54000000000000004e+01 1.59499999999999993e+01 1.39428325109530521e-03 2.98096261397911517e-06
 1.59499999999999993e+01 1.65000000000000000e+01 1.39398850585414512e-03 4.01370310595927322e-06
 1.65000000000000000e+01 1.70500000000000007e+01 1.39902876392975785e-03 3.39704609534745362e-06
 1.70500000000000007e+01 1.76000000000000014e+01 1.39059808663886389e-03 2.96037115091992333e-06
 1.76000000000000014e+01 1.81499999999999986e+01 1.39593085599434103e-03 3.37176295925315279e-06
 1.81499999999999986e+01 1.86999999999999993e+01 1.39247316865743673e-03 3.69544709644049437e-06
 1.86999999999999993e+01 1.92500000000000000e+01 1.39321594321151427e-03 3.46064516199926613e-06
 1.92500000000000000e+01 1.98000000000000007e+01 1.39042417160229739e-03 2.76897225070986656e-06
 1.98000000000000007e+01 2.03500000000000014e+01 1.39822362600910965e-03 3.10818205012919248e-06
 2.03500000000000014e+01 2.08999999999999986e+01 1.39137788302406561e-03 2.86096921714156530e-06
 2.08999999999999986e+01 2.14499999999999993e+01 1.39902943004736749e-03 4.08160742218228408e-06
 2.14499999999999993e+01 2.20000000000000000e+01 1.38523869163422581e-03 3.04398610068441868e-06
 2.20000000000000000e+01 2.25500000000000007e+01 1.39189486638299255e-03 3.45825373780877775e-06
 2.25500000000000007e+01 2.31000000000000014e+01 1.38937061570006603e-03 2.90105158560703726e-06
 2.31000000000000014e+01 2.36499999999999986e+01 1.39772430775685899e-03 3.17183131260231744e-06
 2.36499999999999986e+01 2.41999999999999993e+01 1.39066109501269288e-03 3.12626412514065090e-06
 2.41999999999999993e+01 2.47500000000000000e+01 1.39130027008995132e-03 3.02514425187887690e-06
 2.47500000000000000e+01 2.53000000000000007e+01 1.38656743364938052e-03 2.72346379096388876e-06
 2.53000000000000007e+01 2.58500000000000014e+01 1.38471069656314282e-03 2.84724049541399293e-06
 2.58500000000000014e+01 2.63999999999999986e+01 1.38992856054023697e-03 2.89459663179465661e-06
 2.63999999999999986e+01 2.69499999999999993e+01 1.38959658258967214e-03 3.47993672736307755e-06
 2.69499999999999993e+01 2.75000000000000000e+01 1.38727876139556859e-03 2.85328387550192453e-06
 2.75000000000000000e+01 2.80500000000000007e+01 1.38536482600702671e-03 3.03688685669601783e-06
 2.80500000000000007e+01 2.86000000000000014e+01 1.38632005118678866e-03 3.33834784664820128e-06
 2.86000000000000014e+01 2.91499999999999986e+01 1.38292075663362982e-03 2.79899127091730756e-06
 2.91499999999999986e+01 2.96999999999999993e+01 1.38256000336412898e-03 3.05830961369165750e-06
 2.96999999999999993e+01 3.02500000000000000e+01 1.38981504582113332e-03 4.90488806010741027e-06
 3.02500000000000000e+01 3.08000000000000007e+01 1.38658757368401121e-03 2.76836778990956175e-06
 3.08000000000000007e+01 3.13500000000000014e+01 1.38517763954392327e-03 2.96679919171065158e-06
 3.13500000000000014e+01 3.18999999999999986e+01 1.38524578765138466e-03 3.41277873126856386e-06
 3.18999999999999986e+01 3.24500000000000028e+01 1.38310941873303912e-03 3.37741318569861618e-06
 3.24500000000000028e+01 3.30000000000000000e+01 1.38543218027814292e-03 3.36952896549632872e-06
 3.30000000000000000e+01 3.35499999999999972e+01 1.38391979798755706e-03 3.14244685708038916e-06
 3.35499999999999972e+01 3.41000000000000014e+01 1.38312061936587570e-03 2.78976032702540562e-06
 3.41000000000000014e+01 3.46499999999999986e+01 1.38593346421726250e-03 3.23751926591416690e-06
 3.46499999999999986e+01 3.52000000000000028e+01 1.37902215036017693e-03 2.76077283655207239e-06
 3.52000000000000028e+01 3.57500000000000000e+01 1.37916079561295870e-03 3.58853541134941957e-06
 3.57500000000000000e+01 3.62999999999999972e+01 1.38115321422280159e-03 4.47678740846658230e-06
 3.62999999999999972e+01 3.68500000000000014e+01 1.37629929693264394e-03 3.32765279936948542e-06
 3.68500000000000014e+01 3.73999999999999986e+01 1.37860196310115365e-03 3.28535507975859606e-06
 3.73999999999999986e+01 3.79500000000000028e+01 1.37360981809303258e-03 2.96690707211323491e-06
 3.79500000000000028e+01 3.85000000000000000e+01 1.37445856675233219e-03 3.27137125836690191e-06
 3.85000000000000000e+01 3.90499999999999972e+01 1.37315823686882141e-03 2.91751569277284279e-06
 3.90499999999999972e+01 3.96000000000000014e+01 1.37500630081807099e-03 2.86906131658225177e-06
 3.96000000000000014e+01 4.01499999999999986e+01 1.37388185424239901e-03 2.96528317216644468e-06
 4.01499999999999986e+01 4.07000000000000028e+01 1.37353425176251994e-03 2.81845961195752492e-06
 4.07000000000000028e+01 4.12500000000000000e+01 1.37359745795992481e-03 2.86453877835126680e-06
 4.12500000000000000e+01 4.17999999999999972e+01 1.36947976988955429e-03 2.99664112215369933e-06
 4.17999999999999972e+01 4.23500000000000014e+01 1.37473815030457382e-03 3.46637950278073943e-06
 4.23500000000000014e+01 4.28999999999999986e+01 1.36712475877534133e-03 2.92029171564343665e-06
 4.28999999999999986e+01 4.34500000000000028e+01 1.37435150375804179e-03 3.56096343250407205e-06
 4.34500000000000028e+01 4.40000000000000000e+01 1.37101885500570718e-03 2.98577881562546033e-06
 4.40000000000000000e+01 4.45499999999999972e+01 1.37160176669153303e-03 3.30155016361837347e-06
 4.45499999999999972e+01 4.51000000000000014e+01 1.36302264393711129e-03 2.88644529605111674e-06
 4.51000000000000014e+01 4.56499999999999986e+01 1.36606316817251719e-03 2.99552220094443285e-06
 4.56499999999999986e+01 4.62000000000000028e+01 1.37032536084915712e-03 4.68892689206894747e-06
 4.62000000000000028e+01 4.67500000000000000e+01 1.36117622725323117e-03 3.38794304753089333e-06
 4.67500000000000000e+01 4.72999999999999972e+01 1.36132592159149044e-03 3.86939499109924505e-06
 4.72999999999999972e+01 4.78500000000000014e+01 1.36148739884851670e-03 2.98706384193052136e-06
 4.78500000000000014e+01 4.83999999999999986e+01 1.35988697903283379e-03 2.88102008186318409e-06
 4.83999999999999986e+01 4.89500000000000028e+01 1.36406360665441593e-03 2.79464730810630049e-06
 4.89500000000000028e+01 4.95000000000000000e+01 1.36047936891254954e-03 3.08216372295221772e-06
 4.95000000000000000e+01 5.00499999999999972e+01 1.35958669620104677e-03 2.69112284272767924e-06
 5.00499999999999972e+01 5.06000000000000014e+01 1.35659166404135216e-03 2.92471447689619953e-06
 5.06000000000000014e+01 5.11499999999999986e+01 1.35625107203772512e-03 3.20779488949858943e-06
 5.11499999999999986e+01 5.17000000000000028e+01 1.35696975376084234e-03 2.90193774475993025e-06
 5.17000000000000028e+01 5.22500000000000000e+01 1.35412792784080993e-03 3.06426604780278628e-06
 5.22500000000000000e+01 5.27999999999999972e+01 1.35827796925662675e-03 3.61245744107587999e-06
 5.27999999999999972e+01 5.33500000000000014e+01 1.35717002256557288e-03 2.89276452314492376e-06
 5.33500000000000014e+01 5.38999999999999986e+01 1.35318142466325656e-03 2.87315078772782679e-06
 5.38999999999999986e+01 5.44500000000000028e+01 1.35617842519071227e-03 5.14585539954976402e-06
 5.44500000000000028e+01 5.50000000000000000e+01 1.35413813222536928e-03 3.78806656032857470e-06
 5.50000000000000000e+01 5.55499999999999972e+01 1.34621336482745402e-03 2.94550018418400164e-06
 5.55499999999999972e+01 5.61000000000000014e+01 1.34641444492677531e-03 2.80034729888103830e-06
 5.61000000000000014e+01 5.66499999999999986e+01 1.34802840269049903e-03 3.51759720688611656e-06
 5.66499999999999986e+01 5.72000000000000028e+01 1.34316039472161166e-03 2.96841809901934490e-06
 5.72000000000000028e+01 5.77500000000000000e+01 1.34586893426118085e-03 3.85259882467886826e-06
 5.77500000000000000e+01 5.82999999999999972e+01 1.34528938111281508e-03 3.54144416805921714e-06
 5.82999999999999972e+01 5.88500000000000014e+01 1.34536664718084621e-03 3.37309841940759038e-06
 5.88500000000000014e+01 5.93999999999999986e+01 1.33901083568298013e-03 2.97590905024943444e-06
 5.93999999999999986e+01 5.99500000000000028e+01 1.34137614045699892e-03 2.74479866282945487e-06
 5.99500000000000028e+01 6.05000000000000000e+01 1.34121555858341996e-03 4.09891822712550063e-06
 6.05000000000000000e+01 6.10499999999999972e+01 1.34376503739034561e-03 3.16800265253996813e-06
 6.10499999999999972e+01 6.16000000000000014e+01 1.33714665994941239e-03 3.14362550438983806e-06
 6.16000000000000014e+01 6.21499999999999986e+01 1.34008328538369882e-03 3.01374863804785660e-06
 6.21499999999999986e+01 6.27000000000000028e+01 1.33561074637217466e-03 3.04670473400816752e-06
 6.27000000000000028e+01 6.32500000000000000e+01 1.33464149784550648e-03 3.00332933062075656e-06
 6.32500000000000000e+01 6.37999999999999972e+01 1.33615280399838952e-03 3.24663581165742119e-06
 6.37999999999999972e+01 6.43499999999999943e+01 1.33579313722987161e-03 3.00413764257069663e-06
 6.43499999999999943e+01 6.49000000000000057e+01 1.33508558096353093e-03 4.71320905718194963e-06
 6.49000000000000057e+01 6.54500000000000028e+01 1.32387007264639801e-03 2.78998284177602139e-06
 6.54500000000000028e+01 6.60000000000000000e+01 1.33201887352659776e-03 3.59966382605145290e-06
 6.60000000000000000e+01 6.65499999999999972e+01 1.32818384453682083e-03 3.30281288450264555e-06
 6.65499999999999972e+01 6.70999999999999943e+01 1.32714440806793181e-03 2.84402790511117065e-06
 6.70999999999999943e+01 6.76500000000000057e+01 1.32329002196909427e-03 3.19122702525605354e-06
 6.76500000000000057e+01 6.82000000000000028e+01 1.32645370148522538e-03 2.87712567670427139e-06
 6.82000000000000028e+01 6.87500000000000000e+01 1.32330330537284687e-03 2.93316304528278472e-06
 6.87500000000000000e+01 6.92999999999999972e+01 1.32291053438368168e-03 3.38448831957062792e-06
 6.92999999999999972e+01 6.98499999999999943e+01 1.32275166155083174e-03 4.04673209642331499e-06
 6.98499999999999943e+01 7.04000000000000057e+01 1.32000485940407227e-03 2.75431041053835922e-06
 7.04000000000000057e+01 7.09500000000000028e+01 1.32137363005163373e-03 3.05736705786802579e-06
 7.09500000000000028e+01 7.15000000000000000e+01 1.31458921316636597e-03 2.73641506347946710e-06
 7.15000000000000000e+01 7.20499999999999972e+01 1.31860924534273147e-03 3.47846984333005253e-06
 7.20499999999999972e+01 7.25999999999999943e+01 1.31595728184236995e-03 2.83181680608419287e-06
 7.25999999999999943e+01 7.31500000000000057e+01 1.30953595483442324e-03 2.84282150401659358e-06
 7.31500000000000057e+01 7.37000000000000028e+01 1.31476532215930994e-03 2.99352187270141734e-06
 7.37000000000000028e+01 7.42500000000000000e+01 1.31441861210026905e-03 3.13513438145888513e-06
 7.42500000000000000e+01 7.47999999999999972e+01 1.30681069446525098e-03 2.77869464748224543e-06
 7.47999999999999972e+01 7.53499999999999943e+01 1.31086002204032471e-03 2.99531924998277314e-06
 7.53499999999999943e+01 7.59000000000000057e+01 1.30453086906185040e-03 2.77709531691453852e-06
 7.59000000000000057e+01 7.64500000000000028e+01 1.30747008781381679e-03 2.84058067455888965e-06
 7.64500000000000028e+01 7.70000000000000000e+01 1.30672918018412019e-03 2.86930625689046459e-06
 7.70000000000000000e+01 7.75499999999999972e+01 1.30753987016119779e-03 3.15942466842017355e-06
 7.75499999999999972e+01 7.80999999999999943e+01 1.29867556153530285e-03 3.86162997958497876e-06
 7.80999999999999943e+01 7.86500000000000057e+01 1.29738480322335128e-03 2.89342691907741122e-06
 7.86500000000000057e+01 7.92000000000000028e+01 1.30152707380942713e-03 2.89391601076191015e-06
 7.92000000000000028e+01 7.97500000000000000e+01 1.29915786178388579e-03 3.00280430308092459e-06
 7.97500000000000000e+01 8.02999999999999972e+01 1.29558860506944450e-03 2.86974594883063444e-06
 8.02999999999999972e+01 8.08499999999999943e+01 1.29010629895963012e-03 2.79343252982707808e-06
 8.08499999999999943e+01 8.14000000000000057e+01 1.29152427241661710e-03 2.91002098778678105e-06
 8.14000000000000057e+01 8.19500000000000028e+01 1.29740983094415378e-03 3.74768623832977404e-06
 8.19500000000000028e+01 8.25000000000000000e+01 1.29025775327590449e-03 2.83323785886977297e-06
 8.25000000000000000e+01 8.30499999999999972e+01 1.29013021621438083e-03 2.89605976162315339e-06
 8.30499999999999972e+01 8.35999999999999943e+01 1.29082268849550286e-03 2.95716981394938027e-06
 8.35999999999999943e+01 8.41500000000000057e+01 1.28722172923221700e-03 2.95383674618270637e-06
 8.41500000000000057e+01 8.47000000000000028e+01 1.28130151211580450e-03 2.79142747931625872e-06
 8.47000000000000028e+01 8.52500000000000000e+01 1.28899354240810237e-03 2.90057628246545811e-06
 8.52500000000000000e+01 8.57999999999999972e+01 1.27936040396829241e-03 2.84766911533834493e-06
 8.57999999999999972e+01 8.63499999999999943e+01 1.27908148018295769e-03 2.83931779450470631e-06
 8.63499999999999943e+01 8.69000000000000057e+01 1.27276947914716225e-03 2.81850613955487617e-06
 8.69000000000000057e+01 8.74500000000000028e+01 1.27749476022358255e-03 2.72099238250690811e-06
 8.74500000000000028e+01 8.80000000000000000e+01 1.27340332878797427e-03 2.76003103413301294e-06
 8.80000000000000000e+01 8.85499999999999972e+01 1.27371422243934104e-03 2.84709925997466407e-06
 8.85499999999999972e+01 8.90999999999999943e+01 1.27623286974476230e-03 2.97506583134603238e-06
 8.90999999999999943e+01 8.96500000000000057e+01 1.26276576818950734e-03 3.13518383695731694e-06
 8.96500000000000057e+01 9.02000000000000028e+01 1.28355896217766433e-03 2.78269971791192179e-06
 9.02000000000000028e+01 9.07500000000000000e+01 1.31366120048033940e-03 2.95944363238114056e-06
 9.07500000000000000e+01 9.12999999999999972e+01 1.31002495133453233e-03 3.03265176251409429e-06
 9.12999999999999972e+01 9.18499999999999943e+01 1.30489458941771496e-03 2.89974057361603188e-06
 9.18499999999999943e+01 9.24000000000000057e+01 1.30885787738522488e-03 3.39634867634584732e-06
 9.24000000000000057e+01 9.29500000000000028e+01 1.30653712030891992e-03 3.05931693558374821e-06
 9.29500000000000028e+01 9.35000000000000000e+01 1.30515447046604003e-03 2.87772496101663892e-06
 9.35000000000000000e+01 9.40499999999999972e+01 1.29804352333362993e-03 2.92878260177224852e-06
 9.40499999999999972e+01 9.45999999999999943e+01 1.30033469622912448e-03 3.18509432853806240e-06
 9.45999999999999943e+01 9.51500000000000057e+01 1.29633788929674936e-03 2.92695738131593691e-06
 9.51500000000000057e+01 9.57000000000000028e+01 1.29624900626127185e-03 2.92577311488420255e-06
 9.57000000000000028e+01 9.62500000000000000e+01 1.29582132056397657e-03 2.85316787895866829e-06
 9.62500000000000000e+01 9.67999999999999972e+01 1.28613090543465490e-03 2.79463280561605827e-06
 9.67999999999999972e+01 9.73499999999999943e+01 1.28301375738767770e-03 2.89127989446539026e-06
 9.73499999999999943e+01 9.79000000000000057e+01 1.28211752303358361e-03 2.91289160055809530e-06
 9.79000000000000057e+01 9.84500000000000028e+01 1.28320462603110893e-03 2.94061556982326425e-06
 9.84500000000000028e+01 9.90000000000000000e+01 1.27943459945259615e-03 2.90497059554573474e-06
 9.90000000000000000e+01 9.95499999999999972e+01 1.28283784318019255e-03 3.78327294398420067e-06
 9.95499999999999972e+01 1.00099999999999994e+02 1.27124665570370202e-03 2.88373556149547674e-06
 1.00099999999999994e+02 1.00650000000000006e+02 1.27861831536179552e-03 3.87772813011292763e-06
 1.00650000000000006e+02 1.01200000000000003e+02 1.27028649082515225e-03 2.97414811781963226e-06
 1.01200000000000003e+02 1.01750000000000000e+02 1.27541755570899536e-03 5.15954822362912485e-06
 1.01750000000000000e+02 1.02299999999999997e+02 1.26992008428987728e-03 2.98223143091904461e-06
 1.02299999999999997e+02 1.02849999999999994e+02 1.26409748456769982e-03 3.62502863838568749e-06
 1.02849999999999994e+02 1.03400000000000006e+02 1.26208375149444350e-03 2.92915180432621433e-06
 1.03400000000000006e+02 1.03950000000000003e+02 1.26607283570636438e-03 3.13149965807876245e-06
 1.03950000000000003e+02 1.04500000000000000e+02 1.26008467122682983e-03 2.97003302984503586e-06
 1.04500000000000000e+02 1.05049999999999997e+02 1.24958031613570239e-03 2.88118891949340281e-06
 1.05049999999999997e+02 1.05599999999999994e+02 1.25213091425387698e-03 2.82298029515561192e-06
 1.05599999999999994e+02 1.06150000000000006e+02 1.25630913695355651e-03 3.54792790214689853e-06
 1.06150000000000006e+02 1.06700000000000003e+02 1.24603176110134198e-03 2.83235619750187804e-06
 1.06700000000000003e+02 1.07250000000000000e+02 1.24777983492530410e-03 2.94751493019950199e-06
 1.07250000000000000e+02 1.07799999999999997e+02 1.24215086691995143e-03 2.79627885761226599e-06
 1.07799999999999997e+02 1.08349999999999994e+02 1.24626706849754868e-03 3.69841346923089745e-06
 1.08349999999999994e+02 1.08900000000000006e+02 1.24301906545550987e-03 2.91641951212708479e-06
 1.08900000000000006e+02 1.09450000000000003e+02 1.23504398167117351e-03 2.75749468073054478e-06
 1.09450000000000003e+02 1.10000000000000000e+02 1.23108555003862970e-03 2.84387556641744799e-06
 1.10000000000000000e+02 1.10549999999999997e+02 1.23779917194017600e-03 3.29181077140938773e-06
 1.10549999999999997e+02 1.11099999999999994e+02 1.22793791377429312e-03 2.83303219238604343e-06
 1.11099999999999994e+02 1.11650000000000006e+02 1.22746315295317186e-03 2.90215936527278380e-06
 1.11650000000000006e+02 1.12200000000000003e+02 1.22141534449743665e-03 3.09124615912885360e-06
 1.12200000000000003e+02 1.12750000000000000e+02 1.21933129574323409e-03 2.75583595079257478e-06
 1.12750000000000000e+02 1.13299999999999997e+02 1.21549150759774679e-03 2.82746105982111831e-06
 1.13299999999999997e+02 1.13849999999999994e+02 1.21247039858142719e-03 2.72170364763093697e-06
 1.13849999999999994e+02 1.14400000000000006e+02 1.21000300542238137e-03 3.05478708593184933e-06
 1.14400000000000006e+02 1.14950000000000003e+02 1.21252094667158045e-03 3.74422158475518962e-06
 1.14950000000000003e+02 1.15500000000000000e+02 1.21193707526287770e-03 3.06902149898816391e-06
 1.15500000000000000e+02 1.16049999999999997e+02 1.20435735936425914e-03 2.75286583149414015e-06
 1.16049999999999997e+02 1.16599999999999994e+02 1.20652065982431410e-03 3.65822623944066801e-06
 1.16599999999999994e+02 1.17150000000000006e+02 1.20536721291596366e-03 3.64030032759367367e-06
 1.17150000000000006e+02 1.17700000000000003e+02 1.19645108751589911e-03 2.83689827401181546e-06
 1.17700000000000003e+02 1.18250000000000000e+02 1.19401519539622425e-03 2.88330762649939529e-06
 1.18250000000000000e+02 1.18799999999999997e+02 1.20275882154037106e-03 1.07184051995995846e-05
 1.18799999999999997e+02 1.19349999999999994e+02 1.19333624907765707e-03 2.80745283509319938e-06
 1.19349999999999994e+02 1.19900000000000006e+02 1.18802300406763085e-03 2.91725243971907163e-06
 1.19900000000000006e+02 1.20450000000000003e+02 1.18482839468548326e-03 2.91267351015693606e-06
 1.20450000000000003e+02 1.21000000000000000e+02 1.18040629071703785e-03 2.93008230774344081e-06
 1.21000000000000000e+02 1.21549999999999997e+02 1.18059141013664225e-03 2.93895815091359636e-06
 1.21549999999999997e+02 1.22099999999999994e+02 1.18002369265223102e-03 3.02971678942078204e-06
 1.22099999999999994e+02 1.22650000000000006e+02 1.17043212961693557e-03 2.74518329343984330e-06
 1.22650000000000006e+02 1.23200000000000003e+02 1.17387718117205699e-03 4.54007366541323733e-06
 1.23200000000000003e+02 1.23750000000000000e+02 1.17180546487509777e-03 2.88627585770613260e-06
 1.23750000000000000e+02 1.24299999999999997e+02 1.16694301679912040e-03 3.20817993269937360e-06
 1.24299999999999997e+02 1.24849999999999994e+02 1.16638735235194023e-03 3.77297248327185136e-06
 1.24849999999999994e+02 1.25400000000000006e+02 1.15881928417024826e-03 2.91318406793430850e-06
 1.25400000000000006e+02 1.25950000000000003e+02 1.15673240413184902e-03 3.46480567648035672e-06
 1.25950000000000003e+02 1.26500000000000000e+02 1.15608825067985426e-03 2.87004142525599101e-06
 1.26500000000000000e+02 1.27049999999999997e+02 1.15303131306080243e-03 2.87008339627473277e-06
 1.27049999999999997e+02 1.27599999999999994e+02 1.14522659369292517e-03 2.73428767088886470e-06
 1.27599999999999994e+02 1.28150000000000006e+02 1.14973166638937031e-03 3.81369260488386688e-06
 1.28150000000000006e+02 1.28699999999999989e+02 1.14035131583475522e-03 3.06217229357375413e-06
 1.28699999999999989e+02 1.29250000000000000e+02 1.13983785461956684e-03 2.62127135899369911e-06
 1.29250000000000000e+02 1.29800000000000011e+02 1.13870485856187430e-03 2.91370559405468224e-06
 1.29800000000000011e+02 1.30349999999999994e+02 1.13411507473043928e-03 2.70064662944098492e-06
 1.30349999999999994e+02 1.30900000000000006e+02 1.13471642656835119e-03 2.95328622332020075e-06
 1.30900000000000006e+02 1.31449999999999989e+02 1.12449784521000541e-03 2.69724676039351286e-06
 1.31449999999999989e+02 1.32000000000000000e+02 1.13230349806199841e-03 3.16976324405561808e-06
 1.32000000000000000e+02 1.32550000000000011e+02 1.12159220676494027e-03 2.67459079022376199e-06
 1.32550000000000011e+02 1.33099999999999994e+02 1.12696935835077832e-03 3.27428937689099664e-06
 1.33099999999999994e+02 1.33650000000000006e+02 1.11870106685276935e-03 2.79275949820649902e-06
 1.33650000000000006e+02 1.34199999999999989e+02 1.11762598338753494e-03 3.45205100900101687e-06
 1.34199999999999989e+02 1.34750000000000000e+02 1.10701749526476373e-03 2.61508282569190439e-06
 1.34750000000000000e+02 1.35300000000000011e+02 1.10822584294122291e-03 2.68982436039749681e-06
 1.35300000000000011e+02 1.35849999999999994e+02 1.11342934074092396e-03 3.34279138434339783e-06
 1.35849999999999994e+02 1.36400000000000006e+02 1.10214560683825555e-03 2.77901683193764615e-06
 1.36400000000000006e+02 1.36949999999999989e+02 1.09781962831754501e-03 2.72264547498441786e-06
 1.36949999999999989e+02 1.37500000000000000e+02 1.09377166095275423e-03 2.67252101917338039e-06
 1.37500000000000000e+02 1.38050000000000011e+02 1.09191059641264624e-03 2.87230675044193154e-06
 1.38050000000000011e+02 1.38599999999999994e+02 1.09427627152848842e-03 2.82006275436584126e-06
 1.38599999999999994e+02 1.39150000000000006e+02 1.08929130005522507e-03 2.78490064243787263e-06
 1.39150000000000006e+02 1.39699999999999989e+02 1.08823995324542244e-03 2.80811998272485958e-06
 1.39699999999999989e+02 1.40250000000000000e+02 1.08166234910098374e-03 2.73504678787269642e-06
 1.40250000000000000e+02 1.40800000000000011e+02 1.07881071998925065e-03 2.82762100869337250e-06
 1.40800000000000011e+02 1.41349999999999994e+02 1.07463795986617984e-03 2.68731756969778932e-06
 1.41349999999999994e+02 1.41900000000000006e+02 1.07449412895122692e-03 2.71274330143246722e-06
 1.41900000000000006e+02 1.42449999999999989e+02 1.07779568619476539e-03 2.97932100628135530e-06
 1.42449999999999989e+02 1.43000000000000000e+02 1.06581491063079668e-03 2.65112816373458562e-06
 1.43000000000000000e+02 1.43550000000000011e+02 1.06765999092739211e-03 3.36116662326907087e-06
 1.43550000000000011e+02 1.44099999999999994e+02 1.06020080550987827e-03 2.68337604835321480e-06
 1.44099999999999994e+02 1.44650000000000006e+02 1.05460412423408808e-03 2.60820750964995495e-06
 1.44650000000000006e+02 1.45199999999999989e+02 1.05758294845125530e-03 3.64376133033320865e-06
 1.45199999999999989e+02 1.45750000000000000e+02 1.05295328120505243e-03 3.49904977464218418e-06
 1.45750000000000000e+02 1.46300000000000011e+02 1.04514303266409810e-03 3.13931218613607299e-06
 1.46300000000000011e+02 1.46849999999999994e+02 1.04540386216233423e-03 2.92952704716940493e-06
 1.46849999999999994e+02 1.47400000000000006e+02 1.04038950157068415e-03 2.63197820486063977e-06
 1.47400000000000006e+02 1.47949999999999989e+02 1.03849913095692024e-03 2.77526198056909356e-06
 1.47949999999999989e+02 1.48500000000000000e+02 1.03329499384499277e-03 2.59093108441058073e-06
 1.48500000000000000e+02 1.49050000000000011e+02 1.02782551049957860e-03 2.70454200901675000e-06
 1.49050000000000011e+02 1.49599999999999994e+02 1.02571358870328223e-03 2.49054610550722236e-06
 1.49599999999999994e+02 1.50150000000000006e+02 1.02766692284878870e-03 2.76946130866659985e-06
 1.50150000000000006e+02 1.50699999999999989e+02 1.02559362972491565e-03 2.63992858628985304e-06
 1.50699999999999989e+02 1.51250000000000000e+02 1.01187022903864872e-03 2.63936988354995880e-06
 1.51250000000000000e+02 1.51800000000000011e+02 1.02039717222663891e-03 3.00230631029209831e-06
 1.51800000000000011e+02 1.52349999999999994e+02 1.01286138778589291e-03 2.63523417173533276e-06
 1.52349999999999994e+02 1.52900000000000006e+02 1.01017361431405628e-03 2.65775677887853782e-06
 1.52900000000000006e+02 1.53449999999999989e+02 1.00545817855792895e-03 2.60064318000316925e-06
 1.53449999999999989e+02 1.54000000000000000e+02 1.00468015219967364e-03 2.66879679997669474e-06
 1.54000000000000000e+02 1.54550000000000011e+02 1.00124532855823119e-03 2.72083578725322280e-06
 1.54550000000000011e+02 1.55099999999999994e+02 9.95881902430731381e-04 3.06741927933247547e-06
 1.55099999999999994e+02 1.55650000000000006e+02 9.93684799106152447e-04 2.52169781385678732e-06
 1.55650000000000006e+02 1.56199999999999989e+02 9.93640118600375242e-04 2.77278723364554087e-06
 1.56199999999999989e+02 1.56750000000000000e+02 9.90293317385550079e-04 3.33059316943304308e-06
 1.56750000000000000e+02 1.57300000000000011e+02 9.83464266988007306e-04 2.84986928370928769e-06
 1.57300000000000011e+02 1.57849999999999994e+02 9.83923147850144716e-04 2.72482732810590556e-06
 1.57849999999999994e+02 1.58400000000000006e+02 9.81078261065155416e-04 3.67598330038960638e-06
 1.58400000000000006e+02 1.58949999999999989e+02 9.76164114595957683e-04 3.22666442597681192e-06
 1.58949999999999989e+02 1.59500000000000000e+02 9.75033852581356142e-04 3.03214110209856623e-06
 1.59500000000000000e+02 1.60050000000000011e+02 9.67568662249315963e-04 2.97343611639612673e-06
 1.60050000000000011e+02 1.60599999999999994e+02 9.60726128140851625e-04 2.93232886804507525e-06
 1.60599999999999994e+02 1.61150000000000006e+02 9.55365021375729215e-04 2.53601581335029601e-06
 1.61150000000000006e+02 1.61699999999999989e+02 9.62704981944460195e-04 3.44099026422693284e-06
 1.61699999999999989e+02 1.62250000000000000e+02 9.56777118870327120e-04 3.60628025283267323e-06
 1.62250000000000000e+02 1.62800000000000011e+02 9.52622289034923790e-04 3.87210077540883708e-06
 1.62800000000000011e+02 1.63349999999999994e+02 9.39412915173077007e-04 2.52712703190030521e-06
 1.63349999999999994e+02 1.63900000000000006e+02 9.45472663505990646e-04 3.84456536725840418e-06
 1.63900000000000006e+02 1.64449999999999989e+02 9.42911901735839046e-04 4.77587845431748687e-06
 1.64449999999999989e+02 1.65000000000000000e+02 9.36683899316041670e-04 3.04501100542438052e-06
 1.65000000000000000e+02 1.65550000000000011e+02 9.28083272566548336e-04 2.48217454108808932e-06
 1.65550000000000011e+02 1.66099999999999994e+02 9.34576654169722953e-04 5.20430174714274619e-06
 1.66099999999999994e+02 1.66650000000000006e+02 9.26026704552050314e-04 2.51613152305863378e-06
 1.66650000000000006e+02 1.67199999999999989e+02 9.24133714658914129e-04 2.89697501148994297e-06
 1.67199999999999989e+02 1.67750000000000000e+02 9.17926323620257335e-04 2.59632428180994001e-06
 1.67750000000000000e+02 1.68300000000000011e+02 9.15358543270954604e-04 2.49010441684314636e-06
 1.68300000000000011e+02 1.68849999999999994e+02 9.08497461635551155e-04 2.67758989725892154e-06
 1.68849999999999994e+02 1.69400000000000006e+02 9.08794086895295741e-04 2.52337862014250800e-06
 1.69400000000000006e+02 1.69949999999999989e+02 9.09574233284013759e-04 3.34020340556517869e-06
 1.69949999999999989e+02 1.70500000000000000e+02 9.03630311978331400e-04 2.70893651437329517e-06
 1.70500000000000000e+02 1.71050000000000011e+02 8.99354687926369510e-04 5.24983221519357899e-06
 1.71050000000000011e+02 1.71599999999999994e+02 8.94820476242670030e-04 2.54136224982060646e-06
 1.71599999999999994e+02 1.72150000000000006e+02 8.92565090679226284e-04 2.73596529372432194e-06
 1.72150000000000006e+02 1.72699999999999989e+02 8.86145162266263869e-04 2.88097000261844613e-06
 1.72699999999999989e+02 1.73250000000000000e+02 8.85464386293929764e-04 2.95779068249628439e-06
 1.73250000000000000e+02 1.73800000000000011e+02 8.78828883351050736e-04 2.42947639542226903e-06
 1.73800000000000011e+02 1.74349999999999994e+02 8.77355549462474345e-04 2.69619877342677142e-06
 1.74349999999999994e+02 1.74900000000000006e+02 8.76063917817157187e-04 2.73970968237858304e-06
 1.74900000000000006e+02 1.75449999999999989e+02 8.71982502428908578e-04 4.37362783855443930e-06
 1.75449999999999989e+02 1.76000000000000000e+02 8.62614718297339080e-04 2.43398675433570237e-06
 1.76000000000000000e+02 1.76550000000000011e+02 8.63356569552963839e-04 3.52796466717947589e-06
 1.76550000000000011e+02 1.77099999999999994e+02 8.56770547743554694e-04 2.66335674508711977e-06
 1.77099999999999994e+02 1.77650000000000006e+02 8.52345359379524849e-04 2.91144712582392413e-06
 1.77650000000000006e+02 1.78199999999999989e+02 8.51383376565995986e-04 2.51063121227859706e-06
 1.78199999999999989e+02 1.78750000000000000e+02 8.46994714181726564e-04 2.48607573401874703e-06
 1.78750000000000000e+02 1.79300000000000011e+02 8.41117946141695431e-04 2.36970233780431946e-06
 1.79300000000000011e+02 1.79849999999999994e+02 8.38150854437736781e-04 2.34436084267278683e-06
 1.79849999999999994e+02 1.80400000000000006e+02 8.37029835532026797e-04 2.49885218133920619e-06
 1.80400000000000006e+02 1.80949999999999989e+02 8.31299771814991988e-04 2.81607494292843829e-06
 1.80949999999999989e+02 1.81500000000000000e+02 8.32474909710728228e-04 2.82562501915625843e-06
 1.81500000000000000e+02 1.82050000000000011e+02 8.26091740953598976e-04 2.58791964511268867e-06
 1.82050000000000011e+02 1.82599999999999994e+02 8.24924278795370028e-04 2.82469030073906865e-06
 1.82599999999999994e+02 1.83150000000000006e+02 8.15302359912839503e-04 2.31662437415141358e-06
 1.83150000000000006e+02 1.83699999999999989e+02 8.09877428003465214e-04 2.35380181821495478e-06
 1.83699999999999989e+02 1.84250000000000000e+02 8.12781077062418237e-04 2.40848923977648858e-06
 1.84250000000000000e+02 1.84800000000000011e+02 8.04083998900614709e-04 3.29100090851892863e-06
 1.84800000000000011e+02 1.85349999999999994e+02 8.00938835232458345e-04 2.54126748304390385e-06
 1.85349999999999994e+02 1.85900000000000006e+02 7.95215621621040173e-04 2.41176368623336617e-06
 1.85900000000000006e+02 1.86449999999999989e+02 7.94521215512068550e-04 2.40722306500100853e-06
 1.86449999999999989e+02 1.87000000000000000e+02 7.87596742819275924e-04 2.40029551212528966e-06
 1.87000000000000000e+02 1.87550000000000011e+02 7.93458087523718882e-04 4.35717531288313835e-06
 1.87550000000000011e+02 1.88099999999999994e+02 7.84167356203277380e-04 2.24586445696187048e-06
 1.88099999999999994e+02 1.88650000000000006e+02 7.76176437704997738e-04 2.22969316687274378e-06
 1.88650000000000006e+02 1.89199999999999989e+02 7.80120988342282396e-04 2.32891411022272477e-06
 1.89199999999999989e+02 1.89750000000000000e+02 7.73302352256767392e-04 2.65804818498515108e-06
 1.89750000000000000e+02 1.90300000000000011e+02 7.63952723393620647e-04 2.66846920165414738e-06
 1.90300000000000011e+02 1.90849999999999994e+02 7.67885113863121566e-04 2.64996541094522919e-06
 1.90849999999999994e+02 1.91400000000000006e+02 7.61244391854328612e-04 2.31512212242182671e-06
 1.91400000000000006e+02 1.91949999999999989e+02 7.56083078325998415e-04 4.17417128049425706e-06
 1.91949999999999989e+02 1.92500000000000000e+02 7.53684545848510830e-04 2.62856799759898483e-06
 1.92500000000000000e+02 1.93050000000000011e+02 7.45767155199053631e-04 2.52367634474866132e-06
 1.93050000000000011e+02 1.93599999999999994e+02 7.42310057210116350e-04 2.51876279441628393e-06
 1.93599999999999994e+02 1.94150000000000006e+02 7.39673077324188330e-04 2.70730888990696715e-06
 1.94150000000000006e+02 1.94699999999999989e+02 7.35846239335593514e-04 2.24325889881409984e-06
 1.94699999999999989e+02 1.95250000000000000e+02 7.33953290193179353e-04 2.48131635832112513e-06
 1.95250000000000000e+02 1.95800000000000011e+02 7.29578704548176785e-04 2.23677570205703207e-06
 1.95800000000000011e+02 1.96349999999999994e+02 7.28153303995418403e-04 2.84754684346292515e-06
 1.96349999999999994e+02 1.96900000000000006e+02 7.21257979785740059e-04 2.48977822657342762e-06
 1.96900000000000006e+02 1.97449999999999989e+02 7.19561538684890278e-04 2.30988414592834312e-06
 1.97449999999999989e+02 1.98000000000000000e+02 7.10666851683826426e-04 2.20939141961166396e-06
 1.98000000000000000e+02 1.98550000000000011e+02 7.09865507926806688e-04 2.66338531967747473e-06
 1.98550000000000011e+02 1.99099999999999994e+02 7.05632954085495161e-04 2.71099344571439628e-06
 1.99099999999999994e+02 1.99650000000000006e+02 7.01440037895118907e-04 2.43087138398201352e-06
 1.99650000000000006e+02 2.00199999999999989e+02 6.94185909348010461e-04 2.60057587488608040e-06
 2.00199999999999989e+02 2.00750000000000000e+02 6.93071794658084417e-04 2.67285680093006828e-06
 2.00750000000000000e+02 2.01300000000000011e+02 6.91026585376571076e-04 2.23837462490164909e-06
 2.01300000000000011e+02 2.01849999999999994e+02 6.86118227328894742e-04 2.84331973436283944e-06
 2.01849999999999994e+02 2.02400000000000006e+02 6.78441277127060129e-04 2.17900889432004853e-06
 2.02400000000000006e+02 2.02949999999999989e+02 6.76038327382669051e-04 2.36505510950000749e-06
 2.02949999999999989e+02 2.03500000000000000e+02 6.73371137851587974e-04 2.48996052121499234e-06
 2.03500000000000000e+02 2.04050000000000011e+02 6.71290217744990392e-04 2.26066655596096028e-06
 2.04050000000000011e+02 2.04599999999999994e+02 6.61534041468237019e-04 2.42929186739788612e-06
 2.04599999999999994e+02 2.05150000000000006e+02 6.59647342144816786e-04 2.58875943221861614e-06
 2.05150000000000006e+02 2.05699999999999989e+02 6.54573367179454250e-04 2.25924035966944008e-06
 2.05699999999999989e+02 2.06250000000000000e+02 6.48946736299343941e-04 2.25925289280759501e-06
 2.06250000000000000e+02 2.06800000000000011e+02 6.42567479873903773e-04 2.08506933707785906e-06
 2.06800000000000011e+02 2.07349999999999994e+02 6.43544016330663726e-04 2.39859571157756340e-06
 2.07349999999999994e+02 2.07900000000000006e+02 6.36817121962006275e-04 2.07241993426018729e-06
 2.07900000000000006e+02 2.08449999999999989e+02 6.33479937796231022e-04 2.16699192309931905e-06
 2.08449999999999989e+02 2.09000000000000000e+02 6.29535013666776013e-04 2.59045043990609858e-06
 2.09000000000000000e+02 2.09550000000000011e+02 6.27359230396296410e-04 2.57502872608814197e-06
 2.09550000000000011e+02 2.10099999999999994e+02 6.21818786133088749e-04 2.25408611834266928e-06
 2.10099999999999994e+02 2.10650000000000006e+02 6.24943399437196518e-04 5.29723991583288742e-06
 2.10650000000000006e+02 2.11199999999999989e+02 6.10931322506969368e-04 2.01092173126555059e-06
 2.11199999999999989e+02 2.11750000000000000e+02 6.11662795638310674e-04 2.91652520681138398e-06
 2.11750000000000000e+02 2.12300000000000011e+02 6.06365520651729181e-04 2.29634745287988566e-06
 2.12300000000000011e+02 2.12849999999999994e+02 6.02868391686067805e-04 2.18353153893951813e-06
 2.12849999999999994e+02 2.13400000000000006e+02 5.94077814183124279e-04 2.01616421866186209e-06
 2.13400000000000006e+02 2.13949999999999989e+02 5.92581759763950331e-04 2.59368402372377568e-06
 2.13949999999999989e+02 2.14500000000000000e+02 5.88187886643291662e-04 2.07376387337148120e-06
 2.14500000000000000e+02 2.15050000000000011e+02 5.84965495629422927e-04 2.11789912202449458e-06
 2.15050000000000011e+02 2.15599999999999994e+02 5.82036930187019175e-04 2.66489083431205423e-06
 2.15599999999999994e+02 2.16150000000000006e+02 5.74781002832613496e-04 2.07165000945400694e-06
 2.16150000000000006e+02 2.16699999999999989e+02 5.72360297675784252e-04 2.29835079530697385e-06
 2.16699999999999989e+02 2.17250000000000000e+02 5.66478536232663667e-04 2.53353171654806698e-06
 2.17250000000000000e+02 2.17800000000000011e+02 5.62440458031847790e-04 2.07278152077124612e-06
 2.17800000000000011e+02 2.18349999999999994e+02 5.55205516778526568e-04 1.95420965930657453e-06
 2.18349999999999994e+02 2.18900000000000006e+02 5.58028011454054303e-04 2.93685890323482198e-06
 2.18900000000000006e+02 2.19449999999999989e+02 5.47237484039811276e-04 2.00757074098200490e-06
 2.19449999999999989e+02 2.20000000000000000e+02 5.49059862576261682e-04 3.42098716416341719e-06
 2.20000000000000000e+02 2.20550000000000011e+02 5.40686237413264578e-04 2.31727585466640625e-06
 2.20550000000000011e+02 2.21099999999999994e+02 5.33620175051543956e-04 2.84867020725478324e-06
 2.21099999999999994e+02 2.21650000000000006e+02 5.30331243165749243e-04 2.02009173925488125e-06
 2.21650000000000006e+02 2.22199999999999989e+02 5.32259650600481571e-04 3.77581539807072648e-06
 2.22199999999999989e+02 2.22750000000000000e+02 5.32663385934968722e-04 9.83994569711399420e-06
 2.22750000000000000e+02 2.23300000000000011e+02 5.20383661642043584e-04 1.91210856216598268e-06
 2.23300000000000011e+02 2.23849999999999994e+02 5.13551416434981879e-04 2.01272368644493451e-06
 2.23849999999999994e+02 2.24400000000000006e+02 5.08880383648166695e-04 1.87914235605701066e-06
 2.24400000000000006e+02 2.24949999999999989e+02 5.08333896272901735e-04 1.96495601238543337e-06
 2.24949999999999989e+02 2.25500000000000000e+02 4.99785014487979379e-04 1.95973942357406686e-06
 2.25500000000000000e+02 2.26050000000000011e+02 4.97218046063079358e-04 2.04429381168544167e-06
 2.26050000000000011e+02 2.26599999999999994e+02 4.99282583836323994e-04 2.09099806782867377e-06
 2.26599999999999994e+02 2.27150000000000006e+02 4.90977965732878729e-04 2.38348895735765944e-06
 2.27150000000000006e+02 2.27699999999999989e+02 4.86129942543764141e-04 2.04836416007366959e-06
 2.27699999999999989e+02 2.28250000000000000e+02 4.79208660685272398e-04 2.53478087849786791e-06
 2.28250000000000000e+02 2.28800000000000011e+02 4.80198477404341685e-04 2.18317250565461524e-06
 2.28800000000000011e+02 2.29349999999999994e+02 4.66558594444216779e-04 1.93675877232381496e-06
 2.29349999999999994e+02 2.29900000000000006e+02 4.65734026782905195e-04 2.50612140221230452e-06
 2.29900000000000006e+02 2.30449999999999989e+02 4.61134288331600817e-04 2.23657448978058025e-06
 2.30449999999999989e+02 2.31000000000000000e+02 4.51225295606817972e-04 1.72517883491218280e-06
 2.31000000000000000e+02 2.31550000000000011e+02 4.55495457234317508e-04 1.90506404819157790e-06
 2.31550000000000011e+02 2.32099999999999994e+02 4.48154508731538862e-04 1.91237952668011891e-06
 2.32099999999999994e+02 2.32650000000000006e+02 4.43335722891417187e-04 1.86666923529686446e-06
 2.32650000000000006e+02 2.33199999999999989e+02 4.42279314167232172e-04 2.54102480607226873e-06
 2.33199999999999989e+02 2.33750000000000000e+02 4.34660936254855940e-04 1.81735072740024853e-06
 2.33750000000000000e+02 2.34300000000000011e+02 4.29184062680333515e-04 1.92259536929011308e-06
 2.34300000000000011e+02 2.34849999999999994e+02 4.23815589436746991e-04 2.05271581486969683e-06
 2.34849999999999994e+02 2.35400000000000006e+02 4.22266208237996588e-04 1.94665735061997265e-06
 2.35400000000000006e+02 2.35949999999999989e+02 4.16538222040168955e-04 1.79182359969550351e-06
 2.35949999999999989e+02 2.36500000000000000e+02 4.14327704885111847e-04 2.03528369215383214e-06
 2.36500000000000000e+02 2.37050000000000011e+02 4.10668145741592398e-04 1.92455564646016463e-06
 2.37050000000000011e+02 2.37599999999999994e+02 4.04627386618517325e-04 1.73938244188022284e-06
 2.37599999999999994e+02 2.38150000000000006e+02 3.99487611703381055e-04 1.86624717781169976e-06
 2.38150000000000006e+02 2.38699999999999989e+02 3.95016867251705387e-04 1.71505405798468829e-06
 2.38699999999999989e+02 2.39250000000000000e+02 3.91589406581978664e-04 1.85644037817805444e-06
 2.39250000000000000e+02 2.39800000000000011e+02 3.87204326814784099e-04 1.86052207000306820e-06
 2.39800000000000011e+02 2.40349999999999994e+02 3.84838103440293309e-04 2.04367155413394551e-06
 2.40349999999999994e+02 2.40900000000000006e+02 3.78876133962426814e-04 2.17270263996893656e-06
 2.40900000000000006e+02 2.41449999999999989e+02 3.71115715731195706e-04 1.69627917679417091e-06
 2.41449999999999989e+02 2.42000000000000000e+02 3.73139098562708864e-04 2.34591304607208796e-06
 2.42000000000000000e+02 2.42550000000000011e+02 3.65410070187502552e-04 2.40379023578086190e-06
 2.42550000000000011e+02 2.43099999999999994e+02 3.60847966069917608e-04 1.75218366272838243e-06
 2.43099999999999994e+02 2.43650000000000006e+02 3.59975124756358681e-04 2.99688767582069226e-06
 2.43650000000000006e+02 2.44199999999999989e+02 3.47073181753510343e-04 1.61342193407104725e-06
 2.44199999999999989e+02 2.44750000000000000e+02 3.47640604766164582e-04 1.97291726518716002e-06
 2.44750000000000000e+02 2.45300000000000011e+02 3.42731615789507529e-04 1.85328095988821248e-06
 2.45300000000000011e+02 2.45849999999999994e+02 3.39093491343707854e-04 1.66886603194175256e-06
 2.45849999999999994e+02 2.46400000000000006e+02 3.34796069046569729e-04 1.84510879320509754e-06
 2.46400000000000006e+02 2.46949999999999989e+02 3.29293614851395037e-04 2.21779178416180830e-06
 2.46949999999999989e+02 2.47500000000000000e+02 3.25628877306923512e-04 2.40293243336452711e-06
 2.47500000000000000e+02 2.48050000000000011e+02 3.20645926866936111e-04 1.76935358118524252e-06
 2.48050000000000011e+02 2.48599999999999994e+02 3.15405446362404117e-04 1.69423179126691854e-06
 2.48599999999999994e+02 2.49150000000000006e+02 3.07325682255704571e-04 1.55794197980690123e-06
 2.49150000000000006e+02 2.49699999999999989e+02 3.06402313726722604e-04 1.74544245052588071e-06
 2.49699999999999989e+02 2.50250000000000000e+02 3.04352043681834601e-04 1.88666595833159036e-06
 2.50250000000000000e+02 2.50800000000000011e+02 2.98176607022885122e-04 1.66647261335718715e-06
 2.50800000000000011e+02 2.51349999999999994e+02 2.93372548756012496e-04 1.54355684486684555e-06
 2.51349999999999994e+02 2.51900000000000006e+02 2.91091771397825874e-04 1.68029954268065541e-06
 2.51900000000000006e+02 2.52449999999999989e+02 2.85224124808378143e-04 1.54796620769310055e-06
 2.52449999999999989e+02 2.53000000000000000e+02 2.78398670641744192e-04 1.60063583178594687e-06
 2.53000000000000000e+02 2.53550000000000011e+02 2.77111024802390797e-04 1.75254785190980592e-06
 2.53550000000000011e+02 2.54099999999999994e+02 2.72394096986159902e-04 1.77568175978528234e-06
 2.54099999999999994e+02 2.54650000000000006e+02 2.67548394592224340e-04 1.51706773244479426e-06
 2.54650000000000006e+02 2.55199999999999989e+02 2.63282735459211155e-04 1.60691521621080676e-06
 2.55199999999999989e+02 2.55750000000000000e+02 2.61884504205915885e-04 3.94884273251983577e-06
 2.55750000000000000e+02 2.56300000000000011e+02 2.55237578010780741e-04 1.63264584777790597e-06
 2.56300000000000011e+02 2.56850000000000023e+02 2.47417138437190469e-04 1.49542086788852030e-06
 2.56850000000000023e+02 2.57399999999999977e+02 2.47043758270682151e-04 1.83855400545806036e-06
 2.57399999999999977e+02 2.57949999999999989e+02 2.43205572717944846e-04 1.75683012189290969e-06
 2.57949999999999989e+02 2.58500000000000000e+02 2.39543276335458415e-04 3.96052444514653678e-06
 2.58500000000000000e+02 2.59050000000000011e+02 2.36812388345119742e-04 2.49962741165238369e-06
 2.59050000000000011e+02 2.59600000000000023e+02 2.26011284106233847e-04 1.41118406593806002e-06
 2.59600000000000023e+02 2.60149999999999977e+02 2.24586783303818951e-04 1.42875140957391862e-06
 2.60149999999999977e+02 2.60699999999999989e+02 2.19991176271225103e-04 1.42433211468446963e-06
 2.60699999999999989e+02 2.61250000000000000e+02 2.16046681529555025e-04 1.46152654007394961e-06
 2.61250000000000000e+02 2.61800000000000011e+02 2.13250481983946061e-04 2.85852927084117689e-06
 2.61800000000000011e+02 2.62350000000000023e+02 2.11101922538228695e-04 2.68358858635922362e-06
 2.62350000000000023e+02 2.62899999999999977e+02 2.03516658986643162e-04 1.41958300773730217e-06
 2.62899999999999977e+02 2.63449999999999989e+02 1.99751824160473502e-04 1.73365684037273531e-06
 2.63449999999999989e+02 2.64000000000000000e+02 1.96462215482053645e-04 1.32085121544154799e-06
 2.64000000000000000e+02 2.64550000000000011e+02 1.90544053217392905e-04 1.49632625457101977e-06
 2.64550000000000011e+02 2.65100000000000023e+02 1.90003571516821664e-04 1.36682519414516927e-06
 2.65100000000000023e+02 2.65649999999999977e+02 1.83470159884217577e-04 1.26238011539832735e-06
 2.65649999999999977e+02 2.66199999999999989e+02 1.78629845389715046e-04 1.21304791743623842e-06
 2.66199999999999989e+02 2.66750000000000000e+02 1.80809027905028612e-04 1.45409662518845034e-06
 2.66750000000000000e+02 2.67300000000000011e+02 1.74501402148767712e-04 1.32148736975677925e-06
 2.67300000000000011e+02 2.67850000000000023e+02 1.70588311749715290e-04 1.31420492226581261e-06
 2.67850000000000023e+02 2.68399999999999977e+02 1.66327677905784210e-04 1.23716547494287293e-06
 2.68399999999999977e+02 2.68949999999999989e+02 1.63725994479917722e-04 1.31177053355723738e-06
 2.68949999999999989e+02 2.69500000000000000e+02 1.61618411987332551e-04 1.29571724547539546e-06
 2.69500000000000000e+02 2.70050000000000011e+02 1.56322753516786102e-04 1.32102378577000454e-06
 2.70050000000000011e+02 2.70600000000000023e+02 1.55388607003826824e-04 1.34393455092011106e-06
 2.70600000000000023e+02 2.71149999999999977e+02 1.53650242784014485e-04 2.86261635016658315e-06
 2.71149999999999977e+02 2.71699999999999989e+02 1.45986100031411398e-04 1.21454895582691888e-06
 2.71699999999999989e+02 2.72250000000000000e+02 1.43577739138862675e-04 1.24451092376352781e-06
 2.72250000000000000e+02 2.72800000000000011e+02 1.40416044040490092e-04 1.29513394784728399e-06
 2.72800000000000011e+02 2.73350000000000023e+02 1.36107811277636219e-04 1.17029911505416533e-06
 2.73350000000000023e+02 2.73899999999999977e+02 1.32728300496033581e-04 1.21317912646183219e-06
 2.73899999999999977e+02 2.74449999999999989e+02 1.34537215664963755e-04 1.52790765060117721e-06
 2.74449999999999989e+02 2.75000000000000000e+02 1.26691050577965329e-04 1.07641428999327703e-06
 2.75000000000000000e+02 2.75550000000000011e+02 1.22237125152776084e-04 1.09146030831831801e-06
 2.75550000000000011e+02 2.76100000000000023e+02 1.22025915895268385e-04 1.25955908982077949e-06
 2.76100000000000023e+02 2.76649999999999977e+02 1.17381193891113119e-04 1.12164236859840352e-06
 2.76649999999999977e+02 2.77199999999999989e+02 1.18733786470975126e-04 2.60964105642408592e-06
 2.77199999999999989e+02 2.77750000000000000e+02 1.10845979550573765e-04 1.12947509459336481e-06
 2.77750000000000000e+02 2.78300000000000011e+02 1.08279987919791002e-04 1.20676025319909589e-06
 2.78300000000000011e+02 2.78850000000000023e+02 1.05352045730850398e-04 1.08006817486173257e-06
 2.78850000000000023e+02 2.79399999999999977e+02 1.01351153351758672e-04 1.04218541327241308e-06
 2.79399999999999977e+02 2.79949999999999989e+02 1.01778824466965538e-04 1.10960587214048259e-06
 2.79949999999999989e+02 2.80500000000000000e+02 9.93755626917792285e-05 1.79909753904966443e-06
 2.80500000000000000e+02 2.81050000000000011e+02 9.49821839000441792e-05 1.06137586721323772e-06
 2.81050000000000011e+02 2.81600000000000023e+02 9.08961888600147091e-05 1.01706926191824677e-06
 2.81600000000000023e+02 2.82149999999999977e+02 9.25841348292370830e-05 1.11585921965962348e-06
 2.82149999999999977e+02 2.82699999999999989e+02 8.97887842559329019e-05 2.33503424385994544e-06
 2.82699999999999989e+02 2.83250000000000000e+02 8.40425782560230543e-05 1.05341247031136557e-06
 2.83250000000000000e+02 2.83800000000000011e+02 8.27012463669277197e-05 1.11968293330665121e-06
 2.83800000000000011e+02 2.84350000000000023e+02 8.10751755131052215e-05 1.17045510891262067e-06
 2.84350000000000023e+02 2.84899999999999977e+02 7.60580324817059194e-05 9.31466604022437564e-07
 2.84899999999999977e+02 2.85449999999999989e+02 7.33267769956855202e-05 1.04601790004134235e-06
 2.85449999999999989e+02 2.86000000000000000e+02 7.08479343130296614e-05 9.65950740694060254e-07
 2.86000000000000000e+02 2.86550000000000011e+02 7.02945804300429249e-05 8.90672030995098515e-07
 2.86550000000000011e+02 2.87100000000000023e+02 6.84334329555907585e-05 1.01592564245268907e-06
 2.87100000000000023e+02 2.87649999999999977e+02 6.56860939798300158e-05 1.04422458975988918e-06
 2.87649999999999977e+02 2.88199999999999989e+02 6.25039284272593018e-05 1.17418998448867512e-06
 2.88199999999999989e+02 2.88750000000000000e+02 5.82479906669331306e-05 8.04365692621745621e-07
 2.88750000000000000e+02 2.89300000000000011e+02 5.99087348976236138e-05 2.04986366551687377e-06
 2.89300000000000011e+02 2.89850000000000023e+02 5.63079898761384293e-05 9.46390215776692610e-07
 2.89850000000000023e+02 2.90399999999999977e+02 5.27012884883882506e-05 8.78647806108763297e-07
 2.90399999999999977e+02 2.90949999999999989e+02 5.22210871103959368e-05 1.39306521806284252e-06
 2.90949999999999989e+02 2.91500000000000000e+02 4.99326499940224279e-05 8.64796347411574207e-07
 2.91500000000000000e+02 2.92050000000000011e+02 4.93001817088757757e-05 1.65257682633601487e-06
 2.92050000000000011e+02 2.92600000000000023e+02 4.43150449172959756e-05 8.02490114877106718e-07
 2.92600000000000023e+02 2.93149999999999977e+02 4.18720086979191091e-05 9.54537453146574335e-07
 2.93149999999999977e+02 2.93699999999999989e+02 4.16975141581423355e-05 1.02247042205227529e-06
 2.93699999999999989e+02 2.94250000000000000e+02 4.13768703639701572e-05 1.99770824681564106e-06
 2.94250000000000000e+02 2.94800000000000011e+02 3.56142944264930888e-05 7.57347873238181908e-07
 2.94800000000000011e+02 2.95350000000000023e+02 3.55803506861850148e-05 7.30431709604720712e-07
 2.95350000000000023e+02 2.95899999999999977e+02 3.24799472944866801e-05 8.71893389386237937e-07
 2.95899999999999977e+02 2.96449999999999989e+02 3.14519174309184195e-05 7.28324822706017229e-07
 2.96449999999999989e+02 2.97000000000000000e+02 2.99685402514336858e-05 7.24353136087991521e-07
 2.97000000000000000e+02 2.97550000000000011e+02 2.66065967487124589e-05 6.34553933214841861e-07
 2.97550000000000011e+02 2.98100000000000023e+02 2.75621709355899062e-05 1.01519500648409111e-06
 2.98100000000000023e+02 2.98649999999999977e+02 2.46531675499686055e-05 7.09001879988520744e-07
 2.98649999999999977e+02 2.99199999999999989e+02 2.28747889849132622e-05 8.69331869032094998e-07
 2.99199999999999989e+02 2.99750000000000000e+02 2.07113152488286647e-05 5.81789604677520230e-07
 2.99750000000000000e+02 3.00300000000000011e+02 1.96078541281558985e-05 6.03007803371439534e-07
 3.00300000000000011e+02 3.00850000000000023e+02 1.94526592194373313e-05 8.32869504245027382e-07
 3.00850000000000023e+02 3.01399999999999977e+02 1.70292797128965037e-05 6.17953572614645314e-07
 3.01399999999999977e+02 3.01949999999999989e+02 1.75171137697728437e-05 8.78718262050621566e-07
 3.01949999999999989e+02 3.02500000000000000e+02 1.43733914260143474e-05 5.90693072175138121e-07
 3.02500000000000000e+02 3.03050000000000011e+02 1.26633940266946364e-05 4.89204573291251622e-07
 3.03050000000000011e+02 3.03600000000000023e+02 1.18882295657187519e-05 5.90807637578162547e-07
 3.03600000000000023e+02 3.04149999999999977e+02 1.15007066381355621e-05 6.09230706910082298e-07
 3.04149999999999977e+02 3.04699999999999989e+02 9.40460949276521956e-06 5.27228949430619999e-07
 3.04699999999999989e+02 3.05250000000000000e+02 1.02886235684903448e-05 2.04329126483458162e-06
 3.05250000000000000e+02 3.05800000000000011e+02 7.29015582027981684e-06 5.45785832824721028e-07
 3.05800000000000011e+02 3.06350000000000023e+02 6.17301684525604369e-06 3.84403309529913355e-07
 3.06350000000000023e+02 3.06899999999999977e+02 5.27942647342759961e-06 3.48334674235706569e-07
 3.06899999999999977e+02 3.07449999999999989e+02 4.42502428928389273e-06 3.04982992778616795e-07
 3.07449999999999989e+02 3.08000000000000000e+02 5.12111720847688350e-06 5.71961245839728887e-07
 3.08000000000000000e+02 3.08550000000000011e+02 2.93432973074409480e-06 2.92462590506501759e-07
 3.08550000000000011e+02 3.09100000000000023e+02 2.72819073545459617e-06 2.97040210633658716e-07
 3.09100000000000023e+02 3.09649999999999977e+02 1.97525180581912442e-06 2.25123189699704584e-07
 3.09649999999999977e+02 3.10199999999999989e+02 1.93560071934309992e-06 3.05314474678672287e-07
 3.10199999999999989e+02 3.10750000000000000e+02 9.68581738574603183e-07 1.49653042086155761e-07
 3.10750000000000000e+02 3.11300000000000011e+02 5.78376794497102817e-07 1.08913276015165237e-07
 3.11300000000000011e+02 3.11850000000000023e+02 5.29077141246901768e-07 1.72117277544378074e-07
 3.11850000000000023e+02 3.12399999999999977e+02 1.19137052498964696e-07 3.92165432634322391e-08
 3.12399999999999977e+02 3.12949999999999989e+02 9.73204095363417803e-08 6.73316932599348587e-08
 3.12949999999999989e+02 3.13500000000000000e+02 2.23128344031766794e-07 1.56190027529601967e-07
 3.13500000000000000e+02 3.14050000000000011e+02 0.00000000000000000e+00 0.00000000000000000e+00
 3.14050000000000011e+02 3.14600000000000023e+02 0.00000000000000000e+00 0.00000000000000000e+00
 3.14600000000000023e+02 3.15149999999999977e+02 0.00000000000000000e+00 0.00000000000000000e+00
 3.15149999999999977e+02 3.15699999999999989e+02 0.00000000000000000e+00 0.00000000000000000e+00
 3.15699999999999989e+02 3.16250000000000000e+02 0.00000000000000000e+00 0.00000000000000000e+00
 3.16250000000000000e+02 3.16800000000000011e+02 0.00000000000000000e+00 0.00000000000000000e+00
 3.16800000000000011e+02 3.17350000000000023e+02 0.00000000000000000e+00 0.00000000000000000e+00
 3.17350000000000023e+02 3.17899999999999977e+02 0.00000000000000000e+00 0.00000000000000000e+00
 3.17899999999999977e+02 3.18449999999999989e+02 0.00000000000000000e+00 0.00000000000000000e+00
 3.18449999999999989e+02 3.19000000000000000e+02 0.00000000000000000e+00 0.00000000000000000e+00
 3.19000000000000000e+02 3.19550000000000011e+02 0.00000000000000000e+00 0.00000000000000000e+00
 3.19550000000000011e+02 3.20100000000000023e+02 0.00000000000000000e+00 0.00000000000000000e+00
 3.20100000000000023e+02 3.20649999999999977e+02 0.00000000000000000e+00 0.00000000000000000e+00
 3.20649999999999977e+02 3.21199999999999989e+02 0.00000000000000000e+00 0.00000000000000000e+00
 3.21199999999999989e+02 3.21750000000000000e+02 0.00000000000000000e+00 0.00000000000000000e+00
 3.21750000000000000e+02 3.22300000000000011e+02 0.00000000000000000e+00 0.00000000000000000e+00
 3.22300000000000011e+02 3.22850000000000023e+02 0.00000000000000000e+00 0.00000000000000000e+00
 3.22850000000000023e+02 3.23399999999999977e+02 0.00000000000000000e+00 0.00000000000000000e+00
 3.23399999999999977e+02 3.23949999999999989e+02 0.00000000000000000e+00 0.00000000000000000e+00
 3.23949999999999989e+02 3.24500000000000000e+02 0.00000000000000000e+00 0.00000000000000000e+00
 3.24500000000000000e+02 3.25050000000000011e+02 0.00000000000000000e+00 0.00000000000000000e+00
 3.25050000000000011e+02 3.25600000000000023e+02 0.00000000000000000e+00 0.00000000000000000e+00
 3.25600000000000023e+02 3.26149999999999977e+02 0.00000000000000000e+00 0.00000000000000000e+00
 3.26149999999999977e+02 3.26699999999999989e+02 0.00000000000000000e+00 0.00000000000000000e+00
 3.26699999999999989e+02 3.27250000000000000e+02 0.00000000000000000e+00 0.00000000000000000e+00
 3.27250000000000000e+02 3.27800000000000011e+02 0.00000000000000000e+00 0.00000000000000000e+00
 3.27800000000000011e+02 3.28350000000000023e+02 0.00000000000000000e+00 0.00000000000000000e+00
 3.28350000000000023e+02 3.28899999999999977e+02 0.00000000000000000e+00 0.00000000000000000e+00
 3.28899999999999977e+02 3.29449999999999989e+02 0.00000000000000000e+00 0.00000000000000000e+00
 3.29449999999999989e+02 3.30000000000000000e+02 0.00000000000000000e+00 0.00000000000000000e+00

Histogram:lpz-
 0.00000000000000000e+00 5.50000000000000044e-01 1.40128559258016435e-03 3.22086341916358993e-06
 5.50000000000000044e-01 1.10000000000000009e+00 1.40349847898361426e-03 4.43008934390219188e-06
 1.10000000000000009e+00 1.64999999999999991e+00 1.39867506795807498e-03 3.79395262538369957e-06
 1.64999999999999991e+00 2.20000000000000018e+00 1.40215046722786513e-03 4.14337512381858415e-06
 2.20000000000000018e+00 2.75000000000000000e+00 1.39838110150731468e-03 3.34870765909742886e-06
 2.75000000000000000e+00 3.29999999999999982e+00 1.39693851002644590e-03 3.07342207794390897e-06
 3.29999999999999982e+00 3.85000000000000009e+00 1.40182200504889473e-03 4.25900871904680977e-06
 3.85000000000000009e+00 4.40000000000000036e+00 1.40071678578235085e-03 3.31600465169815815e-06
 4.40000000000000036e+00 4.95000000000000018e+00 1.39990510680327576e-03 3.42779113659986795e-06
 4.95000000000000018e+00 5.50000000000000000e+00 1.40130933728992309e-03 3.17465343763794269e-06
 5.50000000000000000e+00 6.04999999999999982e+00 1.39698223476308523e-03 3.56405242842533856e-06
 6.04999999999999982e+00 6.59999999999999964e+00 1.39322324822855823e-03 3.12628160093743656e-06
 6.59999999999999964e+00 7.15000000000000036e+00 1.40073597338012602e-03 3.24794077286012125e-06
 7.15000000000000036e+00 7.70000000000000018e+00 1.39686448400272835e-03 4.03587685966704500e-06
 7.70000000000000018e+00 8.25000000000000000e+00 1.39536634035641763e-03 3.15340808041319521e-06
 8.25000000000000000e+00 8.80000000000000071e+00 1.40106029090676155e-03 3.26020777119064431e-06
 8.80000000000000071e+00 9.34999999999999964e+00 1.40961888668111705e-03 5.66321567162455893e-06
 9.34999999999999964e+00 9.90000000000000036e+00 1.39400869881396846e-03 3.14038570385548756e-06
 9.90000000000000036e+00 1.04499999999999993e+01 1.40061021183866016e-03 3.05226920952529467e-06
 1.04499999999999993e+01 1.10000000000000000e+01 1.39426202796173499e-03 3.14545079149823548e-06
 1.10000000000000000e+01 1.15500000000000007e+01 1.40264943191986029e-03 3.55368306247925434e-06
 1.15500000000000007e+01 1.20999999999999996e+01 1.39362153202629178e-03 3.15731337734707129e-06
 1.20999999999999996e+01 1.26500000000000004e+01 1.40003046238690375e-03 3.44669350133967334e-06
 1.26500000000000004e+01 1.31999999999999993e+01 1.40280263171431441e-03 4.86269352321724146e-06
 1.31999999999999993e+01 1.37500000000000000e+01 1.39773749607287464e-03 3.16674267413528948e-06
 1.37500000000000000e+01 1.43000000000000007e+01 1.39884603466848795e-03 3.44405596979532839e-06
 1.43000000000000007e+01 1.48499999999999996e+01 1.39561059380452664e-03 3.29139990420960002e-06
 1.48499999999999996e+01 1.54000000000000004e+01 1.39095477618795659e-03 3.22216999210397989e-06
 1.54000000000000004e+01 1.59499999999999993e+01 1.39628225505143960e-03 3.99207348619317521e-06
 1.59499999999999993e+01 1.65000000000000000e+01 1.39340543867214083e-03 3.35508354155069697e-06
 1.65000000000000000e+01 1.70500000000000007e+01 1.39611864404882340e-03 3.16937846094974151e-06
 1.70500000000000007e+01 1.76000000000000014e+01 1.39150444275690558e-03 3.51592846356362302e-06
 1.76000000000000014e+01 1.81499999999999986e+01 1.39250846171044070e-03 3.89859296680531185e-06
 1.81499999999999986e+01 1.86999999999999993e+01 1.39782770260834860e-03 4.00463112933237097e-06
 1.86999999999999993e+01 1.92500000000000000e+01 1.39338556081885102e-03 3.29781123165261409e-06
 1.92500000000000000e+01 1.98000000000000007e+01 1.38984278187646425e-03 3.21729283241956245e-06
 1.98000000000000007e+01 2.03500000000000014e+01 1.39633996719795098e-03 3.80025486625231823e-06
 2.03500000000000014e+01 2.08999999999999986e+01 1.38665148347179149e-03 3.21920344638363735e-06
 2.08999999999999986e+01 2.14499999999999993e+01 1.39372057045589757e-03 3.88791739291018017e-06
 2.14499999999999993e+01 2.20000000000000000e+01 1.39237011573676607e-03 3.51011081112782617e-06
 2.20000000000000000e+01 2.25500000000000007e+01 1.39058626398157431e-03 3.38717251127992731e-06
 2.25500000000000007e+01 2.31000000000000014e+01 1.39534495977748705e-03 3.69511230820593336e-06
 2.31000000000000014e+01 2.36499999999999986e+01 1.39124198948624585e-03 3.29949825202401882e-06
 2.36499999999999986e+01 2.41999999999999993e+01 1.39511500035540466e-03 4.21698325638668733e-06
 2.41999999999999993e+01 2.47500000000000000e+01 1.39375710089593226e-03 3.16744886799387148e-06
 2.47500000000000000e+01 2.53000000000000007e+01 1.38158590377123369e-03 3.11892756596646020e-06
 2.53000000000000007e+01 2.58500000000000014e+01 1.39040896842223963e-03 3.43563178296137146e-06
 2.58500000000000014e+01 2.63999999999999986e+01 1.38897371807158196e-03 4.44358683120605801e-06
 2.63999999999999986e+01 2.69499999999999993e+01 1.39610708264963817e-03 3.77942934690923282e-06
 2.69499999999999993e+01 2.75000000000000000e+01 1.38826952370446469e-03 3.62390976532250938e-06
 2.75000000000000000e+01 2.80500000000000007e+01 1.38503670021972928e-03 3.48799207806166417e-06
 2.80500000000000007e+01 2.86000000000000014e+01 1.38299139724860410e-03 3.22944048238529119e-06
 2.86000000000000014e+01 2.91499999999999986e+01 1.38433170116525686e-03 3.14417138251552041e-06
 2.91499999999999986e+01 2.96999999999999993e+01 1.38508468720082182e-03 3.19177060525171625e-06
 2.96999999999999993e+01 3.02500000000000000e+01 1.38688830957142142e-03 3.95464373513141054e-06
 3.02500000000000000e+01 3.08000000000000007e+01 1.38100465788291559e-03 3.17503710788995859e-06
 3.08000000000000007e+01 3.13500000000000014e+01 1.38516317679561463e-03 3.43979012609298225e-06
 3.13500000000000014e+01 3.18999999999999986e+01 1.39031718143528484e-03 6.13129341056034499e-06
 3.18999999999999986e+01 3.24500000000000028e+01 1.38809456444668870e-03 3.63314854454404239e-06
 3.24500000000000028e+01 3.30000000000000000e+01 1.38442255560865821e-03 3.40210315685822566e-06
 3.30000000000000000e+01 3.35499999999999972e+01 1.38173480130292714e-03 3.32655463247636774e-06
 3.35499999999999972e+01 3.41000000000000014e+01 1.38726257889085236e-03 3.34789183066293284e-06
 3.41000000000000014e+01 3.46499999999999986e+01 1.37791661418962849e-03 3.17885914998526587e-06
 3.46499999999999986e+01 3.52000000000000028e+01 1.38230818419714653e-03 3.33466459888431694e-06
 3.52000000000000028e+01 3.57500000000000000e+01 1.38158453021016044e-03 3.72125220124325811e-06
 3.57500000000000000e+01 3.62999999999999972e+01 1.37625741545991808e-03 3.27202900961598381e-06
 3.62999999999999972e+01 3.68500000000000014e+01 1.37549304105109762e-03 3.07253517467968393e-06
 3.68500000000000014e+01 3.73999999999999986e+01 1.37423963452052334e-03 3.24200887677288586e-06
 3.73999999999999986e+01 3.79500000000000028e+01 1.37589945213303054e-03 3.14901248753285225e-06
 3.79500000000000028e+01 3.85000000000000000e+01 1.38455224754048057e-03 3.82169992889239488e-06
 3.85000000000000000e+01 3.90499999999999972e+01 1.37279415958900790e-03 3.28328897682293677e-06
 3.90499999999999972e+01 3.96000000000000014e+01 1.37393649697468458e-03 3.21781495229582960e-06
 3.96000000000000014e+01 4.01499999999999986e+01 1.37135434725807448e-03 3.16875392492213829e-06
 4.01499999999999986e+01 4.07000000000000028e+01 1.37261212528117936e-03 3.31532985295929797e-06
 4.07000000000000028e+01 4.12500000000000000e+01 1.37340646139626362e-03 4.52272542636470404e-06
 4.12500000000000000e+01 4.17999999999999972e+01 1.37567201802005885e-03 3.36107020043113066e-06
 4.17999999999999972e+01 4.23500000000000014e+01 1.37423684064590297e-03 3.04823971317469700e-06
 4.23500000000000014e+01 4.28999999999999986e+01 1.37167244870217133e-03 3.94476296336196801e-06
 4.28999999999999986e+01 4.34500000000000028e+01 1.36917772763326924e-03 3.45168489827577909e-06
 4.34500000000000028e+01 4.40000000000000000e+01 1.36867308011599624e-03 3.52967849695448435e-06
 4.40000000000000000e+01 4.45499999999999972e+01 1.36211517279909307e-03 3.10470901788045358e-06
 4.45499999999999972e+01 4.51000000000000014e+01 1.36860758370687579e-03 3.91230573619658053e-06
 4.51000000000000014e+01 4.56499999999999986e+01 1.36562486128808270e-03 3.21329893977335916e-06
 4.56499999999999986e+01 4.62000000000000028e+01 1.36474259321495367e-03 3.42757492708004865e-06
 4.62000000000000028e+01 4.67500000000000000e+01 1.36638874538355312e-03 3.30251474439930684e-06
 4.67500000000000000e+01 4.72999999999999972e+01 1.36271633711557410e-03 3.14318322570109029e-06
 4.72999999999999972e+01 4.78500000000000014e+01 1.36596971624130311e-03 3.21169466219429539e-06
 4.78500000000000014e+01 4.83999999999999986e+01 1.36394508674945992e-03 3.61449857562521439e-06
 4.83999999999999986e+01 4.89500000000000028e+01 1.36060713990209144e-03 3.43507723676800134e-06
 4.89500000000000028e+01 4.95000000000000000e+01 1.35980738414675085e-03 3.36821363416567404e-06
 4.95000000000000000e+01 5.00499999999999972e+01 1.35710104117574889e-03 3.15127055704488135e-06
 5.00499999999999972e+01 5.06000000000000014e+01 1.36298292591485368e-03 3.96243815384184421e-06
 5.06000000000000014e+01 5.11499999999999986e+01 1.35707876510522728e-03 3.72323985678977007e-06
 5.11499999999999986e+01 5.17000000000000028e+01 1.36166868694038057e-03 3.56122652268372940e-06
 5.17000000000000028e+01 5.22500000000000000e+01 1.35497357168133724e-03 3.30261625539530576e-06
 5.22500000000000000e+01 5.27999999999999972e+01 1.34936730500595276e-03 3.93167502826747821e-06
 5.27999999999999972e+01 5.33500000000000014e+01 1.35900864256604820e-03 3.18830817038047939e-06
 5.33500000000000014e+01 5.38999999999999986e+01 1.35098440653571759e-03 3.16850545685275817e-06
 5.38999999999999986e+01 5.44500000000000028e+01 1.35670216811621148e-03 3.15887369447220988e-06
 5.44500000000000028e+01 5.50000000000000000e+01 1.35212871371611179e-03 3.39402410178828370e-06
 5.50000000000000000e+01 5.55499999999999972e+01 1.35336005415846033e-03 3.36615704368432277e-06
 5.55499999999999972e+01 5.61000000000000014e+01 1.34948091941764761e-03 4.72065372745902741e-06
 5.61000000000000014e+01 5.66499999999999986e+01 1.34957488158573766e-03 3.32360214828082826e-06
 5.66499999999999986e+01 5.72000000000000028e+01 1.34974348643611343e-03 3.47744503895736794e-06
 5.72000000000000028e+01 5.77500000000000000e+01 1.34721087579659014e-03 3.41042449079595315e-06
 5.77500000000000000e+01 5.82999999999999972e+01 1.34166390827238188e-03 3.14189113285799224e-06
 5.82999999999999972e+01 5.88500000000000014e+01 1.34419503114132353e-03 3.39959025891176029e-06
 5.88500000000000014e+01 5.93999999999999986e+01 1.34221453405219829e-03 3.15250542725774004e-06
 5.93999999999999986e+01 5.99500000000000028e+01 1.34336102687092622e-03 3.47418571194640014e-06
 5.99500000000000028e+01 6.05000000000000000e+01 1.33965545136655430e-03 3.22585683350803544e-06
 6.05000000000000000e+01 6.10499999999999972e+01 1.33869632732654099e-03 3.12601087822475435e-06
 6.10499999999999972e+01 6.16000000000000014e+01 1.33244455223159109e-03 3.17393869312060254e-06
 6.16000000000000014e+01 6.21499999999999986e+01 1.33323248067767990e-03 3.40397842559544883e-06
 6.21499999999999986e+01 6.27000000000000028e+01 1.33781018486039938e-03 3.33376874753121119e-06
 6.27000000000000028e+01 6.32500000000000000e+01 1.34025704264745813e-03 3.23711558338470562e-06
 6.32500000000000000e+01 6.37999999999999972e+01 1.33469139061735448e-03 3.07502842150375407e-06
 6.37999999999999972e+01 6.43499999999999943e+01 1.32897084520891898e-03 3.01574606155064500e-06
 6.43499999999999943e+01 6.49000000000000057e+01 1.32601112723738901e-03 3.03158805687343305e-06
 6.49000000000000057e+01 6.54500000000000028e+01 1.32738960296912190e-03 3.24163527887547492e-06
 6.54500000000000028e+01 6.60000000000000000e+01 1.32698244705276871e-03 3.22211266741097015e-06
 6.60000000000000000e+01 6.65499999999999972e+01 1.33029226006793470e-03 3.72272357607904927e-06
 6.65499999999999972e+01 6.70999999999999943e+01 1.32549822810166217e-03 3.05448841592458278e-06
 6.70999999999999943e+01 6.76500000000000057e+01 1.32629471058681530e-03 3.21589973599988130e-06
 6.76500000000000057e+01 6.82000000000000028e+01 1.32350856332405595e-03 3.29862396101441190e-06
 6.82000000000000028e+01 6.87500000000000000e+01 1.32273102268602163e-03 3.09691415039836492e-06
 6.87500000000000000e+01 6.92999999999999972e+01 1.32189022275322433e-03 3.17758889046264432e-06
 6.92999999999999972e+01 6.98499999999999943e+01 1.32091053769740571e-03 2.97714070406608054e-06
 6.98499999999999943e+01 7.04000000000000057e+01 1.31857403614580281e-03 3.14434918819807551e-06
 7.04000000000000057e+01 7.09500000000000028e+01 1.32377298249568027e-03 3.19294478396880356e-06
 7.09500000000000028e+01 7.15000000000000000e+01 1.32365536473248529e-03 3.79000493894183843e-06
 7.15000000000000000e+01 7.20499999999999972e+01 1.31177499998754755e-03 3.26522930173018049e-06
 7.20499999999999972e+01 7.25999999999999943e+01 1.31640742850855884e-03 3.22335143805338652e-06
 7.25999999999999943e+01 7.31500000000000057e+01 1.30994964139232524e-03 2.95414692863761442e-06
 7.31500000000000057e+01 7.37000000000000028e+01 1.30939175181110407e-03 3.10922471280183663e-06
 7.37000000000000028e+01 7.42500000000000000e+01 1.31664343538877749e-03 3.62298570169163204e-06
 7.42500000000000000e+01 7.47999999999999972e+01 1.30885342789274122e-03 2.92479161258214668e-06
 7.47999999999999972e+01 7.53499999999999943e+01 1.30923598324282739e-03 5.63317765794336036e-06
 7.53499999999999943e+01 7.59000000000000057e+01 1.29913112638050049e-03 2.95989777101102825e-06
 7.59000000000000057e+01 7.64500000000000028e+01 1.30599627521012121e-03 3.33410527461933212e-06
 7.64500000000000028e+01 7.70000000000000000e+01 1.30553813200366014e-03 3.26422733407574239e-06
 7.70000000000000000e+01 7.75499999999999972e+01 1.29758077347942244e-03 3.07421751346040522e-06
 7.75499999999999972e+01 7.80999999999999943e+01 1.29954939126751545e-03 2.90227621534250831e-06
 7.80999999999999943e+01 7.86500000000000057e+01 1.29975433241168864e-03 3.02274510085540502e-06
 7.86500000000000057e+01 7.92000000000000028e+01 1.30184614756785242e-03 3.21168319337339204e-06
 7.92000000000000028e+01 7.97500000000000000e+01 1.29855433656243021e-03 3.25786996069809878e-06
 7.97500000000000000e+01 8.02999999999999972e+01 1.29058130863741300e-03 3.66262133838708897e-06
 8.02999999999999972e+01 8.08499999999999943e+01 1.28925659326921665e-03 3.34454341891377710e-06
 8.08499999999999943e+01 8.14000000000000057e+01 1.29273037081694634e-03 3.06416684611156995e-06
 8.14000000000000057e+01 8.19500000000000028e+01 1.28852195012240669e-03 3.27916130260691213e-06
 8.19500000000000028e+01 8.25000000000000000e+01 1.29311181918448760e-03 3.14400370261551637e-06
 8.25000000000000000e+01 8.30499999999999972e+01 1.29369398923101378e-03 3.18049291067322072e-06
 8.30499999999999972e+01 8.35999999999999943e+01 1.28564630943728514e-03 3.16428540517012554e-06
 8.35999999999999943e+01 8.41500000000000057e+01 1.29616355382360386e-03 9.84684483821713067e-06
 8.41500000000000057e+01 8.47000000000000028e+01 1.28597314737746000e-03 4.09874765575994441e-06
 8.47000000000000028e+01 8.52500000000000000e+01 1.28310967084434573e-03 3.95137366985055922e-06
 8.52500000000000000e+01 8.57999999999999972e+01 1.28348442680099699e-03 3.07851901671074386e-06
 8.57999999999999972e+01 8.63499999999999943e+01 1.28905710590585323e-03 1.07942538704809833e-05
 8.63499999999999943e+01 8.69000000000000057e+01 1.28069424710720858e-03 2.84622588441196108e-06
 8.69000000000000057e+01 8.74500000000000028e+01 1.27352556049278127e-03 2.95587389488488378e-06
 8.74500000000000028e+01 8.80000000000000000e+01 1.28030695229275869e-03 3.33002915033531235e-06
 8.80000000000000000e+01 8.85499999999999972e+01 1.26940233724183904e-03 3.21802468803113029e-06
 8.85499999999999972e+01 8.90999999999999943e+01 1.27414334806371776e-03 3.91187152057915942e-06
 8.90999999999999943e+01 8.96500000000000057e+01 1.27050392922400425e-03 3.14356498259863470e-06
 8.96500000000000057e+01 9.02000000000000028e+01 1.29008745751480131e-03 3.17363934765467652e-06
 9.02000000000000028e+01 9.07500000000000000e+01 1.31412116456982708e-03 4.53341108111332151e-06
 9.07500000000000000e+01 9.12999999999999972e+01 1.31315023574278327e-03 3.37886799179820022e-06
 9.12999999999999972e+01 9.18499999999999943e+01 1.31252787773475810e-03 3.56870369422091115e-06
 9.18499999999999943e+01 9.24000000000000057e+01 1.30834467020313227e-03 3.29404139512055487e-06
 9.24000000000000057e+01 9.29500000000000028e+01 1.30486167133289557e-03 3.86145903554470905e-06
 9.29500000000000028e+01 9.35000000000000000e+01 1.29852821562820232e-03 3.20422310415773418e-06
 9.35000000000000000e+01 9.40499999999999972e+01 1.30365427815984825e-03 3.21766818380139652e-06
 9.40499999999999972e+01 9.45999999999999943e+01 1.29653318209211406e-03 2.96700233026085937e-06
 9.45999999999999943e+01 9.51500000000000057e+01 1.29715005083397392e-03 3.13632037915315781e-06
 9.51500000000000057e+01 9.57000000000000028e+01 1.28834922246627527e-03 2.95485696169876059e-06
 9.57000000000000028e+01 9.62500000000000000e+01 1.29172239228683336e-03 3.22341970835633050e-06
 9.62500000000000000e+01 9.67999999999999972e+01 1.28566319175490865e-03 3.18104612150613525e-06
 9.67999999999999972e+01 9.73499999999999943e+01 1.28628474016304734e-03 3.33873631117541757e-06
 9.73499999999999943e+01 9.79000000000000057e+01 1.28092185122869861e-03 3.10232652991207314e-06
 9.79000000000000057e+01 9.84500000000000028e+01 1.28542924346803809e-03 3.40190950327423904e-06
 9.84500000000000028e+01 9.90000000000000000e+01 1.28063656031536088e-03 3.49820743276642557e-06
 9.90000000000000000e+01 9.95499999999999972e+01 1.28021873751808638e-03 3.05276379888983859e-06
 9.95499999999999972e+01 1.00099999999999994e+02 1.27966215571681616e-03 3.05559720377062394e-06
 1.00099999999999994e+02 1.00650000000000006e+02 1.27160689382100267e-03 3.34975017127837513e-06
 1.00650000000000006e+02 1.01200000000000003e+02 1.27475665688472038e-03 3.99910865811259379e-06
 1.01200000000000003e+02 1.01750000000000000e+02 1.26905764761766206e-03 3.03991648869078501e-06
 1.01750000000000000e+02 1.02299999999999997e+02 1.27451502356720455e-03 4.69569478894107133e-06
 1.02299999999999997e+02 1.02849999999999994e+02 1.25908341006405089e-03 3.06309992086815252e-06
 1.02849999999999994e+02 1.03400000000000006e+02 1.25540181956347130e-03 3.24119053981048525e-06
 1.03400000000000006e+02 1.03950000000000003e+02 1.26225739779307444e-03 3.05601844140097854e-06
 1.03950000000000003e+02 1.04500000000000000e+02 1.26409795795161934e-03 3.23488888362266340e-06
 1.04500000000000000e+02 1.05049999999999997e+02 1.25466780353099402e-03 2.86742254913013075e-06
 1.05049999999999997e+02 1.05599999999999994e+02 1.25834942721076565e-03 3.53376381654233866e-06
 1.05599999999999994e+02 1.06150000000000006e+02 1.25331116843110132e-03 3.09052728003602151e-06
 1.06150000000000006e+02 1.06700000000000003e+02 1.24633238918034502e-03 2.92038462246916513e-06
 1.06700000000000003e+02 1.07250000000000000e+02 1.24087284204641921e-03 2.92032135301884106e-06
 1.07250000000000000e+02 1.07799999999999997e+02 1.24148161311223829e-03 3.37807981364164634e-06
 1.07799999999999997e+02 1.08349999999999994e+02 1.23934727980953212e-03 2.83372855024919507e-06
 1.08349999999999994e+02 1.08900000000000006e+02 1.23778292562347217e-03 3.09309104155046097e-06
 1.08900000000000006e+02 1.09450000000000003e+02 1.23938209662352952e-03 2.95177429433796062e-06
 1.09450000000000003e+02 1.10000000000000000e+02 1.23288277677173572e-03 2.85944524650420961e-06
 1.10000000000000000e+02 1.10549999999999997e+02 1.22630731856330404e-03 2.97187251002965070e-06
 1.10549999999999997e+02 1.11099999999999994e+02 1.22772211870575388e-03 3.10699256440473753e-06
 1.11099999999999994e+02 1.11650000000000006e+02 1.22291354655190720e-03 3.04963560645178554e-06
 1.11650000000000006e+02 1.12200000000000003e+02 1.21975542211731278e-03 3.78290103107194047e-06
 1.12200000000000003e+02 1.12750000000000000e+02 1.22239471739285575e-03 3.16042822326341269e-06
 1.12750000000000000e+02 1.13299999999999997e+02 1.22415599818162003e-03 4.43555531277152847e-06
 1.13299999999999997e+02 1.13849999999999994e+02 1.21694110865039817e-03 3.05169663535451263e-06
 1.13849999999999994e+02 1.14400000000000006e+02 1.21621124912054714e-03 3.30151033835237638e-06
 1.14400000000000006e+02 1.14950000000000003e+02 1.21188944749034541e-03 3.60333777998318483e-06
 1.14950000000000003e+02 1.15500000000000000e+02 1.21512995237263682e-03 3.22291443348535902e-06
 1.15500000000000000e+02 1.16049999999999997e+02 1.20664190362857523e-03 3.39097613275508418e-06
 1.16049999999999997e+02 1.16599999999999994e+02 1.21195282415239810e-03 6.53108705158735103e-06
 1.16599999999999994e+02 1.17150000000000006e+02 1.19790175154083317e-03 2.79931289557279450e-06
 1.17150000000000006e+02 1.17700000000000003e+02 1.19805893133831973e-03 2.77002901022302054e-06
 1.17700000000000003e+02 1.18250000000000000e+02 1.19737168984498715e-03 4.43656412202394995e-06
 1.18250000000000000e+02 1.18799999999999997e+02 1.19706181619395522e-03 3.95841376164553347e-06
 1.18799999999999997e+02 1.19349999999999994e+02 1.19209241370388740e-03 3.27163310014980619e-06
 1.19349999999999994e+02 1.19900000000000006e+02 1.18288424696539685e-03 2.76244730398366971e-06
 1.19900000000000006e+02 1.20450000000000003e+02 1.18160339512361854e-03 2.66175782401908320e-06
 1.20450000000000003e+02 1.21000000000000000e+02 1.17880241915890925e-03 3.02223199632908762e-06
 1.21000000000000000e+02 1.21549999999999997e+02 1.18257223850101473e-03 4.16511025376793698e-06
 1.21549999999999997e+02 1.22099999999999994e+02 1.18099473451818010e-03 3.83295403056359273e-06
 1.22099999999999994e+02 1.22650000000000006e+02 1.17580015821243822e-03 2.74593984576513021e-06
 1.22650000000000006e+02 1.23200000000000003e+02 1.17229221526159427e-03 2.94846356930981130e-06
 1.23200000000000003e+02 1.23750000000000000e+02 1.17510251797691085e-03 5.23857217982118923e-06
 1.23750000000000000e+02 1.24299999999999997e+02 1.16580965511182814e-03 2.91204365512145975e-06
 1.24299999999999997e+02 1.24849999999999994e+02 1.16666783478653431e-03 2.86136048213016000e-06
 1.24849999999999994e+02 1.25400000000000006e+02 1.15549096351930938e-03 2.68606412539214935e-06
 1.25400000000000006e+02 1.25950000000000003e+02 1.15630101117209427e-03 2.88340581706342840e-06
 1.25950000000000003e+02 1.26500000000000000e+02 1.15862211853215002e-03 3.16295831081461425e-06
 1.26500000000000000e+02 1.27049999999999997e+02 1.15124169185190943e-03 2.89792940622994867e-06
 1.27049999999999997e+02 1.27599999999999994e+02 1.15433060979584497e-03 3.29503151603209766e-06
 1.27599999999999994e+02 1.28150000000000006e+02 1.14985040960767200e-03 2.87455355127518167e-06
 1.28150000000000006e+02 1.28699999999999989e+02 1.14573096148379750e-03 3.06133668828498754e-06
 1.28699999999999989e+02 1.29250000000000000e+02 1.14269491013242568e-03 3.35075636649293767e-06
 1.29250000000000000e+02 1.29800000000000011e+02 1.13527250405067045e-03 2.70280051938101200e-06
 1.29800000000000011e+02 1.30349999999999994e+02 1.13543959939257141e-03 3.01592667149197164e-06
 1.30349999999999994e+02 1.30900000000000006e+02 1.13799043351025132e-03 3.21708167824750674e-06
 1.30900000000000006e+02 1.31449999999999989e+02 1.12832190709559856e-03 2.58656473709417802e-06
 1.31449999999999989e+02 1.32000000000000000e+02 1.12946402482073200e-03 3.31741638455903108e-06
 1.32000000000000000e+02 1.32550000000000011e+02 1.12947654638518614e-03 2.97802310296625057e-06
 1.32550000000000011e+02 1.33099999999999994e+02 1.11574337770293077e-03 2.69446583789211103e-06
 1.33099999999999994e+02 1.33650000000000006e+02 1.11956473930130331e-03 2.70137561178302460e-06
 1.33650000000000006e+02 1.34199999999999989e+02 1.11446321099786219e-03 2.84632925123284733e-06
 1.34199999999999989e+02 1.34750000000000000e+02 1.11431892728417435e-03 3.83071159368622336e-06
 1.34750000000000000e+02 1.35300000000000011e+02 1.11005725225283495e-03 2.90278554973007206e-06
 1.35300000000000011e+02 1.35849999999999994e+02 1.10676088141374563e-03 2.52794543281175532e-06
 1.35849999999999994e+02 1.36400000000000006e+02 1.10330683083031521e-03 3.02796497895666428e-06
 1.36400000000000006e+02 1.36949999999999989e+02 1.09873242425860074e-03 2.92783142867457770e-06
 1.36949999999999989e+02 1.37500000000000000e+02 1.10153332212048092e-03 3.04851849503660874e-06
 1.37500000000000000e+02 1.38050000000000011e+02 1.09467185363193377e-03 2.65197961084494514e-06
 1.38050000000000011e+02 1.38599999999999994e+02 1.09212152333544154e-03 2.88899474894953389e-06
 1.38599999999999994e+02 1.39150000000000006e+02 1.08719764116204645e-03 2.70070786158822867e-06
 1.39150000000000006e+02 1.39699999999999989e+02 1.08326103429447489e-03 2.65380797961244690e-06
 1.39699999999999989e+02 1.40250000000000000e+02 1.08172233306846194e-03 2.57761475858658351e-06
 1.40250000000000000e+02 1.40800000000000011e+02 1.07840188576253351e-03 2.57172293482011493e-06
 1.40800000000000011e+02 1.41349999999999994e+02 1.07894766785208897e-03 2.84659237185419752e-06
 1.41349999999999994e+02 1.41900000000000006e+02 1.07027617395161309e-03 2.79799389844115999e-06
 1.41900000000000006e+02 1.42449999999999989e+02 1.07317126973555175e-03 2.69733596319923200e-06
 1.42449999999999989e+02 1.43000000000000000e+02 1.06580066653729996e-03 2.59058651861620613e-06
 1.43000000000000000e+02 1.43550000000000011e+02 1.05884760410898259e-03 2.51761438201021280e-06
 1.43550000000000011e+02 1.44099999999999994e+02 1.06068622454668932e-03 2.76802233821920444e-06
 1.44099999999999994e+02 1.44650000000000006e+02 1.05828292665213698e-03 2.77932076308987257e-06
 1.44650000000000006e+02 1.45199999999999989e+02 1.05505427899384272e-03 2.73335888410414851e-06
 1.45199999999999989e+02 1.45750000000000000e+02 1.05443572695937448e-03 2.59932229985541935e-06
 1.45750000000000000e+02 1.46300000000000011e+02 1.04552507573343434e-03 2.61428120385321481e-06
 1.46300000000000011e+02 1.46849999999999994e+02 1.04112004568865314e-03 2.54709987183002092e-06
 1.46849999999999994e+02 1.47400000000000006e+02 1.04084539839159216e-03 3.02016875867977091e-06
 1.47400000000000006e+02 1.47949999999999989e+02 1.04058128479903901e-03 2.44172396188159978e-06
 1.47949999999999989e+02 1.48500000000000000e+02 1.03667396866363617e-03 3.25184597657674416e-06
 1.48500000000000000e+02 1.49050000000000011e+02 1.03199859335258897e-03 2.59632962855283123e-06
 1.49050000000000011e+02 1.49599999999999994e+02 1.03361023178031794e-03 2.60977450551967900e-06
 1.49599999999999994e+02 1.50150000000000006e+02 1.02956076735625786e-03 3.06971997870252094e-06
 1.50150000000000006e+02 1.50699999999999989e+02 1.02616259792840444e-03 2.63600335630621230e-06
 1.50699999999999989e+02 1.51250000000000000e+02 1.01992371658856090e-03 3.54786230010869041e-06
 1.51250000000000000e+02 1.51800000000000011e+02 1.01560644293817166e-03 2.52314626508086924e-06
 1.51800000000000011e+02 1.52349999999999994e+02 1.01747643313313484e-03 3.73289315305771377e-06
 1.52349999999999994e+02 1.52900000000000006e+02 1.01228229011353192e-03 3.70424307140161824e-06
 1.52900000000000006e+02 1.53449999999999989e+02 1.00544589007811819e-03 2.49423772709850394e-06
 1.53449999999999989e+02 1.54000000000000000e+02 1.00700894549983640e-03 2.61540997816845618e-06
 1.54000000000000000e+02 1.54550000000000011e+02 9.99862437435326476e-04 2.52251749686577009e-06
 1.54550000000000011e+02 1.55099999999999994e+02 9.93383044949464533e-04 2.39746040132338760e-06
 1.55099999999999994e+02 1.55650000000000006e+02 9.99096039342184557e-04 4.76733270164702984e-06
 1.55650000000000006e+02 1.56199999999999989e+02 9.90436600611119353e-04 2.39292455137906694e-06
 1.56199999999999989e+02 1.56750000000000000e+02 9.88042211339048215e-04 2.53353491242004912e-06
 1.56750000000000000e+02 1.57300000000000011e+02 9.84131013943544738e-04 2.69898121774480567e-06
 1.57300000000000011e+02 1.57849999999999994e+02 9.77146162748521608e-04 2.43734186549030510e-06
 1.57849999999999994e+02 1.58400000000000006e+02 9.76782056374784656e-04 2.29079288241362055e-06
 1.58400000000000006e+02 1.58949999999999989e+02 9.71972508882483661e-04 2.38469103781132861e-06
 1.58949999999999989e+02 1.59500000000000000e+02 9.73766627987462312e-04 3.91922560437859982e-06
 1.59500000000000000e+02 1.60050000000000011e+02 9.68152241791783762e-04 3.46276484548419449e-06
 1.60050000000000011e+02 1.60599999999999994e+02 9.63576334790232922e-04 2.41650924060766496e-06
 1.60599999999999994e+02 1.61150000000000006e+02 9.54495417015645406e-04 2.40338290021303043e-06
 1.61150000000000006e+02 1.61699999999999989e+02 9.59414740879493185e-04 2.98387816672687849e-06
 1.61699999999999989e+02 1.62250000000000000e+02 9.53629018053075528e-04 2.52396869402198605e-06
 1.62250000000000000e+02 1.62800000000000011e+02 9.51131857262668429e-04 2.68130335852294773e-06
 1.62800000000000011e+02 1.63349999999999994e+02 9.44815979936174956e-04 2.44568399922167172e-06
 1.63349999999999994e+02 1.63900000000000006e+02 9.39790346098469138e-04 2.50758152149033099e-06
 1.63900000000000006e+02 1.64449999999999989e+02 9.38715716511268842e-04 2.32415808153934230e-06
 1.64449999999999989e+02 1.65000000000000000e+02 9.33816639070279516e-04 2.41715738068433433e-06
 1.65000000000000000e+02 1.65550000000000011e+02 9.33349478486417898e-04 2.49859890079396668e-06
 1.65550000000000011e+02 1.66099999999999994e+02 9.27840664477340427e-04 2.51909277784467619e-06
 1.66099999999999994e+02 1.66650000000000006e+02 9.29703417578930458e-04 2.70607374060073255e-06
 1.66650000000000006e+02 1.67199999999999989e+02 9.26092916614103083e-04 4.28902694112062865e-06
 1.67199999999999989e+02 1.67750000000000000e+02 9.17814503708122066e-04 2.28513152076910796e-06
 1.67750000000000000e+02 1.68300000000000011e+02 9.16066254713847447e-04 2.34235833311212149e-06
 1.68300000000000011e+02 1.68849999999999994e+02 9.12227359861934243e-04 2.33277940919757730e-06
 1.68849999999999994e+02 1.69400000000000006e+02 9.11965582729064046e-04 3.12070718679353483e-06
 1.69400000000000006e+02 1.69949999999999989e+02 9.05869107361422280e-04 2.20288969320587887e-06
 1.69949999999999989e+02 1.70500000000000000e+02 9.03052091228630119e-04 2.50549852183102489e-06
 1.70500000000000000e+02 1.71050000000000011e+02 8.99204438556100525e-04 2.16544741365769482e-06
 1.71050000000000011e+02 1.71599999999999994e+02 8.92057192865512217e-04 2.28795639535664731e-06
 1.71599999999999994e+02 1.72150000000000006e+02 8.94536891275754835e-04 2.21730459965789959e-06
 1.72150000000000006e+02 1.72699999999999989e+02 8.85059220633332673e-04 2.27196299571860087e-06
 1.72699999999999989e+02 1.73250000000000000e+02 8.80554890063331712e-04 2.11574680323318010e-06
 1.73250000000000000e+02 1.73800000000000011e+02 8.79079112293454108e-04 2.36735139266160669e-06
 1.73800000000000011e+02 1.74349999999999994e+02 8.71314901340532254e-04 2.26238937677001154e-06
 1.74349999999999994e+02 1.74900000000000006e+02 8.76002909449806878e-04 3.37487522195497955e-06
 1.74900000000000006e+02 1.75449999999999989e+02 8.65767473734999396e-04 2.18842927384396401e-06
 1.75449999999999989e+02 1.76000000000000000e+02 8.65123317901314408e-04 2.24340327098498432e-06
 1.76000000000000000e+02 1.76550000000000011e+02 8.57659467076614022e-04 2.16497797590854222e-06
 1.76550000000000011e+02 1.77099999999999994e+02 8.63360668866825724e-04 2.37713293664773850e-06
 1.77099999999999994e+02 1.77650000000000006e+02 8.57194244348977066e-04 2.52664050883036087e-06
 1.77650000000000006e+02 1.78199999999999989e+02 8.48897828501703157e-04 2.44894726251260622e-06
 1.78199999999999989e+02 1.78750000000000000e+02 8.50790305803728075e-04 2.30670800204413538e-06
 1.78750000000000000e+02 1.79300000000000011e+02 8.45133251048116839e-04 2.24109755859718560e-06
 1.79300000000000011e+02 1.79849999999999994e+02 8.39134004994254528e-04 2.19012806501643080e-06
 1.79849999999999994e+02 1.80400000000000006e+02 8.35578078834772601e-04 2.74757059381402038e-06
 1.80400000000000006e+02 1.80949999999999989e+02 8.35925478782944772e-04 2.72486802231253122e-06
 1.80949999999999989e+02 1.81500000000000000e+02 8.29196162802192985e-04 2.11682626659914239e-06
 1.81500000000000000e+02 1.82050000000000011e+02 8.23434050965594000e-04 2.28674607388199149e-06
 1.82050000000000011e+02 1.82599999999999994e+02 8.22518332576454387e-04 2.21398834979144883e-06
 1.82599999999999994e+02 1.83150000000000006e+02 8.19856547452518314e-04 2.11327892436382092e-06
 1.83150000000000006e+02 1.83699999999999989e+02 8.14964461209012983e-04 2.12897985938949684e-06
 1.83699999999999989e+02 1.84250000000000000e+02 8.05254708509997455e-04 2.11954949755919302e-06
 1.84250000000000000e+02 1.84800000000000011e+02 8.04057016846807318e-04 2.13618366671152951e-06
 1.84800000000000011e+02 1.85349999999999994e+02 8.02337908703163361e-04 2.70871891124539359e-06
 1.85349999999999994e+02 1.85900000000000006e+02 8.01537881141491863e-04 2.36776573114530459e-06
 1.85900000000000006e+02 1.86449999999999989e+02 7.93057046046976568e-04 2.24780090871848830e-06
 1.86449999999999989e+02 1.87000000000000000e+02 7.89552619231719834e-04 2.35408886846442552e-06
 1.87000000000000000e+02 1.87550000000000011e+02 7.89020793880704642e-04 2.07335677267384290e-06
 1.87550000000000011e+02 1.88099999999999994e+02 7.87086275288377589e-04 2.18255506746567482e-06
 1.88099999999999994e+02 1.88650000000000006e+02 7.77983137434842364e-04 2.44204406694855583e-06
 1.88650000000000006e+02 1.89199999999999989e+02 7.72462142197463133e-04 2.16534410704003444e-06
 1.89199999999999989e+02 1.89750000000000000e+02 7.75725971348531452e-04 2.11148553708129904e-06
 1.89750000000000000e+02 1.90300000000000011e+02 7.71347228874515937e-04 2.01856909505314904e-06
 1.90300000000000011e+02 1.90849999999999994e+02 7.62174622080481323e-04 2.01803149321923520e-06
 1.90849999999999994e+02 1.91400000000000006e+02 7.59311052681559129e-04 2.08780122470295681e-06
 1.91400000000000006e+02 1.91949999999999989e+02 7.57161148782982364e-04 2.53493254107637300e-06
 1.91949999999999989e+02 1.92500000000000000e+02 7.55532831142450819e-04 1.99247835082919783e-06
 1.92500000000000000e+02 1.93050000000000011e+02 7.49488396387239307e-04 2.96329254793747344e-06
 1.93050000000000011e+02 1.93599999999999994e+02 7.41761441968752139e-04 2.12784532819470818e-06
 1.93599999999999994e+02 1.94150000000000006e+02 7.42820024204969131e-04 3.12898702304767913e-06
 1.94150000000000006e+02 1.94699999999999989e+02 7.38533370779275973e-04 1.97932641166101269e-06
 1.94699999999999989e+02 1.95250000000000000e+02 7.37953903610900908e-04 2.52665206036698215e-06
 1.95250000000000000e+02 1.95800000000000011e+02 7.26574198203615209e-04 2.31148799924802565e-06
 1.95800000000000011e+02 1.96349999999999994e+02 7.22374877547684604e-04 2.39498672798697229e-06
 1.96349999999999994e+02 1.96900000000000006e+02 7.23512555153116559e-04 4.24327192896800737e-06
 1.96900000000000006e+02 1.97449999999999989e+02 7.20335747408511391e-04 2.29683460620616373e-06
 1.97449999999999989e+02 1.98000000000000000e+02 7.11325042737536340e-04 2.39115044970584675e-06
 1.98000000000000000e+02 1.98550000000000011e+02 7.08693022095447907e-04 2.07552721923686220e-06
 1.98550000000000011e+02 1.99099999999999994e+02 7.07188320485278160e-04 2.18860179655808444e-06
 1.99099999999999994e+02 1.99650000000000006e+02 6.99472290355918698e-04 1.92512088040606033e-06
 1.99650000000000006e+02 2.00199999999999989e+02 6.95387307423932558e-04 2.18565523237541973e-06
 2.00199999999999989e+02 2.00750000000000000e+02 6.92386264241096690e-04 2.01287474621903161e-06
 2.00750000000000000e+02 2.01300000000000011e+02 6.89114966991711099e-04 2.07168397897667146e-06
 2.01300000000000011e+02 2.01849999999999994e+02 6.87321717408952300e-04 2.47537687694017144e-06
 2.01849999999999994e+02 2.02400000000000006e+02 6.83036017376775512e-04 2.17906039504252405e-06
 2.02400000000000006e+02 2.02949999999999989e+02 6.76355461467937334e-04 1.84529482482083930e-06
 2.02949999999999989e+02 2.03500000000000000e+02 6.74242996334953586e-04 2.78312245846006046e-06
 2.03500000000000000e+02 2.04050000000000011e+02 6.70125669575522562e-04 1.86265158660181299e-06
 2.04050000000000011e+02 2.04599999999999994e+02 6.64977446124172407e-04 2.21866668820448890e-06
 2.04599999999999994e+02 2.05150000000000006e+02 6.62106903417371273e-04 2.87410697362557907e-06
 2.05150000000000006e+02 2.05699999999999989e+02 6.58468663774856204e-04 2.52028062551913183e-06
 2.05699999999999989e+02 2.06250000000000000e+02 6.50315094724264941e-04 1.99187035186721823e-06
 2.06250000000000000e+02 2.06800000000000011e+02 6.45865991919775616e-04 1.82294537053816724e-06
 2.06800000000000011e+02 2.07349999999999994e+02 6.44245643642064338e-04 2.67209917489022567e-06
 2.07349999999999994e+02 2.07900000000000006e+02 6.37269218703479900e-04 1.82283386318392162e-06
 2.07900000000000006e+02 2.08449999999999989e+02 6.32128077652746568e-04 1.81988247124976607e-06
 2.08449999999999989e+02 2.09000000000000000e+02 6.32626245786186174e-04 2.62867761678331451e-06
 2.09000000000000000e+02 2.09550000000000011e+02 6.30349805620959258e-04 1.89539260175492790e-06
 2.09550000000000011e+02 2.10099999999999994e+02 6.21443735045502932e-04 1.78915302847840297e-06
 2.10099999999999994e+02 2.10650000000000006e+02 6.14856195280547805e-04 1.81762659016543260e-06
 2.10650000000000006e+02 2.11199999999999989e+02 6.14457892462879100e-04 2.30335224000197635e-06
 2.11199999999999989e+02 2.11750000000000000e+02 6.12434020239948414e-04 2.44927461074757562e-06
 2.11750000000000000e+02 2.12300000000000011e+02 6.05880964965526151e-04 1.82322059906048328e-06
 2.12300000000000011e+02 2.12849999999999994e+02 6.01006568544326485e-04 1.77459157269425303e-06
 2.12849999999999994e+02 2.13400000000000006e+02 5.98683310267944936e-04 2.06082256139697790e-06
 2.13400000000000006e+02 2.13949999999999989e+02 5.91300039450799730e-04 1.78033032992765009e-06
 2.13949999999999989e+02 2.14500000000000000e+02 5.89578833627569100e-04 2.13604847016240864e-06
 2.14500000000000000e+02 2.15050000000000011e+02 5.85094594746871739e-04 1.90770618377894637e-06
 2.15050000000000011e+02 2.15599999999999994e+02 5.80858153407201724e-04 1.70274138655491501e-06
 2.15599999999999994e+02 2.16150000000000006e+02 5.76781247969638589e-04 2.28629166151384339e-06
 2.16150000000000006e+02 2.16699999999999989e+02 5.68401758233554565e-04 1.70251868060067638e-06
 2.16699999999999989e+02 2.17250000000000000e+02 5.68041163982574730e-04 2.09817397803654770e-06
 2.17250000000000000e+02 2.17800000000000011e+02 5.61014501906409099e-04 2.57292276066104139e-06
 2.17800000000000011e+02 2.18349999999999994e+02 5.59388250094454442e-04 2.50335747365874878e-06
 2.18349999999999994e+02 2.18900000000000006e+02 5.55597451325625974e-04 1.97008392015234703e-06
 2.18900000000000006e+02 2.19449999999999989e+02 5.48370557815476708e-04 1.71129401767534470e-06
 2.19449999999999989e+02 2.20000000000000000e+02 5.43120284632683868e-04 1.64409904708458079e-06
 2.20000000000000000e+02 2.20550000000000011e+02 5.41795999302463450e-04 2.25384820252007618e-06
 2.20550000000000011e+02 2.21099999999999994e+02 5.40784915537996427e-04 3.31630565908911740e-06
 2.21099999999999994e+02 2.21650000000000006e+02 5.33863067068760791e-04 1.87430581998226137e-06
 2.21650000000000006e+02 2.22199999999999989e+02 5.28311092200208464e-04 1.60887152980712512e-06
 2.22199999999999989e+02 2.22750000000000000e+02 5.23243033290380711e-04 1.67505579083065238e-06
 2.22750000000000000e+02 2.23300000000000011e+02 5.19512395402510290e-04 1.57717628100433824e-06
 2.23300000000000011e+02 2.23849999999999994e+02 5.16490696223265437e-04 1.73308165297484801e-06
 2.23849999999999994e+02 2.24400000000000006e+02 5.09650271638055746e-04 2.10937686005690198e-06
 2.24400000000000006e+02 2.24949999999999989e+02 5.06439978948489459e-04 1.59511957431320149e-06
 2.24949999999999989e+02 2.25500000000000000e+02 5.03028615295812980e-04 2.85160369863876407e-06
 2.25500000000000000e+02 2.26050000000000011e+02 4.95190491474318444e-04 1.59653026204064928e-06
 2.26050000000000011e+02 2.26599999999999994e+02 4.91731801363109360e-04 1.57579562468732364e-06
 2.26599999999999994e+02 2.27150000000000006e+02 4.88249464887162139e-04 1.60939678529771438e-06
 2.27150000000000006e+02 2.27699999999999989e+02 4.83392441768725465e-04 1.60841410769279752e-06
 2.27699999999999989e+02 2.28250000000000000e+02 4.78254210876564913e-04 1.47083259134497992e-06
 2.28250000000000000e+02 2.28800000000000011e+02 4.78971273781846497e-04 2.39186857218908470e-06
 2.28800000000000011e+02 2.29349999999999994e+02 4.73084592041406974e-04 2.66316502606388169e-06
 2.29349999999999994e+02 2.29900000000000006e+02 4.67391600811588141e-04 2.64358279706149347e-06
 2.29900000000000006e+02 2.30449999999999989e+02 4.62975334536909532e-04 1.76466260728874952e-06
 2.30449999999999989e+02 2.31000000000000000e+02 4.58246008503940651e-04 1.66227765301789218e-06
 2.31000000000000000e+02 2.31550000000000011e+02 4.56708742285544722e-04 3.28281932532470272e-06
 2.31550000000000011e+02 2.32099999999999994e+02 4.48280463709802392e-04 1.50522431738010881e-06
 2.32099999999999994e+02 2.32650000000000006e+02 4.44494859572792803e-04 2.32642254379806048e-06
 2.32650000000000006e+02 2.33199999999999989e+02 4.40830690134138875e-04 1.75684575314662216e-06
 2.33199999999999989e+02 2.33750000000000000e+02 4.37018801392923982e-04 2.82539729845260679e-06
 2.33750000000000000e+02 2.34300000000000011e+02 4.32193468680016333e-04 1.77355234989508057e-06
 2.34300000000000011e+02 2.34849999999999994e+02 4.25346785237246756e-04 1.74457171189621927e-06
 2.34849999999999994e+02 2.35400000000000006e+02 4.21820433990345448e-04 1.60524657702230701e-06
 2.35400000000000006e+02 2.35949999999999989e+02 4.18290130355615985e-04 1.75392229523628189e-06
 2.35949999999999989e+02 2.36500000000000000e+02 4.13622826733710779e-04 1.41866803818010754e-06
 2.36500000000000000e+02 2.37050000000000011e+02 4.08788326862223801e-04 1.37693653473833688e-06
 2.37050000000000011e+02 2.37599999999999994e+02 4.04701153305546196e-04 2.28844675757425114e-06
 2.37599999999999994e+02 2.38150000000000006e+02 4.00219560932832245e-04 1.43095598198091903e-06
 2.38150000000000006e+02 2.38699999999999989e+02 3.95742744048583847e-04 1.38271754274378049e-06
 2.38699999999999989e+02 2.39250000000000000e+02 3.91102181209109943e-04 1.45538059162854850e-06
 2.39250000000000000e+02 2.39800000000000011e+02 3.87847251743367934e-04 2.29036921187945857e-06
 2.39800000000000011e+02 2.40349999999999994e+02 3.84538427931993738e-04 1.52230996943543917e-06
 2.40349999999999994e+02 2.40900000000000006e+02 3.76007826432001046e-04 1.34967614514657158e-06
 2.40900000000000006e+02 2.41449999999999989e+02 3.73708364587890416e-04 1.32277229650636429e-06
 2.41449999999999989e+02 2.42000000000000000e+02 3.69153820798359612e-04 1.35635268477978588e-06
 2.42000000000000000e+02 2.42550000000000011e+02 3.66313939571428257e-04 1.86023379264045873e-06
 2.42550000000000011e+02 2.43099999999999994e+02 3.59081316981246562e-04 1.22296212708085557e-06
 2.43099999999999994e+02 2.43650000000000006e+02 3.53400585184121779e-04 1.28550226343681052e-06
 2.43650000000000006e+02 2.44199999999999989e+02 3.52815351883619115e-04 1.32462433643227285e-06
 2.44199999999999989e+02 2.44750000000000000e+02 3.47625487235110879e-04 1.34779530552093230e-06
 2.44750000000000000e+02 2.45300000000000011e+02 3.41143288851043314e-04 1.28721510844165833e-06
 2.45300000000000011e+02 2.45849999999999994e+02 3.38881044966690876e-04 1.25592100796659545e-06
 2.45849999999999994e+02 2.46400000000000006e+02 3.34252774929874174e-04 1.52247564138362723e-06
 2.46400000000000006e+02 2.46949999999999989e+02 3.27928051911901110e-04 1.50801969885169130e-06
 2.46949999999999989e+02 2.47500000000000000e+02 3.24837820359878844e-04 1.29269354656159726e-06
 2.47500000000000000e+02 2.48050000000000011e+02 3.21285634744717709e-04 1.30293794521064879e-06
 2.48050000000000011e+02 2.48599999999999994e+02 3.14736141995257271e-04 1.17975129850492763e-06
 2.48599999999999994e+02 2.49150000000000006e+02 3.09502829778259686e-04 1.18341590265077102e-06
 2.49150000000000006e+02 2.49699999999999989e+02 3.07295977676146656e-04 1.58393501372444658e-06
 2.49699999999999989e+02 2.50250000000000000e+02 2.99721121838570509e-04 1.13576798339015968e-06
 2.50250000000000000e+02 2.50800000000000011e+02 2.97044642054135875e-04 1.16946566243469026e-06
 2.50800000000000011e+02 2.51349999999999994e+02 2.93162255557013020e-04 1.14656771807879562e-06
 2.51349999999999994e+02 2.51900000000000006e+02 2.90518455383896579e-04 1.36706772526478539e-06
 2.51900000000000006e+02 2.52449999999999989e+02 2.84650422907190503e-04 2.26339492320383944e-06
 2.52449999999999989e+02 2.53000000000000000e+02 2.79554583770680234e-04 1.24068003359113765e-06
 2.53000000000000000e+02 2.53550000000000011e+02 2.79911214290668147e-04 3.86228115671848055e-06
 2.53550000000000011e+02 2.54099999999999994e+02 2.70164299670159114e-04 1.15643494331081988e-06
 2.54099999999999994e+02 2.54650000000000006e+02 2.66405516426816832e-04 1.04889775545322153e-06
 2.54650000000000006e+02 2.55199999999999989e+02 2.59756498554394855e-04 1.00382278048557061e-06
 2.55199999999999989e+02 2.55750000000000000e+02 2.58518604317626872e-04 1.01668169539684185e-06
 2.55750000000000000e+02 2.56300000000000011e+02 2.53771382532229004e-04 1.80968991774805182e-06
 2.56300000000000011e+02 2.56850000000000023e+02 2.50297285574185250e-04 2.76157833864266543e-06
 2.56850000000000023e+02 2.57399999999999977e+02 2.44140486909637830e-04 1.11829777885628375e-06
 2.57399999999999977e+02 2.57949999999999989e+02 2.41177355035277136e-04 1.08598699063510730e-06
 2.57949999999999989e+02 2.58500000000000000e+02 2.36285139491659168e-04 1.10719914416293275e-06
 2.58500000000000000e+02 2.59050000000000011e+02 2.31583192890473500e-04 1.01774155244961438e-06
 2.59050000000000011e+02 2.59600000000000023e+02 2.26998355786527529e-04 1.00622683138467834e-06
 2.59600000000000023e+02 2.60149999999999977e+02 2.26174448264945528e-04 1.69492433150720960e-06
 2.60149999999999977e+02 2.60699999999999989e+02 2.19095673225830893e-04 9.94868236166017155e-07
 2.60699999999999989e+02 2.61250000000000000e+02 2.17971641396125330e-04 1.04068689236064496e-06
 2.61250000000000000e+02 2.61800000000000011e+02 2.11120785780664249e-04 9.65095306492808426e-07
 2.61800000000000011e+02 2.62350000000000023e+02 2.07538828919411685e-04 9.96936329803010636e-07
 2.62350000000000023e+02 2.62899999999999977e+02 2.04571730075549701e-04 1.02086551505729034e-06
 2.62899999999999977e+02 2.63449999999999989e+02 2.00262650263242139e-04 9.44989578607443906e-07
 2.63449999999999989e+02 2.64000000000000000e+02 1.97703744485881906e-04 1.02743192286554365e-06
 2.64000000000000000e+02 2.64550000000000011e+02 1.92648531956875701e-04 9.68282189895222331e-07
 2.64550000000000011e+02 2.65100000000000023e+02 1.90980500993271761e-04 1.33930864007381557e-06
 2.65100000000000023e+02 2.65649999999999977e+02 1.85288392305774324e-04 8.78611901558321997e-07
 2.65649999999999977e+02 2.66199999999999989e+02 1.82656143729242437e-04 1.39391195063185000e-06
 2.66199999999999989e+02 2.66750000000000000e+02 1.78022410054687888e-04 1.00873048128395393e-06
 2.66750000000000000e+02 2.67300000000000011e+02 1.73670551911850622e-04 8.74645320140868598e-07
 2.67300000000000011e+02 2.67850000000000023e+02 1.71837717427752665e-04 8.57958367531075516e-07
 2.67850000000000023e+02 2.68399999999999977e+02 1.66023390231543266e-04 9.09107843407317157e-07
 2.68399999999999977e+02 2.68949999999999989e+02 1.61859688666470594e-04 9.24681783178444433e-07
 2.68949999999999989e+02 2.69500000000000000e+02 1.63146920948596463e-04 1.92289015716646233e-06
 2.69500000000000000e+02 2.70050000000000011e+02 1.54014763121149368e-04 8.21441273592259718e-07
 2.70050000000000011e+02 2.70600000000000023e+02 1.53024740940695982e-04 8.42402886037292915e-07
 2.70600000000000023e+02 2.71149999999999977e+02 1.49671357319329897e-04 8.38242095636116023e-07
 2.71149999999999977e+02 2.71699999999999989e+02 1.45960453045995621e-04 8.22717987691267401e-07
 2.71699999999999989e+02 2.72250000000000000e+02 1.43107495264188666e-04 8.26632909499275526e-07
 2.72250000000000000e+02 2.72800000000000011e+02 1.40169067914606277e-04 7.98829192351993323e-07
 2.72800000000000011e+02 2.73350000000000023e+02 1.37179211377330809e-04 8.59319104157952719e-07
 2.73350000000000023e+02 2.73899999999999977e+02 1.34740583612084902e-04 1.55508814153670127e-06
 2.73899999999999977e+02 2.74449999999999989e+02 1.31215772046178490e-04 8.44126930832176158e-07
 2.74449999999999989e+02 2.75000000000000000e+02 1.28536068258110106e-04 1.39303228398823604e-06
 2.75000000000000000e+02 2.75550000000000011e+02 1.24811385671968464e-04 7.97279468701469838e-07
 2.75550000000000011e+02 2.76100000000000023e+02 1.21809318626675105e-04 7.86978720230530114e-07
 2.76100000000000023e+02 2.76649999999999977e+02 1.17632746906928031e-04 7.70300539804311364e-07
 2.76649999999999977e+02 2.77199999999999989e+02 1.14249807816805944e-04 7.64026691564741384e-07
 2.77199999999999989e+02 2.77750000000000000e+02 1.12626806959553434e-04 7.08677611188105457e-07
 2.77750000000000000e+02 2.78300000000000011e+02 1.10544695909359399e-04 8.39064114764820451e-07
 2.78300000000000011e+02 2.78850000000000023e+02 1.06398721437097691e-04 6.96897658053230437e-07
 2.78850000000000023e+02 2.79399999999999977e+02 1.03535304529954738e-04 8.56809482674430166e-07
 2.79399999999999977e+02 2.79949999999999989e+02 1.02224233380603474e-04 1.23845176089339890e-06
 2.79949999999999989e+02 2.80500000000000000e+02 9.89248533371490609e-05 7.55526138412115049e-07
 2.80500000000000000e+02 2.81050000000000011e+02 9.46202146060471652e-05 7.32915800864600132e-07
 2.81050000000000011e+02 2.81600000000000023e+02 9.52588722620558803e-05 2.00343368902346311e-06
 2.81600000000000023e+02 2.82149999999999977e+02 9.05332392820299087e-05 7.53438827061466940e-07
 2.82149999999999977e+02 2.82699999999999989e+02 8.70814121663433750e-05 6.78740973873405779e-07
 2.82699999999999989e+02 2.83250000000000000e+02 8.50142392654807289e-05 6.78766009930543419e-07
 2.83250000000000000e+02 2.83800000000000011e+02 8.32066282554388726e-05 6.56353461230927683e-07
 2.83800000000000011e+02 2.84350000000000023e+02 7.88795932963726713e-05 6.24579866985641990e-07
 2.84350000000000023e+02 2.84899999999999977e+02 7.70165537515720582e-05 6.87810382301654557e-07
 2.84899999999999977e+02 2.85449999999999989e+02 7.47603658182684818e-05 6.50319008279621210e-07
 2.85449999999999989e+02 2.86000000000000000e+02 7.22946439607968598e-05 6.27455613617070228e-07
 2.86000000000000000e+02 2.86550000000000011e+02 6.88869072771709849e-05 7.93855772876524310e-07
 2.86550000000000011e+02 2.87100000000000023e+02 6.71538708979689335e-05 6.48345956541934380e-07
 2.87100000000000023e+02 2.87649999999999977e+02 6.55644749085005708e-05 8.41139500836109729e-07
 2.87649999999999977e+02 2.88199999999999989e+02 6.21470459861096411e-05 5.61011447124493647e-07
 2.88199999999999989e+02 2.88750000000000000e+02 6.04597760222230828e-05 5.85875193752167463e-07
 2.88750000000000000e+02 2.89300000000000011e+02 5.70848199645548703e-05 5.71279603234901248e-07
 2.89300000000000011e+02 2.89850000000000023e+02 5.60482587683839138e-05 5.66929295497657683e-07
 2.89850000000000023e+02 2.90399999999999977e+02 5.32098581489210150e-05 5.55149506071027206e-07
 2.90399999999999977e+02 2.90949999999999989e+02 5.22495866213147845e-05 9.05592268514384335e-07
 2.90949999999999989e+02 2.91500000000000000e+02 4.93342659460680908e-05 5.12404015050904789e-07
 2.91500000000000000e+02 2.92050000000000011e+02 4.59541501995595303e-05 5.10961258077187917e-07
 2.92050000000000011e+02 2.92600000000000023e+02 4.45415206071891935e-05 5.63527266155518002e-07
 2.92600000000000023e+02 2.93149999999999977e+02 4.36748460150804897e-05 5.53454350680772529e-07
 2.93149999999999977e+02 2.93699999999999989e+02 4.11909715493616628e-05 5.31921004645166577e-07
 2.93699999999999989e+02 2.94250000000000000e+02 3.99720682968667069e-05 6.03279379291849288e-07
 2.94250000000000000e+02 2.94800000000000011e+02 3.64971784136384160e-05 4.79909299204386945e-07
 2.94800000000000011e+02 2.95350000000000023e+02 3.48154686000358543e-05 7.36023521272751077e-07
 2.95350000000000023e+02 2.95899999999999977e+02 3.29458820222232272e-05 4.50558791393349436e-07
 2.95899999999999977e+02 2.96449999999999989e+02 3.17686644435416686e-05 5.37261236421764828e-07
 2.96449999999999989e+02 2.97000000000000000e+02 3.03102480332111331e-05 6.33242283131465861e-07
 2.97000000000000000e+02 2.97550000000000011e+02 2.92034153947273823e-05 5.05570071192854618e-07
 2.97550000000000011e+02 2.98100000000000023e+02 2.62036492329320700e-05 4.78015029451020489e-07
 2.98100000000000023e+02 2.98649999999999977e+02 2.49223629325140349e-05 4.78529832863910777e-07
 2.98649999999999977e+02 2.99199999999999989e+02 2.40095017993965229e-05 5.27572883181830268e-07
 2.99199999999999989e+02 2.99750000000000000e+02 2.15651634524361370e-05 4.77093087492978860e-07
 2.99750000000000000e+02 3.00300000000000011e+02 2.11328065407002582e-05 4.92355421277205729e-07
 3.00300000000000011e+02 3.00850000000000023e+02 1.84210379198084391e-05 4.37012098163356240e-07
 3.00850000000000023e+02 3.01399999999999977e+02 1.73470074871543174e-05 4.56351423318158923e-07
 3.01399999999999977e+02 3.01949999999999989e+02 1.51956909257494319e-05 3.88737639957313074e-07
 3.01949999999999989e+02 3.02500000000000000e+02 1.48501965126646259e-05 4.37449667760398258e-07
 3.02500000000000000e+02 3.03050000000000011e+02 1.35575203857125003e-05 4.59026462782120556e-07
 3.03050000000000011e+02 3.03600000000000023e+02 1.20511714950514483e-05 3.94710739052733835e-07
 3.03600000000000023e+02 3.04149999999999977e+02 1.05567768479120553e-05 3.16142350588852777e-07
 3.04149999999999977e+02 3.04699999999999989e+02 9.58455619753117089e-06 3.36926334712556914e-07
 3.04699999999999989e+02 3.05250000000000000e+02 8.64860477597710983e-06 4.18429371586730104e-07
 3.05250000000000000e+02 3.05800000000000011e+02 7.72096420094044629e-06 3.76429634809937178e-07
 3.05800000000000011e+02 3.06350000000000023e+02 6.12646547522993634e-06 2.57177134435021203e-07
 3.06350000000000023e+02 3.06899999999999977e+02 5.93764198157067261e-06 2.82323203622328687e-07
 3.06899999999999977e+02 3.07449999999999989e+02 4.46304948061084988e-06 2.45831064232814331e-07
 3.07449999999999989e+02 3.08000000000000000e+02 3.89848278339150280e-06 2.80550807824921546e-07
 3.08000000000000000e+02 3.08550000000000011e+02 3.03325601357253184e-06 1.89816337179959418e-07
 3.08550000000000011e+02 3.09100000000000023e+02 2.72110726488601189e-06 2.26498567068268169e-07
 3.09100000000000023e+02 3.09649999999999977e+02 2.50845096464367198e-06 4.69210819374353686e-07
 3.09649999999999977e+02 3.10199999999999989e+02 1.61839970158448610e-06 2.00417950772099879e-07
 3.10199999999999989e+02 3.10750000000000000e+02 9.53744703762753728e-07 1.16353203498427821e-07
 3.10750000000000000e+02 3.11300000000000011e+02 6.84571847630395825e-07 9.73206541659042710e-08
 3.11300000000000011e+02 3.11850000000000023e+02 4.76010053864725102e-07 9.35948341906373697e-08
 3.11850000000000023e+02 3.12399999999999977e+02 1.45204159924510815e-07 5.77433578076528909e-08
 3.12399999999999977e+02 3.12949999999999989e+02 3.85968716528243133e-08 1.87472666359615759e-08
 3.12949999999999989e+02 3.13500000000000000e+02 3.13608039826564825e-09 2.27373664912789419e-09
 3.13500000000000000e+02 3.14050000000000011e+02 0.00000000000000000e+00 0.00000000000000000e+00
 3.14050000000000011e+02 3.14600000000000023e+02 0.00000000000000000e+00 0.00000000000000000e+00
 3.14600000000000023e+02 3.15149999999999977e+02 0.00000000000000000e+00 0.00000000000000000e+00
 3.15149999999999977e+02 3.15699999999999989e+02 0.00000000000000000e+00 0.00000000000000000e+00
 3.15699999999999989e+02 3.16250000000000000e+02 0.00000000000000000e+00 0.00000000000000000e+00
 3.16250000000000000e+02 3.16800000000000011e+02 0.00000000000000000e+00 0.00000000000000000e+00
 3.16800000000000011e+02 3.17350000000000023e+02 0.00000000000000000e+00 0.00000000000000000e+00
 3.17350000000000023e+02 3.17899999999999977e+02 0.00000000000000000e+00 0.00000000000000000e+00
 3.17899999999999977e+02 3.18449999999999989e+02 0.00000000000000000e+00 0.00000000000000000e+00
 3.18449999999999989e+02 3.19000000000000000e+02 0.00000000000000000e+00 0.00000000000000000e+00
 3.19000000000000000e+02 3.19550000000000011e+02 0.00000000000000000e+00 0.00000000000000000e+00
 3.19550000000000011e+02 3.20100000000000023e+02 0.00000000000000000e+00 0.00000000000000000e+00
 3.20100000000000023e+02 3.20649999999999977e+02 0.00000000000000000e+00 0.00000000000000000e+00
 3.20649999999999977e+02 3.21199999999999989e+02 0.00000000000000000e+00 0.00000000000000000e+00
 3.21199999999999989e+02 3.21750000000000000e+02 0.00000000000000000e+00 0.00000000000000000e+00
 3.21750000000000000e+02 3.22300000000000011e+02 0.00000000000000000e+00 0.00000000000000000e+00
 3.22300000000000011e+02 3.22850000000000023e+02 0.00000000000000000e+00 0.00000000000000000e+00
 3.22850000000000023e+02 3.23399999999999977e+02 0.00000000000000000e+00 0.00000000000000000e+00
 3.23399999999999977e+02 3.23949999999999989e+02 0.00000000000000000e+00 0.00000000000000000e+00
 3.23949999999999989e+02 3.24500000000000000e+02 0.00000000000000000e+00 0.00000000000000000e+00
 3.24500000000000000e+02 3.25050000000000011e+02 0.00000000000000000e+00 0.00000000000000000e+00
 3.25050000000000011e+02 3.25600000000000023e+02 0.00000000000000000e+00 0.00000000000000000e+00
 3.25600000000000023e+02 3.26149999999999977e+02 0.00000000000000000e+00 0.00000000000000000e+00
 3.26149999999999977e+02 3.26699999999999989e+02 0.00000000000000000e+00 0.00000000000000000e+00
 3.26699999999999989e+02 3.27250000000000000e+02 0.00000000000000000e+00 0.00000000000000000e+00
 3.27250000000000000e+02 3.27800000000000011e+02 0.00000000000000000e+00 0.00000000000000000e+00
 3.27800000000000011e+02 3.28350000000000023e+02 0.00000000000000000e+00 0.00000000000000000e+00
 3.28350000000000023e+02 3.28899999999999977e+02 0.00000000000000000e+00 0.00000000000000000e+00
 3.28899999999999977e+02 3.29449999999999989e+02 0.00000000000000000e+00 0.00000000000000000e+00
 3.29449999999999989e+02 3.30000000000000000e+02 0.00000000000000000e+00 0.00000000000000000e+00

Histogram:lpp+
 1.06000000000000000e+02 1.06686666666666667e+02 0.00000000000000000e+00 0.00000000000000000e+00
 1.06686666666666667e+02 1.07373333333333335e+02 3.11628861473721350e-08 2.24893159506423002e-08
 1.07373333333333335e+02 1.08060000000000002e+02 1.59732679807129826e-07 2.41820714757803691e-08
 1.08060000000000002e+02 1.08746666666666670e+02 5.31252727245682900e-07 7.28132730583341955e-08
 1.08746666666666670e+02 1.09433333333333337e+02 8.91686960863377291e-07 9.30475243372812215e-08
 1.09433333333333337e+02 1.10120000000000005e+02 1.29615576908085092e-06 1.09687937637256363e-07
 1.10120000000000005e+02 1.10806666666666672e+02 1.89331537292328562e-06 1.84509485220654452e-07
 1.10806666666666672e+02 1.11493333333333339e+02 2.21325544909572459e-06 1.47929749049376586e-07
 1.11493333333333339e+02 1.12180000000000007e+02 2.54353972258559895e-06 1.63642710660244115e-07
 1.12180000000000007e+02 1.12866666666666660e+02 3.01599136005131919e-06 2.55008282940594956e-07
 1.12866666666666660e+02 1.13553333333333327e+02 4.10725265932886303e-06 4.31071840958181682e-07
 1.13553333333333327e+02 1.14239999999999995e+02 4.11463046534743877e-06 4.22826140816829614e-07
 1.14239999999999995e+02 1.14926666666666662e+02 4.58081181834290999e-06 2.48442726729392997e-07
 1.14926666666666662e+02 1.15613333333333330e+02 6.08185207220762805e-06 6.63579675223126851e-07
 1.15613333333333330e+02 1.16299999999999997e+02 5.00145226911159221e-06 2.07155202455368429e-07
 1.16299999999999997e+02 1.16986666666666665e+02 5.87146035976177179e-06 2.82414563396607965e-07
 1.16986666666666665e+02 1.17673333333333332e+02 6.73990893751374683e-06 5.85633792217229462e-07
 1.17673333333333332e+02 1.18359999999999999e+02 6.45079844695846755e-06 2.35304543673107978e-07
 1.18359999999999999e+02 1.19046666666666667e+02 6.93620512478384951e-06 2.86434731924280460e-07
 1.19046666666666667e+02 1.19733333333333334e+02 7.07053684159193672e-06 2.51538038752182745e-07
 1.19733333333333334e+02 1.20420000000000002e+02 8.20921241250358547e-06 3.90656078454893214e-07
 1.20420000000000002e+02 1.21106666666666669e+02 8.91103011637124637e-06 3.60486877209112815e-07
 1.21106666666666669e+02 1.21793333333333337e+02 9.19001001281038480e-06 2.99010566374968215e-07
 1.21793333333333337e+02 1.22480000000000004e+02 9.15376543778879542e-06 2.82280035847423990e-07
 1.22480000000000004e+02 1.23166666666666671e+02 1.00692702008349947e-05 3.13911463568589073e-07
 1.23166666666666671e+02 1.23853333333333325e+02 1.21882588503134652e-05 1.33023755773095382e-06
 1.23853333333333325e+02 1.24539999999999992e+02 1.09179258551187892e-05 3.36979288227046019e-07
 1.24539999999999992e+02 1.25226666666666659e+02 1.14165540119417493e-05 3.06602054504587472e-07
 1.25226666666666659e+02 1.25913333333333327e+02 1.22181961109836423e-05 3.55785885977647903e-07
 1.25913333333333327e+02 1.26599999999999994e+02 1.26575816822907669e-05 3.63583112683540649e-07
 1.26599999999999994e+02 1.27286666666666662e+02 1.33363954040750630e-05 3.43159019525897186e-07
 1.27286666666666662e+02 1.27973333333333329e+02 1.41351988339854425e-05 4.90006539443622359e-07
 1.27973333333333329e+02 1.28659999999999997e+02 1.51769144114774439e-05 3.74143316923088458e-07
 1.28659999999999997e+02 1.29346666666666664e+02 1.57998597253419078e-05 4.66281100539709896e-07
 1.29346666666666664e+02 1.30033333333333331e+02 1.48517324804486443e-05 2.98023533065198213e-07
 1.30033333333333331e+02 1.30719999999999999e+02 1.71157917077329700e-05 1.12967182762207067e-06
 1.30719999999999999e+02 1.31406666666666666e+02 1.71950664729560802e-05 4.45370098701513119e-07
 1.31406666666666666e+02 1.32093333333333334e+02 1.68023216045274898e-05 3.62283649419843779e-07
 1.32093333333333334e+02 1.32780000000000001e+02 1.82042279060675470e-05 4.98516561836743203e-07
 1.32780000000000001e+02 1.33466666666666669e+02 1.84472798724675556e-05 4.51347955662720505e-07
 1.33466666666666669e+02 1.34153333333333336e+02 2.02668996984249652e-05 5.71321792776460702e-07
 1.34153333333333336e+02 1.34840000000000003e+02 1.92021037011882718e-05 4.06318047112336485e-07
 1.34840000000000003e+02 1.35526666666666671e+02 2.02505155304388924e-05 4.00774456579139586e-07
 1.35526666666666671e+02 1.36213333333333338e+02 2.16359450875770103e-05 5.70035249353224715e-07
 1.36213333333333338e+02 1.36900000000000006e+02 2.14013884397250643e-05 4.85709830208098676e-07
 1.36900000000000006e+02 1.37586666666666673e+02 2.22119709058764088e-05 4.23328546680056164e-07
 1.37586666666666673e+02 1.38273333333333341e+02 2.40626130456553210e-05 7.88725394700503728e-07
 1.38273333333333341e+02 1.38960000000000008e+02 2.44081016189864875e-05 7.66580754578876777e-07
 1.38960000000000008e+02 1.39646666666666675e+02 2.43153260562831864e-05 4.74897991135827254e-07
 1.39646666666666675e+02 1.40333333333333343e+02 2.44720522474441392e-05 4.25045041918687403e-07
 1.40333333333333343e+02 1.41020000000000010e+02 2.59903879184352045e-05 7.82802386571911691e-07
 1.41020000000000010e+02 1.41706666666666649e+02 2.68522590112297781e-05 4.94568372572482396e-07
 1.41706666666666649e+02 1.42393333333333317e+02 2.59957131656857513e-05 4.20219104022234422e-07
 1.42393333333333317e+02 1.43079999999999984e+02 2.72571014752001436e-05 4.86401568269803590e-07
 1.43079999999999984e+02 1.43766666666666652e+02 2.71379571141037532e-05 4.09059419302145329e-07
 1.43766666666666652e+02 1.44453333333333319e+02 2.88267139708691999e-05 5.65990847400778724e-07
 1.44453333333333319e+02 1.45139999999999986e+02 2.89953703243183190e-05 5.02931892751499117e-07
 1.45139999999999986e+02 1.45826666666666654e+02 2.95671190386109861e-05 5.58027674664414346e-07
 1.45826666666666654e+02 1.46513333333333321e+02 3.09410002334123096e-05 5.66685162983943409e-07
 1.46513333333333321e+02 1.47199999999999989e+02 3.22010909577205278e-05 5.30715822464947676e-07
 1.47199999999999989e+02 1.47886666666666656e+02 3.17192061928425910e-05 5.30041063328532626e-07
 1.47886666666666656e+02 1.48573333333333323e+02 3.28269382810290991e-05 6.06959181798388186e-07
 1.48573333333333323e+02 1.49259999999999991e+02 3.38566621644067030e-05 5.63583702757301404e-07
 1.49259999999999991e+02 1.49946666666666658e+02 3.57060370744480106e-05 8.32545503387108211e-07
 1.49946666666666658e+02 1.50633333333333326e+02 3.58012891935767581e-05 5.68376674565270842e-07
 1.50633333333333326e+02 1.51319999999999993e+02 3.64800804929857540e-05 5.31427130538374412e-07
 1.51319999999999993e+02 1.52006666666666661e+02 3.67194426113106315e-05 5.28203977184601625e-07
 1.52006666666666661e+02 1.52693333333333328e+02 3.75823263318413647e-05 5.39820249115843696e-07
 1.52693333333333328e+02 1.53379999999999995e+02 3.76313003061983176e-05 5.29711630572007100e-07
 1.53379999999999995e+02 1.54066666666666663e+02 3.92098544503052861e-05 5.73760502132928896e-07
 1.54066666666666663e+02 1.54753333333333330e+02 4.02459835929278546e-05 7.54471641035260052e-07
 1.54753333333333330e+02 1.55439999999999998e+02 4.04621091836630058e-05 5.87485092286120118e-07
 1.55439999999999998e+02 1.56126666666666665e+02 4.27447726493934430e-05 6.56909479465545494e-07
 1.56126666666666665e+02 1.56813333333333333e+02 4.22768358040385278e-05 5.39343341389185335e-07
 1.56813333333333333e+02 1.57500000000000000e+02 4.34388533141281654e-05 6.19619390925058972e-07
 1.57500000000000000e+02 1.58186666666666667e+02 4.43400720753958283e-05 8.26537897251400950e-07
 1.58186666666666667e+02 1.58873333333333335e+02 4.50800960856372922e-05 7.00142365239907071e-07
 1.58873333333333335e+02 1.59560000000000002e+02 4.51106885421010748e-05 5.35241578634846139e-07
 1.59560000000000002e+02 1.60246666666666670e+02 8.26249605666677385e-05 7.72784885243014547e-07
 1.60246666666666670e+02 1.60933333333333337e+02 1.49460943533877489e-04 9.84251583096609257e-07
 1.60933333333333337e+02 1.61620000000000005e+02 1.52661118139487648e-04 1.00378475584945556e-06
 1.61620000000000005e+02 1.62306666666666672e+02 1.53625010751612064e-04 1.10598348260503700e-06
 1.62306666666666672e+02 1.62993333333333339e+02 1.54488378589473697e-04 1.42474990670416673e-06
 1.62993333333333339e+02 1.63680000000000007e+02 1.54944976431703110e-04 8.88901431889567847e-07
 1.63680000000000007e+02 1.64366666666666674e+02 1.56481722920323276e-04 9.37077616128301780e-07
 1.64366666666666674e+02 1.65053333333333342e+02 1.58166766535831503e-04 9.38833395246476559e-07
 1.65053333333333342e+02 1.65740000000000009e+02 1.61220445684903755e-04 1.00109815672543450e-06
 1.65740000000000009e+02 1.66426666666666677e+02 1.61729734935604476e-04 9.25905465545371822e-07
 1.66426666666666677e+02 1.67113333333333344e+02 1.64597873054117116e-04 1.14304055613189028e-06
 1.67113333333333344e+02 1.67800000000000011e+02 1.65097835275460758e-04 1.07284462425855427e-06
 1.67800000000000011e+02 1.68486666666666679e+02 1.67036316127946972e-04 1.00133701553911695e-06
 1.68486666666666679e+02 1.69173333333333346e+02 1.68367804723386122e-04 1.08670249762473123e-06
 1.69173333333333346e+02 1.69860000000000014e+02 1.69233760897801767e-04 9.70995191176877339e-07
 1.69860000000000014e+02 1.70546666666666681e+02 1.72076878777327203e-04 1.04103414674632163e-06
 1.70546666666666681e+02 1.71233333333333348e+02 1.72632432183826009e-04 9.70436890782521483e-07
 1.71233333333333348e+02 1.71920000000000016e+02 1.74583430549515221e-04 1.26254958993050146e-06
 1.71920000000000016e+02 1.72606666666666683e+02 1.76328224389328526e-04 9.68722600606748298e-07
 1.72606666666666683e+02 1.73293333333333351e+02 1.76619277563823634e-04 9.90790643645358793e-07
 1.73293333333333351e+02 1.73980000000000018e+02 1.77908557821060127e-04 9.52744351734432994e-07
 1.73980000000000018e+02 1.74666666666666686e+02 1.81116037261704320e-04 1.12663884086678238e-06
 1.74666666666666686e+02 1.75353333333333353e+02 1.83599137848760783e-04 1.06264808458461763e-06
 1.75353333333333353e+02 1.76040000000000020e+02 1.84621300219533715e-04 1.04050649480247910e-06
 1.76040000000000020e+02 1.76726666666666688e+02 1.87008110529716953e-04 1.05882134701279863e-06
 1.76726666666666688e+02 1.77413333333333327e+02 1.88052649787680227e-04 9.90842486176159628e-07
 1.77413333333333327e+02 1.78099999999999994e+02 1.89423860853671962e-04 1.03146159323733557e-06
 1.78099999999999994e+02 1.78786666666666662e+02 1.93357461541597244e-04 1.24168019391600086e-06
 1.78786666666666662e+02 1.79473333333333329e+02 1.94537877300697011e-04 1.11154376415575793e-06
 1.79473333333333329e+02 1.80159999999999997e+02 1.95227435048466862e-04 1.28308590074052759e-06
 1.80159999999999997e+02 1.80846666666666664e+02 1.97801118676902668e-04 1.27042760747088322e-06
 1.80846666666666664e+02 1.81533333333333331e+02 1.97693911902290258e-04 1.22422919941793474e-06
 1.81533333333333331e+02 1.82219999999999999e+02 2.00557301440272155e-04 1.10427088069449628e-06
 1.82219999999999999e+02 1.82906666666666666e+02 2.01832921707096051e-04 1.02040524158475667e-06
 1.82906666666666666e+02 1.83593333333333334e+02 2.02758254866500313e-04 1.08299288735403137e-06
 1.83593333333333334e+02 1.84280000000000001e+02 2.03482876872500962e-04 1.05925841763391967e-06
 1.84280000000000001e+02 1.84966666666666669e+02 2.05990458993381793e-04 1.09174418006863003e-06
 1.84966666666666669e+02 1.85653333333333336e+02 2.10674588312734353e-04 1.43840451639469738e-06
 1.85653333333333336e+02 1.86340000000000003e+02 2.17920268049381682e-04 8.24274317699574462e-06
 1.86340000000000003e+02 1.87026666666666671e+02 2.11519851126654580e-04 1.20466443752725381e-06
 1.87026666666666671e+02 1.87713333333333338e+02 2.13606882590505699e-04 1.16117112460019576e-06
 1.87713333333333338e+02 1.88400000000000006e+02 2.17318642449741825e-04 1.14716544444151721e-06
 1.88400000000000006e+02 1.89086666666666673e+02 2.17339791956293825e-04 1.07622921897955662e-06
 1.89086666666666673e+02 1.89773333333333312e+02 2.19797624632918316e-04 1.26729819253749125e-06
 1.89773333333333312e+02 1.90459999999999980e+02 2.22250958991172560e-04 1.11129198245215274e-06
 1.90459999999999980e+02 1.91146666666666647e+02 2.23268450167000103e-04 1.21827617499785078e-06
 1.91146666666666647e+02 1.91833333333333314e+02 2.24983475695111879e-04 1.16883571177399158e-06
 1.91833333333333314e+02 1.92519999999999982e+02 2.26223798448374670e-04 1.07644036372334154e-06
 1.92519999999999982e+02 1.93206666666666649e+02 2.27335858270180489e-04 1.15519811626889327e-06
 1.93206666666666649e+02 1.93893333333333317e+02 2.31290728187785261e-04 1.22574901230857970e-06
 1.93893333333333317e+02 1.94579999999999984e+02 2.32976719879425493e-04 1.75381645011253892e-06
 1.94579999999999984e+02 1.95266666666666652e+02 2.33308164875672220e-04 1.08594445998246110e-06
 1.95266666666666652e+02 1.95953333333333319e+02 2.35805142133048044e-04 1.11198873442369849e-06
 1.95953333333333319e+02 1.96639999999999986e+02 2.38972652946234246e-04 1.17241825703352772e-06
 1.96639999999999986e+02 1.97326666666666654e+02 2.40235499125097664e-04 1.13574553087177560e-06
 1.97326666666666654e+02 1.98013333333333321e+02 2.40304264337096288e-04 1.19610936890573357e-06
 1.98013333333333321e+02 1.98699999999999989e+02 2.43402228121213608e-04 1.20335956298751638e-06
 1.98699999999999989e+02 1.99386666666666656e+02 2.44981094567496647e-04 1.13240142980863223e-06
 1.99386666666666656e+02 2.00073333333333323e+02 2.47838542794963715e-04 1.17486929306888883e-06
 2.00073333333333323e+02 2.00759999999999991e+02 2.49462959863485506e-04 1.13073125388057758e-06
 2.00759999999999991e+02 2.01446666666666658e+02 2.52408163257341321e-04 1.22812776444023147e-06
 2.01446666666666658e+02 2.02133333333333326e+02 2.53021594513165669e-04 1.23559798524488535e-06
 2.02133333333333326e+02 2.02819999999999993e+02 2.55555742713081278e-04 1.25427065300555945e-06
 2.02819999999999993e+02 2.03506666666666661e+02 2.57845065810850620e-04 1.25495664940739598e-06
 2.03506666666666661e+02 2.04193333333333328e+02 2.61008126702742935e-04 1.26761108161194828e-06
 2.04193333333333328e+02 2.04879999999999995e+02 2.61346696746792614e-04 1.28911447230917280e-06
 2.04879999999999995e+02 2.05566666666666663e+02 2.65039463316184959e-04 1.29719953634891601e-06
 2.05566666666666663e+02 2.06253333333333330e+02 2.64802792007513843e-04 1.23514170471795245e-06
 2.06253333333333330e+02 2.06939999999999998e+02 2.69130083429040877e-04 1.17816791736267196e-06
 2.06939999999999998e+02 2.07626666666666665e+02 2.71776865690610608e-04 1.17007942534909683e-06
 2.07626666666666665e+02 2.08313333333333333e+02 2.72263356533652121e-04 1.28234451702574303e-06
 2.08313333333333333e+02 2.09000000000000000e+02 2.76352211089759116e-04 1.18002452213629199e-06
 2.09000000000000000e+02 2.09686666666666667e+02 2.77059960227373273e-04 1.20233754882414692e-06
 2.09686666666666667e+02 2.10373333333333335e+02 2.79523990527787776e-04 1.26742302548039084e-06
 2.10373333333333335e+02 2.11060000000000002e+02 2.81529855661184899e-04 1.42866090341812673e-06
 2.11060000000000002e+02 2.11746666666666670e+02 2.83913929739170259e-04 1.69925581452723205e-06
 2.11746666666666670e+02 2.12433333333333337e+02 2.86814596114059518e-04 1.30419710863163970e-06
 2.12433333333333337e+02 2.13120000000000005e+02 2.89831585861712439e-04 1.60893975896452867e-06
 2.13120000000000005e+02 2.13806666666666672e+02 2.91414344801206940e-04 1.41626973069425847e-06
 2.13806666666666672e+02 2.14493333333333339e+02 2.96031457530746727e-04 1.34894829528756438e-06
 2.14493333333333339e+02 2.15180000000000007e+02 2.95626677104325413e-04 1.33681098588464289e-06
 2.15180000000000007e+02 2.15866666666666674e+02 3.02426675052089376e-04 3.91768800087275678e-06
 2.15866666666666674e+02 2.16553333333333342e+02 3.02081132432512978e-04 1.28143111734111630e-06
 2.16553333333333342e+02 2.17240000000000009e+02 3.01947790030686217e-04 1.33916293913816500e-06
 2.17240000000000009e+02 2.17926666666666677e+02 3.03904104209434724e-04 1.31474684032416053e-06
 2.17926666666666677e+02 2.18613333333333344e+02 3.09525437365970970e-04 1.42619269155819795e-06
 2.18613333333333344e+02 2.19300000000000011e+02 3.11338694728931047e-04 1.36973292332558325e-06
 2.19300000000000011e+02 2.19986666666666679e+02 3.13513534975088119e-04 1.41296586509199796e-06
 2.19986666666666679e+02 2.20673333333333346e+02 3.16571306808792268e-04 1.36500394595677250e-06
 2.20673333333333346e+02 2.21360000000000014e+02 3.20273910296578175e-04 1.60590898352411098e-06
 2.21360000000000014e+02 2.22046666666666681e+02 3.21859430593675214e-04 1.40436773791680709e-06
 2.22046666666666681e+02 2.22733333333333348e+02 3.23378553455192137e-04 1.40344544422597873e-06
 2.22733333333333348e+02 2.23420000000000016e+02 3.26944103486636380e-04 1.53892756387950134e-06
 2.23420000000000016e+02 2.24106666666666683e+02 3.29523576169626897e-04 1.56199821808899874e-06
 2.24106666666666683e+02 2.24793333333333351e+02 3.33286222403384575e-04 1.53086143255565138e-06
 2.24793333333333351e+02 2.25480000000000018e+02 3.33689238639888906e-04 1.40102957658078227e-06
 2.25480000000000018e+02 2.26166666666666686e+02 3.37351743386489576e-04 1.44661373300978450e-06
 2.26166666666666686e+02 2.26853333333333353e+02 3.38512493492503115e-04 1.41747705994902110e-06
 2.26853333333333353e+02 2.27540000000000020e+02 3.40153456698370305e-04 1.43741676428341493e-06
 2.27540000000000020e+02 2.28226666666666688e+02 3.44427610402728811e-04 1.38614913736525522e-06
 2.28226666666666688e+02 2.28913333333333327e+02 3.47801845618935781e-04 1.45024769976090687e-06
 2.28913333333333327e+02 2.29599999999999994e+02 3.49210072888778535e-04 1.49903940381719691e-06
 2.29599999999999994e+02 2.30286666666666662e+02 3.52555228756925622e-04 1.59115895006559684e-06
 2.30286666666666662e+02 2.30973333333333329e+02 3.55627500593450171e-04 1.45443470881153476e-06
 2.30973333333333329e+02 2.31659999999999997e+02 3.58514273964814962e-04 1.38116944211184849e-06
 2.31659999999999997e+02 2.32346666666666664e+02 3.58530442846916877e-04 1.40096112107813340e-06
 2.32346666666666664e+02 2.33033333333333331e+02 3.62310543012335745e-04 1.47449570101726126e-06
 2.33033333333333331e+02 2.33719999999999999e+02 3.63647052655235081e-04 1.50790193859486005e-06
 2.33719999999999999e+02 2.34406666666666666e+02 3.68402833634008274e-04 1.41760179513360763e-06
 2.34406666666666666e+02 2.35093333333333334e+02 3.70479528297965922e-04 1.37007565540124577e-06
 2.35093333333333334e+02 2.35780000000000001e+02 3.74988714828101315e-04 1.48320717251580094e-06
 2.35780000000000001e+02 2.36466666666666669e+02 3.79774767186146845e-04 1.68514633189319688e-06
 2.36466666666666669e+02 2.37153333333333336e+02 3.83023927620557104e-04 2.87598950731953960e-06
 2.37153333333333336e+02 2.37840000000000003e+02 3.83351377872839176e-04 1.45241759848139482e-06
 2.37840000000000003e+02 2.38526666666666671e+02 3.89096152750372372e-04 1.56120833921025311e-06
 2.38526666666666671e+02 2.39213333333333338e+02 3.90385214549315743e-04 1.52551314491659985e-06
 2.39213333333333338e+02 2.39900000000000006e+02 3.93098790648879575e-04 1.58865176922847357e-06
 2.39900000000000006e+02 2.40586666666666673e+02 3.95058023222752928e-04 1.50811176924394002e-06
 2.40586666666666673e+02 2.41273333333333341e+02 3.99200146950618449e-04 1.47053030443870670e-06
 2.41273333333333341e+02 2.41960000000000008e+02 3.99802070302755850e-04 1.46093075202339084e-06
 2.41960000000000008e+02 2.42646666666666675e+02 4.07522243119143746e-04 1.86875170429476952e-06
 2.42646666666666675e+02 2.43333333333333343e+02 4.08251192037785513e-04 1.48356879229964505e-06
 2.43333333333333343e+02 2.44020000000000010e+02 4.11148777354980205e-04 1.51744378165072816e-06
 2.44020000000000010e+02 2.44706666666666678e+02 4.15663791011896535e-04 1.75501215417094625e-06
 2.44706666666666678e+02 2.45393333333333345e+02 4.17469363024830043e-04 1.55814674724119434e-06
 2.45393333333333345e+02 2.46080000000000013e+02 4.19505870377963309e-04 1.92622478080255014e-06
 2.46080000000000013e+02 2.46766666666666680e+02 4.23757498138671780e-04 1.62959062781825714e-06
 2.46766666666666680e+02 2.47453333333333347e+02 4.28912127792345813e-04 1.61982835454063411e-06
 2.47453333333333347e+02 2.48139999999999986e+02 4.30296288525281020e-04 1.57752375950075088e-06
 2.48139999999999986e+02 2.48826666666666654e+02 4.33699186352885389e-04 1.72077493159722272e-06
 2.48826666666666654e+02 2.49513333333333321e+02 4.38108827541884181e-04 1.75581280199673749e-06
 2.49513333333333321e+02 2.50199999999999989e+02 4.40611617752490912e-04 1.58061696276642280e-06
 2.50199999999999989e+02 2.50886666666666656e+02 4.44545608255232714e-04 1.63855031197155350e-06
 2.50886666666666656e+02 2.51573333333333323e+02 4.47042128196801245e-04 1.57375425722292325e-06
 2.51573333333333323e+02 2.52259999999999991e+02 4.52007612157574940e-04 1.65444818279004379e-06
 2.52259999999999991e+02 2.52946666666666658e+02 4.53612621417567787e-04 1.73005040845488619e-06
 2.52946666666666658e+02 2.53633333333333326e+02 4.58266035567859943e-04 1.67281858121912431e-06
 2.53633333333333326e+02 2.54319999999999993e+02 4.64611235033208581e-04 1.85927815626535604e-06
 2.54319999999999993e+02 2.55006666666666661e+02 4.66226077909041988e-04 3.10906179328679245e-06
 2.55006666666666661e+02 2.55693333333333328e+02 4.69605582935644038e-04 1.60578972850892529e-06
 2.55693333333333328e+02 2.56379999999999995e+02 4.72119361136182926e-04 1.72431741715711902e-06
 2.56379999999999995e+02 2.57066666666666663e+02 4.74005403962834103e-04 1.58028146843663727e-06
 2.57066666666666663e+02 2.57753333333333330e+02 4.82268426026305757e-04 1.70253307310290435e-06
 2.57753333333333330e+02 2.58439999999999998e+02 4.80625131255298717e-04 1.68222061700878532e-06
 2.58439999999999998e+02 2.59126666666666665e+02 4.84000369939125720e-04 2.03067821511719099e-06
 2.59126666666666665e+02 2.59813333333333333e+02 4.87187626380961676e-04 1.85377238709358363e-06
 2.59813333333333333e+02 2.60500000000000000e+02 4.91510873668971277e-04 1.67996515098954202e-06
 2.60500000000000000e+02 2.61186666666666667e+02 4.99668712139333059e-04 1.80729508729122190e-06
 2.61186666666666667e+02 2.61873333333333335e+02 4.99623203420644950e-04 1.63871079596861623e-06
 2.61873333333333335e+02 2.62560000000000002e+02 5.04513330451731136e-04 1.77713494103502429e-06
 2.62560000000000002e+02 2.63246666666666670e+02 5.08503790167488291e-04 1.77877686246035240e-06
 2.63246666666666670e+02 2.63933333333333337e+02 5.10647316209335549e-04 1.88993912640203482e-06
 2.63933333333333337e+02 2.64620000000000005e+02 5.17188547351735356e-04 1.79464625536388738e-06
 2.64620000000000005e+02 2.65306666666666672e+02 5.22617323663519882e-04 1.73023026537486349e-06
 2.65306666666666672e+02 2.65993333333333339e+02 5.25139040271338877e-04 1.78825643421030730e-06
 2.65993333333333339e+02 2.66680000000000007e+02 5.36843908673458373e-04 7.71504655437660179e-06
 2.66680000000000007e+02 2.67366666666666674e+02 5.34622591235312992e-04 1.75730288584488305e-06
 2.67366666666666674e+02 2.68053333333333342e+02 5.35873768801908065e-04 1.66206237254305550e-06
 2.68053333333333342e+02 2.68740000000000009e+02 5.41137820939497282e-04 1.88678797206029781e-06
 2.68740000000000009e+02 2.69426666666666677e+02 5.39757252949560362e-04 1.65832904031896567e-06
 2.69426666666666677e+02 2.70113333333333344e+02 5.46374599072930772e-04 1.77377933679753432e-06
 2.70113333333333344e+02 2.70800000000000011e+02 5.52726022183040689e-04 1.86461718497404954e-06
 2.70800000000000011e+02 2.71486666666666679e+02 5.56497323267476896e-04 1.82184933227537410e-06
 2.71486666666666679e+02 2.72173333333333346e+02 5.58782049882974234e-04 1.73232204021576452e-06
 2.72173333333333346e+02 2.72860000000000014e+02 5.66141446926411718e-04 1.84310739568630571e-06
 2.72860000000000014e+02 2.73546666666666624e+02 5.66244669572228535e-04 1.74957630939951863e-06
 2.73546666666666624e+02 2.74233333333333348e+02 5.69996358959811442e-04 1.71965325687530466e-06
 2.74233333333333348e+02 2.74919999999999959e+02 5.73252797480027550e-04 1.83144225932937070e-06
 2.74919999999999959e+02 2.75606666666666683e+02 5.80824217884312556e-04 1.71532437532490842e-06
 2.75606666666666683e+02 2.76293333333333294e+02 5.86990608515578004e-04 1.79352905519809401e-06
 2.76293333333333294e+02 2.76980000000000018e+02 5.90787690076108947e-04 1.77346503627479872e-06
 2.76980000000000018e+02 2.77666666666666629e+02 5.94213482384697411e-04 2.46094997537484780e-06
 2.77666666666666629e+02 2.78353333333333353e+02 5.99887561261241054e-04 2.27489538146326063e-06
 2.78353333333333353e+02 2.79039999999999964e+02 6.03251810451319948e-04 1.88083179390198430e-06
 2.79039999999999964e+02 2.79726666666666688e+02 6.06715993457243737e-04 1.75620955555457201e-06
 2.79726666666666688e+02 2.80413333333333298e+02 6.14437943691026919e-04 1.91716876040763652e-06
 2.80413333333333298e+02 2.81100000000000023e+02 6.18330493987201998e-04 1.84135361267890996e-06
 2.81100000000000023e+02 2.81786666666666633e+02 6.22778678604298127e-04 1.92135684910205053e-06
 2.81786666666666633e+02 2.82473333333333358e+02 6.26311865590434020e-04 1.86686947712218323e-06
 2.82473333333333358e+02 2.83159999999999968e+02 6.32876501154869655e-04 1.82185688134785319e-06
 2.83159999999999968e+02 2.83846666666666692e+02 6.35663968968955056e-04 1.81156632532563321e-06
 2.83846666666666692e+02 2.84533333333333303e+02 6.41319610048383883e-04 1.76362259798240518e-06
 2.84533333333333303e+02 2.85220000000000027e+02 6.48561522228423672e-04 1.83927685755881529e-06
 2.85220000000000027e+02 2.85906666666666638e+02 6.51360331711335833e-04 1.89733170949729618e-06
 2.85906666666666638e+02 2.86593333333333362e+02 6.55034222000535227e-04 1.79342025503959238e-06
 2.86593333333333362e+02 2.87279999999999973e+02 6.56650896252804987e-04 1.86176716283757985e-06
 2.87279999999999973e+02 2.87966666666666697e+02 6.66789994654576248e-04 1.84458531118470513e-06
 2.87966666666666697e+02 2.88653333333333308e+02 6.69663852027236120e-04 1.73969187275991497e-06
 2.88653333333333308e+02 2.89340000000000032e+02 6.75027269385162858e-04 1.86159235715865288e-06
 2.89340000000000032e+02 2.90026666666666642e+02 6.82071133043146835e-04 1.83291263999296366e-06
 2.90026666666666642e+02 2.90713333333333367e+02 6.84480286048534800e-04 1.90075715239398666e-06
 2.90713333333333367e+02 2.91399999999999977e+02 6.95674052076451300e-04 2.03182002834341425e-06
 2.91399999999999977e+02 2.92086666666666702e+02 6.95656239260623692e-04 1.94066594330141511e-06
 2.92086666666666702e+02 2.92773333333333312e+02 7.03156191722628036e-04 2.43691083302133944e-06
 2.92773333333333312e+02 2.93460000000000036e+02 7.07542161249508344e-04 1.88358419740122851e-06
 2.93460000000000036e+02 2.94146666666666647e+02 7.12117225291429568e-04 2.07293127786238070e-06
 2.94146666666666647e+02 2.94833333333333371e+02 7.15738568903540972e-04 1.91842037399663445e-06
 2.94833333333333371e+02 2.95519999999999982e+02 7.23357403498167489e-04 1.90049741549698059e-06
 2.95519999999999982e+02 2.96206666666666706e+02 7.30931114403773441e-04 2.13916710309152528e-06
 2.96206666666666706e+02 2.96893333333333317e+02 7.36474404718809447e-04 2.31426116627671589e-06
 2.96893333333333317e+02 2.97580000000000041e+02 7.37887335659450434e-04 1.77865890711109909e-06
 2.97580000000000041e+02 2.98266666666666652e+02 7.49478656482167709e-04 2.28917601095591739e-06
 2.98266666666666652e+02 2.98953333333333376e+02 7.52543314066806248e-04 1.89929558449211496e-06
 2.98953333333333376e+02 2.99639999999999986e+02 7.59672237616862466e-04 2.02478848146291633e-06
 2.99639999999999986e+02 3.00326666666666654e+02 7.64702186599804427e-04 1.88587714756570008e-06
 3.00326666666666654e+02 3.01013333333333321e+02 7.69951858744163616e-04 1.93468817903552232e-06
 3.01013333333333321e+02 3.01699999999999989e+02 7.79529082925837255e-04 1.98850494384620702e-06
 3.01699999999999989e+02 3.02386666666666656e+02 7.78734307096362989e-04 1.93251028184194699e-06
 3.02386666666666656e+02 3.03073333333333323e+02 7.89447307453994100e-04 2.01019309687116596e-06
 3.03073333333333323e+02 3.03759999999999991e+02 7.98431110424091366e-04 2.10083894485393848e-06
 3.03759999999999991e+02 3.04446666666666658e+02 7.97057390708780754e-04 1.86436438053337480e-06
 3.04446666666666658e+02 3.05133333333333326e+02 8.07110604745613926e-04 2.11660994441506929e-06
 3.05133333333333326e+02 3.05819999999999993e+02 8.13281167830168066e-04 1.90426925511448570e-06
 3.05819999999999993e+02 3.06506666666666661e+02 8.15927129659048183e-04 2.23949469158916162e-06
 3.06506666666666661e+02 3.07193333333333328e+02 8.26719826596396864e-04 1.95701407781442365e-06
 3.07193333333333328e+02 3.07879999999999995e+02 8.29471301897290723e-04 2.01320725382423124e-06
 3.07879999999999995e+02 3.08566666666666663e+02 8.38905166872048655e-04 2.14238987176712324e-06
 3.08566666666666663e+02 3.09253333333333330e+02 8.44815815397263661e-04 1.97735377960663150e-06
 3.09253333333333330e+02 3.09939999999999998e+02 8.49830998051736945e-04 2.06349721918752165e-06
 3.09939999999999998e+02 3.10626666666666665e+02 8.56774217186613779e-04 2.25062331282692901e-06
 3.10626666666666665e+02 3.11313333333333333e+02 8.62210595308827055e-04 1.94041994200451618e-06
 3.11313333333333333e+02 3.12000000000000000e+02 8.67888450092487080e-04 3.53581573449474707e-06
 3.12000000000000000e+02 3.12686666666666667e+02 8.76006223389101625e-04 2.04588370283345811e-06
 3.12686666666666667e+02 3.13373333333333335e+02 8.81059036955235755e-04 2.02443999162525850e-06
 3.13373333333333335e+02 3.14060000000000002e+02 8.88786683296628180e-04 2.11460322911028095e-06
 3.14060000000000002e+02 3.14746666666666670e+02 8.94621940786215924e-04 2.17916191472011305e-06
 3.14746666666666670e+02 3.15433333333333337e+02 9.00595585605829039e-04 2.72270256803700157e-06
 3.15433333333333337e+02 3.16120000000000005e+02 9.05919981275391168e-04 2.10802455637463516e-06
 3.16120000000000005e+02 3.16806666666666672e+02 9.17124979613215263e-04 2.15463059169165936e-06
 3.16806666666666672e+02 3.17493333333333339e+02 9.18567143040483229e-04 2.09397278810660222e-06
 3.17493333333333339e+02 3.18180000000000007e+02 9.27602246004885543e-04 2.11730386552257780e-06
 3.18180000000000007e+02 3.18866666666666674e+02 9.31708589748242270e-04 2.29085092679969527e-06
 3.18866666666666674e+02 3.19553333333333342e+02 9.38380390362920751e-04 2.30106629099324670e-06
 3.19553333333333342e+02 3.20240000000000009e+02 9.44109058074750029e-04 2.08669575470003199e-06
 3.20240000000000009e+02 3.20926666666666677e+02 9.51920803014501770e-04 2.23286581673217943e-06
 3.20926666666666677e+02 3.21613333333333344e+02 9.59544560674390162e-04 2.12879471025809214e-06
 3.21613333333333344e+02 3.22300000000000011e+02 9.65233588786167953e-04 2.10219478315018338e-06
 3.22300000000000011e+02 3.22986666666666679e+02 9.70394434613319583e-04 2.06876080436563629e-06
 3.22986666666666679e+02 3.23673333333333346e+02 9.76636726222578078e-04 2.05800211706980016e-06
 3.23673333333333346e+02 3.24360000000000014e+02 9.80003759883244126e-04 2.03157748093839879e-06
 3.24360000000000014e+02 3.25046666666666624e+02 9.91487884620633354e-04 2.56097800936163593e-06
 3.25046666666666624e+02 3.25733333333333348e+02 9.93842655991857612e-04 2.40079824977150160e-06
 3.25733333333333348e+02 3.26419999999999959e+02 9.98835138938784523e-04 2.05095185703009772e-06
 3.26419999999999959e+02 3.27106666666666683e+02 1.00591866812935801e-03 2.10683632753753394e-06
 3.27106666666666683e+02 3.27793333333333294e+02 1.00959120121256701e-03 2.04409694012756693e-06
 3.27793333333333294e+02 3.28480000000000018e+02 1.02173133176626497e-03 2.23485761445795489e-06
 3.28480000000000018e+02 3.29166666666666629e+02 1.02672991245542728e-03 2.39776315576983098e-06
 3.29166666666666629e+02 3.29853333333333353e+02 1.03678613138810660e-03 2.58670804639755863e-06
 3.29853333333333353e+02 3.30539999999999964e+02 1.04053501676850541e-03 2.49392258407561393e-06
 3.30539999999999964e+02 3.31226666666666688e+02 1.04410194860221650e-03 2.34260632983569478e-06
 3.31226666666666688e+02 3.31913333333333298e+02 1.04962138336154101e-03 2.10555940193824083e-06
 3.31913333333333298e+02 3.32600000000000023e+02 1.06004933328036530e-03 3.12444064510507576e-06
 3.32600000000000023e+02 3.33286666666666633e+02 1.06356578326342855e-03 2.28846222343383255e-06
 3.33286666666666633e+02 3.33973333333333358e+02 1.06997411785903006e-03 2.33591690960878945e-06
 3.33973333333333358e+02 3.34659999999999968e+02 1.08223562706601041e-03 2.21970215299947503e-06
 3.34659999999999968e+02 3.35346666666666692e+02 1.08229358066648409e-03 2.18830901428426146e-06
 3.35346666666666692e+02 3.36033333333333303e+02 1.08837620317822257e-03 2.58717543645529146e-06
 3.36033333333333303e+02 3.36720000000000027e+02 1.09336846275327119e-03 2.30415717713460739e-06
 3.36720000000000027e+02 3.37406666666666638e+02 1.09947705427372892e-03 2.15517375465788584e-06
 3.37406666666666638e+02 3.38093333333333362e+02 1.10549545601553627e-03 2.35389486413538681e-06
 3.38093333333333362e+02 3.38779999999999973e+02 1.11960329063647153e-03 2.87236312347321399e-06
 3.38779999999999973e+02 3.39466666666666697e+02 1.11524852214457204e-03 2.13373771461958111e-06
 3.39466666666666697e+02 3.40153333333333308e+02 1.12725752802611090e-03 3.18135665662499135e-06
 3.40153333333333308e+02 3.40840000000000032e+02 1.13217218894544770e-03 2.13703444986903416e-06
 3.40840000000000032e+02 3.41526666666666642e+02 1.13689323339578700e-03 2.18101004818633961e-06
 3.41526666666666642e+02 3.42213333333333367e+02 1.14252678028405681e-03 2.31338688423687278e-06
 3.42213333333333367e+02 3.42899999999999977e+02 1.14488814376321243e-03 2.34241821297173336e-06
 3.42899999999999977e+02 3.43586666666666702e+02 1.15548212264142847e-03 2.32606942549640832e-06
 3.43586666666666702e+02 3.44273333333333312e+02 1.15775409611043275e-03 2.31563959935609146e-06
 3.44273333333333312e+02 3.44960000000000036e+02 1.16955393947623296e-03 2.20968266195562584e-06
 3.44960000000000036e+02 3.45646666666666647e+02 1.17287782633831300e-03 2.42777307806680362e-06
 3.45646666666666647e+02 3.46333333333333371e+02 1.17633287508758224e-03 2.86878176861094866e-06
 3.46333333333333371e+02 3.47019999999999982e+02 1.18385116479411117e-03 2.64803461618343143e-06
 3.47019999999999982e+02 3.47706666666666706e+02 1.18886917416400370e-03 2.16264711129293762e-06
 3.47706666666666706e+02 3.48393333333333317e+02 1.19569039222988021e-03 2.25552374055122446e-06
 3.48393333333333317e+02 3.49080000000000041e+02 1.20354859424734602e-03 3.00753363706215099e-06
 3.49080000000000041e+02 3.49766666666666652e+02 1.20150890815251478e-03 2.27337356798662361e-06
 3.49766666666666652e+02 3.50453333333333376e+02 1.21626426424338769e-03 2.61365562013523094e-06
 3.50453333333333376e+02 3.51139999999999986e+02 1.21814782387704617e-03 2.72945148197110331e-06
 3.51139999999999986e+02 3.51826666666666654e+02 1.22690860539354982e-03 2.76645986336413003e-06
 3.51826666666666654e+02 3.52513333333333321e+02 1.22760585003003865e-03 2.47650766743606431e-06
 3.52513333333333321e+02 3.53199999999999989e+02 1.23788240799833655e-03 2.72575148040274551e-06
 3.53199999999999989e+02 3.53886666666666656e+02 1.24377209504247604e-03 2.26878444185779363e-06
 3.53886666666666656e+02 3.54573333333333323e+02 1.24716766947928991e-03 2.31837896603863555e-06
 3.54573333333333323e+02 3.55259999999999991e+02 1.25327947709804612e-03 2.28528326865207077e-06
 3.55259999999999991e+02 3.55946666666666658e+02 1.25739725504842872e-03 2.19688365916416451e-06
 3.55946666666666658e+02 3.56633333333333326e+02 1.26828643734634250e-03 2.54850227324221068e-06
 3.56633333333333326e+02 3.57319999999999993e+02 1.26681383271387039e-03 2.37068325264123765e-06
 3.57319999999999993e+02 3.58006666666666661e+02 1.27581122203306377e-03 4.18232685079666281e-06
 3.58006666666666661e+02 3.58693333333333328e+02 1.28407146921116484e-03 3.15627264449108179e-06
 3.58693333333333328e+02 3.59379999999999995e+02 1.28398180128253708e-03 2.36656684943049629e-06
 3.59379999999999995e+02 3.60066666666666663e+02 1.28572492890943182e-03 2.48516955980056064e-06
 3.60066666666666663e+02 3.60753333333333330e+02 1.29679119842326788e-03 2.70474041415957082e-06
 3.60753333333333330e+02 3.61439999999999998e+02 1.29971016364748004e-03 2.39468125035220401e-06
 3.61439999999999998e+02 3.62126666666666665e+02 1.30778821476736388e-03 2.39686999102624697e-06
 3.62126666666666665e+02 3.62813333333333333e+02 1.31450853871555745e-03 3.15213021739309199e-06
 3.62813333333333333e+02 3.63500000000000000e+02 1.31342553582618204e-03 2.31458079005273820e-06
 3.63500000000000000e+02 3.64186666666666667e+02 1.31952403984477752e-03 2.46174893778729895e-06
 3.64186666666666667e+02 3.64873333333333335e+02 1.32692872830357370e-03 3.08525292410994725e-06
 3.64873333333333335e+02 3.65560000000000002e+02 1.33391403410957916e-03 4.18564116194508540e-06
 3.65560000000000002e+02 3.66246666666666670e+02 1.33763182051624581e-03 2.98072627061989588e-06
 3.66246666666666670e+02 3.66933333333333337e+02 1.34109378048213618e-03 3.07183994445601037e-06
 3.66933333333333337e+02 3.67620000000000005e+02 1.34953011189014606e-03 2.75442996239565533e-06
 3.67620000000000005e+02 3.68306666666666672e+02 1.34942265518907863e-03 2.34795227128311143e-06
 3.68306666666666672e+02 3.68993333333333339e+02 1.35733722723170298e-03 2.64176156758449411e-06
 3.68993333333333339e+02 3.69680000000000007e+02 1.35799621929451027e-03 2.66423808467490772e-06
 3.69680000000000007e+02 3.70366666666666674e+02 1.36634808551045449e-03 3.09347255621687991e-06
 3.70366666666666674e+02 3.71053333333333342e+02 1.37161864180558634e-03 2.62398450213734268e-06
 3.71053333333333342e+02 3.71740000000000009e+02 1.37390570026586778e-03 2.56944346658471556e-06
 3.71740000000000009e+02 3.72426666666666677e+02 1.37121625542537180e-03 2.43008257369554283e-06
 3.72426666666666677e+02 3.73113333333333344e+02 1.37923641178744425e-03 3.33647161290540124e-06
 3.73113333333333344e+02 3.73800000000000011e+02 1.38797662235208650e-03 3.31942607145597282e-06
 3.73800000000000011e+02 3.74486666666666679e+02 1.38974403438382895e-03 2.56174562762045586e-06
 3.74486666666666679e+02 3.75173333333333346e+02 1.39597598205900382e-03 2.60071318995209407e-06
 3.75173333333333346e+02 3.75860000000000014e+02 1.39332514510285329e-03 2.78176118212752356e-06
 3.75860000000000014e+02 3.76546666666666681e+02 1.39581717000482070e-03 2.56670263239584575e-06
 3.76546666666666681e+02 3.77233333333333348e+02 1.40284293508858844e-03 2.48831294031880573e-06
 3.77233333333333348e+02 3.77920000000000016e+02 1.40585081133664429e-03 2.65210507890040786e-06
 3.77920000000000016e+02 3.78606666666666683e+02 1.40791266254484092e-03 2.73349856091837856e-06
 3.78606666666666683e+02 3.79293333333333351e+02 1.41510648467356383e-03 2.95012315113284372e-06
 3.79293333333333351e+02 3.79980000000000018e+02 1.42037138242499285e-03 3.66649065829583786e-06
 3.79980000000000018e+02 3.80666666666666686e+02 1.41655315596245462e-03 2.81469814747075473e-06
 3.80666666666666686e+02 3.81353333333333353e+02 1.42367995641506061e-03 2.73828029251814210e-06
 3.81353333333333353e+02 3.82040000000000020e+02 1.42989995751001083e-03 2.84280906666826641e-06
 3.82040000000000020e+02 3.82726666666666688e+02 1.43187377494023087e-03 2.68412112609856969e-06
 3.82726666666666688e+02 3.83413333333333355e+02 1.42937860966967328e-03 3.25679850352651194e-06
 3.83413333333333355e+02 3.84100000000000023e+02 1.43371937174367010e-03 2.73473647751783859e-06
 3.84100000000000023e+02 3.84786666666666690e+02 1.44161838838236639e-03 2.90116690960961765e-06
 3.84786666666666690e+02 3.85473333333333358e+02 1.43571635048313673e-03 2.51941551612698541e-06
 3.85473333333333358e+02 3.86160000000000025e+02 1.44025561780061978e-03 2.90353109747694971e-06
 3.86160000000000025e+02 3.86846666666666692e+02 1.44172543631610525e-03 3.67917391476195515e-06
 3.86846666666666692e+02 3.87533333333333360e+02 1.44297970617047024e-03 3.42350180053633204e-06
 3.87533333333333360e+02 3.88220000000000027e+02 1.44673618450832063e-03 2.79594030707435931e-06
 3.88220000000000027e+02 3.88906666666666695e+02 1.44283127373188210e-03 2.55412092882255913e-06
 3.88906666666666695e+02 3.89593333333333305e+02 1.44633714880877955e-03 3.04722464005605478e-06
 3.89593333333333305e+02 3.90279999999999973e+02 1.44627813072113840e-03 3.18052061646051880e-06
 3.90279999999999973e+02 3.90966666666666640e+02 1.44481162501223321e-03 3.53140526095035043e-06
 3.90966666666666640e+02 3.91653333333333308e+02 1.44705355973269553e-03 2.81008652508794079e-06
 3.91653333333333308e+02 3.92339999999999975e+02 1.44038041944319112e-03 2.63638835686276699e-06
 3.92339999999999975e+02 3.93026666666666642e+02 1.44270353105021708e-03 2.60797923029317726e-06
 3.93026666666666642e+02 3.93713333333333310e+02 1.43974693702425180e-03 2.78878143643344273e-06
 3.93713333333333310e+02 3.94399999999999977e+02 1.43788397489571368e-03 3.13934144723388597e-06
 3.94399999999999977e+02 3.95086666666666645e+02 1.43853659816520966e-03 3.35992675094473826e-06
 3.95086666666666645e+02 3.95773333333333312e+02 1.42962228653324458e-03 3.33181394309034399e-06
 3.95773333333333312e+02 3.96459999999999980e+02 1.42853158680956408e-03 3.15539308387392275e-06
 3.96459999999999980e+02 3.97146666666666647e+02 1.42369571393282843e-03 4.22687422462109095e-06
 3.97146666666666647e+02 3.97833333333333314e+02 1.40837249896776247e-03 2.63860943758935987e-06
 3.97833333333333314e+02 3.98519999999999982e+02 1.40372690471630870e-03 3.33258970828575674e-06
 3.98519999999999982e+02 3.99206666666666649e+02 1.40696343369262327e-03 4.44098893892073987e-06
 3.99206666666666649e+02 3.99893333333333317e+02 1.39956764625440611e-03 4.02555344206023541e-06
 3.99893333333333317e+02 4.00579999999999984e+02 1.38648914774489344e-03 3.41673331321186102e-06
 4.00579999999999984e+02 4.01266666666666652e+02 1.38363711947318748e-03 3.36014364835036815e-06
 4.01266666666666652e+02 4.01953333333333319e+02 1.37469819880500560e-03 2.57630179290287100e-06
 4.01953333333333319e+02 4.02639999999999986e+02 1.37153135211341812e-03 3.29422292395887601e-06
 4.02639999999999986e+02 4.03326666666666654e+02 1.36796324219729589e-03 3.34160528425223414e-06
 4.03326666666666654e+02 4.04013333333333321e+02 1.35653333351894796e-03 2.61758723281503458e-06
 4.04013333333333321e+02 4.04699999999999989e+02 1.35533550720597236e-03 2.91578653735582358e-06
 4.04699999999999989e+02 4.05386666666666656e+02 1.34802758721615018e-03 2.97885930580826346e-06
 4.05386666666666656e+02 4.06073333333333323e+02 1.35273459347696762e-03 3.49085419149000206e-06
 4.06073333333333323e+02 4.06759999999999991e+02 1.35171915427894696e-03 2.90018948024474567e-06
 4.06759999999999991e+02 4.07446666666666658e+02 1.34843045225125345e-03 3.00288519847811025e-06
 4.07446666666666658e+02 4.08133333333333326e+02 1.33741083635955152e-03 2.88632577293617904e-06
 4.08133333333333326e+02 4.08819999999999993e+02 1.34097692510736703e-03 3.12078582411168476e-06
 4.08819999999999993e+02 4.09506666666666661e+02 1.33338064547003474e-03 2.71197869486426588e-06
 4.09506666666666661e+02 4.10193333333333328e+02 1.32821780181197643e-03 2.55204831868175694e-06
 4.10193333333333328e+02 4.10879999999999995e+02 1.32933388139722759e-03 2.63993702693135314e-06
 4.10879999999999995e+02 4.11566666666666663e+02 1.32801954325265895e-03 2.54823490526372530e-06
 4.11566666666666663e+02 4.12253333333333330e+02 1.32481864959863613e-03 2.78976095725826214e-06
 4.12253333333333330e+02 4.12939999999999998e+02 1.32863209231536103e-03 2.98961354578985996e-06
 4.12939999999999998e+02 4.13626666666666665e+02 1.32820411069841651e-03 4.16731843907964775e-06
 4.13626666666666665e+02 4.14313333333333333e+02 1.31861100452820910e-03 2.95485216686373918e-06
 4.14313333333333333e+02 4.15000000000000000e+02 1.31763680201159739e-03 2.98800239438998585e-06
 4.15000000000000000e+02 4.15686666666666667e+02 1.31062308125205968e-03 2.57437970222229123e-06
 4.15686666666666667e+02 4.16373333333333335e+02 1.31685267544043175e-03 2.65855512385926092e-06
 4.16373333333333335e+02 4.17060000000000002e+02 1.30988862990833268e-03 2.73382655831047820e-06
 4.17060000000000002e+02 4.17746666666666670e+02 1.30806480942666551e-03 2.59358306063896650e-06
 4.17746666666666670e+02 4.18433333333333337e+02 1.31234708480695980e-03 2.66658432891537995e-06
 4.18433333333333337e+02 4.19120000000000005e+02 1.30298818262347032e-03 3.11298409318402330e-06
 4.19120000000000005e+02 4.19806666666666672e+02 1.29988330050695932e-03 2.76310903220823670e-06
 4.19806666666666672e+02 4.20493333333333339e+02 1.30158207892422883e-03 2.94665844125825273e-06
 4.20493333333333339e+02 4.21180000000000007e+02 1.30185310320725433e-03 2.74683880009509029e-06
 4.21180000000000007e+02 4.21866666666666674e+02 1.30172101876782696e-03 3.29248562787463763e-06
 4.21866666666666674e+02 4.22553333333333342e+02 1.29558712413809516e-03 2.80531645653786892e-06
 4.22553333333333342e+02 4.23240000000000009e+02 1.29221398611761786e-03 2.69511584121566095e-06
 4.23240000000000009e+02 4.23926666666666677e+02 1.28958794519213877e-03 2.62969390644289375e-06
 4.23926666666666677e+02 4.24613333333333344e+02 1.29350598373091825e-03 2.67810227700156652e-06
 4.24613333333333344e+02 4.25300000000000011e+02 1.28716342393871814e-03 3.13838776992797699e-06
 4.25300000000000011e+02 4.25986666666666679e+02 1.28071852309748148e-03 2.79859595336910076e-06
 4.25986666666666679e+02 4.26673333333333346e+02 1.28355871293937417e-03 3.32062909672947336e-06
 4.26673333333333346e+02 4.27360000000000014e+02 1.27550203714682227e-03 2.62608622283423760e-06
 4.27360000000000014e+02 4.28046666666666681e+02 1.27968631687317498e-03 2.68048794307752214e-06
 4.28046666666666681e+02 4.28733333333333348e+02 1.27376260583274498e-03 2.59317686942425917e-06
 4.28733333333333348e+02 4.29420000000000016e+02 1.27284968274897275e-03 4.78596764049110624e-06
 4.29420000000000016e+02 4.30106666666666683e+02 1.27151984885037999e-03 2.85823379010313555e-06
 4.30106666666666683e+02 4.30793333333333351e+02 1.26893727853282868e-03 2.81666811945390901e-06
 4.30793333333333351e+02 4.31480000000000018e+02 1.26441378019583875e-03 2.77869772530333719e-06
 4.31480000000000018e+02 4.32166666666666686e+02 1.26001516178702927e-03 2.76357529325766758e-06
 4.32166666666666686e+02 4.32853333333333353e+02 1.25648098794849962e-03 2.63787351635855311e-06
 4.32853333333333353e+02 4.33540000000000020e+02 1.25572586981834589e-03 2.85493001428472950e-06
 4.33540000000000020e+02 4.34226666666666688e+02 1.25882665042210658e-03 2.95638963306366952e-06
 4.34226666666666688e+02 4.34913333333333355e+02 1.25693120804309401e-03 2.61393870576811847e-06
 4.34913333333333355e+02 4.35600000000000023e+02 1.24271463810471101e-03 2.56105652198479742e-06
 4.35600000000000023e+02 4.36286666666666690e+02 1.24876256778566944e-03 2.79712244202708490e-06
 4.36286666666666690e+02 4.36973333333333358e+02 1.24181766853928045e-03 2.81463155767196705e-06
 4.36973333333333358e+02 4.37660000000000025e+02 1.24130025109480020e-03 3.03464530241772143e-06
 4.37660000000000025e+02 4.38346666666666692e+02 1.23913596896968112e-03 2.89285981678330706e-06
 4.38346666666666692e+02 4.39033333333333360e+02 1.23725354884560374e-03 2.72127066273772947e-06
 4.39033333333333360e+02 4.39720000000000027e+02 1.23220241210323625e-03 2.82648251928104952e-06
 4.39720000000000027e+02 4.40406666666666695e+02 1.22759207892878062e-03 2.57827289412539823e-06
 4.40406666666666695e+02 4.41093333333333305e+02 1.22876358319681778e-03 2.70200025038902400e-06
 4.41093333333333305e+02 4.41779999999999973e+02 1.22357028152123059e-03 3.21522287566673967e-06
 4.41779999999999973e+02 4.42466666666666640e+02 1.22117957224595329e-03 2.90344322255671950e-06
 4.42466666666666640e+02 4.43153333333333308e+02 1.21670915550345870e-03 2.78479962720959875e-06
 4.43153333333333308e+02 4.43839999999999975e+02 1.21068741134952411e-03 2.86011428794177590e-06
 4.43839999999999975e+02 4.44526666666666642e+02 1.20584383056976190e-03 2.67141166608822031e-06
 4.44526666666666642e+02 4.45213333333333310e+02 1.20400502905540930e-03 2.93161991910318467e-06
 4.45213333333333310e+02 4.45899999999999977e+02 1.20149483822354504e-03 2.99516917459635854e-06
 4.45899999999999977e+02 4.46586666666666645e+02 1.19961774872421288e-03 2.86977404332647953e-06
 4.46586666666666645e+02 4.47273333333333312e+02 1.19576357617170266e-03 2.91635120028359992e-06
 4.47273333333333312e+02 4.47959999999999980e+02 1.19078207215328534e-03 3.19875348386957430e-06
 4.47959999999999980e+02 4.48646666666666647e+02 1.18161585763010691e-03 3.35940469569247671e-06
 4.48646666666666647e+02 4.49333333333333314e+02 1.17499099005920942e-03 2.79315126227944826e-06
 4.49333333333333314e+02 4.50019999999999982e+02 1.17467111944696096e-03 2.91454166148281051e-06
 4.50019999999999982e+02 4.50706666666666649e+02 1.16608234955603639e-03 2.77005671247672248e-06
 4.50706666666666649e+02 4.51393333333333317e+02 1.16842313211222744e-03 3.14094725988868821e-06
 4.51393333333333317e+02 4.52079999999999984e+02 1.15809046061905079e-03 3.45268679138950306e-06
 4.52079999999999984e+02 4.52766666666666652e+02 1.15239775571361809e-03 2.67595888702635916e-06
 4.52766666666666652e+02 4.53453333333333319e+02 1.14253392781986482e-03 2.74712851175627941e-06
 4.53453333333333319e+02 4.54139999999999986e+02 1.13870194943553626e-03 3.23917276218729542e-06
 4.54139999999999986e+02 4.54826666666666654e+02 1.12957213401326806e-03 3.06813208550237284e-06
 4.54826666666666654e+02 4.55513333333333321e+02 1.13012935991546213e-03 2.80343168630211387e-06
 4.55513333333333321e+02 4.56199999999999989e+02 1.12530992400397913e-03 2.96405603718418668e-06
 4.56199999999999989e+02 4.56886666666666656e+02 1.11503832994123194e-03 3.30311198871601267e-06
 4.56886666666666656e+02 4.57573333333333323e+02 1.10993928891886854e-03 4.30288044542555531e-06
 4.57573333333333323e+02 4.58259999999999991e+02 1.09841385609813608e-03 2.76867814801950102e-06
 4.58259999999999991e+02 4.58946666666666658e+02 1.09534626951590013e-03 2.72668603223657866e-06
 4.58946666666666658e+02 4.59633333333333326e+02 1.09283176699660474e-03 2.80206819386186572e-06
 4.59633333333333326e+02 4.60319999999999993e+02 1.08019098553840346e-03 2.71353074946058051e-06
 4.60319999999999993e+02 4.61006666666666661e+02 1.07502581947788102e-03 2.94895799866557938e-06
 4.61006666666666661e+02 4.61693333333333328e+02 1.07041083766446746e-03 3.04743787612806291e-06
 4.61693333333333328e+02 4.62379999999999995e+02 1.05832460569952225e-03 3.43669010501985324e-06
 4.62379999999999995e+02 4.63066666666666663e+02 1.05330365914692845e-03 2.96827108537169591e-06
 4.63066666666666663e+02 4.63753333333333330e+02 1.04270883434818347e-03 3.40005352581180838e-06
 4.63753333333333330e+02 4.64439999999999998e+02 1.03516086802321345e-03 2.79540400543027111e-06
 4.64439999999999998e+02 4.65126666666666665e+02 1.02974079595199563e-03 3.08017743830131743e-06
 4.65126666666666665e+02 4.65813333333333333e+02 1.01806506514857519e-03 3.18124632767649827e-06
 4.65813333333333333e+02 4.66500000000000000e+02 1.00364042264635138e-03 2.87533407272264802e-06
 4.66500000000000000e+02 4.67186666666666667e+02 9.92902353405682907e-04 3.31351486560064180e-06
 4.67186666666666667e+02 4.67873333333333335e+02 9.74970090499144445e-04 2.76877541495191853e-06
 4.67873333333333335e+02 4.68560000000000002e+02 9.73988959860368664e-04 4.37073504786404572e-06
 4.68560000000000002e+02 4.69246666666666670e+02 9.50764775472180386e-04 3.11309266668222381e-06
 4.69246666666666670e+02 4.69933333333333337e+02 9.40570924681769578e-04 3.33486711122539786e-06
 4.69933333333333337e+02 4.70620000000000005e+02 9.16487398876845191e-04 3.05875355740433523e-06
 4.70620000000000005e+02 4.71306666666666672e+02 9.03669956899332406e-04 3.28979415346811626e-06
 4.71306666666666672e+02 4.71993333333333339e+02 8.84289588203471299e-04 2.88697403919227479e-06
 4.71993333333333339e+02 4.72680000000000007e+02 8.63044523022078107e-04 2.61108222040482178e-06
 4.72680000000000007e+02 4.73366666666666674e+02 8.47884928906928836e-04 3.02473203723520716e-06
 4.73366666666666674e+02 4.74053333333333342e+02 8.23603719181431864e-04 4.16479477998708321e-06
 4.74053333333333342e+02 4.74740000000000009e+02 7.96053660329863614e-04 2.51909147682801298e-06
 4.74740000000000009e+02 4.75426666666666677e+02 7.65710299468203882e-04 2.60935019770571061e-06
 4.75426666666666677e+02 4.76113333333333344e+02 7.42147902441180995e-04 3.03241818317491227e-06
 4.76113333333333344e+02 4.76800000000000011e+02 7.16191786830236952e-04 3.47035661846874615e-06
 4.76800000000000011e+02 4.77486666666666679e+02 6.81816344416590970e-04 3.36578263248596792e-06
 4.77486666666666679e+02 4.78173333333333346e+02 6.49060965628728260e-04 4.11398056175309024e-06
 4.78173333333333346e+02 4.78860000000000014e+02 6.09754056085465485e-04 2.32852558061138019e-06
 4.78860000000000014e+02 4.79546666666666681e+02 5.73787967748099403e-04 2.38588130374238069e-06
 4.79546666666666681e+02 4.80233333333333348e+02 5.39284930690261195e-04 3.34077189048703732e-06
 4.80233333333333348e+02 4.80920000000000016e+02 4.94411539932590981e-04 2.08236306695960810e-06
 4.80920000000000016e+02 4.81606666666666683e+02 4.62775113872611115e-04 4.31498916391093052e-06
 4.81606666666666683e+02 4.82293333333333351e+02 4.14638837633941914e-04 4.17656803817068080e-06
 4.82293333333333351e+02 4.82980000000000018e+02 3.68552473778366546e-04 2.06324152094240743e-06
 4.82980000000000018e+02 4.83666666666666686e+02 3.17688022201110848e-04 1.69098829474381635e-06
 4.83666666666666686e+02 4.84353333333333353e+02 2.67792766603834164e-04 1.52182663411121144e-06
 4.84353333333333353e+02 4.85040000000000020e+02 2.23098233172494358e-04 3.21359287889029624e-06
 4.85040000000000020e+02 4.85726666666666688e+02 1.65785187728159541e-04 1.22937344929574893e-06
 4.85726666666666688e+02 4.86413333333333355e+02 1.13438776510555163e-04 1.02124175594352082e-06
 4.86413333333333355e+02 4.87100000000000023e+02 6.75840810562370215e-05 2.51548349066281168e-06
 4.87100000000000023e+02 4.87786666666666690e+02 2.37722347465422854e-05 4.33759549014652922e-07
 4.87786666666666690e+02 4.88473333333333358e+02 1.95648573174093682e-06 1.07458271330122540e-07
 4.88473333333333358e+02 4.89160000000000025e+02 0.00000000000000000e+00 0.00000000000000000e+00
 4.89160000000000025e+02 4.89846666666666692e+02 0.00000000000000000e+00 0.00000000000000000e+00
 4.89846666666666692e+02 4.90533333333333360e+02 0.00000000000000000e+00 0.00000000000000000e+00
 4.90533333333333360e+02 4.91220000000000027e+02 0.00000000000000000e+00 0.00000000000000000e+00
 4.91220000000000027e+02 4.91906666666666695e+02 0.00000000000000000e+00 0.00000000000000000e+00
 4.91906666666666695e+02 4.92593333333333305e+02 0.00000000000000000e+00 0.00000000000000000e+00
 4.92593333333333305e+02 4.93279999999999973e+02 0.00000000000000000e+00 0.00000000000000000e+00
 4.93279999999999973e+02 4.93966666666666640e+02 0.00000000000000000e+00 0.00000000000000000e+00
 4.93966666666666640e+02 4.94653333333333308e+02 0.00000000000000000e+00 0.00000000000000000e+00
 4.94653333333333308e+02 4.95339999999999975e+02 0.00000000000000000e+00 0.00000000000000000e+00
 4.95339999999999975e+02 4.96026666666666642e+02 0.00000000000000000e+00 0.00000000000000000e+00
 4.96026666666666642e+02 4.96713333333333310e+02 0.00000000000000000e+00 0.00000000000000000e+00
 4.96713333333333310e+02 4.97399999999999977e+02 0.00000000000000000e+00 0.00000000000000000e+00
 4.97399999999999977e+02 4.98086666666666645e+02 0.00000000000000000e+00 0.00000000000000000e+00
 4.98086666666666645e+02 4.98773333333333312e+02 0.00000000000000000e+00 0.00000000000000000e+00
 4.98773333333333312e+02 4.99459999999999980e+02 0.00000000000000000e+00 0.00000000000000000e+00
 4.99459999999999980e+02 5.00146666666666647e+02 0.00000000000000000e+00 0.00000000000000000e+00
 5.00146666666666647e+02 5.00833333333333314e+02 0.00000000000000000e+00 0.00000000000000000e+00
 5.00833333333333314e+02 5.01519999999999982e+02 0.00000000000000000e+00 0.00000000000000000e+00
 5.01519999999999982e+02 5.02206666666666649e+02 0.00000000000000000e+00 0.00000000000000000e+00
 5.02206666666666649e+02 5.02893333333333317e+02 0.00000000000000000e+00 0.00000000000000000e+00
 5.02893333333333317e+02 5.03579999999999984e+02 0.00000000000000000e+00 0.00000000000000000e+00
 5.03579999999999984e+02 5.04266666666666652e+02 0.00000000000000000e+00 0.00000000000000000e+00
 5.04266666666666652e+02 5.04953333333333319e+02 0.00000000000000000e+00 0.00000000000000000e+00
 5.04953333333333319e+02 5.05639999999999986e+02 0.00000000000000000e+00 0.00000000000000000e+00
 5.05639999999999986e+02 5.06326666666666654e+02 0.00000000000000000e+00 0.00000000000000000e+00
 5.06326666666666654e+02 5.07013333333333321e+02 0.00000000000000000e+00 0.00000000000000000e+00
 5.07013333333333321e+02 5.07699999999999989e+02 0.00000000000000000e+00 0.00000000000000000e+00
 5.07699999999999989e+02 5.08386666666666656e+02 0.00000000000000000e+00 0.00000000000000000e+00
 5.08386666666666656e+02 5.09073333333333323e+02 0.00000000000000000e+00 0.00000000000000000e+00
 5.09073333333333323e+02 5.09759999999999991e+02 0.00000000000000000e+00 0.00000000000000000e+00
 5.09759999999999991e+02 5.10446666666666658e+02 0.00000000000000000e+00 0.00000000000000000e+00
 5.10446666666666658e+02 5.11133333333333326e+02 0.00000000000000000e+00 0.00000000000000000e+00
 5.11133333333333326e+02 5.11819999999999993e+02 0.00000000000000000e+00 0.00000000000000000e+00
 5.11819999999999993e+02 5.12506666666666661e+02 0.00000000000000000e+00 0.00000000000000000e+00
 5.12506666666666661e+02 5.13193333333333385e+02 0.00000000000000000e+00 0.00000000000000000e+00
 5.13193333333333385e+02 5.13879999999999995e+02 0.00000000000000000e+00 0.00000000000000000e+00
 5.13879999999999995e+02 5.14566666666666606e+02 0.00000000000000000e+00 0.00000000000000000e+00
 5.14566666666666606e+02 5.15253333333333330e+02 0.00000000000000000e+00 0.00000000000000000e+00
 5.15253333333333330e+02 5.15940000000000055e+02 0.00000000000000000e+00 0.00000000000000000e+00
 5.15940000000000055e+02 5.16626666666666665e+02 0.00000000000000000e+00 0.00000000000000000e+00
 5.16626666666666665e+02 5.17313333333333276e+02 0.00000000000000000e+00 0.00000000000000000e+00
 5.17313333333333276e+02 5.18000000000000000e+02 0.00000000000000000e+00 0.00000000000000000e+00

Histogram:lpp-
 1.06000000000000000e+02 1.06686666666666667e+02 0.00000000000000000e+00 0.00000000000000000e+00
 1.06686666666666667e+02 1.07373333333333335e+02 0.00000000000000000e+00 0.00000000000000000e+00
 1.07373333333333335e+02 1.08060000000000002e+02 3.06681329359944316e-07 6.22691247930901964e-08
 1.08060000000000002e+02 1.08746666666666670e+02 6.99596922884924750e-07 1.09495691486164639e-07
 1.08746666666666670e+02 1.09433333333333337e+02 1.11048065375630769e-06 1.24514511573929329e-07
 1.09433333333333337e+02 1.10120000000000005e+02 1.56066232578881507e-06 1.44953873597410622e-07
 1.10120000000000005e+02 1.10806666666666672e+02 1.59971336928215834e-06 1.48994787616534543e-07
 1.10806666666666672e+02 1.11493333333333339e+02 2.48209456393281006e-06 2.52212934968803312e-07
 1.11493333333333339e+02 1.12180000000000007e+02 2.33000368420458297e-06 1.80846408962320829e-07
 1.12180000000000007e+02 1.12866666666666660e+02 3.23568882598024138e-06 2.28899554884601203e-07
 1.12866666666666660e+02 1.13553333333333327e+02 3.62761068226453157e-06 2.30205622008253379e-07
 1.13553333333333327e+02 1.14239999999999995e+02 4.20784752422161409e-06 2.65007245353106675e-07
 1.14239999999999995e+02 1.14926666666666662e+02 4.04912986004150908e-06 2.24959178819354591e-07
 1.14926666666666662e+02 1.15613333333333330e+02 5.09714385013053149e-06 3.39505043392879575e-07
 1.15613333333333330e+02 1.16299999999999997e+02 5.37950853025067023e-06 2.84013020197608879e-07
 1.16299999999999997e+02 1.16986666666666665e+02 5.37590923503995306e-06 2.81509579897963654e-07
 1.16986666666666665e+02 1.17673333333333332e+02 6.50490154800414313e-06 3.36458711487779824e-07
 1.17673333333333332e+02 1.18359999999999999e+02 7.04410351361015210e-06 3.27112286970201229e-07
 1.18359999999999999e+02 1.19046666666666667e+02 7.09610425880924057e-06 3.21763258336836155e-07
 1.19046666666666667e+02 1.19733333333333334e+02 7.24526855071181807e-06 3.03959268970428623e-07
 1.19733333333333334e+02 1.20420000000000002e+02 8.49301363708084767e-06 4.48051202260705053e-07
 1.20420000000000002e+02 1.21106666666666669e+02 8.46154731638970325e-06 4.84461187016933250e-07
 1.21106666666666669e+02 1.21793333333333337e+02 8.65435222211340776e-06 3.65912246420133338e-07
 1.21793333333333337e+02 1.22480000000000004e+02 9.48894281013123502e-06 3.57313149009874501e-07
 1.22480000000000004e+02 1.23166666666666671e+02 1.00932038412658811e-05 5.00582097480002861e-07
 1.23166666666666671e+02 1.23853333333333325e+02 1.15958770440253512e-05 5.26519394779689385e-07
 1.23853333333333325e+02 1.24539999999999992e+02 1.19197024955123421e-05 5.61982233663122408e-07
 1.24539999999999992e+02 1.25226666666666659e+02 1.09390453232790211e-05 3.67161882761651667e-07
 1.25226666666666659e+02 1.25913333333333327e+02 1.21735749839651324e-05 4.22765472768726769e-07
 1.25913333333333327e+02 1.26599999999999994e+02 1.23999245078944216e-05 4.13330006949840702e-07
 1.26599999999999994e+02 1.27286666666666662e+02 1.34329571543387736e-05 5.29222170410247604e-07
 1.27286666666666662e+02 1.27973333333333329e+02 1.45255585865188117e-05 4.70512545046515731e-07
 1.27973333333333329e+02 1.28659999999999997e+02 1.57820410225294309e-05 1.04498374439616605e-06
 1.28659999999999997e+02 1.29346666666666664e+02 1.52847455606950512e-05 6.77883866302230065e-07
 1.29346666666666664e+02 1.30033333333333331e+02 1.56689394665828796e-05 4.85636842553038802e-07
 1.30033333333333331e+02 1.30719999999999999e+02 1.63021301938363374e-05 5.48535761026561090e-07
 1.30719999999999999e+02 1.31406666666666666e+02 1.57988060790602985e-05 4.51440229946177526e-07
 1.31406666666666666e+02 1.32093333333333334e+02 1.75588218417375440e-05 5.17941141165778325e-07
 1.32093333333333334e+02 1.32780000000000001e+02 1.75219514079250452e-05 6.39090326664820813e-07
 1.32780000000000001e+02 1.33466666666666669e+02 1.87342848116406792e-05 5.17727455742331202e-07
 1.33466666666666669e+02 1.34153333333333336e+02 1.90124242834792169e-05 5.53058660875208665e-07
 1.34153333333333336e+02 1.34840000000000003e+02 1.97263085735070720e-05 5.11867474978690546e-07
 1.34840000000000003e+02 1.35526666666666671e+02 2.05921907544733052e-05 6.01480475379734703e-07
 1.35526666666666671e+02 1.36213333333333338e+02 2.12561400139167961e-05 5.37894810056571411e-07
 1.36213333333333338e+02 1.36900000000000006e+02 2.09431362729717269e-05 5.51600745009585017e-07
 1.36900000000000006e+02 1.37586666666666673e+02 2.19323890108186811e-05 5.37860787549542505e-07
 1.37586666666666673e+02 1.38273333333333341e+02 2.35264560060346952e-05 5.79799193165131271e-07
 1.38273333333333341e+02 1.38960000000000008e+02 2.40180437038109960e-05 6.06643408677177813e-07
 1.38960000000000008e+02 1.39646666666666675e+02 2.39071056644295274e-05 7.02385845291767534e-07
 1.39646666666666675e+02 1.40333333333333343e+02 2.57240371927876745e-05 8.91873991626826698e-07
 1.40333333333333343e+02 1.41020000000000010e+02 2.49871537434724918e-05 5.73251304997927466e-07
 1.41020000000000010e+02 1.41706666666666649e+02 2.49994324456521728e-05 5.65159590123979320e-07
 1.41706666666666649e+02 1.42393333333333317e+02 2.54788503339581733e-05 5.51284732108693713e-07
 1.42393333333333317e+02 1.43079999999999984e+02 2.75798409580136494e-05 6.35428549098245019e-07
 1.43079999999999984e+02 1.43766666666666652e+02 2.87994073785768051e-05 6.41138669128275912e-07
 1.43766666666666652e+02 1.44453333333333319e+02 2.85747824738535007e-05 6.25007443470474232e-07
 1.44453333333333319e+02 1.45139999999999986e+02 3.03654936594648703e-05 6.12694660763146595e-07
 1.45139999999999986e+02 1.45826666666666654e+02 3.14595058869127556e-05 7.09176151135235072e-07
 1.45826666666666654e+02 1.46513333333333321e+02 3.13309834506025973e-05 6.26299115156721751e-07
 1.46513333333333321e+02 1.47199999999999989e+02 3.10307037936476818e-05 6.06260195786741509e-07
 1.47199999999999989e+02 1.47886666666666656e+02 3.21666711757460200e-05 7.13515004052310460e-07
 1.47886666666666656e+02 1.48573333333333323e+02 3.39716242938348866e-05 7.54598614463509342e-07
 1.48573333333333323e+02 1.49259999999999991e+02 3.56627385631110445e-05 9.34932336029442255e-07
 1.49259999999999991e+02 1.49946666666666658e+02 3.46746531164408671e-05 7.47757967026891977e-07
 1.49946666666666658e+02 1.50633333333333326e+02 3.80432589722607043e-05 1.97442866796079330e-06
 1.50633333333333326e+02 1.51319999999999993e+02 3.59189513156545515e-05 6.53658940727827788e-07
 1.51319999999999993e+02 1.52006666666666661e+02 3.69115542214807740e-05 6.74775638690113229e-07
 1.52006666666666661e+02 1.52693333333333328e+02 3.91282050034049263e-05 1.36804426986291337e-06
 1.52693333333333328e+02 1.53379999999999995e+02 3.75295944554802216e-05 7.24851724921766389e-07
 1.53379999999999995e+02 1.54066666666666663e+02 3.95355576469473230e-05 7.14547587209170377e-07
 1.54066666666666663e+02 1.54753333333333330e+02 3.89407977279784042e-05 7.48002986965333175e-07
 1.54753333333333330e+02 1.55439999999999998e+02 4.07018268779713965e-05 7.09044281339903224e-07
 1.55439999999999998e+02 1.56126666666666665e+02 4.15120153426063341e-05 7.92685877474263447e-07
 1.56126666666666665e+02 1.56813333333333333e+02 4.20073440097701393e-05 7.66076642289101593e-07
 1.56813333333333333e+02 1.57500000000000000e+02 4.27832466013821234e-05 8.12880822143590059e-07
 1.57500000000000000e+02 1.58186666666666667e+02 4.45325444934628701e-05 7.88551439759214036e-07
 1.58186666666666667e+02 1.58873333333333335e+02 4.62774130936287730e-05 1.06453917870828679e-06
 1.58873333333333335e+02 1.59560000000000002e+02 4.86575748127102798e-05 1.75866824841975650e-06
 1.59560000000000002e+02 1.60246666666666670e+02 8.39490573548288047e-05 1.13035384071425361e-06
 1.60246666666666670e+02 1.60933333333333337e+02 1.55111614006401400e-04 2.12213885741815455e-06
 1.60933333333333337e+02 1.61620000000000005e+02 1.51109685497781442e-04 1.39680978147696587e-06
 1.61620000000000005e+02 1.62306666666666672e+02 1.53632746851556519e-04 1.59200531601644914e-06
 1.62306666666666672e+02 1.62993333333333339e+02 1.56229113255677349e-04 1.42392039660169040e-06
 1.62993333333333339e+02 1.63680000000000007e+02 1.59753584651683783e-04 2.35166325050432444e-06
 1.63680000000000007e+02 1.64366666666666674e+02 1.58339725417939791e-04 1.53280921699195132e-06
 1.64366666666666674e+02 1.65053333333333342e+02 1.61741490162135864e-04 1.65461041263141275e-06
 1.65053333333333342e+02 1.65740000000000009e+02 1.60299734244532610e-04 1.39970674465497143e-06
 1.65740000000000009e+02 1.66426666666666677e+02 1.60686554092896104e-04 1.46340751462276253e-06
 1.66426666666666677e+02 1.67113333333333344e+02 1.65044143712110098e-04 1.49231314369521480e-06
 1.67113333333333344e+02 1.67800000000000011e+02 1.65166722849035305e-04 1.41320506341374057e-06
 1.67800000000000011e+02 1.68486666666666679e+02 1.65606619210503672e-04 1.49950592857573074e-06
 1.68486666666666679e+02 1.69173333333333346e+02 1.67796669837860747e-04 1.46168302128590607e-06
 1.69173333333333346e+02 1.69860000000000014e+02 1.68517332659365873e-04 1.58421446448481854e-06
 1.69860000000000014e+02 1.70546666666666681e+02 1.73109313683201307e-04 1.52480916782937792e-06
 1.70546666666666681e+02 1.71233333333333348e+02 1.70711001519295959e-04 1.49826275566995987e-06
 1.71233333333333348e+02 1.71920000000000016e+02 1.76904751886412424e-04 1.52987648539424438e-06
 1.71920000000000016e+02 1.72606666666666683e+02 1.75161124807660530e-04 1.44671120877224614e-06
 1.72606666666666683e+02 1.73293333333333351e+02 1.77929244511914768e-04 1.58399958689259504e-06
 1.73293333333333351e+02 1.73980000000000018e+02 1.78188891380082318e-04 1.52852246942086668e-06
 1.73980000000000018e+02 1.74666666666666686e+02 1.83879959125103225e-04 1.56015765123118803e-06
 1.74666666666666686e+02 1.75353333333333353e+02 1.81487623439913225e-04 1.62197726959028552e-06
 1.75353333333333353e+02 1.76040000000000020e+02 1.82979507083277465e-04 1.61176808041644397e-06
 1.76040000000000020e+02 1.76726666666666688e+02 1.87060838169400301e-04 1.60099796471281023e-06
 1.76726666666666688e+02 1.77413333333333327e+02 1.89594039556820101e-04 1.71190516391372288e-06
 1.77413333333333327e+02 1.78099999999999994e+02 1.86409222549899120e-04 1.48960104428867314e-06
 1.78099999999999994e+02 1.78786666666666662e+02 1.89864824250989521e-04 1.58518584732662341e-06
 1.78786666666666662e+02 1.79473333333333329e+02 1.90612572210660714e-04 1.62098678359043622e-06
 1.79473333333333329e+02 1.80159999999999997e+02 1.97813166400845683e-04 1.67802112823255507e-06
 1.80159999999999997e+02 1.80846666666666664e+02 1.97882396407788133e-04 2.42674274513360541e-06
 1.80846666666666664e+02 1.81533333333333331e+02 1.95950590259705119e-04 1.57237747940387094e-06
 1.81533333333333331e+02 1.82219999999999999e+02 1.98622015632899621e-04 1.68228559878693705e-06
 1.82219999999999999e+02 1.82906666666666666e+02 2.00191821462608447e-04 1.69005449905253186e-06
 1.82906666666666666e+02 1.83593333333333334e+02 2.02458078674369298e-04 1.56964245601151926e-06
 1.83593333333333334e+02 1.84280000000000001e+02 2.03568747141913848e-04 1.64213862102857035e-06
 1.84280000000000001e+02 1.84966666666666669e+02 2.02954922897643678e-04 1.60384862691402436e-06
 1.84966666666666669e+02 1.85653333333333336e+02 2.08845837879679874e-04 1.60329958683711816e-06
 1.85653333333333336e+02 1.86340000000000003e+02 2.10670811862193264e-04 1.59129393726462817e-06
 1.86340000000000003e+02 1.87026666666666671e+02 2.11444930728228459e-04 1.78154388703248845e-06
 1.87026666666666671e+02 1.87713333333333338e+02 2.12313353154309153e-04 1.75750658201475940e-06
 1.87713333333333338e+02 1.88400000000000006e+02 2.12102072832830597e-04 1.60610330670591968e-06
 1.88400000000000006e+02 1.89086666666666673e+02 2.18336006738106348e-04 2.00545869434803143e-06
 1.89086666666666673e+02 1.89773333333333312e+02 2.19326643699464926e-04 1.67109474714985927e-06
 1.89773333333333312e+02 1.90459999999999980e+02 2.19980091076057331e-04 1.83786640256693811e-06
 1.90459999999999980e+02 1.91146666666666647e+02 2.22529563434739413e-04 1.69121098571821018e-06
 1.91146666666666647e+02 1.91833333333333314e+02 2.25426366772000852e-04 1.66550330562647446e-06
 1.91833333333333314e+02 1.92519999999999982e+02 2.24965321646662685e-04 1.58212304066834944e-06
 1.92519999999999982e+02 1.93206666666666649e+02 2.30528089830430718e-04 1.77831520189922665e-06
 1.93206666666666649e+02 1.93893333333333317e+02 2.30888345084091161e-04 1.78716686016608291e-06
 1.93893333333333317e+02 1.94579999999999984e+02 2.33862691420123431e-04 1.67691990427297159e-06
 1.94579999999999984e+02 1.95266666666666652e+02 2.34954041188573955e-04 1.69176656769658084e-06
 1.95266666666666652e+02 1.95953333333333319e+02 2.36251766216569940e-04 1.76258124557575340e-06
 1.95953333333333319e+02 1.96639999999999986e+02 2.36303232583727848e-04 1.64875529798872286e-06
 1.96639999999999986e+02 1.97326666666666654e+02 2.41609335173262920e-04 2.01106320485439709e-06
 1.97326666666666654e+02 1.98013333333333321e+02 2.42235130530610586e-04 1.67410329642526505e-06
 1.98013333333333321e+02 1.98699999999999989e+02 2.46459247453384748e-04 2.38610965574791134e-06
 1.98699999999999989e+02 1.99386666666666656e+02 2.45300822680469049e-04 1.61154094690840687e-06
 1.99386666666666656e+02 2.00073333333333323e+02 2.47167073096288042e-04 1.76873193109449478e-06
 2.00073333333333323e+02 2.00759999999999991e+02 2.54170946366802104e-04 1.99160586949185819e-06
 2.00759999999999991e+02 2.01446666666666658e+02 2.54139621517165981e-04 1.80014263523722206e-06
 2.01446666666666658e+02 2.02133333333333326e+02 2.55141657671308000e-04 1.94183676554848988e-06
 2.02133333333333326e+02 2.02819999999999993e+02 2.57686295303692333e-04 1.75446416127547587e-06
 2.02819999999999993e+02 2.03506666666666661e+02 2.60034476586144814e-04 1.84461033701514601e-06
 2.03506666666666661e+02 2.04193333333333328e+02 2.58501779969487716e-04 1.66126742491888365e-06
 2.04193333333333328e+02 2.04879999999999995e+02 2.66997964985419038e-04 1.81876732634978068e-06
 2.04879999999999995e+02 2.05566666666666663e+02 2.64886359402672809e-04 1.67084490967388365e-06
 2.05566666666666663e+02 2.06253333333333330e+02 2.66912712987206122e-04 1.75554195697379726e-06
 2.06253333333333330e+02 2.06939999999999998e+02 2.67551924555484513e-04 1.60859598517118227e-06
 2.06939999999999998e+02 2.07626666666666665e+02 2.70882510282784465e-04 1.82352950167303180e-06
 2.07626666666666665e+02 2.08313333333333333e+02 2.76276669206817723e-04 1.73223938104902302e-06
 2.08313333333333333e+02 2.09000000000000000e+02 2.76917303605760871e-04 1.74684981538945274e-06
 2.09000000000000000e+02 2.09686666666666667e+02 2.77825145743987073e-04 1.73299325359894542e-06
 2.09686666666666667e+02 2.10373333333333335e+02 2.81390057189591456e-04 1.73907433196370407e-06
 2.10373333333333335e+02 2.11060000000000002e+02 2.81637969376807558e-04 1.77240244134542769e-06
 2.11060000000000002e+02 2.11746666666666670e+02 2.84112764902246678e-04 1.81497294056316307e-06
 2.11746666666666670e+02 2.12433333333333337e+02 2.86405201188680509e-04 1.87369250322794648e-06
 2.12433333333333337e+02 2.13120000000000005e+02 2.89895066055978479e-04 1.76788634220440795e-06
 2.13120000000000005e+02 2.13806666666666672e+02 2.90247037924804506e-04 1.81629205522912258e-06
 2.13806666666666672e+02 2.14493333333333339e+02 2.91428025692084083e-04 1.68313643931912175e-06
 2.14493333333333339e+02 2.15180000000000007e+02 2.95478373974670464e-04 1.95228012282406610e-06
 2.15180000000000007e+02 2.15866666666666674e+02 3.00294411411733723e-04 1.80853976596090897e-06
 2.15866666666666674e+02 2.16553333333333342e+02 3.02005854298811698e-04 2.10466477922800070e-06
 2.16553333333333342e+02 2.17240000000000009e+02 3.03076004103142356e-04 1.78973253183196481e-06
 2.17240000000000009e+02 2.17926666666666677e+02 3.04916048520009373e-04 1.76819559285427737e-06
 2.17926666666666677e+02 2.18613333333333344e+02 3.09660197172355062e-04 1.76867837345590395e-06
 2.18613333333333344e+02 2.19300000000000011e+02 3.08783305416406929e-04 1.74247039149417289e-06
 2.19300000000000011e+02 2.19986666666666679e+02 3.13360330007713208e-04 1.75157778700785505e-06
 2.19986666666666679e+02 2.20673333333333346e+02 3.15506401397952106e-04 1.81819302850605595e-06
 2.20673333333333346e+02 2.21360000000000014e+02 3.16891250375514184e-04 1.70121046251230856e-06
 2.21360000000000014e+02 2.22046666666666681e+02 3.17482254369212604e-04 2.04939280597984546e-06
 2.22046666666666681e+02 2.22733333333333348e+02 3.24578715225668684e-04 1.81217280136678083e-06
 2.22733333333333348e+02 2.23420000000000016e+02 3.27180257595769742e-04 2.01777096710770808e-06
 2.23420000000000016e+02 2.24106666666666683e+02 3.29055833663387915e-04 1.78689025418001272e-06
 2.24106666666666683e+02 2.24793333333333351e+02 3.29910565385830266e-04 2.01968827154231902e-06
 2.24793333333333351e+02 2.25480000000000018e+02 3.32321391290664480e-04 1.91643594206995827e-06
 2.25480000000000018e+02 2.26166666666666686e+02 3.35078951661252182e-04 1.75603202040729548e-06
 2.26166666666666686e+02 2.26853333333333353e+02 3.44248466953480238e-04 7.83513749432231257e-06
 2.26853333333333353e+02 2.27540000000000020e+02 3.37826885003606261e-04 1.77111360856888712e-06
 2.27540000000000020e+02 2.28226666666666688e+02 3.43730967252193099e-04 1.83525354884311741e-06
 2.28226666666666688e+02 2.28913333333333327e+02 3.47777806070956959e-04 1.96607755389178287e-06
 2.28913333333333327e+02 2.29599999999999994e+02 3.47002437330472572e-04 2.12105961183182493e-06
 2.29599999999999994e+02 2.30286666666666662e+02 3.51175615670318991e-04 1.88239285958334249e-06
 2.30286666666666662e+02 2.30973333333333329e+02 3.53933720483916574e-04 1.94991732325011486e-06
 2.30973333333333329e+02 2.31659999999999997e+02 3.60114458811885431e-04 1.88973268778402426e-06
 2.31659999999999997e+02 2.32346666666666664e+02 3.61552288123512147e-04 1.90223398556981676e-06
 2.32346666666666664e+02 2.33033333333333331e+02 3.59757443430215823e-04 1.88661473158144750e-06
 2.33033333333333331e+02 2.33719999999999999e+02 3.69033042466961265e-04 2.37053410487514179e-06
 2.33719999999999999e+02 2.34406666666666666e+02 3.65359593824089886e-04 1.78902456221970626e-06
 2.34406666666666666e+02 2.35093333333333334e+02 3.72229006235412485e-04 1.88985207901447603e-06
 2.35093333333333334e+02 2.35780000000000001e+02 3.75559399476159482e-04 2.04163848794523755e-06
 2.35780000000000001e+02 2.36466666666666669e+02 3.80097249204895031e-04 1.96753512619172205e-06
 2.36466666666666669e+02 2.37153333333333336e+02 3.81865996043308925e-04 1.93442207389486827e-06
 2.37153333333333336e+02 2.37840000000000003e+02 3.85801541962195948e-04 1.83306242315694740e-06
 2.37840000000000003e+02 2.38526666666666671e+02 3.81962921061327970e-04 1.82185312591517630e-06
 2.38526666666666671e+02 2.39213333333333338e+02 3.91091139712477468e-04 1.94867867239728111e-06
 2.39213333333333338e+02 2.39900000000000006e+02 3.92396725377762239e-04 1.80642520401218132e-06
 2.39900000000000006e+02 2.40586666666666673e+02 3.94804505863378485e-04 1.87680126183669046e-06
 2.40586666666666673e+02 2.41273333333333341e+02 3.97950897570349151e-04 2.18855096738863842e-06
 2.41273333333333341e+02 2.41960000000000008e+02 4.02158228323292897e-04 1.87572612569787775e-06
 2.41960000000000008e+02 2.42646666666666675e+02 4.06229958057728667e-04 2.00586027119452548e-06
 2.42646666666666675e+02 2.43333333333333343e+02 4.07974789409325364e-04 1.84345189309700231e-06
 2.43333333333333343e+02 2.44020000000000010e+02 4.11071797161376130e-04 1.85389617779909655e-06
 2.44020000000000010e+02 2.44706666666666678e+02 4.14759779833883671e-04 1.93890901915483887e-06
 2.44706666666666678e+02 2.45393333333333345e+02 4.17676689190194189e-04 1.90273422249161608e-06
 2.45393333333333345e+02 2.46080000000000013e+02 4.17829319394272410e-04 1.92803525943937347e-06
 2.46080000000000013e+02 2.46766666666666680e+02 4.22978381102510025e-04 1.81502257990320208e-06
 2.46766666666666680e+02 2.47453333333333347e+02 4.31605073315314484e-04 1.91612305166010340e-06
 2.47453333333333347e+02 2.48139999999999986e+02 4.33701855211240136e-04 3.12940025934917011e-06
 2.48139999999999986e+02 2.48826666666666654e+02 4.32468209151296360e-04 1.82402188469642837e-06
 2.48826666666666654e+02 2.49513333333333321e+02 4.36206056133579953e-04 1.91287596822020231e-06
 2.49513333333333321e+02 2.50199999999999989e+02 4.41608995699123755e-04 2.04395993730500140e-06
 2.50199999999999989e+02 2.50886666666666656e+02 4.41926226058684992e-04 1.87263758011558191e-06
 2.50886666666666656e+02 2.51573333333333323e+02 4.47338680875934767e-04 1.94096383427363190e-06
 2.51573333333333323e+02 2.52259999999999991e+02 4.46881490151872858e-04 1.88818000121952930e-06
 2.52259999999999991e+02 2.52946666666666658e+02 4.54795393104578754e-04 1.94561077339077025e-06
 2.52946666666666658e+02 2.53633333333333326e+02 4.59536808929871953e-04 1.93706618526145207e-06
 2.53633333333333326e+02 2.54319999999999993e+02 4.61987685532824429e-04 1.94142401540995308e-06
 2.54319999999999993e+02 2.55006666666666661e+02 4.66612109351175613e-04 2.05385441402230657e-06
 2.55006666666666661e+02 2.55693333333333328e+02 4.69570491819840000e-04 1.94817025626207912e-06
 2.55693333333333328e+02 2.56379999999999995e+02 4.69702614987603008e-04 1.90053145815097815e-06
 2.56379999999999995e+02 2.57066666666666663e+02 4.74608207232207530e-04 1.93865147420580287e-06
 2.57066666666666663e+02 2.57753333333333330e+02 4.74539856647001820e-04 2.03882081054568887e-06
 2.57753333333333330e+02 2.58439999999999998e+02 4.83884627913449606e-04 2.00160978227335505e-06
 2.58439999999999998e+02 2.59126666666666665e+02 4.86137466002365261e-04 1.87674837831563826e-06
 2.59126666666666665e+02 2.59813333333333333e+02 4.88412132235599124e-04 1.92070299356933472e-06
 2.59813333333333333e+02 2.60500000000000000e+02 4.94227635350444209e-04 1.88445283174423196e-06
 2.60500000000000000e+02 2.61186666666666667e+02 4.95003900243819748e-04 2.00042952149197980e-06
 2.61186666666666667e+02 2.61873333333333335e+02 5.00491641152752353e-04 1.96220789132210669e-06
 2.61873333333333335e+02 2.62560000000000002e+02 5.07170451542893717e-04 2.16023729035958247e-06
 2.62560000000000002e+02 2.63246666666666670e+02 5.06468259777314287e-04 2.25578933793555364e-06
 2.63246666666666670e+02 2.63933333333333337e+02 5.12222626213726926e-04 2.10839559256813391e-06
 2.63933333333333337e+02 2.64620000000000005e+02 5.19241706728486752e-04 2.28188116622663403e-06
 2.64620000000000005e+02 2.65306666666666672e+02 5.21319705849427532e-04 2.18375119367298762e-06
 2.65306666666666672e+02 2.65993333333333339e+02 5.25187688692930902e-04 2.18096310793902164e-06
 2.65993333333333339e+02 2.66680000000000007e+02 5.28171072707933772e-04 1.96122462966547000e-06
 2.66680000000000007e+02 2.67366666666666674e+02 5.31406046885127075e-04 1.97433830928838024e-06
 2.67366666666666674e+02 2.68053333333333342e+02 5.35723153489770149e-04 2.11004830284189549e-06
 2.68053333333333342e+02 2.68740000000000009e+02 5.36953727155098999e-04 2.15670657641881223e-06
 2.68740000000000009e+02 2.69426666666666677e+02 5.46955810669274775e-04 2.54808756104799955e-06
 2.69426666666666677e+02 2.70113333333333344e+02 5.51663460181756830e-04 3.35818500084954027e-06
 2.70113333333333344e+02 2.70800000000000011e+02 5.50224763025726352e-04 1.90944855624022176e-06
 2.70800000000000011e+02 2.71486666666666679e+02 5.52207937471310304e-04 2.06796993451770308e-06
 2.71486666666666679e+02 2.72173333333333346e+02 5.57830951664207010e-04 1.91590968675293810e-06
 2.72173333333333346e+02 2.72860000000000014e+02 5.68974754611291291e-04 2.10824429833262937e-06
 2.72860000000000014e+02 2.73546666666666624e+02 5.69017146562270787e-04 1.99858790301027924e-06
 2.73546666666666624e+02 2.74233333333333348e+02 5.74530379157999231e-04 2.04079618388790804e-06
 2.74233333333333348e+02 2.74919999999999959e+02 5.75342564988493119e-04 1.93379074151233274e-06
 2.74919999999999959e+02 2.75606666666666683e+02 5.79001831676151336e-04 1.91874139567328814e-06
 2.75606666666666683e+02 2.76293333333333294e+02 5.82166028830289240e-04 1.95030019621305299e-06
 2.76293333333333294e+02 2.76980000000000018e+02 5.91943264815849961e-04 2.06973023117744190e-06
 2.76980000000000018e+02 2.77666666666666629e+02 5.92583747277236443e-04 2.10079003247588610e-06
 2.77666666666666629e+02 2.78353333333333353e+02 5.97263043307932114e-04 2.20970566143213703e-06
 2.78353333333333353e+02 2.79039999999999964e+02 6.03757938280910121e-04 1.94231733888367858e-06
 2.79039999999999964e+02 2.79726666666666688e+02 6.10764568153782128e-04 2.56889179970456082e-06
 2.79726666666666688e+02 2.80413333333333298e+02 6.11066313458442640e-04 2.01382600234444741e-06
 2.80413333333333298e+02 2.81100000000000023e+02 6.20164012517537009e-04 3.06778503184198431e-06
 2.81100000000000023e+02 2.81786666666666633e+02 6.20067100762562110e-04 2.09582031466130669e-06
 2.81786666666666633e+02 2.82473333333333358e+02 6.26015622340026900e-04 1.96799020839787435e-06
 2.82473333333333358e+02 2.83159999999999968e+02 6.30153347513012557e-04 1.99397518167150481e-06
 2.83159999999999968e+02 2.83846666666666692e+02 6.33994788413635513e-04 2.30136568637708757e-06
 2.83846666666666692e+02 2.84533333333333303e+02 6.39092952536353246e-04 2.05922322805037315e-06
 2.84533333333333303e+02 2.85220000000000027e+02 6.43772958165524708e-04 1.97889794716694097e-06
 2.85220000000000027e+02 2.85906666666666638e+02 6.51368901797414672e-04 2.11463668458656240e-06
 2.85906666666666638e+02 2.86593333333333362e+02 6.55664881139980346e-04 2.26818325899651498e-06
 2.86593333333333362e+02 2.87279999999999973e+02 6.58431680085427005e-04 2.07281269020649092e-06
 2.87279999999999973e+02 2.87966666666666697e+02 6.61461778097496606e-04 2.62164787128378625e-06
 2.87966666666666697e+02 2.88653333333333308e+02 6.72677932297265644e-04 2.10197813464881754e-06
 2.88653333333333308e+02 2.89340000000000032e+02 6.76372890823601688e-04 2.66202648348366060e-06
 2.89340000000000032e+02 2.90026666666666642e+02 6.82409212537686159e-04 2.08207988139436341e-06
 2.90026666666666642e+02 2.90713333333333367e+02 6.84989252533297331e-04 2.05007820051871089e-06
 2.90713333333333367e+02 2.91399999999999977e+02 6.92467202455687302e-04 2.14004122395839828e-06
 2.91399999999999977e+02 2.92086666666666702e+02 6.99235385327151788e-04 2.87407906913334197e-06
 2.92086666666666702e+02 2.92773333333333312e+02 7.01692968010068007e-04 2.07770966838797280e-06
 2.92773333333333312e+02 2.93460000000000036e+02 7.09566457389294641e-04 2.05076837779541886e-06
 2.93460000000000036e+02 2.94146666666666647e+02 7.11778456210573483e-04 2.11813124195185563e-06
 2.94146666666666647e+02 2.94833333333333371e+02 7.20865503458983274e-04 2.07616310062266758e-06
 2.94833333333333371e+02 2.95519999999999982e+02 7.24728996117283281e-04 2.25186408494499118e-06
 2.95519999999999982e+02 2.96206666666666706e+02 7.31377500560967744e-04 2.16007336823707714e-06
 2.96206666666666706e+02 2.96893333333333317e+02 7.39595709200656652e-04 3.88282545329446107e-06
 2.96893333333333317e+02 2.97580000000000041e+02 7.40210149460533619e-04 2.45430085487954067e-06
 2.97580000000000041e+02 2.98266666666666652e+02 7.47523069060753147e-04 2.08918294457356858e-06
 2.98266666666666652e+02 2.98953333333333376e+02 7.50653974407452292e-04 2.07788688726575152e-06
 2.98953333333333376e+02 2.99639999999999986e+02 7.58936076791002254e-04 2.21741684824427950e-06
 2.99639999999999986e+02 3.00326666666666654e+02 7.61386054858359030e-04 2.14344163632462785e-06
 3.00326666666666654e+02 3.01013333333333321e+02 7.71655574661496988e-04 2.16153148285626776e-06
 3.01013333333333321e+02 3.01699999999999989e+02 7.77147021368918304e-04 2.22153976042046001e-06
 3.01699999999999989e+02 3.02386666666666656e+02 7.84667385890385578e-04 2.13177837819410712e-06
 3.02386666666666656e+02 3.03073333333333323e+02 7.89912930299969365e-04 2.12991891241824637e-06
 3.03073333333333323e+02 3.03759999999999991e+02 7.93057082318347891e-04 2.18181014705320222e-06
 3.03759999999999991e+02 3.04446666666666658e+02 8.00114131838630714e-04 2.08953833176972413e-06
 3.04446666666666658e+02 3.05133333333333326e+02 8.04598975592344550e-04 2.15687919688571183e-06
 3.05133333333333326e+02 3.05819999999999993e+02 8.10258242345265932e-04 2.15571662045143310e-06
 3.05819999999999993e+02 3.06506666666666661e+02 8.20425578820437604e-04 2.22048724210182167e-06
 3.06506666666666661e+02 3.07193333333333328e+02 8.24263454713838298e-04 2.07046824674725980e-06
 3.07193333333333328e+02 3.07879999999999995e+02 8.29880923773112437e-04 3.15378276241656289e-06
 3.07879999999999995e+02 3.08566666666666663e+02 8.38821641231842809e-04 2.38604739296647695e-06
 3.08566666666666663e+02 3.09253333333333330e+02 8.42413256061263420e-04 2.18935916775610180e-06
 3.09253333333333330e+02 3.09939999999999998e+02 8.50858961792731847e-04 2.35963607487080495e-06
 3.09939999999999998e+02 3.10626666666666665e+02 8.59697130977089830e-04 2.22401718701300110e-06
 3.10626666666666665e+02 3.11313333333333333e+02 8.64737542568727114e-04 2.23861377856201213e-06
 3.11313333333333333e+02 3.12000000000000000e+02 8.67871673460454706e-04 2.21803995799769362e-06
 3.12000000000000000e+02 3.12686666666666667e+02 8.74517021650637123e-04 2.10139270033626160e-06
 3.12686666666666667e+02 3.13373333333333335e+02 8.89569316617883055e-04 4.00125930230906632e-06
 3.13373333333333335e+02 3.14060000000000002e+02 8.86848675020803770e-04 2.09955213198134345e-06
 3.14060000000000002e+02 3.14746666666666670e+02 8.98828092829331415e-04 2.53200157144550454e-06
 3.14746666666666670e+02 3.15433333333333337e+02 8.99929263908358650e-04 2.27660710523874448e-06
 3.15433333333333337e+02 3.16120000000000005e+02 9.05880900102358933e-04 2.30083977271927573e-06
 3.16120000000000005e+02 3.16806666666666672e+02 9.13357640792372238e-04 2.18366664137469303e-06
 3.16806666666666672e+02 3.17493333333333339e+02 9.20528268090246176e-04 2.21013136068689762e-06
 3.17493333333333339e+02 3.18180000000000007e+02 9.27854898837363463e-04 2.28128972228216008e-06
 3.18180000000000007e+02 3.18866666666666674e+02 9.30117599251551429e-04 2.74742646697761983e-06
 3.18866666666666674e+02 3.19553333333333342e+02 9.39374660688679745e-04 2.75354141676334215e-06
 3.19553333333333342e+02 3.20240000000000009e+02 9.45533041344910380e-04 2.21082729370431497e-06
 3.20240000000000009e+02 3.20926666666666677e+02 9.50222993898731244e-04 2.62121563159875451e-06
 3.20926666666666677e+02 3.21613333333333344e+02 9.58453638277149294e-04 2.35090414469186245e-06
 3.21613333333333344e+02 3.22300000000000011e+02 9.67823053175690881e-04 2.18950552140787599e-06
 3.22300000000000011e+02 3.22986666666666679e+02 9.67651839917209496e-04 2.28663055630775263e-06
 3.22986666666666679e+02 3.23673333333333346e+02 9.79797626143432809e-04 2.38091817533832053e-06
 3.23673333333333346e+02 3.24360000000000014e+02 9.79673101395450762e-04 2.77903074200475769e-06
 3.24360000000000014e+02 3.25046666666666624e+02 9.88198855589410979e-04 2.20400103088992894e-06
 3.25046666666666624e+02 3.25733333333333348e+02 9.95832698790329734e-04 2.21144976368234127e-06
 3.25733333333333348e+02 3.26419999999999959e+02 1.00190516818534237e-03 2.29819700718335354e-06
 3.26419999999999959e+02 3.27106666666666683e+02 1.00250021705625960e-03 2.31691704162028994e-06
 3.27106666666666683e+02 3.27793333333333294e+02 1.01432238741289041e-03 2.45024974594124396e-06
 3.27793333333333294e+02 3.28480000000000018e+02 1.02415823445335197e-03 2.29083926366885191e-06
 3.28480000000000018e+02 3.29166666666666629e+02 1.02801921743048423e-03 2.53183621019165889e-06
 3.29166666666666629e+02 3.29853333333333353e+02 1.03240263156328580e-03 2.27884533147240966e-06
 3.29853333333333353e+02 3.30539999999999964e+02 1.03960173232718568e-03 2.75625414864048850e-06
 3.30539999999999964e+02 3.31226666666666688e+02 1.04362780979062875e-03 2.32773868771742548e-06
 3.31226666666666688e+02 3.31913333333333298e+02 1.05669853107559085e-03 2.94323287061124275e-06
 3.31913333333333298e+02 3.32600000000000023e+02 1.05666213953024379e-03 2.21989900344002261e-06
 3.32600000000000023e+02 3.33286666666666633e+02 1.06519208367341126e-03 2.40557735167988582e-06
 3.33286666666666633e+02 3.33973333333333358e+02 1.06946733607066365e-03 2.43864434745142226e-06
 3.33973333333333358e+02 3.34659999999999968e+02 1.07659088323281359e-03 2.28289338630945685e-06
 3.34659999999999968e+02 3.35346666666666692e+02 1.08092109606499026e-03 2.42101183625044640e-06
 3.35346666666666692e+02 3.36033333333333303e+02 1.08983048057842403e-03 2.37007044367674461e-06
 3.36033333333333303e+02 3.36720000000000027e+02 1.09571931084852725e-03 2.68479338010733032e-06
 3.36720000000000027e+02 3.37406666666666638e+02 1.09971284565734111e-03 2.98990152788415087e-06
 3.37406666666666638e+02 3.38093333333333362e+02 1.10856179148021371e-03 2.28021822326122658e-06
 3.38093333333333362e+02 3.38779999999999973e+02 1.11366089488290870e-03 2.50315403151951265e-06
 3.38779999999999973e+02 3.39466666666666697e+02 1.12040659895982749e-03 2.49002978278080611e-06
 3.39466666666666697e+02 3.40153333333333308e+02 1.12577115403369316e-03 2.38224120942175096e-06
 3.40153333333333308e+02 3.40840000000000032e+02 1.13013217734431832e-03 2.48737723607698694e-06
 3.40840000000000032e+02 3.41526666666666642e+02 1.14432313613809238e-03 8.76386304886431397e-06
 3.41526666666666642e+02 3.42213333333333367e+02 1.14100168209235004e-03 2.46178307575015228e-06
 3.42213333333333367e+02 3.42899999999999977e+02 1.15131614014658433e-03 2.48005144473807595e-06
 3.42899999999999977e+02 3.43586666666666702e+02 1.15760371078295647e-03 3.69365651236716306e-06
 3.43586666666666702e+02 3.44273333333333312e+02 1.15818104306380457e-03 2.39132245352848536e-06
 3.44273333333333312e+02 3.44960000000000036e+02 1.16312548428379198e-03 2.32274178482811930e-06
 3.44960000000000036e+02 3.45646666666666647e+02 1.17239250667977818e-03 2.27359235771486642e-06
 3.45646666666666647e+02 3.46333333333333371e+02 1.17514813811242882e-03 2.55366383569735079e-06
 3.46333333333333371e+02 3.47019999999999982e+02 1.18471798279577863e-03 2.36473568982803841e-06
 3.47019999999999982e+02 3.47706666666666706e+02 1.18661746344638007e-03 2.36386672041277135e-06
 3.47706666666666706e+02 3.48393333333333317e+02 1.19243970497934595e-03 2.48843115673405115e-06
 3.48393333333333317e+02 3.49080000000000041e+02 1.20498841234854956e-03 2.49849115444755885e-06
 3.49080000000000041e+02 3.49766666666666652e+02 1.20911338979386293e-03 2.38780081166277185e-06
 3.49766666666666652e+02 3.50453333333333376e+02 1.21171112491419647e-03 2.39188397934053894e-06
 3.50453333333333376e+02 3.51139999999999986e+02 1.21969425278257233e-03 2.42133084170915628e-06
 3.51139999999999986e+02 3.51826666666666654e+02 1.21856293940815312e-03 2.36442726640885199e-06
 3.51826666666666654e+02 3.52513333333333321e+02 1.22976188350577224e-03 2.42220216623974706e-06
 3.52513333333333321e+02 3.53199999999999989e+02 1.23525950751697923e-03 2.57571408691378531e-06
 3.53199999999999989e+02 3.53886666666666656e+02 1.24541545171808496e-03 3.28765716596537640e-06
 3.53886666666666656e+02 3.54573333333333323e+02 1.24505254609952841e-03 2.31792795853349847e-06
 3.54573333333333323e+02 3.55259999999999991e+02 1.25628960712061274e-03 2.98766223453840867e-06
 3.55259999999999991e+02 3.55946666666666658e+02 1.25734602265853293e-03 2.45322202153344845e-06
 3.55946666666666658e+02 3.56633333333333326e+02 1.26306721286433281e-03 2.58813546010358295e-06
 3.56633333333333326e+02 3.57319999999999993e+02 1.27371185150576766e-03 2.55349231529042892e-06
 3.57319999999999993e+02 3.58006666666666661e+02 1.27874912494020882e-03 2.71522458064812301e-06
 3.58006666666666661e+02 3.58693333333333328e+02 1.27958966165373032e-03 2.50563355731514862e-06
 3.58693333333333328e+02 3.59379999999999995e+02 1.29017329813806148e-03 2.87774205244103446e-06
 3.59379999999999995e+02 3.60066666666666663e+02 1.29235606927747496e-03 2.86112963450093840e-06
 3.60066666666666663e+02 3.60753333333333330e+02 1.29218169344844265e-03 2.41680806010807114e-06
 3.60753333333333330e+02 3.61439999999999998e+02 1.30199404465774289e-03 2.71309508452445810e-06
 3.61439999999999998e+02 3.62126666666666665e+02 1.30486554697517468e-03 2.48526759330783022e-06
 3.62126666666666665e+02 3.62813333333333333e+02 1.31257888167154242e-03 2.41141908548764914e-06
 3.62813333333333333e+02 3.63500000000000000e+02 1.31973621404596342e-03 2.66808034518017628e-06
 3.63500000000000000e+02 3.64186666666666667e+02 1.31684675274025185e-03 2.34296153473602914e-06
 3.64186666666666667e+02 3.64873333333333335e+02 1.32340000834608768e-03 2.54631090086326149e-06
 3.64873333333333335e+02 3.65560000000000002e+02 1.32640034820924718e-03 2.39212879860268639e-06
 3.65560000000000002e+02 3.66246666666666670e+02 1.33129347381593733e-03 2.37026905099993357e-06
 3.66246666666666670e+02 3.66933333333333337e+02 1.34431910934795914e-03 2.61093009756213646e-06
 3.66933333333333337e+02 3.67620000000000005e+02 1.34400747359635043e-03 2.46006685452774197e-06
 3.67620000000000005e+02 3.68306666666666672e+02 1.35490515322922683e-03 3.09581263155368198e-06
 3.68306666666666672e+02 3.68993333333333339e+02 1.35350823747802228e-03 2.48648255298981269e-06
 3.68993333333333339e+02 3.69680000000000007e+02 1.35975333844301429e-03 3.07538103066650082e-06
 3.69680000000000007e+02 3.70366666666666674e+02 1.36310260823086426e-03 2.46521294109036567e-06
 3.70366666666666674e+02 3.71053333333333342e+02 1.36815695475311352e-03 2.41031162486984466e-06
 3.71053333333333342e+02 3.71740000000000009e+02 1.37245304042134036e-03 3.09553833391480435e-06
 3.71740000000000009e+02 3.72426666666666677e+02 1.37487042577250497e-03 2.37968589503635638e-06
 3.72426666666666677e+02 3.73113333333333344e+02 1.38307912220064994e-03 2.70899245693294070e-06
 3.73113333333333344e+02 3.73800000000000011e+02 1.38099668849981988e-03 2.42436859381293810e-06
 3.73800000000000011e+02 3.74486666666666679e+02 1.38780459034718376e-03 2.40065064135635411e-06
 3.74486666666666679e+02 3.75173333333333346e+02 1.39472382952751531e-03 2.43674152012266451e-06
 3.75173333333333346e+02 3.75860000000000014e+02 1.39421900273859552e-03 2.46264898146288366e-06
 3.75860000000000014e+02 3.76546666666666681e+02 1.39918327791005805e-03 4.09576107194581706e-06
 3.76546666666666681e+02 3.77233333333333348e+02 1.40725749346936203e-03 2.92399712374481314e-06
 3.77233333333333348e+02 3.77920000000000016e+02 1.40813700327333002e-03 2.54426725506515404e-06
 3.77920000000000016e+02 3.78606666666666683e+02 1.40779112663389741e-03 2.62468594389261135e-06
 3.78606666666666683e+02 3.79293333333333351e+02 1.41446722754976460e-03 2.46918175071001614e-06
 3.79293333333333351e+02 3.79980000000000018e+02 1.41891221290837326e-03 3.35541043608526005e-06
 3.79980000000000018e+02 3.80666666666666686e+02 1.42398237237082782e-03 2.87142661483248804e-06
 3.80666666666666686e+02 3.81353333333333353e+02 1.42674769452226426e-03 2.76747218377932513e-06
 3.81353333333333353e+02 3.82040000000000020e+02 1.42535909373433210e-03 4.03399715848162876e-06
 3.82040000000000020e+02 3.82726666666666688e+02 1.42587585938657086e-03 2.47010612646337770e-06
 3.82726666666666688e+02 3.83413333333333355e+02 1.42895799819062587e-03 2.63915377405273489e-06
 3.83413333333333355e+02 3.84100000000000023e+02 1.43099299991971264e-03 2.46631493337613331e-06
 3.84100000000000023e+02 3.84786666666666690e+02 1.42900942312145776e-03 2.37505278609935355e-06
 3.84786666666666690e+02 3.85473333333333358e+02 1.43854459201840060e-03 3.79500729760178534e-06
 3.85473333333333358e+02 3.86160000000000025e+02 1.43932711916934042e-03 2.66701790394933788e-06
 3.86160000000000025e+02 3.86846666666666692e+02 1.44443635379113084e-03 2.67322048252214759e-06
 3.86846666666666692e+02 3.87533333333333360e+02 1.44833808406330858e-03 3.54672844475025363e-06
 3.87533333333333360e+02 3.88220000000000027e+02 1.44404981881385373e-03 2.59064044612903720e-06
 3.88220000000000027e+02 3.88906666666666695e+02 1.43944892638264471e-03 2.83581833825917498e-06
 3.88906666666666695e+02 3.89593333333333305e+02 1.44601268646104664e-03 2.60957667122163225e-06
 3.89593333333333305e+02 3.90279999999999973e+02 1.44552304045779986e-03 2.77625573734559818e-06
 3.90279999999999973e+02 3.90966666666666640e+02 1.43970158395789120e-03 2.62941736901861311e-06
 3.90966666666666640e+02 3.91653333333333308e+02 1.44770806630191277e-03 4.37214403778808835e-06
 3.91653333333333308e+02 3.92339999999999975e+02 1.43933014674340991e-03 2.70808488762750941e-06
 3.92339999999999975e+02 3.93026666666666642e+02 1.44207541074924421e-03 3.93666914500175010e-06
 3.93026666666666642e+02 3.93713333333333310e+02 1.43780705385914624e-03 2.42456892478283290e-06
 3.93713333333333310e+02 3.94399999999999977e+02 1.42852913214899812e-03 2.43566590751193520e-06
 3.94399999999999977e+02 3.95086666666666645e+02 1.43193038442994912e-03 2.93427703101609936e-06
 3.95086666666666645e+02 3.95773333333333312e+02 1.42892237468597062e-03 2.60968947199945590e-06
 3.95773333333333312e+02 3.96459999999999980e+02 1.42796505329942781e-03 4.06846331038190110e-06
 3.96459999999999980e+02 3.97146666666666647e+02 1.42119874387316774e-03 4.31310657693135463e-06
 3.97146666666666647e+02 3.97833333333333314e+02 1.41110982879672463e-03 3.62115090299690414e-06
 3.97833333333333314e+02 3.98519999999999982e+02 1.40268794636336843e-03 3.02218661281662042e-06
 3.98519999999999982e+02 3.99206666666666649e+02 1.39782986104632664e-03 2.37608899244575563e-06
 3.99206666666666649e+02 3.99893333333333317e+02 1.39508900702608389e-03 3.48193837031079770e-06
 3.99893333333333317e+02 4.00579999999999984e+02 1.38878130741173708e-03 3.58510805738629752e-06
 4.00579999999999984e+02 4.01266666666666652e+02 1.38092619752539793e-03 3.73057090937624245e-06
 4.01266666666666652e+02 4.01953333333333319e+02 1.37322143199151243e-03 2.36707231887998711e-06
 4.01953333333333319e+02 4.02639999999999986e+02 1.37082884781573487e-03 3.06159291695042578e-06
 4.02639999999999986e+02 4.03326666666666654e+02 1.36559066976019139e-03 3.76926123965856193e-06
 4.03326666666666654e+02 4.04013333333333321e+02 1.36082177505363836e-03 2.69111249617944516e-06
 4.04013333333333321e+02 4.04699999999999989e+02 1.35917886770957883e-03 2.81430994420824471e-06
 4.04699999999999989e+02 4.05386666666666656e+02 1.35093594280900463e-03 2.81825283143807641e-06
 4.05386666666666656e+02 4.06073333333333323e+02 1.35310614054315391e-03 3.76196454692121829e-06
 4.06073333333333323e+02 4.06759999999999991e+02 1.34850119404864781e-03 2.70195374792528541e-06
 4.06759999999999991e+02 4.07446666666666658e+02 1.34290268551585717e-03 2.62338080240285795e-06
 4.07446666666666658e+02 4.08133333333333326e+02 1.34289300131962730e-03 2.98009320345148558e-06
 4.08133333333333326e+02 4.08819999999999993e+02 1.33813337582286461e-03 2.92858249501741747e-06
 4.08819999999999993e+02 4.09506666666666661e+02 1.33364927861457923e-03 2.73604176240101824e-06
 4.09506666666666661e+02 4.10193333333333328e+02 1.33515307110989743e-03 2.73550019500130260e-06
 4.10193333333333328e+02 4.10879999999999995e+02 1.32653316848755612e-03 2.37714871379643339e-06
 4.10879999999999995e+02 4.11566666666666663e+02 1.33250509824011645e-03 4.67893958302627021e-06
 4.11566666666666663e+02 4.12253333333333330e+02 1.32373558944663423e-03 2.39427881674803673e-06
 4.12253333333333330e+02 4.12939999999999998e+02 1.32120636662122720e-03 2.55119909856325249e-06
 4.12939999999999998e+02 4.13626666666666665e+02 1.32353696808084546e-03 2.38628581310700739e-06
 4.13626666666666665e+02 4.14313333333333333e+02 1.32025819552097131e-03 2.75019592987852807e-06
 4.14313333333333333e+02 4.15000000000000000e+02 1.31838688822688023e-03 2.68740206486407203e-06
 4.15000000000000000e+02 4.15686666666666667e+02 1.31747938593740278e-03 2.40106918577688771e-06
 4.15686666666666667e+02 4.16373333333333335e+02 1.31020805612783544e-03 2.16915560090501130e-06
 4.16373333333333335e+02 4.17060000000000002e+02 1.31463899120586101e-03 2.63821905680865482e-06
 4.17060000000000002e+02 4.17746666666666670e+02 1.30932443133004476e-03 2.13232089110699464e-06
 4.17746666666666670e+02 4.18433333333333337e+02 1.30947906511258709e-03 2.71469081291960477e-06
 4.18433333333333337e+02 4.19120000000000005e+02 1.31262784233853055e-03 3.03549158660009464e-06
 4.19120000000000005e+02 4.19806666666666672e+02 1.30519372114857798e-03 2.59040144247299902e-06
 4.19806666666666672e+02 4.20493333333333339e+02 1.29841502313402901e-03 2.24097166244358875e-06
 4.20493333333333339e+02 4.21180000000000007e+02 1.30025705837006288e-03 2.44810437587487174e-06
 4.21180000000000007e+02 4.21866666666666674e+02 1.29964489190364163e-03 2.15108325447681101e-06
 4.21866666666666674e+02 4.22553333333333342e+02 1.29972149563826718e-03 2.45502446087159606e-06
 4.22553333333333342e+02 4.23240000000000009e+02 1.29237478006285914e-03 2.15713522352355322e-06
 4.23240000000000009e+02 4.23926666666666677e+02 1.29187262822897156e-03 2.55408338207677284e-06
 4.23926666666666677e+02 4.24613333333333344e+02 1.28785615436333547e-03 2.16203550138209417e-06
 4.24613333333333344e+02 4.25300000000000011e+02 1.29133658121938330e-03 2.81459927749098428e-06
 4.25300000000000011e+02 4.25986666666666679e+02 1.28526647422398796e-03 2.26506345867081106e-06
 4.25986666666666679e+02 4.26673333333333346e+02 1.27989403624885522e-03 2.06419425268951232e-06
 4.26673333333333346e+02 4.27360000000000014e+02 1.28000157379416107e-03 2.22063393401393669e-06
 4.27360000000000014e+02 4.28046666666666681e+02 1.27887876694978385e-03 2.26459082186889819e-06
 4.28046666666666681e+02 4.28733333333333348e+02 1.27199314509602321e-03 2.34831831612702062e-06
 4.28733333333333348e+02 4.29420000000000016e+02 1.27811125017256470e-03 2.84501111400872290e-06
 4.29420000000000016e+02 4.30106666666666683e+02 1.26965342554641639e-03 2.39886254760458269e-06
 4.30106666666666683e+02 4.30793333333333351e+02 1.26572339931496831e-03 2.28725283032487217e-06
 4.30793333333333351e+02 4.31480000000000018e+02 1.26444922456929411e-03 2.44191230238068140e-06
 4.31480000000000018e+02 4.32166666666666686e+02 1.26030284384117926e-03 2.16000235387760706e-06
 4.32166666666666686e+02 4.32853333333333353e+02 1.26152525977645241e-03 2.32514681909148219e-06
 4.32853333333333353e+02 4.33540000000000020e+02 1.25848851305300534e-03 2.22468254665342288e-06
 4.33540000000000020e+02 4.34226666666666688e+02 1.25538654218487387e-03 2.82902969828633767e-06
 4.34226666666666688e+02 4.34913333333333355e+02 1.25184909344467775e-03 2.17177921885688596e-06
 4.34913333333333355e+02 4.35600000000000023e+02 1.24995688096161527e-03 2.25903171970889528e-06
 4.35600000000000023e+02 4.36286666666666690e+02 1.24635948078591395e-03 2.36722344453469070e-06
 4.36286666666666690e+02 4.36973333333333358e+02 1.24901799214038075e-03 2.62361315048707678e-06
 4.36973333333333358e+02 4.37660000000000025e+02 1.24540351804856581e-03 3.10641580610464878e-06
 4.37660000000000025e+02 4.38346666666666692e+02 1.23703226417492618e-03 2.14479884116281129e-06
 4.38346666666666692e+02 4.39033333333333360e+02 1.23658208614321058e-03 2.60822873050625688e-06
 4.39033333333333360e+02 4.39720000000000027e+02 1.23417158764387220e-03 2.34789760820420843e-06
 4.39720000000000027e+02 4.40406666666666695e+02 1.22979874745965845e-03 2.10612354851732402e-06
 4.40406666666666695e+02 4.41093333333333305e+02 1.22868799953766640e-03 2.53020629162534959e-06
 4.41093333333333305e+02 4.41779999999999973e+02 1.22313395708969846e-03 2.16413310255622681e-06
 4.41779999999999973e+02 4.42466666666666640e+02 1.22661151761500106e-03 2.74763377744560729e-06
 4.42466666666666640e+02 4.43153333333333308e+02 1.21629376246521143e-03 2.45404663122506766e-06
 4.43153333333333308e+02 4.43839999999999975e+02 1.21358921706696157e-03 2.12593646165920960e-06
 4.43839999999999975e+02 4.44526666666666642e+02 1.21100149549118038e-03 2.41234391448366854e-06
 4.44526666666666642e+02 4.45213333333333310e+02 1.20592993866762421e-03 2.34947509732411747e-06
 4.45213333333333310e+02 4.45899999999999977e+02 1.20689734170622014e-03 3.24553493672190054e-06
 4.45899999999999977e+02 4.46586666666666645e+02 1.19994564799905828e-03 2.53305522617145127e-06
 4.46586666666666645e+02 4.47273333333333312e+02 1.19415809363149564e-03 2.28174936800058788e-06
 4.47273333333333312e+02 4.47959999999999980e+02 1.19047308542711964e-03 2.42879118460789028e-06
 4.47959999999999980e+02 4.48646666666666647e+02 1.18183104977519801e-03 2.35172119425926396e-06
 4.48646666666666647e+02 4.49333333333333314e+02 1.17819735439137299e-03 2.09719582863736023e-06
 4.49333333333333314e+02 4.50019999999999982e+02 1.17393157834662734e-03 2.08751314345443048e-06
 4.50019999999999982e+02 4.50706666666666649e+02 1.16665876339576663e-03 2.09696045352906695e-06
 4.50706666666666649e+02 4.51393333333333317e+02 1.16334910460634045e-03 2.41785484787266625e-06
 4.51393333333333317e+02 4.52079999999999984e+02 1.15848953161941859e-03 2.62923151801355247e-06
 4.52079999999999984e+02 4.52766666666666652e+02 1.15024594792314410e-03 2.44525314668108414e-06
 4.52766666666666652e+02 4.53453333333333319e+02 1.14607244449535994e-03 2.54612087203310117e-06
 4.53453333333333319e+02 4.54139999999999986e+02 1.14419408427886824e-03 2.63353687155554592e-06
 4.54139999999999986e+02 4.54826666666666654e+02 1.13498835584995624e-03 2.08009142526533595e-06
 4.54826666666666654e+02 4.55513333333333321e+02 1.13147076910952767e-03 2.37926950516926392e-06
 4.55513333333333321e+02 4.56199999999999989e+02 1.12732231989970985e-03 3.51371005137139140e-06
 4.56199999999999989e+02 4.56886666666666656e+02 1.11455839280533370e-03 2.41438089806218289e-06
 4.56886666666666656e+02 4.57573333333333323e+02 1.10874119224899179e-03 2.13864968473833699e-06
 4.57573333333333323e+02 4.58259999999999991e+02 1.10513308967863876e-03 2.29792502015691981e-06
 4.58259999999999991e+02 4.58946666666666658e+02 1.10194250834851721e-03 3.27184864109477230e-06
 4.58946666666666658e+02 4.59633333333333326e+02 1.08773723317366925e-03 2.52818546545431787e-06
 4.59633333333333326e+02 4.60319999999999993e+02 1.08628091150088910e-03 3.16564357007392617e-06
 4.60319999999999993e+02 4.61006666666666661e+02 1.07657563065621624e-03 2.99130083736865926e-06
 4.61006666666666661e+02 4.61693333333333328e+02 1.07037881146263957e-03 2.49891227705857813e-06
 4.61693333333333328e+02 4.62379999999999995e+02 1.05923823335287511e-03 2.65303167514656303e-06
 4.62379999999999995e+02 4.63066666666666663e+02 1.05157380191176365e-03 2.74143300738884710e-06
 4.63066666666666663e+02 4.63753333333333330e+02 1.04320456845368955e-03 2.37995006021047051e-06
 4.63753333333333330e+02 4.64439999999999998e+02 1.03983678314175949e-03 3.16084762681551829e-06
 4.64439999999999998e+02 4.65126666666666665e+02 1.02550116197801743e-03 2.31634346558097288e-06
 4.65126666666666665e+02 4.65813333333333333e+02 1.01311402649915364e-03 2.80857355267246610e-06
 4.65813333333333333e+02 4.66500000000000000e+02 9.99371422013690469e-04 2.11402133163601500e-06
 4.66500000000000000e+02 4.67186666666666667e+02 9.91401056294863997e-04 2.16198211200106909e-06
 4.67186666666666667e+02 4.67873333333333335e+02 9.79231964361562072e-04 2.09629918815922924e-06
 4.67873333333333335e+02 4.68560000000000002e+02 9.62844571261614428e-04 2.16172824744402956e-06
 4.68560000000000002e+02 4.69246666666666670e+02 9.57168198860936285e-04 2.97172982343595784e-06
 4.69246666666666670e+02 4.69933333333333337e+02 9.36878182359606512e-04 2.45836016200013823e-06
 4.69933333333333337e+02 4.70620000000000005e+02 9.25280952985644829e-04 3.35082499264444277e-06
 4.70620000000000005e+02 4.71306666666666672e+02 9.01951500124808440e-04 2.13124292870972329e-06
 4.71306666666666672e+02 4.71993333333333339e+02 8.87417694514371731e-04 3.11041956184087081e-06
 4.71993333333333339e+02 4.72680000000000007e+02 8.68751778752599587e-04 2.57738877558809723e-06
 4.72680000000000007e+02 4.73366666666666674e+02 8.44714261393224764e-04 2.00990325221594550e-06
 4.73366666666666674e+02 4.74053333333333342e+02 8.21118652126988716e-04 2.43513058002234193e-06
 4.74053333333333342e+02 4.74740000000000009e+02 7.93032015912648091e-04 2.18100904926607175e-06
 4.74740000000000009e+02 4.75426666666666677e+02 7.70975388563325636e-04 2.41145042205153863e-06
 4.75426666666666677e+02 4.76113333333333344e+02 7.43054943326906542e-04 2.77300727688045781e-06
 4.76113333333333344e+02 4.76800000000000011e+02 7.12644911490427206e-04 2.84903337505292326e-06
 4.76800000000000011e+02 4.77486666666666679e+02 6.77240826448933663e-04 1.91596174080284332e-06
 4.77486666666666679e+02 4.78173333333333346e+02 6.43987729093721431e-04 2.31167141559328644e-06
 4.78173333333333346e+02 4.78860000000000014e+02 6.10413442338151539e-04 2.53764832240354832e-06
 4.78860000000000014e+02 4.79546666666666681e+02 5.77129480582680649e-04 3.38254742679302411e-06
 4.79546666666666681e+02 4.80233333333333348e+02 5.37923121428694837e-04 2.37559350023692517e-06
 4.80233333333333348e+02 4.80920000000000016e+02 4.97922618118471047e-04 3.12412828078467181e-06
 4.80920000000000016e+02 4.81606666666666683e+02 4.58361338689599598e-04 2.68511246294462811e-06
 4.81606666666666683e+02 4.82293333333333351e+02 4.11228680382639362e-04 2.18649285880294772e-06
 4.82293333333333351e+02 4.82980000000000018e+02 3.69856509990695295e-04 1.74531047437972543e-06
 4.82980000000000018e+02 4.83666666666666686e+02 3.21057281315344689e-04 2.28694400499821862e-06
 4.83666666666666686e+02 4.84353333333333353e+02 2.71157930043585879e-04 1.42252193918506802e-06
 4.84353333333333353e+02 4.85040000000000020e+02 2.20687755222242474e-04 1.35337177801424682e-06
 4.85040000000000020e+02 4.85726666666666688e+02 1.66848791741183993e-04 1.14629086631425118e-06
 4.85726666666666688e+02 4.86413333333333355e+02 1.17201947139607390e-04 2.08153007919679651e-06
 4.86413333333333355e+02 4.87100000000000023e+02 6.55883511801223453e-05 5.93021521276959985e-07
 4.87100000000000023e+02 4.87786666666666690e+02 2.40639502606506440e-05 3.79267617740314544e-07
 4.87786666666666690e+02 4.88473333333333358e+02 2.38760769070743468e-06 1.01568218162163885e-07
 4.88473333333333358e+02 4.89160000000000025e+02 0.00000000000000000e+00 0.00000000000000000e+00
 4.89160000000000025e+02 4.89846666666666692e+02 0.00000000000000000e+00 0.00000000000000000e+00
 4.89846666666666692e+02 4.90533333333333360e+02 0.00000000000000000e+00 0.00000000000000000e+00
 4.90533333333333360e+02 4.91220000000000027e+02 0.00000000000000000e+00 0.00000000000000000e+00
 4.91220000000000027e+02 4.91906666666666695e+02 0.00000000000000000e+00 0.00000000000000000e+00
 4.91906666666666695e+02 4.92593333333333305e+02 0.00000000000000000e+00 0.00000000000000000e+00
 4.92593333333333305e+02 4.93279999999999973e+02 0.00000000000000000e+00 0.00000000000000000e+00
 4.93279999999999973e+02 4.93966666666666640e+02 0.00000000000000000e+00 0.00000000000000000e+00
 4.93966666666666640e+02 4.94653333333333308e+02 0.00000000000000000e+00 0.00000000000000000e+00
 4.94653333333333308e+02 4.95339999999999975e+02 0.00000000000000000e+00 0.00000000000000000e+00
 4.95339999999999975e+02 4.96026666666666642e+02 0.00000000000000000e+00 0.00000000000000000e+00
 4.96026666666666642e+02 4.96713333333333310e+02 0.00000000000000000e+00 0.00000000000000000e+00
 4.96713333333333310e+02 4.97399999999999977e+02 0.00000000000000000e+00 0.00000000000000000e+00
 4.97399999999999977e+02 4.98086666666666645e+02 0.00000000000000000e+00 0.00000000000000000e+00
 4.98086666666666645e+02 4.98773333333333312e+02 0.00000000000000000e+00 0.00000000000000000e+00
 4.98773333333333312e+02 4.99459999999999980e+02 0.00000000000000000e+00 0.00000000000000000e+00
 4.99459999999999980e+02 5.00146666666666647e+02 0.00000000000000000e+00 0.00000000000000000e+00
 5.00146666666666647e+02 5.00833333333333314e+02 0.00000000000000000e+00 0.00000000000000000e+00
 5.00833333333333314e+02 5.01519999999999982e+02 0.00000000000000000e+00 0.00000000000000000e+00
 5.01519999999999982e+02 5.02206666666666649e+02 0.00000000000000000e+00 0.00000000000000000e+00
 5.02206666666666649e+02 5.02893333333333317e+02 0.00000000000000000e+00 0.00000000000000000e+00
 5.02893333333333317e+02 5.03579999999999984e+02 0.00000000000000000e+00 0.00000000000000000e+00
 5.03579999999999984e+02 5.04266666666666652e+02 0.00000000000000000e+00 0.00000000000000000e+00
 5.04266666666666652e+02 5.04953333333333319e+02 0.00000000000000000e+00 0.00000000000000000e+00
 5.04953333333333319e+02 5.05639999999999986e+02 0.00000000000000000e+00 0.00000000000000000e+00
 5.05639999999999986e+02 5.06326666666666654e+02 0.00000000000000000e+00 0.00000000000000000e+00
 5.06326666666666654e+02 5.07013333333333321e+02 0.00000000000000000e+00 0.00000000000000000e+00
 5.07013333333333321e+02 5.07699999999999989e+02 0.00000000000000000e+00 0.00000000000000000e+00
 5.07699999999999989e+02 5.08386666666666656e+02 0.00000000000000000e+00 0.00000000000000000e+00
 5.08386666666666656e+02 5.09073333333333323e+02 0.00000000000000000e+00 0.00000000000000000e+00
 5.09073333333333323e+02 5.09759999999999991e+02 0.00000000000000000e+00 0.00000000000000000e+00
 5.09759999999999991e+02 5.10446666666666658e+02 0.00000000000000000e+00 0.00000000000000000e+00
 5.10446666666666658e+02 5.11133333333333326e+02 0.00000000000000000e+00 0.00000000000000000e+00
 5.11133333333333326e+02 5.11819999999999993e+02 0.00000000000000000e+00 0.00000000000000000e+00
 5.11819999999999993e+02 5.12506666666666661e+02 0.00000000000000000e+00 0.00000000000000000e+00
 5.12506666666666661e+02 5.13193333333333385e+02 0.00000000000000000e+00 0.00000000000000000e+00
 5.13193333333333385e+02 5.13879999999999995e+02 0.00000000000000000e+00 0.00000000000000000e+00
 5.13879999999999995e+02 5.14566666666666606e+02 0.00000000000000000e+00 0.00000000000000000e+00
 5.14566666666666606e+02 5.15253333333333330e+02 0.00000000000000000e+00 0.00000000000000000e+00
 5.15253333333333330e+02 5.15940000000000055e+02 0.00000000000000000e+00 0.00000000000000000e+00
 5.15940000000000055e+02 5.16626666666666665e+02 0.00000000000000000e+00 0.00000000000000000e+00
 5.16626666666666665e+02 5.17313333333333276e+02 0.00000000000000000e+00 0.00000000000000000e+00
 5.17313333333333276e+02 5.18000000000000000e+02 0.00000000000000000e+00 0.00000000000000000e+00

Histogram:lmxx
 3.16000000000000000e+02 3.17009999999999991e+02 1.93228888256770763e-05 1.09893560530163570e-06
 3.17009999999999991e+02 3.18019999999999982e+02 2.08249042996127706e-05 9.98473158144162560e-07
 3.18019999999999982e+02 3.19029999999999973e+02 2.21068767243692419e-05 9.93479406324260242e-07
 3.19029999999999973e+02 3.20040000000000020e+02 2.31130096868714938e-05 1.09493025133513582e-06
 3.20040000000000020e+02 3.21050000000000011e+02 2.41681346693657871e-05 1.06144364092363737e-06
 3.21050000000000011e+02 3.22060000000000002e+02 2.29016139003402238e-05 9.24820900866611718e-07
 3.22060000000000002e+02 3.23069999999999993e+02 2.76930898908611432e-05 1.23962661629589312e-06
 3.23069999999999993e+02 3.24079999999999984e+02 2.47442336228370409e-05 8.56487904639197779e-07
 3.24079999999999984e+02 3.25089999999999975e+02 2.65208869670522445e-05 1.17696254385558955e-06
 3.25089999999999975e+02 3.26100000000000023e+02 2.55946787216887684e-05 8.74724550697676979e-07
 3.26100000000000023e+02 3.27110000000000014e+02 2.73965677483721768e-05 9.60759908191047029e-07
 3.27110000000000014e+02 3.28120000000000005e+02 2.69042467192118010e-05 9.65253131782784671e-07
 3.28120000000000005e+02 3.29129999999999995e+02 2.72460375148381595e-05 9.33034940254138165e-07
 3.29129999999999995e+02 3.30139999999999986e+02 2.90156556882820027e-05 9.70806575643554576e-07
 3.30139999999999986e+02 3.31149999999999977e+02 2.76968890486604934e-05 9.01726088867779814e-07
 3.31149999999999977e+02 3.32160000000000025e+02 2.83474083987711863e-05 9.71422255366884777e-07
 3.32160000000000025e+02 3.33170000000000016e+02 2.85700147914221994e-05 9.11229333306486646e-07
 3.33170000000000016e+02 3.34180000000000007e+02 2.73959225897670521e-05 9.17054734770057018e-07
 3.34180000000000007e+02 3.35189999999999998e+02 2.94410958278007505e-05 1.01892441637289117e-06
 3.35189999999999998e+02 3.36199999999999989e+02 3.02379760644576269e-05 8.58045982354144284e-07
 3.36199999999999989e+02 3.37209999999999980e+02 2.99944255015535585e-05 8.68448211163746603e-07
 3.37209999999999980e+02 3.38220000000000027e+02 2.88519537361029839e-05 8.66433237415886242e-07
 3.38220000000000027e+02 3.39230000000000018e+02 2.97617990962144530e-05 8.52968755811335357e-07
 3.39230000000000018e+02 3.40240000000000009e+02 3.15736522617759806e-05 8.79770248302928094e-07
 3.40240000000000009e+02 3.41250000000000000e+02 3.29748858877585766e-05 1.13271619430463842e-06
 3.41250000000000000e+02 3.42259999999999991e+02 3.21637629605567088e-05 8.59636511836789761e-07
 3.42259999999999991e+02 3.43269999999999982e+02 3.21636291189523918e-05 7.75400127597603296e-07
 3.43269999999999982e+02 3.44279999999999973e+02 3.08635903870567465e-05 8.36867390677720865e-07
 3.44279999999999973e+02 3.45290000000000020e+02 3.09423261629013913e-05 7.42387562966083074e-07
 3.45290000000000020e+02 3.46300000000000011e+02 3.10228224005539498e-05 7.66389718284911448e-07
 3.46300000000000011e+02 3.47310000000000002e+02 3.19338590391680135e-05 7.56456198553426563e-07
 3.47310000000000002e+02 3.48319999999999993e+02 3.33075678251370667e-05 9.08900704045036218e-07
 3.48319999999999993e+02 3.49329999999999984e+02 3.37988948943594727e-05 8.08442476654447288e-07
 3.49329999999999984e+02 3.50340000000000032e+02 3.45505202372118974e-05 7.99554540667555547e-07
 3.50340000000000032e+02 3.51350000000000023e+02 3.29757202852869899e-05 7.39210941171798543e-07
 3.51350000000000023e+02 3.52360000000000014e+02 3.45184858689962716e-05 8.62043402185572916e-07
 3.52360000000000014e+02 3.53370000000000005e+02 3.39270894186954796e-05 1.14815459602060970e-06
 3.53370000000000005e+02 3.54379999999999995e+02 3.43090350352821905e-05 7.80312469310955311e-07
 3.54379999999999995e+02 3.55389999999999986e+02 3.55871164011905221e-05 7.59217661738603602e-07
 3.55389999999999986e+02 3.56399999999999977e+02 3.53664523571257700e-05 7.99818087681219280e-07
 3.56399999999999977e+02 3.57409999999999968e+02 3.51636650003670238e-05 8.77487348959439003e-07
 3.57409999999999968e+02 3.58420000000000016e+02 3.52184748332056533e-05 7.80379545538614270e-07
 3.58420000000000016e+02 3.59430000000000007e+02 3.56048740807610178e-05 8.07348458122384831e-07
 3.59430000000000007e+02 3.60439999999999998e+02 3.53561763915164902e-05 7.12104755136231930e-07
 3.60439999999999998e+02 3.61449999999999989e+02 3.62741998528605438e-05 7.41172149309793697e-07
 3.61449999999999989e+02 3.62459999999999980e+02 3.69099057445615347e-05 7.46926845383672542e-07
 3.62459999999999980e+02 3.63470000000000027e+02 3.68025006011611281e-05 8.32760916973348100e-07
 3.63470000000000027e+02 3.64480000000000018e+02 3.70836923614061803e-05 7.17904704848371425e-07
 3.64480000000000018e+02 3.65490000000000009e+02 3.70454085801223874e-05 8.53898534714317673e-07
 3.65490000000000009e+02 3.66500000000000000e+02 3.76064313098616176e-05 8.13929372744039334e-07
 3.66500000000000000e+02 3.67509999999999991e+02 3.91372795676146924e-05 1.09471259155878818e-06
 3.67509999999999991e+02 3.68519999999999982e+02 3.90804112980639649e-05 7.95899823940183351e-07
 3.68519999999999982e+02 3.69529999999999973e+02 3.67626415530579096e-05 8.03151827386347449e-07
 3.69529999999999973e+02 3.70540000000000020e+02 3.74661723580129431e-05 6.77940153406954088e-07
 3.70540000000000020e+02 3.71550000000000011e+02 3.82381078274891408e-05 7.99443764436604045e-07
 3.71550000000000011e+02 3.72560000000000002e+02 3.85130902470868239e-05 6.76237333120526633e-07
 3.72560000000000002e+02 3.73569999999999993e+02 3.82105177880094716e-05 7.09956948339366165e-07
 3.73569999999999993e+02 3.74579999999999984e+02 3.90522088391154665e-05 7.07882027187709758e-07
 3.74579999999999984e+02 3.75590000000000032e+02 3.90186453207481168e-05 6.90838022026557536e-07
 3.75590000000000032e+02 3.76600000000000023e+02 3.82743546086153867e-05 6.86258114983205345e-07
 3.76600000000000023e+02 3.77610000000000014e+02 4.06919957097989687e-05 8.32253779336552449e-07
 3.77610000000000014e+02 3.78620000000000005e+02 3.98294118935760036e-05 7.24784147587413766e-07
 3.78620000000000005e+02 3.79629999999999995e+02 3.89540614282149318e-05 6.61156989918161648e-07
 3.79629999999999995e+02 3.80639999999999986e+02 4.06488391283275070e-05 7.07287362227178037e-07
 3.80639999999999986e+02 3.81649999999999977e+02 4.23012306718944481e-05 8.07603842821801284e-07
 3.81649999999999977e+02 3.82659999999999968e+02 4.19088537951921856e-05 7.17534116510186151e-07
 3.82659999999999968e+02 3.83670000000000016e+02 4.11241497139250083e-05 6.42514115427421136e-07
 3.83670000000000016e+02 3.84680000000000007e+02 4.23547814621486751e-05 7.04493580792768305e-07
 3.84680000000000007e+02 3.85689999999999998e+02 4.15343277113405598e-05 6.64174952400953542e-07
 3.85689999999999998e+02 3.86699999999999989e+02 4.29489732068439255e-05 7.41403512702163145e-07
 3.86699999999999989e+02 3.87709999999999980e+02 4.19341894033201375e-05 6.86639293166414064e-07
 3.87709999999999980e+02 3.88720000000000027e+02 4.15366087882086300e-05 7.20220445446398062e-07
 3.88720000000000027e+02 3.89730000000000018e+02 4.34361234616413100e-05 7.34837291342914725e-07
 3.89730000000000018e+02 3.90740000000000009e+02 4.31831833028215669e-05 7.20147768509996052e-07
 3.90740000000000009e+02 3.91750000000000000e+02 4.27570088586796021e-05 6.45191334109976843e-07
 3.91750000000000000e+02 3.92759999999999991e+02 4.36171002955582619e-05 6.89718214633127950e-07
 3.92759999999999991e+02 3.93769999999999982e+02 4.40637950088083188e-05 7.11281222461637972e-07
 3.93769999999999982e+02 3.94779999999999973e+02 4.30973628434512391e-05 6.55902292953936227e-07
 3.94779999999999973e+02 3.95790000000000020e+02 4.45337435375497829e-05 6.89475848133977296e-07
 3.95790000000000020e+02 3.96800000000000011e+02 4.36431439828768657e-05 8.65963799486139019e-07
 3.96800000000000011e+02 3.97810000000000002e+02 4.36225219830179835e-05 6.41488066767523481e-07
 3.97810000000000002e+02 3.98819999999999993e+02 4.50594032688677993e-05 6.91668747796092816e-07
 3.98819999999999993e+02 3.99829999999999984e+02 4.51362038212196773e-05 7.21765730190564314e-07
 3.99829999999999984e+02 4.00840000000000032e+02 4.54324411919437385e-05 7.01107438647198320e-07
 4.00840000000000032e+02 4.01850000000000023e+02 4.62413027714704113e-05 7.05106021044597831e-07
 4.01850000000000023e+02 4.02860000000000014e+02 4.55262708584306593e-05 6.73708407411957763e-07
 4.02860000000000014e+02 4.03870000000000005e+02 4.56086593403481352e-05 7.46360042321071400e-07
 4.03870000000000005e+02 4.04879999999999995e+02 4.58883988541458290e-05 6.97192267091338186e-07
 4.04879999999999995e+02 4.05889999999999986e+02 4.64524885423164461e-05 6.53962666991143001e-07
 4.05889999999999986e+02 4.06899999999999977e+02 4.66946956289916487e-05 7.54629557387303389e-07
 4.06899999999999977e+02 4.07909999999999968e+02 4.79568415759799716e-05 7.17101362658055079e-07
 4.07909999999999968e+02 4.08920000000000016e+02 4.76332187051971777e-05 6.54356245885626973e-07
 4.08920000000000016e+02 4.09930000000000007e+02 4.86427722965269678e-05 7.08481673547958831e-07
 4.09930000000000007e+02 4.10939999999999998e+02 4.84536971526334788e-05 7.03361170451533864e-07
 4.10939999999999998e+02 4.11949999999999989e+02 4.75017729642273652e-05 7.19378189590869559e-07
 4.11949999999999989e+02 4.12959999999999980e+02 4.93665572886240831e-05 6.71028746598576265e-07
 4.12959999999999980e+02 4.13970000000000027e+02 5.00883579920405041e-05 1.40108418061323811e-06
 4.13970000000000027e+02 4.14980000000000018e+02 5.03757032462417013e-05 8.96633933316448838e-07
 4.14980000000000018e+02 4.15990000000000009e+02 4.93204122920264763e-05 6.95160693058126112e-07
 4.15990000000000009e+02 4.17000000000000000e+02 5.06131038061195752e-05 7.01285119001978329e-07
 4.17000000000000000e+02 4.18009999999999991e+02 4.96413132339602146e-05 7.40897882454536107e-07
 4.18009999999999991e+02 4.19019999999999982e+02 5.16288584076371958e-05 6.83222489512401599e-07
 4.19019999999999982e+02 4.20029999999999973e+02 5.02883870404579415e-05 6.25082610139131171e-07
 4.20029999999999973e+02 4.21040000000000020e+02 5.03498792890750923e-05 7.40341642114913993e-07
 4.21040000000000020e+02 4.22050000000000011e+02 5.18859365768150265e-05 8.15451662438290482e-07
 4.22050000000000011e+02 4.23060000000000002e+02 5.15733618275100676e-05 6.89323472542211336e-07
 4.23060000000000002e+02 4.24069999999999993e+02 5.04278447682796445e-05 6.87282096930161214e-07
 4.24069999999999993e+02 4.25079999999999984e+02 5.18519538097820263e-05 7.19816651575149477e-07
 4.25079999999999984e+02 4.26090000000000032e+02 5.30663301511154339e-05 7.98726001744719049e-07
 4.26090000000000032e+02 4.27100000000000023e+02 5.16289188290648226e-05 6.77801743292667953e-07
 4.27100000000000023e+02 4.28110000000000014e+02 5.26597514971694709e-05 6.79320876235370364e-07
 4.28110000000000014e+02 4.29120000000000005e+02 5.26318769877206214e-05 7.31374720634791676e-07
 4.29120000000000005e+02 4.30129999999999995e+02 5.27655494290811978e-05 8.49896365783993317e-07
 4.30129999999999995e+02 4.31139999999999986e+02 5.44477217316144705e-05 8.78466198606372070e-07
 4.31139999999999986e+02 4.32149999999999977e+02 5.37301223245948662e-05 7.28026801523896950e-07
 4.32149999999999977e+02 4.33159999999999968e+02 5.40155750904421563e-05 6.91603383599086778e-07
 4.33159999999999968e+02 4.34170000000000016e+02 5.51754476515639220e-05 7.64753199362839612e-07
 4.34170000000000016e+02 4.35180000000000007e+02 5.56725528296356036e-05 7.34034923813403549e-07
 4.35180000000000007e+02 4.36189999999999998e+02 5.38288795107711991e-05 6.45003367507767668e-07
 4.36189999999999998e+02 4.37199999999999989e+02 5.60558468420916742e-05 1.28873246471888731e-06
 4.37199999999999989e+02 4.38209999999999980e+02 5.58608650171979910e-05 7.15606286903051062e-07
 4.38209999999999980e+02 4.39220000000000027e+02 5.57174372704183896e-05 7.07750714340569995e-07
 4.39220000000000027e+02 4.40230000000000018e+02 5.80996135269003998e-05 8.07319480408576214e-07
 4.40230000000000018e+02 4.41240000000000009e+02 5.73483763257659669e-05 6.87988227366065705e-07
 4.41240000000000009e+02 4.42250000000000000e+02 5.76548867091774788e-05 8.86387330652311601e-07
 4.42250000000000000e+02 4.43259999999999991e+02 5.76265402502840166e-05 7.26425290628121293e-07
 4.43259999999999991e+02 4.44269999999999982e+02 5.84807120823956349e-05 6.81504173524985361e-07
 4.44269999999999982e+02 4.45279999999999973e+02 5.83449555833527849e-05 7.49786386352794899e-07
 4.45279999999999973e+02 4.46289999999999964e+02 5.88296533461047316e-05 7.06425227667907347e-07
 4.46289999999999964e+02 4.47300000000000011e+02 5.84151303712780455e-05 6.84761433765996520e-07
 4.47300000000000011e+02 4.48310000000000002e+02 5.97508761460390766e-05 6.82260229078468027e-07
 4.48310000000000002e+02 4.49319999999999993e+02 5.95501825776772445e-05 6.97420034405244092e-07
 4.49319999999999993e+02 4.50330000000000041e+02 5.98768691154897621e-05 6.84981319285436342e-07
 4.50330000000000041e+02 4.51340000000000032e+02 5.98357725973383653e-05 7.09739558619168577e-07
 4.51340000000000032e+02 4.52350000000000023e+02 6.21061957792814090e-05 1.43200156581801558e-06
 4.52350000000000023e+02 4.53360000000000014e+02 6.16538097727150968e-05 8.59609206330648136e-07
 4.53360000000000014e+02 4.54370000000000005e+02 6.08856389325718257e-05 7.22083945005045598e-07
 4.54370000000000005e+02 4.55379999999999995e+02 6.20151893625274302e-05 7.31140384173077032e-07
 4.55379999999999995e+02 4.56389999999999986e+02 6.27516883422594898e-05 6.98437894800162045e-07
 4.56389999999999986e+02 4.57399999999999977e+02 6.26894279963544581e-05 6.81189966856203306e-07
 4.57399999999999977e+02 4.58409999999999968e+02 6.29780686669195006e-05 7.12049560308717376e-07
 4.58409999999999968e+02 4.59419999999999959e+02 6.31558323782779451e-05 7.25940302454281012e-07
 4.59419999999999959e+02 4.60430000000000007e+02 6.37237733672003844e-05 7.15766942225752102e-07
 4.60430000000000007e+02 4.61439999999999998e+02 6.37980219115339900e-05 6.68218146258605388e-07
 4.61439999999999998e+02 4.62449999999999989e+02 6.46650869419062891e-05 6.94488061827293031e-07
 4.62449999999999989e+02 4.63460000000000036e+02 6.43130012236293037e-05 6.91584620850904609e-07
 4.63460000000000036e+02 4.64470000000000027e+02 6.64983604367587808e-05 7.23326335968455596e-07
 4.64470000000000027e+02 4.65480000000000018e+02 6.67364533849105942e-05 6.97240486592626686e-07
 4.65480000000000018e+02 4.66490000000000009e+02 6.84285716897053167e-05 7.27038306292029988e-07
 4.66490000000000009e+02 4.67500000000000000e+02 6.64330329895665558e-05 6.56794522470838020e-07
 4.67500000000000000e+02 4.68509999999999991e+02 6.73726735842400122e-05 6.60369571897875262e-07
 4.68509999999999991e+02 4.69519999999999982e+02 6.75054122652097617e-05 7.85589784634754255e-07
 4.69519999999999982e+02 4.70529999999999973e+02 6.85199544800532348e-05 7.14164139172091594e-07
 4.70529999999999973e+02 4.71539999999999964e+02 6.90133302648754772e-05 7.05471693092375591e-07
 4.71539999999999964e+02 4.72550000000000011e+02 6.71502745434139284e-05 6.71808384184526967e-07
 4.72550000000000011e+02 4.73560000000000002e+02 6.85004641832365104e-05 6.88431242390404774e-07
 4.73560000000000002e+02 4.74569999999999993e+02 6.99831537927321544e-05 6.86443355976765405e-07
 4.74569999999999993e+02 4.75580000000000041e+02 7.08312886618889882e-05 8.05602963123034939e-07
 4.75580000000000041e+02 4.76590000000000032e+02 7.18270582383107145e-05 7.10140208833741245e-07
 4.76590000000000032e+02 4.77600000000000023e+02 7.26256979104073663e-05 7.97024069787822184e-07
 4.77600000000000023e+02 4.78610000000000014e+02 7.22882555240401015e-05 6.91278307873681801e-07
 4.78610000000000014e+02 4.79620000000000005e+02 7.23960174541700700e-05 6.73986888470738034e-07
 4.79620000000000005e+02 4.80629999999999995e+02 7.34980362035830527e-05 7.64587983126899282e-07
 4.80629999999999995e+02 4.81639999999999986e+02 7.37275168230150423e-05 6.81195704847402061e-07
 4.81639999999999986e+02 4.82649999999999977e+02 7.43443026847454100e-05 7.80436770465320992e-07
 4.82649999999999977e+02 4.83659999999999968e+02 7.52456345519081723e-05 7.53446007865960621e-07
 4.83659999999999968e+02 4.84669999999999959e+02 7.61154094609131046e-05 7.85921008975880148e-07
 4.84669999999999959e+02 4.85680000000000007e+02 7.60903742641985020e-05 8.11440244659663069e-07
 4.85680000000000007e+02 4.86689999999999998e+02 7.74553520225665154e-05 7.62729273995426249e-07
 4.86689999999999998e+02 4.87699999999999989e+02 7.72033813707290227e-05 7.20491603538971147e-07
 4.87699999999999989e+02 4.88710000000000036e+02 7.66850242009889252e-05 6.49968973358418097e-07
 4.88710000000000036e+02 4.89720000000000027e+02 7.78254545801184013e-05 6.91983712935151160e-07
 4.89720000000000027e+02 4.90730000000000018e+02 7.80049704978850252e-05 6.72981588800718746e-07
 4.90730000000000018e+02 4.91740000000000009e+02 8.09332855975957496e-05 8.85930989532228739e-07
 4.91740000000000009e+02 4.92750000000000000e+02 7.96414880015727642e-05 7.43486697737445074e-07
 4.92750000000000000e+02 4.93759999999999991e+02 8.14412877105506506e-05 7.20904925460650532e-07
 4.93759999999999991e+02 4.94769999999999982e+02 8.05229706084395404e-05 7.14814299344650728e-07
 4.94769999999999982e+02 4.95779999999999973e+02 8.23611615299801262e-05 7.72348428429174990e-07
 4.95779999999999973e+02 4.96789999999999964e+02 8.22878895496226764e-05 7.25635529194397673e-07
 4.96789999999999964e+02 4.97800000000000011e+02 8.30668607242535426e-05 7.48335065001909353e-07
 4.97800000000000011e+02 4.98810000000000002e+02 8.49679947914619486e-05 9.38055765338241551e-07
 4.98810000000000002e+02 4.99819999999999993e+02 8.38076382749893998e-05 7.08827425675725991e-07
 4.99819999999999993e+02 5.00830000000000041e+02 8.46199845368381207e-05 7.26597453674233495e-07
 5.00830000000000041e+02 5.01840000000000032e+02 8.54306208568577735e-05 7.16510275686320562e-07
 5.01840000000000032e+02 5.02850000000000023e+02 8.70952244679453218e-05 8.09681999087335642e-07
 5.02850000000000023e+02 5.03860000000000014e+02 8.72741665067535398e-05 6.94143638948123638e-07
 5.03860000000000014e+02 5.04870000000000005e+02 8.73719302770555441e-05 7.38239185686054263e-07
 5.04870000000000005e+02 5.05879999999999995e+02 8.86917928980164854e-05 6.96756072424398174e-07
 5.05879999999999995e+02 5.06889999999999986e+02 9.02658722132634780e-05 1.05411183479691056e-06
 5.06889999999999986e+02 5.07899999999999977e+02 9.06803576036243714e-05 7.14428279601645361e-07
 5.07899999999999977e+02 5.08909999999999968e+02 9.12522284055004591e-05 7.13214698078331768e-07
 5.08909999999999968e+02 5.09919999999999959e+02 9.15229814377497365e-05 7.36132177220293017e-07
 5.09919999999999959e+02 5.10930000000000007e+02 9.32140379569132801e-05 8.20238277920618340e-07
 5.10930000000000007e+02 5.11939999999999998e+02 9.22341150704517683e-05 6.87767978791557578e-07
 5.11939999999999998e+02 5.12950000000000045e+02 9.49102959936318241e-05 7.15199514133181408e-07
 5.12950000000000045e+02 5.13960000000000036e+02 9.51195604077681325e-05 7.01306491302837361e-07
 5.13960000000000036e+02 5.14970000000000027e+02 1.00650259998612965e-04 5.68362726277539778e-06
 5.14970000000000027e+02 5.15980000000000018e+02 9.65419389054805808e-05 7.56305456556556188e-07
 5.15980000000000018e+02 5.16990000000000009e+02 9.80157141736574166e-05 7.54008722347811405e-07
 5.16990000000000009e+02 5.18000000000000000e+02 9.91668575659899326e-05 7.11509337797465718e-07
 5.18000000000000000e+02 5.19009999999999991e+02 9.86068714951042155e-05 8.11012102091314608e-07
 5.19009999999999991e+02 5.20019999999999982e+02 1.01051063445047046e-04 7.76399193030207446e-07
 5.20019999999999982e+02 5.21029999999999973e+02 1.00422916366228661e-04 7.46524238890450068e-07
 5.21029999999999973e+02 5.22039999999999964e+02 1.00724040568304324e-04 7.17702334553166007e-07
 5.22039999999999964e+02 5.23049999999999955e+02 1.03377650716029871e-04 7.44912658157489072e-07
 5.23049999999999955e+02 5.24059999999999945e+02 1.05161924920054491e-04 7.61069049219771132e-07
 5.24059999999999945e+02 5.25069999999999936e+02 1.04553371155853393e-04 7.28109452646811773e-07
 5.25069999999999936e+02 5.26080000000000041e+02 1.06752742038546748e-04 8.35069880334167588e-07
 5.26080000000000041e+02 5.27090000000000032e+02 1.05914285885457779e-04 7.94668598499019195e-07
 5.27090000000000032e+02 5.28100000000000023e+02 1.08247938765489561e-04 8.39015636683269189e-07
 5.28100000000000023e+02 5.29110000000000014e+02 1.08857887028238938e-04 8.24920887942445802e-07
 5.29110000000000014e+02 5.30120000000000005e+02 1.10050394554456915e-04 7.66184909890106547e-07
 5.30120000000000005e+02 5.31129999999999995e+02 1.10206698841179351e-04 7.30499195879944493e-07
 5.31129999999999995e+02 5.32139999999999986e+02 1.13190297003887378e-04 1.17224562856977715e-06
 5.32139999999999986e+02 5.33149999999999977e+02 1.13347832558020203e-04 7.88989938712089706e-07
 5.33149999999999977e+02 5.34159999999999968e+02 1.14501342587923694e-04 7.54833590846576333e-07
 5.34159999999999968e+02 5.35169999999999959e+02 1.14783404013714860e-04 8.09044249831247540e-07
 5.35169999999999959e+02 5.36180000000000064e+02 1.16479849668047882e-04 7.83536876409785895e-07
 5.36180000000000064e+02 5.37190000000000055e+02 1.17883133367696508e-04 8.33490672519130489e-07
 5.37190000000000055e+02 5.38200000000000045e+02 1.18034132140129529e-04 8.70065099675939033e-07
 5.38200000000000045e+02 5.39210000000000036e+02 1.19426633015531531e-04 7.66847682295205881e-07
 5.39210000000000036e+02 5.40220000000000027e+02 1.18512721313277994e-04 8.05435317190862620e-07
 5.40220000000000027e+02 5.41230000000000018e+02 1.22309059034560007e-04 7.93179212061476976e-07
 5.41230000000000018e+02 5.42240000000000009e+02 1.23882084545418427e-04 8.68670284062426044e-07
 5.42240000000000009e+02 5.43250000000000000e+02 1.24626039074471763e-04 8.07614761326858344e-07
 5.43250000000000000e+02 5.44259999999999991e+02 1.24171452045277391e-04 8.32126520078514240e-07
 5.44259999999999991e+02 5.45269999999999982e+02 1.24498035748050312e-04 7.87123482416497113e-07
 5.45269999999999982e+02 5.46279999999999973e+02 1.27137068686879141e-04 7.84909937839721189e-07
 5.46279999999999973e+02 5.47289999999999964e+02 1.28832055801555653e-04 8.86935688820573969e-07
 5.47289999999999964e+02 5.48299999999999955e+02 1.28384266457299228e-04 8.09728749552760202e-07
 5.48299999999999955e+02 5.49309999999999945e+02 1.29759453541499837e-04 7.44759845965576770e-07
 5.49309999999999945e+02 5.50319999999999936e+02 1.33590912152046928e-04 8.61596233441523262e-07
 5.50319999999999936e+02 5.51330000000000041e+02 1.32986794836231396e-04 8.58478748770219559e-07
 5.51330000000000041e+02 5.52340000000000032e+02 1.33935137733913045e-04 8.07635083175704599e-07
 5.52340000000000032e+02 5.53350000000000023e+02 1.34049163332160151e-04 7.72895840469483247e-07
 5.53350000000000023e+02 5.54360000000000014e+02 1.39264724026075070e-04 9.44152929518378477e-07
 5.54360000000000014e+02 5.55370000000000005e+02 1.37867139104346382e-04 7.97999436349337554e-07
 5.55370000000000005e+02 5.56379999999999995e+02 1.39412651609848706e-04 9.23539493726244498e-07
 5.56379999999999995e+02 5.57389999999999986e+02 1.41156156107328644e-04 8.38094820813928488e-07
 5.57389999999999986e+02 5.58399999999999977e+02 1.40665627421821009e-04 7.86632760533350869e-07
 5.58399999999999977e+02 5.59409999999999968e+02 1.42058593566951613e-04 9.13519355418546223e-07
 5.59409999999999968e+02 5.60419999999999959e+02 1.47400577225183319e-04 1.93049180631775055e-06
 5.60419999999999959e+02 5.61430000000000064e+02 1.47068913833680286e-04 8.41557963233936414e-07
 5.61430000000000064e+02 5.62440000000000055e+02 1.47729989393806475e-04 8.12346607373815352e-07
 5.62440000000000055e+02 5.63450000000000045e+02 1.48554363346397933e-04 8.27920540491598247e-07
 5.63450000000000045e+02 5.64460000000000036e+02 1.49793106835034641e-04 8.35236478759920733e-07
 5.64460000000000036e+02 5.65470000000000027e+02 1.51389345654653781e-04 9.42104097728036979e-07
 5.65470000000000027e+02 5.66480000000000018e+02 1.52753184374375867e-04 8.04647265336250614e-07
 5.66480000000000018e+02 5.67490000000000009e+02 1.53802473532620073e-04 8.49624733219877812e-07
 5.67490000000000009e+02 5.68500000000000000e+02 1.55463808072157174e-04 9.22444263214917139e-07
 5.68500000000000000e+02 5.69509999999999991e+02 1.57177362218850118e-04 8.05129087747678716e-07
 5.69509999999999991e+02 5.70519999999999982e+02 1.59171947162961504e-04 8.46717712957089804e-07
 5.70519999999999982e+02 5.71529999999999973e+02 1.59017615580104400e-04 1.09898781915607170e-06
 5.71529999999999973e+02 5.72539999999999964e+02 1.58866887068002759e-04 7.90485959683797719e-07
 5.72539999999999964e+02 5.73549999999999955e+02 1.63816591040671759e-04 8.76377625550220986e-07
 5.73549999999999955e+02 5.74559999999999945e+02 1.69509947053755926e-04 5.19556729886648382e-06
 5.74559999999999945e+02 5.75569999999999936e+02 1.65714296930595826e-04 8.69124056073660300e-07
 5.75569999999999936e+02 5.76579999999999927e+02 1.67303906431751591e-04 8.30682105901418428e-07
 5.76579999999999927e+02 5.77589999999999918e+02 1.69602702341878510e-04 1.29340538873302172e-06
 5.77589999999999918e+02 5.78600000000000023e+02 1.70180147305910661e-04 1.02182760153710440e-06
 5.78600000000000023e+02 5.79610000000000014e+02 1.70558454778575627e-04 8.03169011511804965e-07
 5.79610000000000014e+02 5.80620000000000005e+02 1.72515731749227358e-04 8.47285235649039352e-07
 5.80620000000000005e+02 5.81629999999999995e+02 1.75497120592452220e-04 8.26169847949921953e-07
 5.81629999999999995e+02 5.82639999999999986e+02 1.77212070411507134e-04 9.19315474065221480e-07
 5.82639999999999986e+02 5.83649999999999977e+02 1.79452945931461689e-04 8.84252091260876627e-07
 5.83649999999999977e+02 5.84660000000000082e+02 1.80360067796008893e-04 8.59704138040863388e-07
 5.84660000000000082e+02 5.85670000000000073e+02 1.81284771033651186e-04 9.29209518439633121e-07
 5.85670000000000073e+02 5.86680000000000064e+02 1.82990937840198521e-04 8.42227873554453320e-07
 5.86680000000000064e+02 5.87690000000000055e+02 1.85439082717877765e-04 9.10846659867774545e-07
 5.87690000000000055e+02 5.88700000000000045e+02 1.86760480367739382e-04 9.58718476351279732e-07
 5.88700000000000045e+02 5.89710000000000036e+02 1.89111426953347432e-04 8.94662540475563731e-07
 5.89710000000000036e+02 5.90720000000000027e+02 1.90113960552664753e-04 9.11111383420673458e-07
 5.90720000000000027e+02 5.91730000000000018e+02 1.91479223289994934e-04 9.44899405259264089e-07
 5.91730000000000018e+02 5.92740000000000009e+02 1.93711218946817439e-04 9.00950184198743850e-07
 5.92740000000000009e+02 5.93750000000000000e+02 1.96088298957319672e-04 8.85752338198814896e-07
 5.93750000000000000e+02 5.94759999999999991e+02 2.00246544837891905e-04 1.09699570332574877e-06
 5.94759999999999991e+02 5.95769999999999982e+02 2.00403178951226571e-04 9.42887430224643980e-07
 5.95769999999999982e+02 5.96779999999999973e+02 2.01765064152218955e-04 9.06486241044713264e-07
 5.96779999999999973e+02 5.97789999999999964e+02 2.03820411531181945e-04 8.82373558542685031e-07
 5.97789999999999964e+02 5.98799999999999955e+02 2.07965378460658217e-04 2.10502392245324937e-06
 5.98799999999999955e+02 5.99809999999999945e+02 2.06795527328556324e-04 9.45697086799559208e-07
 5.99809999999999945e+02 6.00819999999999936e+02 2.09873773772790485e-04 1.25426421863049407e-06
 6.00819999999999936e+02 6.01829999999999927e+02 2.11583444290014985e-04 1.13756261607347210e-06
 6.01829999999999927e+02 6.02839999999999918e+02 2.13971551969859578e-04 9.31338962817759032e-07
 6.02839999999999918e+02 6.03850000000000023e+02 2.16021223715448670e-04 9.35353214836550154e-07
 6.03850000000000023e+02 6.04860000000000014e+02 2.17557731889094744e-04 1.03553831472682599e-06
 6.04860000000000014e+02 6.05870000000000005e+02 2.21677387200223529e-04 1.21123476684022244e-06
 6.05870000000000005e+02 6.06879999999999995e+02 2.21847932376331638e-04 9.75371707387569007e-07
 6.06879999999999995e+02 6.07889999999999986e+02 2.24998397491685308e-04 9.51526401884626035e-07
 6.07889999999999986e+02 6.08899999999999977e+02 2.25633499857553094e-04 9.44356655364108769e-07
 6.08899999999999977e+02 6.09910000000000082e+02 2.30598366020300782e-04 9.59586515661689634e-07
 6.09910000000000082e+02 6.10920000000000073e+02 2.32679875164219617e-04 9.93864088360775989e-07
 6.10920000000000073e+02 6.11930000000000064e+02 2.34775159139892292e-04 9.23328114426685473e-07
 6.11930000000000064e+02 6.12940000000000055e+02 2.36341396667832254e-04 1.00906029420104959e-06
 6.12940000000000055e+02 6.13950000000000045e+02 2.37219715452040270e-04 9.39645483562980765e-07
 6.13950000000000045e+02 6.14960000000000036e+02 2.40080984732279895e-04 1.15328640974017590e-06
 6.14960000000000036e+02 6.15970000000000027e+02 2.43650438555887257e-04 9.28019829117686423e-07
 6.15970000000000027e+02 6.16980000000000018e+02 2.44322649912194858e-04 9.86578843925233592e-07
 6.16980000000000018e+02 6.17990000000000009e+02 2.47601639504249865e-04 9.55973172296707722e-07
 6.17990000000000009e+02 6.19000000000000000e+02 2.50881576055007188e-04 1.01252952529118060e-06
 6.19000000000000000e+02 6.20009999999999991e+02 2.51158689511038675e-04 9.76396710971506780e-07
 6.20009999999999991e+02 6.21019999999999982e+02 2.55782121073992058e-04 1.01680951038142119e-06
 6.21019999999999982e+02 6.22029999999999973e+02 2.58437053212728582e-04 9.71768680902539071e-07
 6.22029999999999973e+02 6.23039999999999964e+02 2.61128775734111723e-04 1.02597007851425772e-06
 6.23039999999999964e+02 6.24049999999999955e+02 2.62597170464127399e-04 1.02846289856582507e-06
 6.24049999999999955e+02 6.25059999999999945e+02 2.64109089382470231e-04 9.81842389761795168e-07
 6.25059999999999945e+02 6.26069999999999936e+02 2.67155892523169940e-04 1.04604237701895989e-06
 6.26069999999999936e+02 6.27079999999999927e+02 2.68453019674073500e-04 9.85041944490321746e-07
 6.27079999999999927e+02 6.28089999999999918e+02 2.73158083489491487e-04 1.06073638980844598e-06
 6.28089999999999918e+02 6.29100000000000023e+02 2.75347845060933561e-04 9.71135957115837471e-07
 6.29100000000000023e+02 6.30110000000000014e+02 2.77624831288107656e-04 1.03113774817089217e-06
 6.30110000000000014e+02 6.31120000000000005e+02 2.80670878379581698e-04 1.04168874231829692e-06
 6.31120000000000005e+02 6.32129999999999995e+02 2.82334226348483330e-04 9.95852455237651477e-07
 6.32129999999999995e+02 6.33139999999999986e+02 2.85526971444169440e-04 9.96738183260285645e-07
 6.33139999999999986e+02 6.34149999999999977e+02 2.89814629028990679e-04 1.52783545346884372e-06
 6.34149999999999977e+02 6.35160000000000082e+02 2.89745133394061854e-04 9.74332773185187572e-07
 6.35160000000000082e+02 6.36170000000000073e+02 2.92713038947505161e-04 1.02749309746426401e-06
 6.36170000000000073e+02 6.37180000000000064e+02 2.96131527708265419e-04 1.18480120517226268e-06
 6.37180000000000064e+02 6.38190000000000055e+02 2.96027695799242852e-04 1.00523264546165717e-06
 6.38190000000000055e+02 6.39200000000000045e+02 2.97309313156869193e-04 1.02243187819023022e-06
 6.39200000000000045e+02 6.40210000000000036e+02 3.00768449937855343e-04 1.05988614753111131e-06
 6.40210000000000036e+02 6.41220000000000027e+02 3.03885226314012556e-04 1.53219164764125434e-06
 6.41220000000000027e+02 6.42230000000000018e+02 3.05829773349241228e-04 1.04501799516198817e-06
 6.42230000000000018e+02 6.43240000000000009e+02 3.07256934505215995e-04 1.00563765508704223e-06
 6.43240000000000009e+02 6.44250000000000000e+02 3.09782807938740307e-04 1.04119999597437859e-06
 6.44250000000000000e+02 6.45259999999999991e+02 3.11620803680852908e-04 1.26726359401604259e-06
 6.45259999999999991e+02 6.46269999999999982e+02 3.12622192382115856e-04 1.01548139154203502e-06
 6.46269999999999982e+02 6.47279999999999973e+02 3.15588380165058181e-04 1.02643846003931016e-06
 6.47279999999999973e+02 6.48289999999999964e+02 3.18686661627108397e-04 1.07423881071242479e-06
 6.48289999999999964e+02 6.49299999999999955e+02 3.19245233958349774e-04 1.06181361069884683e-06
 6.49299999999999955e+02 6.50309999999999945e+02 3.21625308747090744e-04 1.08839208711650538e-06
 6.50309999999999945e+02 6.51319999999999936e+02 3.23361162627402467e-04 1.06727604719596167e-06
 6.51319999999999936e+02 6.52329999999999927e+02 3.24998636959732200e-04 1.10272230036945761e-06
 6.52329999999999927e+02 6.53339999999999918e+02 3.25272348407747896e-04 1.01741025413779376e-06
 6.53339999999999918e+02 6.54350000000000023e+02 3.29289038299021802e-04 1.03311003950344716e-06
 6.54350000000000023e+02 6.55360000000000014e+02 3.31369956819238347e-04 1.13724618376550266e-06
 6.55360000000000014e+02 6.56370000000000005e+02 3.34208146276186431e-04 1.01678338539374890e-06
 6.56370000000000005e+02 6.57379999999999995e+02 3.35871170244274309e-04 1.04164559667433471e-06
 6.57379999999999995e+02 6.58389999999999986e+02 3.38531427253222536e-04 1.06496088083611251e-06
 6.58389999999999986e+02 6.59399999999999977e+02 3.41134864486815944e-04 1.07858928697150934e-06
 6.59399999999999977e+02 6.60410000000000082e+02 3.41107424623505627e-04 1.04530234229628534e-06
 6.60410000000000082e+02 6.61420000000000073e+02 3.43827499265996167e-04 1.07779933041090223e-06
 6.61420000000000073e+02 6.62430000000000064e+02 3.43822366343654552e-04 1.08666897705538973e-06
 6.62430000000000064e+02 6.63440000000000055e+02 3.46747608464651553e-04 1.04671156758787242e-06
 6.63440000000000055e+02 6.64450000000000045e+02 3.49984476204854428e-04 1.08866975585235351e-06
 6.64450000000000045e+02 6.65460000000000036e+02 3.51640063493963248e-04 1.08213598207263017e-06
 6.65460000000000036e+02 6.66470000000000027e+02 3.51136161151044163e-04 1.08700669147468653e-06
 6.66470000000000027e+02 6.67480000000000018e+02 3.53627207357497296e-04 1.19690806558181810e-06
 6.67480000000000018e+02 6.68490000000000009e+02 3.56595173265916666e-04 1.27914550529632576e-06
 6.68490000000000009e+02 6.69500000000000000e+02 3.59114512298268698e-04 1.14778484578215046e-06
 6.69500000000000000e+02 6.70509999999999991e+02 3.61198365107623842e-04 1.10544488072740458e-06
 6.70509999999999991e+02 6.71519999999999982e+02 3.65283308875612742e-04 1.09916641112541828e-06
 6.71519999999999982e+02 6.72529999999999973e+02 3.65687710390044977e-04 1.12167122568028616e-06
 6.72529999999999973e+02 6.73539999999999964e+02 3.66772113877553998e-04 1.13374941464158292e-06
 6.73539999999999964e+02 6.74549999999999955e+02 3.69819428768751262e-04 1.10786798589627058e-06
 6.74549999999999955e+02 6.75559999999999945e+02 3.69748981748078596e-04 1.06874687967562624e-06
 6.75559999999999945e+02 6.76569999999999936e+02 3.74543972867465429e-04 1.28720450937484986e-06
 6.76569999999999936e+02 6.77579999999999927e+02 3.77691296277425377e-04 1.09989809554230715e-06
 6.77579999999999927e+02 6.78589999999999918e+02 3.76100567824091871e-04 1.06749715947084244e-06
 6.78589999999999918e+02 6.79600000000000023e+02 3.77543778640540431e-04 1.06529831144207762e-06
 6.79600000000000023e+02 6.80610000000000014e+02 3.82708699178942603e-04 1.64674211924494356e-06
 6.80610000000000014e+02 6.81620000000000005e+02 3.83660909978279221e-04 1.09542320180514094e-06
 6.81620000000000005e+02 6.82629999999999995e+02 3.86088135475244501e-04 1.11483865659478393e-06
 6.82629999999999995e+02 6.83639999999999986e+02 3.85206945464770573e-04 1.07489904590611042e-06
 6.83639999999999986e+02 6.84649999999999977e+02 3.91685066032061615e-04 1.14598310222342445e-06
 6.84649999999999977e+02 6.85660000000000082e+02 3.91089659884074692e-04 1.14263657437891064e-06
 6.85660000000000082e+02 6.86670000000000073e+02 3.93550227039482156e-04 1.08016206478365019e-06
 6.86670000000000073e+02 6.87680000000000064e+02 3.96253132886353996e-04 1.11391915489646437e-06
 6.87680000000000064e+02 6.88690000000000055e+02 3.99602973237422443e-04 1.40920299503313397e-06
 6.88690000000000055e+02 6.89700000000000045e+02 4.02888965293382399e-04 1.18189753841189225e-06
 6.89700000000000045e+02 6.90710000000000036e+02 4.04228288734407117e-04 1.15318092267090374e-06
 6.90710000000000036e+02 6.91720000000000027e+02 4.05145007412296781e-04 1.14755801913390691e-06
 6.91720000000000027e+02 6.92730000000000018e+02 4.09729448515120287e-04 1.20222281649575576e-06
 6.92730000000000018e+02 6.93740000000000009e+02 4.11706907924871697e-04 1.11227338473626935e-06
 6.93740000000000009e+02 6.94750000000000000e+02 4.13831432356933379e-04 1.24091917768991136e-06
 6.94750000000000000e+02 6.95759999999999991e+02 4.15419077475955706e-04 1.24914876836390475e-06
 6.95759999999999991e+02 6.96769999999999982e+02 4.17912328938984984e-04 2.71984775038954197e-06
 6.96769999999999982e+02 6.97779999999999973e+02 4.19192492016949570e-04 1.11675369814682343e-06
 6.97779999999999973e+02 6.98789999999999964e+02 4.23177910449405812e-04 1.14958556446098954e-06
 6.98789999999999964e+02 6.99799999999999955e+02 4.24887980097163299e-04 1.19412927063033546e-06
 6.99799999999999955e+02 7.00809999999999945e+02 4.26244234559678694e-04 1.14233800723142927e-06
 7.00809999999999945e+02 7.01819999999999936e+02 4.29542359601307053e-04 1.17099173594483738e-06
 7.01819999999999936e+02 7.02829999999999927e+02 4.33151505843001763e-04 1.18047587909203969e-06
 7.02829999999999927e+02 7.03839999999999918e+02 4.35181717776370763e-04 1.10286852167439017e-06
 7.03839999999999918e+02 7.04850000000000023e+02 4.38427206545307627e-04 1.13628042954968698e-06
 7.04850000000000023e+02 7.05860000000000014e+02 4.38230002982614708e-04 1.14734431578871847e-06
 7.05860000000000014e+02 7.06870000000000005e+02 4.43290703867069711e-04 1.15435427603126574e-06
 7.06870000000000005e+02 7.07879999999999995e+02 4.44539607501616809e-04 1.19848864979658542e-06
 7.07879999999999995e+02 7.08889999999999986e+02 4.45326775834350443e-04 1.25890422801771550e-06
 7.08889999999999986e+02 7.09899999999999977e+02 4.47847158647496748e-04 1.15462109789560045e-06
 7.09899999999999977e+02 7.10910000000000082e+02 4.50468217971294643e-04 1.23560183636987977e-06
 7.10910000000000082e+02 7.11920000000000073e+02 4.52471937015415696e-04 1.16963160465287189e-06
 7.11920000000000073e+02 7.12930000000000064e+02 4.55471057368578790e-04 1.20960979707543982e-06
 7.12930000000000064e+02 7.13940000000000055e+02 4.61942734032456850e-04 1.19755318554585163e-06
 7.13940000000000055e+02 7.14950000000000045e+02 4.60812528554114869e-04 1.31189936869941154e-06
 7.14950000000000045e+02 7.15960000000000036e+02 4.62970372741598431e-04 1.16043835637598157e-06
 7.15960000000000036e+02 7.16970000000000027e+02 4.67672661073329898e-04 1.20526248943902259e-06
 7.16970000000000027e+02 7.17980000000000018e+02 4.71707696810326157e-04 1.23918745217779618e-06
 7.17980000000000018e+02 7.18990000000000009e+02 4.74032139365858959e-04 1.49177127723700612e-06
 7.18990000000000009e+02 7.20000000000000000e+02 4.75880605227371289e-04 1.20823356224965525e-06
 7.20000000000000000e+02 7.21009999999999991e+02 4.77579121946239296e-04 1.21334459143991012e-06
 7.21009999999999991e+02 7.22019999999999982e+02 4.80184193648144485e-04 1.18021488233576336e-06
 7.22019999999999982e+02 7.23029999999999973e+02 4.85329586810874579e-04 1.24950798967057410e-06
 7.23029999999999973e+02 7.24039999999999964e+02 4.88191144780648586e-04 1.29917977507304007e-06
 7.24039999999999964e+02 7.25049999999999955e+02 4.89888188643303082e-04 1.22094358808439367e-06
 7.25049999999999955e+02 7.26059999999999945e+02 4.91694163103724631e-04 1.26559060194295361e-06
 7.26059999999999945e+02 7.27069999999999936e+02 4.95026028618119132e-04 1.19208226542233881e-06
 7.27069999999999936e+02 7.28079999999999927e+02 4.97859950469063499e-04 1.25480924152491542e-06
 7.28079999999999927e+02 7.29089999999999918e+02 5.02816237275163173e-04 1.40107372460006926e-06
 7.29089999999999918e+02 7.30100000000000023e+02 5.03888690179883918e-04 1.26194613319844446e-06
 7.30100000000000023e+02 7.31110000000000014e+02 5.07576363462543408e-04 1.25153450262126670e-06
 7.31110000000000014e+02 7.32120000000000005e+02 5.07848671675529086e-04 1.21128388865815746e-06
 7.32120000000000005e+02 7.33129999999999995e+02 5.17022659211454857e-04 1.43748989077849248e-06
 7.33129999999999995e+02 7.34139999999999986e+02 5.14953394507150107e-04 1.24465672649553848e-06
 7.34139999999999986e+02 7.35149999999999977e+02 5.19630885122938902e-04 1.32363507995883156e-06
 7.35149999999999977e+02 7.36160000000000082e+02 5.21611200116237008e-04 1.27484431024760919e-06
 7.36160000000000082e+02 7.37170000000000073e+02 5.26513230871509890e-04 1.98752455059614172e-06
 7.37170000000000073e+02 7.38180000000000064e+02 5.30377131554372492e-04 1.24726352434571876e-06
 7.38180000000000064e+02 7.39190000000000055e+02 5.30862308233638266e-04 1.22006229954021867e-06
 7.39190000000000055e+02 7.40200000000000045e+02 5.34449019253596322e-04 1.26929553132856562e-06
 7.40200000000000045e+02 7.41210000000000036e+02 5.35917010816251444e-04 1.27522904020904453e-06
 7.41210000000000036e+02 7.42220000000000027e+02 5.41307823011654690e-04 1.31697757771244654e-06
 7.42220000000000027e+02 7.43230000000000018e+02 5.41152558958103583e-04 1.23775919840355576e-06
 7.43230000000000018e+02 7.44240000000000009e+02 5.47161286262037947e-04 1.23448703108887648e-06
 7.44240000000000009e+02 7.45250000000000000e+02 5.50404578264048947e-04 1.36489503627240266e-06
 7.45250000000000000e+02 7.46259999999999991e+02 5.56107846559187029e-04 1.37809489291443907e-06
 7.46259999999999991e+02 7.47269999999999982e+02 5.57439070718944874e-04 1.41663969273285217e-06
 7.47269999999999982e+02 7.48279999999999973e+02 5.61252801265974943e-04 1.31859073260841510e-06
 7.48279999999999973e+02 7.49289999999999964e+02 5.63671553725267533e-04 1.33963320836901120e-06
 7.49289999999999964e+02 7.50299999999999955e+02 5.66042427670460351e-04 1.32183583129092982e-06
 7.50299999999999955e+02 7.51309999999999945e+02 5.67436762308570482e-04 1.30813308626573623e-06
 7.51309999999999945e+02 7.52319999999999936e+02 5.77466538312944788e-04 2.59024349238746887e-06
 7.52319999999999936e+02 7.53329999999999927e+02 5.78415058303320272e-04 1.28983969988645411e-06
 7.53329999999999927e+02 7.54339999999999918e+02 5.81280727708535674e-04 1.51619051007373366e-06
 7.54339999999999918e+02 7.55350000000000023e+02 5.85047475527247459e-04 1.29879436441262538e-06
 7.55350000000000023e+02 7.56360000000000014e+02 5.88789986486176319e-04 1.30282537734394714e-06
 7.56360000000000014e+02 7.57370000000000005e+02 5.93710881822686384e-04 1.31793624106702802e-06
 7.57370000000000005e+02 7.58379999999999995e+02 5.91792775764724108e-04 1.33959632799605481e-06
 7.58379999999999995e+02 7.59389999999999986e+02 5.98364919628526859e-04 1.47131019771786639e-06
 7.59389999999999986e+02 7.60399999999999977e+02 6.02458877309455278e-04 1.41157785320292642e-06
 7.60399999999999977e+02 7.61410000000000082e+02 6.04056763706013310e-04 1.30513177097561684e-06
 7.61410000000000082e+02 7.62420000000000073e+02 6.08829028583914283e-04 1.37434366616741174e-06
 7.62420000000000073e+02 7.63430000000000064e+02 6.15886030723284544e-04 1.39163319376016524e-06
 7.63430000000000064e+02 7.64440000000000055e+02 6.18372755991369719e-04 1.30770584687197788e-06
 7.64440000000000055e+02 7.65450000000000045e+02 6.22210104631658583e-04 1.43172473348413738e-06
 7.65450000000000045e+02 7.66460000000000036e+02 6.22656566941154148e-04 1.36982010536570264e-06
 7.66460000000000036e+02 7.67470000000000027e+02 6.28410842496662965e-04 1.36871321709316568e-06
 7.67470000000000027e+02 7.68480000000000018e+02 6.32862229360427880e-04 1.50894564876169677e-06
 7.68480000000000018e+02 7.69490000000000009e+02 6.36184511505043975e-04 1.40821415479741568e-06
 7.69490000000000009e+02 7.70500000000000000e+02 6.42211307680595690e-04 1.33193461865283552e-06
 7.70500000000000000e+02 7.71509999999999991e+02 6.43813061280668606e-04 1.39458317708629489e-06
 7.71509999999999991e+02 7.72519999999999982e+02 6.48338040397646747e-04 1.35402002529618856e-06
 7.72519999999999982e+02 7.73529999999999973e+02 6.54178586862613678e-04 1.37319180831010233e-06
 7.73529999999999973e+02 7.74539999999999964e+02 6.56873209153173605e-04 1.39128117715543662e-06
 7.74539999999999964e+02 7.75549999999999955e+02 6.61213295997626271e-04 1.41650947064894832e-06
 7.75549999999999955e+02 7.76559999999999945e+02 6.65303443124967502e-04 1.42957969699738307e-06
 7.76559999999999945e+02 7.77569999999999936e+02 6.70595900256829654e-04 1.38938891330884378e-06
 7.77569999999999936e+02 7.78579999999999927e+02 6.72715828023990464e-04 1.37739445724857584e-06
 7.78579999999999927e+02 7.79589999999999918e+02 6.79268412504981794e-04 1.39311195986033001e-06
 7.79589999999999918e+02 7.80600000000000023e+02 6.80383353064328649e-04 1.38099859018151023e-06
 7.80600000000000023e+02 7.81610000000000014e+02 6.86445170106260612e-04 1.43087924313982197e-06
 7.81610000000000014e+02 7.82620000000000005e+02 6.89740746649298263e-04 1.47511510325419322e-06
 7.82620000000000005e+02 7.83629999999999995e+02 6.96882243652183946e-04 1.41173249032158589e-06
 7.83629999999999995e+02 7.84639999999999986e+02 7.02770763512353190e-04 1.45248685764464029e-06
 7.84639999999999986e+02 7.85649999999999977e+02 7.04767624714831105e-04 1.59011083821654287e-06
 7.85649999999999977e+02 7.86660000000000082e+02 7.07483713897550737e-04 1.45652190524069574e-06
 7.86660000000000082e+02 7.87670000000000073e+02 7.11100057320086494e-04 1.41901843746804643e-06
 7.87670000000000073e+02 7.88680000000000064e+02 7.16099459083516742e-04 1.46183831472660243e-06
 7.88680000000000064e+02 7.89690000000000055e+02 7.23592411571969329e-04 1.48367312706218546e-06
 7.89690000000000055e+02 7.90700000000000045e+02 7.27376195452526840e-04 1.51376837970851191e-06
 7.90700000000000045e+02 7.91710000000000036e+02 7.33694030943665395e-04 1.48627189454739311e-06
 7.91710000000000036e+02 7.92720000000000027e+02 7.38713601894687519e-04 1.45094881558055013e-06
 7.92720000000000027e+02 7.93730000000000018e+02 7.40486794154526697e-04 1.47356626649564470e-06
 7.93730000000000018e+02 7.94740000000000009e+02 7.43953419359942711e-04 1.49566366435853321e-06
 7.94740000000000009e+02 7.95750000000000000e+02 7.54442358070011492e-04 1.45258902404139923e-06
 7.95750000000000000e+02 7.96759999999999991e+02 7.58857077765837215e-04 1.83216640067153586e-06
 7.96759999999999991e+02 7.97769999999999982e+02 7.63380679119460021e-04 1.54459390098398918e-06
 7.97769999999999982e+02 7.98779999999999973e+02 7.65143846833223908e-04 1.62162567765028152e-06
 7.98779999999999973e+02 7.99789999999999964e+02 7.71547772824306860e-04 1.50045942151970315e-06
 7.99789999999999964e+02 8.00799999999999955e+02 7.78536390937873139e-04 1.67778675734143960e-06
 8.00799999999999955e+02 8.01809999999999945e+02 7.82292482192954480e-04 1.59618788027491041e-06
 8.01809999999999945e+02 8.02819999999999936e+02 7.85681408988488138e-04 1.46637029458333071e-06
 8.02819999999999936e+02 8.03829999999999927e+02 7.92927080740491244e-04 1.53288548167453355e-06
 8.03829999999999927e+02 8.04839999999999918e+02 7.97562126771392027e-04 1.60153748825125334e-06
 8.04839999999999918e+02 8.05850000000000023e+02 8.03787390800897970e-04 1.49908811877950776e-06
 8.05850000000000023e+02 8.06860000000000014e+02 8.08154333103542092e-04 1.66776705074537994e-06
 8.06860000000000014e+02 8.07870000000000005e+02 8.14011491186802938e-04 1.61312047087352157e-06
 8.07870000000000005e+02 8.08879999999999995e+02 8.20163288994258050e-04 1.52375935634390202e-06
 8.08879999999999995e+02 8.09889999999999986e+02 8.22831084161360061e-04 1.53810365038752715e-06
 8.09889999999999986e+02 8.10899999999999977e+02 8.31029673575568533e-04 1.57502414392154747e-06
 8.10899999999999977e+02 8.11910000000000082e+02 8.35611871873682510e-04 1.51365916225953692e-06
 8.11910000000000082e+02 8.12920000000000073e+02 8.43185537279967463e-04 1.63112189564975564e-06
 8.12920000000000073e+02 8.13930000000000064e+02 8.47812314796667337e-04 1.59979808504179584e-06
 8.13930000000000064e+02 8.14940000000000055e+02 8.52075475429762063e-04 1.65602366612770037e-06
 8.14940000000000055e+02 8.15950000000000045e+02 8.61312452283578248e-04 1.65124752113236761e-06
 8.15950000000000045e+02 8.16960000000000036e+02 8.64597071408065377e-04 1.60495939034285263e-06
 8.16960000000000036e+02 8.17970000000000027e+02 8.72396546824626162e-04 1.59447509703663197e-06
 8.17970000000000027e+02 8.18980000000000018e+02 8.78015129966165111e-04 1.70819158260289960e-06
 8.18980000000000018e+02 8.19990000000000009e+02 8.81980731115097915e-04 1.56412820363507344e-06
 8.19990000000000009e+02 8.21000000000000000e+02 8.88769764637804978e-04 1.62614958531576474e-06
 8.21000000000000000e+02 8.22009999999999991e+02 8.94321399068648357e-04 1.57126877161275740e-06
 8.22009999999999991e+02 8.23019999999999982e+02 9.06482469019693430e-04 2.31435517744497961e-06
 8.23019999999999982e+02 8.24029999999999973e+02 9.10773847873223050e-04 1.80579748638186122e-06
 8.24029999999999973e+02 8.25039999999999964e+02 9.13343430489642902e-04 1.59982699045016433e-06
 8.25039999999999964e+02 8.26049999999999955e+02 9.23061980844877843e-04 1.67175414647954254e-06
 8.26049999999999955e+02 8.27059999999999945e+02 9.26875907378753262e-04 1.63662272494382465e-06
 8.27059999999999945e+02 8.28070000000000050e+02 9.31839963587888904e-04 1.61150997340633676e-06
 8.28070000000000050e+02 8.29080000000000041e+02 9.40036213546376650e-04 1.60146738324529141e-06
 8.29080000000000041e+02 8.30090000000000032e+02 9.47066389709728777e-04 1.63915002396347201e-06
 8.30090000000000032e+02 8.31100000000000023e+02 9.53457532883969375e-04 1.72595661984289768e-06
 8.31100000000000023e+02 8.32110000000000014e+02 9.60305389217710852e-04 1.70913172871312654e-06
 8.32110000000000014e+02 8.33120000000000005e+02 9.70445525040620040e-04 1.69154549562135986e-06
 8.33120000000000005e+02 8.34129999999999995e+02 9.78651140160564882e-04 2.20189432469922336e-06
 8.34129999999999995e+02 8.35139999999999986e+02 9.82951284264142961e-04 1.70088469451827770e-06
 8.35139999999999986e+02 8.36149999999999977e+02 9.90301943986376986e-04 1.82117149339756684e-06
 8.36149999999999977e+02 8.37159999999999968e+02 9.95727294444030643e-04 1.67145567063198836e-06
 8.37159999999999968e+02 8.38169999999999959e+02 1.00482689505484264e-03 1.68955635909229279e-06
 8.38169999999999959e+02 8.39179999999999950e+02 1.01331810493868082e-03 1.62488822026639116e-06
 8.39179999999999950e+02 8.40190000000000055e+02 1.02156702078427157e-03 1.70336612168852841e-06
 8.40190000000000055e+02 8.41200000000000045e+02 1.02516051143648258e-03 1.71326360068321557e-06
 8.41200000000000045e+02 8.42210000000000036e+02 1.03611744748857335e-03 1.72985689335016889e-06
 8.42210000000000036e+02 8.43220000000000027e+02 1.04279792628769199e-03 1.77615498989527139e-06
 8.43220000000000027e+02 8.44230000000000018e+02 1.05374068882406707e-03 1.79964675016594420e-06
 8.44230000000000018e+02 8.45240000000000009e+02 1.06256648728029427e-03 1.85096941262024765e-06
 8.45240000000000009e+02 8.46250000000000000e+02 1.06818389299137366e-03 2.96471100308694239e-06
 8.46250000000000000e+02 8.47259999999999991e+02 1.07422821947488552e-03 1.94612807629231708e-06
 8.47259999999999991e+02 8.48269999999999982e+02 1.08611383088345241e-03 1.87920897393962549e-06
 8.48269999999999982e+02 8.49279999999999973e+02 1.08975321373580873e-03 2.03787388124463245e-06
 8.49279999999999973e+02 8.50289999999999964e+02 1.10130640158695794e-03 1.83612219473601183e-06
 8.50289999999999964e+02 8.51299999999999955e+02 1.10808931512606113e-03 1.84959515621007777e-06
 8.51299999999999955e+02 8.52309999999999945e+02 1.11837749556067175e-03 1.79020525174897503e-06
 8.52309999999999945e+02 8.53320000000000050e+02 1.12813810597150489e-03 1.79349130100580001e-06
 8.53320000000000050e+02 8.54330000000000041e+02 1.12817832444351510e-03 1.78641515026167311e-06
 8.54330000000000041e+02 8.55340000000000032e+02 1.14476515986664516e-03 1.85580038191576743e-06
 8.55340000000000032e+02 8.56350000000000023e+02 1.14813313633066569e-03 1.82268893902438622e-06
 8.56350000000000023e+02 8.57360000000000014e+02 1.16157054454691885e-03 2.01533586203669925e-06
 8.57360000000000014e+02 8.58370000000000005e+02 1.17221290205704598e-03 1.91959107436656476e-06
 8.58370000000000005e+02 8.59379999999999995e+02 1.18167184183994175e-03 2.08870054528255132e-06
 8.59379999999999995e+02 8.60389999999999986e+02 1.18913320693638251e-03 1.79735241270255252e-06
 8.60389999999999986e+02 8.61399999999999977e+02 1.20333485637509900e-03 1.92553662204150429e-06
 8.61399999999999977e+02 8.62409999999999968e+02 1.20923701119466623e-03 1.81427235864383147e-06
 8.62409999999999968e+02 8.63419999999999959e+02 1.21805660759239688e-03 1.87988187192861279e-06
 8.63419999999999959e+02 8.64429999999999950e+02 1.22711993920655914e-03 1.90455248950522664e-06
 8.64429999999999950e+02 8.65440000000000055e+02 1.23694113217977242e-03 1.92544996323495751e-06
 8.65440000000000055e+02 8.66450000000000045e+02 1.24984723971263939e-03 1.90083492633845503e-06
 8.66450000000000045e+02 8.67460000000000036e+02 1.26169251807523204e-03 1.86961031897129227e-06
 8.67460000000000036e+02 8.68470000000000027e+02 1.26946592356847170e-03 2.01636600936329129e-06
 8.68470000000000027e+02 8.69480000000000018e+02 1.28360030921698229e-03 2.18758068676346431e-06
 8.69480000000000018e+02 8.70490000000000009e+02 1.29524974775011340e-03 2.09843495674593264e-06
 8.70490000000000009e+02 8.71500000000000000e+02 1.30306584584061755e-03 2.10216267667017172e-06
 8.71500000000000000e+02 8.72509999999999991e+02 1.31269561428951033e-03 1.98898869915235763e-06
 8.72509999999999991e+02 8.73519999999999982e+02 1.32509856439291113e-03 1.94401655721986791e-06
 8.73519999999999982e+02 8.74529999999999973e+02 1.33702362773939444e-03 2.36193082792917514e-06
 8.74529999999999973e+02 8.75539999999999964e+02 1.34447120611779370e-03 1.97329044177448476e-06
 8.75539999999999964e+02 8.76549999999999955e+02 1.35882918254164519e-03 1.99871736491439823e-06
 8.76549999999999955e+02 8.77559999999999945e+02 1.37100741306746396e-03 2.08226975118269952e-06
 8.77559999999999945e+02 8.78570000000000050e+02 1.38409365477324287e-03 2.20042669231320863e-06
 8.78570000000000050e+02 8.79580000000000041e+02 1.39654876228717333e-03 2.08312653395345249e-06
 8.79580000000000041e+02 8.80590000000000032e+02 1.40718804403812685e-03 2.15081877448933383e-06
 8.80590000000000032e+02 8.81600000000000023e+02 1.42109824625872910e-03 2.12367862406535543e-06
 8.81600000000000023e+02 8.82610000000000014e+02 1.42795496160013084e-03 2.14752601353728401e-06
 8.82610000000000014e+02 8.83620000000000005e+02 1.44119960852586771e-03 2.08806638485140998e-06
 8.83620000000000005e+02 8.84629999999999995e+02 1.45659588583125772e-03 2.22630798133830900e-06
 8.84629999999999995e+02 8.85639999999999986e+02 1.47183846850667882e-03 2.14671665795350318e-06
 8.85639999999999986e+02 8.86649999999999977e+02 1.48345351223153890e-03 2.35143107049838561e-06
 8.86649999999999977e+02 8.87659999999999968e+02 1.49654111438376081e-03 2.27445993033802217e-06
 8.87659999999999968e+02 8.88669999999999959e+02 1.50937098454593144e-03 2.32784755526746908e-06
 8.88669999999999959e+02 8.89679999999999950e+02 1.52619826698764996e-03 2.11608935008434295e-06
 8.89679999999999950e+02 8.90690000000000055e+02 1.53549912547184110e-03 2.20842621347165083e-06
 8.90690000000000055e+02 8.91700000000000045e+02 1.55038244929345237e-03 2.21696570114842781e-06
 8.91700000000000045e+02 8.92710000000000036e+02 1.56693484229858122e-03 2.21917670752066370e-06
 8.92710000000000036e+02 8.93720000000000027e+02 1.58372178981932600e-03 2.60392930517942198e-06
 8.93720000000000027e+02 8.94730000000000018e+02 1.59549355248925955e-03 2.28309430117379060e-06
 8.94730000000000018e+02 8.95740000000000009e+02 1.60914835386341331e-03 2.28122363640150510e-06
 8.95740000000000009e+02 8.96750000000000000e+02 1.62858947356651256e-03 2.83656269673967308e-06
 8.96750000000000000e+02 8.97759999999999991e+02 1.64188457537412760e-03 2.27962290729056865e-06
 8.97759999999999991e+02 8.98769999999999982e+02 1.65549905477326031e-03 2.26405362251090673e-06
 8.98769999999999982e+02 8.99779999999999973e+02 1.67433333898768001e-03 2.36232141484760743e-06
 8.99779999999999973e+02 9.00789999999999964e+02 1.69403943246148356e-03 2.34238965296502459e-06
 9.00789999999999964e+02 9.01799999999999955e+02 1.70516720698520464e-03 2.36742902493693557e-06
 9.01799999999999955e+02 9.02809999999999945e+02 1.72273437325418501e-03 2.27525513397099223e-06
 9.02809999999999945e+02 9.03820000000000050e+02 1.74286313587836529e-03 2.49442031707275262e-06
 9.03820000000000050e+02 9.04830000000000041e+02 1.76001417859924071e-03 2.70146173601367915e-06
 9.04830000000000041e+02 9.05840000000000032e+02 1.77478130472600269e-03 2.33883062429728154e-06
 9.05840000000000032e+02 9.06850000000000023e+02 1.79345814750306374e-03 2.41451391795921432e-06
 9.06850000000000023e+02 9.07860000000000014e+02 1.81023780335518567e-03 2.39083473610991296e-06
 9.07860000000000014e+02 9.08870000000000005e+02 1.82835501821346138e-03 2.44095335959123017e-06
 9.08870000000000005e+02 9.09879999999999995e+02 1.84985725996152854e-03 2.61929713568108939e-06
 9.09879999999999995e+02 9.10889999999999986e+02 1.86769350584802809e-03 2.55724337200515552e-06
 9.10889999999999986e+02 9.11899999999999977e+02 1.88768625708530874e-03 2.78573007121311157e-06
 9.11899999999999977e+02 9.12909999999999968e+02 1.90733421577444075e-03 2.54913569197411654e-06
 9.12909999999999968e+02 9.13919999999999959e+02 1.92655343121398955e-03 2.62310538743886861e-06
 9.13919999999999959e+02 9.14929999999999950e+02 1.94664452083386321e-03 2.79205489327265279e-06
 9.14929999999999950e+02 9.15940000000000055e+02 1.96903106397435792e-03 2.54839941386567012e-06
 9.15940000000000055e+02 9.16950000000000045e+02 1.99295239150787265e-03 2.47911793644436657e-06
 9.16950000000000045e+02 9.17960000000000036e+02 2.01112966367336882e-03 2.52747857002828320e-06
 9.17960000000000036e+02 9.18970000000000027e+02 2.03884305301008963e-03 2.73217975181874691e-06
 9.18970000000000027e+02 9.19980000000000018e+02 2.05289410012761625e-03 3.75928878367552849e-06
 9.19980000000000018e+02 9.20990000000000009e+02 2.08985501891007083e-03 8.59521967578134448e-06
 9.20990000000000009e+02 9.22000000000000000e+02 2.01413281807722019e-03 1.25076998545881994e-05

Histogram:lxi
 0.00000000000000000e+00 1.33333333333333331e-01 1.63539814030592250e-02 2.34771790063702692e-05
 1.33333333333333331e-01 2.66666666666666663e-01 1.63416102977904723e-02 2.37856847086422593e-05
 2.66666666666666663e-01 4.00000000000000022e-01 1.63265251980227767e-02 2.17279657910885931e-05
 4.00000000000000022e-01 5.33333333333333326e-01 1.63557977483899143e-02 2.52307586699743172e-05
 5.33333333333333326e-01 6.66666666666666630e-01 1.63193235832431484e-02 2.21983165510905971e-05
 6.66666666666666630e-01 8.00000000000000044e-01 1.63252506862651553e-02 2.26463079308254540e-05
 8.00000000000000044e-01 9.33333333333333348e-01 1.63374817940663206e-02 2.23017546551417645e-05
 9.33333333333333348e-01 1.06666666666666665e+00 1.63733601050545519e-02 2.40923573616115541e-05
 1.06666666666666665e+00 1.19999999999999996e+00 1.63135426884085735e-02 2.33852564091415224e-05
 1.19999999999999996e+00 1.33333333333333326e+00 1.63491985792215064e-02 2.75119736206740068e-05
 1.33333333333333326e+00 1.46666666666666656e+00 1.63247527875957747e-02 2.38792096603967501e-05
 1.46666666666666656e+00 1.60000000000000009e+00 1.62988036869366748e-02 2.13097535267808135e-05
 1.60000000000000009e+00 1.73333333333333339e+00 1.63401659232414592e-02 2.33027763817105705e-05
 1.73333333333333339e+00 1.86666666666666670e+00 1.63596927062678622e-02 2.85559165752287710e-05
 1.86666666666666670e+00 2.00000000000000000e+00 1.63582584354316045e-02 2.73745018555268781e-05
 2.00000000000000000e+00 2.13333333333333330e+00 1.63225204806538432e-02 2.09062109467593951e-05
 2.13333333333333330e+00 2.26666666666666661e+00 1.64010634049435305e-02 2.70185969592318512e-05
 2.26666666666666661e+00 2.39999999999999991e+00 1.63111825471267437e-02 2.16950149949868550e-05
 2.39999999999999991e+00 2.53333333333333321e+00 1.63269274191853615e-02 2.01710656450630960e-05
 2.53333333333333321e+00 2.66666666666666652e+00 1.62982209608781917e-02 2.39708098047183751e-05
 2.66666666666666652e+00 2.79999999999999982e+00 1.62780555120978498e-02 2.37147922477265830e-05
 2.79999999999999982e+00 2.93333333333333313e+00 1.63416247015560866e-02 2.37549219384924945e-05
 2.93333333333333313e+00 3.06666666666666687e+00 1.63446161921145423e-02 2.84311384004180852e-05
 3.06666666666666687e+00 3.20000000000000018e+00 1.62736480697316457e-02 2.47215927373672481e-05
 3.20000000000000018e+00 3.33333333333333348e+00 1.62776039189293752e-02 2.26516445063656865e-05
 3.33333333333333348e+00 3.46666666666666679e+00 1.62744536289295902e-02 3.18285890605241688e-05
 3.46666666666666679e+00 3.60000000000000009e+00 1.61939351265482402e-02 2.33033974047345307e-05
 3.60000000000000009e+00 3.73333333333333339e+00 1.61738859428440067e-02 2.29775166601592732e-05
 3.73333333333333339e+00 3.86666666666666670e+00 1.61787251338862369e-02 2.35724750029817626e-05
 3.86666666666666670e+00 4.00000000000000000e+00 1.61214095446434377e-02 2.68325594161367659e-05
 4.00000000000000000e+00 4.13333333333333375e+00 1.61103614703273224e-02 2.13014797501438691e-05
 4.13333333333333375e+00 4.26666666666666661e+00 1.60784937178836164e-02 2.59243451881596328e-05
 4.26666666666666661e+00 4.40000000000000036e+00 1.60478001724103300e-02 2.40874547678493192e-05
 4.40000000000000036e+00 4.53333333333333321e+00 1.60523423346136396e-02 3.03389364232913157e-05
 4.53333333333333321e+00 4.66666666666666696e+00 1.59257435693212455e-02 2.31544605206818394e-05
 4.66666666666666696e+00 4.79999999999999982e+00 1.59014752773197418e-02 2.38839734862536119e-05
 4.79999999999999982e+00 4.93333333333333357e+00 1.58960687620228990e-02 3.07590245475376762e-05
 4.93333333333333357e+00 5.06666666666666643e+00 1.58013037472145915e-02 2.14384235728582222e-05
 5.06666666666666643e+00 5.20000000000000018e+00 1.57999191127886247e-02 2.63866568361829149e-05
 5.20000000000000018e+00 5.33333333333333304e+00 1.56886644332037972e-02 2.37023998669466809e-05
 5.33333333333333304e+00 5.46666666666666679e+00 1.56502862480993911e-02 2.04830839859582639e-05
 5.46666666666666679e+00 5.59999999999999964e+00 1.55976789172950943e-02 2.27367817441231980e-05
 5.59999999999999964e+00 5.73333333333333339e+00 1.55557326167545702e-02 2.64946040115415317e-05
 5.73333333333333339e+00 5.86666666666666625e+00 1.55091429840271914e-02 2.88249555480385394e-05
 5.86666666666666625e+00 6.00000000000000000e+00 1.54440220320786262e-02 3.28396019912276544e-05
 6.00000000000000000e+00 6.13333333333333375e+00 1.53846508218271078e-02 2.40298628821316526e-05
 6.13333333333333375e+00 6.26666666666666661e+00 1.52973475193168493e-02 2.27866409000499548e-05
 6.26666666666666661e+00 6.40000000000000036e+00 1.52448097795231576e-02 2.52328310090004754e-05
 6.40000000000000036e+00 6.53333333333333321e+00 1.51744765881961490e-02 2.39677970388337971e-05
 6.53333333333333321e+00 6.66666666666666696e+00 1.50878067116710837e-02 2.20042813779676192e-05
 6.66666666666666696e+00 6.79999999999999982e+00 1.50085508897972245e-02 2.37248206439707657e-05
 6.79999999999999982e+00 6.93333333333333357e+00 1.49381837682772255e-02 2.05350757899880676e-05
 6.93333333333333357e+00 7.06666666666666643e+00 1.48756671280425492e-02 2.19113834961151205e-05
 7.06666666666666643e+00 7.20000000000000018e+00 1.47696623343895501e-02 2.04577100696361504e-05
 7.20000000000000018e+00 7.33333333333333304e+00 1.46869353248264417e-02 2.08867208561939770e-05
 7.33333333333333304e+00 7.46666666666666679e+00 1.46412296313437208e-02 2.49371214903816810e-05
 7.46666666666666679e+00 7.59999999999999964e+00 1.45142522210912010e-02 2.54220795156620990e-05
 7.59999999999999964e+00 7.73333333333333339e+00 1.43804005894485418e-02 2.57978722090647017e-05
 7.73333333333333339e+00 7.86666666666666625e+00 1.42633020455814989e-02 2.18018626442888095e-05
 7.86666666666666625e+00 8.00000000000000000e+00 1.41685073893889762e-02 1.94776704640969305e-05
 8.00000000000000000e+00 8.13333333333333286e+00 1.40276555148385208e-02 1.86089153725908386e-05
 8.13333333333333286e+00 8.26666666666666750e+00 1.38894388409773820e-02 2.01241201846203658e-05
 8.26666666666666750e+00 8.40000000000000036e+00 1.37801860770330100e-02 1.86898510219167824e-05
 8.40000000000000036e+00 8.53333333333333321e+00 1.36437349472151425e-02 1.97954610245035659e-05
 8.53333333333333321e+00 8.66666666666666607e+00 1.34890481926915363e-02 2.26212515693246869e-05
 8.66666666666666607e+00 8.80000000000000071e+00 1.33261994911356135e-02 2.05631242567491562e-05
 8.80000000000000071e+00 8.93333333333333357e+00 1.31827181199608168e-02 2.00986086527236361e-05
 8.93333333333333357e+00 9.06666666666666643e+00 1.30213537447401682e-02 1.93660380817512675e-05
 9.06666666666666643e+00 9.19999999999999929e+00 1.29107382235461518e-02 1.91309051369248008e-05
 9.19999999999999929e+00 9.33333333333333393e+00 1.27155728839126875e-02 1.84123503757655299e-05
 9.33333333333333393e+00 9.46666666666666679e+00 1.25675410985140248e-02 2.12960466417566164e-05
 9.46666666666666679e+00 9.59999999999999964e+00 1.24143573367773812e-02 1.99504531036091442e-05
 9.59999999999999964e+00 9.73333333333333250e+00 1.21974903627596245e-02 1.71046679083817026e-05
 9.73333333333333250e+00 9.86666666666666714e+00 1.20785731565635733e-02 1.84579240234291013e-05
 9.86666666666666714e+00 1.00000000000000000e+01 1.18774229387209676e-02 1.69875103787978607e-05
 1.00000000000000000e+01 1.01333333333333329e+01 1.17376402089067536e-02 1.73402833059001899e-05
 1.01333333333333329e+01 1.02666666666666675e+01 1.15844931636267696e-02 1.65311994329856201e-05
 1.02666666666666675e+01 1.04000000000000004e+01 1.14400879848735575e-02 1.79394160965390963e-05
 1.04000000000000004e+01 1.05333333333333332e+01 1.12014243317101695e-02 1.67144693959092431e-05
 1.05333333333333332e+01 1.06666666666666661e+01 1.10545765292562274e-02 1.69003765751259278e-05
 1.06666666666666661e+01 1.08000000000000007e+01 1.08935544407932575e-02 1.73029932619212536e-05
 1.08000000000000007e+01 1.09333333333333336e+01 1.06948142559601268e-02 1.60886623824633447e-05
 1.09333333333333336e+01 1.10666666666666664e+01 1.05752511947963014e-02 1.65577608980632398e-05
 1.10666666666666664e+01 1.11999999999999993e+01 1.03623577996289542e-02 1.62442344582915662e-05
 1.11999999999999993e+01 1.13333333333333339e+01 1.02161681649841525e-02 1.60944234639257720e-05
 1.13333333333333339e+01 1.14666666666666668e+01 1.00253228573195449e-02 1.53593074118506137e-05
 1.14666666666666668e+01 1.15999999999999996e+01 9.88416087699135575e-03 1.75462957346991444e-05
 1.15999999999999996e+01 1.17333333333333325e+01 9.65189021757255003e-03 1.54259377437747270e-05
 1.17333333333333325e+01 1.18666666666666671e+01 9.50740467684325213e-03 1.67974370122044851e-05
 1.18666666666666671e+01 1.20000000000000000e+01 9.34584085870469872e-03 1.48804273981092456e-05
 1.20000000000000000e+01 1.21333333333333329e+01 9.18853708793224144e-03 1.52935855021135292e-05
 1.21333333333333329e+01 1.22666666666666675e+01 9.04548688621547615e-03 1.56185943178522984e-05
 1.22666666666666675e+01 1.24000000000000004e+01 8.91390972393229369e-03 1.54808617201993987e-05
 1.24000000000000004e+01 1.25333333333333332e+01 8.73297327779750526e-03 1.50182168557063665e-05
 1.25333333333333332e+01 1.26666666666666661e+01 8.60641717540496995e-03 1.52792893614139300e-05
 1.26666666666666661e+01 1.28000000000000007e+01 8.46854033713849777e-03 1.53022436369688389e-05
 1.28000000000000007e+01 1.29333333333333336e+01 8.29275371488203371e-03 1.37085409944370685e-05
 1.29333333333333336e+01 1.30666666666666664e+01 8.18377035179270601e-03 1.42784603702574758e-05
 1.30666666666666664e+01 1.31999999999999993e+01 8.04129728141319763e-03 1.40627281985992666e-05
 1.31999999999999993e+01 1.33333333333333339e+01 7.91663048283294812e-03 1.54836724795239241e-05
 1.33333333333333339e+01 1.34666666666666668e+01 7.82746757650539492e-03 1.48376436404203451e-05
 1.34666666666666668e+01 1.35999999999999996e+01 7.68894289704326328e-03 1.33856553599555683e-05
 1.35999999999999996e+01 1.37333333333333325e+01 7.54886871054713440e-03 1.34100607068183619e-05
 1.37333333333333325e+01 1.38666666666666671e+01 7.42256827512439120e-03 1.33295727041693095e-05
 1.38666666666666671e+01 1.40000000000000000e+01 7.34820221778398515e-03 1.38205811868910444e-05
 1.40000000000000000e+01 1.41333333333333329e+01 7.19363451639457117e-03 1.26877504461036717e-05
 1.41333333333333329e+01 1.42666666666666675e+01 7.10906030481704351e-03 1.28988230283655889e-05
 1.42666666666666675e+01 1.44000000000000004e+01 6.98816841644420584e-03 1.31904495842906833e-05
 1.44000000000000004e+01 1.45333333333333332e+01 6.91064495914398436e-03 1.30904362742340633e-05
 1.45333333333333332e+01 1.46666666666666661e+01 6.79447556549579810e-03 1.43068336981172251e-05
 1.46666666666666661e+01 1.48000000000000007e+01 6.69622097630307757e-03 1.44348785544210579e-05
 1.48000000000000007e+01 1.49333333333333336e+01 6.60160250602106341e-03 1.31890738173314150e-05
 1.49333333333333336e+01 1.50666666666666664e+01 6.49783790808503188e-03 1.28302872640083087e-05
 1.50666666666666664e+01 1.51999999999999993e+01 6.42420604272976072e-03 1.24723195703898686e-05
 1.51999999999999993e+01 1.53333333333333339e+01 6.30285901815908454e-03 1.22817054493744752e-05
 1.53333333333333339e+01 1.54666666666666668e+01 6.23431543763420561e-03 1.19211457774402221e-05
 1.54666666666666668e+01 1.55999999999999996e+01 6.15526687636413963e-03 1.66352887287913765e-05
 1.55999999999999996e+01 1.57333333333333325e+01 6.04392450474317781e-03 1.20461763331102900e-05
 1.57333333333333325e+01 1.58666666666666671e+01 5.95806900211025108e-03 1.23057019761672595e-05
 1.58666666666666671e+01 1.60000000000000000e+01 5.87163811446124971e-03 1.19365923150062100e-05
 1.60000000000000000e+01 1.61333333333333329e+01 5.78578908928782405e-03 1.17865165853267549e-05
 1.61333333333333329e+01 1.62666666666666657e+01 5.71134097852725280e-03 1.19054446910860433e-05
 1.62666666666666657e+01 1.63999999999999986e+01 5.64358918478304744e-03 1.29114573068119750e-05
 1.63999999999999986e+01 1.65333333333333350e+01 5.54489615329893312e-03 1.21395985008714451e-05
 1.65333333333333350e+01 1.66666666666666679e+01 5.45846471321810751e-03 1.13592647244216938e-05
 1.66666666666666679e+01 1.68000000000000007e+01 5.40228855374581818e-03 1.18762925701621272e-05
 1.68000000000000007e+01 1.69333333333333336e+01 5.33682676432454227e-03 1.15050762783776360e-05
 1.69333333333333336e+01 1.70666666666666664e+01 5.25579134450381447e-03 1.13138676078504805e-05
 1.70666666666666664e+01 1.71999999999999993e+01 5.17986761360087616e-03 1.18186828342592685e-05
 1.71999999999999993e+01 1.73333333333333321e+01 5.12442003544974229e-03 1.28212483700082925e-05
 1.73333333333333321e+01 1.74666666666666650e+01 5.03509002670166159e-03 1.18650719974460527e-05
 1.74666666666666650e+01 1.76000000000000014e+01 4.94943779025612367e-03 1.11136536962513822e-05
 1.76000000000000014e+01 1.77333333333333343e+01 4.91099693745126499e-03 1.11360308891009455e-05
 1.77333333333333343e+01 1.78666666666666671e+01 4.83809727308899280e-03 1.16953396783517345e-05
 1.78666666666666671e+01 1.80000000000000000e+01 4.76150732198688323e-03 1.11941930591098922e-05
 1.80000000000000000e+01 1.81333333333333329e+01 4.71319006622495686e-03 1.16057812571664276e-05
 1.81333333333333329e+01 1.82666666666666657e+01 4.64935310568575458e-03 1.23639990625115138e-05
 1.82666666666666657e+01 1.83999999999999986e+01 4.58923980600215581e-03 1.08425454710815153e-05
 1.83999999999999986e+01 1.85333333333333350e+01 4.52178741440771928e-03 1.05952342990018252e-05
 1.85333333333333350e+01 1.86666666666666679e+01 4.47464404297620317e-03 1.11215862239753136e-05
 1.86666666666666679e+01 1.88000000000000007e+01 4.40297765548488488e-03 1.07817933945230134e-05
 1.88000000000000007e+01 1.89333333333333336e+01 4.35453773981233066e-03 1.01268284005377209e-05
 1.89333333333333336e+01 1.90666666666666664e+01 4.29915371667572658e-03 1.05929099051755176e-05
 1.90666666666666664e+01 1.91999999999999993e+01 4.24344244871207015e-03 1.10820455109116591e-05
 1.91999999999999993e+01 1.93333333333333321e+01 4.20353776197148268e-03 9.96655987392809657e-06
 1.93333333333333321e+01 1.94666666666666650e+01 4.14424854052060712e-03 1.05010222539473065e-05
 1.94666666666666650e+01 1.96000000000000014e+01 4.07359432369046835e-03 1.08633307058056619e-05
 1.96000000000000014e+01 1.97333333333333343e+01 4.04271223713035567e-03 1.07443760332224713e-05
 1.97333333333333343e+01 1.98666666666666671e+01 3.99294677307031592e-03 1.00743964931306205e-05
 1.98666666666666671e+01 2.00000000000000000e+01 3.95463256017737977e-03 1.68410633954795705e-05
 2.00000000000000000e+01 2.01333333333333329e+01 3.89305658601074448e-03 1.62578467617499004e-05
 2.01333333333333329e+01 2.02666666666666657e+01 3.83493015056060767e-03 1.03717791851844166e-05
 2.02666666666666657e+01 2.03999999999999986e+01 3.79507901993363312e-03 1.03921081129160668e-05
 2.03999999999999986e+01 2.05333333333333350e+01 3.75809265694474013e-03 1.03974545624505234e-05
 2.05333333333333350e+01 2.06666666666666679e+01 3.71683028826052392e-03 1.00660771780678864e-05
 2.06666666666666679e+01 2.08000000000000007e+01 3.68286310616700984e-03 1.08181728992878524e-05
 2.08000000000000007e+01 2.09333333333333336e+01 3.61513294577630716e-03 1.04320090805995563e-05
 2.09333333333333336e+01 2.10666666666666664e+01 3.55565826740898878e-03 9.60826917946113584e-06
 2.10666666666666664e+01 2.11999999999999993e+01 3.52599271528051964e-03 9.65480347047649962e-06
 2.11999999999999993e+01 2.13333333333333321e+01 3.48274702465441090e-03 9.53376164633896320e-06
 2.13333333333333321e+01 2.14666666666666650e+01 3.43496838392586077e-03 1.03347377094996510e-05
 2.14666666666666650e+01 2.16000000000000014e+01 3.39905899712209360e-03 9.61098547879621776e-06
 2.16000000000000014e+01 2.17333333333333343e+01 3.35558980104161365e-03 9.61987614156973782e-06
 2.17333333333333343e+01 2.18666666666666671e+01 3.31179000020710972e-03 1.01223289433878455e-05
 2.18666666666666671e+01 2.20000000000000000e+01 3.28276032682860413e-03 9.51314921661066273e-06
 2.20000000000000000e+01 2.21333333333333329e+01 3.23198223421041582e-03 9.45140765745762393e-06
 2.21333333333333329e+01 2.22666666666666657e+01 3.20796272271239684e-03 9.92017940722844633e-06
 2.22666666666666657e+01 2.23999999999999986e+01 3.17140930301416197e-03 1.06306698692327524e-05
 2.23999999999999986e+01 2.25333333333333350e+01 3.14519329972588833e-03 1.37226614314735502e-05
 2.25333333333333350e+01 2.26666666666666679e+01 3.07870616812041392e-03 8.72833021033474661e-06
 2.26666666666666679e+01 2.28000000000000007e+01 3.03812471239623284e-03 8.78598871784027603e-06
 2.28000000000000007e+01 2.29333333333333336e+01 3.01684236800091755e-03 9.00447482232771734e-06
 2.29333333333333336e+01 2.30666666666666664e+01 2.98941419415771998e-03 9.53550808602820738e-06
 2.30666666666666664e+01 2.31999999999999993e+01 2.94276969349376114e-03 9.67649314974591844e-06
 2.31999999999999993e+01 2.33333333333333321e+01 2.92837982585975780e-03 1.28060352897596643e-05
 2.33333333333333321e+01 2.34666666666666650e+01 2.86891945104176659e-03 9.13124010890068077e-06
 2.34666666666666650e+01 2.36000000000000014e+01 2.83883397841128192e-03 8.61455833924564404e-06
 2.36000000000000014e+01 2.37333333333333343e+01 2.80206958324551343e-03 8.81865757643863453e-06
 2.37333333333333343e+01 2.38666666666666671e+01 2.78219279659002372e-03 1.01944320157404177e-05
 2.38666666666666671e+01 2.40000000000000000e+01 2.75473679191088521e-03 8.74897519529119672e-06
 2.40000000000000000e+01 2.41333333333333329e+01 2.71799951076544732e-03 8.28578819604023438e-06
 2.41333333333333329e+01 2.42666666666666657e+01 2.68067873519534832e-03 8.54752843236509208e-06
 2.42666666666666657e+01 2.43999999999999986e+01 2.65677135322270070e-03 8.66753107145298155e-06
 2.43999999999999986e+01 2.45333333333333350e+01 2.63402029925188233e-03 8.54385615438808808e-06
 2.45333333333333350e+01 2.46666666666666679e+01 2.59678728696586788e-03 8.35539936358332956e-06
 2.46666666666666679e+01 2.48000000000000007e+01 2.56065289656210240e-03 8.38192475022440058e-06
 2.48000000000000007e+01 2.49333333333333336e+01 2.53967366891192248e-03 8.13451900293463553e-06
 2.49333333333333336e+01 2.50666666666666664e+01 2.50535993200185414e-03 8.43097077871635601e-06
 2.50666666666666664e+01 2.51999999999999993e+01 2.49050617918890847e-03 8.62437574898619334e-06
 2.51999999999999993e+01 2.53333333333333321e+01 2.44618267136731144e-03 8.21472617759101711e-06
 2.53333333333333321e+01 2.54666666666666650e+01 2.42368473368742999e-03 8.81120480515320452e-06
 2.54666666666666650e+01 2.56000000000000014e+01 2.41100652549583938e-03 8.43914304782896679e-06
 2.56000000000000014e+01 2.57333333333333343e+01 2.38540562745081413e-03 8.96297516648153771e-06
 2.57333333333333343e+01 2.58666666666666671e+01 2.34137285175312505e-03 8.21654935468879291e-06
 2.58666666666666671e+01 2.60000000000000000e+01 2.32264054946306267e-03 1.00341543733305156e-05
 2.60000000000000000e+01 2.61333333333333329e+01 2.30608824202551506e-03 8.61504389142412186e-06
 2.61333333333333329e+01 2.62666666666666657e+01 2.28790673704272821e-03 1.01914119096881256e-05
 2.62666666666666657e+01 2.63999999999999986e+01 2.24520433292907124e-03 8.08806528384045157e-06
 2.63999999999999986e+01 2.65333333333333350e+01 2.22413552474638732e-03 7.89869571979033225e-06
 2.65333333333333350e+01 2.66666666666666679e+01 2.19703705815753108e-03 7.94543905025791070e-06
 2.66666666666666679e+01 2.68000000000000007e+01 2.17763994934037398e-03 9.37705551554432716e-06
 2.68000000000000007e+01 2.69333333333333336e+01 2.15123506756355548e-03 9.13893325912717556e-06
 2.69333333333333336e+01 2.70666666666666664e+01 2.12942327152226612e-03 7.74549696753970262e-06
 2.70666666666666664e+01 2.71999999999999993e+01 2.09801592886035447e-03 7.65395613751703688e-06
 2.71999999999999993e+01 2.73333333333333321e+01 2.06766591496269740e-03 7.92225418743783502e-06
 2.73333333333333321e+01 2.74666666666666650e+01 2.04454057282575825e-03 7.82304044246556515e-06
 2.74666666666666650e+01 2.76000000000000014e+01 2.02742239913441527e-03 7.92273727275810303e-06
 2.76000000000000014e+01 2.77333333333333343e+01 2.01258032712274939e-03 7.82055849331470347e-06
 2.77333333333333343e+01 2.78666666666666671e+01 1.99589595344084421e-03 8.94397190073487855e-06
 2.78666666666666671e+01 2.80000000000000000e+01 1.99646417057604969e-03 8.43944426310327469e-06
 2.80000000000000000e+01 2.81333333333333329e+01 1.95539621266707783e-03 7.77649116101404933e-06
 2.81333333333333329e+01 2.82666666666666657e+01 1.93081844844152821e-03 7.77521027831198248e-06
 2.82666666666666657e+01 2.83999999999999986e+01 1.90623875096217828e-03 7.55757766428172881e-06
 2.83999999999999986e+01 2.85333333333333350e+01 1.88694550694219797e-03 7.97364897955148631e-06
 2.85333333333333350e+01 2.86666666666666679e+01 1.86932346496140357e-03 7.62093532350108317e-06
 2.86666666666666679e+01 2.88000000000000007e+01 1.84073128763711548e-03 7.92020580102943542e-06
 2.88000000000000007e+01 2.89333333333333336e+01 1.81831861742512034e-03 7.42486477969682953e-06
 2.89333333333333336e+01 2.90666666666666664e+01 1.80534118808982976e-03 7.21098872545681137e-06
 2.90666666666666664e+01 2.91999999999999993e+01 1.78568093503752852e-03 7.42705499093261716e-06
 2.91999999999999993e+01 2.93333333333333321e+01 1.76202494458948720e-03 7.37475317717564157e-06
 2.93333333333333321e+01 2.94666666666666650e+01 1.75879559375516424e-03 8.92081853035081847e-06
 2.94666666666666650e+01 2.96000000000000014e+01 1.73313460595120577e-03 7.02060089359700822e-06
 2.96000000000000014e+01 2.97333333333333343e+01 1.73044927517760076e-03 8.54335368044134135e-06
 2.97333333333333343e+01 2.98666666666666671e+01 1.69574268732035349e-03 7.15924656808204143e-06
 2.98666666666666671e+01 3.00000000000000000e+01 1.67504886296643827e-03 7.47754886429601789e-06
 3.00000000000000000e+01 3.01333333333333329e+01 1.66533682866710987e-03 7.50404204446341946e-06
 3.01333333333333329e+01 3.02666666666666657e+01 1.63564913478598303e-03 7.11463823085908920e-06
 3.02666666666666657e+01 3.03999999999999986e+01 1.62663069345236845e-03 7.39797666342835715e-06
 3.03999999999999986e+01 3.05333333333333350e+01 1.61045829629670022e-03 7.51671633926206992e-06
 3.05333333333333350e+01 3.06666666666666679e+01 1.58660421096182367e-03 7.29430853912742122e-06
 3.06666666666666679e+01 3.08000000000000007e+01 1.57734649152602396e-03 7.25427033441437138e-06
 3.08000000000000007e+01 3.09333333333333336e+01 1.55941327397963558e-03 8.04202653278929531e-06
 3.09333333333333336e+01 3.10666666666666664e+01 1.52276990529400837e-03 7.09740938125849926e-06
 3.10666666666666664e+01 3.11999999999999993e+01 1.53055842190895786e-03 8.46371560761744417e-06
 3.11999999999999993e+01 3.13333333333333321e+01 1.50011025705169940e-03 7.19116802479053237e-06
 3.13333333333333321e+01 3.14666666666666650e+01 1.49610986626661597e-03 8.91493595375198426e-06
 3.14666666666666650e+01 3.16000000000000014e+01 1.47810681069002843e-03 7.54666637323135772e-06
 3.16000000000000014e+01 3.17333333333333343e+01 1.46360229090433777e-03 8.54092480659582185e-06
 3.17333333333333343e+01 3.18666666666666671e+01 1.44964749041615786e-03 7.18784257752162555e-06
 3.18666666666666671e+01 3.20000000000000000e+01 1.41639074822287451e-03 6.75901152616233946e-06
 3.20000000000000000e+01 3.21333333333333329e+01 1.40595765439350769e-03 7.14032207643045462e-06
 3.21333333333333329e+01 3.22666666666666657e+01 1.40854437323334166e-03 7.09029163069613491e-06
 3.22666666666666657e+01 3.23999999999999986e+01 1.39260306564947941e-03 6.54147899969468954e-06
 3.23999999999999986e+01 3.25333333333333314e+01 1.36999607056693408e-03 6.77046024032772255e-06
 3.25333333333333314e+01 3.26666666666666643e+01 1.36229864988620568e-03 6.99481030032848533e-06
 3.26666666666666643e+01 3.27999999999999972e+01 1.34618824266202882e-03 7.21995384592661474e-06
 3.27999999999999972e+01 3.29333333333333300e+01 1.33402782078662183e-03 6.92911947364226282e-06
 3.29333333333333300e+01 3.30666666666666700e+01 1.32118428616326907e-03 7.04675347390993967e-06
 3.30666666666666700e+01 3.32000000000000028e+01 1.29710939602356167e-03 6.51983405252900267e-06
 3.32000000000000028e+01 3.33333333333333357e+01 1.28576395970263170e-03 7.56767629300262566e-06
 3.33333333333333357e+01 3.34666666666666686e+01 1.28021483565508268e-03 8.13112272679694834e-06
 3.34666666666666686e+01 3.36000000000000014e+01 1.27457692442403681e-03 8.03426424492451845e-06
 3.36000000000000014e+01 3.37333333333333343e+01 1.24543510179519622e-03 7.25845703140624180e-06
 3.37333333333333343e+01 3.38666666666666671e+01 1.23171319001962108e-03 6.69135012079824503e-06
 3.38666666666666671e+01 3.40000000000000000e+01 1.23781721639891766e-03 7.05985958900260611e-06
 3.40000000000000000e+01 3.41333333333333329e+01 1.23522713088661316e-03 2.01380231935172931e-05
 3.41333333333333329e+01 3.42666666666666657e+01 1.19149932703786505e-03 6.51295470587950021e-06
 3.42666666666666657e+01 3.43999999999999986e+01 1.18726939142436267e-03 9.19587995455459846e-06
 3.43999999999999986e+01 3.45333333333333314e+01 1.17780500412119067e-03 6.85821181531275677e-06
 3.45333333333333314e+01 3.46666666666666643e+01 1.14455118597217445e-03 5.97886069229507809e-06
 3.46666666666666643e+01 3.47999999999999972e+01 1.16089760523443541e-03 8.03742915324113132e-06
 3.47999999999999972e+01 3.49333333333333300e+01 1.13599766228542477e-03 7.26063608343318378e-06
 3.49333333333333300e+01 3.50666666666666700e+01 1.12181061979533831e-03 6.39069198393385202e-06
 3.50666666666666700e+01 3.52000000000000028e+01 1.11592670745228203e-03 6.83529260489661601e-06
 3.52000000000000028e+01 3.53333333333333357e+01 1.09214697490523337e-03 6.16211971193887829e-06
 3.53333333333333357e+01 3.54666666666666686e+01 1.08971071338353673e-03 7.00341881351199171e-06
 3.54666666666666686e+01 3.56000000000000014e+01 1.07600097376142124e-03 7.31578627196971738e-06
 3.56000000000000014e+01 3.57333333333333343e+01 1.06635351760985030e-03 7.23801951654602206e-06
 3.57333333333333343e+01 3.58666666666666671e+01 1.05670619297409518e-03 6.18071467830606101e-06
 3.58666666666666671e+01 3.60000000000000000e+01 1.03932391295256965e-03 6.14878321746110261e-06
 3.60000000000000000e+01 3.61333333333333329e+01 1.04087079495116235e-03 6.89478265922497653e-06
 3.61333333333333329e+01 3.62666666666666657e+01 1.02708501793732140e-03 6.33308340641703045e-06
 3.62666666666666657e+01 3.63999999999999986e+01 1.02013237838946189e-03 6.72117447083763093e-06
 3.63999999999999986e+01 3.65333333333333314e+01 9.97286962542201331e-04 6.63276958422971538e-06
 3.65333333333333314e+01 3.66666666666666643e+01 9.85430781764700531e-04 6.33516091963021383e-06
 3.66666666666666643e+01 3.67999999999999972e+01 9.73741038852723746e-04 6.55543130281698805e-06
 3.67999999999999972e+01 3.69333333333333300e+01 9.72559711104071362e-04 5.81973530564695700e-06
 3.69333333333333300e+01 3.70666666666666700e+01 9.65893470955868599e-04 6.26683409951356370e-06
 3.70666666666666700e+01 3.72000000000000028e+01 9.51618729861376193e-04 6.51886347692272935e-06
 3.72000000000000028e+01 3.73333333333333357e+01 9.40606820306056344e-04 5.93701415987379186e-06
 3.73333333333333357e+01 3.74666666666666686e+01 9.15392013754558480e-04 5.95505724861434017e-06
 3.74666666666666686e+01 3.76000000000000014e+01 9.20757340465511924e-04 6.13173506360038025e-06
 3.76000000000000014e+01 3.77333333333333343e+01 9.10665127265800935e-04 5.78906127680539356e-06
 3.77333333333333343e+01 3.78666666666666671e+01 9.16204584729283112e-04 8.03755241213578583e-06
 3.78666666666666671e+01 3.80000000000000000e+01 8.97973379097236719e-04 7.06003302419515438e-06
 3.80000000000000000e+01 3.81333333333333329e+01 8.91838518087441812e-04 6.14418714320611110e-06
 3.81333333333333329e+01 3.82666666666666657e+01 8.79036077722161421e-04 6.02721768607038809e-06
 3.82666666666666657e+01 3.83999999999999986e+01 8.61926253806491178e-04 6.19386742510390299e-06
 3.83999999999999986e+01 3.85333333333333314e+01 8.61879666746656441e-04 6.13691849089521854e-06
 3.85333333333333314e+01 3.86666666666666643e+01 8.39663845754133002e-04 6.08539101908424498e-06
 3.86666666666666643e+01 3.87999999999999972e+01 8.40558098040602259e-04 6.06301332756818459e-06
 3.87999999999999972e+01 3.89333333333333300e+01 8.29473561293707644e-04 6.51281901359868370e-06
 3.89333333333333300e+01 3.90666666666666700e+01 8.16661841852232666e-04 5.72009260370417919e-06
 3.90666666666666700e+01 3.92000000000000028e+01 8.13160520049120684e-04 5.46619346238953231e-06
 3.92000000000000028e+01 3.93333333333333357e+01 8.09843795675810807e-04 6.29931365067104083e-06
 3.93333333333333357e+01 3.94666666666666686e+01 7.92350920515554990e-04 5.72970929402894947e-06
 3.94666666666666686e+01 3.96000000000000014e+01 7.86875354570788993e-04 5.55756954151006238e-06
 3.96000000000000014e+01 3.97333333333333343e+01 7.81953939188425760e-04 5.82820596941636530e-06
 3.97333333333333343e+01 3.98666666666666671e+01 7.78580328741554448e-04 6.22537239344453121e-06
 3.98666666666666671e+01 4.00000000000000000e+01 7.63289855917584641e-04 6.99940401718537477e-06
 4.00000000000000000e+01 4.01333333333333329e+01 7.55259676765234877e-04 5.57361572881951515e-06
 4.01333333333333329e+01 4.02666666666666657e+01 7.54738228405487364e-04 8.13610231451338799e-06
 4.02666666666666657e+01 4.03999999999999986e+01 7.40496892691312573e-04 5.32973594860368244e-06
 4.03999999999999986e+01 4.05333333333333314e+01 7.42712408561428910e-04 7.56174272606223081e-06
 4.05333333333333314e+01 4.06666666666666643e+01 7.29214817110661849e-04 6.21183564530765337e-06
 4.06666666666666643e+01 4.07999999999999972e+01 7.15512715740317996e-04 7.63010645186848386e-06
 4.07999999999999972e+01 4.09333333333333300e+01 7.05828527227950349e-04 5.89613249484992694e-06
 4.09333333333333300e+01 4.10666666666666700e+01 6.95886009128186323e-04 5.58622164374237084e-06
 4.10666666666666700e+01 4.12000000000000028e+01 6.90625702174147761e-04 5.41874400939824204e-06
 4.12000000000000028e+01 4.13333333333333357e+01 6.81741061655513516e-04 5.68414288947010114e-06
 4.13333333333333357e+01 4.14666666666666686e+01 6.82840796572437990e-04 5.60273471504051739e-06
 4.14666666666666686e+01 4.16000000000000014e+01 6.72186418394551824e-04 5.92850771662806191e-06
 4.16000000000000014e+01 4.17333333333333343e+01 6.74228078162527689e-04 5.75813926583634467e-06
 4.17333333333333343e+01 4.18666666666666671e+01 6.57890507106088191e-04 5.63909657491103179e-06
 4.18666666666666671e+01 4.20000000000000000e+01 6.41060215989121599e-04 5.24584231936456776e-06
 4.20000000000000000e+01 4.21333333333333329e+01 6.36444031097128135e-04 5.11892729018322669e-06
 4.21333333333333329e+01 4.22666666666666657e+01 6.36182029155648058e-04 5.40004864478763119e-06
 4.22666666666666657e+01 4.23999999999999986e+01 6.28251226421634940e-04 5.48428941899307635e-06
 4.23999999999999986e+01 4.25333333333333314e+01 6.26830053789071491e-04 6.71465826964826098e-06
 4.25333333333333314e+01 4.26666666666666643e+01 6.18622489930857155e-04 5.46682664596707350e-06
 4.26666666666666643e+01 4.27999999999999972e+01 6.08863664970073649e-04 5.86986429407751429e-06
 4.27999999999999972e+01 4.29333333333333300e+01 6.15481706062841194e-04 8.43301833378315469e-06
 4.29333333333333300e+01 4.30666666666666700e+01 6.12367310954276922e-04 7.85976322093552470e-06
 4.30666666666666700e+01 4.32000000000000028e+01 5.92601320753645649e-04 5.07249420562005626e-06
 4.32000000000000028e+01 4.33333333333333357e+01 5.88258631458846615e-04 5.31220106944805767e-06
 4.33333333333333357e+01 4.34666666666666686e+01 5.92751713703598151e-04 5.84393701947994305e-06
 4.34666666666666686e+01 4.36000000000000014e+01 5.81270911765701293e-04 6.05761206838788050e-06
 4.36000000000000014e+01 4.37333333333333343e+01 5.72067744345160592e-04 5.55688546920585592e-06
 4.37333333333333343e+01 4.38666666666666671e+01 5.56624269689259344e-04 5.07820717819171440e-06
 4.38666666666666671e+01 4.40000000000000000e+01 5.58814197582358277e-04 4.98683628421802730e-06
 4.40000000000000000e+01 4.41333333333333329e+01 5.51891309732603598e-04 5.90369586041931321e-06
 4.41333333333333329e+01 4.42666666666666657e+01 5.46387154645165446e-04 5.32939715942126392e-06
 4.42666666666666657e+01 4.43999999999999986e+01 5.29209930575720317e-04 4.77088005118472866e-06
 4.43999999999999986e+01 4.45333333333333314e+01 5.34521138108108866e-04 6.19190891640748776e-06
 4.45333333333333314e+01 4.46666666666666643e+01 5.24860068841453736e-04 5.33442373303095876e-06
 4.46666666666666643e+01 4.47999999999999972e+01 5.21713618285674107e-04 6.30856727503615139e-06
 4.47999999999999972e+01 4.49333333333333300e+01 5.12324621170568415e-04 5.68542707536643395e-06
 4.49333333333333300e+01 4.50666666666666700e+01 5.03412634984107244e-04 4.79760868865709745e-06
 4.50666666666666700e+01 4.52000000000000028e+01 5.03397016677055399e-04 5.30396906043159924e-06
 4.52000000000000028e+01 4.53333333333333357e+01 4.97036508768577794e-04 4.98460010347276016e-06
 4.53333333333333357e+01 4.54666666666666686e+01 4.93627777336094645e-04 4.79699260810506285e-06
 4.54666666666666686e+01 4.56000000000000014e+01 4.86263049719802727e-04 5.06302531556308811e-06
 4.56000000000000014e+01 4.57333333333333343e+01 4.81489425388749546e-04 5.00076377947495472e-06
 4.57333333333333343e+01 4.58666666666666671e+01 4.88711722055159550e-04 5.11707384247536874e-06
 4.58666666666666671e+01 4.60000000000000000e+01 4.67568240076055789e-04 4.82676498591535000e-06
 4.60000000000000000e+01 4.61333333333333329e+01 4.67250958811556898e-04 5.14135448730757480e-06
 4.61333333333333329e+01 4.62666666666666657e+01 4.62269699335633851e-04 6.54622824709337837e-06
 4.62666666666666657e+01 4.63999999999999986e+01 4.60385774678047680e-04 4.88381296819530650e-06
 4.63999999999999986e+01 4.65333333333333314e+01 4.54459840500904926e-04 5.24638042796408836e-06
 4.65333333333333314e+01 4.66666666666666643e+01 4.46172049768002216e-04 4.97043243600668501e-06
 4.66666666666666643e+01 4.67999999999999972e+01 4.83176382846436394e-04 4.25561079348292504e-05
 4.67999999999999972e+01 4.69333333333333300e+01 4.34560201942982966e-04 4.87187885857707006e-06
 4.69333333333333300e+01 4.70666666666666700e+01 4.38507526791137006e-04 4.58097554676179843e-06
 4.70666666666666700e+01 4.72000000000000028e+01 4.30583693312961628e-04 4.59958243904148461e-06
 4.72000000000000028e+01 4.73333333333333357e+01 4.16907263024998806e-04 4.28088668314750574e-06
 4.73333333333333357e+01 4.74666666666666686e+01 4.29269682252286593e-04 5.41906129666482062e-06
 4.74666666666666686e+01 4.76000000000000014e+01 4.23610758874752526e-04 5.30322154508984988e-06
 4.76000000000000014e+01 4.77333333333333343e+01 4.04755896310900415e-04 4.21956745343398898e-06
 4.77333333333333343e+01 4.78666666666666671e+01 4.07635870267002501e-04 5.14436189107952980e-06
 4.78666666666666671e+01 4.80000000000000000e+01 4.05442091349796270e-04 4.75958212902900156e-06
 4.80000000000000000e+01 4.81333333333333329e+01 4.08785828401543431e-04 5.91415241178863205e-06
 4.81333333333333329e+01 4.82666666666666657e+01 3.85824779124367776e-04 4.76474639349688428e-06
 4.82666666666666657e+01 4.83999999999999986e+01 3.91956128780202213e-04 4.80796531667874056e-06
 4.83999999999999986e+01 4.85333333333333314e+01 3.87102645289187652e-04 4.68948374964224069e-06
 4.85333333333333314e+01 4.86666666666666643e+01 3.78835333791113945e-04 5.45463401612262410e-06
 4.86666666666666643e+01 4.87999999999999972e+01 3.85855608107678251e-04 4.99084775759599192e-06
 4.87999999999999972e+01 4.89333333333333300e+01 3.74830066590197916e-04 4.53639552660845210e-06
 4.89333333333333300e+01 4.90666666666666700e+01 3.67504505796146662e-04 4.70162300398226570e-06
 4.90666666666666700e+01 4.92000000000000028e+01 3.65092534643733332e-04 4.81602766033047593e-06
 4.92000000000000028e+01 4.93333333333333357e+01 3.63265094422515148e-04 5.60665097099003059e-06
 4.93333333333333357e+01 4.94666666666666686e+01 3.63129581107354035e-04 4.82961064567298617e-06
 4.94666666666666686e+01 4.96000000000000014e+01 3.53298922968143961e-04 4.27156501941254248e-06
 4.96000000000000014e+01 4.97333333333333343e+01 3.52881626017136226e-04 5.17097833689401903e-06
 4.97333333333333343e+01 4.98666666666666671e+01 3.42293975046993094e-04 4.51662376128483197e-06
 4.98666666666666671e+01 5.00000000000000000e+01 3.45365391419023425e-04 5.98576693258912861e-06
 5.00000000000000000e+01 5.01333333333333329e+01 3.32643305237067318e-04 4.47158091650034777e-06
 5.01333333333333329e+01 5.02666666666666657e+01 3.34129070210818237e-04 4.27136471074192503e-06
 5.02666666666666657e+01 5.03999999999999986e+01 3.33369122927107701e-04 4.34195338165629582e-06
 5.03999999999999986e+01 5.05333333333333314e+01 3.27391250040063859e-04 4.17507276120172241e-06
 5.05333333333333314e+01 5.06666666666666643e+01 3.28101187417273725e-04 4.38740811268665182e-06
 5.06666666666666643e+01 5.07999999999999972e+01 3.18465112083886749e-04 4.46040429408001688e-06
 5.07999999999999972e+01 5.09333333333333300e+01 3.14638199053222695e-04 4.47382865074094949e-06
 5.09333333333333300e+01 5.10666666666666700e+01 3.15875647540601455e-04 4.28944876494861955e-06
 5.10666666666666700e+01 5.12000000000000028e+01 3.07203181548966757e-04 3.94602155646127704e-06
 5.12000000000000028e+01 5.13333333333333357e+01 3.08517620982432374e-04 4.42616866939258604e-06
 5.13333333333333357e+01 5.14666666666666686e+01 3.01398682601417640e-04 4.15640209934205797e-06
 5.14666666666666686e+01 5.16000000000000014e+01 3.00224849198506033e-04 4.43716126643344745e-06
 5.16000000000000014e+01 5.17333333333333343e+01 2.97247711014102028e-04 5.24080982581776736e-06
 5.17333333333333343e+01 5.18666666666666671e+01 2.95848001398418305e-04 4.54431634088146847e-06
 5.18666666666666671e+01 5.20000000000000000e+01 2.98905944263317845e-04 9.77159383446957563e-06
 5.20000000000000000e+01 5.21333333333333329e+01 2.79238499383008048e-04 4.13323588024626404e-06
 5.21333333333333329e+01 5.22666666666666657e+01 2.82479876575835386e-04 4.98601520707502932e-06
 5.22666666666666657e+01 5.23999999999999986e+01 2.72164217263600643e-04 3.90841853706413515e-06
 5.23999999999999986e+01 5.25333333333333314e+01 2.77142556061989013e-04 3.99154364850928340e-06
 5.25333333333333314e+01 5.26666666666666643e+01 2.77702574338001642e-04 4.37331226461236388e-06
 5.26666666666666643e+01 5.27999999999999972e+01 2.71998414668146737e-04 4.44956907603597750e-06
 5.27999999999999972e+01 5.29333333333333300e+01 2.69094712990519105e-04 4.88194806539302242e-06
 5.29333333333333300e+01 5.30666666666666700e+01 2.69595691327549321e-04 4.26024055123340133e-06
 5.30666666666666700e+01 5.32000000000000028e+01 2.61198065603876906e-04 4.25230013551135558e-06
 5.32000000000000028e+01 5.33333333333333357e+01 2.54811771616438845e-04 3.79092813870661457e-06
 5.33333333333333357e+01 5.34666666666666686e+01 2.61286605038841028e-04 4.94520048616160199e-06
 5.34666666666666686e+01 5.36000000000000014e+01 2.56692638439818199e-04 3.93636031968462440e-06
 5.36000000000000014e+01 5.37333333333333343e+01 2.49376115901628022e-04 3.96863649987629534e-06
 5.37333333333333343e+01 5.38666666666666671e+01 2.47329168633413944e-04 3.95980813878398771e-06
 5.38666666666666671e+01 5.40000000000000000e+01 2.49670894310726399e-04 4.67072848628758570e-06
 5.40000000000000000e+01 5.41333333333333329e+01 2.42681452703305740e-04 3.74909411347805519e-06
 5.41333333333333329e+01 5.42666666666666657e+01 2.35247067202679246e-04 3.89119507245169813e-06
 5.42666666666666657e+01 5.43999999999999986e+01 2.36277498878959262e-04 3.81799522694699211e-06
 5.43999999999999986e+01 5.45333333333333314e+01 2.31667301026156601e-04 5.05201542434708458e-06
 5.45333333333333314e+01 5.46666666666666643e+01 2.27259253418753973e-04 3.82396492564095224e-06
 5.46666666666666643e+01 5.47999999999999972e+01 2.32901229223131753e-04 4.05207011795310820e-06
 5.47999999999999972e+01 5.49333333333333300e+01 2.15698152087362622e-04 3.51137803874707048e-06
 5.49333333333333300e+01 5.50666666666666700e+01 2.24318413185315948e-04 4.04825711748519152e-06
 5.50666666666666700e+01 5.52000000000000028e+01 2.18372730702030989e-04 3.70794989084688856e-06
 5.52000000000000028e+01 5.53333333333333357e+01 2.08574830226115529e-04 3.50154751961354785e-06
 5.53333333333333357e+01 5.54666666666666686e+01 2.11516619143381745e-04 3.57389701310695004e-06
 5.54666666666666686e+01 5.56000000000000014e+01 2.07795902327864024e-04 3.55879484085573456e-06
 5.56000000000000014e+01 5.57333333333333343e+01 2.09547526485102806e-04 3.63435684156596446e-06
 5.57333333333333343e+01 5.58666666666666671e+01 2.15448061805454907e-04 4.21047189825721435e-06
 5.58666666666666671e+01 5.60000000000000000e+01 1.98987142356866960e-04 3.51405065739482662e-06
 5.60000000000000000e+01 5.61333333333333329e+01 2.01793880290810973e-04 3.73245360055246419e-06
 5.61333333333333329e+01 5.62666666666666657e+01 2.05572061186358148e-04 5.85960352177701482e-06
 5.62666666666666657e+01 5.63999999999999986e+01 2.07269526775914119e-04 4.51896132676349936e-06
 5.63999999999999986e+01 5.65333333333333314e+01 1.88535674729727666e-04 3.61425016804253623e-06
 5.65333333333333314e+01 5.66666666666666643e+01 1.94409436577730281e-04 4.37044960895659928e-06
 5.66666666666666643e+01 5.67999999999999972e+01 1.83115260011028656e-04 3.12260423830993390e-06
 5.67999999999999972e+01 5.69333333333333300e+01 1.80380382134795084e-04 3.11117647241169968e-06
 5.69333333333333300e+01 5.70666666666666700e+01 1.78235454215065574e-04 3.20571970634737433e-06
 5.70666666666666700e+01 5.72000000000000028e+01 1.82989039943393502e-04 3.87489003559209076e-06
 5.72000000000000028e+01 5.73333333333333357e+01 1.76236963981533050e-04 3.37469472333616374e-06
 5.73333333333333357e+01 5.74666666666666686e+01 1.80429146074950275e-04 4.27869249585020825e-06
 5.74666666666666686e+01 5.76000000000000014e+01 1.75959798412304478e-04 3.86478080747750908e-06
 5.76000000000000014e+01 5.77333333333333343e+01 1.78217871624382443e-04 4.37226687083848378e-06
 5.77333333333333343e+01 5.78666666666666671e+01 1.73590379794363381e-04 3.67936161901535426e-06
 5.78666666666666671e+01 5.80000000000000000e+01 1.74845210050166602e-04 3.72344396981836802e-06
 5.80000000000000000e+01 5.81333333333333329e+01 1.68040390969778440e-04 3.42659669281265591e-06
 5.81333333333333329e+01 5.82666666666666657e+01 1.69249212690355595e-04 4.37965071526838897e-06
 5.82666666666666657e+01 5.83999999999999986e+01 1.60931377883844829e-04 3.08228026218165118e-06
 5.83999999999999986e+01 5.85333333333333314e+01 1.57589689557063547e-04 3.28064463879949440e-06
 5.85333333333333314e+01 5.86666666666666643e+01 1.57201629896133071e-04 3.16960548646671632e-06
 5.86666666666666643e+01 5.87999999999999972e+01 1.61537943841818187e-04 4.48462401254581922e-06
 5.87999999999999972e+01 5.89333333333333300e+01 1.57193231766775718e-04 4.52353984250966256e-06
 5.89333333333333300e+01 5.90666666666666700e+01 1.59441681943221124e-04 5.52634638266140127e-06
 5.90666666666666700e+01 5.92000000000000028e+01 1.52469233881600142e-04 3.34028693140553285e-06
 5.92000000000000028e+01 5.93333333333333357e+01 1.58039417943824849e-04 8.24008634027037641e-06
 5.93333333333333357e+01 5.94666666666666686e+01 1.56776364392773379e-04 1.00890513312144809e-05
 5.94666666666666686e+01 5.96000000000000014e+01 1.49137267293137987e-04 4.07675582129179292e-06
 5.96000000000000014e+01 5.97333333333333343e+01 1.47955146140812358e-04 3.54110130722654917e-06
 5.97333333333333343e+01 5.98666666666666671e+01 1.38184085302884917e-04 3.19048179416490971e-06
 5.98666666666666671e+01 6.00000000000000000e+01 1.37663278074218518e-04 3.08803784105670447e-06
 6.00000000000000000e+01 6.01333333333333329e+01 1.44246611522755828e-04 3.64280518068384975e-06
 6.01333333333333329e+01 6.02666666666666657e+01 1.34505521606599995e-04 3.07524976925179899e-06
 6.02666666666666657e+01 6.03999999999999986e+01 1.74328411706328821e-04 3.89240044714679503e-05
 6.03999999999999986e+01 6.05333333333333314e+01 1.33716127114516753e-04 3.07602001178784665e-06
 6.05333333333333314e+01 6.06666666666666643e+01 1.47810416582308643e-04 1.46795919099173640e-05
 6.06666666666666643e+01 6.07999999999999972e+01 1.35807261322470630e-04 4.37609372990203242e-06
 6.07999999999999972e+01 6.09333333333333300e+01 1.24586086703205721e-04 2.71894596564332629e-06
 6.09333333333333300e+01 6.10666666666666700e+01 1.30785779291457146e-04 3.84537285301276325e-06
 6.10666666666666700e+01 6.12000000000000028e+01 1.34872855194539769e-04 5.59591928549132616e-06
 6.12000000000000028e+01 6.13333333333333357e+01 1.20954893623031985e-04 2.86812333740095699e-06
 6.13333333333333357e+01 6.14666666666666686e+01 1.18776498233801603e-04 3.01548237409944419e-06
 6.14666666666666686e+01 6.16000000000000014e+01 1.18918688047215057e-04 3.06547530680938881e-06
 6.16000000000000014e+01 6.17333333333333343e+01 1.17501428281905463e-04 3.28229514312500953e-06
 6.17333333333333343e+01 6.18666666666666671e+01 1.13580199386854514e-04 2.71766372598701600e-06
 6.18666666666666671e+01 6.20000000000000000e+01 1.14026341894296764e-04 2.96978408717751048e-06
 6.20000000000000000e+01 6.21333333333333329e+01 1.12758778010893550e-04 3.07267407255530061e-06
 6.21333333333333329e+01 6.22666666666666657e+01 1.12161240832495953e-04 2.98820973104418449e-06
 6.22666666666666657e+01 6.23999999999999986e+01 1.07159188936658834e-04 2.84707431062769758e-06
 6.23999999999999986e+01 6.25333333333333314e+01 1.03273498502248174e-04 2.52789086309223423e-06
 6.25333333333333314e+01 6.26666666666666643e+01 1.03226290511624635e-04 2.49233698361688632e-06
 6.26666666666666643e+01 6.27999999999999972e+01 1.05378576300477249e-04 2.67539290603490552e-06
 6.27999999999999972e+01 6.29333333333333300e+01 1.05210091544171770e-04 2.97719363999224273e-06
 6.29333333333333300e+01 6.30666666666666700e+01 1.05556520903886855e-04 2.93374014927911157e-06
 6.30666666666666700e+01 6.32000000000000028e+01 1.03278737843600315e-04 2.72500548171488145e-06
 6.32000000000000028e+01 6.33333333333333357e+01 1.00891266289177415e-04 2.83617753696251095e-06
 6.33333333333333357e+01 6.34666666666666686e+01 9.66693045617989904e-05 2.49580280010642152e-06
 6.34666666666666686e+01 6.36000000000000014e+01 9.61889957215591410e-05 2.50267033050603096e-06
 6.36000000000000014e+01 6.37333333333333343e+01 9.61323820885025276e-05 2.84405679722275558e-06
 6.37333333333333343e+01 6.38666666666666671e+01 1.00278360530836296e-04 4.22346171421970438e-06
 6.38666666666666671e+01 6.40000000000000000e+01 9.20003149631287660e-05 2.88608427014296317e-06
 6.40000000000000000e+01 6.41333333333333400e+01 9.13863716263571514e-05 2.45283550874363616e-06
 6.41333333333333400e+01 6.42666666666666657e+01 8.90385411615327916e-05 2.50995616039225154e-06
 6.42666666666666657e+01 6.44000000000000057e+01 8.97652722669431001e-05 2.58882750586776474e-06
 6.44000000000000057e+01 6.45333333333333314e+01 9.45406463225220451e-05 3.08926498573845406e-06
 6.45333333333333314e+01 6.46666666666666714e+01 9.58972334228950200e-05 3.39107864774389034e-06
 6.46666666666666714e+01 6.47999999999999972e+01 8.97935233323337391e-05 3.22006132093142852e-06
 6.47999999999999972e+01 6.49333333333333371e+01 8.63634829316682335e-05 4.20299145586481668e-06
 6.49333333333333371e+01 6.50666666666666629e+01 8.15455619282407884e-05 2.47699585533080158e-06
 6.50666666666666629e+01 6.52000000000000028e+01 8.71866915999847076e-05 3.32241386206825375e-06
 6.52000000000000028e+01 6.53333333333333286e+01 7.89139918708405827e-05 2.27328309909367687e-06
 6.53333333333333286e+01 6.54666666666666686e+01 8.36596610252574870e-05 3.26527142351421940e-06
 6.54666666666666686e+01 6.55999999999999943e+01 8.18334601276881897e-05 3.09490674141278796e-06
 6.55999999999999943e+01 6.57333333333333343e+01 8.09197746596544731e-05 2.96523335054612668e-06
 6.57333333333333343e+01 6.58666666666666600e+01 8.03670572053247581e-05 3.00091322134273360e-06
 6.58666666666666600e+01 6.60000000000000000e+01 7.67141756260002043e-05 2.84906630758864875e-06
 6.60000000000000000e+01 6.61333333333333400e+01 7.19039915043037149e-05 2.35160201325370041e-06
 6.61333333333333400e+01 6.62666666666666657e+01 7.13921350468330610e-05 3.22842836603302165e-06
 6.62666666666666657e+01 6.64000000000000057e+01 7.20568137644230910e-05 2.39102324755423547e-06
 6.64000000000000057e+01 6.65333333333333314e+01 7.11794415732448110e-05 6.53427172402450528e-06
 6.65333333333333314e+01 6.66666666666666714e+01 6.90246693692863261e-05 2.42442257590875314e-06
 6.66666666666666714e+01 6.67999999999999972e+01 6.66722107686450784e-05 2.31216914807295957e-06
 6.67999999999999972e+01 6.69333333333333371e+01 7.02783244579253372e-05 3.41451904700983304e-06
 6.69333333333333371e+01 6.70666666666666629e+01 6.81366155990781417e-05 3.34543185702990410e-06
 6.70666666666666629e+01 6.72000000000000028e+01 6.31226372031291791e-05 2.11689046507668702e-06
 6.72000000000000028e+01 6.73333333333333286e+01 6.33660926753105573e-05 2.64010878413736972e-06
 6.73333333333333286e+01 6.74666666666666686e+01 6.18783385866820268e-05 2.60900341368376260e-06
 6.74666666666666686e+01 6.75999999999999943e+01 6.17000093564048065e-05 2.29214666512565122e-06
 6.75999999999999943e+01 6.77333333333333343e+01 5.93838246823919730e-05 2.01190731766251691e-06
 6.77333333333333343e+01 6.78666666666666600e+01 6.10368085188016222e-05 3.81701229085541471e-06
 6.78666666666666600e+01 6.80000000000000000e+01 6.28792286154106114e-05 2.70152907770471681e-06
 6.80000000000000000e+01 6.81333333333333400e+01 6.14216498302627679e-05 3.11279045085522456e-06
 6.81333333333333400e+01 6.82666666666666657e+01 5.50590930907657707e-05 2.39956682338799816e-06
 6.82666666666666657e+01 6.84000000000000057e+01 5.61358676670233031e-05 2.31379109366857916e-06
 6.84000000000000057e+01 6.85333333333333314e+01 5.25470844844093266e-05 2.99183411246990631e-06
 6.85333333333333314e+01 6.86666666666666714e+01 5.05071583560563590e-05 1.71691702882519344e-06
 6.86666666666666714e+01 6.87999999999999972e+01 5.50677622292087461e-05 2.87034342151835805e-06
 6.87999999999999972e+01 6.89333333333333371e+01 5.52400999781960301e-05 2.45973392435776698e-06
 6.89333333333333371e+01 6.90666666666666629e+01 5.17981434470162971e-05 2.10381830080743794e-06
 6.90666666666666629e+01 6.92000000000000028e+01 5.28107248662925771e-05 2.17882648104471617e-06
 6.92000000000000028e+01 6.93333333333333286e+01 5.37452630915591327e-05 3.03748420907429742e-06
 6.93333333333333286e+01 6.94666666666666686e+01 5.03994434178138767e-05 2.06876184302718994e-06
 6.94666666666666686e+01 6.95999999999999943e+01 5.00420421996152686e-05 2.74239668137865244e-06
 6.95999999999999943e+01 6.97333333333333343e+01 4.79465480657552732e-05 2.39241154715576536e-06
 6.97333333333333343e+01 6.98666666666666600e+01 4.68163463488786139e-05 2.02354569844904705e-06
 6.98666666666666600e+01 7.00000000000000000e+01 4.37701372248885256e-05 2.05313315963579605e-06
 7.00000000000000000e+01 7.01333333333333400e+01 5.13685348544845003e-05 6.50981643331367887e-06
 7.01333333333333400e+01 7.02666666666666657e+01 4.81006069678963102e-05 2.94522627723008179e-06
 7.02666666666666657e+01 7.04000000000000057e+01 4.29709076090386015e-05 2.19368660295172427e-06
 7.04000000000000057e+01 7.05333333333333314e+01 4.30736098294851470e-05 2.73061656423817688e-06
 7.05333333333333314e+01 7.06666666666666714e+01 4.30311972210139631e-05 2.02048695711231952e-06
 7.06666666666666714e+01 7.07999999999999972e+01 3.58406308284498092e-05 1.61139059308842496e-06
 7.07999999999999972e+01 7.09333333333333371e+01 3.87895059104599184e-05 1.83238132759646000e-06
 7.09333333333333371e+01 7.10666666666666629e+01 4.73698081077454744e-05 1.26694242479289492e-05
 7.10666666666666629e+01 7.12000000000000028e+01 4.06800234799607093e-05 2.96090612499027308e-06
 7.12000000000000028e+01 7.13333333333333286e+01 3.41471888025898378e-05 1.28166420704673210e-06
 7.13333333333333286e+01 7.14666666666666686e+01 3.55952147583194455e-05 2.01519891050558408e-06
 7.14666666666666686e+01 7.15999999999999943e+01 3.36154006518419058e-05 1.74724152582993489e-06
 7.15999999999999943e+01 7.17333333333333343e+01 4.21940424025334053e-05 7.00662295566055389e-06
 7.17333333333333343e+01 7.18666666666666600e+01 3.42606622788717996e-05 1.74048834230038918e-06
 7.18666666666666600e+01 7.20000000000000000e+01 3.46110201771637096e-05 2.09016331868674217e-06
 7.20000000000000000e+01 7.21333333333333400e+01 3.51155943150295406e-05 2.36374961588257446e-06
 7.21333333333333400e+01 7.22666666666666657e+01 3.42255463109469456e-05 3.04732953722110474e-06
 7.22666666666666657e+01 7.24000000000000057e+01 3.07123148682643353e-05 1.65176360778577322e-06
 7.24000000000000057e+01 7.25333333333333314e+01 3.14170805090394656e-05 1.62381364679908005e-06
 7.25333333333333314e+01 7.26666666666666714e+01 2.91464449537771164e-05 1.74763086668823391e-06
 7.26666666666666714e+01 7.27999999999999972e+01 2.89600452207496714e-05 1.63825238935744349e-06
 7.27999999999999972e+01 7.29333333333333371e+01 2.53261590087582557e-05 1.16135157016355199e-06
 7.29333333333333371e+01 7.30666666666666629e+01 2.40685508407763572e-05 9.89721323254351268e-07
 7.30666666666666629e+01 7.32000000000000028e+01 3.04411761220417304e-05 3.31387365031127579e-06
 7.32000000000000028e+01 7.33333333333333286e+01 2.65701066529592114e-05 1.36307271714770343e-06
 7.33333333333333286e+01 7.34666666666666686e+01 2.54333300830970472e-05 1.68677452188467011e-06
 7.34666666666666686e+01 7.35999999999999943e+01 2.78356014604274803e-05 2.36653138573572937e-06
 7.35999999999999943e+01 7.37333333333333343e+01 2.29758586506775707e-05 1.41515903793321514e-06
 7.37333333333333343e+01 7.38666666666666600e+01 2.36846447389883965e-05 1.34328291915418297e-06
 7.38666666666666600e+01 7.40000000000000000e+01 2.44460969915883273e-05 1.57888973468215318e-06
 7.40000000000000000e+01 7.41333333333333400e+01 2.45032446034110655e-05 1.58599053820754289e-06
 7.41333333333333400e+01 7.42666666666666657e+01 2.20644062013094025e-05 1.37596537193129631e-06
 7.42666666666666657e+01 7.44000000000000057e+01 1.91657771898732830e-05 1.06199362127476605e-06
 7.44000000000000057e+01 7.45333333333333314e+01 1.88385552962780064e-05 1.02151771481299998e-06
 7.45333333333333314e+01 7.46666666666666714e+01 1.77907136460284895e-05 9.53853516591727930e-07
 7.46666666666666714e+01 7.47999999999999972e+01 1.83569842649112451e-05 9.91948312222092148e-07
 7.47999999999999972e+01 7.49333333333333371e+01 1.86067105840937508e-05 1.44458289363504516e-06
 7.49333333333333371e+01 7.50666666666666629e+01 1.70259858490743322e-05 1.17393548494402528e-06
 7.50666666666666629e+01 7.52000000000000028e+01 1.82872468062960386e-05 1.99433257858749985e-06
 7.52000000000000028e+01 7.53333333333333286e+01 1.58477108005838269e-05 9.68703129908132776e-07
 7.53333333333333286e+01 7.54666666666666686e+01 1.57155480307326899e-05 1.03789418675610939e-06
 7.54666666666666686e+01 7.55999999999999943e+01 1.45477386576573734e-05 8.89473489882911874e-07
 7.55999999999999943e+01 7.57333333333333343e+01 1.52005253383219994e-05 1.20725317320354703e-06
 7.57333333333333343e+01 7.58666666666666600e+01 1.29728743486545494e-05 1.06009736552209257e-06
 7.58666666666666600e+01 7.60000000000000000e+01 1.37955513754546704e-05 8.68472411899369741e-07
 7.60000000000000000e+01 7.61333333333333400e+01 1.29755373183358924e-05 9.65065147451847790e-07
 7.61333333333333400e+01 7.62666666666666657e+01 1.23643385548847617e-05 8.92798049053033968e-07
 7.62666666666666657e+01 7.64000000000000057e+01 1.14519109991036779e-05 7.30910079989526858e-07
 7.64000000000000057e+01 7.65333333333333314e+01 1.22736966054588744e-05 8.90018765834946361e-07
 7.65333333333333314e+01 7.66666666666666714e+01 1.18259829814628568e-05 9.79768342077306009e-07
 7.66666666666666714e+01 7.67999999999999972e+01 1.27276866959601032e-05 1.02058471291141533e-06
 7.67999999999999972e+01 7.69333333333333371e+01 9.54023842981364980e-06 7.33500481812853151e-07
 7.69333333333333371e+01 7.70666666666666629e+01 9.37707758404780185e-06 6.89370604980823818e-07
 7.70666666666666629e+01 7.72000000000000028e+01 1.16833294942005546e-05 2.88324533980144650e-06
 7.72000000000000028e+01 7.73333333333333286e+01 8.57295615515732388e-06 6.45465999037088940e-07
 7.73333333333333286e+01 7.74666666666666686e+01 7.15301845588607829e-06 6.09270773156146713e-07
 7.74666666666666686e+01 7.75999999999999943e+01 8.29588493542294191e-06 7.92508168233514191e-07
 7.75999999999999943e+01 7.77333333333333343e+01 9.42201315225153238e-06 9.77901767665127903e-07
 7.77333333333333343e+01 7.78666666666666600e+01 5.73006960275936509e-06 4.63280412960736972e-07
 7.78666666666666600e+01 7.80000000000000000e+01 5.93379324679764087e-06 6.10125272447361060e-07
 7.80000000000000000e+01 7.81333333333333400e+01 5.57004525605099634e-06 6.14883473327964602e-07
 7.81333333333333400e+01 7.82666666666666657e+01 6.47425256161514346e-06 8.71960517382443638e-07
 7.82666666666666657e+01 7.84000000000000057e+01 5.01340982718914193e-06 7.79697231822500690e-07
 7.84000000000000057e+01 7.85333333333333314e+01 5.57392467014482488e-06 8.51982715395546107e-07
 7.85333333333333314e+01 7.86666666666666714e+01 5.11579294330287074e-06 6.86333677496414435e-07
 7.86666666666666714e+01 7.87999999999999972e+01 3.93500586049074473e-06 5.22165551139983872e-07
 7.87999999999999972e+01 7.89333333333333371e+01 4.85567114882377247e-06 1.69274385743184881e-06
 7.89333333333333371e+01 7.90666666666666629e+01 3.47730082096154052e-06 6.04839008431267735e-07
 7.90666666666666629e+01 7.92000000000000028e+01 2.67781496840529731e-06 4.79295109411639010e-07
 7.92000000000000028e+01 7.93333333333333286e+01 1.90168094815267543e-06 3.21018347976298418e-07
 7.93333333333333286e+01 7.94666666666666686e+01 1.26128068707819197e-06 2.23337925528821916e-07
 7.94666666666666686e+01 7.95999999999999943e+01 2.24951524666624716e-06 5.35885657044882673e-07
 7.95999999999999943e+01 7.97333333333333343e+01 7.48217104877182439e-07 2.83890177328346594e-07
 7.97333333333333343e+01 7.98666666666666600e+01 5.58259766698908242e-07 1.68735907059549185e-07
 7.98666666666666600e+01 8.00000000000000000e+01 2.25795951023839769e-07 1.34561035375736990e-07

Histogram:ldphi
 0.00000000000000000e+00 2.99999999999999989e-01 1.02204446178210170e-02 1.86508906987782280e-05
 2.99999999999999989e-01 5.99999999999999978e-01 1.03228597282266025e-02 1.52889671204702183e-05
 5.99999999999999978e-01 9.00000000000000022e-01 1.04181458449464290e-02 1.43591620948454749e-05
 9.00000000000000022e-01 1.19999999999999996e+00 1.05392378549011255e-02 1.43188637074507841e-05
 1.19999999999999996e+00 1.50000000000000000e+00 1.06654149209275059e-02 1.54003961842612382e-05
 1.50000000000000000e+00 1.80000000000000004e+00 1.07701964021489870e-02 1.43731734502238131e-05
 1.80000000000000004e+00 2.10000000000000009e+00 1.09470282932124068e-02 1.38541759176848652e-05
 2.10000000000000009e+00 2.39999999999999991e+00 1.10918169640273536e-02 1.55339494875553674e-05
 2.39999999999999991e+00 2.70000000000000018e+00 1.12440165744907110e-02 1.55187699020371795e-05
 2.70000000000000018e+00 3.00000000000000000e+00 1.13195013645908376e-02 1.34200820199396888e-05
 3.00000000000000000e+00 3.29999999999999982e+00 1.12821981858731712e-02 1.49129649761503291e-05
 3.29999999999999982e+00 3.60000000000000009e+00 1.11881107356168463e-02 1.78166837063623251e-05
 3.60000000000000009e+00 3.89999999999999991e+00 1.10780914645730571e-02 1.70283542749202829e-05
 3.89999999999999991e+00 4.20000000000000018e+00 1.09450517857802299e-02 1.56544480720387072e-05
 4.20000000000000018e+00 4.50000000000000000e+00 1.07974930397351510e-02 1.37895687753967434e-05
 4.50000000000000000e+00 4.79999999999999982e+00 1.06763442832403539e-02 1.33593856754937780e-05
 4.79999999999999982e+00 5.09999999999999964e+00 1.05608012675948142e-02 1.46489204997635464e-05
 5.09999999999999964e+00 5.40000000000000036e+00 1.04655507352588474e-02 2.22857773645246435e-05
 5.40000000000000036e+00 5.70000000000000018e+00 1.03299457748834769e-02 1.26089679515406707e-05
 5.70000000000000018e+00 6.00000000000000000e+00 1.02186220590592541e-02 1.36321191854597016e-05
 6.00000000000000000e+00 6.29999999999999982e+00 1.01127951814087950e-02 1.23132553031408248e-05
 6.29999999999999982e+00 6.59999999999999964e+00 1.00354662520322196e-02 1.30752761644887392e-05
 6.59999999999999964e+00 6.90000000000000036e+00 9.94011341741100202e-03 1.22825763935616186e-05
 6.90000000000000036e+00 7.20000000000000018e+00 9.85318578156225110e-03 1.17349799563245322e-05
 7.20000000000000018e+00 7.50000000000000000e+00 9.80930030895652179e-03 1.43792080234552890e-05
 7.50000000000000000e+00 7.79999999999999982e+00 9.76136369186058998e-03 1.28382410054330021e-05
 7.79999999999999982e+00 8.09999999999999964e+00 9.70295630021405023e-03 1.31693599560284955e-05
 8.09999999999999964e+00 8.40000000000000036e+00 9.66530381520705126e-03 1.20481170063766103e-05
 8.40000000000000036e+00 8.69999999999999929e+00 9.64609105033264157e-03 1.32460212059889521e-05
 8.69999999999999929e+00 9.00000000000000000e+00 9.62247191165184132e-03 1.36945945878588746e-05
 9.00000000000000000e+00 9.30000000000000071e+00 9.63493852538715306e-03 1.14611822464651869e-05
 9.30000000000000071e+00 9.59999999999999964e+00 9.65462376513399369e-03 1.06109021020038351e-05
 9.59999999999999964e+00 9.90000000000000036e+00 9.70726756869474267e-03 1.15600230447138434e-05
 9.90000000000000036e+00 1.01999999999999993e+01 9.77227923579391915e-03 1.16128048866532921e-05
 1.01999999999999993e+01 1.05000000000000000e+01 9.82892316601919301e-03 1.34564091705395723e-05
 1.05000000000000000e+01 1.08000000000000007e+01 9.85696190059593205e-03 1.14177231741399319e-05
 1.08000000000000007e+01 1.10999999999999996e+01 9.87766527127279144e-03 1.16411619910311754e-05
 1.10999999999999996e+01 1.14000000000000004e+01 9.86805857471370965e-03 1.09519343180766881e-05
 1.14000000000000004e+01 1.16999999999999993e+01 9.89269538560738453e-03 1.17658758135867284e-05
 1.16999999999999993e+01 1.20000000000000000e+01 9.87099912982354610e-03 1.23375702588795418e-05
 1.20000000000000000e+01 1.23000000000000007e+01 9.82186870627022902e-03 1.26764291204927276e-05
 1.23000000000000007e+01 1.25999999999999996e+01 9.66756437179892673e-03 1.16029632595860379e-05
 1.25999999999999996e+01 1.29000000000000004e+01 9.46490858030414259e-03 9.47964100602950781e-06
 1.29000000000000004e+01 1.31999999999999993e+01 9.27041873375551717e-03 1.00638611738581748e-05
 1.31999999999999993e+01 1.35000000000000000e+01 9.02541928272726154e-03 9.28508001771103427e-06
 1.35000000000000000e+01 1.38000000000000007e+01 8.79040441924311237e-03 1.01611194452054675e-05
 1.38000000000000007e+01 1.40999999999999996e+01 8.54443889577317060e-03 8.81475474239622445e-06
 1.40999999999999996e+01 1.44000000000000004e+01 8.28153641171537266e-03 8.78022262789426291e-06
 1.44000000000000004e+01 1.46999999999999993e+01 8.04995895264928180e-03 8.94717362827708408e-06
 1.46999999999999993e+01 1.50000000000000000e+01 7.81958328460991350e-03 9.13506974971487237e-06
 1.50000000000000000e+01 1.53000000000000007e+01 7.61006382869126256e-03 9.04770795892422990e-06
 1.53000000000000007e+01 1.55999999999999996e+01 7.37265414573661567e-03 8.08513983391378917e-06
 1.55999999999999996e+01 1.59000000000000004e+01 7.16144039703991118e-03 7.88834133231977435e-06
 1.59000000000000004e+01 1.61999999999999993e+01 6.93914919357979231e-03 8.06135218960863945e-06
 1.61999999999999993e+01 1.65000000000000000e+01 6.73313315423564301e-03 7.93117428997880564e-06
 1.65000000000000000e+01 1.68000000000000007e+01 6.56542758596003612e-03 7.47070332451903393e-06
 1.68000000000000007e+01 1.71000000000000014e+01 6.36913718885419571e-03 7.94566855573252296e-06
 1.71000000000000014e+01 1.73999999999999986e+01 6.19046342664580831e-03 7.24274498712602066e-06
 1.73999999999999986e+01 1.76999999999999993e+01 6.02572361701813469e-03 7.34368083984570664e-06
 1.76999999999999993e+01 1.80000000000000000e+01 5.86211648331801637e-03 7.18675839200971907e-06
 1.80000000000000000e+01 1.83000000000000007e+01 5.69942769534099829e-03 7.21109723504351177e-06
 1.83000000000000007e+01 1.86000000000000014e+01 5.56017219119049957e-03 7.93172407880070290e-06
 1.86000000000000014e+01 1.88999999999999986e+01 5.41126727221903463e-03 6.75819311235209587e-06
 1.88999999999999986e+01 1.91999999999999993e+01 5.27276528728375538e-03 7.36915018154845988e-06
 1.91999999999999993e+01 1.95000000000000000e+01 5.15285570774640100e-03 7.13981718845031142e-06
 1.95000000000000000e+01 1.98000000000000007e+01 5.00516650527914504e-03 6.67681066532116377e-06
 1.98000000000000007e+01 2.01000000000000014e+01 4.88016691280317941e-03 6.69611790728576857e-06
 2.01000000000000014e+01 2.03999999999999986e+01 4.77977169392587026e-03 1.05673528239362529e-05
 2.03999999999999986e+01 2.06999999999999993e+01 4.65834903068200034e-03 6.55144896540350969e-06
 2.06999999999999993e+01 2.10000000000000000e+01 4.54324634091697339e-03 6.45235217092872861e-06
 2.10000000000000000e+01 2.13000000000000007e+01 4.43820937255229916e-03 6.60318834243781609e-06
 2.13000000000000007e+01 2.16000000000000014e+01 4.32858442464019878e-03 6.29186651228340825e-06
 2.16000000000000014e+01 2.18999999999999986e+01 4.21270608483404006e-03 6.09212444630272410e-06
 2.18999999999999986e+01 2.21999999999999993e+01 4.13328460904395772e-03 6.32143059947679557e-06
 2.21999999999999993e+01 2.25000000000000000e+01 4.02407398694189754e-03 5.96931634645086586e-06
 2.25000000000000000e+01 2.28000000000000007e+01 3.93155017093327515e-03 5.84436761695485829e-06
 2.28000000000000007e+01 2.31000000000000014e+01 3.84864133305679382e-03 6.03777897735729660e-06
 2.31000000000000014e+01 2.33999999999999986e+01 3.77043809917762757e-03 6.28940394548800924e-06
 2.33999999999999986e+01 2.36999999999999993e+01 3.68833175592169589e-03 6.03739258876872285e-06
 2.36999999999999993e+01 2.40000000000000000e+01 3.60338765528658411e-03 5.94182809015230378e-06
 2.40000000000000000e+01 2.43000000000000007e+01 3.52655398456141675e-03 5.66889351636711746e-06
 2.43000000000000007e+01 2.46000000000000014e+01 3.44747626317393847e-03 6.06269652994869977e-06
 2.46000000000000014e+01 2.48999999999999986e+01 3.37317833464814481e-03 5.60169994725003650e-06
 2.48999999999999986e+01 2.51999999999999993e+01 3.30080881136001576e-03 5.75376882392390284e-06
 2.51999999999999993e+01 2.55000000000000000e+01 3.23515129137005343e-03 5.50505284212152197e-06
 2.55000000000000000e+01 2.58000000000000007e+01 3.17510809208877568e-03 5.35163931294228775e-06
 2.58000000000000007e+01 2.61000000000000014e+01 3.10117799884097531e-03 5.41117787907466413e-06
 2.61000000000000014e+01 2.63999999999999986e+01 3.03736900857462348e-03 5.16127120508374496e-06
 2.63999999999999986e+01 2.66999999999999993e+01 2.97166216045494699e-03 5.24038721892416954e-06
 2.66999999999999993e+01 2.70000000000000000e+01 2.90403802858955071e-03 5.04534065169684974e-06
 2.70000000000000000e+01 2.73000000000000007e+01 2.85638538204810227e-03 5.10461210080866539e-06
 2.73000000000000007e+01 2.76000000000000014e+01 2.80496149385243499e-03 4.98639934648107594e-06
 2.76000000000000014e+01 2.78999999999999986e+01 2.75709195165820681e-03 5.20426331135449418e-06
 2.78999999999999986e+01 2.81999999999999993e+01 2.70251776212560675e-03 5.24442968608535766e-06
 2.81999999999999993e+01 2.85000000000000000e+01 2.64254453743433112e-03 4.94538343569312903e-06
 2.85000000000000000e+01 2.88000000000000007e+01 2.59348661622691009e-03 4.88500012081088353e-06
 2.88000000000000007e+01 2.91000000000000014e+01 2.54787775574661247e-03 4.97495194945894351e-06
 2.91000000000000014e+01 2.93999999999999986e+01 2.49331789545157237e-03 4.90662545049614992e-06
 2.93999999999999986e+01 2.96999999999999993e+01 2.46272131486643259e-03 5.43149346632580044e-06
 2.96999999999999993e+01 3.00000000000000000e+01 2.40491737098810993e-03 4.76131963913526294e-06
 3.00000000000000000e+01 3.03000000000000007e+01 2.35224412415469333e-03 4.94598731799713502e-06
 3.03000000000000007e+01 3.06000000000000014e+01 2.31923635328041894e-03 4.79452194093456700e-06
 3.06000000000000014e+01 3.08999999999999986e+01 2.27492540612765073e-03 4.96991479406770052e-06
 3.08999999999999986e+01 3.11999999999999993e+01 2.23494908081817373e-03 4.54890782116579577e-06
 3.11999999999999993e+01 3.15000000000000000e+01 2.18748459566268493e-03 4.61923176790382598e-06
 3.15000000000000000e+01 3.18000000000000007e+01 2.15112149905307857e-03 4.48827858078608691e-06
 3.18000000000000007e+01 3.21000000000000014e+01 2.11929555660912445e-03 4.77476941935238660e-06
 3.21000000000000014e+01 3.23999999999999986e+01 2.07631281369195916e-03 4.70056482395672067e-06
 3.23999999999999986e+01 3.27000000000000028e+01 2.03876892805549556e-03 4.44657724665068199e-06
 3.27000000000000028e+01 3.30000000000000000e+01 2.01040252806258422e-03 4.59851842729373592e-06
 3.30000000000000000e+01 3.32999999999999972e+01 1.97130253265387616e-03 4.25247839004422116e-06
 3.32999999999999972e+01 3.36000000000000014e+01 1.93061190471527670e-03 4.26150526191936714e-06
 3.36000000000000014e+01 3.38999999999999986e+01 1.90494532903247088e-03 4.74791859435983590e-06
 3.38999999999999986e+01 3.42000000000000028e+01 1.87271482369693394e-03 5.03118625613753307e-06
 3.42000000000000028e+01 3.45000000000000000e+01 1.84439791921921464e-03 4.04082267530292578e-06
 3.45000000000000000e+01 3.47999999999999972e+01 1.80424696057263491e-03 4.74573577497008365e-06
 3.47999999999999972e+01 3.51000000000000014e+01 1.77991978669863162e-03 4.74285328174105661e-06
 3.51000000000000014e+01 3.53999999999999986e+01 1.75508091978610710e-03 4.31849396002805493e-06
 3.53999999999999986e+01 3.57000000000000028e+01 1.72168507423846881e-03 4.05451477256345109e-06
 3.57000000000000028e+01 3.60000000000000000e+01 1.69936186883166019e-03 4.31979731993030374e-06
 3.60000000000000000e+01 3.62999999999999972e+01 1.67000505997065714e-03 4.25039804839980433e-06
 3.62999999999999972e+01 3.66000000000000014e+01 1.64128330835941992e-03 4.06075844997967035e-06
 3.66000000000000014e+01 3.68999999999999986e+01 1.61677873193290396e-03 3.97277940325059579e-06
 3.68999999999999986e+01 3.72000000000000028e+01 1.58843896700354317e-03 3.92329426283514561e-06
 3.72000000000000028e+01 3.75000000000000000e+01 1.56598387789736305e-03 3.92482687873645574e-06
 3.75000000000000000e+01 3.77999999999999972e+01 1.54610985657481275e-03 3.87949191279887591e-06
 3.77999999999999972e+01 3.81000000000000014e+01 1.51841695044095345e-03 4.09782307348483501e-06
 3.81000000000000014e+01 3.83999999999999986e+01 1.49295552509353573e-03 3.82239191404784818e-06
 3.83999999999999986e+01 3.87000000000000028e+01 1.46913832623102184e-03 3.82631131002101050e-06
 3.87000000000000028e+01 3.90000000000000000e+01 1.44164302104351745e-03 4.07147199036400324e-06
 3.90000000000000000e+01 3.92999999999999972e+01 1.43130310535230856e-03 8.29060239746866925e-06
 3.92999999999999972e+01 3.96000000000000014e+01 1.40112430907979703e-03 3.90485487247822323e-06
 3.96000000000000014e+01 3.98999999999999986e+01 1.37530317800141810e-03 3.86194927083671824e-06
 3.98999999999999986e+01 4.02000000000000028e+01 1.35597562028940788e-03 3.78191974443588675e-06
 4.02000000000000028e+01 4.05000000000000000e+01 1.33857205951675860e-03 3.79751250692856951e-06
 4.05000000000000000e+01 4.07999999999999972e+01 1.32512890284948556e-03 3.92991506536611492e-06
 4.07999999999999972e+01 4.11000000000000014e+01 1.30080639533500676e-03 3.63615070313971091e-06
 4.11000000000000014e+01 4.13999999999999986e+01 1.28282559839414849e-03 3.67502777062866966e-06
 4.13999999999999986e+01 4.17000000000000028e+01 1.26370713082549343e-03 3.93186439897688249e-06
 4.17000000000000028e+01 4.20000000000000000e+01 1.24097819839042844e-03 3.77350646368031717e-06
 4.20000000000000000e+01 4.22999999999999972e+01 1.23228197419115158e-03 4.32882746452755208e-06
 4.22999999999999972e+01 4.26000000000000014e+01 1.20873616482496267e-03 3.81248874932038394e-06
 4.26000000000000014e+01 4.28999999999999986e+01 1.18710497125331456e-03 3.77444281641735062e-06
 4.28999999999999986e+01 4.32000000000000028e+01 1.17731557632643987e-03 3.80774787584502305e-06
 4.32000000000000028e+01 4.35000000000000000e+01 1.15199431871384973e-03 3.65375905811074277e-06
 4.35000000000000000e+01 4.37999999999999972e+01 1.13538961084522932e-03 3.41056662359241458e-06
 4.37999999999999972e+01 4.41000000000000014e+01 1.11924168736275047e-03 3.47025825653166503e-06
 4.41000000000000014e+01 4.43999999999999986e+01 1.11092764203530063e-03 3.42932916009586956e-06
 4.43999999999999986e+01 4.47000000000000028e+01 1.09702479826395347e-03 4.23467883001958081e-06
 4.47000000000000028e+01 4.50000000000000000e+01 1.08457233235727409e-03 3.55928307300109507e-06
 4.50000000000000000e+01 4.52999999999999972e+01 1.05499304865750744e-03 3.47124284132777272e-06
 4.52999999999999972e+01 4.56000000000000014e+01 1.04669419429895272e-03 3.41950093370399485e-06
 4.56000000000000014e+01 4.58999999999999986e+01 1.03767550744496653e-03 3.42740861679403655e-06
 4.58999999999999986e+01 4.62000000000000028e+01 1.01714005970756087e-03 3.46447554882540169e-06
 4.62000000000000028e+01 4.65000000000000000e+01 1.00606751476315227e-03 3.43440378558798757e-06
 4.65000000000000000e+01 4.67999999999999972e+01 9.93239443643809984e-04 3.42012374714111054e-06
 4.67999999999999972e+01 4.71000000000000014e+01 9.80892508944180988e-04 3.46756521998742971e-06
 4.71000000000000014e+01 4.73999999999999986e+01 9.65015992802048528e-04 3.27677485141631336e-06
 4.73999999999999986e+01 4.77000000000000028e+01 9.53237303992501210e-04 3.26980304343789585e-06
 4.77000000000000028e+01 4.80000000000000000e+01 9.40362505972161555e-04 3.33321610991890963e-06
 4.80000000000000000e+01 4.82999999999999972e+01 9.25025299266573871e-04 3.32834302463172921e-06
 4.82999999999999972e+01 4.86000000000000014e+01 9.12428804749555256e-04 3.93167722501881753e-06
 4.86000000000000014e+01 4.88999999999999986e+01 9.02165551523929628e-04 3.24537514276937963e-06
 4.88999999999999986e+01 4.92000000000000028e+01 8.88870730890574238e-04 3.21020719393799278e-06
 4.92000000000000028e+01 4.95000000000000000e+01 8.82886852602497978e-04 3.74613073077228896e-06
 4.95000000000000000e+01 4.97999999999999972e+01 8.66966597774456501e-04 5.17402477692569183e-06
 4.97999999999999972e+01 5.01000000000000014e+01 8.57067008453562813e-04 3.20684862484841926e-06
 5.01000000000000014e+01 5.03999999999999986e+01 8.46104312453204018e-04 3.22374314050058456e-06
 5.03999999999999986e+01 5.07000000000000028e+01 8.35461166086947271e-04 3.26689252505922444e-06
 5.07000000000000028e+01 5.10000000000000000e+01 8.23189564239800494e-04 3.15936776884632795e-06
 5.10000000000000000e+01 5.12999999999999972e+01 8.14654679965674854e-04 3.27929046618913147e-06
 5.12999999999999972e+01 5.16000000000000014e+01 8.05979390194368206e-04 3.07049039340113263e-06
 5.16000000000000014e+01 5.18999999999999986e+01 7.85331848736243619e-04 3.08029082692285461e-06
 5.18999999999999986e+01 5.22000000000000028e+01 7.81381651642123662e-04 3.15141473097481536e-06
 5.22000000000000028e+01 5.25000000000000000e+01 7.71756994593899496e-04 3.25528136986137582e-06
 5.25000000000000000e+01 5.27999999999999972e+01 7.62603793762794686e-04 3.16535445813513011e-06
 5.27999999999999972e+01 5.31000000000000014e+01 7.54955601775360741e-04 3.05205226076669569e-06
 5.31000000000000014e+01 5.33999999999999986e+01 7.50006702511129999e-04 3.52553080831437957e-06
 5.33999999999999986e+01 5.37000000000000028e+01 7.42660523789833360e-04 3.09360852383296374e-06
 5.37000000000000028e+01 5.40000000000000000e+01 7.24759408883857820e-04 3.02711446368997128e-06
 5.40000000000000000e+01 5.42999999999999972e+01 7.18038998436290078e-04 3.30479783546051528e-06
 5.42999999999999972e+01 5.46000000000000014e+01 7.12518356323448270e-04 3.09375510347512387e-06
 5.46000000000000014e+01 5.48999999999999986e+01 7.00388596088515926e-04 3.24238813543458711e-06
 5.48999999999999986e+01 5.52000000000000028e+01 6.98808020334684438e-04 3.12210085234549315e-06
 5.52000000000000028e+01 5.55000000000000000e+01 6.84829300160314436e-04 3.03525764946302588e-06
 5.55000000000000000e+01 5.57999999999999972e+01 6.81201942452732702e-04 3.24167061676409820e-06
 5.57999999999999972e+01 5.61000000000000014e+01 6.67252685222091647e-04 2.89535649599024938e-06
 5.61000000000000014e+01 5.63999999999999986e+01 6.61035841547104384e-04 3.01709987178181813e-06
 5.63999999999999986e+01 5.67000000000000028e+01 6.56672914773883884e-04 3.06878704054015095e-06
 5.67000000000000028e+01 5.70000000000000000e+01 6.44479202287045940e-04 2.95418823726652572e-06
 5.70000000000000000e+01 5.72999999999999972e+01 6.36146722341729160e-04 2.99306539340948783e-06
 5.72999999999999972e+01 5.76000000000000014e+01 6.32901749682416247e-04 2.99279677287702564e-06
 5.76000000000000014e+01 5.78999999999999986e+01 6.19438530567513468e-04 2.91519849391657138e-06
 5.78999999999999986e+01 5.82000000000000028e+01 6.17165057495166645e-04 3.72204410227742044e-06
 5.82000000000000028e+01 5.85000000000000000e+01 6.05482020670131908e-04 2.89359923053830774e-06
 5.85000000000000000e+01 5.87999999999999972e+01 5.98673279616188038e-04 2.89556664344636146e-06
 5.87999999999999972e+01 5.91000000000000014e+01 5.94490844739834000e-04 2.88776980273761498e-06
 5.91000000000000014e+01 5.93999999999999986e+01 5.85353669691536754e-04 2.90180847308912399e-06
 5.93999999999999986e+01 5.97000000000000028e+01 5.83784292182097805e-04 3.48620023190631664e-06
 5.97000000000000028e+01 6.00000000000000000e+01 5.72540587356073897e-04 3.02100984847888882e-06
 6.00000000000000000e+01 6.02999999999999972e+01 5.66625557035950640e-04 2.90518545577372649e-06
 6.02999999999999972e+01 6.06000000000000014e+01 5.61202617496761851e-04 2.78487971016509614e-06
 6.06000000000000014e+01 6.08999999999999986e+01 5.60819859347840011e-04 3.22259630946428620e-06
 6.08999999999999986e+01 6.12000000000000028e+01 5.47657376151207843e-04 2.82505646981207740e-06
 6.12000000000000028e+01 6.15000000000000000e+01 5.41003656888123510e-04 2.80563605328740262e-06
 6.15000000000000000e+01 6.17999999999999972e+01 5.39958511917107225e-04 2.98694823157386428e-06
 6.17999999999999972e+01 6.21000000000000014e+01 5.28529316864840052e-04 2.96510044111762239e-06
 6.21000000000000014e+01 6.23999999999999986e+01 5.26668998588394693e-04 2.78987078939231176e-06
 6.23999999999999986e+01 6.27000000000000028e+01 5.22542931924654497e-04 3.21062603145829512e-06
 6.27000000000000028e+01 6.30000000000000000e+01 5.11780981233155474e-04 2.81682169904035383e-06
 6.30000000000000000e+01 6.32999999999999972e+01 5.08367300736039499e-04 2.82100561364196384e-06
 6.32999999999999972e+01 6.36000000000000014e+01 5.01305492567059147e-04 2.80196186077770346e-06
 6.36000000000000014e+01 6.38999999999999986e+01 4.97044028347667834e-04 2.82580394344494696e-06
 6.38999999999999986e+01 6.42000000000000028e+01 4.95268028331361226e-04 2.80412053663237270e-06
 6.42000000000000028e+01 6.45000000000000000e+01 4.87051590212292948e-04 2.70516222468843760e-06
 6.45000000000000000e+01 6.47999999999999972e+01 4.82685996447382347e-04 2.86771914516842019e-06
 6.47999999999999972e+01 6.50999999999999943e+01 4.83975261529504854e-04 3.35653704372167353e-06
 6.50999999999999943e+01 6.54000000000000057e+01 4.70993937911694228e-04 2.80074568935150572e-06
 6.54000000000000057e+01 6.57000000000000028e+01 4.61482862626817238e-04 2.74739668261616287e-06
 6.57000000000000028e+01 6.60000000000000000e+01 4.64398360193537466e-04 2.84266200539134070e-06
 6.60000000000000000e+01 6.62999999999999972e+01 4.58569347666043666e-04 2.66538207685149270e-06
 6.62999999999999972e+01 6.65999999999999943e+01 4.49315656588799325e-04 2.68769475293103504e-06
 6.65999999999999943e+01 6.69000000000000057e+01 4.52019260203608507e-04 2.90354542179534672e-06
 6.69000000000000057e+01 6.72000000000000028e+01 4.44963268118263148e-04 2.75518158838182384e-06
 6.72000000000000028e+01 6.75000000000000000e+01 4.41742114083973239e-04 2.74226894947328464e-06
 6.75000000000000000e+01 6.77999999999999972e+01 4.53507714592108868e-04 1.89110225013828158e-05
 6.77999999999999972e+01 6.80999999999999943e+01 4.23944874768591431e-04 3.07446622710924390e-06
 6.80999999999999943e+01 6.84000000000000057e+01 4.25664649451549691e-04 2.69352193698643094e-06
 6.84000000000000057e+01 6.87000000000000028e+01 4.23852007357659356e-04 2.84334135210135896e-06
 6.87000000000000028e+01 6.90000000000000000e+01 4.10935086135171229e-04 2.60492972188210558e-06
 6.90000000000000000e+01 6.92999999999999972e+01 4.12275586281875836e-04 3.40959365763132257e-06
 6.92999999999999972e+01 6.95999999999999943e+01 4.08511324742538056e-04 2.64339477700577293e-06
 6.95999999999999943e+01 6.99000000000000057e+01 4.06695703259522226e-04 2.79920971277475298e-06
 6.99000000000000057e+01 7.02000000000000028e+01 4.00557128477592125e-04 2.61559372963440270e-06
 7.02000000000000028e+01 7.05000000000000000e+01 3.91090732221978171e-04 2.62005151776486515e-06
 7.05000000000000000e+01 7.07999999999999972e+01 3.94990840081567418e-04 2.87437617253700610e-06
 7.07999999999999972e+01 7.10999999999999943e+01 3.88130378629464247e-04 2.72058556958577655e-06
 7.10999999999999943e+01 7.14000000000000057e+01 3.84726489258446422e-04 2.55992236953368876e-06
 7.14000000000000057e+01 7.17000000000000028e+01 3.84934995835917713e-04 3.92939784687264218e-06
 7.17000000000000028e+01 7.20000000000000000e+01 3.74714190890459585e-04 2.56961431181563964e-06
 7.20000000000000000e+01 7.22999999999999972e+01 3.72502395383217952e-04 2.60687631421566415e-06
 7.22999999999999972e+01 7.25999999999999943e+01 3.72444691916462534e-04 2.70808714099299695e-06
 7.25999999999999943e+01 7.29000000000000057e+01 3.65027428229126991e-04 2.85076644623488428e-06
 7.29000000000000057e+01 7.32000000000000028e+01 3.58308471453814463e-04 2.45406335324508716e-06
 7.32000000000000028e+01 7.35000000000000000e+01 3.58078352012866023e-04 2.50272250624081051e-06
 7.35000000000000000e+01 7.37999999999999972e+01 3.59132890924690755e-04 2.63754647916473593e-06
 7.37999999999999972e+01 7.40999999999999943e+01 3.49211767052058360e-04 2.58227910505177377e-06
 7.40999999999999943e+01 7.44000000000000057e+01 3.49725793904304605e-04 2.80022290314512815e-06
 7.44000000000000057e+01 7.47000000000000028e+01 3.41600439194345831e-04 2.42943445957329238e-06
 7.47000000000000028e+01 7.50000000000000000e+01 3.37269496462805015e-04 2.46573634139589088e-06
 7.50000000000000000e+01 7.52999999999999972e+01 3.35341058238000048e-04 2.50808163973271247e-06
 7.52999999999999972e+01 7.55999999999999943e+01 3.37157521787377883e-04 2.70326563608331700e-06
 7.55999999999999943e+01 7.59000000000000057e+01 3.31883047654427923e-04 2.49886480884620513e-06
 7.59000000000000057e+01 7.62000000000000028e+01 3.27328404302824991e-04 2.42365875357831340e-06
 7.62000000000000028e+01 7.65000000000000000e+01 3.31628723341762129e-04 3.58941554908235941e-06
 7.65000000000000000e+01 7.67999999999999972e+01 3.18068188493588649e-04 2.43296149958916354e-06
 7.67999999999999972e+01 7.70999999999999943e+01 3.17237042225723296e-04 2.51911346694477301e-06
 7.70999999999999943e+01 7.74000000000000057e+01 3.13863238401102353e-04 2.59540082324228221e-06
 7.74000000000000057e+01 7.77000000000000028e+01 3.21521025144673792e-04 5.12306615252589836e-06
 7.77000000000000028e+01 7.80000000000000000e+01 3.12951094111236659e-04 2.48608280255064245e-06
 7.80000000000000000e+01 7.82999999999999972e+01 3.05383947153386483e-04 2.49120520916981329e-06
 7.82999999999999972e+01 7.85999999999999943e+01 3.03520664990257244e-04 2.62576258186773572e-06
 7.85999999999999943e+01 7.89000000000000057e+01 3.01533786296111325e-04 2.58647977662187808e-06
 7.89000000000000057e+01 7.92000000000000028e+01 3.00035947712635944e-04 2.45352435513353626e-06
 7.92000000000000028e+01 7.95000000000000000e+01 2.92570747957735650e-04 2.42013164067092921e-06
 7.95000000000000000e+01 7.97999999999999972e+01 2.91716556657116693e-04 2.55425243814642902e-06
 7.97999999999999972e+01 8.00999999999999943e+01 2.93971354717192761e-04 2.98752472885043644e-06
 8.00999999999999943e+01 8.04000000000000057e+01 2.91942874175978354e-04 2.53858161728468296e-06
 8.04000000000000057e+01 8.07000000000000028e+01 2.88575909478479351e-04 2.64958152944233736e-06
 8.07000000000000028e+01 8.10000000000000000e+01 2.78328449857783344e-04 2.45699073846444130e-06
 8.10000000000000000e+01 8.12999999999999972e+01 2.75833554971286550e-04 2.45094339341963312e-06
 8.12999999999999972e+01 8.15999999999999943e+01 2.79909471273964304e-04 2.72331638080115590e-06
 8.15999999999999943e+01 8.19000000000000057e+01 2.74252388606086820e-04 2.50258281487670758e-06
 8.19000000000000057e+01 8.22000000000000028e+01 2.72255489861247108e-04 2.47036546474609602e-06
 8.22000000000000028e+01 8.25000000000000000e+01 2.72736070846417260e-04 2.66325792035209742e-06
 8.25000000000000000e+01 8.27999999999999972e+01 2.66606060659518873e-04 2.38471641818003205e-06
 8.27999999999999972e+01 8.30999999999999943e+01 2.62186535415933513e-04 2.39898416045667142e-06
 8.30999999999999943e+01 8.34000000000000057e+01 2.70645606031060535e-04 2.78780721430885355e-06
 8.34000000000000057e+01 8.37000000000000028e+01 2.63356707669945881e-04 2.38145205261369370e-06
 8.37000000000000028e+01 8.40000000000000000e+01 2.57565668290609230e-04 2.46491166704915372e-06
 8.40000000000000000e+01 8.42999999999999972e+01 2.54397071247900440e-04 2.31701991559962515e-06
 8.42999999999999972e+01 8.45999999999999943e+01 2.50586504973054924e-04 2.39275117556768890e-06
 8.45999999999999943e+01 8.49000000000000057e+01 2.55408116987651057e-04 2.55413320482018835e-06
 8.49000000000000057e+01 8.52000000000000028e+01 2.48459674390052131e-04 2.32756716703475966e-06
 8.52000000000000028e+01 8.55000000000000000e+01 2.54253440886396205e-04 2.47573635235048446e-06
 8.55000000000000000e+01 8.57999999999999972e+01 2.49141117156220738e-04 2.46596794005839185e-06
 8.57999999999999972e+01 8.60999999999999943e+01 2.45057637853776710e-04 2.56579495014165754e-06
 8.60999999999999943e+01 8.64000000000000057e+01 2.39402551793598006e-04 2.31340583724639177e-06
 8.64000000000000057e+01 8.67000000000000028e+01 2.37310421802948543e-04 2.25793902819402447e-06
 8.67000000000000028e+01 8.70000000000000000e+01 2.36336486061226013e-04 2.70377120499819402e-06
 8.70000000000000000e+01 8.72999999999999972e+01 2.34742222175377999e-04 2.36729373770930562e-06
 8.72999999999999972e+01 8.75999999999999943e+01 2.31019627222059831e-04 2.37865169568230324e-06
 8.75999999999999943e+01 8.79000000000000057e+01 2.25235335055928810e-04 2.30538292879419746e-06
 8.79000000000000057e+01 8.82000000000000028e+01 2.29585527652532566e-04 2.46688350866973407e-06
 8.82000000000000028e+01 8.85000000000000000e+01 2.25591966480243630e-04 2.26842222108337620e-06
 8.85000000000000000e+01 8.87999999999999972e+01 2.27450085437311576e-04 2.70145070990234856e-06
 8.87999999999999972e+01 8.90999999999999943e+01 2.23939684689928816e-04 2.28583109934560812e-06
 8.90999999999999943e+01 8.94000000000000057e+01 2.18847220293171495e-04 2.40199885144173298e-06
 8.94000000000000057e+01 8.97000000000000028e+01 2.17287429350182315e-04 2.27215633767769321e-06
 8.97000000000000028e+01 9.00000000000000000e+01 2.19340530738668885e-04 2.42852437897431261e-06
 9.00000000000000000e+01 9.02999999999999972e+01 2.14501548433718766e-04 2.22058500448082311e-06
 9.02999999999999972e+01 9.05999999999999943e+01 2.15972584459134882e-04 2.37660577411406254e-06
 9.05999999999999943e+01 9.09000000000000057e+01 2.10849070096003153e-04 2.32261336375679121e-06
 9.09000000000000057e+01 9.12000000000000028e+01 2.09502807738086731e-04 2.36200966860989202e-06
 9.12000000000000028e+01 9.15000000000000000e+01 2.06202952031095887e-04 2.47452260880239139e-06
 9.15000000000000000e+01 9.17999999999999972e+01 2.08025491895365316e-04 2.35556756664397228e-06
 9.17999999999999972e+01 9.20999999999999943e+01 2.04719031016281086e-04 2.25910307090871263e-06
 9.20999999999999943e+01 9.24000000000000057e+01 2.04836646798854752e-04 3.13984919580954606e-06
 9.24000000000000057e+01 9.27000000000000028e+01 1.99123867032000474e-04 2.09489623969274512e-06
 9.27000000000000028e+01 9.30000000000000000e+01 2.02817846038365226e-04 2.53117854886697391e-06
 9.30000000000000000e+01 9.32999999999999972e+01 1.96560573623868676e-04 2.24517624505551139e-06
 9.32999999999999972e+01 9.35999999999999943e+01 1.99734047058212791e-04 2.37335088423376514e-06
 9.35999999999999943e+01 9.39000000000000057e+01 1.93587502505227914e-04 2.10557996350714664e-06
 9.39000000000000057e+01 9.42000000000000028e+01 1.96878839251706563e-04 2.53746059645020315e-06
 9.42000000000000028e+01 9.45000000000000000e+01 1.90044683694287869e-04 2.30690590949269539e-06
 9.45000000000000000e+01 9.47999999999999972e+01 1.93814222624000775e-04 2.51212587799436396e-06
 9.47999999999999972e+01 9.50999999999999943e+01 1.90900208508655903e-04 2.16436705344225390e-06
 9.50999999999999943e+01 9.54000000000000057e+01 1.87322749527409261e-04 2.22890120535398945e-06
 9.54000000000000057e+01 9.57000000000000028e+01 1.88236092753738302e-04 2.12791973624446557e-06
 9.57000000000000028e+01 9.60000000000000000e+01 1.81997562247379174e-04 2.16728711622772168e-06
 9.60000000000000000e+01 9.62999999999999972e+01 1.80000072225182904e-04 2.23368759590190024e-06
 9.62999999999999972e+01 9.65999999999999943e+01 1.78434808596368485e-04 2.04378173759832496e-06
 9.65999999999999943e+01 9.69000000000000057e+01 1.78779366569032429e-04 2.16942782168683483e-06
 9.69000000000000057e+01 9.72000000000000028e+01 1.80027449737544192e-04 2.22171764095043733e-06
 9.72000000000000028e+01 9.75000000000000000e+01 1.74462096842855469e-04 2.07672891351748008e-06
 9.75000000000000000e+01 9.77999999999999972e+01 1.75704635926410838e-04 2.29728036583020604e-06
 9.77999999999999972e+01 9.80999999999999943e+01 1.73379285270553038e-04 2.34049822378465690e-06
 9.80999999999999943e+01 9.84000000000000057e+01 1.70753175683391415e-04 2.17272320016152945e-06
 9.84000000000000057e+01 9.87000000000000028e+01 1.73837197637508311e-04 2.71799457928086129e-06
 9.87000000000000028e+01 9.90000000000000000e+01 1.73287074092499656e-04 3.06224018204251507e-06
 9.90000000000000000e+01 9.92999999999999972e+01 1.68660055630376988e-04 2.21461401616045172e-06
 9.92999999999999972e+01 9.95999999999999943e+01 1.70113878972838662e-04 2.51633910041358873e-06
 9.95999999999999943e+01 9.99000000000000057e+01 1.65093303895484975e-04 2.21456693872270298e-06
 9.99000000000000057e+01 1.00200000000000003e+02 1.69476056960337897e-04 2.97387393746249844e-06
 1.00200000000000003e+02 1.00500000000000000e+02 1.63340092744305282e-04 2.15830661498034556e-06
 1.00500000000000000e+02 1.00799999999999997e+02 1.67002104571104730e-04 2.70777779302752810e-06
 1.00799999999999997e+02 1.01099999999999994e+02 1.60450463394326597e-04 2.18294568551800037e-06
 1.01099999999999994e+02 1.01400000000000006e+02 1.59512019084608866e-04 2.31648205689207000e-06
 1.01400000000000006e+02 1.01700000000000003e+02 1.59659493833053942e-04 2.19312538123244858e-06
 1.01700000000000003e+02 1.02000000000000000e+02 1.62837304762870471e-04 2.95351614733888051e-06
 1.02000000000000000e+02 1.02299999999999997e+02 1.57694423412875695e-04 2.17253109476640079e-06
 1.02299999999999997e+02 1.02599999999999994e+02 1.56506538259386846e-04 2.19738816427415849e-06
 1.02599999999999994e+02 1.02900000000000006e+02 1.51226834816238617e-04 2.86404594437591939e-06
 1.02900000000000006e+02 1.03200000000000003e+02 1.49529152296073563e-04 1.98990706608025236e-06
 1.03200000000000003e+02 1.03500000000000000e+02 1.46848609927738890e-04 2.04574466299551758e-06
 1.03500000000000000e+02 1.03799999999999997e+02 1.46062964477260371e-04 2.46225833736753445e-06
 1.03799999999999997e+02 1.04099999999999994e+02 1.48237277454103702e-04 2.40249910686835934e-06
 1.04099999999999994e+02 1.04400000000000006e+02 1.46990698004514486e-04 2.36749694809811620e-06
 1.04400000000000006e+02 1.04700000000000003e+02 1.44786876515310249e-04 2.00457038544720320e-06
 1.04700000000000003e+02 1.05000000000000000e+02 1.44290595165793699e-04 2.04974944518266069e-06
 1.05000000000000000e+02 1.05299999999999997e+02 1.44863591957189089e-04 2.20722891069968422e-06
 1.05299999999999997e+02 1.05599999999999994e+02 1.44932148737019026e-04 4.69072728415188584e-06
 1.05599999999999994e+02 1.05900000000000006e+02 1.43101725543675782e-04 2.15989066705061105e-06
 1.05900000000000006e+02 1.06200000000000003e+02 1.39719140874983616e-04 2.05017655285962234e-06
 1.06200000000000003e+02 1.06500000000000000e+02 1.39089644537835141e-04 2.01774897985606198e-06
 1.06500000000000000e+02 1.06799999999999997e+02 1.41992468217629753e-04 2.29092862300736508e-06
 1.06799999999999997e+02 1.07099999999999994e+02 1.38848021272890387e-04 2.16676771021042260e-06
 1.07099999999999994e+02 1.07400000000000006e+02 1.36055321260126463e-04 2.10419220493567981e-06
 1.07400000000000006e+02 1.07700000000000003e+02 1.34147172058141214e-04 1.98336405835539999e-06
 1.07700000000000003e+02 1.08000000000000000e+02 1.37627659430088716e-04 2.14841878960655555e-06
 1.08000000000000000e+02 1.08299999999999997e+02 1.33484324962845327e-04 2.35953746515725705e-06
 1.08299999999999997e+02 1.08599999999999994e+02 1.34701003255723636e-04 2.33496831104239783e-06
 1.08599999999999994e+02 1.08900000000000006e+02 1.33626506530059946e-04 2.33974675187576906e-06
 1.08900000000000006e+02 1.09200000000000003e+02 1.29610180280230740e-04 3.26563567109114713e-06
 1.09200000000000003e+02 1.09500000000000000e+02 1.28311297629786145e-04 2.20781253774235483e-06
 1.09500000000000000e+02 1.09799999999999997e+02 1.30751812295205785e-04 2.36662247738545254e-06
 1.09799999999999997e+02 1.10099999999999994e+02 1.28316902286655719e-04 2.24794867900670954e-06
 1.10099999999999994e+02 1.10400000000000006e+02 1.30068333708240080e-04 2.28710885913458309e-06
 1.10400000000000006e+02 1.10700000000000003e+02 1.24534565557461876e-04 2.04117590459133052e-06
 1.10700000000000003e+02 1.11000000000000000e+02 1.22961718490639940e-04 2.02818212615214118e-06
 1.11000000000000000e+02 1.11299999999999997e+02 1.23320235504616681e-04 1.94801808405997097e-06
 1.11299999999999997e+02 1.11599999999999994e+02 1.21600755647305553e-04 1.91840958374857665e-06
 1.11599999999999994e+02 1.11900000000000006e+02 1.20706598406896618e-04 2.03878384727194864e-06
 1.11900000000000006e+02 1.12200000000000003e+02 1.23538451771704893e-04 1.96861464996034708e-06
 1.12200000000000003e+02 1.12500000000000000e+02 1.17499054399472741e-04 2.28378312114275229e-06
 1.12500000000000000e+02 1.12799999999999997e+02 1.21871636766368081e-04 2.48701955334224171e-06
 1.12799999999999997e+02 1.13099999999999994e+02 1.15912693168337993e-04 1.89755948063510364e-06
 1.13099999999999994e+02 1.13400000000000006e+02 1.15943962371946278e-04 2.29843473613440390e-06
 1.13400000000000006e+02 1.13700000000000003e+02 1.16635809288756923e-04 2.02015840307514975e-06
 1.13700000000000003e+02 1.14000000000000000e+02 1.17443124334052298e-04 2.15560257918182440e-06
 1.14000000000000000e+02 1.14299999999999997e+02 1.16423361843995501e-04 2.01794546518207466e-06
 1.14299999999999997e+02 1.14599999999999994e+02 1.11954845741297395e-04 1.89266371106665585e-06
 1.14599999999999994e+02 1.14900000000000006e+02 1.11782932442573560e-04 1.96505718521360016e-06
 1.14900000000000006e+02 1.15200000000000003e+02 1.12005302482111132e-04 2.33299011749879609e-06
 1.15200000000000003e+02 1.15500000000000000e+02 1.17206765842267941e-04 2.08941593355766992e-06
 1.15500000000000000e+02 1.15799999999999997e+02 1.13741980600757354e-04 2.12580517192026176e-06
 1.15799999999999997e+02 1.16099999999999994e+02 1.10485608510169997e-04 2.13719882504148039e-06
 1.16099999999999994e+02 1.16400000000000006e+02 1.06818614251283673e-04 2.13103548973658567e-06
 1.16400000000000006e+02 1.16700000000000003e+02 1.08785956351866713e-04 2.05689217223448342e-06
 1.16700000000000003e+02 1.17000000000000000e+02 1.09521611260985903e-04 3.52444847613453908e-06
 1.17000000000000000e+02 1.17299999999999997e+02 1.05330438519990905e-04 2.03092394406117986e-06
 1.17299999999999997e+02 1.17599999999999994e+02 1.03427665789797328e-04 1.92128342030721221e-06
 1.17599999999999994e+02 1.17900000000000006e+02 1.01263310558871977e-04 1.93518488109356476e-06
 1.17900000000000006e+02 1.18200000000000003e+02 1.04948143399419304e-04 1.90673528567772830e-06
 1.18200000000000003e+02 1.18500000000000000e+02 1.03987858867492540e-04 1.97547592792085568e-06
 1.18500000000000000e+02 1.18799999999999997e+02 1.06648490933855240e-04 4.19469826335046411e-06
 1.18799999999999997e+02 1.19099999999999994e+02 1.04226863574072225e-04 2.35536174840234709e-06
 1.19099999999999994e+02 1.19400000000000006e+02 1.02574813973992251e-04 2.51199187871794705e-06
 1.19400000000000006e+02 1.19700000000000003e+02 9.84988769292970048e-05 1.90844639051663647e-06
 1.19700000000000003e+02 1.20000000000000000e+02 1.00081719892339025e-04 1.96999824650706651e-06
 1.20000000000000000e+02 1.20299999999999997e+02 9.91970870296519507e-05 2.36115277612332943e-06
 1.20299999999999997e+02 1.20599999999999994e+02 9.90891715070025013e-05 1.95654058690688290e-06
 1.20599999999999994e+02 1.20900000000000006e+02 9.79926000269626385e-05 1.86042125062569372e-06
 1.20900000000000006e+02 1.21200000000000003e+02 9.84203821563088186e-05 2.27760096153100750e-06
 1.21200000000000003e+02 1.21500000000000000e+02 9.81952691813335859e-05 2.11112651853725421e-06
 1.21500000000000000e+02 1.21799999999999997e+02 9.54499434754663053e-05 2.16365245095935271e-06
 1.21799999999999997e+02 1.22099999999999994e+02 9.58986408249511640e-05 2.11052811060900490e-06
 1.22099999999999994e+02 1.22400000000000006e+02 9.12739031634801255e-05 1.91125822653876896e-06
 1.22400000000000006e+02 1.22700000000000003e+02 9.31564185244226927e-05 2.09931035853867616e-06
 1.22700000000000003e+02 1.23000000000000000e+02 9.11645646157626554e-05 1.91843177825041851e-06
 1.23000000000000000e+02 1.23299999999999997e+02 9.15723061604915817e-05 2.18837324797277258e-06
 1.23299999999999997e+02 1.23599999999999994e+02 9.06640263276601021e-05 1.95462046295845568e-06
 1.23599999999999994e+02 1.23900000000000006e+02 9.11523342110821599e-05 2.00282789219631733e-06
 1.23900000000000006e+02 1.24200000000000003e+02 9.00106763239635899e-05 2.10957762002394966e-06
 1.24200000000000003e+02 1.24500000000000000e+02 8.88517877653957421e-05 1.97160708809025494e-06
 1.24500000000000000e+02 1.24799999999999997e+02 9.22574172190873708e-05 2.27144222172109834e-06
 1.24799999999999997e+02 1.25099999999999994e+02 9.00645294458812714e-05 3.40714757351902161e-06
 1.25099999999999994e+02 1.25400000000000006e+02 8.64018982857381399e-05 2.03207831526111336e-06
 1.25400000000000006e+02 1.25700000000000003e+02 8.86902748178600983e-05 1.95718633273071844e-06
 1.25700000000000003e+02 1.26000000000000000e+02 8.32945570517634872e-05 2.01833383301699490e-06
 1.26000000000000000e+02 1.26299999999999997e+02 8.60558084752538547e-05 2.52166581970079284e-06
 1.26299999999999997e+02 1.26599999999999994e+02 8.31506824534571781e-05 1.89722011484623285e-06
 1.26599999999999994e+02 1.26900000000000006e+02 8.32144512638253726e-05 2.01018267006408595e-06
 1.26900000000000006e+02 1.27200000000000003e+02 8.23443436327587732e-05 2.06276055850481241e-06
 1.27200000000000003e+02 1.27500000000000000e+02 8.32101793431215688e-05 2.25733017491763860e-06
 1.27500000000000000e+02 1.27799999999999997e+02 7.92859322401013959e-05 1.90969281654196375e-06
 1.27799999999999997e+02 1.28099999999999994e+02 7.91013865475344329e-05 1.89462185137889287e-06
 1.28099999999999994e+02 1.28400000000000006e+02 7.75171507083325290e-05 1.97473705925062158e-06
 1.28400000000000006e+02 1.28699999999999989e+02 8.19397993374126015e-05 2.02462755516038502e-06
 1.28699999999999989e+02 1.29000000000000000e+02 7.67026280573700935e-05 1.94584040873076805e-06
 1.29000000000000000e+02 1.29300000000000011e+02 8.00625851138293294e-05 2.73216964979395044e-06
 1.29300000000000011e+02 1.29599999999999994e+02 8.09208226573737455e-05 2.03749488346605759e-06
 1.29599999999999994e+02 1.29900000000000006e+02 7.86697863688103885e-05 2.29214700333684126e-06
 1.29900000000000006e+02 1.30199999999999989e+02 7.46464094651458750e-05 1.96023407714075670e-06
 1.30199999999999989e+02 1.30500000000000000e+02 7.74440219678035926e-05 2.43333993691381820e-06
 1.30500000000000000e+02 1.30800000000000011e+02 7.25322164973724411e-05 1.94371359232756361e-06
 1.30800000000000011e+02 1.31099999999999994e+02 7.54826330887454697e-05 2.08991750436087507e-06
 1.31099999999999994e+02 1.31400000000000006e+02 7.29040840412533591e-05 1.98491956791957516e-06
 1.31400000000000006e+02 1.31699999999999989e+02 6.83598664912129285e-05 1.97043931935311006e-06
 1.31699999999999989e+02 1.32000000000000000e+02 7.42088093938574029e-05 2.54341746819479505e-06
 1.32000000000000000e+02 1.32300000000000011e+02 7.26418957826222169e-05 2.36467894637536398e-06
 1.32300000000000011e+02 1.32599999999999994e+02 7.21395591926195180e-05 2.18171689477603199e-06
 1.32599999999999994e+02 1.32900000000000006e+02 7.04679834322416486e-05 2.32243729928339677e-06
 1.32900000000000006e+02 1.33199999999999989e+02 7.25393760379295456e-05 2.08307083312533629e-06
 1.33199999999999989e+02 1.33500000000000000e+02 7.31285381952736342e-05 2.13667041576252167e-06
 1.33500000000000000e+02 1.33800000000000011e+02 6.60038143694675433e-05 1.98539405686177568e-06
 1.33800000000000011e+02 1.34099999999999994e+02 7.00692841763763693e-05 2.00451244644975255e-06
 1.34099999999999994e+02 1.34400000000000006e+02 6.85970484767177375e-05 2.13658605593460719e-06
 1.34400000000000006e+02 1.34699999999999989e+02 6.64507067028121442e-05 2.11446126274413678e-06
 1.34699999999999989e+02 1.35000000000000000e+02 6.58944092900729737e-05 2.10259978101344955e-06
 1.35000000000000000e+02 1.35300000000000011e+02 6.43771428886541394e-05 2.15139701587290867e-06
 1.35300000000000011e+02 1.35599999999999994e+02 6.55803756295751525e-05 2.08390541357927240e-06
 1.35599999999999994e+02 1.35900000000000006e+02 6.40362937470722476e-05 1.94373529748969574e-06
 1.35900000000000006e+02 1.36199999999999989e+02 6.70384337904936017e-05 2.11467958648968765e-06
 1.36199999999999989e+02 1.36500000000000000e+02 6.06689376402525459e-05 1.83191137392910584e-06
 1.36500000000000000e+02 1.36800000000000011e+02 6.42135096587667447e-05 1.96593201271530680e-06
 1.36800000000000011e+02 1.37099999999999994e+02 6.28354739738737166e-05 1.96051012291041535e-06
 1.37099999999999994e+02 1.37400000000000006e+02 6.20596369333190854e-05 2.06346267281333621e-06
 1.37400000000000006e+02 1.37699999999999989e+02 5.93741148134859664e-05 1.88816061796306794e-06
 1.37699999999999989e+02 1.38000000000000000e+02 5.64935537246934194e-05 1.79709625150701060e-06
 1.38000000000000000e+02 1.38300000000000011e+02 6.21307200784558636e-05 2.29875901234076505e-06
 1.38300000000000011e+02 1.38599999999999994e+02 6.63474715094566892e-05 2.51419436096797133e-06
 1.38599999999999994e+02 1.38900000000000006e+02 6.07222290384219147e-05 2.12140442234816980e-06
 1.38900000000000006e+02 1.39199999999999989e+02 5.95555346471976298e-05 2.03414405290255666e-06
 1.39199999999999989e+02 1.39500000000000000e+02 5.31979955963946658e-05 1.75681947068379738e-06
 1.39500000000000000e+02 1.39800000000000011e+02 5.95352674744088376e-05 2.19336231736056841e-06
 1.39800000000000011e+02 1.40099999999999994e+02 5.92116510274967565e-05 2.36641618131012423e-06
 1.40099999999999994e+02 1.40400000000000006e+02 5.22481976446560043e-05 1.86974054020613263e-06
 1.40400000000000006e+02 1.40699999999999989e+02 5.41005314701766113e-05 2.76417715716422378e-06
 1.40699999999999989e+02 1.41000000000000000e+02 5.26870289644678199e-05 1.85315989083668017e-06
 1.41000000000000000e+02 1.41300000000000011e+02 5.33235309592294211e-05 2.29925537466640514e-06
 1.41300000000000011e+02 1.41599999999999994e+02 5.10006240947223052e-05 1.93925803359707218e-06
 1.41599999999999994e+02 1.41900000000000006e+02 5.35349853176468493e-05 2.09116217363711181e-06
 1.41900000000000006e+02 1.42199999999999989e+02 5.03409482731277211e-05 2.06994783395920769e-06
 1.42199999999999989e+02 1.42500000000000000e+02 4.81546224119991514e-05 1.78281685763238522e-06
 1.42500000000000000e+02 1.42800000000000011e+02 4.75456869087136725e-05 1.85765959473427252e-06
 1.42800000000000011e+02 1.43099999999999994e+02 4.74587025553357920e-05 2.13476215597226584e-06
 1.43099999999999994e+02 1.43400000000000006e+02 4.60633925905899836e-05 1.87567106154953385e-06
 1.43400000000000006e+02 1.43699999999999989e+02 4.54496334125250790e-05 1.69920041628350510e-06
 1.43699999999999989e+02 1.44000000000000000e+02 4.21114531223402581e-05 1.76937511446595059e-06
 1.44000000000000000e+02 1.44300000000000011e+02 4.27509867816822746e-05 1.75923136084480871e-06
 1.44300000000000011e+02 1.44599999999999994e+02 4.39547708696162476e-05 2.09550121665906433e-06
 1.44599999999999994e+02 1.44900000000000006e+02 3.90594777316357651e-05 1.74528523708281374e-06
 1.44900000000000006e+02 1.45199999999999989e+02 4.18390846427320565e-05 1.90566365584450667e-06
 1.45199999999999989e+02 1.45500000000000000e+02 4.10269027785338509e-05 2.06872185342589850e-06
 1.45500000000000000e+02 1.45800000000000011e+02 3.76937720685463021e-05 1.69870581563602027e-06
 1.45800000000000011e+02 1.46099999999999994e+02 3.86536332577250028e-05 1.96374262787889841e-06
 1.46099999999999994e+02 1.46400000000000006e+02 3.49435711750771931e-05 2.09443610507448237e-06
 1.46400000000000006e+02 1.46699999999999989e+02 3.65097145167230360e-05 1.74332692194300203e-06
 1.46699999999999989e+02 1.47000000000000000e+02 3.71787894172766737e-05 1.76376081362286165e-06
 1.47000000000000000e+02 1.47300000000000011e+02 3.52667626465299981e-05 2.06438219463163933e-06
 1.47300000000000011e+02 1.47599999999999994e+02 3.02444464803125506e-05 1.33860796804854122e-06
 1.47599999999999994e+02 1.47900000000000006e+02 3.35222824706894732e-05 1.81927097754351368e-06
 1.47900000000000006e+02 1.48199999999999989e+02 3.11364477663584910e-05 1.28148651165669725e-06
 1.48199999999999989e+02 1.48500000000000000e+02 3.22887688588699759e-05 1.69126889280585617e-06
 1.48500000000000000e+02 1.48800000000000011e+02 3.19174124386386069e-05 2.33389104580070303e-06
 1.48800000000000011e+02 1.49099999999999994e+02 3.01391684726940005e-05 1.49690705957258993e-06
 1.49099999999999994e+02 1.49400000000000006e+02 2.74740059220722044e-05 1.29612064200774515e-06
 1.49400000000000006e+02 1.49699999999999989e+02 3.10590921073081446e-05 1.71463885924670438e-06
 1.49699999999999989e+02 1.50000000000000000e+02 2.53713270673247293e-05 1.47684312414262270e-06
 1.50000000000000000e+02 1.50300000000000011e+02 2.98872016737340959e-05 1.55441432117632818e-06
 1.50300000000000011e+02 1.50599999999999994e+02 2.42093256378378293e-05 1.16880513395269821e-06
 1.50599999999999994e+02 1.50900000000000006e+02 2.78869848612854137e-05 1.53364380806698073e-06
 1.50900000000000006e+02 1.51199999999999989e+02 3.01587149947974093e-05 1.88483369472755109e-06
 1.51199999999999989e+02 1.51500000000000000e+02 2.43076656161003666e-05 1.25412959366903710e-06
 1.51500000000000000e+02 1.51800000000000011e+02 2.48098969019563764e-05 1.21429290691659792e-06
 1.51800000000000011e+02 1.52099999999999994e+02 2.45360867363747051e-05 1.58976782922577609e-06
 1.52099999999999994e+02 1.52400000000000006e+02 2.30721356683581653e-05 1.13648068753090138e-06
 1.52400000000000006e+02 1.52699999999999989e+02 2.67406292787013839e-05 1.42305134836429944e-06
 1.52699999999999989e+02 1.53000000000000000e+02 2.33810029297123761e-05 1.17565258360462956e-06
 1.53000000000000000e+02 1.53300000000000011e+02 2.36831252764785220e-05 1.13470751522074797e-06
 1.53300000000000011e+02 1.53599999999999994e+02 2.11109536196784348e-05 1.13682121108753666e-06
 1.53599999999999994e+02 1.53900000000000006e+02 2.19355664531064829e-05 1.23290218825962511e-06
 1.53900000000000006e+02 1.54199999999999989e+02 2.34205930761592478e-05 1.49263656145463569e-06
 1.54199999999999989e+02 1.54500000000000000e+02 2.08037403891126700e-05 1.16895622322721031e-06
 1.54500000000000000e+02 1.54800000000000011e+02 1.98745522072502527e-05 1.17020679563359548e-06
 1.54800000000000011e+02 1.55099999999999994e+02 2.18008526422352667e-05 1.10005341045522435e-06
 1.55099999999999994e+02 1.55400000000000006e+02 2.12736995027321941e-05 1.29346372716294310e-06
 1.55400000000000006e+02 1.55699999999999989e+02 2.10542984484606322e-05 1.19224218612550035e-06
 1.55699999999999989e+02 1.56000000000000000e+02 1.98729753489837264e-05 1.04432559880580193e-06
 1.56000000000000000e+02 1.56300000000000011e+02 1.90376635004868669e-05 9.68467761411599111e-07
 1.56300000000000011e+02 1.56599999999999994e+02 2.15733040192389743e-05 1.21424347400278748e-06
 1.56599999999999994e+02 1.56900000000000006e+02 1.97500277388892180e-05 1.13307299578817409e-06
 1.56900000000000006e+02 1.57199999999999989e+02 1.95415413594032942e-05 1.03236158624890915e-06
 1.57199999999999989e+02 1.57500000000000000e+02 1.94370733731218284e-05 1.28171823678096991e-06
 1.57500000000000000e+02 1.57800000000000011e+02 1.90030889944664160e-05 1.37857976020291445e-06
 1.57800000000000011e+02 1.58099999999999994e+02 2.03532460258705438e-05 1.13569059772942377e-06
 1.58099999999999994e+02 1.58400000000000006e+02 1.89356429436657730e-05 1.23437151392138623e-06
 1.58400000000000006e+02 1.58699999999999989e+02 1.88076587506256440e-05 1.12996514270230927e-06
 1.58699999999999989e+02 1.59000000000000000e+02 1.73067158415990065e-05 1.02769950326973248e-06
 1.59000000000000000e+02 1.59300000000000011e+02 1.68621094968901677e-05 8.89001347879159738e-07
 1.59300000000000011e+02 1.59599999999999994e+02 1.77753428666831365e-05 1.20357645358300794e-06
 1.59599999999999994e+02 1.59900000000000006e+02 1.90119171232265123e-05 1.52710774675285315e-06
 1.59900000000000006e+02 1.60199999999999989e+02 1.72697803068304622e-05 9.89561675171068484e-07
 1.60199999999999989e+02 1.60500000000000000e+02 1.89361019304470943e-05 1.60018848051435745e-06
 1.60500000000000000e+02 1.60800000000000011e+02 1.65393383003239848e-05 9.64187914652595909e-07
 1.60800000000000011e+02 1.61099999999999994e+02 1.86612464873852779e-05 1.65253549811764999e-06
 1.61099999999999994e+02 1.61400000000000006e+02 1.75272219387960901e-05 1.02000079432932757e-06
 1.61400000000000006e+02 1.61699999999999989e+02 1.64984074111041954e-05 1.10386825112233576e-06
 1.61699999999999989e+02 1.62000000000000000e+02 1.80883323303856400e-05 1.13073536963856957e-06
 1.62000000000000000e+02 1.62300000000000011e+02 1.79695402093685476e-05 1.04766617912366784e-06
 1.62300000000000011e+02 1.62599999999999994e+02 1.85186205755432927e-05 1.67994774964337985e-06
 1.62599999999999994e+02 1.62900000000000006e+02 1.69832161771332417e-05 1.57176326468870944e-06
 1.62900000000000006e+02 1.63199999999999989e+02 1.70982624320419598e-05 9.88268128777049742e-07
 1.63199999999999989e+02 1.63500000000000000e+02 1.54308367944161651e-05 1.04121325174554948e-06
 1.63500000000000000e+02 1.63800000000000011e+02 1.52277731261057888e-05 9.01352673344243841e-07
 1.63800000000000011e+02 1.64099999999999994e+02 1.45492799330162077e-05 1.04073508479334233e-06
 1.64099999999999994e+02 1.64400000000000006e+02 1.52308976182596061e-05 9.83147371248639485e-07
 1.64400000000000006e+02 1.64699999999999989e+02 1.48180563936580262e-05 8.81643315815905711e-07
 1.64699999999999989e+02 1.65000000000000000e+02 1.66140672148540478e-05 1.27386184919215449e-06
 1.65000000000000000e+02 1.65300000000000011e+02 1.62948925599694125e-05 1.07058451594815938e-06
 1.65300000000000011e+02 1.65599999999999994e+02 1.45268001055970695e-05 9.71556920565144985e-07
 1.65599999999999994e+02 1.65900000000000006e+02 1.43783242837379480e-05 9.33630298144832733e-07
 1.65900000000000006e+02 1.66199999999999989e+02 1.48288409336801661e-05 8.92243389156156095e-07
 1.66199999999999989e+02 1.66500000000000000e+02 1.38193728519826828e-05 9.31347309761506936e-07
 1.66500000000000000e+02 1.66800000000000011e+02 1.62733729975501895e-05 1.07242650862474896e-06
 1.66800000000000011e+02 1.67099999999999994e+02 1.45052743153188960e-05 9.87743395146214254e-07
 1.67099999999999994e+02 1.67400000000000006e+02 1.43016860672987877e-05 9.72979815020933134e-07
 1.67400000000000006e+02 1.67699999999999989e+02 1.39996929890872815e-05 9.26853827767310395e-07
 1.67699999999999989e+02 1.68000000000000000e+02 1.31331400989632798e-05 8.84116006471147117e-07
 1.68000000000000000e+02 1.68300000000000011e+02 1.35274933977763567e-05 8.72467439914357618e-07
 1.68300000000000011e+02 1.68599999999999994e+02 1.40280305777074314e-05 1.15332839132689268e-06
 1.68599999999999994e+02 1.68900000000000006e+02 1.33370634036817337e-05 9.21257683643118333e-07
 1.68900000000000006e+02 1.69199999999999989e+02 1.36664140068774824e-05 8.47241249374195161e-07
 1.69199999999999989e+02 1.69500000000000000e+02 1.49627574285673506e-05 1.10070798768743263e-06
 1.69500000000000000e+02 1.69800000000000011e+02 1.41038338019542644e-05 1.14684491863493533e-06
 1.69800000000000011e+02 1.70099999999999994e+02 1.35582973257422954e-05 1.23405593516776197e-06
 1.70099999999999994e+02 1.70400000000000006e+02 1.23778132812095133e-05 7.92013079436643693e-07
 1.70400000000000006e+02 1.70699999999999989e+02 1.20577934086676464e-05 7.37682359509758939e-07
 1.70699999999999989e+02 1.71000000000000000e+02 1.62984257706992001e-05 1.04658168164077916e-06
 1.71000000000000000e+02 1.71300000000000011e+02 1.32625359414180280e-05 8.54694098942530858e-07
 1.71300000000000011e+02 1.71599999999999994e+02 1.36053505831765973e-05 8.74574408168017116e-07
 1.71599999999999994e+02 1.71900000000000006e+02 1.33381690523560745e-05 9.21111632732865835e-07
 1.71900000000000006e+02 1.72199999999999989e+02 1.40529260885131355e-05 9.51385931718536363e-07
 1.72199999999999989e+02 1.72500000000000000e+02 1.27055450473481460e-05 9.49617980765827773e-07
 1.72500000000000000e+02 1.72800000000000011e+02 1.17492351092845991e-05 7.33219172659985425e-07
 1.72800000000000011e+02 1.73099999999999994e+02 1.38599086520424098e-05 1.01668220113125523e-06
 1.73099999999999994e+02 1.73400000000000006e+02 1.30900743605617840e-05 9.71473181886055915e-07
 1.73400000000000006e+02 1.73699999999999989e+02 1.55629394171517492e-05 2.66911063859576553e-06
 1.73699999999999989e+02 1.74000000000000000e+02 1.13999706882706758e-05 6.85267095318749501e-07
 1.74000000000000000e+02 1.74300000000000011e+02 1.29483291551469206e-05 1.00626327015503791e-06
 1.74300000000000011e+02 1.74599999999999994e+02 1.38556350023956555e-05 1.02487388430876918e-06
 1.74599999999999994e+02 1.74900000000000006e+02 1.32384064039326042e-05 1.02649618910960213e-06
 1.74900000000000006e+02 1.75199999999999989e+02 1.21921460221869376e-05 9.04980502710031207e-07
 1.75199999999999989e+02 1.75500000000000000e+02 1.28768900971059099e-05 8.91865246961241276e-07
 1.75500000000000000e+02 1.75800000000000011e+02 1.36281690354058650e-05 1.21896866574420256e-06
 1.75800000000000011e+02 1.76099999999999994e+02 1.23263636480964581e-05 8.59440492932794619e-07
 1.76099999999999994e+02 1.76400000000000006e+02 1.46177374762334785e-05 1.07190321178589068e-06
 1.76400000000000006e+02 1.76699999999999989e+02 1.23385203136288347e-05 8.17133069275516499e-07
 1.76699999999999989e+02 1.77000000000000000e+02 1.29058663173439937e-05 9.06838178121718470e-07
 1.77000000000000000e+02 1.77300000000000011e+02 1.24860317051738617e-05 1.01823313973422752e-06
 1.77300000000000011e+02 1.77599999999999994e+02 1.25011268269196916e-05 9.05228022940441979e-07
 1.77599999999999994e+02 1.77900000000000006e+02 1.02009108977782167e-05 7.88676531111344130e-07
 1.77900000000000006e+02 1.78199999999999989e+02 1.42048304995891077e-05 1.11544663140674777e-06
 1.78199999999999989e+02 1.78500000000000000e+02 1.29560434032288862e-05 9.73925967548851272e-07
 1.78500000000000000e+02 1.78800000000000011e+02 1.23185724441350472e-05 7.89903549543492558e-07
 1.78800000000000011e+02 1.79099999999999994e+02 1.26050037983650992e-05 8.63468921947287230e-07
 1.79099999999999994e+02 1.79400000000000006e+02 1.33038572524668051e-05 1.05306623356740909e-06
 1.79400000000000006e+02 1.79699999999999989e+02 1.15574859454579738e-05 8.35624400329354138e-07
 1.79699999999999989e+02 1.80000000000000000e+02 1.28326359555567148e-05 8.85564418265086302e-07

Histogram:lthav
 5.00000000000000000e+01 5.01333333333333329e+01 8.72240536966825988e-06 1.03301370279306217e-06
 5.01333333333333329e+01 5.02666666666666657e+01 2.68960119178758875e-05 1.55690836751956052e-06
 5.02666666666666657e+01 5.03999999999999986e+01 4.14194279760803945e-05 2.01850870026946197e-06
 5.03999999999999986e+01 5.05333333333333314e+01 6.03945802996547150e-05 2.47602318934751839e-06
 5.05333333333333314e+01 5.06666666666666643e+01 7.37826180163208238e-05 2.45369373701794434e-06
 5.06666666666666643e+01 5.07999999999999972e+01 9.45096333453006153e-05 3.02190411547464976e-06
 5.07999999999999972e+01 5.09333333333333300e+01 1.14521247692494048e-04 2.92439012638219596e-06
 5.09333333333333300e+01 5.10666666666666700e+01 1.31569452799741712e-04 3.06159176394453949e-06
 5.10666666666666700e+01 5.12000000000000028e+01 1.48490808214093073e-04 3.52165131343420855e-06
 5.12000000000000028e+01 5.13333333333333357e+01 1.62272371629068726e-04 3.20361906893722147e-06
 5.13333333333333357e+01 5.14666666666666686e+01 1.83391582105739810e-04 3.63231718210198129e-06
 5.14666666666666686e+01 5.16000000000000014e+01 1.94984081812031937e-04 3.81284375315319051e-06
 5.16000000000000014e+01 5.17333333333333343e+01 2.14997398337055887e-04 3.84563354682858754e-06
 5.17333333333333343e+01 5.18666666666666671e+01 2.25647745312535907e-04 3.89978810581727993e-06
 5.18666666666666671e+01 5.20000000000000000e+01 2.41093864025445487e-04 3.74240843409952324e-06
 5.20000000000000000e+01 5.21333333333333329e+01 2.60829111364607443e-04 3.90723622766931258e-06
 5.21333333333333329e+01 5.22666666666666657e+01 2.68855214355805323e-04 3.96269081850312203e-06
 5.22666666666666657e+01 5.23999999999999986e+01 2.97541588723533319e-04 5.07978408013621804e-06
 5.23999999999999986e+01 5.25333333333333314e+01 3.05866150123311313e-04 7.14816516016806854e-06
 5.25333333333333314e+01 5.26666666666666643e+01 3.09536809839977805e-04 3.89960701856911016e-06
 5.26666666666666643e+01 5.27999999999999972e+01 3.39220661573175740e-04 4.27015297878837306e-06
 5.27999999999999972e+01 5.29333333333333300e+01 3.52018686121917585e-04 4.52161411363835017e-06
 5.29333333333333300e+01 5.30666666666666700e+01 3.65021521632143717e-04 7.15279976117149603e-06
 5.30666666666666700e+01 5.32000000000000028e+01 3.90298641293180745e-04 5.17695994952155718e-06
 5.32000000000000028e+01 5.33333333333333357e+01 3.93577915608271862e-04 4.02913464089456121e-06
 5.33333333333333357e+01 5.34666666666666686e+01 4.19345007278836880e-04 4.84007041134574018e-06
 5.34666666666666686e+01 5.36000000000000014e+01 4.32074880276331601e-04 4.75474359739689512e-06
 5.36000000000000014e+01 5.37333333333333343e+01 4.54389828321833246e-04 8.89195186785558009e-06
 5.37333333333333343e+01 5.38666666666666671e+01 4.55865103519987463e-04 4.27007009825461191e-06
 5.38666666666666671e+01 5.40000000000000000e+01 4.74600545074679555e-04 4.41705159791353445e-06
 5.40000000000000000e+01 5.41333333333333329e+01 4.85944298504716640e-04 4.25688496949886922e-06
 5.41333333333333329e+01 5.42666666666666657e+01 5.17044211064103835e-04 9.67344408078955183e-06
 5.42666666666666657e+01 5.43999999999999986e+01 5.22865589802967712e-04 4.68401527741652740e-06
 5.43999999999999986e+01 5.45333333333333314e+01 5.26654284312019988e-04 4.37522293994876281e-06
 5.45333333333333314e+01 5.46666666666666643e+01 5.42864535354126913e-04 4.43685836513231532e-06
 5.46666666666666643e+01 5.47999999999999972e+01 5.68154535537450074e-04 5.03986901111842044e-06
 5.47999999999999972e+01 5.49333333333333371e+01 5.84765968975527748e-04 4.68285982050897789e-06
 5.49333333333333371e+01 5.50666666666666629e+01 6.00173517362259656e-04 4.70873501770405525e-06
 5.50666666666666629e+01 5.52000000000000028e+01 6.18295941445374500e-04 5.13660098258631922e-06
 5.52000000000000028e+01 5.53333333333333357e+01 6.23753695253910327e-04 4.56254552070852432e-06
 5.53333333333333357e+01 5.54666666666666686e+01 6.38693296085736080e-04 5.28309232249363573e-06
 5.54666666666666686e+01 5.56000000000000014e+01 6.56543648108951481e-04 4.79043183392416427e-06
 5.56000000000000014e+01 5.57333333333333343e+01 6.74184784409064377e-04 5.04342352199446237e-06
 5.57333333333333343e+01 5.58666666666666671e+01 6.84206503081248672e-04 5.23400057000222721e-06
 5.58666666666666671e+01 5.60000000000000000e+01 6.93321559710041876e-04 4.95975799240994151e-06
 5.60000000000000000e+01 5.61333333333333329e+01 7.25284382815669657e-04 6.97507050080579903e-06
 5.61333333333333329e+01 5.62666666666666657e+01 7.33280524541652084e-04 8.32036494356290801e-06
 5.62666666666666657e+01 5.63999999999999986e+01 7.40848007370475113e-04 5.20722547078787633e-06
 5.63999999999999986e+01 5.65333333333333314e+01 7.54035468205477765e-04 5.66950899979128190e-06
 5.65333333333333314e+01 5.66666666666666643e+01 7.69661837506920086e-04 4.77822756966622593e-06
 5.66666666666666643e+01 5.67999999999999972e+01 7.94927057289860858e-04 7.08376492296701799e-06
 5.67999999999999972e+01 5.69333333333333371e+01 7.98631605390755922e-04 7.37904190835633911e-06
 5.69333333333333371e+01 5.70666666666666629e+01 8.25763234354565676e-04 6.25030393010750687e-06
 5.70666666666666629e+01 5.72000000000000028e+01 8.31263878797991788e-04 5.03062894194779812e-06
 5.72000000000000028e+01 5.73333333333333357e+01 8.45145836240091333e-04 7.28903452554044576e-06
 5.73333333333333357e+01 5.74666666666666686e+01 8.62241549411153969e-04 5.31875895442254893e-06
 5.74666666666666686e+01 5.76000000000000014e+01 8.78639476438574426e-04 5.32667802261592029e-06
 5.76000000000000014e+01 5.77333333333333343e+01 8.88239781917445374e-04 5.15811143506257020e-06
 5.77333333333333343e+01 5.78666666666666671e+01 9.12768818416233437e-04 5.87678605402063269e-06
 5.78666666666666671e+01 5.80000000000000000e+01 9.32118264597896662e-04 6.94497846843241014e-06
 5.80000000000000000e+01 5.81333333333333329e+01 9.41451039389491068e-04 5.80841328742573037e-06
 5.81333333333333329e+01 5.82666666666666657e+01 9.45037208248454639e-04 5.26894320894202738e-06
 5.82666666666666657e+01 5.83999999999999986e+01 9.63524550325271898e-04 5.65448916972841511e-06
 5.83999999999999986e+01 5.85333333333333314e+01 9.77397697748395812e-04 5.32050095610732818e-06
 5.85333333333333314e+01 5.86666666666666643e+01 9.91690680364785493e-04 5.39249936933264781e-06
 5.86666666666666643e+01 5.87999999999999972e+01 1.00848638268330828e-03 5.28515444322549779e-06
 5.87999999999999972e+01 5.89333333333333371e+01 1.02901913142131149e-03 7.22352904094039107e-06
 5.89333333333333371e+01 5.90666666666666629e+01 1.03945696827027214e-03 5.96663273672604777e-06
 5.90666666666666629e+01 5.92000000000000028e+01 1.05544857161917740e-03 5.79258485615637874e-06
 5.92000000000000028e+01 5.93333333333333357e+01 1.08854900825727276e-03 1.61596988577340447e-05
 5.93333333333333357e+01 5.94666666666666686e+01 1.07594060797445317e-03 5.45471034654903034e-06
 5.94666666666666686e+01 5.96000000000000014e+01 1.09100167270749612e-03 6.28081450840102582e-06
 5.96000000000000014e+01 5.97333333333333343e+01 1.10649284735998572e-03 5.46083301633635064e-06
 5.97333333333333343e+01 5.98666666666666671e+01 1.12972977760417495e-03 5.66557870284566462e-06
 5.98666666666666671e+01 6.00000000000000000e+01 1.14359095208621899e-03 6.28584045453364814e-06
 6.00000000000000000e+01 6.01333333333333329e+01 1.17369466348185764e-03 5.73497886146345113e-06
 6.01333333333333329e+01 6.02666666666666657e+01 1.15644143349765880e-03 5.54639737756314231e-06
 6.02666666666666657e+01 6.03999999999999986e+01 1.19568272907512275e-03 5.76982391598868549e-06
 6.03999999999999986e+01 6.05333333333333314e+01 1.20035078586088720e-03 5.68884095638639820e-06
 6.05333333333333314e+01 6.06666666666666643e+01 1.21524592552934522e-03 6.25379488601419165e-06
 6.06666666666666643e+01 6.07999999999999972e+01 1.24339556352307933e-03 5.79113311446960012e-06
 6.07999999999999972e+01 6.09333333333333371e+01 1.24925618576141690e-03 5.84387866693446154e-06
 6.09333333333333371e+01 6.10666666666666629e+01 1.26429048937474705e-03 6.21967275323643621e-06
 6.10666666666666629e+01 6.12000000000000028e+01 1.28663001211597964e-03 7.02415460876668774e-06
 6.12000000000000028e+01 6.13333333333333357e+01 1.30852053376484317e-03 1.14967120981564555e-05
 6.13333333333333357e+01 6.14666666666666686e+01 1.31492637562953042e-03 6.14038970390507263e-06
 6.14666666666666686e+01 6.16000000000000014e+01 1.32688870813488452e-03 7.93628210294765730e-06
 6.16000000000000014e+01 6.17333333333333343e+01 1.35211837154160805e-03 1.09046083483959565e-05
 6.17333333333333343e+01 6.18666666666666671e+01 1.35270197216369242e-03 6.28396479635475189e-06
 6.18666666666666671e+01 6.20000000000000000e+01 1.37309712560160354e-03 6.11443382267374900e-06
 6.20000000000000000e+01 6.21333333333333329e+01 1.39339615115935856e-03 6.38708634262800719e-06
 6.21333333333333329e+01 6.22666666666666657e+01 1.40388062083276447e-03 6.50258362900461550e-06
 6.22666666666666657e+01 6.23999999999999986e+01 1.42220782881109222e-03 7.13454787836893396e-06
 6.23999999999999986e+01 6.25333333333333314e+01 1.43448878247045978e-03 6.22207787851130520e-06
 6.25333333333333314e+01 6.26666666666666643e+01 1.45138115835191672e-03 7.91797697786723051e-06
 6.26666666666666643e+01 6.27999999999999972e+01 1.46123993562557249e-03 6.12187596677857156e-06
 6.27999999999999972e+01 6.29333333333333371e+01 1.49379125843625607e-03 6.30693725576397021e-06
 6.29333333333333371e+01 6.30666666666666629e+01 1.49460369653533326e-03 6.80936224090749819e-06
 6.30666666666666629e+01 6.32000000000000028e+01 1.52239164620819167e-03 7.03145430000000187e-06
 6.32000000000000028e+01 6.33333333333333357e+01 1.54517482417416128e-03 6.52082066668374331e-06
 6.33333333333333357e+01 6.34666666666666686e+01 1.56654444943868962e-03 6.96642038091522645e-06
 6.34666666666666686e+01 6.36000000000000014e+01 1.57965531258751285e-03 6.98373974232242320e-06
 6.36000000000000014e+01 6.37333333333333343e+01 1.57569410062757581e-03 7.63556843202611492e-06
 6.37333333333333343e+01 6.38666666666666671e+01 1.61381891248094317e-03 7.14633729924235769e-06
 6.38666666666666671e+01 6.40000000000000000e+01 1.61162369445769379e-03 6.62205272194552552e-06
 6.40000000000000000e+01 6.41333333333333258e+01 1.64659530074624241e-03 6.89333427267161195e-06
 6.41333333333333258e+01 6.42666666666666657e+01 1.66426840849347602e-03 7.45172884218266982e-06
 6.42666666666666657e+01 6.44000000000000057e+01 1.67854683315072479e-03 1.00507168856671116e-05
 6.44000000000000057e+01 6.45333333333333314e+01 1.69692545292361567e-03 8.07339851261862815e-06
 6.45333333333333314e+01 6.46666666666666714e+01 1.69777685188927290e-03 6.43742259040548608e-06
 6.46666666666666714e+01 6.47999999999999972e+01 1.72771220817230921e-03 1.16074307680761921e-05
 6.47999999999999972e+01 6.49333333333333371e+01 1.73511512201280716e-03 7.23033572975021407e-06
 6.49333333333333371e+01 6.50666666666666629e+01 1.76703045145685882e-03 9.40757828269388106e-06
 6.50666666666666629e+01 6.52000000000000028e+01 1.76937643149961124e-03 7.27227305273081060e-06
 6.52000000000000028e+01 6.53333333333333286e+01 1.78471416128683476e-03 7.42530385962743246e-06
 6.53333333333333286e+01 6.54666666666666686e+01 1.80237349370478833e-03 6.88295946910363219e-06
 6.54666666666666686e+01 6.55999999999999943e+01 1.80922658858456557e-03 7.56634778123815547e-06
 6.55999999999999943e+01 6.57333333333333343e+01 1.83986894637498395e-03 7.33293843314305677e-06
 6.57333333333333343e+01 6.58666666666666742e+01 1.84982074630341041e-03 7.10102701135749884e-06
 6.58666666666666742e+01 6.60000000000000000e+01 1.87379737451601777e-03 9.13192998066394052e-06
 6.60000000000000000e+01 6.61333333333333258e+01 1.88365102808381053e-03 8.18189145466049690e-06
 6.61333333333333258e+01 6.62666666666666657e+01 1.91051662949899646e-03 1.00423768431707921e-05
 6.62666666666666657e+01 6.64000000000000057e+01 1.91858196062124437e-03 7.49564273307893984e-06
 6.64000000000000057e+01 6.65333333333333314e+01 1.93469818939677571e-03 7.60343036313064302e-06
 6.65333333333333314e+01 6.66666666666666714e+01 1.95891064247213052e-03 7.37641547869732648e-06
 6.66666666666666714e+01 6.67999999999999972e+01 1.98550854134131333e-03 1.91109618959838525e-05
 6.67999999999999972e+01 6.69333333333333371e+01 1.98738526999160713e-03 7.46034985952450915e-06
 6.69333333333333371e+01 6.70666666666666629e+01 1.99909418887740708e-03 8.74052139916748278e-06
 6.70666666666666629e+01 6.72000000000000028e+01 2.02944566764173698e-03 8.27023811296322576e-06
 6.72000000000000028e+01 6.73333333333333286e+01 2.05267960577133540e-03 7.64336726887767840e-06
 6.73333333333333286e+01 6.74666666666666686e+01 2.07259879959917044e-03 8.84894146548108428e-06
 6.74666666666666686e+01 6.75999999999999943e+01 2.08586541478499900e-03 7.89175029256121701e-06
 6.75999999999999943e+01 6.77333333333333343e+01 2.10224790791121909e-03 9.21535629197751144e-06
 6.77333333333333343e+01 6.78666666666666742e+01 2.10669228005394907e-03 7.64578839599857145e-06
 6.78666666666666742e+01 6.80000000000000000e+01 2.12767469501212768e-03 8.24335116317880072e-06
 6.80000000000000000e+01 6.81333333333333258e+01 2.14547636491285720e-03 7.71032769007005298e-06
 6.81333333333333258e+01 6.82666666666666657e+01 2.16381871384725612e-03 7.64184695512511144e-06
 6.82666666666666657e+01 6.84000000000000057e+01 2.19145040173668315e-03 8.18531188823208717e-06
 6.84000000000000057e+01 6.85333333333333314e+01 2.19979004648412002e-03 7.97061681466762351e-06
 6.85333333333333314e+01 6.86666666666666714e+01 2.22802976421291330e-03 8.15237394007364950e-06
 6.86666666666666714e+01 6.87999999999999972e+01 2.23673928870333051e-03 7.73416879897750916e-06
 6.87999999999999972e+01 6.89333333333333371e+01 2.26883399099676907e-03 1.10121963991441036e-05
 6.89333333333333371e+01 6.90666666666666629e+01 2.25990577109840907e-03 8.15029180572383407e-06
 6.90666666666666629e+01 6.92000000000000028e+01 2.29228273077613197e-03 7.91908553248185560e-06
 6.92000000000000028e+01 6.93333333333333286e+01 2.30686588654616933e-03 8.43684863288951299e-06
 6.93333333333333286e+01 6.94666666666666686e+01 2.32042397931829991e-03 7.89511747882480097e-06
 6.94666666666666686e+01 6.95999999999999943e+01 2.35078144825095038e-03 8.46735172689897982e-06
 6.95999999999999943e+01 6.97333333333333343e+01 2.35586012589301865e-03 8.01420817856547251e-06
 6.97333333333333343e+01 6.98666666666666742e+01 2.37123078196494049e-03 8.86932579748999694e-06
 6.98666666666666742e+01 7.00000000000000000e+01 2.40866275529226384e-03 8.28465669808388072e-06
 7.00000000000000000e+01 7.01333333333333258e+01 2.41272940060363681e-03 7.95396100030871511e-06
 7.01333333333333258e+01 7.02666666666666657e+01 2.42922242494920861e-03 8.74019773114167230e-06
 7.02666666666666657e+01 7.04000000000000057e+01 2.44348237161342088e-03 8.01923134765484511e-06
 7.04000000000000057e+01 7.05333333333333314e+01 2.47582853996243871e-03 8.74102245800260185e-06
 7.05333333333333314e+01 7.06666666666666714e+01 2.49622077771049838e-03 8.33599773119890433e-06
 7.06666666666666714e+01 7.07999999999999972e+01 2.50422891092259544e-03 8.29454199138842932e-06
 7.07999999999999972e+01 7.09333333333333371e+01 2.51383563462343699e-03 7.83434087376480218e-06
 7.09333333333333371e+01 7.10666666666666629e+01 2.55263570691832784e-03 1.85425942386046119e-05
 7.10666666666666629e+01 7.12000000000000028e+01 2.57362754258076438e-03 8.54794962468666372e-06
 7.12000000000000028e+01 7.13333333333333286e+01 2.56469165392443025e-03 8.42000400085745480e-06
 7.13333333333333286e+01 7.14666666666666686e+01 2.60615719214187316e-03 8.66361912389597320e-06
 7.14666666666666686e+01 7.15999999999999943e+01 2.63998217711705488e-03 1.02630772462057882e-05
 7.15999999999999943e+01 7.17333333333333343e+01 2.65815468106508912e-03 1.38572018887644609e-05
 7.17333333333333343e+01 7.18666666666666742e+01 2.64248808529458576e-03 8.36144134923380827e-06
 7.18666666666666742e+01 7.20000000000000000e+01 2.68455009836601755e-03 9.26463388700535663e-06
 7.20000000000000000e+01 7.21333333333333258e+01 2.68665555315902513e-03 8.35830801074278958e-06
 7.21333333333333258e+01 7.22666666666666657e+01 2.70789277019266956e-03 9.02869554964003197e-06
 7.22666666666666657e+01 7.24000000000000057e+01 2.71359432576271297e-03 8.58810961590501980e-06
 7.24000000000000057e+01 7.25333333333333314e+01 2.74624998025392759e-03 9.13031141271402671e-06
 7.25333333333333314e+01 7.26666666666666714e+01 2.75155934198625636e-03 8.67501091099901684e-06
 7.26666666666666714e+01 7.27999999999999972e+01 2.80623308362423210e-03 9.20889316029353821e-06
 7.27999999999999972e+01 7.29333333333333371e+01 2.82017843758942911e-03 1.26413128270813893e-05
 7.29333333333333371e+01 7.30666666666666629e+01 2.81740517391521799e-03 1.37102323025351377e-05
 7.30666666666666629e+01 7.32000000000000028e+01 2.85398795991836408e-03 1.05530573208624498e-05
 7.32000000000000028e+01 7.33333333333333286e+01 2.87478375255322601e-03 1.24915871787528630e-05
 7.33333333333333286e+01 7.34666666666666686e+01 2.87056161152092178e-03 8.77874884173949359e-06
 7.34666666666666686e+01 7.35999999999999943e+01 2.88100272786005317e-03 8.74709153324958859e-06
 7.35999999999999943e+01 7.37333333333333343e+01 2.92145565256082514e-03 1.35595861674608495e-05
 7.37333333333333343e+01 7.38666666666666742e+01 2.94553340963458641e-03 1.01444126272851553e-05
 7.38666666666666742e+01 7.40000000000000000e+01 2.96145841697345678e-03 1.65905201830248272e-05
 7.40000000000000000e+01 7.41333333333333258e+01 2.97139735876582409e-03 9.36984220402742084e-06
 7.41333333333333258e+01 7.42666666666666657e+01 3.00078469962141228e-03 9.57927318588702259e-06
 7.42666666666666657e+01 7.44000000000000057e+01 3.00250193840315757e-03 9.23598746491029489e-06
 7.44000000000000057e+01 7.45333333333333314e+01 3.04866603894201043e-03 9.94094314909151991e-06
 7.45333333333333314e+01 7.46666666666666714e+01 3.04687465940144684e-03 9.96647940579634727e-06
 7.46666666666666714e+01 7.47999999999999972e+01 3.05132267741086219e-03 9.18317161757385240e-06
 7.47999999999999972e+01 7.49333333333333371e+01 3.07670160550524863e-03 9.91482925230220881e-06
 7.49333333333333371e+01 7.50666666666666629e+01 3.10164339745809450e-03 1.05728899045598657e-05
 7.50666666666666629e+01 7.52000000000000028e+01 3.11642927070574080e-03 8.95092346252292925e-06
 7.52000000000000028e+01 7.53333333333333286e+01 3.14612200215202238e-03 9.35132860325311572e-06
 7.53333333333333286e+01 7.54666666666666686e+01 3.15712783004670761e-03 9.93044580415486596e-06
 7.54666666666666686e+01 7.55999999999999943e+01 3.16748829117309864e-03 1.06190208391492381e-05
 7.55999999999999943e+01 7.57333333333333343e+01 3.18949030190779532e-03 8.92441142081818467e-06
 7.57333333333333343e+01 7.58666666666666742e+01 3.20364671426620227e-03 9.23049230650068182e-06
 7.58666666666666742e+01 7.60000000000000000e+01 3.22478246708262067e-03 9.59491297709878626e-06
 7.60000000000000000e+01 7.61333333333333258e+01 3.26314510923981366e-03 1.02156281257171408e-05
 7.61333333333333258e+01 7.62666666666666657e+01 3.26015149152719935e-03 1.06220651960773941e-05
 7.62666666666666657e+01 7.64000000000000057e+01 3.27547035453033299e-03 9.61538957099842436e-06
 7.64000000000000057e+01 7.65333333333333314e+01 3.29346307465145424e-03 9.89306790538417108e-06
 7.65333333333333314e+01 7.66666666666666714e+01 3.33291792470976614e-03 9.38070768005582513e-06
 7.66666666666666714e+01 7.67999999999999972e+01 3.33916366044242604e-03 9.53356972207041188e-06
 7.67999999999999972e+01 7.69333333333333371e+01 3.34871141741905015e-03 9.42669486325569425e-06
 7.69333333333333371e+01 7.70666666666666629e+01 3.36760155881768962e-03 9.87470716593356766e-06
 7.70666666666666629e+01 7.72000000000000028e+01 3.41634790587046948e-03 1.05156968655616294e-05
 7.72000000000000028e+01 7.73333333333333286e+01 3.42001841618599792e-03 1.07045434231726510e-05
 7.73333333333333286e+01 7.74666666666666686e+01 3.41634385535749931e-03 9.83161396888370850e-06
 7.74666666666666686e+01 7.75999999999999943e+01 3.45826191238632905e-03 1.10723864300390196e-05
 7.75999999999999943e+01 7.77333333333333343e+01 3.46370469556722292e-03 1.08189220954573089e-05
 7.77333333333333343e+01 7.78666666666666742e+01 3.48778180370907425e-03 9.67116540761318687e-06
 7.78666666666666742e+01 7.80000000000000000e+01 3.49195214442726875e-03 9.86920606805993931e-06
 7.80000000000000000e+01 7.81333333333333258e+01 3.51227923332326402e-03 9.44596115767332881e-06
 7.81333333333333258e+01 7.82666666666666657e+01 3.54452229186977448e-03 1.14410017847951589e-05
 7.82666666666666657e+01 7.84000000000000057e+01 3.55335015338790030e-03 1.02634294094612528e-05
 7.84000000000000057e+01 7.85333333333333314e+01 3.57309987489893253e-03 1.28559624896603528e-05
 7.85333333333333314e+01 7.86666666666666714e+01 3.59324662668985759e-03 1.05106131308157831e-05
 7.86666666666666714e+01 7.87999999999999972e+01 3.61169742644861132e-03 1.02597011934240228e-05
 7.87999999999999972e+01 7.89333333333333371e+01 3.63408782719585417e-03 1.15811299608322719e-05
 7.89333333333333371e+01 7.90666666666666629e+01 3.65519956890769659e-03 1.03086205041397593e-05
 7.90666666666666629e+01 7.92000000000000028e+01 3.67243879018123911e-03 1.08225857585965744e-05
 7.92000000000000028e+01 7.93333333333333286e+01 3.67756551082636324e-03 1.02650362529178896e-05
 7.93333333333333286e+01 7.94666666666666686e+01 3.71545523880406669e-03 1.38816780776780096e-05
 7.94666666666666686e+01 7.95999999999999943e+01 3.72698633336753611e-03 1.17896790469274286e-05
 7.95999999999999943e+01 7.97333333333333343e+01 3.73372868527984021e-03 1.19360726587796554e-05
 7.97333333333333343e+01 7.98666666666666742e+01 3.75366669727800369e-03 1.18831519260020738e-05
 7.98666666666666742e+01 8.00000000000000000e+01 3.78465941717470895e-03 1.14571630724671667e-05
 8.00000000000000000e+01 8.01333333333333258e+01 3.79132763239399583e-03 1.03996121893828474e-05
 8.01333333333333258e+01 8.02666666666666657e+01 3.81408180200504179e-03 1.02885249594951690e-05
 8.02666666666666657e+01 8.04000000000000057e+01 3.83836231511997016e-03 1.36358175591016395e-05
 8.04000000000000057e+01 8.05333333333333314e+01 3.83886931211078553e-03 1.07487410513545536e-05
 8.05333333333333314e+01 8.06666666666666714e+01 3.86500542369062417e-03 1.00443689097858006e-05
 8.06666666666666714e+01 8.07999999999999972e+01 3.86511230956676716e-03 1.40270376438391479e-05
 8.07999999999999972e+01 8.09333333333333371e+01 3.91226909075649467e-03 4.39090015222870869e-05
 8.09333333333333371e+01 8.10666666666666629e+01 3.91691106359743409e-03 1.08490189080514236e-05
 8.10666666666666629e+01 8.12000000000000028e+01 3.94541380977080774e-03 1.14896616673017269e-05
 8.12000000000000028e+01 8.13333333333333286e+01 3.93401527001560614e-03 1.14595082333017875e-05
 8.13333333333333286e+01 8.14666666666666686e+01 3.96925288964209821e-03 1.41621948704549244e-05
 8.14666666666666686e+01 8.15999999999999943e+01 3.99196575322770860e-03 1.22513877194079846e-05
 8.15999999999999943e+01 8.17333333333333343e+01 4.00628114280279259e-03 1.21587306194937037e-05
 8.17333333333333343e+01 8.18666666666666742e+01 4.01223315431455205e-03 1.04678350705398271e-05
 8.18666666666666742e+01 8.20000000000000000e+01 4.01955859460104408e-03 1.01712724683252623e-05
 8.20000000000000000e+01 8.21333333333333258e+01 4.04560160285425373e-03 1.17152279562936395e-05
 8.21333333333333258e+01 8.22666666666666657e+01 4.05600437379631269e-03 1.07285642977113227e-05
 8.22666666666666657e+01 8.24000000000000057e+01 4.07408771472309375e-03 1.34769292742001342e-05
 8.24000000000000057e+01 8.25333333333333314e+01 4.11746820919180884e-03 1.17031876249497120e-05
 8.25333333333333314e+01 8.26666666666666572e+01 4.11709703853524196e-03 1.20139072378090750e-05
 8.26666666666666572e+01 8.27999999999999972e+01 4.12724815960677748e-03 1.12785591857619031e-05
 8.27999999999999972e+01 8.29333333333333371e+01 4.12136414954343555e-03 1.07189172464879664e-05
 8.29333333333333371e+01 8.30666666666666629e+01 4.17046860368077907e-03 1.25201474859003985e-05
 8.30666666666666629e+01 8.32000000000000028e+01 4.18556326822979059e-03 1.15437832299435663e-05
 8.32000000000000028e+01 8.33333333333333428e+01 4.19378984202439971e-03 1.08404899559560129e-05
 8.33333333333333428e+01 8.34666666666666686e+01 4.21931337027475501e-03 1.32058372745654395e-05
 8.34666666666666686e+01 8.35999999999999943e+01 4.23124347385376003e-03 1.19514686083073106e-05
 8.35999999999999943e+01 8.37333333333333343e+01 4.26407008877272616e-03 1.53989080116834484e-05
 8.37333333333333343e+01 8.38666666666666742e+01 4.25750916220345079e-03 1.14876967647670686e-05
 8.38666666666666742e+01 8.40000000000000000e+01 4.27356647318243282e-03 1.13441645186478269e-05
 8.40000000000000000e+01 8.41333333333333258e+01 4.30739534237530464e-03 1.20825502544598765e-05
 8.41333333333333258e+01 8.42666666666666657e+01 4.32471480650973260e-03 1.13019898050752561e-05
 8.42666666666666657e+01 8.44000000000000057e+01 4.35045428044811798e-03 1.28915181312378832e-05
 8.44000000000000057e+01 8.45333333333333314e+01 4.31873534422119384e-03 1.15621830557095240e-05
 8.45333333333333314e+01 8.46666666666666572e+01 4.38556767793454785e-03 1.86042200552769553e-05
 8.46666666666666572e+01 8.47999999999999972e+01 4.36807933841832936e-03 1.17325823088999097e-05
 8.47999999999999972e+01 8.49333333333333371e+01 4.38270535386364995e-03 1.25650382685628749e-05
 8.49333333333333371e+01 8.50666666666666629e+01 4.41060218648483930e-03 1.17114088090700991e-05
 8.50666666666666629e+01 8.52000000000000028e+01 4.43577368157891186e-03 1.19284387353205211e-05
 8.52000000000000028e+01 8.53333333333333428e+01 4.43603177622953291e-03 1.67774176525479784e-05
 8.53333333333333428e+01 8.54666666666666686e+01 4.44172622412326249e-03 1.19917997399407708e-05
 8.54666666666666686e+01 8.55999999999999943e+01 4.45919687935179311e-03 1.12769751149128626e-05
 8.55999999999999943e+01 8.57333333333333343e+01 4.48480531073735915e-03 1.37173255164021337e-05
 8.57333333333333343e+01 8.58666666666666742e+01 4.49134336949838075e-03 1.15384505886898970e-05
 8.58666666666666742e+01 8.60000000000000000e+01 4.50012203357366518e-03 1.12869676833386246e-05
 8.60000000000000000e+01 8.61333333333333258e+01 4.51456926371852918e-03 1.49463229290001897e-05
 8.61333333333333258e+01 8.62666666666666657e+01 4.55432044686432912e-03 1.12405108465001848e-05
 8.62666666666666657e+01 8.64000000000000057e+01 4.56150183582156987e-03 1.18893039082235168e-05
 8.64000000000000057e+01 8.65333333333333314e+01 4.57732742553185190e-03 1.13701889962635445e-05
 8.65333333333333314e+01 8.66666666666666572e+01 4.57676714203777719e-03 1.19640396066870378e-05
 8.66666666666666572e+01 8.67999999999999972e+01 4.59727645543222142e-03 1.13915241918235010e-05
 8.67999999999999972e+01 8.69333333333333371e+01 4.62287112706323642e-03 1.46171967911481481e-05
 8.69333333333333371e+01 8.70666666666666629e+01 4.62398963636451339e-03 1.18126000970561752e-05
 8.70666666666666629e+01 8.72000000000000028e+01 4.64527130808626079e-03 1.51767140653129079e-05
 8.72000000000000028e+01 8.73333333333333428e+01 4.64195104690239696e-03 1.14162690524362197e-05
 8.73333333333333428e+01 8.74666666666666686e+01 4.66233985931407795e-03 1.39236570910669017e-05
 8.74666666666666686e+01 8.75999999999999943e+01 4.68954717337501711e-03 1.23202669124846501e-05
 8.75999999999999943e+01 8.77333333333333343e+01 4.69822610213799403e-03 1.52218996897565655e-05
 8.77333333333333343e+01 8.78666666666666742e+01 4.72249257449739931e-03 1.50698397885614219e-05
 8.78666666666666742e+01 8.80000000000000000e+01 4.73254434216973090e-03 1.26623145835615980e-05
 8.80000000000000000e+01 8.81333333333333258e+01 4.71136858131284298e-03 1.12796521970882006e-05
 8.81333333333333258e+01 8.82666666666666657e+01 4.74804030601722049e-03 1.16566342091249783e-05
 8.82666666666666657e+01 8.84000000000000057e+01 4.77361563229506194e-03 1.19806175282631530e-05
 8.84000000000000057e+01 8.85333333333333314e+01 4.78185457486533794e-03 1.12666705221283692e-05
 8.85333333333333314e+01 8.86666666666666572e+01 4.79038453476800415e-03 1.19361440349647149e-05
 8.86666666666666572e+01 8.87999999999999972e+01 4.83730236929734003e-03 1.14821665851120304e-05
 8.87999999999999972e+01 8.89333333333333371e+01 4.82532849249151310e-03 1.85818808935071694e-05
 8.89333333333333371e+01 8.90666666666666629e+01 4.83619418414354355e-03 1.46731962645445943e-05
 8.90666666666666629e+01 8.92000000000000028e+01 4.85808439820759486e-03 1.18068197506628499e-05
 8.92000000000000028e+01 8.93333333333333428e+01 4.87911787091049702e-03 1.67001722633770411e-05
 8.93333333333333428e+01 8.94666666666666686e+01 4.87993976876362374e-03 1.15959147294330394e-05
 8.94666666666666686e+01 8.95999999999999943e+01 4.90313231976137551e-03 1.21605074421846468e-05
 8.95999999999999943e+01 8.97333333333333343e+01 4.90035375883021967e-03 1.15509204117762153e-05
 8.97333333333333343e+01 8.98666666666666742e+01 4.91696758915506366e-03 1.42909592512297371e-05
 8.98666666666666742e+01 9.00000000000000000e+01 4.94546274422926792e-03 1.24331722653159148e-05
 9.00000000000000000e+01 9.01333333333333258e+01 4.96698944137533970e-03 1.54069281343458016e-05
 9.01333333333333258e+01 9.02666666666666657e+01 4.94311419924832809e-03 1.42024903635544617e-05
 9.02666666666666657e+01 9.04000000000000057e+01 4.97083864896014690e-03 1.33478931340810234e-05
 9.04000000000000057e+01 9.05333333333333314e+01 4.97235091194402588e-03 1.19693508347574637e-05
 9.05333333333333314e+01 9.06666666666666572e+01 4.98489352675604395e-03 1.14049241485964660e-05
 9.06666666666666572e+01 9.07999999999999972e+01 5.00053571730904502e-03 1.27398699724169169e-05
 9.07999999999999972e+01 9.09333333333333371e+01 5.04142420615456745e-03 1.61355186328438656e-05
 9.09333333333333371e+01 9.10666666666666629e+01 5.04309291494006891e-03 1.58819955329380204e-05
 9.10666666666666629e+01 9.12000000000000028e+01 5.02897816319389668e-03 1.12428031022438411e-05
 9.12000000000000028e+01 9.13333333333333428e+01 5.04342983124812447e-03 1.32767261410323365e-05
 9.13333333333333428e+01 9.14666666666666686e+01 5.04709871793152225e-03 1.29761033007533416e-05
 9.14666666666666686e+01 9.15999999999999943e+01 5.05027454559408336e-03 1.57264952958510806e-05
 9.15999999999999943e+01 9.17333333333333343e+01 5.07964651917507375e-03 1.30613793902942194e-05
 9.17333333333333343e+01 9.18666666666666742e+01 5.07943977364119868e-03 1.41211143984274401e-05
 9.18666666666666742e+01 9.20000000000000000e+01 5.10482841280734175e-03 1.34404472286886783e-05
 9.20000000000000000e+01 9.21333333333333258e+01 5.08801101926252552e-03 1.40708913881434255e-05
 9.21333333333333258e+01 9.22666666666666657e+01 5.08874246154054737e-03 1.19291464038784737e-05
 9.22666666666666657e+01 9.24000000000000057e+01 5.15361964270148395e-03 1.48781223066730330e-05
 9.24000000000000057e+01 9.25333333333333314e+01 5.14020406027909313e-03 1.31959954811793596e-05
 9.25333333333333314e+01 9.26666666666666572e+01 5.14095162119729710e-03 1.21871980353286959e-05
 9.26666666666666572e+01 9.27999999999999972e+01 5.16636177279683213e-03 1.87219085477717512e-05
 9.27999999999999972e+01 9.29333333333333371e+01 5.14111241285687779e-03 1.14797397008404523e-05
 9.29333333333333371e+01 9.30666666666666629e+01 5.16592178207317745e-03 1.33854218449641588e-05
 9.30666666666666629e+01 9.32000000000000028e+01 5.17394955790456343e-03 1.26298127851249779e-05
 9.32000000000000028e+01 9.33333333333333428e+01 5.18132503960132794e-03 1.55015360503066139e-05
 9.33333333333333428e+01 9.34666666666666686e+01 5.19028942766213124e-03 1.13838989060222147e-05
 9.34666666666666686e+01 9.35999999999999943e+01 5.20555019743243388e-03 1.44458212107544966e-05
 9.35999999999999943e+01 9.37333333333333343e+01 5.21058457972456250e-03 1.17123998704677880e-05
 9.37333333333333343e+01 9.38666666666666742e+01 5.22152579640727810e-03 1.59391869770837634e-05
 9.38666666666666742e+01 9.40000000000000000e+01 5.21479539154174297e-03 1.33102328722659801e-05
 9.40000000000000000e+01 9.41333333333333258e+01 5.25019099346265769e-03 1.25582406350161525e-05
 9.41333333333333258e+01 9.42666666666666657e+01 5.25013358330878033e-03 1.31574102295715560e-05
 9.42666666666666657e+01 9.44000000000000057e+01 5.26555668173961985e-03 1.56311942128876813e-05
 9.44000000000000057e+01 9.45333333333333314e+01 5.25550693476907992e-03 1.15715443238606380e-05
 9.45333333333333314e+01 9.46666666666666572e+01 5.26602228816513800e-03 1.20850253375620015e-05
 9.46666666666666572e+01 9.47999999999999972e+01 5.27849398824120370e-03 1.43191660465982339e-05
 9.47999999999999972e+01 9.49333333333333371e+01 5.28164806424058150e-03 1.37850305746961216e-05
 9.49333333333333371e+01 9.50666666666666629e+01 5.29830548299312521e-03 1.68176075018745451e-05
 9.50666666666666629e+01 9.52000000000000028e+01 5.28374875618584788e-03 1.23302779874499407e-05
 9.52000000000000028e+01 9.53333333333333428e+01 5.29189529161482389e-03 1.12407987027724354e-05
 9.53333333333333428e+01 9.54666666666666686e+01 5.30833146354118667e-03 1.22530983905163538e-05
 9.54666666666666686e+01 9.55999999999999943e+01 5.32531348996729929e-03 1.37827061724051733e-05
 9.55999999999999943e+01 9.57333333333333343e+01 5.32326075733626468e-03 1.21390973972277682e-05
 9.57333333333333343e+01 9.58666666666666742e+01 5.35483026634226301e-03 1.29086745512181028e-05
 9.58666666666666742e+01 9.60000000000000000e+01 5.34452324333938283e-03 1.18100884736775305e-05
 9.60000000000000000e+01 9.61333333333333258e+01 5.32372455445199750e-03 1.18164820074604530e-05
 9.61333333333333258e+01 9.62666666666666657e+01 5.36603768438761140e-03 2.06715206830909586e-05
 9.62666666666666657e+01 9.64000000000000057e+01 5.34388861193005760e-03 1.17448448062375960e-05
 9.64000000000000057e+01 9.65333333333333314e+01 5.36014688310472269e-03 1.53387247287321940e-05
 9.65333333333333314e+01 9.66666666666666572e+01 5.39852866290801894e-03 1.92957293717525436e-05
 9.66666666666666572e+01 9.67999999999999972e+01 5.40359720324518240e-03 1.29402088741120421e-05
 9.67999999999999972e+01 9.69333333333333371e+01 5.38039874002414330e-03 1.30767074830150668e-05
 9.69333333333333371e+01 9.70666666666666629e+01 5.40244997448659572e-03 1.33329883578187193e-05
 9.70666666666666629e+01 9.72000000000000028e+01 5.39227844047464495e-03 1.22804797489235041e-05
 9.72000000000000028e+01 9.73333333333333428e+01 5.39357263227994380e-03 1.22325686838434030e-05
 9.73333333333333428e+01 9.74666666666666686e+01 5.43204974683057003e-03 1.36570630414230491e-05
 9.74666666666666686e+01 9.75999999999999943e+01 5.39872192131232720e-03 1.46733376688799364e-05
 9.75999999999999943e+01 9.77333333333333343e+01 5.40833513905315116e-03 1.48795886800484378e-05
 9.77333333333333343e+01 9.78666666666666742e+01 5.43647445075742808e-03 1.48908847762097811e-05
 9.78666666666666742e+01 9.80000000000000000e+01 5.43319143381991790e-03 1.35670433627992851e-05
 9.80000000000000000e+01 9.81333333333333258e+01 5.41453233212865672e-03 1.50746921954389660e-05
 9.81333333333333258e+01 9.82666666666666657e+01 5.44312317468466454e-03 1.19698050871043524e-05
 9.82666666666666657e+01 9.84000000000000057e+01 5.45652096232108249e-03 1.53458988019430112e-05
 9.84000000000000057e+01 9.85333333333333314e+01 5.47100123055425415e-03 1.41748859384689370e-05
 9.85333333333333314e+01 9.86666666666666572e+01 5.47043377181288901e-03 2.20969666504816105e-05
 9.86666666666666572e+01 9.87999999999999972e+01 5.44344687136517815e-03 1.34237884004642778e-05
 9.87999999999999972e+01 9.89333333333333371e+01 5.44743087954172294e-03 1.19733570327179726e-05
 9.89333333333333371e+01 9.90666666666666629e+01 5.47040454254667935e-03 1.29512290704232153e-05
 9.90666666666666629e+01 9.92000000000000028e+01 5.46753692193317157e-03 1.16669231288371194e-05
 9.92000000000000028e+01 9.93333333333333428e+01 5.46352630763032379e-03 1.20822704230533405e-05
 9.93333333333333428e+01 9.94666666666666686e+01 5.46381831866180750e-03 1.49767443234073035e-05
 9.94666666666666686e+01 9.95999999999999943e+01 5.47571729828065252e-03 1.27237423157932524e-05
 9.95999999999999943e+01 9.97333333333333343e+01 5.47354326596290793e-03 1.20192478621732176e-05
 9.97333333333333343e+01 9.98666666666666742e+01 5.50146442848758934e-03 4.07531152568276763e-05
 9.98666666666666742e+01 1.00000000000000000e+02 5.46383121526016098e-03 1.19464191009232031e-05
 1.00000000000000000e+02 1.00133333333333326e+02 5.48063373888910046e-03 1.18987068141104231e-05
 1.00133333333333326e+02 1.00266666666666666e+02 5.48585108439136968e-03 1.39658609864321851e-05
 1.00266666666666666e+02 1.00400000000000006e+02 5.48834369878886414e-03 1.32715061666329526e-05
 1.00400000000000006e+02 1.00533333333333331e+02 5.52822561630692249e-03 1.36368199323109199e-05
 1.00533333333333331e+02 1.00666666666666657e+02 5.46516286120454515e-03 1.15201682478551771e-05
 1.00666666666666657e+02 1.00799999999999997e+02 5.50118969806038301e-03 1.51106914295820253e-05
 1.00799999999999997e+02 1.00933333333333337e+02 5.50938612102756017e-03 1.37007498533064780e-05
 1.00933333333333337e+02 1.01066666666666663e+02 5.48836019390552907e-03 1.28486793237888494e-05
 1.01066666666666663e+02 1.01200000000000003e+02 5.53231509259103759e-03 1.81872949374928284e-05
 1.01200000000000003e+02 1.01333333333333343e+02 5.49359524787182592e-03 1.25058952055280787e-05
 1.01333333333333343e+02 1.01466666666666669e+02 5.49423897036213551e-03 1.63460253374499784e-05
 1.01466666666666669e+02 1.01599999999999994e+02 5.48311610391233849e-03 1.43435873330928321e-05
 1.01599999999999994e+02 1.01733333333333334e+02 5.50266830115418281e-03 1.23729093390639322e-05
 1.01733333333333334e+02 1.01866666666666674e+02 5.49852504519512952e-03 1.68441190739768952e-05
 1.01866666666666674e+02 1.02000000000000000e+02 5.50316791297914259e-03 1.25439548280658345e-05
 1.02000000000000000e+02 1.02133333333333326e+02 5.49039244319774085e-03 1.19402444665257946e-05
 1.02133333333333326e+02 1.02266666666666666e+02 5.50338975309461707e-03 1.40314795707990693e-05
 1.02266666666666666e+02 1.02400000000000006e+02 5.49180671670366528e-03 1.25100767391959970e-05
 1.02400000000000006e+02 1.02533333333333331e+02 5.50319196713055202e-03 1.29753214854882400e-05
 1.02533333333333331e+02 1.02666666666666657e+02 5.49071734416491791e-03 1.21246615074191385e-05
 1.02666666666666657e+02 1.02799999999999997e+02 5.46669040909660790e-03 1.21871262478053909e-05
 1.02799999999999997e+02 1.02933333333333337e+02 5.50833515172252219e-03 1.32274669815015133e-05
 1.02933333333333337e+02 1.03066666666666663e+02 5.48761555114046871e-03 1.23605700732773229e-05
 1.03066666666666663e+02 1.03200000000000003e+02 5.47150600705596617e-03 1.14821556323353623e-05
 1.03200000000000003e+02 1.03333333333333343e+02 5.47642037129298168e-03 1.21175758254859476e-05
 1.03333333333333343e+02 1.03466666666666669e+02 5.47243517061933148e-03 1.38146265198572837e-05
 1.03466666666666669e+02 1.03599999999999994e+02 5.46023491195302309e-03 1.19376256005970993e-05
 1.03599999999999994e+02 1.03733333333333334e+02 5.47998432074244066e-03 1.21204362604343541e-05
 1.03733333333333334e+02 1.03866666666666674e+02 5.45780765856524169e-03 1.16589905610904899e-05
 1.03866666666666674e+02 1.04000000000000000e+02 5.48300200836121087e-03 1.58199529027608200e-05
 1.04000000000000000e+02 1.04133333333333326e+02 5.47115953519292271e-03 1.20613911311219960e-05
 1.04133333333333326e+02 1.04266666666666666e+02 5.45216344570366787e-03 1.23547789584446330e-05
 1.04266666666666666e+02 1.04400000000000006e+02 5.45482467106037094e-03 1.26479841510607294e-05
 1.04400000000000006e+02 1.04533333333333331e+02 5.47131382926388087e-03 2.01277962269345733e-05
 1.04533333333333331e+02 1.04666666666666657e+02 5.46135515450772713e-03 1.29434097234676116e-05
 1.04666666666666657e+02 1.04799999999999997e+02 5.45279506850752764e-03 1.25403882794253966e-05
 1.04799999999999997e+02 1.04933333333333337e+02 5.44935320980313026e-03 1.31981971717781498e-05
 1.04933333333333337e+02 1.05066666666666663e+02 5.45663118736475390e-03 1.34928722545424174e-05
 1.05066666666666663e+02 1.05200000000000003e+02 5.44289607660839152e-03 1.29540262507387806e-05
 1.05200000000000003e+02 1.05333333333333343e+02 5.43037405895111392e-03 1.18513336819929513e-05
 1.05333333333333343e+02 1.05466666666666669e+02 5.43722287087513179e-03 1.16043188241399007e-05
 1.05466666666666669e+02 1.05599999999999994e+02 5.42338597793667367e-03 1.37448430139615376e-05
 1.05599999999999994e+02 1.05733333333333334e+02 5.40953411137956152e-03 1.51742759798888975e-05
 1.05733333333333334e+02 1.05866666666666674e+02 5.42124324999953156e-03 1.20614028251184548e-05
 1.05866666666666674e+02 1.06000000000000000e+02 5.41399645808293348e-03 1.30199380267022184e-05
 1.06000000000000000e+02 1.06133333333333326e+02 5.39998661693081531e-03 1.23081087971434031e-05
 1.06133333333333326e+02 1.06266666666666666e+02 5.40890163724933037e-03 1.63175391658542629e-05
 1.06266666666666666e+02 1.06400000000000006e+02 5.36712230572672973e-03 1.31233748222311273e-05
 1.06400000000000006e+02 1.06533333333333331e+02 5.38191846080207648e-03 1.16241774422145989e-05
 1.06533333333333331e+02 1.06666666666666657e+02 5.37460438240322958e-03 1.28564597934730711e-05
 1.06666666666666657e+02 1.06799999999999997e+02 5.36917109631642950e-03 1.15817692485159685e-05
 1.06799999999999997e+02 1.06933333333333337e+02 5.36655043294589559e-03 1.26042020301622207e-05
 1.06933333333333337e+02 1.07066666666666663e+02 5.37522313305367327e-03 1.35699342660161536e-05
 1.07066666666666663e+02 1.07200000000000003e+02 5.35185602508241390e-03 1.21766590352508373e-05
 1.07200000000000003e+02 1.07333333333333343e+02 5.34216738358239251e-03 1.18627528313608469e-05
 1.07333333333333343e+02 1.07466666666666669e+02 5.34420595642816788e-03 1.32950563917143832e-05
 1.07466666666666669e+02 1.07599999999999994e+02 5.32315443272259135e-03 1.16852977464093378e-05
 1.07599999999999994e+02 1.07733333333333334e+02 5.32834386888669624e-03 1.34968900645809094e-05
 1.07733333333333334e+02 1.07866666666666674e+02 5.31377337927706108e-03 1.19881404740556845e-05
 1.07866666666666674e+02 1.08000000000000000e+02 5.31098511064716835e-03 1.15759614596679658e-05
 1.08000000000000000e+02 1.08133333333333326e+02 5.29868680232616074e-03 1.17706304949143571e-05
 1.08133333333333326e+02 1.08266666666666666e+02 5.28805511522645842e-03 1.25947482788569321e-05
 1.08266666666666666e+02 1.08400000000000006e+02 5.27171390659862769e-03 1.23922743076564785e-05
 1.08400000000000006e+02 1.08533333333333331e+02 5.26635593569572177e-03 1.23132214879275034e-05
 1.08533333333333331e+02 1.08666666666666657e+02 5.26598361120499299e-03 1.37522912759241140e-05
 1.08666666666666657e+02 1.08799999999999997e+02 5.22837524652084839e-03 1.65876741872053802e-05
 1.08799999999999997e+02 1.08933333333333337e+02 5.23066070398083179e-03 1.10246540035635579e-05
 1.08933333333333337e+02 1.09066666666666663e+02 5.23180217741783197e-03 1.19651615393381124e-05
 1.09066666666666663e+02 1.09200000000000003e+02 5.20628779238381956e-03 1.15541445042427543e-05
 1.09200000000000003e+02 1.09333333333333343e+02 5.20736534428704965e-03 1.21800241112367298e-05
 1.09333333333333343e+02 1.09466666666666669e+02 5.19827097098446520e-03 1.43515940918324172e-05
 1.09466666666666669e+02 1.09599999999999994e+02 5.19367797212264611e-03 1.33122805191842760e-05
 1.09599999999999994e+02 1.09733333333333334e+02 5.18177688194539424e-03 1.45814351999360351e-05
 1.09733333333333334e+02 1.09866666666666674e+02 5.14323016470073693e-03 1.11393126506273246e-05
 1.09866666666666674e+02 1.10000000000000000e+02 5.17155944784912329e-03 1.23625311298432937e-05
 1.10000000000000000e+02 1.10133333333333326e+02 5.12731590262002421e-03 1.30315960943392226e-05
 1.10133333333333326e+02 1.10266666666666666e+02 5.11546490191552589e-03 1.21428173095715499e-05
 1.10266666666666666e+02 1.10400000000000006e+02 5.11093063300494237e-03 1.10400143146302097e-05
 1.10400000000000006e+02 1.10533333333333331e+02 5.08948103791098932e-03 1.13884340274519420e-05
 1.10533333333333331e+02 1.10666666666666657e+02 5.07113211670380450e-03 1.24895298725532815e-05
 1.10666666666666657e+02 1.10799999999999997e+02 5.09686166074898011e-03 1.59023209169030077e-05
 1.10799999999999997e+02 1.10933333333333337e+02 5.04702685337661810e-03 1.40825562386133123e-05
 1.10933333333333337e+02 1.11066666666666663e+02 5.03462899556528665e-03 1.31681905753714983e-05
 1.11066666666666663e+02 1.11200000000000003e+02 5.02477173426290214e-03 1.47008454975281794e-05
 1.11200000000000003e+02 1.11333333333333343e+02 5.01695975113666728e-03 1.35681807897397287e-05
 1.11333333333333343e+02 1.11466666666666669e+02 4.98662273008243766e-03 2.18092517697629670e-05
 1.11466666666666669e+02 1.11599999999999994e+02 4.98730594566058980e-03 1.27213062850482194e-05
 1.11599999999999994e+02 1.11733333333333334e+02 4.97978063358223231e-03 1.21565815245274103e-05
 1.11733333333333334e+02 1.11866666666666674e+02 4.95762836610176907e-03 1.08577093518388641e-05
 1.11866666666666674e+02 1.12000000000000000e+02 4.93199522112163554e-03 1.19641445688475168e-05
 1.12000000000000000e+02 1.12133333333333326e+02 4.93302429623325780e-03 1.52377418666821113e-05
 1.12133333333333326e+02 1.12266666666666666e+02 4.91512770919225010e-03 1.57849938943307822e-05
 1.12266666666666666e+02 1.12400000000000006e+02 4.88015992688983508e-03 1.10812638770610993e-05
 1.12400000000000006e+02 1.12533333333333331e+02 4.86237431413002585e-03 1.07818597129153449e-05
 1.12533333333333331e+02 1.12666666666666657e+02 4.84300849399751845e-03 1.14571936996327060e-05
 1.12666666666666657e+02 1.12799999999999997e+02 4.83412584968886169e-03 1.07129757847090564e-05
 1.12799999999999997e+02 1.12933333333333337e+02 4.81788847788151495e-03 1.16465177367048315e-05
 1.12933333333333337e+02 1.13066666666666663e+02 4.79924647475191146e-03 1.28836034595826042e-05
 1.13066666666666663e+02 1.13200000000000003e+02 4.76788551422670757e-03 1.16598948693843241e-05
 1.13200000000000003e+02 1.13333333333333343e+02 4.76720880780414497e-03 1.05738939172285697e-05
 1.13333333333333343e+02 1.13466666666666669e+02 4.75085015055988057e-03 1.11593211230200778e-05
 1.13466666666666669e+02 1.13599999999999994e+02 4.73675118207882075e-03 1.22033743830657982e-05
 1.13599999999999994e+02 1.13733333333333334e+02 4.70395649406318579e-03 1.07453606655624803e-05
 1.13733333333333334e+02 1.13866666666666674e+02 4.68463628748429402e-03 1.06776907400754547e-05
 1.13866666666666674e+02 1.14000000000000000e+02 4.67545135673400232e-03 1.17474117243183549e-05
 1.14000000000000000e+02 1.14133333333333340e+02 4.66363237596861737e-03 1.06550575189450263e-05
 1.14133333333333340e+02 1.14266666666666666e+02 4.64946417664557562e-03 1.09243868560911379e-05
 1.14266666666666666e+02 1.14400000000000006e+02 4.58403010741662183e-03 1.15296962693353012e-05
 1.14400000000000006e+02 1.14533333333333331e+02 4.58947774057574809e-03 1.06834721057181520e-05
 1.14533333333333331e+02 1.14666666666666671e+02 4.58124418992253424e-03 1.23642437914443741e-05
 1.14666666666666671e+02 1.14799999999999997e+02 4.53542707679553594e-03 1.04607703960541589e-05
 1.14799999999999997e+02 1.14933333333333337e+02 4.53007921328441900e-03 1.11380180636786935e-05
 1.14933333333333337e+02 1.15066666666666663e+02 4.50880926807551048e-03 1.01577580715248712e-05
 1.15066666666666663e+02 1.15200000000000003e+02 4.50222318909521569e-03 1.24865330745019756e-05
 1.15200000000000003e+02 1.15333333333333329e+02 4.45597465247493576e-03 9.93666932059226976e-06
 1.15333333333333329e+02 1.15466666666666669e+02 4.44295191631231996e-03 1.14074867995968022e-05
 1.15466666666666669e+02 1.15599999999999994e+02 4.40897103623607949e-03 1.00892851542227725e-05
 1.15599999999999994e+02 1.15733333333333334e+02 4.41664913732595088e-03 1.44815981590654911e-05
 1.15733333333333334e+02 1.15866666666666660e+02 4.38971472968328804e-03 9.74902768243377616e-06
 1.15866666666666660e+02 1.16000000000000000e+02 4.36903481239766037e-03 1.91062083783407866e-05
 1.16000000000000000e+02 1.16133333333333340e+02 4.33323557001735228e-03 1.02516099829678065e-05
 1.16133333333333340e+02 1.16266666666666666e+02 4.31187015908987559e-03 1.08714450750117728e-05
 1.16266666666666666e+02 1.16400000000000006e+02 4.28853513370202038e-03 9.49452894398989687e-06
 1.16400000000000006e+02 1.16533333333333331e+02 4.26364072579565444e-03 1.01322578383730588e-05
 1.16533333333333331e+02 1.16666666666666671e+02 4.24471228807122604e-03 1.01932091798364099e-05
 1.16666666666666671e+02 1.16799999999999997e+02 4.20092444747834689e-03 1.10100755588873461e-05
 1.16799999999999997e+02 1.16933333333333337e+02 4.17540769573088513e-03 1.10873316787208238e-05
 1.16933333333333337e+02 1.17066666666666663e+02 4.16950545189601843e-03 1.01833774685683809e-05
 1.17066666666666663e+02 1.17200000000000003e+02 4.13721438937017516e-03 9.96750887408222707e-06
 1.17200000000000003e+02 1.17333333333333329e+02 4.10566580371577936e-03 9.62958003391570274e-06
 1.17333333333333329e+02 1.17466666666666669e+02 4.08815777027332627e-03 9.93704948640194005e-06
 1.17466666666666669e+02 1.17599999999999994e+02 4.08447138354666329e-03 1.30486196326445776e-05
 1.17599999999999994e+02 1.17733333333333334e+02 4.05365177903008623e-03 1.18107697458005202e-05
 1.17733333333333334e+02 1.17866666666666660e+02 4.01018510178811037e-03 9.40531947741898379e-06
 1.17866666666666660e+02 1.18000000000000000e+02 3.98370174970598401e-03 1.29445404672586871e-05
 1.18000000000000000e+02 1.18133333333333340e+02 3.95960547040575487e-03 1.08027642458007612e-05
 1.18133333333333340e+02 1.18266666666666666e+02 3.94527504880670156e-03 1.10976336512863408e-05
 1.18266666666666666e+02 1.18400000000000006e+02 3.90200209930810634e-03 1.01797565246402711e-05
 1.18400000000000006e+02 1.18533333333333331e+02 3.87380372401823327e-03 9.76597980489563504e-06
 1.18533333333333331e+02 1.18666666666666671e+02 3.84816802766935456e-03 9.76000509872668419e-06
 1.18666666666666671e+02 1.18799999999999997e+02 3.82496953509666717e-03 1.26337815918685500e-05
 1.18799999999999997e+02 1.18933333333333337e+02 3.81514660779508526e-03 1.10921512999159263e-05
 1.18933333333333337e+02 1.19066666666666663e+02 3.76517285998985212e-03 9.15117953432500255e-06
 1.19066666666666663e+02 1.19200000000000003e+02 3.74020319473677672e-03 8.95558101041926501e-06
 1.19200000000000003e+02 1.19333333333333329e+02 3.70260105294618501e-03 1.39378149107748470e-05
 1.19333333333333329e+02 1.19466666666666669e+02 3.67067816495845588e-03 1.09471329133021435e-05
 1.19466666666666669e+02 1.19599999999999994e+02 3.63246752171937507e-03 9.59529703134899895e-06
 1.19599999999999994e+02 1.19733333333333334e+02 3.62757382854368400e-03 1.10645658320381923e-05
 1.19733333333333334e+02 1.19866666666666660e+02 3.57246996138582251e-03 9.97288573410757993e-06
 1.19866666666666660e+02 1.20000000000000000e+02 3.55341047402039749e-03 1.08790342206696164e-05
 1.20000000000000000e+02 1.20133333333333340e+02 3.52810620083867993e-03 1.06838686342697858e-05
 1.20133333333333340e+02 1.20266666666666666e+02 3.46841786585555100e-03 8.90613690303689155e-06
 1.20266666666666666e+02 1.20400000000000006e+02 3.45394126002932867e-03 1.41654247730671273e-05
 1.20400000000000006e+02 1.20533333333333331e+02 3.42073446012468654e-03 1.06678824990281961e-05
 1.20533333333333331e+02 1.20666666666666671e+02 3.38677957492585337e-03 9.04189728792878327e-06
 1.20666666666666671e+02 1.20799999999999997e+02 3.31843458245638639e-03 8.54266407080257628e-06
 1.20799999999999997e+02 1.20933333333333337e+02 3.30120230370306881e-03 8.67320262671075744e-06
 1.20933333333333337e+02 1.21066666666666663e+02 3.28006500594540560e-03 1.26870977235999817e-05
 1.21066666666666663e+02 1.21200000000000003e+02 3.24484367051850473e-03 1.18130022461167111e-05
 1.21200000000000003e+02 1.21333333333333329e+02 3.19596734637848413e-03 8.75753483950538758e-06
 1.21333333333333329e+02 1.21466666666666669e+02 3.17308765308316849e-03 9.01481484304833871e-06
 1.21466666666666669e+02 1.21599999999999994e+02 3.12392385813728760e-03 8.60785882952392867e-06
 1.21599999999999994e+02 1.21733333333333334e+02 3.10527818429813442e-03 1.57087264672349733e-05
 1.21733333333333334e+02 1.21866666666666660e+02 3.05836327046169441e-03 8.37872828173208584e-06
 1.21866666666666660e+02 1.22000000000000000e+02 3.02490057278460150e-03 1.14946795146359966e-05
 1.22000000000000000e+02 1.22133333333333340e+02 3.00614483647310311e-03 9.82408691286189970e-06
 1.22133333333333340e+02 1.22266666666666666e+02 2.93499817331644569e-03 8.58110628820174867e-06
 1.22266666666666666e+02 1.22400000000000006e+02 2.89737241251104491e-03 8.51896564745517993e-06
 1.22400000000000006e+02 1.22533333333333331e+02 2.85851874000852667e-03 8.70345329783553455e-06
 1.22533333333333331e+02 1.22666666666666671e+02 2.82569447681096670e-03 1.43975901917942311e-05
 1.22666666666666671e+02 1.22799999999999997e+02 2.76217203644301768e-03 8.27986181335532396e-06
 1.22799999999999997e+02 1.22933333333333337e+02 2.72412163397406457e-03 8.95050968386551582e-06
 1.22933333333333337e+02 1.23066666666666663e+02 2.69431865935335383e-03 9.65650016146157096e-06
 1.23066666666666663e+02 1.23200000000000003e+02 2.64626677429444322e-03 1.04984200167058299e-05
 1.23200000000000003e+02 1.23333333333333329e+02 2.59272519893291673e-03 7.95064897977982137e-06
 1.23333333333333329e+02 1.23466666666666669e+02 2.53382766083461814e-03 7.89629780924196861e-06
 1.23466666666666669e+02 1.23599999999999994e+02 2.49799429370983848e-03 7.93205767272664375e-06
 1.23599999999999994e+02 1.23733333333333334e+02 2.46650045857170312e-03 1.15168863547609033e-05
 1.23733333333333334e+02 1.23866666666666660e+02 2.40215654517005051e-03 8.22688548302577767e-06
 1.23866666666666660e+02 1.24000000000000000e+02 2.35690400914864099e-03 8.39797667588583138e-06
 1.24000000000000000e+02 1.24133333333333340e+02 2.32130125624014630e-03 7.76777173326543581e-06
 1.24133333333333340e+02 1.24266666666666666e+02 2.24901097577706469e-03 8.78407314060642124e-06
 1.24266666666666666e+02 1.24400000000000006e+02 2.20402160922695102e-03 7.27695376215820007e-06
 1.24400000000000006e+02 1.24533333333333331e+02 2.14820118229812600e-03 7.56877454384570813e-06
 1.24533333333333331e+02 1.24666666666666671e+02 2.08483561280618139e-03 8.07929173571459942e-06
 1.24666666666666671e+02 1.24799999999999997e+02 2.04954537026654209e-03 7.45623800750307339e-06
 1.24799999999999997e+02 1.24933333333333337e+02 1.98524236161949294e-03 7.64517498082980722e-06
 1.24933333333333337e+02 1.25066666666666663e+02 1.93971527990039719e-03 1.15030593050251494e-05
 1.25066666666666663e+02 1.25200000000000003e+02 1.87791700013306283e-03 1.04697822704612573e-05
 1.25200000000000003e+02 1.25333333333333329e+02 1.82381739097446801e-03 7.87622956608584930e-06
 1.25333333333333329e+02 1.25466666666666669e+02 1.76696096329609560e-03 6.86691464574452325e-06
 1.25466666666666669e+02 1.25599999999999994e+02 1.71641730827359331e-03 7.08837155848592430e-06
 1.25599999999999994e+02 1.25733333333333334e+02 1.65961540111572953e-03 7.01303110104380481e-06
 1.25733333333333334e+02 1.25866666666666660e+02 1.61134937117336720e-03 1.63534207030181589e-05
 1.25866666666666660e+02 1.26000000000000000e+02 1.54103890285752485e-03 6.32618918247963709e-06
 1.26000000000000000e+02 1.26133333333333340e+02 1.50147241630073261e-03 1.00622184009513965e-05
 1.26133333333333340e+02 1.26266666666666666e+02 1.44336591746532404e-03 6.23814798224015949e-06
 1.26266666666666666e+02 1.26400000000000006e+02 1.39930153981118223e-03 6.26309692897633177e-06
 1.26400000000000006e+02 1.26533333333333331e+02 1.33340563104814816e-03 6.38679603560647189e-06
 1.26533333333333331e+02 1.26666666666666671e+02 1.28898297881308824e-03 6.17228300658053833e-06
 1.26666666666666671e+02 1.26799999999999997e+02 1.23009159957976236e-03 5.97263908034650815e-06
 1.26799999999999997e+02 1.26933333333333337e+02 1.16309352269228661e-03 6.47055306110221255e-06
 1.26933333333333337e+02 1.27066666666666663e+02 1.12772266237586016e-03 1.19560662144781283e-05
 1.27066666666666663e+02 1.27200000000000003e+02 1.07206279756497233e-03 7.96676441946908547e-06
 1.27200000000000003e+02 1.27333333333333329e+02 1.01434170932494577e-03 5.91578789335186446e-06
 1.27333333333333329e+02 1.27466666666666669e+02 9.66937960407728133e-04 5.32326144616750970e-06
 1.27466666666666669e+02 1.27599999999999994e+02 9.20360599762214669e-04 5.84876927667151052e-06
 1.27599999999999994e+02 1.27733333333333334e+02 8.61642554632277092e-04 5.35543413873213162e-06
 1.27733333333333334e+02 1.27866666666666660e+02 8.17323693485071568e-04 7.66518434873790660e-06
 1.27866666666666660e+02 1.28000000000000000e+02 7.70528405642349062e-04 6.21769365779388159e-06
 1.28000000000000000e+02 1.28133333333333326e+02 7.16940449589931151e-04 6.86573092982762238e-06
 1.28133333333333326e+02 1.28266666666666652e+02 6.57890473028785146e-04 4.59567080331018512e-06
 1.28266666666666652e+02 1.28400000000000006e+02 6.12151487508015850e-04 5.02179867172904452e-06
 1.28400000000000006e+02 1.28533333333333331e+02 5.61370246879323138e-04 5.10833708266511771e-06
 1.28533333333333331e+02 1.28666666666666686e+02 5.05977451833624888e-04 4.28120268499017874e-06
 1.28666666666666686e+02 1.28800000000000011e+02 4.57088084469070978e-04 4.02181877964043125e-06
 1.28800000000000011e+02 1.28933333333333337e+02 4.13869458588251768e-04 4.63444477992756626e-06
 1.28933333333333337e+02 1.29066666666666663e+02 3.67155815943243178e-04 4.41697528282130361e-06
 1.29066666666666663e+02 1.29199999999999989e+02 3.21655245289324885e-04 8.92290168793824699e-06
 1.29199999999999989e+02 1.29333333333333314e+02 2.63559900511693116e-04 3.79144879235960931e-06
 1.29333333333333314e+02 1.29466666666666669e+02 2.13002815451109203e-04 3.14649964641206846e-06
 1.29466666666666669e+02 1.29599999999999994e+02 1.63949233021912460e-04 3.03333469683131742e-06
 1.29599999999999994e+02 1.29733333333333348e+02 1.18818556355060627e-04 2.54936019843319248e-06
 1.29733333333333348e+02 1.29866666666666674e+02 7.37236068980101985e-05 3.07072943537154786e-06
 1.29866666666666674e+02 1.30000000000000000e+02 2.29093317661522368e-05 1.13927388192330621e-06

Histogram:leg
 2.00000000000000000e+01 2.07416666666666671e+01 8.27660647696812010e-04 3.18495224222584416e-06
 2.07416666666666671e+01 2.14833333333333343e+01 8.01580210033961123e-04 1.82992055364916453e-06
 2.14833333333333343e+01 2.22250000000000014e+01 7.77798607308642187e-04 2.21997661670029953e-06
 2.22250000000000014e+01 2.29666666666666686e+01 7.58682688493569121e-04 1.84033314452269825e-06
 2.29666666666666686e+01 2.37083333333333321e+01 7.34722545592054761e-04 1.60186527932474609e-06
 2.37083333333333321e+01 2.44499999999999993e+01 7.16443868494192888e-04 1.59376492413597708e-06
 2.44499999999999993e+01 2.51916666666666664e+01 7.00715074827137083e-04 1.59128119171754445e-06
 2.51916666666666664e+01 2.59333333333333336e+01 6.85762254474117693e-04 1.63950915535937406e-06
 2.59333333333333336e+01 2.66750000000000007e+01 6.70651674243439373e-04 1.56549140136446507e-06
 2.66750000000000007e+01 2.74166666666666679e+01 6.56100396916544184e-04 2.91804543111612441e-06
 2.74166666666666679e+01 2.81583333333333314e+01 6.42262769982966924e-04 1.82761496502095502e-06
 2.81583333333333314e+01 2.88999999999999986e+01 6.28052668049586282e-04 1.43682918364256156e-06
 2.88999999999999986e+01 2.96416666666666657e+01 6.19062281308004861e-04 1.50072440387081657e-06
 2.96416666666666657e+01 3.03833333333333329e+01 6.05576818873717129e-04 2.18170925960354828e-06
 3.03833333333333329e+01 3.11250000000000000e+01 5.95465947169116459e-04 1.66836907492697616e-06
 3.11250000000000000e+01 3.18666666666666671e+01 5.85536420891615071e-04 1.51855874110133468e-06
 3.18666666666666671e+01 3.26083333333333343e+01 5.74438657120349919e-04 1.35562651024852520e-06
 3.26083333333333343e+01 3.33500000000000014e+01 5.65427065317610335e-04 1.43460054493864661e-06
 3.33500000000000014e+01 3.40916666666666686e+01 5.59246959373632191e-04 2.93344576204998630e-06
 3.40916666666666686e+01 3.48333333333333357e+01 5.49438589227496839e-04 1.47771782169172565e-06
 3.48333333333333357e+01 3.55750000000000028e+01 5.39772342680934947e-04 1.50866011116839660e-06
 3.55750000000000028e+01 3.63166666666666629e+01 5.33554686940221280e-04 1.39898912293554260e-06
 3.63166666666666629e+01 3.70583333333333371e+01 5.24830253767153776e-04 1.40387580255126547e-06
 3.70583333333333371e+01 3.77999999999999972e+01 5.16270901557330840e-04 1.26013989518075344e-06
 3.77999999999999972e+01 3.85416666666666714e+01 5.13324255897129665e-04 1.31425561807950463e-06
 3.85416666666666714e+01 3.92833333333333314e+01 5.04256865830018703e-04 1.33119155891902242e-06
 3.92833333333333314e+01 4.00249999999999986e+01 4.98917214346607284e-04 1.29497345706127759e-06
 4.00249999999999986e+01 4.07666666666666657e+01 4.91121067906209589e-04 1.29573331397597081e-06
 4.07666666666666657e+01 4.15083333333333329e+01 4.88616500532791848e-04 1.26236442927468602e-06
 4.15083333333333329e+01 4.22500000000000000e+01 4.85010947040295977e-04 1.45899980051494292e-06
 4.22500000000000000e+01 4.29916666666666671e+01 4.78426916775759640e-04 1.34592212444994634e-06
 4.29916666666666671e+01 4.37333333333333343e+01 4.71536879581515743e-04 1.21606490345699624e-06
 4.37333333333333343e+01 4.44750000000000014e+01 4.68230230338668692e-04 1.39733123525033790e-06
 4.44750000000000014e+01 4.52166666666666686e+01 4.64505846972380508e-04 1.37743174095960964e-06
 4.52166666666666686e+01 4.59583333333333286e+01 4.61333527694682245e-04 1.31452061604067760e-06
 4.59583333333333286e+01 4.67000000000000028e+01 4.57243401042583609e-04 1.56047767143917401e-06
 4.67000000000000028e+01 4.74416666666666629e+01 4.61433094899495405e-04 7.05747113137852396e-06
 4.74416666666666629e+01 4.81833333333333371e+01 4.50559853201064331e-04 1.35303526097968382e-06
 4.81833333333333371e+01 4.89249999999999972e+01 4.48349043241064334e-04 1.23875197563729580e-06
 4.89249999999999972e+01 4.96666666666666714e+01 4.45974832429868115e-04 1.22532902871998435e-06
 4.96666666666666714e+01 5.04083333333333314e+01 4.46434559932284893e-04 1.14439840489955295e-06
 5.04083333333333314e+01 5.11499999999999986e+01 4.43981819199585747e-04 1.26244039230906174e-06
 5.11499999999999986e+01 5.18916666666666657e+01 4.48746567753621111e-04 1.36738505886435587e-06
 5.18916666666666657e+01 5.26333333333333329e+01 4.44274057449235075e-04 1.17510197690093193e-06
 5.26333333333333329e+01 5.33750000000000000e+01 4.46245667594663586e-04 1.52802482340225168e-06
 5.33750000000000000e+01 5.41166666666666671e+01 4.44646376684155098e-04 1.20052723800434348e-06
 5.41166666666666671e+01 5.48583333333333343e+01 4.44877841064426048e-04 1.19597586671686366e-06
 5.48583333333333343e+01 5.56000000000000014e+01 4.43988131981305637e-04 1.20175428038885889e-06
 5.56000000000000014e+01 5.63416666666666686e+01 4.44597457647648916e-04 1.11189662948585921e-06
 5.63416666666666686e+01 5.70833333333333357e+01 4.44720663735709472e-04 1.21718728948590375e-06
 5.70833333333333357e+01 5.78250000000000028e+01 4.44756284304424169e-04 1.12396646705826588e-06
 5.78250000000000028e+01 5.85666666666666700e+01 4.42597819913449558e-04 1.13001621401700475e-06
 5.85666666666666700e+01 5.93083333333333300e+01 4.44650181506816026e-04 1.12912703717530008e-06
 5.93083333333333300e+01 6.00499999999999972e+01 4.46750041220711947e-04 1.21899209869408656e-06
 6.00499999999999972e+01 6.07916666666666643e+01 4.47484233179303232e-04 1.17296523840503648e-06
 6.07916666666666643e+01 6.15333333333333314e+01 4.47034505573346008e-04 1.20918236000250273e-06
 6.15333333333333314e+01 6.22749999999999986e+01 4.47214270336001500e-04 1.23870334008763396e-06
 6.22749999999999986e+01 6.30166666666666657e+01 4.50440973696160352e-04 1.23596538295867708e-06
 6.30166666666666657e+01 6.37583333333333329e+01 4.48240262631453888e-04 1.14872105128827425e-06
 6.37583333333333329e+01 6.45000000000000000e+01 4.49254347576989331e-04 1.16540681141668931e-06
 6.45000000000000000e+01 6.52416666666666742e+01 4.52264541046507962e-04 1.08066028841284219e-06
 6.52416666666666742e+01 6.59833333333333343e+01 4.53564134301367116e-04 1.25280925655323471e-06
 6.59833333333333343e+01 6.67249999999999943e+01 4.56384442200151441e-04 1.23342987531678691e-06
 6.67249999999999943e+01 6.74666666666666686e+01 4.56285764364390534e-04 1.20913235073825086e-06
 6.74666666666666686e+01 6.82083333333333428e+01 4.58956025006213031e-04 1.27026983308734994e-06
 6.82083333333333428e+01 6.89500000000000028e+01 4.60477963933518660e-04 1.13728936414250997e-06
 6.89500000000000028e+01 6.96916666666666629e+01 4.62896013072267357e-04 1.11913948050632715e-06
 6.96916666666666629e+01 7.04333333333333371e+01 4.63941890198045698e-04 1.17447900059038280e-06
 7.04333333333333371e+01 7.11749999999999972e+01 4.66166372711434261e-04 1.12660860608368858e-06
 7.11749999999999972e+01 7.19166666666666572e+01 4.70894730893640066e-04 1.31779129645679458e-06
 7.19166666666666572e+01 7.26583333333333314e+01 4.70119532476186695e-04 1.12155387321789674e-06
 7.26583333333333314e+01 7.34000000000000057e+01 4.75686382863200520e-04 1.14332747412489782e-06
 7.34000000000000057e+01 7.41416666666666657e+01 4.76624660571623967e-04 1.07852024874960732e-06
 7.41416666666666657e+01 7.48833333333333258e+01 4.82340129947558620e-04 1.23426659608873955e-06
 7.48833333333333258e+01 7.56250000000000000e+01 4.82346664001356428e-04 1.11314912449658332e-06
 7.56250000000000000e+01 7.63666666666666742e+01 4.91053179218163072e-04 1.25327026097339082e-06
 7.63666666666666742e+01 7.71083333333333343e+01 4.95045468764082185e-04 1.13565542369449752e-06
 7.71083333333333343e+01 7.78499999999999943e+01 4.99268172483554326e-04 1.28321760787234999e-06
 7.78499999999999943e+01 7.85916666666666686e+01 5.05998463544714131e-04 1.24011260704183145e-06
 7.85916666666666686e+01 7.93333333333333428e+01 5.11540860956642023e-04 1.12062865092385955e-06
 7.93333333333333428e+01 8.00750000000000028e+01 5.17309738748851348e-04 1.17308543928567526e-06
 8.00750000000000028e+01 8.08166666666666629e+01 5.22839291930545370e-04 1.18415490573625568e-06
 8.08166666666666629e+01 8.15583333333333371e+01 5.29613748467203213e-04 1.16908183762155577e-06
 8.15583333333333371e+01 8.22999999999999972e+01 5.36801327592069735e-04 1.21795429432788607e-06
 8.22999999999999972e+01 8.30416666666666572e+01 5.46441187116095670e-04 1.36945107879161599e-06
 8.30416666666666572e+01 8.37833333333333314e+01 5.54795495652606703e-04 1.19238185639998192e-06
 8.37833333333333314e+01 8.45250000000000057e+01 5.64157367551572863e-04 1.37958160263958702e-06
 8.45250000000000057e+01 8.52666666666666657e+01 5.75617976154446285e-04 1.26575611912098783e-06
 8.52666666666666657e+01 8.60083333333333400e+01 5.89195668019273510e-04 1.36875101759539789e-06
 8.60083333333333400e+01 8.67500000000000000e+01 6.02276945636238373e-04 1.26395843942082164e-06
 8.67500000000000000e+01 8.74916666666666600e+01 6.21371046401719067e-04 1.76944075128317780e-06
 8.74916666666666600e+01 8.82333333333333343e+01 6.38664518360474169e-04 1.47079635855404582e-06
 8.82333333333333343e+01 8.89749999999999943e+01 6.58933823802326812e-04 1.47799312969403173e-06
 8.89749999999999943e+01 8.97166666666666686e+01 6.83134837478606275e-04 1.31363552555924760e-06
 8.97166666666666686e+01 9.04583333333333286e+01 7.18660618729220400e-04 1.65082872954306000e-06
 9.04583333333333286e+01 9.12000000000000028e+01 7.55862525074281629e-04 1.42080078985028494e-06
 9.12000000000000028e+01 9.19416666666666629e+01 8.17972268644335111e-04 1.62022944709110470e-06
 9.19416666666666629e+01 9.26833333333333371e+01 9.10855248749577705e-04 2.09662754005804031e-06
 9.26833333333333371e+01 9.34249999999999972e+01 1.27184323577663166e-03 6.70022006579941537e-06
 9.34249999999999972e+01 9.41666666666666714e+01 2.20080737010366423e-03 1.51342857433614329e-05
 9.41666666666666714e+01 9.49083333333333314e+01 2.18216256993191684e-03 1.12556791902473308e-05
 9.49083333333333314e+01 9.56500000000000057e+01 2.15451367932286992e-03 5.84276118140929806e-06
 9.56500000000000057e+01 9.63916666666666657e+01 2.13810269093319674e-03 3.62830221318384335e-06
 9.63916666666666657e+01 9.71333333333333400e+01 2.11523381622850124e-03 2.76255252332082333e-06
 9.71333333333333400e+01 9.78750000000000000e+01 2.09091795513449566e-03 2.78969970237729063e-06
 9.78750000000000000e+01 9.86166666666666600e+01 2.07851851061645982e-03 2.68643226520653444e-06
 9.86166666666666600e+01 9.93583333333333343e+01 2.05639189868252626e-03 2.78621295661303384e-06
 9.93583333333333343e+01 1.00099999999999994e+02 2.03822329690336304e-03 3.07444989748911515e-06
 1.00099999999999994e+02 1.00841666666666669e+02 2.02756302824440380e-03 2.84524578490762709e-06
 1.00841666666666669e+02 1.01583333333333329e+02 2.00084960470892428e-03 2.91763639839785299e-06
 1.01583333333333329e+02 1.02325000000000003e+02 1.98777033277205322e-03 3.13732286341408735e-06
 1.02325000000000003e+02 1.03066666666666663e+02 1.96550772720608660e-03 2.98109852789137468e-06
 1.03066666666666663e+02 1.03808333333333337e+02 1.94988300513610955e-03 2.94445868693791936e-06
 1.03808333333333337e+02 1.04549999999999997e+02 1.93397711690279704e-03 2.87123680959881475e-06
 1.04549999999999997e+02 1.05291666666666671e+02 1.92123015019861408e-03 3.02874279806702565e-06
 1.05291666666666671e+02 1.06033333333333331e+02 1.89726778587188797e-03 2.77428936470688056e-06
 1.06033333333333331e+02 1.06775000000000006e+02 1.88049076909456350e-03 2.86121994760992541e-06
 1.06775000000000006e+02 1.07516666666666666e+02 1.86928747884177143e-03 2.94864442197501763e-06
 1.07516666666666666e+02 1.08258333333333340e+02 1.85045490179112427e-03 2.84670660427328080e-06
 1.08258333333333340e+02 1.09000000000000000e+02 1.83857379961902055e-03 2.96309649210471364e-06
 1.09000000000000000e+02 1.09741666666666660e+02 1.82562735737000297e-03 3.14028753475005966e-06
 1.09741666666666660e+02 1.10483333333333334e+02 1.80703479675231897e-03 2.72391078267564199e-06
 1.10483333333333334e+02 1.11224999999999994e+02 1.79361354034101943e-03 2.66141388803186160e-06
 1.11224999999999994e+02 1.11966666666666669e+02 1.77485290149022811e-03 2.64151847822895379e-06
 1.11966666666666669e+02 1.12708333333333329e+02 1.76400699489314902e-03 2.66737480194524730e-06
 1.12708333333333329e+02 1.13450000000000003e+02 1.74587099403755979e-03 2.67637884935506197e-06
 1.13450000000000003e+02 1.14191666666666663e+02 1.73630505950379084e-03 3.32090394394073750e-06
 1.14191666666666663e+02 1.14933333333333337e+02 1.71399638337691026e-03 2.58149869618398626e-06
 1.14933333333333337e+02 1.15674999999999997e+02 1.70601471039052142e-03 3.17367231417856380e-06
 1.15674999999999997e+02 1.16416666666666671e+02 1.68921530796561589e-03 2.60114668446125000e-06
 1.16416666666666671e+02 1.17158333333333331e+02 1.67877806978509190e-03 2.55419080597061806e-06
 1.17158333333333331e+02 1.17900000000000006e+02 1.66452720276655643e-03 2.57818156969336687e-06
 1.17900000000000006e+02 1.18641666666666666e+02 1.65436719308883671e-03 2.63251507353711009e-06
 1.18641666666666666e+02 1.19383333333333340e+02 1.63732386930409549e-03 2.59444210085922676e-06
 1.19383333333333340e+02 1.20125000000000000e+02 1.62699595711909514e-03 2.60323906312635894e-06
 1.20125000000000000e+02 1.20866666666666660e+02 1.61202873383935706e-03 2.55266930761080168e-06
 1.20866666666666660e+02 1.21608333333333334e+02 1.60103747269580788e-03 2.77116347361176848e-06
 1.21608333333333334e+02 1.22349999999999994e+02 1.58734686683054127e-03 2.57902516933799402e-06
 1.22349999999999994e+02 1.23091666666666669e+02 1.57927237708475150e-03 2.48786213171819277e-06
 1.23091666666666669e+02 1.23833333333333329e+02 1.55996804561350354e-03 2.47752408906565906e-06
 1.23833333333333329e+02 1.24575000000000003e+02 1.55094662316551429e-03 2.58728250113370218e-06
 1.24575000000000003e+02 1.25316666666666663e+02 1.53828318179490128e-03 2.68928017854204742e-06
 1.25316666666666663e+02 1.26058333333333337e+02 1.52821353692016984e-03 2.59810418287811808e-06
 1.26058333333333337e+02 1.26799999999999997e+02 1.51607586418855771e-03 2.40193744726369812e-06
 1.26799999999999997e+02 1.27541666666666671e+02 1.50267566762743682e-03 2.52243860954149711e-06
 1.27541666666666671e+02 1.28283333333333331e+02 1.49765482378069119e-03 2.49558270225422722e-06
 1.28283333333333331e+02 1.29025000000000006e+02 1.47889057733458906e-03 2.59840416428340562e-06
 1.29025000000000006e+02 1.29766666666666652e+02 1.47345054827480691e-03 2.52403532563763626e-06
 1.29766666666666652e+02 1.30508333333333326e+02 1.46160484834404738e-03 2.40833108154079948e-06
 1.30508333333333326e+02 1.31250000000000000e+02 1.45451575934773224e-03 2.43292935485252850e-06
 1.31250000000000000e+02 1.31991666666666674e+02 1.43730838301488499e-03 2.47033958050506827e-06
 1.31991666666666674e+02 1.32733333333333348e+02 1.43451278864538748e-03 2.47317354715335083e-06
 1.32733333333333348e+02 1.33474999999999994e+02 1.41915767583304262e-03 2.54610764743715705e-06
 1.33474999999999994e+02 1.34216666666666669e+02 1.40656068379134544e-03 2.48004624285446672e-06
 1.34216666666666669e+02 1.34958333333333314e+02 1.39620150216812340e-03 2.39789981225757055e-06
 1.34958333333333314e+02 1.35699999999999989e+02 1.39004854819580826e-03 2.79047408780322729e-06
 1.35699999999999989e+02 1.36441666666666663e+02 1.38057881456240747e-03 2.63793608640245925e-06
 1.36441666666666663e+02 1.37183333333333337e+02 1.36693555163431950e-03 2.44831995016029344e-06
 1.37183333333333337e+02 1.37925000000000011e+02 1.36227554166614318e-03 2.35073021244288442e-06
 1.37925000000000011e+02 1.38666666666666686e+02 1.35281484616047755e-03 2.67078630390360573e-06
 1.38666666666666686e+02 1.39408333333333331e+02 1.34608836462756063e-03 2.31931037853326582e-06
 1.39408333333333331e+02 1.40150000000000006e+02 1.33436725388605252e-03 3.48567642343784283e-06
 1.40150000000000006e+02 1.40891666666666652e+02 1.32162478432713230e-03 2.29685516704255671e-06
 1.40891666666666652e+02 1.41633333333333326e+02 1.31277849090743266e-03 2.36824078252258456e-06
 1.41633333333333326e+02 1.42375000000000000e+02 1.30607142435294646e-03 2.34853210321571360e-06
 1.42375000000000000e+02 1.43116666666666674e+02 1.29725154500760342e-03 2.38211001890675528e-06
 1.43116666666666674e+02 1.43858333333333348e+02 1.27866779212344999e-03 2.30778637314653857e-06
 1.43858333333333348e+02 1.44599999999999994e+02 1.27560326387945859e-03 2.29660647857685162e-06
 1.44599999999999994e+02 1.45341666666666669e+02 1.26609972867340365e-03 2.25910252473122612e-06
 1.45341666666666669e+02 1.46083333333333314e+02 1.25933910065245073e-03 2.32076237781223226e-06
 1.46083333333333314e+02 1.46824999999999989e+02 1.25418571877786438e-03 2.34835121371370593e-06
 1.46824999999999989e+02 1.47566666666666663e+02 1.24140643689495101e-03 2.26800184517847021e-06
 1.47566666666666663e+02 1.48308333333333337e+02 1.23548290104903030e-03 2.68108030251908123e-06
 1.48308333333333337e+02 1.49050000000000011e+02 1.22588956087950319e-03 2.49299716183449206e-06
 1.49050000000000011e+02 1.49791666666666657e+02 1.21868601970203305e-03 2.47995139980804779e-06
 1.49791666666666657e+02 1.50533333333333331e+02 1.21025597350247105e-03 2.54331273912986117e-06
 1.50533333333333331e+02 1.51275000000000006e+02 1.19557159997975260e-03 2.19078833676013488e-06
 1.51275000000000006e+02 1.52016666666666680e+02 1.19562870945077765e-03 3.83486844868155597e-06
 1.52016666666666680e+02 1.52758333333333326e+02 1.18394297704607805e-03 2.26971042603835447e-06
 1.52758333333333326e+02 1.53500000000000000e+02 1.17725612579716501e-03 2.24882820788854297e-06
 1.53500000000000000e+02 1.54241666666666674e+02 1.17184227071269096e-03 2.29734186599984250e-06
 1.54241666666666674e+02 1.54983333333333320e+02 1.16130737447357464e-03 2.16434752331014693e-06
 1.54983333333333320e+02 1.55724999999999994e+02 1.15412975148089579e-03 2.17019041854909182e-06
 1.55724999999999994e+02 1.56466666666666669e+02 1.14773728021268077e-03 2.31698275752498767e-06
 1.56466666666666669e+02 1.57208333333333343e+02 1.14192899186752557e-03 2.45599021993497578e-06
 1.57208333333333343e+02 1.57949999999999989e+02 1.13104479948911043e-03 2.34327471413162769e-06
 1.57949999999999989e+02 1.58691666666666663e+02 1.12507691626418153e-03 2.14414044812970670e-06
 1.58691666666666663e+02 1.59433333333333337e+02 1.11574482136242285e-03 2.19737847390605300e-06
 1.59433333333333337e+02 1.60175000000000011e+02 1.11073108564475453e-03 2.22074190276361496e-06
 1.60175000000000011e+02 1.60916666666666657e+02 1.10754725573784709e-03 2.21196020893420812e-06
 1.60916666666666657e+02 1.61658333333333331e+02 1.09756682289282952e-03 2.07780162227037037e-06
 1.61658333333333331e+02 1.62400000000000006e+02 1.09035948411355952e-03 2.06692172089796131e-06
 1.62400000000000006e+02 1.63141666666666680e+02 1.08239244116769369e-03 2.11914188727771349e-06
 1.63141666666666680e+02 1.63883333333333326e+02 1.07332445850256281e-03 2.10948169492459551e-06
 1.63883333333333326e+02 1.64625000000000000e+02 1.06935826611318603e-03 2.05679498100587994e-06
 1.64625000000000000e+02 1.65366666666666674e+02 1.06300016040648641e-03 2.10724898769968675e-06
 1.65366666666666674e+02 1.66108333333333320e+02 1.05663629204268616e-03 2.29233734582280347e-06
 1.66108333333333320e+02 1.66849999999999994e+02 1.04870846963982071e-03 2.06638487336967938e-06
 1.66849999999999994e+02 1.67591666666666669e+02 1.04014187430920236e-03 2.01918442515586615e-06
 1.67591666666666669e+02 1.68333333333333343e+02 1.03562520010871593e-03 2.07606187514119679e-06
 1.68333333333333343e+02 1.69074999999999989e+02 1.02978321630162227e-03 2.92230623161897420e-06
 1.69074999999999989e+02 1.69816666666666663e+02 1.02725425292731669e-03 2.12237016944109907e-06
 1.69816666666666663e+02 1.70558333333333337e+02 1.01832186824555118e-03 2.10922154733476519e-06
 1.70558333333333337e+02 1.71300000000000011e+02 1.00887286215028439e-03 2.09811324849491676e-06
 1.71300000000000011e+02 1.72041666666666657e+02 1.00419563088125917e-03 2.03150431595410091e-06
 1.72041666666666657e+02 1.72783333333333331e+02 9.97303051023635135e-04 2.05325484282947245e-06
 1.72783333333333331e+02 1.73525000000000006e+02 9.91779481881427047e-04 2.04113198165131550e-06
 1.73525000000000006e+02 1.74266666666666680e+02 9.87432452454274894e-04 2.11473323862739638e-06
 1.74266666666666680e+02 1.75008333333333326e+02 9.76509480998453386e-04 2.03611988527112540e-06
 1.75008333333333326e+02 1.75750000000000000e+02 9.70802457196642626e-04 2.04475229719289816e-06
 1.75750000000000000e+02 1.76491666666666674e+02 9.70388868948805034e-04 2.05159776903601143e-06
 1.76491666666666674e+02 1.77233333333333320e+02 9.61916783704805964e-04 1.96527696803331332e-06
 1.77233333333333320e+02 1.77974999999999994e+02 9.59659617944670011e-04 2.20937429310339244e-06
 1.77974999999999994e+02 1.78716666666666669e+02 9.52944338414178790e-04 2.00215919622954452e-06
 1.78716666666666669e+02 1.79458333333333343e+02 9.44164978182995482e-04 2.10910509255295592e-06
 1.79458333333333343e+02 1.80199999999999989e+02 9.39370729448379656e-04 1.96172066799983844e-06
 1.80199999999999989e+02 1.80941666666666663e+02 9.34811672963245478e-04 2.03548934558716835e-06
 1.80941666666666663e+02 1.81683333333333337e+02 9.29785472972933526e-04 1.98013725600507621e-06
 1.81683333333333337e+02 1.82425000000000011e+02 9.25063940424776412e-04 2.11882800844612664e-06
 1.82425000000000011e+02 1.83166666666666657e+02 9.18722100438504373e-04 2.01363583357778864e-06
 1.83166666666666657e+02 1.83908333333333331e+02 9.10926033717360879e-04 1.97043131359301771e-06
 1.83908333333333331e+02 1.84650000000000006e+02 9.06360910627406098e-04 2.18377808527988443e-06
 1.84650000000000006e+02 1.85391666666666680e+02 8.99096855448105960e-04 1.97158382836137104e-06
 1.85391666666666680e+02 1.86133333333333326e+02 8.98308608543194466e-04 2.04740962162032049e-06
 1.86133333333333326e+02 1.86875000000000000e+02 8.91070679742835795e-04 1.95514918002310729e-06
 1.86875000000000000e+02 1.87616666666666674e+02 8.86185829845216036e-04 1.96494675146145878e-06
 1.87616666666666674e+02 1.88358333333333320e+02 8.82237072143088178e-04 1.99388689202878427e-06
 1.88358333333333320e+02 1.89099999999999994e+02 8.75388058349873925e-04 2.12605677733722889e-06
 1.89099999999999994e+02 1.89841666666666669e+02 8.71900858171615473e-04 1.94030699154058144e-06
 1.89841666666666669e+02 1.90583333333333343e+02 8.68262884649774512e-04 2.14972120662057529e-06
 1.90583333333333343e+02 1.91324999999999989e+02 8.58502038190491054e-04 1.92521819125404237e-06
 1.91324999999999989e+02 1.92066666666666663e+02 8.57773197689264740e-04 1.95632903353082240e-06
 1.92066666666666663e+02 1.92808333333333337e+02 8.51986723627263468e-04 1.90301045796606793e-06
 1.92808333333333337e+02 1.93550000000000011e+02 8.46508592972790058e-04 1.89587753837794226e-06
 1.93550000000000011e+02 1.94291666666666657e+02 8.41723143288468714e-04 1.88190094534378259e-06
 1.94291666666666657e+02 1.95033333333333331e+02 8.32364442576323288e-04 1.84414847166104549e-06
 1.95033333333333331e+02 1.95775000000000006e+02 8.34064270171111315e-04 2.07630284213970608e-06
 1.95775000000000006e+02 1.96516666666666680e+02 8.29544903773670687e-04 2.10303739403506244e-06
 1.96516666666666680e+02 1.97258333333333326e+02 8.24184425381924504e-04 2.07518839386637853e-06
 1.97258333333333326e+02 1.98000000000000000e+02 8.16648266555826895e-04 1.84622081050459478e-06
 1.98000000000000000e+02 1.98741666666666674e+02 8.15413173937936287e-04 1.84553064061232809e-06
 1.98741666666666674e+02 1.99483333333333320e+02 8.08010670115472942e-04 2.00856176895980854e-06
 1.99483333333333320e+02 2.00224999999999994e+02 8.05524233243119759e-04 1.79196870936852122e-06
 2.00224999999999994e+02 2.00966666666666669e+02 7.98333611767985799e-04 1.93041424728708518e-06
 2.00966666666666669e+02 2.01708333333333343e+02 7.94878409934312246e-04 1.80964470059935538e-06
 2.01708333333333343e+02 2.02449999999999989e+02 7.90712093782820432e-04 1.83448278615697362e-06
 2.02449999999999989e+02 2.03191666666666663e+02 7.88596667506151505e-04 1.84298218111345374e-06
 2.03191666666666663e+02 2.03933333333333337e+02 7.82534550939123518e-04 1.80487900958250631e-06
 2.03933333333333337e+02 2.04675000000000011e+02 7.76738439349204820e-04 1.97995649618793273e-06
 2.04675000000000011e+02 2.05416666666666657e+02 7.71231966348478928e-04 1.77453918713937363e-06
 2.05416666666666657e+02 2.06158333333333331e+02 7.67533004311858743e-04 1.81198726373222296e-06
 2.06158333333333331e+02 2.06900000000000006e+02 7.62188516100504362e-04 1.83485525405255214e-06
 2.06900000000000006e+02 2.07641666666666680e+02 7.63636937308797355e-04 2.08994192223158592e-06
 2.07641666666666680e+02 2.08383333333333326e+02 7.56055073961668222e-04 1.79902468654938518e-06
 2.08383333333333326e+02 2.09125000000000000e+02 7.58130227380464697e-04 1.84253278276336436e-06
 2.09125000000000000e+02 2.09866666666666674e+02 7.51472145084493889e-04 1.79068118161618205e-06
 2.09866666666666674e+02 2.10608333333333320e+02 7.39452548915549008e-04 1.88084800248908880e-06
 2.10608333333333320e+02 2.11349999999999994e+02 7.39577716593276847e-04 1.76891266403905680e-06
 2.11349999999999994e+02 2.12091666666666669e+02 7.36096581124480454e-04 1.76000851338458848e-06
 2.12091666666666669e+02 2.12833333333333343e+02 7.31061566093657057e-04 1.79964661937131120e-06
 2.12833333333333343e+02 2.13574999999999989e+02 7.26930275795441695e-04 1.75090260937989626e-06
 2.13574999999999989e+02 2.14316666666666663e+02 7.25685505729207429e-04 1.76512781551525696e-06
 2.14316666666666663e+02 2.15058333333333337e+02 7.22916727122503147e-04 1.87097373097757762e-06
 2.15058333333333337e+02 2.15800000000000011e+02 7.15408138598497105e-04 1.77011415552380411e-06
 2.15800000000000011e+02 2.16541666666666657e+02 7.14451091069075845e-04 1.96587937449292196e-06
 2.16541666666666657e+02 2.17283333333333331e+02 7.07840337800501058e-04 1.73414558075278466e-06
 2.17283333333333331e+02 2.18025000000000006e+02 7.03935698210239450e-04 1.71071599043298860e-06
 2.18025000000000006e+02 2.18766666666666680e+02 7.01164536703694722e-04 1.81989684313633506e-06
 2.18766666666666680e+02 2.19508333333333326e+02 6.95688795073719072e-04 1.70923052040935709e-06
 2.19508333333333326e+02 2.20250000000000000e+02 6.93585599402549331e-04 1.81402268211469528e-06
 2.20250000000000000e+02 2.20991666666666674e+02 6.90582062869361433e-04 1.73585071856127953e-06
 2.20991666666666674e+02 2.21733333333333320e+02 6.85215400500057358e-04 1.73261379314740861e-06
 2.21733333333333320e+02 2.22474999999999994e+02 6.81222080021098137e-04 1.74007266922811289e-06
 2.22474999999999994e+02 2.23216666666666669e+02 6.80255469635790595e-04 1.95448660831808353e-06
 2.23216666666666669e+02 2.23958333333333343e+02 6.76143109501605626e-04 1.74829161545421382e-06
 2.23958333333333343e+02 2.24699999999999989e+02 6.72459766799043349e-04 1.69369912463412971e-06
 2.24699999999999989e+02 2.25441666666666663e+02 6.67759643748433440e-04 1.64205797707449871e-06
 2.25441666666666663e+02 2.26183333333333337e+02 6.62019816618091201e-04 1.65910757924488696e-06
 2.26183333333333337e+02 2.26925000000000011e+02 6.63251429945733648e-04 1.86112201456061075e-06
 2.26925000000000011e+02 2.27666666666666657e+02 6.54078050500640231e-04 1.66031501452379062e-06
 2.27666666666666657e+02 2.28408333333333331e+02 6.53368099665627188e-04 1.76267686332412362e-06
 2.28408333333333331e+02 2.29150000000000006e+02 6.46975928955537756e-04 1.74898596063870138e-06
 2.29150000000000006e+02 2.29891666666666680e+02 6.47921606904118411e-04 1.72664215933242957e-06
 2.29891666666666680e+02 2.30633333333333326e+02 6.46988232517829785e-04 1.81426318283828542e-06
 2.30633333333333326e+02 2.31375000000000000e+02 6.43348987666398395e-04 3.38653783884612570e-06
 2.31375000000000000e+02 2.32116666666666674e+02 6.39757215815193211e-04 1.81586708547557997e-06
 2.32116666666666674e+02 2.32858333333333320e+02 6.36266530798857040e-04 1.70142407420421012e-06
 2.32858333333333320e+02 2.33599999999999994e+02 6.31183279423451612e-04 1.66060696850937163e-06
 2.33599999999999994e+02 2.34341666666666669e+02 6.26887333127533388e-04 1.68820907216804167e-06
 2.34341666666666669e+02 2.35083333333333343e+02 6.21550518816833906e-04 1.61368154306386075e-06
 2.35083333333333343e+02 2.35824999999999989e+02 6.22571696332322681e-04 1.78004447994991907e-06
 2.35824999999999989e+02 2.36566666666666663e+02 6.19622013374920757e-04 1.81730690004074820e-06
 2.36566666666666663e+02 2.37308333333333337e+02 6.15935958282869470e-04 1.79502511189667956e-06
 2.37308333333333337e+02 2.38050000000000011e+02 6.09817230199703937e-04 1.64216650156663355e-06
 2.38050000000000011e+02 2.38791666666666657e+02 6.07977786037174257e-04 1.80994892749655650e-06
 2.38791666666666657e+02 2.39533333333333331e+02 6.02228151725424984e-04 1.65031228910226219e-06
 2.39533333333333331e+02 2.40275000000000006e+02 6.00090233481568561e-04 1.72809808666856698e-06
 2.40275000000000006e+02 2.41016666666666680e+02 5.99373301290327806e-04 1.73872900151473306e-06
 2.41016666666666680e+02 2.41758333333333326e+02 5.93417465904414387e-04 1.62329261947666144e-06
 2.41758333333333326e+02 2.42500000000000000e+02 5.90818845807117277e-04 1.61847435035565555e-06
 2.42500000000000000e+02 2.43241666666666674e+02 5.91487057811519701e-04 1.56236947497034028e-06
 2.43241666666666674e+02 2.43983333333333320e+02 5.88494975865350178e-04 1.63485155497866613e-06
 2.43983333333333320e+02 2.44724999999999994e+02 5.84548152750335548e-04 1.69600194804834633e-06
 2.44724999999999994e+02 2.45466666666666669e+02 5.81169908675365399e-04 1.63953590406821383e-06
 2.45466666666666669e+02 2.46208333333333343e+02 5.78878801078088747e-04 1.96449244591175559e-06
 2.46208333333333343e+02 2.46949999999999989e+02 5.76319602983262980e-04 1.65259125839367435e-06
 2.46949999999999989e+02 2.47691666666666663e+02 5.72114523398345909e-04 1.55862070000199764e-06
 2.47691666666666663e+02 2.48433333333333337e+02 5.68821125414461864e-04 1.72709867340100626e-06
 2.48433333333333337e+02 2.49175000000000011e+02 5.65213877759698216e-04 1.59805684060835656e-06
 2.49175000000000011e+02 2.49916666666666657e+02 5.63083478116117257e-04 1.72448398357031511e-06
 2.49916666666666657e+02 2.50658333333333331e+02 5.60761216810944964e-04 1.80797196711442944e-06
 2.50658333333333331e+02 2.51400000000000006e+02 5.56085259789589146e-04 1.57241345193557199e-06
 2.51400000000000006e+02 2.52141666666666680e+02 5.53993448613774946e-04 1.67483990662502472e-06
 2.52141666666666680e+02 2.52883333333333326e+02 5.52114158929410139e-04 1.89516110840103138e-06
 2.52883333333333326e+02 2.53625000000000000e+02 5.50890281788548285e-04 1.65921020968786107e-06
 2.53625000000000000e+02 2.54366666666666674e+02 5.49909908331233698e-04 1.64261669126566515e-06
 2.54366666666666674e+02 2.55108333333333320e+02 5.41312315635813775e-04 1.55991656170767710e-06
 2.55108333333333320e+02 2.55849999999999994e+02 5.39677601922446473e-04 1.60974773055247358e-06
 2.55849999999999994e+02 2.56591666666666697e+02 5.38578601097507766e-04 1.65943785663521229e-06
 2.56591666666666697e+02 2.57333333333333371e+02 5.38641848912685558e-04 2.20038504294457714e-06
 2.57333333333333371e+02 2.58074999999999989e+02 5.33835556780008031e-04 1.60427754378954207e-06
 2.58074999999999989e+02 2.58816666666666663e+02 5.29836378494661286e-04 1.66229234054033726e-06
 2.58816666666666663e+02 2.59558333333333337e+02 5.26532027343510614e-04 1.55227946971069400e-06
 2.59558333333333337e+02 2.60300000000000011e+02 5.22305309508253588e-04 1.52537662396813965e-06
 2.60300000000000011e+02 2.61041666666666629e+02 5.22864886413966588e-04 1.69738289694542159e-06
 2.61041666666666629e+02 2.61783333333333303e+02 5.20205078226317172e-04 1.58730999737141143e-06
 2.61783333333333303e+02 2.62524999999999977e+02 5.14888694153470077e-04 1.61585751428628348e-06
 2.62524999999999977e+02 2.63266666666666652e+02 5.14764355460908124e-04 1.57655620823785515e-06
 2.63266666666666652e+02 2.64008333333333326e+02 5.11277868436706747e-04 1.66187964795966450e-06
 2.64008333333333326e+02 2.64750000000000000e+02 5.08047695446952273e-04 1.61843692168939803e-06
 2.64750000000000000e+02 2.65491666666666674e+02 5.06162878711934158e-04 1.55547244193800837e-06
 2.65491666666666674e+02 2.66233333333333348e+02 5.06031782924558295e-04 1.53850634479855715e-06
 2.66233333333333348e+02 2.66975000000000023e+02 5.01689153869603840e-04 1.48923596151684021e-06
 2.66975000000000023e+02 2.67716666666666697e+02 5.04912440603056366e-04 3.78297013529014416e-06
 2.67716666666666697e+02 2.68458333333333371e+02 4.99158321180272787e-04 1.65766423972771418e-06
 2.68458333333333371e+02 2.69199999999999989e+02 4.95986568990415674e-04 1.58947725684739957e-06
 2.69199999999999989e+02 2.69941666666666663e+02 4.88261901507054208e-04 1.48035470646943187e-06
 2.69941666666666663e+02 2.70683333333333337e+02 4.90644209253758784e-04 1.54752353168745715e-06
 2.70683333333333337e+02 2.71425000000000011e+02 4.84359232439829336e-04 1.52163215882681231e-06
 2.71425000000000011e+02 2.72166666666666629e+02 4.81680298909982171e-04 1.56470840754107822e-06
 2.72166666666666629e+02 2.72908333333333303e+02 4.78366944509566567e-04 1.48737908226371278e-06
 2.72908333333333303e+02 2.73649999999999977e+02 4.78848420572294744e-04 1.55918702041299798e-06
 2.73649999999999977e+02 2.74391666666666652e+02 4.76062095373741589e-04 1.47355712555356014e-06
 2.74391666666666652e+02 2.75133333333333326e+02 4.74875994089067935e-04 1.55403970384979723e-06
 2.75133333333333326e+02 2.75875000000000000e+02 4.71543482184452354e-04 1.51376009858569015e-06
 2.75875000000000000e+02 2.76616666666666674e+02 4.69897748740123495e-04 1.56950315593604624e-06
 2.76616666666666674e+02 2.77358333333333348e+02 4.67527294448987949e-04 1.50239986194290398e-06
 2.77358333333333348e+02 2.78100000000000023e+02 4.65155387550670186e-04 1.49763361747565277e-06
 2.78100000000000023e+02 2.78841666666666640e+02 4.61841455090968652e-04 1.90800545638000998e-06
 2.78841666666666640e+02 2.79583333333333314e+02 4.60721765646683135e-04 1.47154674022200516e-06
 2.79583333333333314e+02 2.80324999999999989e+02 4.58146444509122315e-04 1.53129606860248753e-06
 2.80324999999999989e+02 2.81066666666666663e+02 4.55341121002775402e-04 1.53323822695570913e-06
 2.81066666666666663e+02 2.81808333333333337e+02 4.51134509945845432e-04 1.67680118661286629e-06
 2.81808333333333337e+02 2.82550000000000011e+02 4.50989439760145238e-04 1.42458233991381713e-06
 2.82550000000000011e+02 2.83291666666666686e+02 4.51407410191514676e-04 2.24201911099304952e-06
 2.83291666666666686e+02 2.84033333333333360e+02 4.44693146638559171e-04 1.47997683957801101e-06
 2.84033333333333360e+02 2.84774999999999977e+02 4.43163918429440192e-04 1.54763580937451773e-06
 2.84774999999999977e+02 2.85516666666666652e+02 4.42791692082699089e-04 1.94011468117245555e-06
 2.85516666666666652e+02 2.86258333333333326e+02 4.40370338093759464e-04 1.46107648958322837e-06
 2.86258333333333326e+02 2.87000000000000000e+02 4.36037797839209425e-04 1.45982413416535064e-06
 2.87000000000000000e+02 2.87741666666666674e+02 4.35546543800592319e-04 1.51237751213932281e-06
 2.87741666666666674e+02 2.88483333333333348e+02 4.32823287700068887e-04 1.45660288119061219e-06
 2.88483333333333348e+02 2.89225000000000023e+02 4.31545364590036631e-04 1.47631778336605691e-06
 2.89225000000000023e+02 2.89966666666666640e+02 4.30171322656953861e-04 1.50485364588102699e-06
 2.89966666666666640e+02 2.90708333333333314e+02 4.29424497787076072e-04 1.62319022889106288e-06
 2.90708333333333314e+02 2.91449999999999989e+02 4.24396969185519932e-04 1.60606269313065764e-06
 2.91449999999999989e+02 2.92191666666666663e+02 4.20603863910103527e-04 1.62161899917751212e-06
 2.92191666666666663e+02 2.92933333333333337e+02 4.18400119170139826e-04 1.48835613040779227e-06
 2.92933333333333337e+02 2.93675000000000011e+02 4.19424569766151632e-04 1.55307403710663695e-06
 2.93675000000000011e+02 2.94416666666666686e+02 4.15855854185979079e-04 1.46213506223149799e-06
 2.94416666666666686e+02 2.95158333333333360e+02 4.12317381704308612e-04 1.44892389454303629e-06
 2.95158333333333360e+02 2.95899999999999977e+02 4.10213449549708370e-04 1.52025836185320858e-06
 2.95899999999999977e+02 2.96641666666666652e+02 4.10229983588925441e-04 1.45014994813287196e-06
 2.96641666666666652e+02 2.97383333333333326e+02 4.05106105891993003e-04 1.41951526250087685e-06
 2.97383333333333326e+02 2.98125000000000000e+02 4.04229065471975804e-04 1.45249194294363754e-06
 2.98125000000000000e+02 2.98866666666666674e+02 4.01265794221227021e-04 1.47193258083703845e-06
 2.98866666666666674e+02 2.99608333333333348e+02 3.99065010887049930e-04 1.41671435032232472e-06
 2.99608333333333348e+02 3.00350000000000023e+02 3.99021972787174598e-04 1.50866406120411358e-06
 3.00350000000000023e+02 3.01091666666666640e+02 3.93510852607758610e-04 1.42413336024940773e-06
 3.01091666666666640e+02 3.01833333333333314e+02 3.91977216066955998e-04 1.46188513800153844e-06
 3.01833333333333314e+02 3.02574999999999989e+02 3.86447889089392869e-04 1.51162925584873928e-06
 3.02574999999999989e+02 3.03316666666666663e+02 3.87042001846513379e-04 1.43709241315657285e-06
 3.03316666666666663e+02 3.04058333333333337e+02 3.83886433557395176e-04 1.40362380242845207e-06
 3.04058333333333337e+02 3.04800000000000011e+02 3.83870164312740574e-04 2.16010419044242482e-06
 3.04800000000000011e+02 3.05541666666666686e+02 3.79200906268541713e-04 1.44093292255107353e-06
 3.05541666666666686e+02 3.06283333333333360e+02 3.76251058693697878e-04 1.69258815975061649e-06
 3.06283333333333360e+02 3.07024999999999977e+02 3.74308751913032443e-04 1.43630944151920299e-06
 3.07024999999999977e+02 3.07766666666666652e+02 3.73974671275626401e-04 1.46647235575401205e-06
 3.07766666666666652e+02 3.08508333333333326e+02 3.67710873171900494e-04 1.46146834740889728e-06
 3.08508333333333326e+02 3.09250000000000000e+02 3.65420947959880062e-04 1.40380878154177688e-06
 3.09250000000000000e+02 3.09991666666666674e+02 3.64077472728327326e-04 1.54450746222046972e-06
 3.09991666666666674e+02 3.10733333333333348e+02 3.57992289983677652e-04 1.37528442524952228e-06
 3.10733333333333348e+02 3.11475000000000023e+02 3.56945586301128366e-04 1.48363595754769041e-06
 3.11475000000000023e+02 3.12216666666666640e+02 3.54932203279879823e-04 1.45844355857695810e-06
 3.12216666666666640e+02 3.12958333333333314e+02 3.51697268696973516e-04 1.47427621787008329e-06
 3.12958333333333314e+02 3.13699999999999989e+02 3.47832315315949525e-04 1.36792698892026797e-06
 3.13699999999999989e+02 3.14441666666666663e+02 3.41957250011776248e-04 1.36096429757324982e-06
 3.14441666666666663e+02 3.15183333333333337e+02 3.42078803665176671e-04 1.34613760134984794e-06
 3.15183333333333337e+02 3.15925000000000011e+02 3.36099712127099553e-04 1.39758141097038983e-06
 3.15925000000000011e+02 3.16666666666666686e+02 3.35636371938040693e-04 1.45691885458625583e-06
 3.16666666666666686e+02 3.17408333333333360e+02 3.28587660097042649e-04 1.40868818810134335e-06
 3.17408333333333360e+02 3.18149999999999977e+02 3.23896418370595008e-04 1.33781457245902288e-06
 3.18149999999999977e+02 3.18891666666666652e+02 3.23209314809343987e-04 1.40430525925145800e-06
 3.18891666666666652e+02 3.19633333333333326e+02 3.17180696441670903e-04 1.37936667000732206e-06
 3.19633333333333326e+02 3.20375000000000000e+02 3.16400240083444600e-04 1.39693427593272055e-06
 3.20375000000000000e+02 3.21116666666666674e+02 3.15178612641153137e-04 1.45727640893913759e-06
 3.21116666666666674e+02 3.21858333333333348e+02 3.09281499754459341e-04 1.35581419329700377e-06
 3.21858333333333348e+02 3.22600000000000023e+02 3.06575298783573469e-04 1.40655925099661854e-06
 3.22600000000000023e+02 3.23341666666666640e+02 3.02329679751682349e-04 1.33470986135227358e-06
 3.23341666666666640e+02 3.24083333333333314e+02 2.97376332978375579e-04 1.36292340325306188e-06
 3.24083333333333314e+02 3.24824999999999989e+02 2.96535618725579187e-04 1.38605110186549543e-06
 3.24824999999999989e+02 3.25566666666666663e+02 2.93935914580507787e-04 1.63925699308817875e-06
 3.25566666666666663e+02 3.26308333333333337e+02 2.89124740325964844e-04 1.33309627183712194e-06
 3.26308333333333337e+02 3.27050000000000011e+02 2.87867046939064045e-04 1.34634006678243292e-06
 3.27050000000000011e+02 3.27791666666666686e+02 2.85359195108937473e-04 1.41830636918472323e-06
 3.27791666666666686e+02 3.28533333333333360e+02 2.81050364159000021e-04 1.31740496244151791e-06
 3.28533333333333360e+02 3.29274999999999977e+02 2.76424620695396822e-04 1.33673802600111038e-06
 3.29274999999999977e+02 3.30016666666666652e+02 2.74615278202798986e-04 1.33306263677082707e-06
 3.30016666666666652e+02 3.30758333333333326e+02 2.72718127113927701e-04 1.71028492839638359e-06
 3.30758333333333326e+02 3.31500000000000000e+02 2.67931636261107718e-04 1.31371536657276374e-06
 3.31500000000000000e+02 3.32241666666666674e+02 2.64973451021798413e-04 1.29837020049723019e-06
 3.32241666666666674e+02 3.32983333333333348e+02 2.63129367865813624e-04 1.59327099959920106e-06
 3.32983333333333348e+02 3.33725000000000023e+02 2.59610149736547342e-04 1.78740702955074867e-06
 3.33725000000000023e+02 3.34466666666666640e+02 2.57130899899312782e-04 1.29834592435243163e-06
 3.34466666666666640e+02 3.35208333333333314e+02 2.57461968558100971e-04 1.25739431004105646e-06
 3.35208333333333314e+02 3.35949999999999989e+02 2.49388891848253470e-04 1.24396772627694155e-06
 3.35949999999999989e+02 3.36691666666666663e+02 2.53863169320070936e-04 1.67510246923472344e-06
 3.36691666666666663e+02 3.37433333333333337e+02 2.50920648739274340e-04 1.35156034873319940e-06
 3.37433333333333337e+02 3.38175000000000011e+02 2.47034983368801244e-04 1.22440265237540179e-06
 3.38175000000000011e+02 3.38916666666666686e+02 2.42419410155967686e-04 1.34026907100605950e-06
 3.38916666666666686e+02 3.39658333333333360e+02 2.40096863531699244e-04 1.21420447756876165e-06
 3.39658333333333360e+02 3.40399999999999977e+02 2.37832781259828067e-04 1.27528462507379639e-06
 3.40399999999999977e+02 3.41141666666666652e+02 2.37140316529148943e-04 1.28366784837813534e-06
 3.41141666666666652e+02 3.41883333333333326e+02 2.33415439410094384e-04 1.28098500607498055e-06
 3.41883333333333326e+02 3.42625000000000000e+02 2.31093567876466044e-04 1.32420002972942429e-06
 3.42625000000000000e+02 3.43366666666666674e+02 2.28968385804607060e-04 1.22619617516035139e-06
 3.43366666666666674e+02 3.44108333333333348e+02 2.28506021706203306e-04 1.29842672684326079e-06
 3.44108333333333348e+02 3.44850000000000023e+02 2.25436338495324951e-04 1.21298580786532795e-06
 3.44850000000000023e+02 3.45591666666666640e+02 2.22923694190089316e-04 1.24946393342945163e-06
 3.45591666666666640e+02 3.46333333333333314e+02 2.21131311298442110e-04 1.24735506622695291e-06
 3.46333333333333314e+02 3.47074999999999989e+02 2.19058179459558192e-04 1.23681027967233481e-06
 3.47074999999999989e+02 3.47816666666666663e+02 2.20265959547927558e-04 1.31747355665120919e-06
 3.47816666666666663e+02 3.48558333333333337e+02 2.14882535355093488e-04 1.25400040223515028e-06
 3.48558333333333337e+02 3.49300000000000011e+02 2.14540059172063776e-04 1.25674051878450856e-06
 3.49300000000000011e+02 3.50041666666666686e+02 2.08102610863583940e-04 1.19045982394090275e-06
 3.50041666666666686e+02 3.50783333333333360e+02 2.11241555819615491e-04 1.25602749746261025e-06
 3.50783333333333360e+02 3.51524999999999977e+02 2.10656488638964046e-04 1.28589752274079781e-06
 3.51524999999999977e+02 3.52266666666666652e+02 2.04884217035840674e-04 1.26323608158351607e-06
 3.52266666666666652e+02 3.53008333333333326e+02 2.06343661397520735e-04 1.26428178081847787e-06
 3.53008333333333326e+02 3.53750000000000000e+02 2.03456806906048704e-04 1.28483969790914997e-06
 3.53750000000000000e+02 3.54491666666666674e+02 2.02341648773779063e-04 1.49593169322182271e-06
 3.54491666666666674e+02 3.55233333333333348e+02 2.01835983052314202e-04 1.25679311585467624e-06
 3.55233333333333348e+02 3.55975000000000023e+02 1.98574772361925501e-04 1.41893369601049318e-06
 3.55975000000000023e+02 3.56716666666666640e+02 1.98439274654942170e-04 1.26826182911186544e-06
 3.56716666666666640e+02 3.57458333333333314e+02 1.94433080805616714e-04 1.31578861767020748e-06
 3.57458333333333314e+02 3.58199999999999989e+02 1.93644809850928022e-04 1.25399919883583182e-06
 3.58199999999999989e+02 3.58941666666666663e+02 1.92398394930020581e-04 1.36832872498200797e-06
 3.58941666666666663e+02 3.59683333333333337e+02 1.92334903633406470e-04 1.27551358593791318e-06
 3.59683333333333337e+02 3.60425000000000011e+02 1.89089640814345982e-04 1.14190013991218588e-06
 3.60425000000000011e+02 3.61166666666666686e+02 1.85816707242058481e-04 1.19374899168395777e-06
 3.61166666666666686e+02 3.61908333333333360e+02 1.87009954978048135e-04 1.22846940667621092e-06
 3.61908333333333360e+02 3.62649999999999977e+02 1.83069955064879347e-04 1.16799761583339424e-06
 3.62649999999999977e+02 3.63391666666666652e+02 1.81534249814022103e-04 1.19097511349910648e-06
 3.63391666666666652e+02 3.64133333333333326e+02 1.82802246469347457e-04 1.21554065802642165e-06
 3.64133333333333326e+02 3.64875000000000000e+02 1.78957491314360738e-04 1.25133820230737774e-06
 3.64875000000000000e+02 3.65616666666666674e+02 1.78730926224428987e-04 1.31175969769856597e-06
 3.65616666666666674e+02 3.66358333333333348e+02 1.78696647141575704e-04 1.15574843918885114e-06
 3.66358333333333348e+02 3.67100000000000023e+02 1.76073775515057831e-04 1.20345347959892060e-06
 3.67100000000000023e+02 3.67841666666666640e+02 1.72648692407840473e-04 1.16648587265492330e-06
 3.67841666666666640e+02 3.68583333333333314e+02 1.72718262465339863e-04 1.27558066231859139e-06
 3.68583333333333314e+02 3.69324999999999989e+02 1.72149256608989260e-04 1.18885103225621539e-06
 3.69324999999999989e+02 3.70066666666666663e+02 1.70325075772552762e-04 1.18866380604093387e-06
 3.70066666666666663e+02 3.70808333333333337e+02 1.69337448538015684e-04 1.16671547856192443e-06
 3.70808333333333337e+02 3.71550000000000011e+02 1.70978801387933324e-04 1.70486880608962424e-06
 3.71550000000000011e+02 3.72291666666666686e+02 1.65527593344257275e-04 1.16054284857982131e-06
 3.72291666666666686e+02 3.73033333333333360e+02 1.67715476886705692e-04 1.20270543116213486e-06
 3.73033333333333360e+02 3.73774999999999977e+02 1.64753898873838548e-04 1.28586201109355711e-06
 3.73774999999999977e+02 3.74516666666666652e+02 1.63114661575404848e-04 1.28142436789423651e-06
 3.74516666666666652e+02 3.75258333333333326e+02 1.62585455324739449e-04 1.19769014837875547e-06
 3.75258333333333326e+02 3.76000000000000000e+02 1.60700753085847185e-04 1.18171846646781409e-06
 3.76000000000000000e+02 3.76741666666666674e+02 1.60616742499968663e-04 1.30851005987631192e-06
 3.76741666666666674e+02 3.77483333333333348e+02 1.56889971063892825e-04 1.16895050907783734e-06
 3.77483333333333348e+02 3.78225000000000023e+02 1.57312839400320465e-04 1.20585893665369353e-06
 3.78225000000000023e+02 3.78966666666666640e+02 1.55845310661780964e-04 1.25793542922183659e-06
 3.78966666666666640e+02 3.79708333333333314e+02 1.55165963115108305e-04 1.14292009853126198e-06
 3.79708333333333314e+02 3.80449999999999989e+02 1.59194835016727564e-04 7.63310363665964965e-06
 3.80449999999999989e+02 3.81191666666666663e+02 1.54159893166197590e-04 1.25740239632307386e-06
 3.81191666666666663e+02 3.81933333333333337e+02 1.51656874682108792e-04 1.14397059394775144e-06
 3.81933333333333337e+02 3.82675000000000011e+02 1.48923150131482005e-04 1.12318490848687178e-06
 3.82675000000000011e+02 3.83416666666666686e+02 1.48902692989491114e-04 1.24138070982329812e-06
 3.83416666666666686e+02 3.84158333333333360e+02 1.52112959533003573e-04 1.65475630623771527e-06
 3.84158333333333360e+02 3.84899999999999977e+02 1.47234003929313736e-04 1.16695921294504299e-06
 3.84899999999999977e+02 3.85641666666666652e+02 1.44937570576168058e-04 1.23231534517650696e-06
 3.85641666666666652e+02 3.86383333333333326e+02 1.45505274872333618e-04 1.15619268400288497e-06
 3.86383333333333326e+02 3.87125000000000000e+02 1.44125011947404729e-04 1.17304519303630422e-06
 3.87125000000000000e+02 3.87866666666666674e+02 1.42508674165881850e-04 1.26093542410485255e-06
 3.87866666666666674e+02 3.88608333333333348e+02 1.42508738363518125e-04 1.21475644853886032e-06
 3.88608333333333348e+02 3.89350000000000023e+02 1.40967449359037916e-04 1.19390549699258131e-06
 3.89350000000000023e+02 3.90091666666666640e+02 1.41143952164385085e-04 1.30106333739809343e-06
 3.90091666666666640e+02 3.90833333333333314e+02 1.39500889361379195e-04 1.23124077336843557e-06
 3.90833333333333314e+02 3.91574999999999989e+02 1.38824178683558737e-04 1.33179273334280260e-06
 3.91574999999999989e+02 3.92316666666666663e+02 1.38641503674505426e-04 1.31256506582495477e-06
 3.92316666666666663e+02 3.93058333333333337e+02 1.36240491662552803e-04 1.09936848772549785e-06
 3.93058333333333337e+02 3.93800000000000011e+02 1.36215362127722634e-04 1.21766468852625694e-06
 3.93800000000000011e+02 3.94541666666666686e+02 1.37674017948820419e-04 1.29319682981290218e-06
 3.94541666666666686e+02 3.95283333333333360e+02 1.35086307308167060e-04 1.23822381714928718e-06
 3.95283333333333360e+02 3.96024999999999977e+02 1.34131874271097500e-04 1.17994433546914457e-06
 3.96024999999999977e+02 3.96766666666666652e+02 1.33594302116309545e-04 1.29107528646810465e-06
 3.96766666666666652e+02 3.97508333333333326e+02 1.32479097248245416e-04 1.24220649024667355e-06
 3.97508333333333326e+02 3.98250000000000000e+02 1.30162143409666431e-04 1.14019776882551880e-06
 3.98250000000000000e+02 3.98991666666666674e+02 1.30779968880350409e-04 1.15474660845879075e-06
 3.98991666666666674e+02 3.99733333333333348e+02 1.29058004122203647e-04 1.13835579757045174e-06
 3.99733333333333348e+02 4.00475000000000023e+02 1.29076481185613214e-04 1.25305722058846952e-06
 4.00475000000000023e+02 4.01216666666666640e+02 1.26059521228230533e-04 1.14527629870798917e-06
 4.01216666666666640e+02 4.01958333333333314e+02 1.29133990372483240e-04 1.32416207488521425e-06
 4.01958333333333314e+02 4.02699999999999989e+02 1.24519241651543629e-04 1.14916413479287563e-06
 4.02699999999999989e+02 4.03441666666666663e+02 1.27718549958112388e-04 1.24807821692247323e-06
 4.03441666666666663e+02 4.04183333333333337e+02 1.27339880250884412e-04 1.25045559571407662e-06
 4.04183333333333337e+02 4.04925000000000011e+02 1.23684104610892421e-04 1.23821855913591358e-06
 4.04925000000000011e+02 4.05666666666666686e+02 1.29066153151778396e-04 2.70790082787620654e-06
 4.05666666666666686e+02 4.06408333333333360e+02 1.22454102345910830e-04 1.17552396783909606e-06
 4.06408333333333360e+02 4.07149999999999977e+02 1.21164067337109759e-04 1.15292135651970699e-06
 4.07149999999999977e+02 4.07891666666666652e+02 1.22882284102881459e-04 1.22049268020715517e-06
 4.07891666666666652e+02 4.08633333333333326e+02 1.21293518726268542e-04 1.25406383112628263e-06
 4.08633333333333326e+02 4.09375000000000000e+02 1.18546556591337066e-04 1.22869827339143761e-06
 4.09375000000000000e+02 4.10116666666666674e+02 1.20438254612708603e-04 1.41927855091966435e-06
 4.10116666666666674e+02 4.10858333333333348e+02 1.17619026907693128e-04 1.18020678780210875e-06
 4.10858333333333348e+02 4.11600000000000023e+02 1.20817780014727415e-04 1.45593178230317130e-06
 4.11600000000000023e+02 4.12341666666666640e+02 1.17552385107232537e-04 1.19443787903280053e-06
 4.12341666666666640e+02 4.13083333333333314e+02 1.19684228026174238e-04 1.27031921568428115e-06
 4.13083333333333314e+02 4.13824999999999989e+02 1.18531002677765962e-04 1.21778243485839910e-06
 4.13824999999999989e+02 4.14566666666666663e+02 1.18071662119693913e-04 1.33982672740847903e-06
 4.14566666666666663e+02 4.15308333333333337e+02 1.16501785174290807e-04 1.27706151682720705e-06
 4.15308333333333337e+02 4.16050000000000011e+02 1.15554129931221461e-04 1.35598231393877945e-06
 4.16050000000000011e+02 4.16791666666666686e+02 1.14159494888599640e-04 1.23576168838807389e-06
 4.16791666666666686e+02 4.17533333333333360e+02 1.14822554093568031e-04 1.32281088029718441e-06
 4.17533333333333360e+02 4.18274999999999977e+02 1.14576385068367853e-04 1.53590749674530627e-06
 4.18274999999999977e+02 4.19016666666666652e+02 1.12355938067760207e-04 1.25845189976040414e-06
 4.19016666666666652e+02 4.19758333333333326e+02 1.10203411102081754e-04 1.33377870363616852e-06
 4.19758333333333326e+02 4.20500000000000000e+02 1.12932223937387590e-04 1.50627399074962709e-06
 4.20500000000000000e+02 4.21241666666666674e+02 1.08926172211718661e-04 1.19540793929429262e-06
 4.21241666666666674e+02 4.21983333333333348e+02 1.10163549759375633e-04 1.33264910562984406e-06
 4.21983333333333348e+02 4.22725000000000023e+02 1.10435517498413122e-04 1.32562194179216632e-06
 4.22725000000000023e+02 4.23466666666666640e+02 1.09031906022504763e-04 1.35457300826947489e-06
 4.23466666666666640e+02 4.24208333333333314e+02 1.08004853767222533e-04 1.17689302034113150e-06
 4.24208333333333314e+02 4.24949999999999989e+02 1.07996494015838925e-04 1.29432051275675439e-06
 4.24949999999999989e+02 4.25691666666666663e+02 1.07823157190362317e-04 1.30166765554554983e-06
 4.25691666666666663e+02 4.26433333333333337e+02 1.09402880615306188e-04 2.13650672022281966e-06
 4.26433333333333337e+02 4.27175000000000011e+02 1.04589761207360367e-04 1.23762546671317005e-06
 4.27175000000000011e+02 4.27916666666666686e+02 1.06913830510533254e-04 1.28558251173678039e-06
 4.27916666666666686e+02 4.28658333333333360e+02 1.07390557322863180e-04 1.33146414853391393e-06
 4.28658333333333360e+02 4.29399999999999977e+02 1.03041166425768354e-04 1.24487875921149869e-06
 4.29399999999999977e+02 4.30141666666666652e+02 1.00682872225349952e-04 1.26558284487384601e-06
 4.30141666666666652e+02 4.30883333333333326e+02 1.02033377806702282e-04 1.32453586274765359e-06
 4.30883333333333326e+02 4.31625000000000000e+02 1.04980428299626845e-04 1.40981358102074666e-06
 4.31625000000000000e+02 4.32366666666666674e+02 1.00403120852650946e-04 1.52774842688066345e-06
 4.32366666666666674e+02 4.33108333333333348e+02 9.74887925410233678e-05 1.20269497199722969e-06
 4.33108333333333348e+02 4.33850000000000023e+02 1.00484865069425716e-04 1.22620300567413277e-06
 4.33850000000000023e+02 4.34591666666666640e+02 9.96406651628714394e-05 1.34634963404186628e-06
 4.34591666666666640e+02 4.35333333333333314e+02 9.97768809938727854e-05 1.25094365754449865e-06
 4.35333333333333314e+02 4.36074999999999989e+02 9.80951529879840858e-05 1.31408038691342323e-06
 4.36074999999999989e+02 4.36816666666666663e+02 9.75494907648684925e-05 1.27661047520026461e-06
 4.36816666666666663e+02 4.37558333333333337e+02 9.77973252662420265e-05 1.26441651075386216e-06
 4.37558333333333337e+02 4.38300000000000011e+02 9.62405923564981218e-05 1.32674014358939684e-06
 4.38300000000000011e+02 4.39041666666666686e+02 9.89335958540134378e-05 1.63091320218695368e-06
 4.39041666666666686e+02 4.39783333333333360e+02 9.31987626807413407e-05 1.39913909510791953e-06
 4.39783333333333360e+02 4.40524999999999977e+02 9.52848321626316273e-05 1.38665305321003162e-06
 4.40524999999999977e+02 4.41266666666666652e+02 9.29308270096279273e-05 1.35288169170017964e-06
 4.41266666666666652e+02 4.42008333333333326e+02 9.23361486426877223e-05 1.44899250800432363e-06
 4.42008333333333326e+02 4.42750000000000000e+02 9.16813216838775931e-05 1.39201017178860432e-06
 4.42750000000000000e+02 4.43491666666666674e+02 9.06672201914627510e-05 1.42651052335159848e-06
 4.43491666666666674e+02 4.44233333333333348e+02 9.24451926062078112e-05 1.94866830035333372e-06
 4.44233333333333348e+02 4.44975000000000023e+02 9.05451113417804758e-05 1.52526797752152477e-06
 4.44975000000000023e+02 4.45716666666666640e+02 8.85845711817263376e-05 1.45146955744190555e-06
 4.45716666666666640e+02 4.46458333333333314e+02 8.92115551350850330e-05 1.44297924044326512e-06
 4.46458333333333314e+02 4.47199999999999989e+02 8.69381142162216315e-05 1.57260912831874915e-06
 4.47199999999999989e+02 4.47941666666666663e+02 8.60792114880178945e-05 1.55292613777576130e-06
 4.47941666666666663e+02 4.48683333333333337e+02 8.56719913015946980e-05 1.52378341433843043e-06
 4.48683333333333337e+02 4.49425000000000011e+02 8.49427320813764101e-05 1.90801472503743519e-06
 4.49425000000000011e+02 4.50166666666666686e+02 8.35963326362954516e-05 1.45875691784943789e-06
 4.50166666666666686e+02 4.50908333333333360e+02 8.10487197865218494e-05 1.66971814161316665e-06
 4.50908333333333360e+02 4.51649999999999977e+02 7.85314585122337934e-05 1.49530100713684119e-06
 4.51649999999999977e+02 4.52391666666666652e+02 7.92322533173204921e-05 1.58007669296619192e-06
 4.52391666666666652e+02 4.53133333333333326e+02 8.11948860458293266e-05 1.94619378361518997e-06
 4.53133333333333326e+02 4.53875000000000000e+02 7.65089552366447821e-05 1.73898839049106483e-06
 4.53875000000000000e+02 4.54616666666666674e+02 7.22604701262859666e-05 1.63877129891416089e-06
 4.54616666666666674e+02 4.55358333333333348e+02 7.38972616612051822e-05 1.89715214118888830e-06
 4.55358333333333348e+02 4.56100000000000023e+02 6.92728647728338100e-05 1.86017260186536192e-06
 4.56100000000000023e+02 4.56841666666666640e+02 6.82277174694518739e-05 1.87442515265517699e-06
 4.56841666666666640e+02 4.57583333333333314e+02 6.38362340196937906e-05 1.79827329430171240e-06
 4.57583333333333314e+02 4.58324999999999989e+02 6.40873712324273244e-05 1.85105470873240607e-06
 4.58324999999999989e+02 4.59066666666666663e+02 6.15314000558946794e-05 2.16709997293086155e-06
 4.59066666666666663e+02 4.59808333333333337e+02 5.50503149682867119e-05 2.00704532067309355e-06
 4.59808333333333337e+02 4.60550000000000011e+02 4.67992965015829129e-05 2.05211491467552943e-06
 4.60550000000000011e+02 4.61291666666666686e+02 2.52436757064840404e-05 1.56886814438928489e-06
 4.61291666666666686e+02 4.62033333333333360e+02 0.00000000000000000e+00 0.00000000000000000e+00
 4.62033333333333360e+02 4.62774999999999977e+02 0.00000000000000000e+00 0.00000000000000000e+00
 4.62774999999999977e+02 4.63516666666666652e+02 0.00000000000000000e+00 0.00000000000000000e+00
 4.63516666666666652e+02 4.64258333333333326e+02 0.00000000000000000e+00 0.00000000000000000e+00
 4.64258333333333326e+02 4.65000000000000000e+02 0.00000000000000000e+00 0.00000000000000000e+00

Histogram:lthg
 5.00000000000000000e+01 5.01333333333333329e+01 3.33744199984067989e-03 2.29187220175119503e-05
 5.01333333333333329e+01 5.02666666666666657e+01 3.35323787112034623e-03 2.54809323772755723e-05
 5.02666666666666657e+01 5.03999999999999986e+01 3.34290700166677522e-03 2.02512894060145201e-05
 5.03999999999999986e+01 5.05333333333333314e+01 3.32698863188021473e-03 1.84584721259875006e-05
 5.05333333333333314e+01 5.06666666666666643e+01 3.32627514805495985e-03 1.56090622653448906e-05
 5.06666666666666643e+01 5.07999999999999972e+01 3.31252254113641089e-03 1.45935189310418352e-05
 5.07999999999999972e+01 5.09333333333333300e+01 3.34978524510070892e-03 1.52919904909604535e-05
 5.09333333333333300e+01 5.10666666666666700e+01 3.35065255606031322e-03 1.43714373285035162e-05
 5.10666666666666700e+01 5.12000000000000028e+01 3.30370140724855696e-03 1.27405795410031931e-05
 5.12000000000000028e+01 5.13333333333333357e+01 3.33710231873584739e-03 1.40532156088560804e-05
 5.13333333333333357e+01 5.14666666666666686e+01 3.33620224361423504e-03 1.34444758715565329e-05
 5.14666666666666686e+01 5.16000000000000014e+01 3.32894886424577995e-03 1.91722953851339641e-05
 5.16000000000000014e+01 5.17333333333333343e+01 3.32189948784495205e-03 1.21284014486646294e-05
 5.17333333333333343e+01 5.18666666666666671e+01 3.32699499066476615e-03 1.44827868630209530e-05
 5.18666666666666671e+01 5.20000000000000000e+01 3.31115079664631544e-03 1.13469703693912660e-05
 5.20000000000000000e+01 5.21333333333333329e+01 3.30828305115329901e-03 1.10111972454819954e-05
 5.21333333333333329e+01 5.22666666666666657e+01 3.33224107778159031e-03 1.13346667717875263e-05
 5.22666666666666657e+01 5.23999999999999986e+01 3.34517070639471156e-03 1.14192737255363408e-05
 5.23999999999999986e+01 5.25333333333333314e+01 3.35441906716365526e-03 1.28916605767948624e-05
 5.25333333333333314e+01 5.26666666666666643e+01 3.32403623992657844e-03 1.07440469282456276e-05
 5.26666666666666643e+01 5.27999999999999972e+01 3.33744297656405351e-03 1.14880053790771978e-05
 5.27999999999999972e+01 5.29333333333333300e+01 3.31378576388671438e-03 1.05084113177924073e-05
 5.29333333333333300e+01 5.30666666666666700e+01 3.32570979273456553e-03 1.09392373576987150e-05
 5.30666666666666700e+01 5.32000000000000028e+01 3.32322561171246970e-03 1.05023903004752062e-05
 5.32000000000000028e+01 5.33333333333333357e+01 3.32253005050178567e-03 1.23926132748031662e-05
 5.33333333333333357e+01 5.34666666666666686e+01 3.33072247283381804e-03 1.24476906559438055e-05
 5.34666666666666686e+01 5.36000000000000014e+01 3.33040320924655759e-03 1.23910177648389303e-05
 5.36000000000000014e+01 5.37333333333333343e+01 3.30002956218059538e-03 1.02321283176822393e-05
 5.37333333333333343e+01 5.38666666666666671e+01 3.31531846989311643e-03 1.11892602045225463e-05
 5.38666666666666671e+01 5.40000000000000000e+01 3.29857041990914935e-03 1.05735780886018008e-05
 5.40000000000000000e+01 5.41333333333333329e+01 3.33321685978382309e-03 1.14058677526409611e-05
 5.41333333333333329e+01 5.42666666666666657e+01 3.33489211250445053e-03 1.28944146597722176e-05
 5.42666666666666657e+01 5.43999999999999986e+01 3.33124001306389986e-03 1.78412733907348697e-05
 5.43999999999999986e+01 5.45333333333333314e+01 3.33519640313306807e-03 1.17582828387737523e-05
 5.45333333333333314e+01 5.46666666666666643e+01 3.32425428994238001e-03 1.03354740043340288e-05
 5.46666666666666643e+01 5.47999999999999972e+01 3.31918217506121504e-03 1.02366037740230621e-05
 5.47999999999999972e+01 5.49333333333333371e+01 3.31275613932898935e-03 1.01492046045860243e-05
 5.49333333333333371e+01 5.50666666666666629e+01 3.32563869338130084e-03 1.08390176194021471e-05
 5.50666666666666629e+01 5.52000000000000028e+01 3.33110020997103495e-03 1.32453555682821433e-05
 5.52000000000000028e+01 5.53333333333333357e+01 3.31205594316394186e-03 1.00954266956545505e-05
 5.53333333333333357e+01 5.54666666666666686e+01 3.31639535862069887e-03 1.01788305486669386e-05
 5.54666666666666686e+01 5.56000000000000014e+01 3.31801602311108381e-03 1.01396442375603942e-05
 5.56000000000000014e+01 5.57333333333333343e+01 3.33511545586374653e-03 2.08850832687757662e-05
 5.57333333333333343e+01 5.58666666666666671e+01 3.32379423453334384e-03 1.07298976956792935e-05
 5.58666666666666671e+01 5.60000000000000000e+01 3.32358542950810442e-03 1.02712949952067175e-05
 5.60000000000000000e+01 5.61333333333333329e+01 3.30122390085918135e-03 1.01893360889792332e-05
 5.61333333333333329e+01 5.62666666666666657e+01 3.33195964208527319e-03 1.07094221206448929e-05
 5.62666666666666657e+01 5.63999999999999986e+01 3.32085013660255758e-03 1.00103568360468465e-05
 5.63999999999999986e+01 5.65333333333333314e+01 3.31626839575692705e-03 9.83539952963225438e-06
 5.65333333333333314e+01 5.66666666666666643e+01 3.34243732562446334e-03 1.73716569944675204e-05
 5.66666666666666643e+01 5.67999999999999972e+01 3.30574356809427549e-03 1.03474376379205565e-05
 5.67999999999999972e+01 5.69333333333333371e+01 3.32032234448929485e-03 9.84929907044108912e-06
 5.69333333333333371e+01 5.70666666666666629e+01 3.32359241571547354e-03 1.02101868312807273e-05
 5.70666666666666629e+01 5.72000000000000028e+01 3.31658947793507823e-03 1.04864653953861685e-05
 5.72000000000000028e+01 5.73333333333333357e+01 3.31433281145153370e-03 1.09478906458750279e-05
 5.73333333333333357e+01 5.74666666666666686e+01 3.35586943163855914e-03 4.34496636063491830e-05
 5.74666666666666686e+01 5.76000000000000014e+01 3.32649250211673828e-03 1.09617500902835060e-05
 5.76000000000000014e+01 5.77333333333333343e+01 3.30749990966610176e-03 1.07126185532706359e-05
 5.77333333333333343e+01 5.78666666666666671e+01 3.31618615230327074e-03 1.01038003714011484e-05
 5.78666666666666671e+01 5.80000000000000000e+01 3.30757294430670265e-03 1.04708300519002991e-05
 5.80000000000000000e+01 5.81333333333333329e+01 3.32460133409650084e-03 9.80380964305986023e-06
 5.81333333333333329e+01 5.82666666666666657e+01 3.32022926536154573e-03 1.18888112318688866e-05
 5.82666666666666657e+01 5.83999999999999986e+01 3.30621464330741474e-03 1.12023252263498391e-05
 5.83999999999999986e+01 5.85333333333333314e+01 3.31068716432449030e-03 1.03224715172728638e-05
 5.85333333333333314e+01 5.86666666666666643e+01 3.34048209984099407e-03 1.47195865635904990e-05
 5.86666666666666643e+01 5.87999999999999972e+01 3.32075971151795735e-03 1.08251992571190144e-05
 5.87999999999999972e+01 5.89333333333333371e+01 3.31316749149019674e-03 9.54338211366133007e-06
 5.89333333333333371e+01 5.90666666666666629e+01 3.32095552407324314e-03 1.01462842265620732e-05
 5.90666666666666629e+01 5.92000000000000028e+01 3.32785503326410827e-03 1.03385614015188005e-05
 5.92000000000000028e+01 5.93333333333333357e+01 3.31133152181976344e-03 1.07501217233212016e-05
 5.93333333333333357e+01 5.94666666666666686e+01 3.33308624425708317e-03 1.13221368272111410e-05
 5.94666666666666686e+01 5.96000000000000014e+01 3.33963241920331912e-03 1.06894144933157405e-05
 5.96000000000000014e+01 5.97333333333333343e+01 3.31156805556280390e-03 9.59209953082067055e-06
 5.97333333333333343e+01 5.98666666666666671e+01 3.33383356995473057e-03 1.09569194515519839e-05
 5.98666666666666671e+01 6.00000000000000000e+01 3.32046743393322064e-03 1.00805848368822612e-05
 6.00000000000000000e+01 6.01333333333333329e+01 3.30987851293498012e-03 9.61882161287064925e-06
 6.01333333333333329e+01 6.02666666666666657e+01 3.32371320990673290e-03 9.77385666263526820e-06
 6.02666666666666657e+01 6.03999999999999986e+01 3.30367270582992371e-03 1.00097554302666508e-05
 6.03999999999999986e+01 6.05333333333333314e+01 3.31341037538459291e-03 9.63253162758806718e-06
 6.05333333333333314e+01 6.06666666666666643e+01 3.30798572768298445e-03 9.78175479514471274e-06
 6.06666666666666643e+01 6.07999999999999972e+01 3.32498235955030032e-03 1.09837145898513129e-05
 6.07999999999999972e+01 6.09333333333333371e+01 3.33357757260328976e-03 1.09747619500635416e-05
 6.09333333333333371e+01 6.10666666666666629e+01 3.32895004859683728e-03 1.02815884113198400e-05
 6.10666666666666629e+01 6.12000000000000028e+01 3.32344442653594117e-03 1.33201394613079020e-05
 6.12000000000000028e+01 6.13333333333333357e+01 3.32477806912587562e-03 9.31157078887336661e-06
 6.13333333333333357e+01 6.14666666666666686e+01 3.31033303354085319e-03 9.74962625647816467e-06
 6.14666666666666686e+01 6.16000000000000014e+01 3.32927118453743304e-03 1.08968962082942563e-05
 6.16000000000000014e+01 6.17333333333333343e+01 3.31816181473854142e-03 9.66438546967095584e-06
 6.17333333333333343e+01 6.18666666666666671e+01 3.33577712747828775e-03 1.04396197488248975e-05
 6.18666666666666671e+01 6.20000000000000000e+01 3.35079972821387311e-03 1.40908604894642649e-05
 6.20000000000000000e+01 6.21333333333333329e+01 3.32068833956088378e-03 1.42401007159708221e-05
 6.21333333333333329e+01 6.22666666666666657e+01 3.33220592776727444e-03 9.63038721244846830e-06
 6.22666666666666657e+01 6.23999999999999986e+01 3.34005095324766419e-03 9.71901949847105941e-06
 6.23999999999999986e+01 6.25333333333333314e+01 3.33044800472131423e-03 9.85920503205211034e-06
 6.25333333333333314e+01 6.26666666666666643e+01 3.32585146704947321e-03 1.07111934830704818e-05
 6.26666666666666643e+01 6.27999999999999972e+01 3.31454561755899430e-03 1.03957091407133762e-05
 6.27999999999999972e+01 6.29333333333333371e+01 3.33842042283715931e-03 1.11198002854401047e-05
 6.29333333333333371e+01 6.30666666666666629e+01 3.33836427397668977e-03 1.00670894967420912e-05
 6.30666666666666629e+01 6.32000000000000028e+01 3.33130997711579254e-03 9.66408238525727979e-06
 6.32000000000000028e+01 6.33333333333333357e+01 3.31490672997348124e-03 9.71660271567122540e-06
 6.33333333333333357e+01 6.34666666666666686e+01 3.32465686531471447e-03 9.66354640707944257e-06
 6.34666666666666686e+01 6.36000000000000014e+01 3.36102971226667421e-03 1.92747709827199124e-05
 6.36000000000000014e+01 6.37333333333333343e+01 3.33201039649589541e-03 1.06056716720947462e-05
 6.37333333333333343e+01 6.38666666666666671e+01 3.32414593244519628e-03 1.29298548380119588e-05
 6.38666666666666671e+01 6.40000000000000000e+01 3.31013669529347989e-03 9.49637836885177689e-06
 6.40000000000000000e+01 6.41333333333333258e+01 3.33172911667139939e-03 9.78069477144738416e-06
 6.41333333333333258e+01 6.42666666666666657e+01 3.32763683476018689e-03 1.00160043963229057e-05
 6.42666666666666657e+01 6.44000000000000057e+01 3.33799496931585496e-03 9.53666855367358120e-06
 6.44000000000000057e+01 6.45333333333333314e+01 3.32648978394888299e-03 9.74209581332828226e-06
 6.45333333333333314e+01 6.46666666666666714e+01 3.31580530715926917e-03 9.33659441663022615e-06
 6.46666666666666714e+01 6.47999999999999972e+01 3.33542658580354050e-03 9.48748785242673751e-06
 6.47999999999999972e+01 6.49333333333333371e+01 3.35023974401245329e-03 1.00006602432908962e-05
 6.49333333333333371e+01 6.50666666666666629e+01 3.33790597396279535e-03 9.92468551642322552e-06
 6.50666666666666629e+01 6.52000000000000028e+01 3.32360218276756903e-03 1.00482497374815993e-05
 6.52000000000000028e+01 6.53333333333333286e+01 3.34163876464220726e-03 9.59998112661882441e-06
 6.53333333333333286e+01 6.54666666666666686e+01 3.32619607636589799e-03 1.02090345027023004e-05
 6.54666666666666686e+01 6.55999999999999943e+01 3.33069823571395876e-03 1.84438128225985275e-05
 6.55999999999999943e+01 6.57333333333333343e+01 3.34117219712687288e-03 9.64437277532286563e-06
 6.57333333333333343e+01 6.58666666666666742e+01 3.33035043845620769e-03 9.16627145119102679e-06
 6.58666666666666742e+01 6.60000000000000000e+01 3.34235234723792010e-03 1.25402651484044331e-05
 6.60000000000000000e+01 6.61333333333333258e+01 3.32461663981389963e-03 9.28672824116093606e-06
 6.61333333333333258e+01 6.62666666666666657e+01 3.31775539443327329e-03 1.01698686510647308e-05
 6.62666666666666657e+01 6.64000000000000057e+01 3.33977167117722627e-03 9.32343277459026851e-06
 6.64000000000000057e+01 6.65333333333333314e+01 3.33969078919918059e-03 1.16321486367422488e-05
 6.65333333333333314e+01 6.66666666666666714e+01 3.35394773082997935e-03 1.04741372523723365e-05
 6.66666666666666714e+01 6.67999999999999972e+01 3.33095757789135570e-03 9.68605287094041900e-06
 6.67999999999999972e+01 6.69333333333333371e+01 3.34116399770832467e-03 1.16240902890633649e-05
 6.69333333333333371e+01 6.70666666666666629e+01 3.33901313422738620e-03 1.04274484630350812e-05
 6.70666666666666629e+01 6.72000000000000028e+01 3.33155685847947051e-03 9.77084975536061821e-06
 6.72000000000000028e+01 6.73333333333333286e+01 3.35277830394793003e-03 1.03944879696137305e-05
 6.73333333333333286e+01 6.74666666666666686e+01 3.32482290239007310e-03 1.00093127689672724e-05
 6.74666666666666686e+01 6.75999999999999943e+01 3.33887299877209725e-03 9.91600497429252627e-06
 6.75999999999999943e+01 6.77333333333333343e+01 3.33503982070746307e-03 9.61574126089466951e-06
 6.77333333333333343e+01 6.78666666666666742e+01 3.34298348408805122e-03 1.03202095530783685e-05
 6.78666666666666742e+01 6.80000000000000000e+01 3.31497916158381666e-03 9.08043376345160757e-06
 6.80000000000000000e+01 6.81333333333333258e+01 3.32142863914019299e-03 9.53661862312662867e-06
 6.81333333333333258e+01 6.82666666666666657e+01 3.34298478005896904e-03 9.09007594654717841e-06
 6.82666666666666657e+01 6.84000000000000057e+01 3.35457454240474431e-03 1.09496747766609622e-05
 6.84000000000000057e+01 6.85333333333333314e+01 3.35914868457740752e-03 1.68125029130409077e-05
 6.85333333333333314e+01 6.86666666666666714e+01 3.35221341372332659e-03 9.81805796248194972e-06
 6.86666666666666714e+01 6.87999999999999972e+01 3.33877776330606659e-03 1.06153375280749620e-05
 6.87999999999999972e+01 6.89333333333333371e+01 3.34201762869652504e-03 1.22277229441041089e-05
 6.89333333333333371e+01 6.90666666666666629e+01 3.34114260961600662e-03 9.42344070901616184e-06
 6.90666666666666629e+01 6.92000000000000028e+01 3.34528036084207319e-03 9.89168217448653532e-06
 6.92000000000000028e+01 6.93333333333333286e+01 3.33529241142823014e-03 1.05168659689540753e-05
 6.93333333333333286e+01 6.94666666666666686e+01 3.32636157464222953e-03 9.50429674031427573e-06
 6.94666666666666686e+01 6.95999999999999943e+01 3.35030987506467577e-03 9.71953380459866265e-06
 6.95999999999999943e+01 6.97333333333333343e+01 3.33480914171729696e-03 9.92074657553920319e-06
 6.97333333333333343e+01 6.98666666666666742e+01 3.35872147725124011e-03 1.02048393441555556e-05
 6.98666666666666742e+01 7.00000000000000000e+01 3.35597514726192637e-03 9.78487567754457853e-06
 7.00000000000000000e+01 7.01333333333333258e+01 3.34715846743831444e-03 9.21272871037125970e-06
 7.01333333333333258e+01 7.02666666666666657e+01 3.34171105819257080e-03 9.40043922323909994e-06
 7.02666666666666657e+01 7.04000000000000057e+01 3.33580695251154812e-03 9.26136174352428353e-06
 7.04000000000000057e+01 7.05333333333333314e+01 3.33405846395626619e-03 1.01958347052825692e-05
 7.05333333333333314e+01 7.06666666666666714e+01 3.36662385224202696e-03 9.87264697819381393e-06
 7.06666666666666714e+01 7.07999999999999972e+01 3.36200449926552175e-03 1.44675382837682674e-05
 7.07999999999999972e+01 7.09333333333333371e+01 3.34749857743921230e-03 1.01768544804084460e-05
 7.09333333333333371e+01 7.10666666666666629e+01 3.34695018898858651e-03 1.03210167200906440e-05
 7.10666666666666629e+01 7.12000000000000028e+01 3.34887937387087298e-03 1.01088538679910501e-05
 7.12000000000000028e+01 7.13333333333333286e+01 3.34917250346830359e-03 9.11678782252523982e-06
 7.13333333333333286e+01 7.14666666666666686e+01 3.35593252507469450e-03 1.10775590056982345e-05
 7.14666666666666686e+01 7.15999999999999943e+01 3.35382805649180786e-03 9.41825160612520682e-06
 7.15999999999999943e+01 7.17333333333333343e+01 3.35569029021706147e-03 9.98203671466647885e-06
 7.17333333333333343e+01 7.18666666666666742e+01 3.35801154640747845e-03 1.37914761661358354e-05
 7.18666666666666742e+01 7.20000000000000000e+01 3.35423471752355857e-03 1.02432780730048791e-05
 7.20000000000000000e+01 7.21333333333333258e+01 3.37127731213037731e-03 1.76564317452878585e-05
 7.21333333333333258e+01 7.22666666666666657e+01 3.35077999697765919e-03 1.01915972098456086e-05
 7.22666666666666657e+01 7.24000000000000057e+01 3.35623925171061937e-03 9.08815631776025475e-06
 7.24000000000000057e+01 7.25333333333333314e+01 3.36621253765332805e-03 1.13038223789330387e-05
 7.25333333333333314e+01 7.26666666666666714e+01 3.35012780189862741e-03 9.84280919946230130e-06
 7.26666666666666714e+01 7.27999999999999972e+01 3.35726363322626882e-03 9.73216454949078933e-06
 7.27999999999999972e+01 7.29333333333333371e+01 3.39063227030702045e-03 3.94056660594347449e-05
 7.29333333333333371e+01 7.30666666666666629e+01 3.35277112279959823e-03 9.40413902064616753e-06
 7.30666666666666629e+01 7.32000000000000028e+01 3.36253868582341410e-03 1.05309542296611494e-05
 7.32000000000000028e+01 7.33333333333333286e+01 3.37718251671624992e-03 9.80097689752199528e-06
 7.33333333333333286e+01 7.34666666666666686e+01 3.35556964850551023e-03 9.48978075176980167e-06
 7.34666666666666686e+01 7.35999999999999943e+01 3.34708575851470512e-03 1.00623394331893140e-05
 7.35999999999999943e+01 7.37333333333333343e+01 3.36152686636835996e-03 9.04509121629250538e-06
 7.37333333333333343e+01 7.38666666666666742e+01 3.35991936441825192e-03 9.10451207623003636e-06
 7.38666666666666742e+01 7.40000000000000000e+01 3.34476239949990520e-03 9.07162451341162665e-06
 7.40000000000000000e+01 7.41333333333333258e+01 3.36605194682696156e-03 1.03160814423087152e-05
 7.41333333333333258e+01 7.42666666666666657e+01 3.37369582125669623e-03 9.27422665798659571e-06
 7.42666666666666657e+01 7.44000000000000057e+01 3.37033955933299482e-03 9.22535272912609838e-06
 7.44000000000000057e+01 7.45333333333333314e+01 3.36337429896093297e-03 1.01154554052083310e-05
 7.45333333333333314e+01 7.46666666666666714e+01 3.36728151206393137e-03 1.01870347406871075e-05
 7.46666666666666714e+01 7.47999999999999972e+01 3.37912691151377037e-03 1.08558570658059028e-05
 7.47999999999999972e+01 7.49333333333333371e+01 3.38069347625983034e-03 9.35195739631603522e-06
 7.49333333333333371e+01 7.50666666666666629e+01 3.37389901596259114e-03 9.20331140485144759e-06
 7.50666666666666629e+01 7.52000000000000028e+01 3.37886801418551706e-03 8.85944812314244427e-06
 7.52000000000000028e+01 7.53333333333333286e+01 3.38560218703066063e-03 1.27971574084652343e-05
 7.53333333333333286e+01 7.54666666666666686e+01 3.36489099193882464e-03 8.93661379420699789e-06
 7.54666666666666686e+01 7.55999999999999943e+01 3.37795182550186751e-03 9.44096680849485929e-06
 7.55999999999999943e+01 7.57333333333333343e+01 3.34605132428748148e-03 9.26155295678115115e-06
 7.57333333333333343e+01 7.58666666666666742e+01 3.36775945533465682e-03 1.21776209498524300e-05
 7.58666666666666742e+01 7.60000000000000000e+01 3.36696360767297850e-03 1.35416033218305808e-05
 7.60000000000000000e+01 7.61333333333333258e+01 3.37161772440880891e-03 8.83515472398341277e-06
 7.61333333333333258e+01 7.62666666666666657e+01 3.36007729317481553e-03 8.92521297177455260e-06
 7.62666666666666657e+01 7.64000000000000057e+01 3.37764052301321293e-03 9.27406561360199939e-06
 7.64000000000000057e+01 7.65333333333333314e+01 3.35504181124646281e-03 1.03575323162389474e-05
 7.65333333333333314e+01 7.66666666666666714e+01 3.37999935465244702e-03 1.06284417736226738e-05
 7.66666666666666714e+01 7.67999999999999972e+01 3.36537115011241710e-03 9.82305357112089643e-06
 7.67999999999999972e+01 7.69333333333333371e+01 3.37378689166884828e-03 1.17287844510012204e-05
 7.69333333333333371e+01 7.70666666666666629e+01 3.38676243885067908e-03 1.01978883771693616e-05
 7.70666666666666629e+01 7.72000000000000028e+01 3.38793733116298131e-03 2.05200646795853910e-05
 7.72000000000000028e+01 7.73333333333333286e+01 3.36847998782726027e-03 1.00179545684201927e-05
 7.73333333333333286e+01 7.74666666666666686e+01 3.37602431319251927e-03 1.00368816049299568e-05
 7.74666666666666686e+01 7.75999999999999943e+01 3.36833138504851132e-03 9.46009836340168542e-06
 7.75999999999999943e+01 7.77333333333333343e+01 3.38317028248576093e-03 1.82320598906190425e-05
 7.77333333333333343e+01 7.78666666666666742e+01 3.36890987107172713e-03 9.57476913793972415e-06
 7.78666666666666742e+01 7.80000000000000000e+01 3.38479974668448548e-03 1.13375262128250314e-05
 7.80000000000000000e+01 7.81333333333333258e+01 3.38770874315761673e-03 8.95503170630459755e-06
 7.81333333333333258e+01 7.82666666666666657e+01 3.39972475831085271e-03 1.10097509341759162e-05
 7.82666666666666657e+01 7.84000000000000057e+01 3.38865822651406978e-03 1.04889938960486686e-05
 7.84000000000000057e+01 7.85333333333333314e+01 3.38534151396033050e-03 1.00074325877656499e-05
 7.85333333333333314e+01 7.86666666666666714e+01 3.37089634791189327e-03 8.94036068552187266e-06
 7.86666666666666714e+01 7.87999999999999972e+01 3.36890106306926389e-03 9.00269084627492428e-06
 7.87999999999999972e+01 7.89333333333333371e+01 3.37687407153335712e-03 9.46491334702399648e-06
 7.89333333333333371e+01 7.90666666666666629e+01 3.37557400001049996e-03 1.01982523230773741e-05
 7.90666666666666629e+01 7.92000000000000028e+01 3.37917597598148736e-03 9.79469310514263218e-06
 7.92000000000000028e+01 7.93333333333333286e+01 3.37826458796786208e-03 9.15074145017459860e-06
 7.93333333333333286e+01 7.94666666666666686e+01 3.38923890987933305e-03 1.10555809199262343e-05
 7.94666666666666686e+01 7.95999999999999943e+01 3.37249945768582733e-03 8.71682441516252304e-06
 7.95999999999999943e+01 7.97333333333333343e+01 3.38487765886390669e-03 1.15323341499783432e-05
 7.97333333333333343e+01 7.98666666666666742e+01 3.38011130007906781e-03 8.72059630714662504e-06
 7.98666666666666742e+01 8.00000000000000000e+01 3.37665087298863334e-03 9.07694726304859714e-06
 8.00000000000000000e+01 8.01333333333333258e+01 3.39468028692218845e-03 1.13841443458668715e-05
 8.01333333333333258e+01 8.02666666666666657e+01 3.39125312949713860e-03 1.00596319891538738e-05
 8.02666666666666657e+01 8.04000000000000057e+01 3.38234160319803804e-03 9.14024625689027339e-06
 8.04000000000000057e+01 8.05333333333333314e+01 3.39355405656861526e-03 9.82205318137420967e-06
 8.05333333333333314e+01 8.06666666666666714e+01 3.39971370361440801e-03 1.11349379373257178e-05
 8.06666666666666714e+01 8.07999999999999972e+01 3.37787136420868465e-03 9.15367153848723623e-06
 8.07999999999999972e+01 8.09333333333333371e+01 3.40437548568808769e-03 1.89912122994678902e-05
 8.09333333333333371e+01 8.10666666666666629e+01 3.37867819423832896e-03 9.75536012151454063e-06
 8.10666666666666629e+01 8.12000000000000028e+01 3.39228754100016601e-03 1.23727507987588653e-05
 8.12000000000000028e+01 8.13333333333333286e+01 3.37590343829080900e-03 8.65619917040266716e-06
 8.13333333333333286e+01 8.14666666666666686e+01 3.38088749892163833e-03 9.44242293499761336e-06
 8.14666666666666686e+01 8.15999999999999943e+01 3.35703966693515297e-03 8.71722975812871756e-06
 8.15999999999999943e+01 8.17333333333333343e+01 3.38060173731024368e-03 9.88845928852579144e-06
 8.17333333333333343e+01 8.18666666666666742e+01 3.38026511936271017e-03 8.95089010901956111e-06
 8.18666666666666742e+01 8.20000000000000000e+01 3.39632447628820510e-03 1.02463732919206321e-05
 8.20000000000000000e+01 8.21333333333333258e+01 3.39623910556683707e-03 1.06594055696075430e-05
 8.21333333333333258e+01 8.22666666666666657e+01 3.39739349013825883e-03 9.02927610422529618e-06
 8.22666666666666657e+01 8.24000000000000057e+01 3.39209640220332733e-03 9.34178801416313940e-06
 8.24000000000000057e+01 8.25333333333333314e+01 3.39292219987259638e-03 1.52879170501592003e-05
 8.25333333333333314e+01 8.26666666666666572e+01 3.38326884363605645e-03 1.08110681165153921e-05
 8.26666666666666572e+01 8.27999999999999972e+01 3.39560495531166179e-03 9.22997001102429237e-06
 8.27999999999999972e+01 8.29333333333333371e+01 3.39967762483435682e-03 1.04160919559717762e-05
 8.29333333333333371e+01 8.30666666666666629e+01 3.38957966559426524e-03 9.85826360715689330e-06
 8.30666666666666629e+01 8.32000000000000028e+01 3.38194646445425830e-03 9.65237949178311112e-06
 8.32000000000000028e+01 8.33333333333333428e+01 3.41535715688594472e-03 1.62399554033021922e-05
 8.33333333333333428e+01 8.34666666666666686e+01 3.37343301604280934e-03 9.37071355899084069e-06
 8.34666666666666686e+01 8.35999999999999943e+01 3.39779794016178407e-03 1.17984066973771758e-05
 8.35999999999999943e+01 8.37333333333333343e+01 3.38823538393013754e-03 1.00831366291498967e-05
 8.37333333333333343e+01 8.38666666666666742e+01 3.39305880482461712e-03 9.19085261546428429e-06
 8.38666666666666742e+01 8.40000000000000000e+01 3.39017591502055156e-03 8.75832384996035926e-06
 8.40000000000000000e+01 8.41333333333333258e+01 3.39063940262588660e-03 9.08189853722650626e-06
 8.41333333333333258e+01 8.42666666666666657e+01 3.39490545429755805e-03 1.16394329559749198e-05
 8.42666666666666657e+01 8.44000000000000057e+01 3.39620867243780765e-03 1.29502225816125969e-05
 8.44000000000000057e+01 8.45333333333333314e+01 3.38880400021825817e-03 8.84167881234175089e-06
 8.45333333333333314e+01 8.46666666666666572e+01 3.39206281155103725e-03 8.79087645236012929e-06
 8.46666666666666572e+01 8.47999999999999972e+01 3.40860005173641151e-03 9.99395030808376658e-06
 8.47999999999999972e+01 8.49333333333333371e+01 3.39634178554588549e-03 9.37483332328707585e-06
 8.49333333333333371e+01 8.50666666666666629e+01 3.38541959751722426e-03 9.92534398602370567e-06
 8.50666666666666629e+01 8.52000000000000028e+01 3.40488171912373388e-03 8.81619450964619959e-06
 8.52000000000000028e+01 8.53333333333333428e+01 3.39408970654186482e-03 1.04121071586491971e-05
 8.53333333333333428e+01 8.54666666666666686e+01 3.39078761050370199e-03 9.08493592128056972e-06
 8.54666666666666686e+01 8.55999999999999943e+01 3.39757459718882790e-03 1.10119679236025271e-05
 8.55999999999999943e+01 8.57333333333333343e+01 3.38035280341060377e-03 9.08270891006491810e-06
 8.57333333333333343e+01 8.58666666666666742e+01 3.39995909779857103e-03 1.10994441160045125e-05
 8.58666666666666742e+01 8.60000000000000000e+01 3.39164055071648676e-03 9.08400967140869489e-06
 8.60000000000000000e+01 8.61333333333333258e+01 3.39540899485369892e-03 1.00215553544229434e-05
 8.61333333333333258e+01 8.62666666666666657e+01 3.37928604850666918e-03 8.83821667985614319e-06
 8.62666666666666657e+01 8.64000000000000057e+01 3.39427998894887379e-03 1.02724914746699731e-05
 8.64000000000000057e+01 8.65333333333333314e+01 3.40288432433011323e-03 1.18440545396019509e-05
 8.65333333333333314e+01 8.66666666666666572e+01 3.41300883691390616e-03 1.20361546074609141e-05
 8.66666666666666572e+01 8.67999999999999972e+01 3.39659837568945374e-03 9.31970307731513939e-06
 8.67999999999999972e+01 8.69333333333333371e+01 3.39633381609608619e-03 9.43105263421845925e-06
 8.69333333333333371e+01 8.70666666666666629e+01 3.40211101265306412e-03 9.74016909933358886e-06
 8.70666666666666629e+01 8.72000000000000028e+01 3.38795716338902327e-03 9.04602617263970972e-06
 8.72000000000000028e+01 8.73333333333333428e+01 3.39053864087874874e-03 1.09742041706975778e-05
 8.73333333333333428e+01 8.74666666666666686e+01 3.39328778057197905e-03 9.22455775542001391e-06
 8.74666666666666686e+01 8.75999999999999943e+01 3.38877586882326562e-03 9.21159482266942887e-06
 8.75999999999999943e+01 8.77333333333333343e+01 3.39935842229520391e-03 9.05804406934768756e-06
 8.77333333333333343e+01 8.78666666666666742e+01 3.41270417920865737e-03 1.32581514998492148e-05
 8.78666666666666742e+01 8.80000000000000000e+01 3.38868844942544602e-03 1.02739408898037398e-05
 8.80000000000000000e+01 8.81333333333333258e+01 3.39821521188170359e-03 8.60750252538237769e-06
 8.81333333333333258e+01 8.82666666666666657e+01 3.39149977752407298e-03 9.23451070259125814e-06
 8.82666666666666657e+01 8.84000000000000057e+01 3.39679319032056394e-03 1.10965704175530561e-05
 8.84000000000000057e+01 8.85333333333333314e+01 3.40942494000738301e-03 1.31629705076550790e-05
 8.85333333333333314e+01 8.86666666666666572e+01 3.42436542023541717e-03 1.15452431504682322e-05
 8.86666666666666572e+01 8.87999999999999972e+01 3.39688896926481623e-03 1.06081531105887547e-05
 8.87999999999999972e+01 8.89333333333333371e+01 3.40516405446912411e-03 8.76588504394358397e-06
 8.89333333333333371e+01 8.90666666666666629e+01 3.38567581065362094e-03 9.25096503076935030e-06
 8.90666666666666629e+01 8.92000000000000028e+01 3.40322640373811333e-03 1.02771134581924871e-05
 8.92000000000000028e+01 8.93333333333333428e+01 3.39979053176242118e-03 1.33862437342727568e-05
 8.93333333333333428e+01 8.94666666666666686e+01 3.39050710605999723e-03 9.02332397111232027e-06
 8.94666666666666686e+01 8.95999999999999943e+01 3.39947292440473349e-03 9.00289411578714238e-06
 8.95999999999999943e+01 8.97333333333333343e+01 3.39021481765879951e-03 8.85700406155249787e-06
 8.97333333333333343e+01 8.98666666666666742e+01 3.38909710996493016e-03 9.09550937777639889e-06
 8.98666666666666742e+01 9.00000000000000000e+01 3.38507409711045820e-03 8.52128512664643319e-06
 9.00000000000000000e+01 9.01333333333333258e+01 3.39206696085274807e-03 9.73773032672882787e-06
 9.01333333333333258e+01 9.02666666666666657e+01 3.39104895131396057e-03 8.51524091486187401e-06
 9.02666666666666657e+01 9.04000000000000057e+01 3.41059987115007292e-03 9.76774648480215899e-06
 9.04000000000000057e+01 9.05333333333333314e+01 3.39814142607086471e-03 9.75376193429984615e-06
 9.05333333333333314e+01 9.06666666666666572e+01 3.39202406809962186e-03 8.70120878626070246e-06
 9.06666666666666572e+01 9.07999999999999972e+01 3.38798320486115214e-03 9.08583972052826860e-06
 9.07999999999999972e+01 9.09333333333333371e+01 3.40642762727169385e-03 1.38602180334656644e-05
 9.09333333333333371e+01 9.10666666666666629e+01 3.39467189762643817e-03 9.32112470865440649e-06
 9.10666666666666629e+01 9.12000000000000028e+01 3.40013262297784655e-03 9.39984749293685242e-06
 9.12000000000000028e+01 9.13333333333333428e+01 3.39338501516815759e-03 9.20262669363778949e-06
 9.13333333333333428e+01 9.14666666666666686e+01 3.40353529337938162e-03 9.55675502526221889e-06
 9.14666666666666686e+01 9.15999999999999943e+01 3.38961242976891118e-03 1.21306809844506709e-05
 9.15999999999999943e+01 9.17333333333333343e+01 3.40029923767722585e-03 8.68706804609098715e-06
 9.17333333333333343e+01 9.18666666666666742e+01 3.39874448581712132e-03 9.79094355211904555e-06
 9.18666666666666742e+01 9.20000000000000000e+01 3.39391766025721802e-03 9.34154681827991183e-06
 9.20000000000000000e+01 9.21333333333333258e+01 3.39140367874643783e-03 8.78062300613009417e-06
 9.21333333333333258e+01 9.22666666666666657e+01 3.38146412572965698e-03 8.77035306010317571e-06
 9.22666666666666657e+01 9.24000000000000057e+01 3.40288734519604780e-03 8.78335689229986613e-06
 9.24000000000000057e+01 9.25333333333333314e+01 3.39759232607270405e-03 9.30161474605766424e-06
 9.25333333333333314e+01 9.26666666666666572e+01 3.38866196239293168e-03 9.19309116794674054e-06
 9.26666666666666572e+01 9.27999999999999972e+01 3.40947735570345427e-03 9.82845457589212228e-06
 9.27999999999999972e+01 9.29333333333333371e+01 3.40726027403563453e-03 1.22683467094172152e-05
 9.29333333333333371e+01 9.30666666666666629e+01 3.42313146224330683e-03 2.45242047494694857e-05
 9.30666666666666629e+01 9.32000000000000028e+01 3.40199910210430131e-03 1.10773242612275482e-05
 9.32000000000000028e+01 9.33333333333333428e+01 3.41161842630193900e-03 1.12169776026348734e-05
 9.33333333333333428e+01 9.34666666666666686e+01 3.40404773439988454e-03 1.32059612934342852e-05
 9.34666666666666686e+01 9.35999999999999943e+01 3.40577699901129828e-03 8.86641937176425369e-06
 9.35999999999999943e+01 9.37333333333333343e+01 3.39348923633798994e-03 8.74858234329021083e-06
 9.37333333333333343e+01 9.38666666666666742e+01 3.39561947953074227e-03 1.18087956303724657e-05
 9.38666666666666742e+01 9.40000000000000000e+01 3.40916513266271981e-03 1.04711244447717128e-05
 9.40000000000000000e+01 9.41333333333333258e+01 3.38826448440794712e-03 9.06278285598250065e-06
 9.41333333333333258e+01 9.42666666666666657e+01 3.41556239770573079e-03 1.35338680495926526e-05
 9.42666666666666657e+01 9.44000000000000057e+01 3.38693161893658225e-03 9.37507510580204961e-06
 9.44000000000000057e+01 9.45333333333333314e+01 3.39796137540669110e-03 8.86513612488028429e-06
 9.45333333333333314e+01 9.46666666666666572e+01 3.38502038414801448e-03 8.75131393804598957e-06
 9.46666666666666572e+01 9.47999999999999972e+01 3.39517988509378810e-03 9.21471186231164300e-06
 9.47999999999999972e+01 9.49333333333333371e+01 3.37916515551012426e-03 9.67828566838889511e-06
 9.49333333333333371e+01 9.50666666666666629e+01 3.40058950461161235e-03 8.80727504480430865e-06
 9.50666666666666629e+01 9.52000000000000028e+01 3.39061021495480185e-03 9.04805184294313671e-06
 9.52000000000000028e+01 9.53333333333333428e+01 3.38852463557945795e-03 8.77768993095905934e-06
 9.53333333333333428e+01 9.54666666666666686e+01 3.39586601697245078e-03 1.08243930401151366e-05
 9.54666666666666686e+01 9.55999999999999943e+01 3.39416248602532767e-03 8.76496038794275733e-06
 9.55999999999999943e+01 9.57333333333333343e+01 3.39277641505416217e-03 1.00339163268160187e-05
 9.57333333333333343e+01 9.58666666666666742e+01 3.39236827187048683e-03 8.69435254238386955e-06
 9.58666666666666742e+01 9.60000000000000000e+01 3.39064669946564446e-03 8.60475011758581261e-06
 9.60000000000000000e+01 9.61333333333333258e+01 3.39220605013311775e-03 1.31851896183192304e-05
 9.61333333333333258e+01 9.62666666666666657e+01 3.38239757645577383e-03 8.84780844864372340e-06
 9.62666666666666657e+01 9.64000000000000057e+01 3.38974924975820636e-03 8.74938478167743428e-06
 9.64000000000000057e+01 9.65333333333333314e+01 3.39348104994203949e-03 1.51971126971502708e-05
 9.65333333333333314e+01 9.66666666666666572e+01 3.38412232208828599e-03 1.12738916405321704e-05
 9.66666666666666572e+01 9.67999999999999972e+01 3.38759197068858433e-03 8.72070494363952854e-06
 9.67999999999999972e+01 9.69333333333333371e+01 3.38521182505952846e-03 1.10922143710744008e-05
 9.69333333333333371e+01 9.70666666666666629e+01 3.38497435265346829e-03 8.82940071107719207e-06
 9.70666666666666629e+01 9.72000000000000028e+01 3.39562383574284815e-03 9.64423480571650588e-06
 9.72000000000000028e+01 9.73333333333333428e+01 3.38344775634460710e-03 8.95307009035578816e-06
 9.73333333333333428e+01 9.74666666666666686e+01 3.40646326529672229e-03 1.23318241666121736e-05
 9.74666666666666686e+01 9.75999999999999943e+01 3.39195549355896572e-03 1.26043087126676322e-05
 9.75999999999999943e+01 9.77333333333333343e+01 3.40133068450449534e-03 1.02947185536439252e-05
 9.77333333333333343e+01 9.78666666666666742e+01 3.38128863200083327e-03 8.61855282441447008e-06
 9.78666666666666742e+01 9.80000000000000000e+01 3.37115727069212416e-03 9.05932426210280433e-06
 9.80000000000000000e+01 9.81333333333333258e+01 3.38971601022145918e-03 1.01869169308816377e-05
 9.81333333333333258e+01 9.82666666666666657e+01 3.38875905765692164e-03 9.05063268601318025e-06
 9.82666666666666657e+01 9.84000000000000057e+01 3.39590585512340899e-03 8.77954956090107764e-06
 9.84000000000000057e+01 9.85333333333333314e+01 3.40228653242996516e-03 1.17649288611845653e-05
 9.85333333333333314e+01 9.86666666666666572e+01 3.37166694760519933e-03 9.61351036387320537e-06
 9.86666666666666572e+01 9.87999999999999972e+01 3.40921904752397587e-03 1.44355413881093120e-05
 9.87999999999999972e+01 9.89333333333333371e+01 3.38344564261983637e-03 8.78127831032526699e-06
 9.89333333333333371e+01 9.90666666666666629e+01 3.39161129909238508e-03 1.29285270687713051e-05
 9.90666666666666629e+01 9.92000000000000028e+01 3.37154520429279849e-03 8.46430127293347092e-06
 9.92000000000000028e+01 9.93333333333333428e+01 3.39976824360291221e-03 1.07645832368839382e-05
 9.93333333333333428e+01 9.94666666666666686e+01 3.38371642329665526e-03 8.86288377688752271e-06
 9.94666666666666686e+01 9.95999999999999943e+01 3.39254112817388449e-03 9.17623764050322955e-06
 9.95999999999999943e+01 9.97333333333333343e+01 3.40131663830287945e-03 1.41750051746556909e-05
 9.97333333333333343e+01 9.98666666666666742e+01 3.37615625724775300e-03 9.10219452664398953e-06
 9.98666666666666742e+01 1.00000000000000000e+02 3.39624645016563297e-03 1.60986397610271076e-05
 1.00000000000000000e+02 1.00133333333333326e+02 3.38690495826956877e-03 9.12548242779453386e-06
 1.00133333333333326e+02 1.00266666666666666e+02 3.37645822966582384e-03 8.66989678203380272e-06
 1.00266666666666666e+02 1.00400000000000006e+02 3.36393838748767510e-03 8.28346791539148185e-06
 1.00400000000000006e+02 1.00533333333333331e+02 3.37128268564235037e-03 8.15219213761306828e-06
 1.00533333333333331e+02 1.00666666666666657e+02 3.38696816875502793e-03 1.02497473194581640e-05
 1.00666666666666657e+02 1.00799999999999997e+02 3.38537772656334873e-03 9.03844891351862093e-06
 1.00799999999999997e+02 1.00933333333333337e+02 3.35862909679050196e-03 8.60588597231665267e-06
 1.00933333333333337e+02 1.01066666666666663e+02 3.38911977603330566e-03 1.30081600680599079e-05
 1.01066666666666663e+02 1.01200000000000003e+02 3.37604635017290343e-03 8.90735631217788070e-06
 1.01200000000000003e+02 1.01333333333333343e+02 3.37554453829459755e-03 1.02140695411501846e-05
 1.01333333333333343e+02 1.01466666666666669e+02 3.35452375484519795e-03 8.73609686079045806e-06
 1.01466666666666669e+02 1.01599999999999994e+02 3.37962078281307809e-03 1.09184146649154666e-05
 1.01599999999999994e+02 1.01733333333333334e+02 3.39172630236653097e-03 1.11970464202150989e-05
 1.01733333333333334e+02 1.01866666666666674e+02 3.38673836580575876e-03 8.99074080773384866e-06
 1.01866666666666674e+02 1.02000000000000000e+02 3.37609196432455717e-03 1.00981750711120642e-05
 1.02000000000000000e+02 1.02133333333333326e+02 3.36895037173539323e-03 1.01763405200699513e-05
 1.02133333333333326e+02 1.02266666666666666e+02 3.37807543134217890e-03 1.04760547240038447e-05
 1.02266666666666666e+02 1.02400000000000006e+02 3.36796832923892545e-03 8.85925342774057591e-06
 1.02400000000000006e+02 1.02533333333333331e+02 3.37288474000966166e-03 9.21848560959550282e-06
 1.02533333333333331e+02 1.02666666666666657e+02 3.36635674877874651e-03 8.76882231624001850e-06
 1.02666666666666657e+02 1.02799999999999997e+02 3.39195610958437218e-03 1.08572300934798406e-05
 1.02799999999999997e+02 1.02933333333333337e+02 3.37522531756822381e-03 8.82054718828874945e-06
 1.02933333333333337e+02 1.03066666666666663e+02 3.35708774731022057e-03 8.61971616641748159e-06
 1.03066666666666663e+02 1.03200000000000003e+02 3.37727654351963969e-03 9.03258862244777650e-06
 1.03200000000000003e+02 1.03333333333333343e+02 3.39438171440553443e-03 1.32608103444068549e-05
 1.03333333333333343e+02 1.03466666666666669e+02 3.37181467838200584e-03 9.71690887246108501e-06
 1.03466666666666669e+02 1.03599999999999994e+02 3.37215002072565684e-03 1.22292810213118111e-05
 1.03599999999999994e+02 1.03733333333333334e+02 3.37704329309755288e-03 8.99810008774893666e-06
 1.03733333333333334e+02 1.03866666666666674e+02 3.34712328010106650e-03 9.53887689009371242e-06
 1.03866666666666674e+02 1.04000000000000000e+02 3.37064061706604653e-03 9.53129391295832001e-06
 1.04000000000000000e+02 1.04133333333333326e+02 3.35502588987981500e-03 9.30043343036404911e-06
 1.04133333333333326e+02 1.04266666666666666e+02 3.38224130020819838e-03 1.03467551996060999e-05
 1.04266666666666666e+02 1.04400000000000006e+02 3.37408252966045138e-03 8.78083179489281824e-06
 1.04400000000000006e+02 1.04533333333333331e+02 3.39465900541164201e-03 1.55191095365653666e-05
 1.04533333333333331e+02 1.04666666666666657e+02 3.36401262319757774e-03 9.44193130749409161e-06
 1.04666666666666657e+02 1.04799999999999997e+02 3.37663437809504301e-03 1.12250235376071814e-05
 1.04799999999999997e+02 1.04933333333333337e+02 3.36236763006695629e-03 8.79825971592328008e-06
 1.04933333333333337e+02 1.05066666666666663e+02 3.38032019109067109e-03 1.02941316432117023e-05
 1.05066666666666663e+02 1.05200000000000003e+02 3.36789424432548928e-03 8.95562792686350196e-06
 1.05200000000000003e+02 1.05333333333333343e+02 3.37051265128908211e-03 8.77424045084427647e-06
 1.05333333333333343e+02 1.05466666666666669e+02 3.35997062558932632e-03 8.68699861741379716e-06
 1.05466666666666669e+02 1.05599999999999994e+02 3.34569974347480184e-03 9.45567205443108938e-06
 1.05599999999999994e+02 1.05733333333333334e+02 3.36151520310057654e-03 9.75951849953312316e-06
 1.05733333333333334e+02 1.05866666666666674e+02 3.35039040139699677e-03 8.87841475134726172e-06
 1.05866666666666674e+02 1.06000000000000000e+02 3.36535046283807909e-03 9.41913541446133404e-06
 1.06000000000000000e+02 1.06133333333333326e+02 3.36332618142835740e-03 1.37952053436415394e-05
 1.06133333333333326e+02 1.06266666666666666e+02 3.35321453765879485e-03 9.24407879385722506e-06
 1.06266666666666666e+02 1.06400000000000006e+02 3.37436411099933595e-03 9.37177813743045578e-06
 1.06400000000000006e+02 1.06533333333333331e+02 3.36651681727841373e-03 1.04208414585090283e-05
 1.06533333333333331e+02 1.06666666666666657e+02 3.36286394591687153e-03 9.48169374800656787e-06
 1.06666666666666657e+02 1.06799999999999997e+02 3.36826600935410947e-03 8.82521194771314673e-06
 1.06799999999999997e+02 1.06933333333333337e+02 3.34796545518074341e-03 9.53467902509497526e-06
 1.06933333333333337e+02 1.07066666666666663e+02 3.36959402220441849e-03 8.67733490468061247e-06
 1.07066666666666663e+02 1.07200000000000003e+02 3.36891104730128272e-03 1.45215264353018098e-05
 1.07200000000000003e+02 1.07333333333333343e+02 3.36735330527707447e-03 1.55362120059383531e-05
 1.07333333333333343e+02 1.07466666666666669e+02 3.36089691710133144e-03 1.13757057519794848e-05
 1.07466666666666669e+02 1.07599999999999994e+02 3.36730178519174675e-03 9.20878625390310889e-06
 1.07599999999999994e+02 1.07733333333333334e+02 3.35138579042457705e-03 9.02984118014414999e-06
 1.07733333333333334e+02 1.07866666666666674e+02 3.36196770706930458e-03 9.01007698471098493e-06
 1.07866666666666674e+02 1.08000000000000000e+02 3.35396052784183970e-03 9.10840397924369989e-06
 1.08000000000000000e+02 1.08133333333333326e+02 3.35381302300333858e-03 9.13317194140350684e-06
 1.08133333333333326e+02 1.08266666666666666e+02 3.35033876875839767e-03 9.95644532983418396e-06
 1.08266666666666666e+02 1.08400000000000006e+02 3.34771824373850677e-03 8.70389452178689333e-06
 1.08400000000000006e+02 1.08533333333333331e+02 3.36309975745838988e-03 1.13756093560214321e-05
 1.08533333333333331e+02 1.08666666666666657e+02 3.37701703879924892e-03 1.22556394421894810e-05
 1.08666666666666657e+02 1.08799999999999997e+02 3.35892006798602094e-03 9.19927199819217104e-06
 1.08799999999999997e+02 1.08933333333333337e+02 3.35643770208165181e-03 9.12165940350128560e-06
 1.08933333333333337e+02 1.09066666666666663e+02 3.34127277110970447e-03 8.52186719982351064e-06
 1.09066666666666663e+02 1.09200000000000003e+02 3.34759664791381114e-03 1.20203271706055083e-05
 1.09200000000000003e+02 1.09333333333333343e+02 3.34457154732979104e-03 8.90096261462274551e-06
 1.09333333333333343e+02 1.09466666666666669e+02 3.34110893154104761e-03 8.87128076413511126e-06
 1.09466666666666669e+02 1.09599999999999994e+02 3.35718780882723845e-03 8.73797632688574819e-06
 1.09599999999999994e+02 1.09733333333333334e+02 3.35397678068418380e-03 8.65949770929632760e-06
 1.09733333333333334e+02 1.09866666666666674e+02 3.35038480920238054e-03 8.80125634447589863e-06
 1.09866666666666674e+02 1.10000000000000000e+02 3.35553253638697915e-03 1.04786907093261333e-05
 1.10000000000000000e+02 1.10133333333333326e+02 3.34425479837133872e-03 1.17569582345863130e-05
 1.10133333333333326e+02 1.10266666666666666e+02 3.36252445879812187e-03 1.05031006196535978e-05
 1.10266666666666666e+02 1.10400000000000006e+02 3.35414555625965054e-03 9.93288403851317081e-06
 1.10400000000000006e+02 1.10533333333333331e+02 3.33531332483558932e-03 9.11714306403841195e-06
 1.10533333333333331e+02 1.10666666666666657e+02 3.33593479533827661e-03 8.59657603180249508e-06
 1.10666666666666657e+02 1.10799999999999997e+02 3.36190364150267679e-03 9.48733717842772344e-06
 1.10799999999999997e+02 1.10933333333333337e+02 3.34398697063582277e-03 1.10846191596902415e-05
 1.10933333333333337e+02 1.11066666666666663e+02 3.33977681111869784e-03 8.73585087269195748e-06
 1.11066666666666663e+02 1.11200000000000003e+02 3.36215907391035395e-03 8.84121033776359667e-06
 1.11200000000000003e+02 1.11333333333333343e+02 3.33431858420019361e-03 1.03200183891942670e-05
 1.11333333333333343e+02 1.11466666666666669e+02 3.34772294730329399e-03 8.84822711639355347e-06
 1.11466666666666669e+02 1.11599999999999994e+02 3.33554348338683257e-03 8.70770062465709112e-06
 1.11599999999999994e+02 1.11733333333333334e+02 3.33156557018414543e-03 8.93890635361139489e-06
 1.11733333333333334e+02 1.11866666666666674e+02 3.34014628043426739e-03 9.26094567086031739e-06
 1.11866666666666674e+02 1.12000000000000000e+02 3.33713318919108765e-03 8.45127033561150056e-06
 1.12000000000000000e+02 1.12133333333333326e+02 3.33545762989311077e-03 1.09721106017942714e-05
 1.12133333333333326e+02 1.12266666666666666e+02 3.32688138355460416e-03 9.17629038336185679e-06
 1.12266666666666666e+02 1.12400000000000006e+02 3.34626379689664062e-03 8.94162679569617466e-06
 1.12400000000000006e+02 1.12533333333333331e+02 3.36405068073971194e-03 1.03467194639851099e-05
 1.12533333333333331e+02 1.12666666666666657e+02 3.33777777142665747e-03 8.56284105615887993e-06
 1.12666666666666657e+02 1.12799999999999997e+02 3.34333485755949769e-03 8.54465073699739032e-06
 1.12799999999999997e+02 1.12933333333333337e+02 3.34295781411057293e-03 9.40555139202315795e-06
 1.12933333333333337e+02 1.13066666666666663e+02 3.34216499455150442e-03 8.62334265948171689e-06
 1.13066666666666663e+02 1.13200000000000003e+02 3.32568861249458959e-03 9.37515082501000712e-06
 1.13200000000000003e+02 1.13333333333333343e+02 3.36221016961606731e-03 1.30634410914421260e-05
 1.13333333333333343e+02 1.13466666666666669e+02 3.35656335079270035e-03 1.28449714413992082e-05
 1.13466666666666669e+02 1.13599999999999994e+02 3.35133266147361053e-03 1.16105799677214825e-05
 1.13599999999999994e+02 1.13733333333333334e+02 3.34532745603398265e-03 9.02657466762023036e-06
 1.13733333333333334e+02 1.13866666666666674e+02 3.32853188893265321e-03 8.88559263183210076e-06
 1.13866666666666674e+02 1.14000000000000000e+02 3.34448022548311866e-03 9.00456116999511993e-06
 1.14000000000000000e+02 1.14133333333333340e+02 3.36270383434560116e-03 1.44271959170584394e-05
 1.14133333333333340e+02 1.14266666666666666e+02 3.34549292725555515e-03 9.09424638058323407e-06
 1.14266666666666666e+02 1.14400000000000006e+02 3.33976176518535053e-03 9.32417454143439523e-06
 1.14400000000000006e+02 1.14533333333333331e+02 3.32732403899438194e-03 1.01126569309628893e-05
 1.14533333333333331e+02 1.14666666666666671e+02 3.33794289586638107e-03 1.04329962869338176e-05
 1.14666666666666671e+02 1.14799999999999997e+02 3.32928881549646215e-03 1.05737438950864623e-05
 1.14799999999999997e+02 1.14933333333333337e+02 3.32052915502065171e-03 9.32176115955962416e-06
 1.14933333333333337e+02 1.15066666666666663e+02 3.32051517586332565e-03 8.68539290669993486e-06
 1.15066666666666663e+02 1.15200000000000003e+02 3.33070656332681240e-03 1.29005801756945691e-05
 1.15200000000000003e+02 1.15333333333333329e+02 3.33070717706456703e-03 9.74493683610608905e-06
 1.15333333333333329e+02 1.15466666666666669e+02 3.34071682040686883e-03 9.96342974941621462e-06
 1.15466666666666669e+02 1.15599999999999994e+02 3.32273872255427379e-03 9.12444615108399566e-06
 1.15599999999999994e+02 1.15733333333333334e+02 3.34683797158966904e-03 9.10630021410752288e-06
 1.15733333333333334e+02 1.15866666666666660e+02 3.33019736072520970e-03 8.98895091782795901e-06
 1.15866666666666660e+02 1.16000000000000000e+02 3.33482117286013156e-03 1.06687421464403938e-05
 1.16000000000000000e+02 1.16133333333333340e+02 3.33401226051713686e-03 9.46919133362958743e-06
 1.16133333333333340e+02 1.16266666666666666e+02 3.33543372598592638e-03 1.07464747784728639e-05
 1.16266666666666666e+02 1.16400000000000006e+02 3.32320166882374120e-03 8.90149236035057640e-06
 1.16400000000000006e+02 1.16533333333333331e+02 3.32672046420311868e-03 9.64634560158130093e-06
 1.16533333333333331e+02 1.16666666666666671e+02 3.33542079507294711e-03 1.02385032695081759e-05
 1.16666666666666671e+02 1.16799999999999997e+02 3.33538817768870349e-03 9.60568575076561569e-06
 1.16799999999999997e+02 1.16933333333333337e+02 3.31718935477590517e-03 1.07931002677382462e-05
 1.16933333333333337e+02 1.17066666666666663e+02 3.32033109922577488e-03 9.19641759451358300e-06
 1.17066666666666663e+02 1.17200000000000003e+02 3.32627623422033711e-03 8.58733107801956414e-06
 1.17200000000000003e+02 1.17333333333333329e+02 3.32511772756415936e-03 8.95786690432728722e-06
 1.17333333333333329e+02 1.17466666666666669e+02 3.32635368218005397e-03 1.00828769883515098e-05
 1.17466666666666669e+02 1.17599999999999994e+02 3.31799044390696744e-03 8.34077558030670362e-06
 1.17599999999999994e+02 1.17733333333333334e+02 3.33471593765968235e-03 1.02260959606724357e-05
 1.17733333333333334e+02 1.17866666666666660e+02 3.32887816595009173e-03 9.92890238842219056e-06
 1.17866666666666660e+02 1.18000000000000000e+02 3.32311451569944913e-03 8.84012494564626203e-06
 1.18000000000000000e+02 1.18133333333333340e+02 3.32555313409356587e-03 9.62849560361031058e-06
 1.18133333333333340e+02 1.18266666666666666e+02 3.31774753681881836e-03 1.02153271345933074e-05
 1.18266666666666666e+02 1.18400000000000006e+02 3.32041351304646201e-03 1.23702110174648172e-05
 1.18400000000000006e+02 1.18533333333333331e+02 3.33192258006268600e-03 1.22576532195501600e-05
 1.18533333333333331e+02 1.18666666666666671e+02 3.33995781394216297e-03 1.00360317799232993e-05
 1.18666666666666671e+02 1.18799999999999997e+02 3.32339219477444450e-03 1.33244592848347833e-05
 1.18799999999999997e+02 1.18933333333333337e+02 3.33174636931466957e-03 9.30331088745322757e-06
 1.18933333333333337e+02 1.19066666666666663e+02 3.32416305829308367e-03 9.51567161816801785e-06
 1.19066666666666663e+02 1.19200000000000003e+02 3.32712095020021347e-03 9.95376730257772016e-06
 1.19200000000000003e+02 1.19333333333333329e+02 3.32934595375440363e-03 1.01358500416395744e-05
 1.19333333333333329e+02 1.19466666666666669e+02 3.31138436608404947e-03 9.38048094232540541e-06
 1.19466666666666669e+02 1.19599999999999994e+02 3.31103948137963797e-03 8.80473832480289433e-06
 1.19599999999999994e+02 1.19733333333333334e+02 3.33019121396428436e-03 1.32041558250211528e-05
 1.19733333333333334e+02 1.19866666666666660e+02 3.33340204804894770e-03 1.16142049081275608e-05
 1.19866666666666660e+02 1.20000000000000000e+02 3.31860054088441853e-03 9.26254850266426845e-06
 1.20000000000000000e+02 1.20133333333333340e+02 3.30520933952104792e-03 9.36918151057851595e-06
 1.20133333333333340e+02 1.20266666666666666e+02 3.31691065554979474e-03 1.14320999916626464e-05
 1.20266666666666666e+02 1.20400000000000006e+02 3.33230750188462117e-03 1.25279458478212848e-05
 1.20400000000000006e+02 1.20533333333333331e+02 3.33238679195857436e-03 1.32604556026782786e-05
 1.20533333333333331e+02 1.20666666666666671e+02 3.31461044744405702e-03 9.25626305531785009e-06
 1.20666666666666671e+02 1.20799999999999997e+02 3.33008497759669422e-03 1.10453359306294883e-05
 1.20799999999999997e+02 1.20933333333333337e+02 3.32219184387563208e-03 8.92787746521087604e-06
 1.20933333333333337e+02 1.21066666666666663e+02 3.32874060009645837e-03 1.38068216569639128e-05
 1.21066666666666663e+02 1.21200000000000003e+02 3.31500582087590088e-03 9.74448494676061003e-06
 1.21200000000000003e+02 1.21333333333333329e+02 3.31717918250716039e-03 8.69747373389806039e-06
 1.21333333333333329e+02 1.21466666666666669e+02 3.31942594159015825e-03 9.74101390642540603e-06
 1.21466666666666669e+02 1.21599999999999994e+02 3.31786535774369461e-03 8.83186791698301579e-06
 1.21599999999999994e+02 1.21733333333333334e+02 3.33748289738605231e-03 9.74694209603105057e-06
 1.21733333333333334e+02 1.21866666666666660e+02 3.34328903285811569e-03 1.17150206794153305e-05
 1.21866666666666660e+02 1.22000000000000000e+02 3.31044472477141395e-03 8.85290760568472273e-06
 1.22000000000000000e+02 1.22133333333333340e+02 3.32942909493394879e-03 9.37914704673920343e-06
 1.22133333333333340e+02 1.22266666666666666e+02 3.32829121656849636e-03 1.08220839496862824e-05
 1.22266666666666666e+02 1.22400000000000006e+02 3.29725898090484863e-03 8.71543152376318825e-06
 1.22400000000000006e+02 1.22533333333333331e+02 3.31434920225280767e-03 9.09193627353526544e-06
 1.22533333333333331e+02 1.22666666666666671e+02 3.33068001974375083e-03 1.06796840829518389e-05
 1.22666666666666671e+02 1.22799999999999997e+02 3.31963779085330630e-03 8.64960713208783074e-06
 1.22799999999999997e+02 1.22933333333333337e+02 3.30022331723431490e-03 9.17236778239945636e-06
 1.22933333333333337e+02 1.23066666666666663e+02 3.33330001895998764e-03 1.10608193870585674e-05
 1.23066666666666663e+02 1.23200000000000003e+02 3.32266917396066520e-03 9.01804813672334582e-06
 1.23200000000000003e+02 1.23333333333333329e+02 3.32589714993329968e-03 8.92800117009455737e-06
 1.23333333333333329e+02 1.23466666666666669e+02 3.32422607486548968e-03 8.95529439228346596e-06
 1.23466666666666669e+02 1.23599999999999994e+02 3.31332069917063526e-03 9.19395185776129684e-06
 1.23599999999999994e+02 1.23733333333333334e+02 3.34097074023672865e-03 2.03911610908837372e-05
 1.23733333333333334e+02 1.23866666666666660e+02 3.33231678918395786e-03 1.16794309894125339e-05
 1.23866666666666660e+02 1.24000000000000000e+02 3.34934122376700106e-03 1.59788875592624124e-05
 1.24000000000000000e+02 1.24133333333333340e+02 3.32892223456735404e-03 9.54307767964857501e-06
 1.24133333333333340e+02 1.24266666666666666e+02 3.31760223656143083e-03 9.13787238962381679e-06
 1.24266666666666666e+02 1.24400000000000006e+02 3.34313580902576577e-03 1.21098302287212753e-05
 1.24400000000000006e+02 1.24533333333333331e+02 3.33512759871312531e-03 1.34660347725816929e-05
 1.24533333333333331e+02 1.24666666666666671e+02 3.33137753133014650e-03 9.03042376387107332e-06
 1.24666666666666671e+02 1.24799999999999997e+02 3.32214344080499890e-03 8.69123686841945433e-06
 1.24799999999999997e+02 1.24933333333333337e+02 3.31444548336788528e-03 1.21743911875078024e-05
 1.24933333333333337e+02 1.25066666666666663e+02 3.33458630900450911e-03 9.68020590469360681e-06
 1.25066666666666663e+02 1.25200000000000003e+02 3.32839938349753593e-03 1.18194596983273725e-05
 1.25200000000000003e+02 1.25333333333333329e+02 3.33652356236713169e-03 1.05739661901358652e-05
 1.25333333333333329e+02 1.25466666666666669e+02 3.30587152212649411e-03 9.00111924007222524e-06
 1.25466666666666669e+02 1.25599999999999994e+02 3.30916888274417152e-03 9.39504305599131384e-06
 1.25599999999999994e+02 1.25733333333333334e+02 3.32299251921670683e-03 9.03018973097141060e-06
 1.25733333333333334e+02 1.25866666666666660e+02 3.32053309573832533e-03 8.66237099838653872e-06
 1.25866666666666660e+02 1.26000000000000000e+02 3.32245890571939567e-03 9.33771562399420323e-06
 1.26000000000000000e+02 1.26133333333333340e+02 3.33227819957200794e-03 1.05200101731876326e-05
 1.26133333333333340e+02 1.26266666666666666e+02 3.30893742417786175e-03 9.03496184209499492e-06
 1.26266666666666666e+02 1.26400000000000006e+02 3.31195440623363244e-03 1.09011498507612818e-05
 1.26400000000000006e+02 1.26533333333333331e+02 3.32823739147693415e-03 9.53717623302690728e-06
 1.26533333333333331e+02 1.26666666666666671e+02 3.32617447165726521e-03 9.11127582971855563e-06
 1.26666666666666671e+02 1.26799999999999997e+02 3.32806639660405534e-03 1.48070276791054869e-05
 1.26799999999999997e+02 1.26933333333333337e+02 3.34553493383612979e-03 1.20115097755311486e-05
 1.26933333333333337e+02 1.27066666666666663e+02 3.32045522415014846e-03 1.23610678509383661e-05
 1.27066666666666663e+02 1.27200000000000003e+02 3.32400860609009330e-03 9.78733659059859336e-06
 1.27200000000000003e+02 1.27333333333333329e+02 3.30945647468013776e-03 1.01587586194129294e-05
 1.27333333333333329e+02 1.27466666666666669e+02 3.33213931456699617e-03 9.39062311253306442e-06
 1.27466666666666669e+02 1.27599999999999994e+02 3.32214014217011022e-03 1.28118556758920921e-05
 1.27599999999999994e+02 1.27733333333333334e+02 3.32978776602721157e-03 1.04797246583563172e-05
 1.27733333333333334e+02 1.27866666666666660e+02 3.33465551083108073e-03 1.36325530562294558e-05
 1.27866666666666660e+02 1.28000000000000000e+02 3.32561751874461877e-03 1.07527199800052089e-05
 1.28000000000000000e+02 1.28133333333333326e+02 3.34005978389747800e-03 1.25794529334606579e-05
 1.28133333333333326e+02 1.28266666666666652e+02 3.33101608678544473e-03 1.08657853757199875e-05
 1.28266666666666652e+02 1.28400000000000006e+02 3.33955346690923468e-03 1.12724339119061310e-05
 1.28400000000000006e+02 1.28533333333333331e+02 3.33782965758707252e-03 1.55957580577005069e-05
 1.28533333333333331e+02 1.28666666666666686e+02 3.33252182738796301e-03 1.45543952272870464e-05
 1.28666666666666686e+02 1.28800000000000011e+02 3.32643665097372447e-03 1.14525266140754700e-05
 1.28800000000000011e+02 1.28933333333333337e+02 3.36308528066312515e-03 1.35632936841834112e-05
 1.28933333333333337e+02 1.29066666666666663e+02 3.31711592556058676e-03 1.20911760314186455e-05
 1.29066666666666663e+02 1.29199999999999989e+02 3.32178281783229333e-03 1.24935401052966708e-05
 1.29199999999999989e+02 1.29333333333333314e+02 3.32862019691532564e-03 1.33495209444488288e-05
 1.29333333333333314e+02 1.29466666666666669e+02 3.31655932812580361e-03 1.27848973552394249e-05
 1.29466666666666669e+02 1.29599999999999994e+02 3.32219694801342853e-03 1.40642563167814147e-05
 1.29599999999999994e+02 1.29733333333333348e+02 3.32807490335860351e-03 1.45898726442308886e-05
 1.29733333333333348e+02 1.29866666666666674e+02 3.34726383820208332e-03 1.48235582987830574e-05
 1.29866666666666674e+02 1.30000000000000000e+02 3.33702378024160846e-03 1.68795990028561958e-05

