Histogram:lth+
 5.00000000000000000e+01 5.01333333333333329e+01 2.27059372275327173e-03 3.73159610846921671e-06
 5.01333333333333329e+01 5.02666666666666657e+01 2.28594808181780459e-03 3.56867134671675786e-06
 5.02666666666666657e+01 5.03999999999999986e+01 2.29728973352103004e-03 3.22033180408226772e-06
 5.03999999999999986e+01 5.05333333333333314e+01 2.31896124885683707e-03 3.09459166502761087e-06
 5.05333333333333314e+01 5.06666666666666643e+01 2.34235315888277557e-03 3.08421792160082688e-06
 5.06666666666666643e+01 5.07999999999999972e+01 2.35025673617389377e-03 2.84966576323294339e-06
 5.07999999999999972e+01 5.09333333333333300e+01 2.37660364137824362e-03 2.82352149388388829e-06
 5.09333333333333300e+01 5.10666666666666700e+01 2.38735983702397826e-03 2.77977932578961715e-06
 5.10666666666666700e+01 5.12000000000000028e+01 2.41402286506087064e-03 3.14200635831478977e-06
 5.12000000000000028e+01 5.13333333333333357e+01 2.42308706183693616e-03 3.44782598619578899e-06
 5.13333333333333357e+01 5.14666666666666686e+01 2.44059778139937410e-03 2.88467979237032456e-06
 5.14666666666666686e+01 5.16000000000000014e+01 2.46247062534898833e-03 2.70592138014254151e-06
 5.16000000000000014e+01 5.17333333333333343e+01 2.48040507807722284e-03 2.61099500529728914e-06
 5.17333333333333343e+01 5.18666666666666671e+01 2.50018317456755053e-03 3.17545611555044062e-06
 5.18666666666666671e+01 5.20000000000000000e+01 2.51489303352682176e-03 2.59070183459650359e-06
 5.20000000000000000e+01 5.21333333333333329e+01 2.53795918676529486e-03 2.51155696486925652e-06
 5.21333333333333329e+01 5.22666666666666657e+01 2.54960304435295458e-03 2.71461294995402431e-06
 5.22666666666666657e+01 5.23999999999999986e+01 2.56826192578076548e-03 2.45070181627027796e-06
 5.23999999999999986e+01 5.25333333333333314e+01 2.58574069577105535e-03 2.26064181759769310e-06
 5.25333333333333314e+01 5.26666666666666643e+01 2.60660364895396726e-03 2.33561478922914602e-06
 5.26666666666666643e+01 5.27999999999999972e+01 2.61505081966581857e-03 2.11817818769116498e-06
 5.27999999999999972e+01 5.29333333333333300e+01 2.63932030089035399e-03 2.27660895102134725e-06
 5.29333333333333300e+01 5.30666666666666700e+01 2.65408623822479487e-03 2.17263708591790030e-06
 5.30666666666666700e+01 5.32000000000000028e+01 2.67625872305177464e-03 2.69710128443787069e-06
 5.32000000000000028e+01 5.33333333333333357e+01 2.69252546673503417e-03 2.13319417261014091e-06
 5.33333333333333357e+01 5.34666666666666686e+01 2.70792541852306117e-03 2.12596857453892068e-06
 5.34666666666666686e+01 5.36000000000000014e+01 2.72608903247431762e-03 2.13262804065629954e-06
 5.36000000000000014e+01 5.37333333333333343e+01 2.74267847913732153e-03 2.28476363110602441e-06
 5.37333333333333343e+01 5.38666666666666671e+01 2.75947896699013564e-03 1.98305412093382558e-06
 5.38666666666666671e+01 5.40000000000000000e+01 2.77876086668116034e-03 2.07546710075793266e-06
 5.40000000000000000e+01 5.41333333333333329e+01 2.79914983169073919e-03 1.98489892413445267e-06
 5.41333333333333329e+01 5.42666666666666657e+01 2.81531064409097816e-03 1.99404494129709655e-06
 5.42666666666666657e+01 5.43999999999999986e+01 2.83538003554388834e-03 1.99814020958680583e-06
 5.43999999999999986e+01 5.45333333333333314e+01 2.85102078571859967e-03 2.02023592068347556e-06
 5.45333333333333314e+01 5.46666666666666643e+01 2.86582050110964623e-03 2.00794914495580960e-06
 5.46666666666666643e+01 5.47999999999999972e+01 2.88905453218592451e-03 2.02098476640838572e-06
 5.47999999999999972e+01 5.49333333333333371e+01 2.90419855443379811e-03 2.02375420182807994e-06
 5.49333333333333371e+01 5.50666666666666629e+01 2.92531185054315489e-03 2.06243948110238840e-06
 5.50666666666666629e+01 5.52000000000000028e+01 2.94030662479797785e-03 2.04907204135177925e-06
 5.52000000000000028e+01 5.53333333333333357e+01 2.95702428169777008e-03 2.46356341184738526e-06
 5.53333333333333357e+01 5.54666666666666686e+01 2.97875676686805901e-03 2.04445418888620983e-06
 5.54666666666666686e+01 5.56000000000000014e+01 2.99122311262879073e-03 2.04916763490955575e-06
 5.56000000000000014e+01 5.57333333333333343e+01 3.01374516393925623e-03 2.06807875244068557e-06
 5.57333333333333343e+01 5.58666666666666671e+01 3.02651829199749060e-03 2.05103501757952872e-06
 5.58666666666666671e+01 5.60000000000000000e+01 3.04770292197445447e-03 2.04511499986409939e-06
 5.60000000000000000e+01 5.61333333333333329e+01 3.06307391763988284e-03 2.05342984182841711e-06
 5.61333333333333329e+01 5.62666666666666657e+01 3.08642781744267874e-03 2.07850548113910988e-06
 5.62666666666666657e+01 5.63999999999999986e+01 3.10242066375365517e-03 2.06645377047900798e-06
 5.63999999999999986e+01 5.65333333333333314e+01 3.12112110594191770e-03 5.30874899356022150e-06
 5.65333333333333314e+01 5.66666666666666643e+01 3.13587669835180358e-03 2.09513531847107490e-06
 5.66666666666666643e+01 5.67999999999999972e+01 3.15232971623141808e-03 2.13439131607323119e-06
 5.67999999999999972e+01 5.69333333333333371e+01 3.17072280782027633e-03 2.12564166044963850e-06
 5.69333333333333371e+01 5.70666666666666629e+01 3.19009982322826253e-03 2.15209325482837196e-06
 5.70666666666666629e+01 5.72000000000000028e+01 3.20387882425354938e-03 2.13685626537477596e-06
 5.72000000000000028e+01 5.73333333333333357e+01 3.22547228986779259e-03 2.17921880830815553e-06
 5.73333333333333357e+01 5.74666666666666686e+01 3.24030936095330048e-03 2.16422251601725015e-06
 5.74666666666666686e+01 5.76000000000000014e+01 3.25982974441393599e-03 2.15780724590522732e-06
 5.76000000000000014e+01 5.77333333333333343e+01 3.27773859918069864e-03 2.15219387514183210e-06
 5.77333333333333343e+01 5.78666666666666671e+01 3.29389341703924081e-03 2.12254478453805888e-06
 5.78666666666666671e+01 5.80000000000000000e+01 3.31032995296505440e-03 2.11972342031649264e-06
 5.80000000000000000e+01 5.81333333333333329e+01 3.32318223200204609e-03 2.09978642768865324e-06
 5.81333333333333329e+01 5.82666666666666657e+01 3.34842261059207190e-03 2.42707992624216020e-06
 5.82666666666666657e+01 5.83999999999999986e+01 3.36189018381181101e-03 2.13804232171577693e-06
 5.83999999999999986e+01 5.85333333333333314e+01 3.37971666397065239e-03 2.14626440903555131e-06
 5.85333333333333314e+01 5.86666666666666643e+01 3.39673583477966175e-03 2.12438516202634792e-06
 5.86666666666666643e+01 5.87999999999999972e+01 3.41718574087465860e-03 2.92946474762594950e-06
 5.87999999999999972e+01 5.89333333333333371e+01 3.43068681073706609e-03 2.13333179746733011e-06
 5.89333333333333371e+01 5.90666666666666629e+01 3.44500386087143954e-03 2.17910252712763302e-06
 5.90666666666666629e+01 5.92000000000000028e+01 3.46251948620350612e-03 2.23732113598865120e-06
 5.92000000000000028e+01 5.93333333333333357e+01 3.47817557627038169e-03 2.17877279036333476e-06
 5.93333333333333357e+01 5.94666666666666686e+01 3.49980833372469163e-03 2.29681265678853255e-06
 5.94666666666666686e+01 5.96000000000000014e+01 3.51806372501387628e-03 2.22356554407097091e-06
 5.96000000000000014e+01 5.97333333333333343e+01 3.53307186129065342e-03 2.22941094811320521e-06
 5.97333333333333343e+01 5.98666666666666671e+01 3.54841200571772309e-03 2.19060514044833904e-06
 5.98666666666666671e+01 6.00000000000000000e+01 3.56885293350908987e-03 2.31451043815965215e-06
 6.00000000000000000e+01 6.01333333333333329e+01 3.58390651650610089e-03 2.21496165719987532e-06
 6.01333333333333329e+01 6.02666666666666657e+01 3.60008839207261047e-03 2.25201186744406057e-06
 6.02666666666666657e+01 6.03999999999999986e+01 3.61863593293531953e-03 2.23701957603770377e-06
 6.03999999999999986e+01 6.05333333333333314e+01 3.63173264714297846e-03 2.22297083607295518e-06
 6.05333333333333314e+01 6.06666666666666643e+01 3.64655743427555034e-03 2.23033932056464102e-06
 6.06666666666666643e+01 6.07999999999999972e+01 3.66636034900722592e-03 2.29803015258199969e-06
 6.07999999999999972e+01 6.09333333333333371e+01 3.68104256921802106e-03 2.21285621451055865e-06
 6.09333333333333371e+01 6.10666666666666629e+01 3.69892515253258036e-03 2.21641642682741413e-06
 6.10666666666666629e+01 6.12000000000000028e+01 3.72145528410751034e-03 2.22154812115463963e-06
 6.12000000000000028e+01 6.13333333333333357e+01 3.73619010797483905e-03 2.34221404048577413e-06
 6.13333333333333357e+01 6.14666666666666686e+01 3.74951802829534249e-03 2.20716324610707946e-06
 6.14666666666666686e+01 6.16000000000000014e+01 3.77421896135551145e-03 2.24363154292191433e-06
 6.16000000000000014e+01 6.17333333333333343e+01 3.78776766850315912e-03 2.28539728981413035e-06
 6.17333333333333343e+01 6.18666666666666671e+01 3.80383005434489687e-03 2.23316611863661406e-06
 6.18666666666666671e+01 6.20000000000000000e+01 3.82396144439210630e-03 2.27181814455785311e-06
 6.20000000000000000e+01 6.21333333333333329e+01 3.83708996641243501e-03 2.33909966433518642e-06
 6.21333333333333329e+01 6.22666666666666657e+01 3.85830752343838818e-03 2.32534809156238420e-06
 6.22666666666666657e+01 6.23999999999999986e+01 3.87499207061875548e-03 2.29047804047934006e-06
 6.23999999999999986e+01 6.25333333333333314e+01 3.89362157067074579e-03 2.25515178967777030e-06
 6.25333333333333314e+01 6.26666666666666643e+01 3.90721584777981024e-03 2.23477530702956407e-06
 6.26666666666666643e+01 6.27999999999999972e+01 3.92215459369297734e-03 2.29669140748343879e-06
 6.27999999999999972e+01 6.29333333333333371e+01 3.93999578354594163e-03 2.25583829746260871e-06
 6.29333333333333371e+01 6.30666666666666629e+01 3.95713115096507553e-03 2.26871229553287754e-06
 6.30666666666666629e+01 6.32000000000000028e+01 3.97464775812396594e-03 2.31029630033659634e-06
 6.32000000000000028e+01 6.33333333333333357e+01 3.99295801530317931e-03 2.34183267225242355e-06
 6.33333333333333357e+01 6.34666666666666686e+01 4.00159941984568057e-03 2.30617917435262838e-06
 6.34666666666666686e+01 6.36000000000000014e+01 4.01850993274102761e-03 2.33122454136901434e-06
 6.36000000000000014e+01 6.37333333333333343e+01 4.03297676590348535e-03 2.29381335974702020e-06
 6.37333333333333343e+01 6.38666666666666671e+01 4.05048455638715426e-03 2.35838318696858211e-06
 6.38666666666666671e+01 6.40000000000000000e+01 4.06592270696832722e-03 2.37289768167241724e-06
 6.40000000000000000e+01 6.41333333333333258e+01 4.08168213241403687e-03 2.42078272343323224e-06
 6.41333333333333258e+01 6.42666666666666657e+01 4.09395335623275770e-03 2.29799055643208962e-06
 6.42666666666666657e+01 6.44000000000000057e+01 4.10581649168741385e-03 2.35098468587933566e-06
 6.44000000000000057e+01 6.45333333333333314e+01 4.11864325089817112e-03 2.39972103196429813e-06
 6.45333333333333314e+01 6.46666666666666714e+01 4.13535414100280312e-03 2.34825963098121008e-06
 6.46666666666666714e+01 6.47999999999999972e+01 4.14814117936812467e-03 2.34008371875426745e-06
 6.47999999999999972e+01 6.49333333333333371e+01 4.16402334361765450e-03 2.29192478581420454e-06
 6.49333333333333371e+01 6.50666666666666629e+01 4.17760425061470923e-03 2.31531216554767294e-06
 6.50666666666666629e+01 6.52000000000000028e+01 4.19368362696906360e-03 2.52387276175433776e-06
 6.52000000000000028e+01 6.53333333333333286e+01 4.20411324950389822e-03 2.46721722275693773e-06
 6.53333333333333286e+01 6.54666666666666686e+01 4.21903503924758033e-03 2.36870511539134352e-06
 6.54666666666666686e+01 6.55999999999999943e+01 4.23315696040483472e-03 2.32357562463975738e-06
 6.55999999999999943e+01 6.57333333333333343e+01 4.24519442503109960e-03 2.36479436054140872e-06
 6.57333333333333343e+01 6.58666666666666742e+01 4.25479455821730843e-03 2.32925315549112864e-06
 6.58666666666666742e+01 6.60000000000000000e+01 4.26905850386219768e-03 2.44026999892664850e-06
 6.60000000000000000e+01 6.61333333333333258e+01 4.28623206582421507e-03 2.41340135119645910e-06
 6.61333333333333258e+01 6.62666666666666657e+01 4.29150395935636118e-03 2.99546720681207018e-06
 6.62666666666666657e+01 6.64000000000000057e+01 4.30050217749817967e-03 2.30802380036695004e-06
 6.64000000000000057e+01 6.65333333333333314e+01 4.31831784432694203e-03 2.31880940899373436e-06
 6.65333333333333314e+01 6.66666666666666714e+01 4.32757291540404165e-03 2.51792374742151104e-06
 6.66666666666666714e+01 6.67999999999999972e+01 4.34065204146467064e-03 2.37822799536885825e-06
 6.67999999999999972e+01 6.69333333333333371e+01 4.35442487008144957e-03 2.46103555368480743e-06
 6.69333333333333371e+01 6.70666666666666629e+01 4.36451405837132069e-03 2.37949919578931441e-06
 6.70666666666666629e+01 6.72000000000000028e+01 4.38143451296111718e-03 2.43480842019358516e-06
 6.72000000000000028e+01 6.73333333333333286e+01 4.38594178780742344e-03 2.43944888531459235e-06
 6.73333333333333286e+01 6.74666666666666686e+01 4.39731150598340979e-03 2.45266068788500252e-06
 6.74666666666666686e+01 6.75999999999999943e+01 4.40993702905303001e-03 2.39383727472238333e-06
 6.75999999999999943e+01 6.77333333333333343e+01 4.42069432486099072e-03 2.34631362753410750e-06
 6.77333333333333343e+01 6.78666666666666742e+01 4.43525845713815380e-03 2.46163698790324829e-06
 6.78666666666666742e+01 6.80000000000000000e+01 4.44224803897841965e-03 2.47848472810599870e-06
 6.80000000000000000e+01 6.81333333333333258e+01 4.45055666341518177e-03 2.35347068191617524e-06
 6.81333333333333258e+01 6.82666666666666657e+01 4.46285400694861317e-03 2.36096801888839882e-06
 6.82666666666666657e+01 6.84000000000000057e+01 4.47044824257270251e-03 2.46293978780363201e-06
 6.84000000000000057e+01 6.85333333333333314e+01 4.47730654066236591e-03 2.39617198730876781e-06
 6.85333333333333314e+01 6.86666666666666714e+01 4.49062951647118819e-03 2.37786256768058291e-06
 6.86666666666666714e+01 6.87999999999999972e+01 4.49677854710603571e-03 2.40477220490913466e-06
 6.87999999999999972e+01 6.89333333333333371e+01 4.51112593289535249e-03 2.43544265045355515e-06
 6.89333333333333371e+01 6.90666666666666629e+01 4.52128903937279794e-03 2.40549634238160545e-06
 6.90666666666666629e+01 6.92000000000000028e+01 4.53404840307363409e-03 2.43611049321092911e-06
 6.92000000000000028e+01 6.93333333333333286e+01 4.53873832867727599e-03 2.46872637192916192e-06
 6.93333333333333286e+01 6.94666666666666686e+01 4.54674577981497696e-03 2.37512464010603195e-06
 6.94666666666666686e+01 6.95999999999999943e+01 4.56225153171530874e-03 2.52110027952762164e-06
 6.95999999999999943e+01 6.97333333333333343e+01 4.56077420027206117e-03 2.51867757850621516e-06
 6.97333333333333343e+01 6.98666666666666742e+01 4.57633495992852343e-03 2.41140860530086365e-06
 6.98666666666666742e+01 7.00000000000000000e+01 4.58878213213268545e-03 2.63111128205028935e-06
 7.00000000000000000e+01 7.01333333333333258e+01 4.59598031399479322e-03 2.53589834698068784e-06
 7.01333333333333258e+01 7.02666666666666657e+01 4.60202728620862523e-03 2.49392999209981724e-06
 7.02666666666666657e+01 7.04000000000000057e+01 4.61095161564802763e-03 2.44896580361061749e-06
 7.04000000000000057e+01 7.05333333333333314e+01 4.61890171527014858e-03 2.44782325076101415e-06
 7.05333333333333314e+01 7.06666666666666714e+01 4.62597276173337766e-03 2.57517372468115542e-06
 7.06666666666666714e+01 7.07999999999999972e+01 4.63235021042582556e-03 2.43613284823200190e-06
 7.07999999999999972e+01 7.09333333333333371e+01 4.63717280440206076e-03 2.41417474853727722e-06
 7.09333333333333371e+01 7.10666666666666629e+01 4.64234504208845336e-03 2.39518520608534182e-06
 7.10666666666666629e+01 7.12000000000000028e+01 4.65977526774548779e-03 2.46042386124978137e-06
 7.12000000000000028e+01 7.13333333333333286e+01 4.66292272832550744e-03 2.39909935968442458e-06
 7.13333333333333286e+01 7.14666666666666686e+01 4.66912749265036443e-03 2.41069107679557896e-06
 7.14666666666666686e+01 7.15999999999999943e+01 4.67841773255971236e-03 2.48130128012470893e-06
 7.15999999999999943e+01 7.17333333333333343e+01 4.68456348028467237e-03 2.36893707262035306e-06
 7.17333333333333343e+01 7.18666666666666742e+01 4.68811229567387203e-03 2.55686207889420073e-06
 7.18666666666666742e+01 7.20000000000000000e+01 4.69928867402026346e-03 2.39421603482649814e-06
 7.20000000000000000e+01 7.21333333333333258e+01 4.70805908616387520e-03 2.63958573376385169e-06
 7.21333333333333258e+01 7.22666666666666657e+01 4.70811063455987052e-03 2.54673357689009138e-06
 7.22666666666666657e+01 7.24000000000000057e+01 4.71626898837003514e-03 2.49424718536224565e-06
 7.24000000000000057e+01 7.25333333333333314e+01 4.72255142474618979e-03 2.49413266586157458e-06
 7.25333333333333314e+01 7.26666666666666714e+01 4.73112621691963893e-03 2.47697498519368378e-06
 7.26666666666666714e+01 7.27999999999999972e+01 4.72989004793634548e-03 2.49082308618577596e-06
 7.27999999999999972e+01 7.29333333333333371e+01 4.74236239088896092e-03 2.67386616507597241e-06
 7.29333333333333371e+01 7.30666666666666629e+01 4.74632971379307725e-03 3.10326941727011195e-06
 7.30666666666666629e+01 7.32000000000000028e+01 4.75571772999221903e-03 2.42156827428511228e-06
 7.32000000000000028e+01 7.33333333333333286e+01 4.76054829123005469e-03 2.55524624965559171e-06
 7.33333333333333286e+01 7.34666666666666686e+01 4.76225924757943831e-03 2.53830452528366849e-06
 7.34666666666666686e+01 7.35999999999999943e+01 4.76465307290273657e-03 2.50460448471354212e-06
 7.35999999999999943e+01 7.37333333333333343e+01 4.77424465240037978e-03 2.46988704595348527e-06
 7.37333333333333343e+01 7.38666666666666742e+01 4.77689145799014767e-03 2.44710507707500470e-06
 7.38666666666666742e+01 7.40000000000000000e+01 4.78541483305724991e-03 2.44026879839052905e-06
 7.40000000000000000e+01 7.41333333333333258e+01 4.79169328676287611e-03 2.57473902114359843e-06
 7.41333333333333258e+01 7.42666666666666657e+01 4.79367823892417038e-03 2.63463134805789973e-06
 7.42666666666666657e+01 7.44000000000000057e+01 4.79761763451771756e-03 2.50097945315640693e-06
 7.44000000000000057e+01 7.45333333333333314e+01 4.79840658461264547e-03 2.48031996496205091e-06
 7.45333333333333314e+01 7.46666666666666714e+01 4.80505977447580508e-03 2.49046949327641681e-06
 7.46666666666666714e+01 7.47999999999999972e+01 4.80566291757340055e-03 2.54764458722421643e-06
 7.47999999999999972e+01 7.49333333333333371e+01 4.80976906504653173e-03 2.45437756728053922e-06
 7.49333333333333371e+01 7.50666666666666629e+01 4.81769618908681023e-03 2.46984668315395214e-06
 7.50666666666666629e+01 7.52000000000000028e+01 4.81922037161278648e-03 2.46901881534273087e-06
 7.52000000000000028e+01 7.53333333333333286e+01 4.82457870438850536e-03 2.55297831617225226e-06
 7.53333333333333286e+01 7.54666666666666686e+01 4.82958389384454973e-03 2.53765411163352257e-06
 7.54666666666666686e+01 7.55999999999999943e+01 4.82981706268838153e-03 2.54781632797165608e-06
 7.55999999999999943e+01 7.57333333333333343e+01 4.83498213500422897e-03 2.49666153718487413e-06
 7.57333333333333343e+01 7.58666666666666742e+01 4.83869102760932888e-03 2.44857505194112642e-06
 7.58666666666666742e+01 7.60000000000000000e+01 4.84091696611006587e-03 2.66729736703088551e-06
 7.60000000000000000e+01 7.61333333333333258e+01 4.84510722624904421e-03 2.50037761009543829e-06
 7.61333333333333258e+01 7.62666666666666657e+01 4.84813562634654402e-03 2.59144449356738991e-06
 7.62666666666666657e+01 7.64000000000000057e+01 4.84670509660538925e-03 2.53121540575098268e-06
 7.64000000000000057e+01 7.65333333333333314e+01 4.84625931604125079e-03 2.50380028989517719e-06
 7.65333333333333314e+01 7.66666666666666714e+01 4.84833088100483471e-03 2.44493187514039422e-06
 7.66666666666666714e+01 7.67999999999999972e+01 4.85650850217943936e-03 2.49574836818799367e-06
 7.67999999999999972e+01 7.69333333333333371e+01 4.85518480059804556e-03 2.45357283946655120e-06
 7.69333333333333371e+01 7.70666666666666629e+01 4.85867059674599186e-03 2.48766726970662801e-06
 7.70666666666666629e+01 7.72000000000000028e+01 4.86747865837750936e-03 2.49435612672233919e-06
 7.72000000000000028e+01 7.73333333333333286e+01 4.86694612369480487e-03 2.52565657487879926e-06
 7.73333333333333286e+01 7.74666666666666686e+01 4.87049428983173886e-03 2.60267376271834322e-06
 7.74666666666666686e+01 7.75999999999999943e+01 4.86839608991949079e-03 2.53945090030275348e-06
 7.75999999999999943e+01 7.77333333333333343e+01 4.86873854583484093e-03 2.55565113173489194e-06
 7.77333333333333343e+01 7.78666666666666742e+01 4.86815524713392084e-03 2.51932493380795284e-06
 7.78666666666666742e+01 7.80000000000000000e+01 4.87366451444635682e-03 2.57494846687037670e-06
 7.80000000000000000e+01 7.81333333333333258e+01 4.87433958902632261e-03 2.54786589615828393e-06
 7.81333333333333258e+01 7.82666666666666657e+01 4.87133813961641935e-03 2.44921130946388525e-06
 7.82666666666666657e+01 7.84000000000000057e+01 4.87127585733552852e-03 2.49344516625739284e-06
 7.84000000000000057e+01 7.85333333333333314e+01 4.87192342885958956e-03 2.46521258899492368e-06
 7.85333333333333314e+01 7.86666666666666714e+01 4.87752785111975583e-03 2.47939875749148660e-06
 7.86666666666666714e+01 7.87999999999999972e+01 4.87858669476370476e-03 2.56814237015626041e-06
 7.87999999999999972e+01 7.89333333333333371e+01 4.87761441843226427e-03 2.56489273509783125e-06
 7.89333333333333371e+01 7.90666666666666629e+01 4.87952347342444828e-03 2.88496544619165066e-06
 7.90666666666666629e+01 7.92000000000000028e+01 4.87743743255634934e-03 2.72869414591264969e-06
 7.92000000000000028e+01 7.93333333333333286e+01 4.87642984366114165e-03 2.51764027378548385e-06
 7.93333333333333286e+01 7.94666666666666686e+01 4.87812422098196728e-03 3.46943575359075357e-06
 7.94666666666666686e+01 7.95999999999999943e+01 4.87515728155389193e-03 2.70694514287514378e-06
 7.95999999999999943e+01 7.97333333333333343e+01 4.88160034875876302e-03 5.44859875076928690e-06
 7.97333333333333343e+01 7.98666666666666742e+01 4.87723587311998056e-03 2.53826492122175156e-06
 7.98666666666666742e+01 8.00000000000000000e+01 4.88418987059579396e-03 5.98421331764464390e-06
 8.00000000000000000e+01 8.01333333333333258e+01 4.87409506477448715e-03 2.54273293514177549e-06
 8.01333333333333258e+01 8.02666666666666657e+01 4.87719238183817808e-03 2.54445422672258192e-06
 8.02666666666666657e+01 8.04000000000000057e+01 4.87635211224997193e-03 2.56532771185475118e-06
 8.04000000000000057e+01 8.05333333333333314e+01 4.87343621718054273e-03 2.57041003065585184e-06
 8.05333333333333314e+01 8.06666666666666714e+01 4.86973795110407729e-03 2.51893406191653743e-06
 8.06666666666666714e+01 8.07999999999999972e+01 4.86543545785081584e-03 2.63157374517929261e-06
 8.07999999999999972e+01 8.09333333333333371e+01 4.87062478004368030e-03 2.51643010328561802e-06
 8.09333333333333371e+01 8.10666666666666629e+01 4.86685224857407242e-03 2.54714774482414835e-06
 8.10666666666666629e+01 8.12000000000000028e+01 4.87199861696273329e-03 2.63244654385953722e-06
 8.12000000000000028e+01 8.13333333333333286e+01 4.86455482930860279e-03 2.54968910788475503e-06
 8.13333333333333286e+01 8.14666666666666686e+01 4.86149638579754222e-03 2.56335682925582543e-06
 8.14666666666666686e+01 8.15999999999999943e+01 4.85852659506175351e-03 2.46536990973080493e-06
 8.15999999999999943e+01 8.17333333333333343e+01 4.85671630069647257e-03 2.52463362342935214e-06
 8.17333333333333343e+01 8.18666666666666742e+01 4.85518567591868185e-03 2.51446080069669383e-06
 8.18666666666666742e+01 8.20000000000000000e+01 4.85321606691879303e-03 2.51703155012526356e-06
 8.20000000000000000e+01 8.21333333333333258e+01 4.85349373623846902e-03 2.45405398953297452e-06
 8.21333333333333258e+01 8.22666666666666657e+01 4.84920178136774484e-03 2.54482582958000853e-06
 8.22666666666666657e+01 8.24000000000000057e+01 4.84758664937873836e-03 2.46919631253015175e-06
 8.24000000000000057e+01 8.25333333333333314e+01 4.84347323039742515e-03 2.51859357144855391e-06
 8.25333333333333314e+01 8.26666666666666572e+01 4.84203886025258868e-03 2.59084470618894425e-06
 8.26666666666666572e+01 8.27999999999999972e+01 4.84212737234138938e-03 2.54733928989172564e-06
 8.27999999999999972e+01 8.29333333333333371e+01 4.83112000407291079e-03 2.52263442448160487e-06
 8.29333333333333371e+01 8.30666666666666629e+01 4.83128636659864788e-03 2.56247197601550919e-06
 8.30666666666666629e+01 8.32000000000000028e+01 4.83277768084097639e-03 2.73325605751675860e-06
 8.32000000000000028e+01 8.33333333333333428e+01 4.82693336110621291e-03 2.48929624449839373e-06
 8.33333333333333428e+01 8.34666666666666686e+01 4.82271009456539460e-03 2.87891307591797765e-06
 8.34666666666666686e+01 8.35999999999999943e+01 4.81488245172778401e-03 7.30527298186244672e-06
 8.35999999999999943e+01 8.37333333333333343e+01 4.81406087081660827e-03 2.50098742955157631e-06
 8.37333333333333343e+01 8.38666666666666742e+01 4.81388022943452735e-03 2.60054191760117722e-06
 8.38666666666666742e+01 8.40000000000000000e+01 4.81103567539123249e-03 2.51133758960519094e-06
 8.40000000000000000e+01 8.41333333333333258e+01 4.80133752869982451e-03 2.49130229742442740e-06
 8.41333333333333258e+01 8.42666666666666657e+01 4.79736131130304409e-03 2.48207541464846332e-06
 8.42666666666666657e+01 8.44000000000000057e+01 4.79948935791483199e-03 2.51461528571377761e-06
 8.44000000000000057e+01 8.45333333333333314e+01 4.79132869704210554e-03 2.61730613526050481e-06
 8.45333333333333314e+01 8.46666666666666572e+01 4.78553472848809638e-03 2.55875161158812661e-06
 8.46666666666666572e+01 8.47999999999999972e+01 4.78155798204457118e-03 2.56648531229477381e-06
 8.47999999999999972e+01 8.49333333333333371e+01 4.77434740635148715e-03 2.53109508498013926e-06
 8.49333333333333371e+01 8.50666666666666629e+01 4.77035070635185680e-03 3.12325544319392318e-06
 8.50666666666666629e+01 8.52000000000000028e+01 4.77000314688981204e-03 2.49777547042137580e-06
 8.52000000000000028e+01 8.53333333333333428e+01 4.76399637544631938e-03 2.52525019698917519e-06
 8.53333333333333428e+01 8.54666666666666686e+01 4.75946457692849080e-03 2.51071168259353565e-06
 8.54666666666666686e+01 8.55999999999999943e+01 4.75458342795522394e-03 2.67128400093713495e-06
 8.55999999999999943e+01 8.57333333333333343e+01 4.74799050506638769e-03 2.56357228897183284e-06
 8.57333333333333343e+01 8.58666666666666742e+01 4.74283716133579517e-03 2.47774823518597600e-06
 8.58666666666666742e+01 8.60000000000000000e+01 4.73846224252084513e-03 2.55077731784505299e-06
 8.60000000000000000e+01 8.61333333333333258e+01 4.73146429759273724e-03 2.59449036396305971e-06
 8.61333333333333258e+01 8.62666666666666657e+01 4.73229083037704935e-03 2.56042048216134458e-06
 8.62666666666666657e+01 8.64000000000000057e+01 4.72183944871314501e-03 2.45552580912965317e-06
 8.64000000000000057e+01 8.65333333333333314e+01 4.72066671100453399e-03 2.48943993413271784e-06
 8.65333333333333314e+01 8.66666666666666572e+01 4.71158768205896632e-03 2.64713957433086612e-06
 8.66666666666666572e+01 8.67999999999999972e+01 4.70045923055328278e-03 2.54022435554906135e-06
 8.67999999999999972e+01 8.69333333333333371e+01 4.69831303890325992e-03 2.52269290524409922e-06
 8.69333333333333371e+01 8.70666666666666629e+01 4.69224329443519109e-03 2.54554767538017788e-06
 8.70666666666666629e+01 8.72000000000000028e+01 4.68385870653091618e-03 2.54525609345447201e-06
 8.72000000000000028e+01 8.73333333333333428e+01 4.68008374227793858e-03 2.55629205413103617e-06
 8.73333333333333428e+01 8.74666666666666686e+01 4.67557958829851496e-03 2.51456713305896802e-06
 8.74666666666666686e+01 8.75999999999999943e+01 4.66543243467128915e-03 2.49914749980943185e-06
 8.75999999999999943e+01 8.77333333333333343e+01 4.65662895067504943e-03 2.51180209330558249e-06
 8.77333333333333343e+01 8.78666666666666742e+01 4.65172331954201088e-03 2.47850742428472748e-06
 8.78666666666666742e+01 8.80000000000000000e+01 4.64231890962325117e-03 2.54951481788927847e-06
 8.80000000000000000e+01 8.81333333333333258e+01 4.63980874732296874e-03 2.66376749318936602e-06
 8.81333333333333258e+01 8.82666666666666657e+01 4.62705764135968364e-03 2.55597151860602538e-06
 8.82666666666666657e+01 8.84000000000000057e+01 4.62628810252279071e-03 2.67523348753575200e-06
 8.84000000000000057e+01 8.85333333333333314e+01 4.61595324496903714e-03 2.49573509176436254e-06
 8.85333333333333314e+01 8.86666666666666572e+01 4.60851593977470476e-03 2.61884985199171710e-06
 8.86666666666666572e+01 8.87999999999999972e+01 4.60639922423723789e-03 2.58802289072682315e-06
 8.87999999999999972e+01 8.89333333333333371e+01 4.59828861330733359e-03 2.52084905462763694e-06
 8.89333333333333371e+01 8.90666666666666629e+01 4.58874993248074414e-03 2.56766101883017979e-06
 8.90666666666666629e+01 8.92000000000000028e+01 4.58204099753528257e-03 2.58041076154455099e-06
 8.92000000000000028e+01 8.93333333333333428e+01 4.57340840116896540e-03 2.56268027556549504e-06
 8.93333333333333428e+01 8.94666666666666686e+01 4.56656692591151086e-03 2.48946139034687055e-06
 8.94666666666666686e+01 8.95999999999999943e+01 4.56152479482023303e-03 2.54541655525471237e-06
 8.95999999999999943e+01 8.97333333333333343e+01 4.54688039450505416e-03 2.47738221916040069e-06
 8.97333333333333343e+01 8.98666666666666742e+01 4.53969460710464644e-03 2.51044842790052366e-06
 8.98666666666666742e+01 9.00000000000000000e+01 4.53239673117150545e-03 2.61487960257343375e-06
 9.00000000000000000e+01 9.01333333333333258e+01 4.52830518478956542e-03 2.61987790843447625e-06
 9.01333333333333258e+01 9.02666666666666657e+01 4.51731754607821809e-03 2.46482831790869759e-06
 9.02666666666666657e+01 9.04000000000000057e+01 4.50558008675158977e-03 2.67762387161792057e-06
 9.04000000000000057e+01 9.05333333333333314e+01 4.49720630592004289e-03 2.46791592766165553e-06
 9.05333333333333314e+01 9.06666666666666572e+01 4.48460952734487141e-03 2.58326115190447799e-06
 9.06666666666666572e+01 9.07999999999999972e+01 4.48022301659814666e-03 2.71800208629696150e-06
 9.07999999999999972e+01 9.09333333333333371e+01 4.47241192095957935e-03 2.55850301987453715e-06
 9.09333333333333371e+01 9.10666666666666629e+01 4.46708130636632329e-03 2.53743398515015775e-06
 9.10666666666666629e+01 9.12000000000000028e+01 4.45699404031461681e-03 2.52639641656048910e-06
 9.12000000000000028e+01 9.13333333333333428e+01 4.44251055506074671e-03 2.43894007841631539e-06
 9.13333333333333428e+01 9.14666666666666686e+01 4.44162972962803410e-03 2.46000996447727415e-06
 9.14666666666666686e+01 9.15999999999999943e+01 4.42542527577816092e-03 2.52800016786712039e-06
 9.15999999999999943e+01 9.17333333333333343e+01 4.41950099717688602e-03 2.62957461102875095e-06
 9.17333333333333343e+01 9.18666666666666742e+01 4.41048907273901281e-03 2.57972477114992802e-06
 9.18666666666666742e+01 9.20000000000000000e+01 4.40035779994533624e-03 2.54071691466776587e-06
 9.20000000000000000e+01 9.21333333333333258e+01 4.38694525642337966e-03 2.52159235625593051e-06
 9.21333333333333258e+01 9.22666666666666657e+01 4.37172542567398296e-03 2.46729722487709432e-06
 9.22666666666666657e+01 9.24000000000000057e+01 4.36992475767947804e-03 2.57855796063781299e-06
 9.24000000000000057e+01 9.25333333333333314e+01 4.35829522543484948e-03 2.52361284611896501e-06
 9.25333333333333314e+01 9.26666666666666572e+01 4.35057533724364943e-03 3.12659879361870465e-06
 9.26666666666666572e+01 9.27999999999999972e+01 4.33611157974810642e-03 2.51984511542068724e-06
 9.27999999999999972e+01 9.29333333333333371e+01 4.32783353016209359e-03 2.52322150125361204e-06
 9.29333333333333371e+01 9.30666666666666629e+01 4.31216286939256274e-03 2.46463389820899058e-06
 9.30666666666666629e+01 9.32000000000000028e+01 4.30417066035107976e-03 2.54816278816586273e-06
 9.32000000000000028e+01 9.33333333333333428e+01 4.29469753758801413e-03 2.42330191160908657e-06
 9.33333333333333428e+01 9.34666666666666686e+01 4.28891902776638856e-03 2.61038452194649759e-06
 9.34666666666666686e+01 9.35999999999999943e+01 4.27643928024651083e-03 2.58599414098014441e-06
 9.35999999999999943e+01 9.37333333333333343e+01 4.26527808686322576e-03 2.50790237625238521e-06
 9.37333333333333343e+01 9.38666666666666742e+01 4.25879397710407937e-03 2.44845140217947573e-06
 9.38666666666666742e+01 9.40000000000000000e+01 4.24195508692449662e-03 2.49836924218611484e-06
 9.40000000000000000e+01 9.41333333333333258e+01 4.23095777170142285e-03 2.57608844259235724e-06
 9.41333333333333258e+01 9.42666666666666657e+01 4.21955657035820789e-03 2.40938359708267070e-06
 9.42666666666666657e+01 9.44000000000000057e+01 4.21150422073427941e-03 2.47209625895692890e-06
 9.44000000000000057e+01 9.45333333333333314e+01 4.19961978580332858e-03 2.48207253693949827e-06
 9.45333333333333314e+01 9.46666666666666572e+01 4.19098454796963324e-03 2.54336614559471494e-06
 9.46666666666666572e+01 9.47999999999999972e+01 4.17642752866380883e-03 2.42737239655551350e-06
 9.47999999999999972e+01 9.49333333333333371e+01 4.16742270087847640e-03 3.28959716376104958e-06
 9.49333333333333371e+01 9.50666666666666629e+01 4.15687806301899467e-03 2.48931105042869279e-06
 9.50666666666666629e+01 9.52000000000000028e+01 4.14176013780358492e-03 2.37053084865463925e-06
 9.52000000000000028e+01 9.53333333333333428e+01 4.12990766901066928e-03 2.44833512210450656e-06
 9.53333333333333428e+01 9.54666666666666686e+01 4.12484910596842662e-03 2.46597613534813914e-06
 9.54666666666666686e+01 9.55999999999999943e+01 4.11165443579584577e-03 2.47204343916629664e-06
 9.55999999999999943e+01 9.57333333333333343e+01 4.09868697119225751e-03 2.40579629709571591e-06
 9.57333333333333343e+01 9.58666666666666742e+01 4.08646855884418816e-03 2.47275193547135741e-06
 9.58666666666666742e+01 9.60000000000000000e+01 4.07212007189869645e-03 2.48789463487498562e-06
 9.60000000000000000e+01 9.61333333333333258e+01 4.05570139754370378e-03 2.38732164465306553e-06
 9.61333333333333258e+01 9.62666666666666657e+01 4.04926901613818918e-03 2.48405526703857950e-06
 9.62666666666666657e+01 9.64000000000000057e+01 4.03863175978633714e-03 2.47021554240790304e-06
 9.64000000000000057e+01 9.65333333333333314e+01 4.02638799286767195e-03 2.37847821785481701e-06
 9.65333333333333314e+01 9.66666666666666572e+01 4.01273434025266849e-03 2.42965437066598736e-06
 9.66666666666666572e+01 9.67999999999999972e+01 4.00187682610263738e-03 2.38801673741842950e-06
 9.67999999999999972e+01 9.69333333333333371e+01 3.98984110004583972e-03 2.68901092910475611e-06
 9.69333333333333371e+01 9.70666666666666629e+01 3.97577174308470956e-03 2.77588109364203646e-06
 9.70666666666666629e+01 9.72000000000000028e+01 3.96590276981389957e-03 2.51674494580082292e-06
 9.72000000000000028e+01 9.73333333333333428e+01 3.94918804302518515e-03 2.39081387842029795e-06
 9.73333333333333428e+01 9.74666666666666686e+01 3.93993947373517690e-03 2.34930063806031688e-06
 9.74666666666666686e+01 9.75999999999999943e+01 3.93039426170688037e-03 2.42312758566585064e-06
 9.75999999999999943e+01 9.77333333333333343e+01 3.91631434052836565e-03 2.41630359965100674e-06
 9.77333333333333343e+01 9.78666666666666742e+01 3.89570013679192565e-03 2.41821815407011907e-06
 9.78666666666666742e+01 9.80000000000000000e+01 3.88725783164426937e-03 2.40452490919211349e-06
 9.80000000000000000e+01 9.81333333333333258e+01 3.87646493779246091e-03 2.43092298089051689e-06
 9.81333333333333258e+01 9.82666666666666657e+01 3.86228940704677354e-03 2.44765408711051777e-06
 9.82666666666666657e+01 9.84000000000000057e+01 3.84929230617420473e-03 2.58664384259915590e-06
 9.84000000000000057e+01 9.85333333333333314e+01 3.83671597581480535e-03 2.39160033260457785e-06
 9.85333333333333314e+01 9.86666666666666572e+01 3.82276201439114187e-03 2.36398832692212871e-06
 9.86666666666666572e+01 9.87999999999999972e+01 3.80945278489109272e-03 2.37030337946122179e-06
 9.87999999999999972e+01 9.89333333333333371e+01 3.79523335217985154e-03 2.43557915340674914e-06
 9.89333333333333371e+01 9.90666666666666629e+01 3.77593225354724490e-03 2.41946415205819864e-06
 9.90666666666666629e+01 9.92000000000000028e+01 3.77186592721428333e-03 2.34692331759076410e-06
 9.92000000000000028e+01 9.93333333333333428e+01 3.75674509342722529e-03 2.39005209939104142e-06
 9.93333333333333428e+01 9.94666666666666686e+01 3.74470552497638233e-03 2.37072995116698062e-06
 9.94666666666666686e+01 9.95999999999999943e+01 3.73196370450460529e-03 2.94152152184428449e-06
 9.95999999999999943e+01 9.97333333333333343e+01 3.71349751307025648e-03 2.38472604519707846e-06
 9.97333333333333343e+01 9.98666666666666742e+01 3.69887350559889834e-03 2.30699963563734798e-06
 9.98666666666666742e+01 1.00000000000000000e+02 3.68979114203881126e-03 2.35313345449150568e-06
 1.00000000000000000e+02 1.00133333333333326e+02 3.67322850438375455e-03 2.42881702754952658e-06
 1.00133333333333326e+02 1.00266666666666666e+02 3.66014185368778626e-03 2.37276216126233227e-06
 1.00266666666666666e+02 1.00400000000000006e+02 3.64863109755451335e-03 2.42856967913198864e-06
 1.00400000000000006e+02 1.00533333333333331e+02 3.63090365639009288e-03 2.26216497718423308e-06
 1.00533333333333331e+02 1.00666666666666657e+02 3.61567451977721404e-03 2.30159888726471601e-06
 1.00666666666666657e+02 1.00799999999999997e+02 3.60334123213661237e-03 2.34122414901800153e-06
 1.00799999999999997e+02 1.00933333333333337e+02 3.59229082940380100e-03 2.31814391731460270e-06
 1.00933333333333337e+02 1.01066666666666663e+02 3.57776653358547530e-03 2.35663483608015956e-06
 1.01066666666666663e+02 1.01200000000000003e+02 3.56160218104806334e-03 2.37361055114052390e-06
 1.01200000000000003e+02 1.01333333333333343e+02 3.54824034569173937e-03 2.56489841208743239e-06
 1.01333333333333343e+02 1.01466666666666669e+02 3.53442804530422223e-03 2.31952532672321849e-06
 1.01466666666666669e+02 1.01599999999999994e+02 3.51923131063258199e-03 2.36081940858625777e-06
 1.01599999999999994e+02 1.01733333333333334e+02 3.50507793936102961e-03 2.29669412404878342e-06
 1.01733333333333334e+02 1.01866666666666674e+02 3.48961505881562137e-03 2.29654808557341991e-06
 1.01866666666666674e+02 1.02000000000000000e+02 3.47420227122776509e-03 2.28642382192248299e-06
 1.02000000000000000e+02 1.02133333333333326e+02 3.46093498843429376e-03 2.26557265195411693e-06
 1.02133333333333326e+02 1.02266666666666666e+02 3.45181683323288191e-03 2.35031508695344237e-06
 1.02266666666666666e+02 1.02400000000000006e+02 3.43473669346361756e-03 2.29476250567795699e-06
 1.02400000000000006e+02 1.02533333333333331e+02 3.41671811063197451e-03 4.77628636421918459e-06
 1.02533333333333331e+02 1.02666666666666657e+02 3.40331318006220976e-03 2.30006957162031702e-06
 1.02666666666666657e+02 1.02799999999999997e+02 3.39120150764556918e-03 2.35238432379462459e-06
 1.02799999999999997e+02 1.02933333333333337e+02 3.37520670097028871e-03 2.24264006663269316e-06
 1.02933333333333337e+02 1.03066666666666663e+02 3.36263234353046140e-03 2.41432975968866952e-06
 1.03066666666666663e+02 1.03200000000000003e+02 3.34976224747556743e-03 2.41122552271485084e-06
 1.03200000000000003e+02 1.03333333333333343e+02 3.33200455393861368e-03 2.33268259687195064e-06
 1.03333333333333343e+02 1.03466666666666669e+02 3.31862315678708823e-03 2.22538324030905319e-06
 1.03466666666666669e+02 1.03599999999999994e+02 3.29672860734312942e-03 2.30956006111955632e-06
 1.03599999999999994e+02 1.03733333333333334e+02 3.28886533778992513e-03 2.43293181897092469e-06
 1.03733333333333334e+02 1.03866666666666674e+02 3.27563928687935957e-03 2.21580037402296847e-06
 1.03866666666666674e+02 1.04000000000000000e+02 3.25882643276959429e-03 2.25356584919081281e-06
 1.04000000000000000e+02 1.04133333333333326e+02 3.24244886552655601e-03 2.22677485382054469e-06
 1.04133333333333326e+02 1.04266666666666666e+02 3.22222941151690092e-03 2.25979943237853013e-06
 1.04266666666666666e+02 1.04400000000000006e+02 3.20847778154666327e-03 2.25678219667664755e-06
 1.04400000000000006e+02 1.04533333333333331e+02 3.19683648282579214e-03 2.34508305920454391e-06
 1.04533333333333331e+02 1.04666666666666657e+02 3.18396859331299131e-03 2.61163456123936984e-06
 1.04666666666666657e+02 1.04799999999999997e+02 3.16490036857843774e-03 2.17901300988310965e-06
 1.04799999999999997e+02 1.04933333333333337e+02 3.14912168037516458e-03 2.29358718415341168e-06
 1.04933333333333337e+02 1.05066666666666663e+02 3.13818458607512205e-03 2.37525188595121271e-06
 1.05066666666666663e+02 1.05200000000000003e+02 3.12145924163881490e-03 2.23375114197061358e-06
 1.05200000000000003e+02 1.05333333333333343e+02 3.10802673566545245e-03 2.26946194153536119e-06
 1.05333333333333343e+02 1.05466666666666669e+02 3.08960829918594575e-03 2.57695976987335632e-06
 1.05466666666666669e+02 1.05599999999999994e+02 3.07411618464500892e-03 2.20736614312590884e-06
 1.05599999999999994e+02 1.05733333333333334e+02 3.06261788913455039e-03 4.15189330053761081e-06
 1.05733333333333334e+02 1.05866666666666674e+02 3.03935066149995780e-03 2.20871021382181997e-06
 1.05866666666666674e+02 1.06000000000000000e+02 3.02698799006394584e-03 2.22937320814145662e-06
 1.06000000000000000e+02 1.06133333333333326e+02 3.01306143692741963e-03 2.24121799454900999e-06
 1.06133333333333326e+02 1.06266666666666666e+02 2.99744384580626555e-03 2.24058847469000077e-06
 1.06266666666666666e+02 1.06400000000000006e+02 2.98309064511220702e-03 2.37465008137383881e-06
 1.06400000000000006e+02 1.06533333333333331e+02 2.96755851687710093e-03 2.20081454278096034e-06
 1.06533333333333331e+02 1.06666666666666657e+02 2.95000124546177054e-03 2.20715589271620733e-06
 1.06666666666666657e+02 1.06799999999999997e+02 2.93634244896227425e-03 2.27145257433050156e-06
 1.06799999999999997e+02 1.06933333333333337e+02 2.91818636578401389e-03 2.21762998130332416e-06
 1.06933333333333337e+02 1.07066666666666663e+02 2.90080997666387506e-03 2.14465604654437621e-06
 1.07066666666666663e+02 1.07200000000000003e+02 2.88667494874254556e-03 2.17721220180616550e-06
 1.07200000000000003e+02 1.07333333333333343e+02 2.86833355554779812e-03 2.10068401481378594e-06
 1.07333333333333343e+02 1.07466666666666669e+02 2.85909815057648967e-03 2.23913743666334172e-06
 1.07466666666666669e+02 1.07599999999999994e+02 2.84096459500753204e-03 2.16323536006910544e-06
 1.07599999999999994e+02 1.07733333333333334e+02 2.82723634074402578e-03 2.12740593942885638e-06
 1.07733333333333334e+02 1.07866666666666674e+02 2.80863337869908646e-03 2.14325970234205649e-06
 1.07866666666666674e+02 1.08000000000000000e+02 2.79593417848537484e-03 2.25265179127866598e-06
 1.08000000000000000e+02 1.08133333333333326e+02 2.77957397307014792e-03 2.37185433351976900e-06
 1.08133333333333326e+02 1.08266666666666666e+02 2.76524645157144285e-03 2.23877244939064944e-06
 1.08266666666666666e+02 1.08400000000000006e+02 2.75052807047583775e-03 2.16219460751356142e-06
 1.08400000000000006e+02 1.08533333333333331e+02 2.72758268921354527e-03 2.09337906590392129e-06
 1.08533333333333331e+02 1.08666666666666657e+02 2.71614689353454628e-03 2.23680412686074922e-06
 1.08666666666666657e+02 1.08799999999999997e+02 2.69344318026397715e-03 2.06737728191679962e-06
 1.08799999999999997e+02 1.08933333333333337e+02 2.68431496938312210e-03 2.13103046399329910e-06
 1.08933333333333337e+02 1.09066666666666663e+02 2.66653617954665505e-03 2.11832596001650851e-06
 1.09066666666666663e+02 1.09200000000000003e+02 2.65463385472561927e-03 2.11157824578799221e-06
 1.09200000000000003e+02 1.09333333333333343e+02 2.64130335255003974e-03 2.17684357265739767e-06
 1.09333333333333343e+02 1.09466666666666669e+02 2.62200631216581064e-03 2.14890999373739768e-06
 1.09466666666666669e+02 1.09599999999999994e+02 2.61083558274738696e-03 3.72170470560634335e-06
 1.09599999999999994e+02 1.09733333333333334e+02 2.58721917071379898e-03 2.22767585958260373e-06
 1.09733333333333334e+02 1.09866666666666674e+02 2.57551203037441031e-03 2.13971271318882512e-06
 1.09866666666666674e+02 1.10000000000000000e+02 2.55790152440904962e-03 2.09148884205756667e-06
 1.10000000000000000e+02 1.10133333333333326e+02 2.54276175329701216e-03 2.02760173923847104e-06
 1.10133333333333326e+02 1.10266666666666666e+02 2.52611070900874129e-03 2.03534487304477105e-06
 1.10266666666666666e+02 1.10400000000000006e+02 2.51015182942703786e-03 2.00901539700613506e-06
 1.10400000000000006e+02 1.10533333333333331e+02 2.49200638392454727e-03 2.01820890105325974e-06
 1.10533333333333331e+02 1.10666666666666657e+02 2.47738008185130823e-03 2.03686876293845439e-06
 1.10666666666666657e+02 1.10799999999999997e+02 2.46510746036698696e-03 2.02747209285071887e-06
 1.10799999999999997e+02 1.10933333333333337e+02 2.44621827905836539e-03 2.00530885269586511e-06
 1.10933333333333337e+02 1.11066666666666663e+02 2.43469100094954004e-03 2.15916100598082171e-06
 1.11066666666666663e+02 1.11200000000000003e+02 2.41687161601599962e-03 2.06822219609432474e-06
 1.11200000000000003e+02 1.11333333333333343e+02 2.40216265274559261e-03 1.99107590565938215e-06
 1.11333333333333343e+02 1.11466666666666669e+02 2.38724641753279088e-03 2.02809346570268034e-06
 1.11466666666666669e+02 1.11599999999999994e+02 2.36933271759536424e-03 2.10612241973906648e-06
 1.11599999999999994e+02 1.11733333333333334e+02 2.35506550368508316e-03 2.03712285079958050e-06
 1.11733333333333334e+02 1.11866666666666674e+02 2.33733131750909129e-03 1.97027627732462012e-06
 1.11866666666666674e+02 1.12000000000000000e+02 2.32497404165103944e-03 1.98887438701853316e-06
 1.12000000000000000e+02 1.12133333333333326e+02 2.30856672296384088e-03 2.09084886158472850e-06
 1.12133333333333326e+02 1.12266666666666666e+02 2.29823796521409340e-03 2.06999830684945004e-06
 1.12266666666666666e+02 1.12400000000000006e+02 2.27949141026273679e-03 2.04266153978186506e-06
 1.12400000000000006e+02 1.12533333333333331e+02 2.26096570307246546e-03 2.03438275199497843e-06
 1.12533333333333331e+02 1.12666666666666657e+02 2.24722656714065145e-03 2.11437967612887522e-06
 1.12666666666666657e+02 1.12799999999999997e+02 2.22942319210028394e-03 1.91820880671733450e-06
 1.12799999999999997e+02 1.12933333333333337e+02 2.21701321954683979e-03 1.95936160704465938e-06
 1.12933333333333337e+02 1.13066666666666663e+02 2.20003914342906679e-03 2.30540259483183026e-06
 1.13066666666666663e+02 1.13200000000000003e+02 2.18670895782926847e-03 1.95346022741024119e-06
 1.13200000000000003e+02 1.13333333333333343e+02 2.16925715406435671e-03 1.93458388937148576e-06
 1.13333333333333343e+02 1.13466666666666669e+02 2.15362261176377939e-03 2.07504010112334168e-06
 1.13466666666666669e+02 1.13599999999999994e+02 2.13752901110680384e-03 1.89108011676630188e-06
 1.13599999999999994e+02 1.13733333333333334e+02 2.12409510905608957e-03 1.98420316368321861e-06
 1.13733333333333334e+02 1.13866666666666674e+02 2.10969989242879366e-03 1.88231067692160439e-06
 1.13866666666666674e+02 1.14000000000000000e+02 2.09440312990716781e-03 1.86764619417203195e-06
 1.14000000000000000e+02 1.14133333333333340e+02 2.07709663328718404e-03 1.85767027303974371e-06
 1.14133333333333340e+02 1.14266666666666666e+02 2.06358969071036716e-03 1.88287126164710611e-06
 1.14266666666666666e+02 1.14400000000000006e+02 2.04794772668927911e-03 1.92889909393569809e-06
 1.14400000000000006e+02 1.14533333333333331e+02 2.03233591750264821e-03 2.34253214872445432e-06
 1.14533333333333331e+02 1.14666666666666671e+02 2.01510986100337814e-03 1.81915655515736468e-06
 1.14666666666666671e+02 1.14799999999999997e+02 2.00289545223076692e-03 1.87655987665728856e-06
 1.14799999999999997e+02 1.14933333333333337e+02 1.98694273880542678e-03 1.90730962250329226e-06
 1.14933333333333337e+02 1.15066666666666663e+02 1.97037085503722108e-03 1.99985014966516652e-06
 1.15066666666666663e+02 1.15200000000000003e+02 1.95625325890211744e-03 1.87216537698908378e-06
 1.15200000000000003e+02 1.15333333333333329e+02 1.93730447230054193e-03 1.81001763731276835e-06
 1.15333333333333329e+02 1.15466666666666669e+02 1.92685810564831327e-03 1.86134881624972344e-06
 1.15466666666666669e+02 1.15599999999999994e+02 1.90842230281577149e-03 1.90104856442559729e-06
 1.15599999999999994e+02 1.15733333333333334e+02 1.89336459674463485e-03 1.77850896508555839e-06
 1.15733333333333334e+02 1.15866666666666660e+02 1.88149027688747214e-03 2.26156323474844415e-06
 1.15866666666666660e+02 1.16000000000000000e+02 1.86489772925919027e-03 1.86926022340712264e-06
 1.16000000000000000e+02 1.16133333333333340e+02 1.85379087871565418e-03 1.79900411713367605e-06
 1.16133333333333340e+02 1.16266666666666666e+02 1.83945120251350421e-03 1.89907106682119593e-06
 1.16266666666666666e+02 1.16400000000000006e+02 1.82122028985657052e-03 1.85915719613792245e-06
 1.16400000000000006e+02 1.16533333333333331e+02 1.80609544420969850e-03 1.74195793313512927e-06
 1.16533333333333331e+02 1.16666666666666671e+02 1.79233050544506012e-03 1.80644287093424584e-06
 1.16666666666666671e+02 1.16799999999999997e+02 1.77795763840438810e-03 2.16018906704252182e-06
 1.16799999999999997e+02 1.16933333333333337e+02 1.76555715812991071e-03 2.13860274095083846e-06
 1.16933333333333337e+02 1.17066666666666663e+02 1.74764280521072599e-03 1.82453038809611386e-06
 1.17066666666666663e+02 1.17200000000000003e+02 1.73163190515313948e-03 2.04589976622880008e-06
 1.17200000000000003e+02 1.17333333333333329e+02 1.71698794373561581e-03 1.74546414580555365e-06
 1.17333333333333329e+02 1.17466666666666669e+02 1.70394572462255131e-03 1.79620915622358729e-06
 1.17466666666666669e+02 1.17599999999999994e+02 1.68948527023274602e-03 1.74302044825156385e-06
 1.17599999999999994e+02 1.17733333333333334e+02 1.67680134843073794e-03 1.96041524939321435e-06
 1.17733333333333334e+02 1.17866666666666660e+02 1.66340257720533542e-03 1.80933995480898705e-06
 1.17866666666666660e+02 1.18000000000000000e+02 1.65116540179756940e-03 1.88069226383015713e-06
 1.18000000000000000e+02 1.18133333333333340e+02 1.63040264657474858e-03 1.76345669641574619e-06
 1.18133333333333340e+02 1.18266666666666666e+02 1.61811680133736968e-03 1.69607384023520149e-06
 1.18266666666666666e+02 1.18400000000000006e+02 1.59999780690381127e-03 1.71115354149756171e-06
 1.18400000000000006e+02 1.18533333333333331e+02 1.58795867121967380e-03 1.69999598375072696e-06
 1.18533333333333331e+02 1.18666666666666671e+02 1.57428941602984359e-03 1.74006040369313798e-06
 1.18666666666666671e+02 1.18799999999999997e+02 1.56101261516688973e-03 1.83826727378029524e-06
 1.18799999999999997e+02 1.18933333333333337e+02 1.54656563255429363e-03 1.74547037179225537e-06
 1.18933333333333337e+02 1.19066666666666663e+02 1.53372591768382487e-03 1.74379926035030996e-06
 1.19066666666666663e+02 1.19200000000000003e+02 1.51911478821374689e-03 2.17150028717944877e-06
 1.19200000000000003e+02 1.19333333333333329e+02 1.50534542263753538e-03 1.71314184359459067e-06
 1.19333333333333329e+02 1.19466666666666669e+02 1.48787595501382350e-03 1.64826186038690780e-06
 1.19466666666666669e+02 1.19599999999999994e+02 1.47903600699091087e-03 1.79292385526085867e-06
 1.19599999999999994e+02 1.19733333333333334e+02 1.46384669243303385e-03 1.80146949054843658e-06
 1.19733333333333334e+02 1.19866666666666660e+02 1.44981711805055886e-03 1.66930026395493716e-06
 1.19866666666666660e+02 1.20000000000000000e+02 1.43903344351939150e-03 1.79751206179239823e-06
 1.20000000000000000e+02 1.20133333333333340e+02 1.42321741657797747e-03 1.60197221132881921e-06
 1.20133333333333340e+02 1.20266666666666666e+02 1.41361721565639209e-03 1.62884088273819328e-06
 1.20266666666666666e+02 1.20400000000000006e+02 1.39878939398174794e-03 1.67513058156751942e-06
 1.20400000000000006e+02 1.20533333333333331e+02 1.38845428024590082e-03 1.67980452163994142e-06
 1.20533333333333331e+02 1.20666666666666671e+02 1.37620242611546711e-03 1.68336735024146346e-06
 1.20666666666666671e+02 1.20799999999999997e+02 1.36069750630840440e-03 1.68716141169898981e-06
 1.20799999999999997e+02 1.20933333333333337e+02 1.34878057053475502e-03 2.03040005505272649e-06
 1.20933333333333337e+02 1.21066666666666663e+02 1.33896074923554051e-03 1.78985755363316145e-06
 1.21066666666666663e+02 1.21200000000000003e+02 1.32219258645837690e-03 1.55135624950258625e-06
 1.21200000000000003e+02 1.21333333333333329e+02 1.31120164625248893e-03 1.75279637702997296e-06
 1.21333333333333329e+02 1.21466666666666669e+02 1.29887892663359001e-03 1.62165866738313964e-06
 1.21466666666666669e+02 1.21599999999999994e+02 1.28750528466442808e-03 1.58577424728032004e-06
 1.21599999999999994e+02 1.21733333333333334e+02 1.27352579245390975e-03 1.61486095147077382e-06
 1.21733333333333334e+02 1.21866666666666660e+02 1.26250197488849271e-03 3.40237369774684082e-06
 1.21866666666666660e+02 1.22000000000000000e+02 1.24884415541300130e-03 1.56002602319261905e-06
 1.22000000000000000e+02 1.22133333333333340e+02 1.23453035741339550e-03 1.70121002909966674e-06
 1.22133333333333340e+02 1.22266666666666666e+02 1.22407061991609053e-03 1.56278158509316780e-06
 1.22266666666666666e+02 1.22400000000000006e+02 1.20994800710825254e-03 1.51185877690328466e-06
 1.22400000000000006e+02 1.22533333333333331e+02 1.20287485964400815e-03 1.72706256066417958e-06
 1.22533333333333331e+02 1.22666666666666671e+02 1.18948751840753384e-03 1.54868955734114042e-06
 1.22666666666666671e+02 1.22799999999999997e+02 1.17517251666708882e-03 2.32638479820493792e-06
 1.22799999999999997e+02 1.22933333333333337e+02 1.16772663505737974e-03 1.90339562646962013e-06
 1.22933333333333337e+02 1.23066666666666663e+02 1.15386759556142379e-03 1.59662662204367969e-06
 1.23066666666666663e+02 1.23200000000000003e+02 1.13978599896926011e-03 1.59921942155690289e-06
 1.23200000000000003e+02 1.23333333333333329e+02 1.12970739070304997e-03 1.67551458918238501e-06
 1.23333333333333329e+02 1.23466666666666669e+02 1.11651850367566773e-03 1.56079466490907818e-06
 1.23466666666666669e+02 1.23599999999999994e+02 1.10534736283029035e-03 1.67692472204345309e-06
 1.23599999999999994e+02 1.23733333333333334e+02 1.09520900454844125e-03 2.72111856770102797e-06
 1.23733333333333334e+02 1.23866666666666660e+02 1.08352736443098705e-03 1.76650612684277124e-06
 1.23866666666666660e+02 1.24000000000000000e+02 1.07135453425390072e-03 2.00434542012299430e-06
 1.24000000000000000e+02 1.24133333333333340e+02 1.05604723111872079e-03 1.60093720183724585e-06
 1.24133333333333340e+02 1.24266666666666666e+02 1.04487512864548946e-03 1.62281188847545238e-06
 1.24266666666666666e+02 1.24400000000000006e+02 1.03299988588147359e-03 1.61022165761759857e-06
 1.24400000000000006e+02 1.24533333333333331e+02 1.02827558722146713e-03 1.83091821704069975e-06
 1.24533333333333331e+02 1.24666666666666671e+02 1.01286129385319557e-03 1.91170306680501308e-06
 1.24666666666666671e+02 1.24799999999999997e+02 1.00333348814227283e-03 1.66838582272024737e-06
 1.24799999999999997e+02 1.24933333333333337e+02 9.89808359316223267e-04 1.63945072638978754e-06
 1.24933333333333337e+02 1.25066666666666663e+02 9.80462539298380996e-04 1.75347546419737049e-06
 1.25066666666666663e+02 1.25200000000000003e+02 9.65110454204375968e-04 1.75786240524563874e-06
 1.25200000000000003e+02 1.25333333333333329e+02 9.58042848843115033e-04 1.75865483537411005e-06
 1.25333333333333329e+02 1.25466666666666669e+02 9.47133783107614521e-04 1.82085116058843620e-06
 1.25466666666666669e+02 1.25599999999999994e+02 9.35851836496823979e-04 1.68103271737706526e-06
 1.25599999999999994e+02 1.25733333333333334e+02 9.21672446631276458e-04 1.63152286881479288e-06
 1.25733333333333334e+02 1.25866666666666660e+02 9.13381718294841794e-04 1.62393279880674742e-06
 1.25866666666666660e+02 1.26000000000000000e+02 9.03341005977843976e-04 1.78377362861765454e-06
 1.26000000000000000e+02 1.26133333333333340e+02 8.90479535288263269e-04 1.70053185613053710e-06
 1.26133333333333340e+02 1.26266666666666666e+02 8.80969532918996151e-04 1.64200011986355795e-06
 1.26266666666666666e+02 1.26400000000000006e+02 8.70612729678763475e-04 1.79692498051510052e-06
 1.26400000000000006e+02 1.26533333333333331e+02 8.58530696893869904e-04 1.76505369229379295e-06
 1.26533333333333331e+02 1.26666666666666671e+02 8.50675778802707609e-04 1.70702098324390643e-06
 1.26666666666666671e+02 1.26799999999999997e+02 8.36638197009155959e-04 1.62582539951451416e-06
 1.26799999999999997e+02 1.26933333333333337e+02 8.26780599291059969e-04 1.59028873758653745e-06
 1.26933333333333337e+02 1.27066666666666663e+02 8.14095731738344319e-04 1.55190757086088919e-06
 1.27066666666666663e+02 1.27200000000000003e+02 8.06983959418477981e-04 1.68153768553289757e-06
 1.27200000000000003e+02 1.27333333333333329e+02 7.96557789707816755e-04 1.65708313447720057e-06
 1.27333333333333329e+02 1.27466666666666669e+02 7.83571001867466735e-04 1.64561671807853144e-06
 1.27466666666666669e+02 1.27599999999999994e+02 7.74526245044221341e-04 3.13203218810923137e-06
 1.27599999999999994e+02 1.27733333333333334e+02 7.64873254782236765e-04 1.64192865666764691e-06
 1.27733333333333334e+02 1.27866666666666660e+02 7.57697131190569685e-04 1.81378226848611089e-06
 1.27866666666666660e+02 1.28000000000000000e+02 7.44648509852417003e-04 1.65214999045115569e-06
 1.28000000000000000e+02 1.28133333333333326e+02 7.38680336094872333e-04 1.86589997353973321e-06
 1.28133333333333326e+02 1.28266666666666652e+02 7.27008349308798916e-04 1.90228223228234859e-06
 1.28266666666666652e+02 1.28400000000000006e+02 7.15921917865053824e-04 1.58757894446878606e-06
 1.28400000000000006e+02 1.28533333333333331e+02 7.07796369124025410e-04 1.59201242722526507e-06
 1.28533333333333331e+02 1.28666666666666686e+02 6.98129498305955008e-04 1.77646463452346646e-06
 1.28666666666666686e+02 1.28800000000000011e+02 6.83565866569407397e-04 1.77261556237944333e-06
 1.28800000000000011e+02 1.28933333333333337e+02 6.77310164600714438e-04 2.20717563948487094e-06
 1.28933333333333337e+02 1.29066666666666663e+02 6.63012970812819173e-04 1.91420209050896768e-06
 1.29066666666666663e+02 1.29199999999999989e+02 6.57187060190472338e-04 1.98343297579476150e-06
 1.29199999999999989e+02 1.29333333333333314e+02 6.45443139026026687e-04 1.88323965650093919e-06
 1.29333333333333314e+02 1.29466666666666669e+02 6.41917522498141528e-04 1.97948177115209822e-06
 1.29466666666666669e+02 1.29599999999999994e+02 6.26080818464241364e-04 2.11598858876559184e-06
 1.29599999999999994e+02 1.29733333333333348e+02 6.16360167563809766e-04 2.16940550630785645e-06
 1.29733333333333348e+02 1.29866666666666674e+02 6.06258924395215466e-04 2.04740826635391810e-06
 1.29866666666666674e+02 1.30000000000000000e+02 5.93999335197337663e-04 2.00596108963983358e-06

Histogram:lth-
 5.00000000000000000e+01 5.01333333333333329e+01 5.97081175226978175e-04 8.88871647605320803e-07
 5.01333333333333329e+01 5.02666666666666657e+01 6.07607268961138976e-04 9.10067017218352681e-07
 5.02666666666666657e+01 5.03999999999999986e+01 6.15909433269359939e-04 9.05158506931247048e-07
 5.03999999999999986e+01 5.05333333333333314e+01 6.27446015448368316e-04 9.39047289515171203e-07
 5.05333333333333314e+01 5.06666666666666643e+01 6.36176459381612193e-04 9.46269322508108216e-07
 5.06666666666666643e+01 5.07999999999999972e+01 6.47352392030356330e-04 1.01301741350984590e-06
 5.07999999999999972e+01 5.09333333333333300e+01 6.56728779655521545e-04 1.20560754178414253e-06
 5.09333333333333300e+01 5.10666666666666700e+01 6.67043809384276808e-04 9.88642024226195835e-07
 5.10666666666666700e+01 5.12000000000000028e+01 6.75513073061535319e-04 1.01564821312216052e-06
 5.12000000000000028e+01 5.13333333333333357e+01 6.85483038632624954e-04 9.90155524413931114e-07
 5.13333333333333357e+01 5.14666666666666686e+01 6.95904582428597874e-04 1.10313547324335416e-06
 5.14666666666666686e+01 5.16000000000000014e+01 7.04892972388340569e-04 1.03540419473860006e-06
 5.16000000000000014e+01 5.17333333333333343e+01 7.16854337051061924e-04 1.26879482206343270e-06
 5.17333333333333343e+01 5.18666666666666671e+01 7.26337393163594531e-04 1.00370699488556615e-06
 5.18666666666666671e+01 5.20000000000000000e+01 7.36976375039113344e-04 1.12570884320454795e-06
 5.20000000000000000e+01 5.21333333333333329e+01 7.46201093925754374e-04 1.05853326374528499e-06
 5.21333333333333329e+01 5.22666666666666657e+01 7.55824447152292616e-04 1.03768408236925310e-06
 5.22666666666666657e+01 5.23999999999999986e+01 7.65557625520235153e-04 1.05303512171924908e-06
 5.23999999999999986e+01 5.25333333333333314e+01 7.76912907980518400e-04 1.11072886532251987e-06
 5.25333333333333314e+01 5.26666666666666643e+01 7.85894167320508666e-04 1.05404453235326309e-06
 5.26666666666666643e+01 5.27999999999999972e+01 7.97106253791858197e-04 1.11327313000649223e-06
 5.27999999999999972e+01 5.29333333333333300e+01 8.06066735453334873e-04 1.10245537759520396e-06
 5.29333333333333300e+01 5.30666666666666700e+01 8.17391347657408173e-04 1.10743517988642803e-06
 5.30666666666666700e+01 5.32000000000000028e+01 8.26654903830296647e-04 1.03034133187835031e-06
 5.32000000000000028e+01 5.33333333333333357e+01 8.39205645191898157e-04 1.23279511612604416e-06
 5.33333333333333357e+01 5.34666666666666686e+01 8.49414177563927262e-04 1.23358233435761393e-06
 5.34666666666666686e+01 5.36000000000000014e+01 8.59642037647379985e-04 1.14196208077250412e-06
 5.36000000000000014e+01 5.37333333333333343e+01 8.68972663339389250e-04 1.12779276233563345e-06
 5.37333333333333343e+01 5.38666666666666671e+01 8.82812538150420456e-04 1.39719970212992778e-06
 5.38666666666666671e+01 5.40000000000000000e+01 8.90985212824536811e-04 1.14253068204817033e-06
 5.40000000000000000e+01 5.41333333333333329e+01 9.00880430314447223e-04 1.14087838780040930e-06
 5.41333333333333329e+01 5.42666666666666657e+01 9.14158225385305889e-04 1.38766468837238542e-06
 5.42666666666666657e+01 5.43999999999999986e+01 9.22688164230808599e-04 2.98665290400307597e-06
 5.43999999999999986e+01 5.45333333333333314e+01 9.35247425544251257e-04 1.17185482478935167e-06
 5.45333333333333314e+01 5.46666666666666643e+01 9.47059942816072379e-04 1.28780616695700059e-06
 5.46666666666666643e+01 5.47999999999999972e+01 9.55473177743179094e-04 1.21055758042888938e-06
 5.47999999999999972e+01 5.49333333333333371e+01 9.67060742753430430e-04 1.22014095956949054e-06
 5.49333333333333371e+01 5.50666666666666629e+01 9.80142277285758843e-04 1.28856392565138394e-06
 5.50666666666666629e+01 5.52000000000000028e+01 9.88428815540373261e-04 1.23086746037984288e-06
 5.52000000000000028e+01 5.53333333333333357e+01 1.00014628879723476e-03 1.29167545888263075e-06
 5.53333333333333357e+01 5.54666666666666686e+01 1.01161112291246638e-03 1.23835707440575589e-06
 5.54666666666666686e+01 5.56000000000000014e+01 1.02427177983247897e-03 1.33398449987864469e-06
 5.56000000000000014e+01 5.57333333333333343e+01 1.03423769192717042e-03 1.23489750331493698e-06
 5.57333333333333343e+01 5.58666666666666671e+01 1.04919726885542314e-03 1.40772834619277750e-06
 5.58666666666666671e+01 5.60000000000000000e+01 1.05743473359433144e-03 1.28246437444954002e-06
 5.60000000000000000e+01 5.61333333333333329e+01 1.06990837271330125e-03 1.25797992562785193e-06
 5.61333333333333329e+01 5.62666666666666657e+01 1.08059556706956248e-03 1.25759762291281489e-06
 5.62666666666666657e+01 5.63999999999999986e+01 1.09241726383099398e-03 1.44188559955889338e-06
 5.63999999999999986e+01 5.65333333333333314e+01 1.10763313268022814e-03 1.45894093854828948e-06
 5.65333333333333314e+01 5.66666666666666643e+01 1.11710008487341146e-03 1.37382530124595874e-06
 5.66666666666666643e+01 5.67999999999999972e+01 1.12889813205669103e-03 1.27396258638533627e-06
 5.67999999999999972e+01 5.69333333333333371e+01 1.14142037147341277e-03 1.33761547589373245e-06
 5.69333333333333371e+01 5.70666666666666629e+01 1.15240208418062977e-03 1.35645254006302079e-06
 5.70666666666666629e+01 5.72000000000000028e+01 1.16499336186921820e-03 1.43266648316479590e-06
 5.72000000000000028e+01 5.73333333333333357e+01 1.17546505262520616e-03 1.42414357297108254e-06
 5.73333333333333357e+01 5.74666666666666686e+01 1.18862741876920620e-03 1.37248747556886286e-06
 5.74666666666666686e+01 5.76000000000000014e+01 1.20179462598165926e-03 1.36412228000538260e-06
 5.76000000000000014e+01 5.77333333333333343e+01 1.21279682580523575e-03 1.38264000529882186e-06
 5.77333333333333343e+01 5.78666666666666671e+01 1.22529937849460741e-03 1.40799644485647114e-06
 5.78666666666666671e+01 5.80000000000000000e+01 1.23796405458283503e-03 1.30522330383878703e-06
 5.80000000000000000e+01 5.81333333333333329e+01 1.24970304441607391e-03 1.35884631339648213e-06
 5.81333333333333329e+01 5.82666666666666657e+01 1.25927482317797577e-03 1.33960293188870209e-06
 5.82666666666666657e+01 5.83999999999999986e+01 1.27219186482900224e-03 1.39786950001877543e-06
 5.83999999999999986e+01 5.85333333333333314e+01 1.28452836586013348e-03 1.31683995250061946e-06
 5.85333333333333314e+01 5.86666666666666643e+01 1.29950913226442436e-03 1.40456086180141585e-06
 5.86666666666666643e+01 5.87999999999999972e+01 1.31119257253353976e-03 1.36900991971967225e-06
 5.87999999999999972e+01 5.89333333333333371e+01 1.32586252902187787e-03 1.41221286481313244e-06
 5.89333333333333371e+01 5.90666666666666629e+01 1.33788713651989723e-03 1.44545348916692258e-06
 5.90666666666666629e+01 5.92000000000000028e+01 1.34724175005041381e-03 1.37330498480956203e-06
 5.92000000000000028e+01 5.93333333333333357e+01 1.35982580757636781e-03 1.38339326058948990e-06
 5.93333333333333357e+01 5.94666666666666686e+01 1.37543633319821344e-03 1.42137683591786713e-06
 5.94666666666666686e+01 5.96000000000000014e+01 1.38759008364465388e-03 1.45783426113310627e-06
 5.96000000000000014e+01 5.97333333333333343e+01 1.39987051657441118e-03 1.44732050722169441e-06
 5.97333333333333343e+01 5.98666666666666671e+01 1.41297681288305799e-03 1.53549253682803038e-06
 5.98666666666666671e+01 6.00000000000000000e+01 1.42672513218483252e-03 1.38800847193231774e-06
 6.00000000000000000e+01 6.01333333333333329e+01 1.44065757864005766e-03 1.54798397051812679e-06
 6.01333333333333329e+01 6.02666666666666657e+01 1.44891158791426024e-03 1.39607026194570368e-06
 6.02666666666666657e+01 6.03999999999999986e+01 1.46513675880587200e-03 1.48145581076855929e-06
 6.03999999999999986e+01 6.05333333333333314e+01 1.47552501584715485e-03 1.43859447051168554e-06
 6.05333333333333314e+01 6.06666666666666643e+01 1.49077854771624291e-03 1.57018481507941897e-06
 6.06666666666666643e+01 6.07999999999999972e+01 1.50366827562412497e-03 1.45491458103133142e-06
 6.07999999999999972e+01 6.09333333333333371e+01 1.51671773421788408e-03 1.53001149203050434e-06
 6.09333333333333371e+01 6.10666666666666629e+01 1.53338915032134849e-03 1.45304867893196756e-06
 6.10666666666666629e+01 6.12000000000000028e+01 1.54703143171054419e-03 1.53099224938095961e-06
 6.12000000000000028e+01 6.13333333333333357e+01 1.56355984661248580e-03 1.58855534347452186e-06
 6.13333333333333357e+01 6.14666666666666686e+01 1.57315229606772066e-03 1.45937392341380028e-06
 6.14666666666666686e+01 6.16000000000000014e+01 1.59048315578582712e-03 2.07135922414236303e-06
 6.16000000000000014e+01 6.17333333333333343e+01 1.60394801931591866e-03 1.47925379341684202e-06
 6.17333333333333343e+01 6.18666666666666671e+01 1.61867428451246400e-03 3.53398133625771742e-06
 6.18666666666666671e+01 6.20000000000000000e+01 1.63201124477893220e-03 1.63873611370961318e-06
 6.20000000000000000e+01 6.21333333333333329e+01 1.64693515023398647e-03 1.55693169798463278e-06
 6.21333333333333329e+01 6.22666666666666657e+01 1.66188247171517186e-03 1.55851263413251118e-06
 6.22666666666666657e+01 6.23999999999999986e+01 1.67613974214797165e-03 1.57097308244568063e-06
 6.23999999999999986e+01 6.25333333333333314e+01 1.68783727618980472e-03 1.59779875897976314e-06
 6.25333333333333314e+01 6.26666666666666643e+01 1.70697893709393896e-03 1.59941398477456229e-06
 6.26666666666666643e+01 6.27999999999999972e+01 1.72024544735620418e-03 1.73882007775656715e-06
 6.27999999999999972e+01 6.29333333333333371e+01 1.73282403403086666e-03 1.54375728655466089e-06
 6.29333333333333371e+01 6.30666666666666629e+01 1.74412036684196072e-03 1.65069335194024178e-06
 6.30666666666666629e+01 6.32000000000000028e+01 1.76138721364728855e-03 1.56094464107682547e-06
 6.32000000000000028e+01 6.33333333333333357e+01 1.77817237707123205e-03 1.69361217118489625e-06
 6.33333333333333357e+01 6.34666666666666686e+01 1.79180689833970336e-03 1.57454892992046420e-06
 6.34666666666666686e+01 6.36000000000000014e+01 1.80570422099375128e-03 1.57427596334155170e-06
 6.36000000000000014e+01 6.37333333333333343e+01 1.82558800789589504e-03 2.08719658788617869e-06
 6.37333333333333343e+01 6.38666666666666671e+01 1.83698658605114585e-03 1.58051527697985797e-06
 6.38666666666666671e+01 6.40000000000000000e+01 1.85569253602226622e-03 1.66558295284262031e-06
 6.40000000000000000e+01 6.41333333333333258e+01 1.86754778225526295e-03 1.75052749391447382e-06
 6.41333333333333258e+01 6.42666666666666657e+01 1.88092116974642289e-03 1.72807259656996289e-06
 6.42666666666666657e+01 6.44000000000000057e+01 1.89781171717913109e-03 1.67822264452599270e-06
 6.44000000000000057e+01 6.45333333333333314e+01 1.90994480085774233e-03 1.64396415793438486e-06
 6.45333333333333314e+01 6.46666666666666714e+01 1.92642018165988232e-03 1.66706785006191021e-06
 6.46666666666666714e+01 6.47999999999999972e+01 1.94267492633166104e-03 2.50047808308466882e-06
 6.47999999999999972e+01 6.49333333333333371e+01 1.95722225884043411e-03 1.81059539880092419e-06
 6.49333333333333371e+01 6.50666666666666629e+01 1.96670804671522995e-03 1.72472077666966272e-06
 6.50666666666666629e+01 6.52000000000000028e+01 1.98827697104893286e-03 3.44088920120646985e-06
 6.52000000000000028e+01 6.53333333333333286e+01 1.99906412197032365e-03 1.64412160415197643e-06
 6.53333333333333286e+01 6.54666666666666686e+01 2.01982735553726291e-03 1.90136886930419532e-06
 6.54666666666666686e+01 6.55999999999999943e+01 2.03392719644203933e-03 1.68984679856518510e-06
 6.55999999999999943e+01 6.57333333333333343e+01 2.04484827264529408e-03 1.72170296301875164e-06
 6.57333333333333343e+01 6.58666666666666742e+01 2.06216187519004659e-03 1.71327118145650135e-06
 6.58666666666666742e+01 6.60000000000000000e+01 2.08010912756776334e-03 1.79062651442856680e-06
 6.60000000000000000e+01 6.61333333333333258e+01 2.09263739822066613e-03 1.76405054220860000e-06
 6.61333333333333258e+01 6.62666666666666657e+01 2.10915735863559514e-03 1.82870557264193604e-06
 6.62666666666666657e+01 6.64000000000000057e+01 2.12272601180880103e-03 1.77552124319254442e-06
 6.64000000000000057e+01 6.65333333333333314e+01 2.14037803495175250e-03 1.84564227241231466e-06
 6.65333333333333314e+01 6.66666666666666714e+01 2.15389325282768461e-03 1.72398522912989994e-06
 6.66666666666666714e+01 6.67999999999999972e+01 2.16861611046659936e-03 1.77330932405487500e-06
 6.67999999999999972e+01 6.69333333333333371e+01 2.18743440479061534e-03 1.78258963894263183e-06
 6.69333333333333371e+01 6.70666666666666629e+01 2.19793794571867878e-03 1.74705901966153831e-06
 6.70666666666666629e+01 6.72000000000000028e+01 2.21397385031734664e-03 2.09824893446616367e-06
 6.72000000000000028e+01 6.73333333333333286e+01 2.22846982407940309e-03 1.78695483769995856e-06
 6.73333333333333286e+01 6.74666666666666686e+01 2.24238596040551678e-03 1.78866799142296988e-06
 6.74666666666666686e+01 6.75999999999999943e+01 2.26362826915246090e-03 1.79308819238684331e-06
 6.75999999999999943e+01 6.77333333333333343e+01 2.27718068775774113e-03 1.85826540200995743e-06
 6.77333333333333343e+01 6.78666666666666742e+01 2.29275816534524812e-03 1.92340308967595999e-06
 6.78666666666666742e+01 6.80000000000000000e+01 2.30844438067714193e-03 1.86498887737671656e-06
 6.80000000000000000e+01 6.81333333333333258e+01 2.32781576222713428e-03 2.06719325518549394e-06
 6.81333333333333258e+01 6.82666666666666657e+01 2.34024596142689981e-03 1.90795823437166926e-06
 6.82666666666666657e+01 6.84000000000000057e+01 2.35458413713735860e-03 1.84878300456572542e-06
 6.84000000000000057e+01 6.85333333333333314e+01 2.36891347762891629e-03 1.77198401297719646e-06
 6.85333333333333314e+01 6.86666666666666714e+01 2.38575402091647203e-03 1.94149396922490504e-06
 6.86666666666666714e+01 6.87999999999999972e+01 2.40445490295429064e-03 1.89686694904430582e-06
 6.87999999999999972e+01 6.89333333333333371e+01 2.41696849165040292e-03 1.86059900649226931e-06
 6.89333333333333371e+01 6.90666666666666629e+01 2.43358145398597575e-03 1.83678143151164201e-06
 6.90666666666666629e+01 6.92000000000000028e+01 2.44834120505780595e-03 1.87618994421341893e-06
 6.92000000000000028e+01 6.93333333333333286e+01 2.46590537782337069e-03 1.87196244095629294e-06
 6.93333333333333286e+01 6.94666666666666686e+01 2.48139622311110628e-03 1.99302323281858261e-06
 6.94666666666666686e+01 6.95999999999999943e+01 2.49604558400252788e-03 1.95017612570375572e-06
 6.95999999999999943e+01 6.97333333333333343e+01 2.51289206259347605e-03 1.91624590193480497e-06
 6.97333333333333343e+01 6.98666666666666742e+01 2.53029857884241698e-03 1.94781081023390375e-06
 6.98666666666666742e+01 7.00000000000000000e+01 2.53902090346856549e-03 1.86874201435745589e-06
 7.00000000000000000e+01 7.01333333333333258e+01 2.55907802209346617e-03 1.92735670134800806e-06
 7.01333333333333258e+01 7.02666666666666657e+01 2.57762234723610088e-03 2.10142331851700773e-06
 7.02666666666666657e+01 7.04000000000000057e+01 2.59125605813364558e-03 1.95063556606153828e-06
 7.04000000000000057e+01 7.05333333333333314e+01 2.60469858012357712e-03 1.97373432959194999e-06
 7.05333333333333314e+01 7.06666666666666714e+01 2.61968924966079998e-03 1.94494154430204108e-06
 7.06666666666666714e+01 7.07999999999999972e+01 2.64068290307563607e-03 2.09849290139839970e-06
 7.07999999999999972e+01 7.09333333333333371e+01 2.65697798279476488e-03 2.05377884130202224e-06
 7.09333333333333371e+01 7.10666666666666629e+01 2.66814432133290506e-03 1.95469572835155707e-06
 7.10666666666666629e+01 7.12000000000000028e+01 2.68437631798018519e-03 2.04816149284989486e-06
 7.12000000000000028e+01 7.13333333333333286e+01 2.69857309381457341e-03 2.02403264367837212e-06
 7.13333333333333286e+01 7.14666666666666686e+01 2.71461756384424073e-03 2.33454087045292088e-06
 7.14666666666666686e+01 7.15999999999999943e+01 2.73054314570954706e-03 1.99222836618237206e-06
 7.15999999999999943e+01 7.17333333333333343e+01 2.74987671928176875e-03 2.15861271021521213e-06
 7.17333333333333343e+01 7.18666666666666742e+01 2.76041888405970798e-03 2.02581118041112359e-06
 7.18666666666666742e+01 7.20000000000000000e+01 2.77817142376084658e-03 1.98222055391086976e-06
 7.20000000000000000e+01 7.21333333333333258e+01 2.79909030755852222e-03 2.10709451471136571e-06
 7.21333333333333258e+01 7.22666666666666657e+01 2.80964627451688780e-03 2.08928705010699835e-06
 7.22666666666666657e+01 7.24000000000000057e+01 2.82427556281169894e-03 2.00485578624479589e-06
 7.24000000000000057e+01 7.25333333333333314e+01 2.84119407894796146e-03 2.01292587004267337e-06
 7.25333333333333314e+01 7.26666666666666714e+01 2.85601885616754841e-03 2.01971254795985837e-06
 7.26666666666666714e+01 7.27999999999999972e+01 2.87043026137860646e-03 2.04624391518463471e-06
 7.27999999999999972e+01 7.29333333333333371e+01 2.88386566784323449e-03 2.01481072821718742e-06
 7.29333333333333371e+01 7.30666666666666629e+01 2.90044645752677655e-03 2.07152581467314749e-06
 7.30666666666666629e+01 7.32000000000000028e+01 2.91804112719149097e-03 2.08867780888502786e-06
 7.32000000000000028e+01 7.33333333333333286e+01 2.93218958476504279e-03 2.09483255421985161e-06
 7.33333333333333286e+01 7.34666666666666686e+01 2.94542530248786873e-03 2.08860966325340834e-06
 7.34666666666666686e+01 7.35999999999999943e+01 2.96753206487835718e-03 2.06994050771959764e-06
 7.35999999999999943e+01 7.37333333333333343e+01 2.97681469594505022e-03 2.04659640374648145e-06
 7.37333333333333343e+01 7.38666666666666742e+01 2.99977009221557341e-03 2.40326573768751721e-06
 7.38666666666666742e+01 7.40000000000000000e+01 3.01178600393509511e-03 2.07993508243233978e-06
 7.40000000000000000e+01 7.41333333333333258e+01 3.02479042729943137e-03 2.05776902322101926e-06
 7.41333333333333258e+01 7.42666666666666657e+01 3.04430482255666325e-03 2.05542006653300987e-06
 7.42666666666666657e+01 7.44000000000000057e+01 3.05708564346141845e-03 2.09570239346998322e-06
 7.44000000000000057e+01 7.45333333333333314e+01 3.07412292745283229e-03 2.15755482830280023e-06
 7.45333333333333314e+01 7.46666666666666714e+01 3.08771655642847134e-03 2.13218314711117144e-06
 7.46666666666666714e+01 7.47999999999999972e+01 3.10332528772100944e-03 2.13705948349919922e-06
 7.47999999999999972e+01 7.49333333333333371e+01 3.11883932168459952e-03 2.36703408123411294e-06
 7.49333333333333371e+01 7.50666666666666629e+01 3.13687955855519339e-03 2.18713591627634878e-06
 7.50666666666666629e+01 7.52000000000000028e+01 3.15154786838610194e-03 2.12348262813999735e-06
 7.52000000000000028e+01 7.53333333333333286e+01 3.16571034108226049e-03 2.21810698143867477e-06
 7.53333333333333286e+01 7.54666666666666686e+01 3.18275018338735199e-03 2.23139555437475289e-06
 7.54666666666666686e+01 7.55999999999999943e+01 3.19304058358829256e-03 2.18512131456211147e-06
 7.55999999999999943e+01 7.57333333333333343e+01 3.21090698363887730e-03 2.16800849926703842e-06
 7.57333333333333343e+01 7.58666666666666742e+01 3.22833323829053694e-03 2.19380788709109711e-06
 7.58666666666666742e+01 7.60000000000000000e+01 3.24167299606173192e-03 2.20412424220032610e-06
 7.60000000000000000e+01 7.61333333333333258e+01 3.25466141927035048e-03 2.24556353779011521e-06
 7.61333333333333258e+01 7.62666666666666657e+01 3.27029959743232318e-03 2.19043041214594803e-06
 7.62666666666666657e+01 7.64000000000000057e+01 3.28388599064050437e-03 2.23091578658213650e-06
 7.64000000000000057e+01 7.65333333333333314e+01 3.29882662509716797e-03 2.29177205967393985e-06
 7.65333333333333314e+01 7.66666666666666714e+01 3.31246174642337672e-03 2.19140628963023883e-06
 7.66666666666666714e+01 7.67999999999999972e+01 3.33031756782776545e-03 2.33371913140057950e-06
 7.67999999999999972e+01 7.69333333333333371e+01 3.34948554650221862e-03 2.30473558961422972e-06
 7.69333333333333371e+01 7.70666666666666629e+01 3.36216941645861491e-03 2.17747082719077391e-06
 7.70666666666666629e+01 7.72000000000000028e+01 3.37418745872847172e-03 2.43965056428826643e-06
 7.72000000000000028e+01 7.73333333333333286e+01 3.39004180672016755e-03 2.23714613962258480e-06
 7.73333333333333286e+01 7.74666666666666686e+01 3.40394691270373044e-03 2.25191674483909218e-06
 7.74666666666666686e+01 7.75999999999999943e+01 3.42174649378531540e-03 2.31206942684016448e-06
 7.75999999999999943e+01 7.77333333333333343e+01 3.43144294384405612e-03 2.36819429363725718e-06
 7.77333333333333343e+01 7.78666666666666742e+01 3.44537507713673892e-03 2.25673226611131609e-06
 7.78666666666666742e+01 7.80000000000000000e+01 3.46188205178580470e-03 2.24341254826526507e-06
 7.80000000000000000e+01 7.81333333333333258e+01 3.47763897677467624e-03 2.25656054473917192e-06
 7.81333333333333258e+01 7.82666666666666657e+01 3.48915997851217095e-03 2.24808724445405372e-06
 7.82666666666666657e+01 7.84000000000000057e+01 3.50519470118510704e-03 2.28726847666052487e-06
 7.84000000000000057e+01 7.85333333333333314e+01 3.51890705450906170e-03 2.25557907197159809e-06
 7.85333333333333314e+01 7.86666666666666714e+01 3.53898767966193736e-03 3.81005555755484617e-06
 7.86666666666666714e+01 7.87999999999999972e+01 3.54910760154536356e-03 2.39615801488698154e-06
 7.87999999999999972e+01 7.89333333333333371e+01 3.56668943129191457e-03 2.64569381380180799e-06
 7.89333333333333371e+01 7.90666666666666629e+01 3.57635934897242635e-03 2.93163678666606420e-06
 7.90666666666666629e+01 7.92000000000000028e+01 3.59211086655537686e-03 2.31386981858070586e-06
 7.92000000000000028e+01 7.93333333333333286e+01 3.60474285901610627e-03 2.37112057854418092e-06
 7.93333333333333286e+01 7.94666666666666686e+01 3.61893692379696959e-03 2.32923466372645583e-06
 7.94666666666666686e+01 7.95999999999999943e+01 3.63215925219820572e-03 2.68565726631638222e-06
 7.95999999999999943e+01 7.97333333333333343e+01 3.64727703116493780e-03 2.33901389030513913e-06
 7.97333333333333343e+01 7.98666666666666742e+01 3.65687373762919139e-03 2.30031771139670767e-06
 7.98666666666666742e+01 8.00000000000000000e+01 3.66962084160040716e-03 2.30802052924022490e-06
 8.00000000000000000e+01 8.01333333333333258e+01 3.68937754787178286e-03 2.32816351911893011e-06
 8.01333333333333258e+01 8.02666666666666657e+01 3.70543307493929669e-03 2.47836009285340722e-06
 8.02666666666666657e+01 8.04000000000000057e+01 3.71842167514323599e-03 2.33721939335366991e-06
 8.04000000000000057e+01 8.05333333333333314e+01 3.72774947180125370e-03 2.35354702489714713e-06
 8.05333333333333314e+01 8.06666666666666714e+01 3.74517321334377458e-03 2.33115932903735540e-06
 8.06666666666666714e+01 8.07999999999999972e+01 3.75443632920000915e-03 2.49969641464067993e-06
 8.07999999999999972e+01 8.09333333333333371e+01 3.76971788399204158e-03 2.45418741463865143e-06
 8.09333333333333371e+01 8.10666666666666629e+01 3.78511759938675741e-03 2.49468769005238607e-06
 8.10666666666666629e+01 8.12000000000000028e+01 3.79624318197544202e-03 2.35622811894530584e-06
 8.12000000000000028e+01 8.13333333333333286e+01 3.80541161534461497e-03 2.35008270186177809e-06
 8.13333333333333286e+01 8.14666666666666686e+01 3.82468563889333014e-03 2.42613309160524636e-06
 8.14666666666666686e+01 8.15999999999999943e+01 3.83664415719726535e-03 2.38586411755502687e-06
 8.15999999999999943e+01 8.17333333333333343e+01 3.85119176073851679e-03 2.39113772208935955e-06
 8.17333333333333343e+01 8.18666666666666742e+01 3.86078825903754964e-03 2.39039511866896787e-06
 8.18666666666666742e+01 8.20000000000000000e+01 3.87401360276198132e-03 2.40959674668073627e-06
 8.20000000000000000e+01 8.21333333333333258e+01 3.88776750623751012e-03 2.39583921865679206e-06
 8.21333333333333258e+01 8.22666666666666657e+01 3.90381625745890885e-03 2.45767186454552881e-06
 8.22666666666666657e+01 8.24000000000000057e+01 3.91519721641600104e-03 2.48001537773101459e-06
 8.24000000000000057e+01 8.25333333333333314e+01 3.92606846226692310e-03 2.56087364160606976e-06
 8.25333333333333314e+01 8.26666666666666572e+01 3.93607916641076395e-03 2.37360382089445357e-06
 8.26666666666666572e+01 8.27999999999999972e+01 3.95624634007346078e-03 2.80923050987360962e-06
 8.27999999999999972e+01 8.29333333333333371e+01 3.96274924976458987e-03 2.37534692475331713e-06
 8.29333333333333371e+01 8.30666666666666629e+01 3.98091656661475005e-03 2.45170344993874023e-06
 8.30666666666666629e+01 8.32000000000000028e+01 3.98858745192931519e-03 2.45158853774690750e-06
 8.32000000000000028e+01 8.33333333333333428e+01 3.99944725999344056e-03 2.42210521835225024e-06
 8.33333333333333428e+01 8.34666666666666686e+01 4.01543110560361426e-03 2.49430655992816744e-06
 8.34666666666666686e+01 8.35999999999999943e+01 4.02938325557451130e-03 2.48088755944896993e-06
 8.35999999999999943e+01 8.37333333333333343e+01 4.03519545450766685e-03 2.47573787234043019e-06
 8.37333333333333343e+01 8.38666666666666742e+01 4.04806498294461511e-03 2.48934503063754784e-06
 8.38666666666666742e+01 8.40000000000000000e+01 4.06271664671025746e-03 2.49978774530398074e-06
 8.40000000000000000e+01 8.41333333333333258e+01 4.07239727173537742e-03 2.69153117496131864e-06
 8.41333333333333258e+01 8.42666666666666657e+01 4.08361091753893946e-03 2.48856572447348501e-06
 8.42666666666666657e+01 8.44000000000000057e+01 4.09601766793888603e-03 2.47852001832937347e-06
 8.44000000000000057e+01 8.45333333333333314e+01 4.10923242005647397e-03 2.59964867880970699e-06
 8.45333333333333314e+01 8.46666666666666572e+01 4.12437565924953908e-03 2.82523482282521970e-06
 8.46666666666666572e+01 8.47999999999999972e+01 4.13070871742442138e-03 2.49486403222011168e-06
 8.47999999999999972e+01 8.49333333333333371e+01 4.14099698953263821e-03 2.42686765464714862e-06
 8.49333333333333371e+01 8.50666666666666629e+01 4.15510722072646131e-03 2.48546621334881442e-06
 8.50666666666666629e+01 8.52000000000000028e+01 4.16845369550326427e-03 2.60948418773083240e-06
 8.52000000000000028e+01 8.53333333333333428e+01 4.17973351253426734e-03 2.49160528960988958e-06
 8.53333333333333428e+01 8.54666666666666686e+01 4.18670430700582730e-03 2.52943991676516916e-06
 8.54666666666666686e+01 8.55999999999999943e+01 4.20156281285223154e-03 2.57771300521882753e-06
 8.55999999999999943e+01 8.57333333333333343e+01 4.20890211639266768e-03 2.49877389538735534e-06
 8.57333333333333343e+01 8.58666666666666742e+01 4.22293494796906546e-03 2.61189641042667573e-06
 8.58666666666666742e+01 8.60000000000000000e+01 4.23576636908731818e-03 2.56499661265905855e-06
 8.60000000000000000e+01 8.61333333333333258e+01 4.24265173996387409e-03 2.53731078570207119e-06
 8.61333333333333258e+01 8.62666666666666657e+01 4.25617988915543300e-03 2.51688382337934272e-06
 8.62666666666666657e+01 8.64000000000000057e+01 4.27172658869062229e-03 2.54673741190920811e-06
 8.64000000000000057e+01 8.65333333333333314e+01 4.27612354032239680e-03 2.51467960635186486e-06
 8.65333333333333314e+01 8.66666666666666572e+01 4.28939920718586151e-03 2.47927593172380592e-06
 8.66666666666666572e+01 8.67999999999999972e+01 4.29958891422859216e-03 2.54534873694556933e-06
 8.67999999999999972e+01 8.69333333333333371e+01 4.30883578429405896e-03 2.67386938155417271e-06
 8.69333333333333371e+01 8.70666666666666629e+01 4.31911387650353758e-03 2.61694905114432683e-06
 8.70666666666666629e+01 8.72000000000000028e+01 4.32955019522886665e-03 2.63450904084097127e-06
 8.72000000000000028e+01 8.73333333333333428e+01 4.34114803172252345e-03 2.60572877074545322e-06
 8.73333333333333428e+01 8.74666666666666686e+01 4.34981317043269932e-03 2.86770548672051828e-06
 8.74666666666666686e+01 8.75999999999999943e+01 4.36313000243630528e-03 2.73279280621694575e-06
 8.75999999999999943e+01 8.77333333333333343e+01 4.36803631022129012e-03 2.59434238110127696e-06
 8.77333333333333343e+01 8.78666666666666742e+01 4.37969354206678256e-03 2.59557031077292842e-06
 8.78666666666666742e+01 8.80000000000000000e+01 4.38169059591865875e-03 4.94264148211997823e-06
 8.80000000000000000e+01 8.81333333333333258e+01 4.39592869091084016e-03 2.65635083715772596e-06
 8.81333333333333258e+01 8.82666666666666657e+01 4.40793599862323096e-03 2.74301815349676357e-06
 8.82666666666666657e+01 8.84000000000000057e+01 4.41401603592361629e-03 2.54859355406678448e-06
 8.84000000000000057e+01 8.85333333333333314e+01 4.42629291856529074e-03 2.54409319168388413e-06
 8.85333333333333314e+01 8.86666666666666572e+01 4.43632760074570004e-03 2.58023146088344104e-06
 8.86666666666666572e+01 8.87999999999999972e+01 4.44081850469515635e-03 2.56586777476315769e-06
 8.87999999999999972e+01 8.89333333333333371e+01 4.45307515461695631e-03 2.98919273134263637e-06
 8.89333333333333371e+01 8.90666666666666629e+01 4.46655246591597197e-03 2.58377943852215843e-06
 8.90666666666666629e+01 8.92000000000000028e+01 4.47105565744791971e-03 2.69200007172557198e-06
 8.92000000000000028e+01 8.93333333333333428e+01 4.48018919467858562e-03 3.01227546424827878e-06
 8.93333333333333428e+01 8.94666666666666686e+01 4.48640853186123637e-03 2.55547414596554053e-06
 8.94666666666666686e+01 8.95999999999999943e+01 4.50260335798879745e-03 2.56961151137595459e-06
 8.95999999999999943e+01 8.97333333333333343e+01 4.50867074302365063e-03 2.64811917786330964e-06
 8.97333333333333343e+01 8.98666666666666742e+01 4.50835159022086509e-03 2.60488003008100559e-06
 8.98666666666666742e+01 9.00000000000000000e+01 4.52519599962320461e-03 2.60076723584997765e-06
 9.00000000000000000e+01 9.01333333333333258e+01 4.53242247248194109e-03 2.77199395408421475e-06
 9.01333333333333258e+01 9.02666666666666657e+01 4.54415652966127463e-03 2.72046867575874587e-06
 9.02666666666666657e+01 9.04000000000000057e+01 4.54245570635213817e-03 2.64848131780592350e-06
 9.04000000000000057e+01 9.05333333333333314e+01 4.55406584007148757e-03 2.62040789660136988e-06
 9.05333333333333314e+01 9.06666666666666572e+01 4.56561951166271820e-03 2.71982103271665027e-06
 9.06666666666666572e+01 9.07999999999999972e+01 4.57725128939734122e-03 2.64315245311592636e-06
 9.07999999999999972e+01 9.09333333333333371e+01 4.58161775133409787e-03 2.62763591342288479e-06
 9.09333333333333371e+01 9.10666666666666629e+01 4.59673513542528406e-03 6.49103202042020784e-06
 9.10666666666666629e+01 9.12000000000000028e+01 4.59729292376938586e-03 2.62584375845500666e-06
 9.12000000000000028e+01 9.13333333333333428e+01 4.60476050482947277e-03 2.66406865376463881e-06
 9.13333333333333428e+01 9.14666666666666686e+01 4.60879591082471139e-03 2.64220528548530656e-06
 9.14666666666666686e+01 9.15999999999999943e+01 4.61278668189642107e-03 2.57246249619229834e-06
 9.15999999999999943e+01 9.17333333333333343e+01 4.62489837808565448e-03 2.54107899744678706e-06
 9.17333333333333343e+01 9.18666666666666742e+01 4.63295994543683372e-03 2.85420260449206499e-06
 9.18666666666666742e+01 9.20000000000000000e+01 4.63681376044387545e-03 2.60751482209965491e-06
 9.20000000000000000e+01 9.21333333333333258e+01 4.64712974051275339e-03 2.66847088941155649e-06
 9.21333333333333258e+01 9.22666666666666657e+01 4.65206425174692541e-03 2.67364815887524053e-06
 9.22666666666666657e+01 9.24000000000000057e+01 4.66116143543365662e-03 2.64811769743912288e-06
 9.24000000000000057e+01 9.25333333333333314e+01 4.66972666401215680e-03 2.76540505407353489e-06
 9.25333333333333314e+01 9.26666666666666572e+01 4.67259676687049007e-03 2.55696960320216198e-06
 9.26666666666666572e+01 9.27999999999999972e+01 4.68127469615172310e-03 2.73887041254309675e-06
 9.27999999999999972e+01 9.29333333333333371e+01 4.68288436243985331e-03 2.63629874045381881e-06
 9.29333333333333371e+01 9.30666666666666629e+01 4.69372650538887881e-03 2.67718500381572479e-06
 9.30666666666666629e+01 9.32000000000000028e+01 4.69811391764445897e-03 2.60454607028885544e-06
 9.32000000000000028e+01 9.33333333333333428e+01 4.69926810596943238e-03 2.69236732268240668e-06
 9.33333333333333428e+01 9.34666666666666686e+01 4.71168448503850226e-03 2.59327119655954565e-06
 9.34666666666666686e+01 9.35999999999999943e+01 4.72158034142350184e-03 2.66892316799358092e-06
 9.35999999999999943e+01 9.37333333333333343e+01 4.72482026831874072e-03 2.69934922401601695e-06
 9.37333333333333343e+01 9.38666666666666742e+01 4.72479902543955672e-03 2.62139420947644552e-06
 9.38666666666666742e+01 9.40000000000000000e+01 4.73169950794296093e-03 2.62880882845119240e-06
 9.40000000000000000e+01 9.41333333333333258e+01 4.74047939736694460e-03 2.69590970394860960e-06
 9.41333333333333258e+01 9.42666666666666657e+01 4.74597598017377758e-03 2.69148829655802984e-06
 9.42666666666666657e+01 9.44000000000000057e+01 4.74807946472263938e-03 2.71789388658867721e-06
 9.44000000000000057e+01 9.45333333333333314e+01 4.75264567138018040e-03 2.69910462156053364e-06
 9.45333333333333314e+01 9.46666666666666572e+01 4.76061513140454799e-03 2.62139294077878646e-06
 9.46666666666666572e+01 9.47999999999999972e+01 4.76474598114627265e-03 2.64197689668030585e-06
 9.47999999999999972e+01 9.49333333333333371e+01 4.77292223147379908e-03 2.63628858944405328e-06
 9.49333333333333371e+01 9.50666666666666629e+01 4.77750137239835084e-03 2.69404227111013046e-06
 9.50666666666666629e+01 9.52000000000000028e+01 4.77832819060172633e-03 2.71010960368539270e-06
 9.52000000000000028e+01 9.53333333333333428e+01 4.78263615994954389e-03 2.67674907912914752e-06
 9.53333333333333428e+01 9.54666666666666686e+01 4.78859243803290459e-03 2.64944874134539514e-06
 9.54666666666666686e+01 9.55999999999999943e+01 4.79221656415151302e-03 2.74431700503069890e-06
 9.55999999999999943e+01 9.57333333333333343e+01 4.79474121362682970e-03 2.70115533978844787e-06
 9.57333333333333343e+01 9.58666666666666742e+01 4.80191508754876286e-03 2.64914933821074456e-06
 9.58666666666666742e+01 9.60000000000000000e+01 4.80548286398780819e-03 2.72527276481606444e-06
 9.60000000000000000e+01 9.61333333333333258e+01 4.81208651155122166e-03 2.66617118275500309e-06
 9.61333333333333258e+01 9.62666666666666657e+01 4.81415420440417258e-03 3.09102463667610565e-06
 9.62666666666666657e+01 9.64000000000000057e+01 4.82145427490722044e-03 3.43127315895978522e-06
 9.64000000000000057e+01 9.65333333333333314e+01 4.82071533089609150e-03 2.68605242634473988e-06
 9.65333333333333314e+01 9.66666666666666572e+01 4.82353615305716743e-03 2.70785017552896841e-06
 9.66666666666666572e+01 9.67999999999999972e+01 4.82765949017826840e-03 2.66307896378118544e-06
 9.67999999999999972e+01 9.69333333333333371e+01 4.83134623388546507e-03 2.64826398310500458e-06
 9.69333333333333371e+01 9.70666666666666629e+01 4.83161477310013916e-03 2.66579235336250052e-06
 9.70666666666666629e+01 9.72000000000000028e+01 4.83411868758494047e-03 2.71405627285056187e-06
 9.72000000000000028e+01 9.73333333333333428e+01 4.84030438324040656e-03 2.81385624425458799e-06
 9.73333333333333428e+01 9.74666666666666686e+01 4.84240037675379500e-03 2.98971205089238841e-06
 9.74666666666666686e+01 9.75999999999999943e+01 4.84518230084536160e-03 2.80036054013601519e-06
 9.75999999999999943e+01 9.77333333333333343e+01 4.84853350962786023e-03 2.63844502761707619e-06
 9.77333333333333343e+01 9.78666666666666742e+01 4.84996802915579027e-03 2.67982240619323650e-06
 9.78666666666666742e+01 9.80000000000000000e+01 4.85290140745668879e-03 2.69918082086236066e-06
 9.80000000000000000e+01 9.81333333333333258e+01 4.85763589764528266e-03 2.89292310619860131e-06
 9.81333333333333258e+01 9.82666666666666657e+01 4.85543976397163728e-03 2.74309909318568448e-06
 9.82666666666666657e+01 9.84000000000000057e+01 4.85803874364014194e-03 2.68703762982875343e-06
 9.84000000000000057e+01 9.85333333333333314e+01 4.86159147851157689e-03 2.70255567131447453e-06
 9.85333333333333314e+01 9.86666666666666572e+01 4.86120030339780209e-03 2.88431412510823128e-06
 9.86666666666666572e+01 9.87999999999999972e+01 4.86860978450873345e-03 2.85360280482118329e-06
 9.87999999999999972e+01 9.89333333333333371e+01 4.86398382428319693e-03 2.70639159023544490e-06
 9.89333333333333371e+01 9.90666666666666629e+01 4.86857031183823147e-03 2.63545013797381882e-06
 9.90666666666666629e+01 9.92000000000000028e+01 4.87164942022842284e-03 2.93634594173134545e-06
 9.92000000000000028e+01 9.93333333333333428e+01 4.86933915590765688e-03 2.85126130483768673e-06
 9.93333333333333428e+01 9.94666666666666686e+01 4.87264133506742740e-03 2.67725761812152802e-06
 9.94666666666666686e+01 9.95999999999999943e+01 4.87275867198519799e-03 2.68446379457904193e-06
 9.95999999999999943e+01 9.97333333333333343e+01 4.87107942963446467e-03 2.85783263800247546e-06
 9.97333333333333343e+01 9.98666666666666742e+01 4.86857509303289387e-03 7.37504772359879990e-06
 9.98666666666666742e+01 1.00000000000000000e+02 4.87660661916576327e-03 2.80818075720681584e-06
 1.00000000000000000e+02 1.00133333333333326e+02 4.87333429864155940e-03 2.66905328074760348e-06
 1.00133333333333326e+02 1.00266666666666666e+02 4.87776171698945955e-03 2.70793225207069892e-06
 1.00266666666666666e+02 1.00400000000000006e+02 4.87606750921619567e-03 2.72875833662332528e-06
 1.00400000000000006e+02 1.00533333333333331e+02 4.87009509257641665e-03 2.65490584990861746e-06
 1.00533333333333331e+02 1.00666666666666657e+02 4.87496712850596196e-03 2.68307831270975377e-06
 1.00666666666666657e+02 1.00799999999999997e+02 4.87686920478559802e-03 2.75086714252910191e-06
 1.00799999999999997e+02 1.00933333333333337e+02 4.87533245912845012e-03 3.25019999629087642e-06
 1.00933333333333337e+02 1.01066666666666663e+02 4.87528282258184713e-03 2.63856310414902996e-06
 1.01066666666666663e+02 1.01200000000000003e+02 4.87952940505833026e-03 2.70819262657094965e-06
 1.01200000000000003e+02 1.01333333333333343e+02 4.87492652915826486e-03 2.71056375776369345e-06
 1.01333333333333343e+02 1.01466666666666669e+02 4.87268441057997666e-03 2.66715394108155504e-06
 1.01466666666666669e+02 1.01599999999999994e+02 4.87691966662733012e-03 2.69102494347612283e-06
 1.01599999999999994e+02 1.01733333333333334e+02 4.87440468912618639e-03 2.69712164616705008e-06
 1.01733333333333334e+02 1.01866666666666674e+02 4.87809806320824765e-03 2.77103814117171687e-06
 1.01866666666666674e+02 1.02000000000000000e+02 4.87687054573844158e-03 2.69838568429048574e-06
 1.02000000000000000e+02 1.02133333333333326e+02 4.86848642624115695e-03 2.68847753256072056e-06
 1.02133333333333326e+02 1.02266666666666666e+02 4.86800944741798067e-03 2.72815009258502173e-06
 1.02266666666666666e+02 1.02400000000000006e+02 4.87076086951552818e-03 2.67120591054323483e-06
 1.02400000000000006e+02 1.02533333333333331e+02 4.87461633941303589e-03 3.09825474002046959e-06
 1.02533333333333331e+02 1.02666666666666657e+02 4.86183482793692019e-03 2.66143489287631402e-06
 1.02666666666666657e+02 1.02799999999999997e+02 4.86204369524728067e-03 2.68467359137051161e-06
 1.02799999999999997e+02 1.02933333333333337e+02 4.85886194848337161e-03 2.71196544634423446e-06
 1.02933333333333337e+02 1.03066666666666663e+02 4.86269634502815851e-03 2.96230189125788275e-06
 1.03066666666666663e+02 1.03200000000000003e+02 4.86014022121004571e-03 2.97173067386155665e-06
 1.03200000000000003e+02 1.03333333333333343e+02 4.85332543831834811e-03 2.65782425903808028e-06
 1.03333333333333343e+02 1.03466666666666669e+02 4.85597594075808017e-03 5.71453129606064683e-06
 1.03466666666666669e+02 1.03599999999999994e+02 4.84852734209293996e-03 2.66152999383102160e-06
 1.03599999999999994e+02 1.03733333333333334e+02 4.84712955517417870e-03 2.70123120585732829e-06
 1.03733333333333334e+02 1.03866666666666674e+02 4.84397077925865192e-03 2.65018625218263063e-06
 1.03866666666666674e+02 1.04000000000000000e+02 4.84586947713892997e-03 2.95805347791368111e-06
 1.04000000000000000e+02 1.04133333333333326e+02 4.83777826191539480e-03 2.70120862562605510e-06
 1.04133333333333326e+02 1.04266666666666666e+02 4.83898318008341155e-03 2.70346756418507342e-06
 1.04266666666666666e+02 1.04400000000000006e+02 4.83793479452684048e-03 2.87276747688984582e-06
 1.04400000000000006e+02 1.04533333333333331e+02 4.83226599187839851e-03 2.74155402695115026e-06
 1.04533333333333331e+02 1.04666666666666657e+02 4.82728043350625410e-03 2.72134081183569839e-06
 1.04666666666666657e+02 1.04799999999999997e+02 4.82143832223638161e-03 2.66805458596012352e-06
 1.04799999999999997e+02 1.04933333333333337e+02 4.82027026803587364e-03 2.68500614039270815e-06
 1.04933333333333337e+02 1.05066666666666663e+02 4.81936411946068920e-03 3.07183354473501378e-06
 1.05066666666666663e+02 1.05200000000000003e+02 4.81414193348534986e-03 2.76038630950255784e-06
 1.05200000000000003e+02 1.05333333333333343e+02 4.81135537250688104e-03 2.60642050258013857e-06
 1.05333333333333343e+02 1.05466666666666669e+02 4.80047137657142742e-03 2.61567072074065989e-06
 1.05466666666666669e+02 1.05599999999999994e+02 4.79608243277563576e-03 2.67730214035318257e-06
 1.05599999999999994e+02 1.05733333333333334e+02 4.79834067507982874e-03 2.77383537219088989e-06
 1.05733333333333334e+02 1.05866666666666674e+02 4.79108803531928633e-03 2.69708388898676117e-06
 1.05866666666666674e+02 1.06000000000000000e+02 4.78701051209761558e-03 2.69886607415327916e-06
 1.06000000000000000e+02 1.06133333333333326e+02 4.78453693867485989e-03 2.84781794674383951e-06
 1.06133333333333326e+02 1.06266666666666666e+02 4.77952320037456496e-03 2.62162085605350313e-06
 1.06266666666666666e+02 1.06400000000000006e+02 4.77024564029790779e-03 2.61344167386259264e-06
 1.06400000000000006e+02 1.06533333333333331e+02 4.76693449261504816e-03 2.81468266869083048e-06
 1.06533333333333331e+02 1.06666666666666657e+02 4.76877850622766612e-03 2.69104472444888614e-06
 1.06666666666666657e+02 1.06799999999999997e+02 4.75807017796495407e-03 3.26175606139568552e-06
 1.06799999999999997e+02 1.06933333333333337e+02 4.75530097138520541e-03 2.86069649525762727e-06
 1.06933333333333337e+02 1.07066666666666663e+02 4.74691553824565637e-03 2.63572330533967987e-06
 1.07066666666666663e+02 1.07200000000000003e+02 4.74338568587655621e-03 2.83449314271317425e-06
 1.07200000000000003e+02 1.07333333333333343e+02 4.73595575824105330e-03 2.71176794621444164e-06
 1.07333333333333343e+02 1.07466666666666669e+02 4.72621957522173682e-03 2.65330618240340098e-06
 1.07466666666666669e+02 1.07599999999999994e+02 4.72484669347201375e-03 2.68462711595803862e-06
 1.07599999999999994e+02 1.07733333333333334e+02 4.71787755340784872e-03 2.66788580411019059e-06
 1.07733333333333334e+02 1.07866666666666674e+02 4.71009585441432236e-03 2.67747176023802032e-06
 1.07866666666666674e+02 1.08000000000000000e+02 4.70385274282255749e-03 2.65526426453499086e-06
 1.08000000000000000e+02 1.08133333333333326e+02 4.70001192691462105e-03 2.69599511589352941e-06
 1.08133333333333326e+02 1.08266666666666666e+02 4.68825527829148936e-03 2.65785572146073192e-06
 1.08266666666666666e+02 1.08400000000000006e+02 4.68085070088513234e-03 2.64520711748566961e-06
 1.08400000000000006e+02 1.08533333333333331e+02 4.68073903092723360e-03 2.72540783336478885e-06
 1.08533333333333331e+02 1.08666666666666657e+02 4.66868276541893262e-03 2.78708504247116898e-06
 1.08666666666666657e+02 1.08799999999999997e+02 4.66200028254558970e-03 2.84879731440595318e-06
 1.08799999999999997e+02 1.08933333333333337e+02 4.65910332599981259e-03 2.64573067122445178e-06
 1.08933333333333337e+02 1.09066666666666663e+02 4.64826255649048673e-03 2.64147055047600386e-06
 1.09066666666666663e+02 1.09200000000000003e+02 4.63813768932765363e-03 2.64127339974372434e-06
 1.09200000000000003e+02 1.09333333333333343e+02 4.63113681023214364e-03 2.63437752682863468e-06
 1.09333333333333343e+02 1.09466666666666669e+02 4.62997533807241960e-03 2.94404155948183870e-06
 1.09466666666666669e+02 1.09599999999999994e+02 4.61882031881281994e-03 2.63545976061186668e-06
 1.09599999999999994e+02 1.09733333333333334e+02 4.60467695473499878e-03 2.64997590587316453e-06
 1.09733333333333334e+02 1.09866666666666674e+02 4.60076725696458889e-03 2.58083622516619754e-06
 1.09866666666666674e+02 1.10000000000000000e+02 4.59321086865352793e-03 2.75942416921333976e-06
 1.10000000000000000e+02 1.10133333333333326e+02 4.58562112677236497e-03 2.69220730598841202e-06
 1.10133333333333326e+02 1.10266666666666666e+02 4.57404969782078310e-03 2.80159055225189365e-06
 1.10266666666666666e+02 1.10400000000000006e+02 4.56857411515791331e-03 2.55790532041684390e-06
 1.10400000000000006e+02 1.10533333333333331e+02 4.55334452562277444e-03 2.61348510911911414e-06
 1.10533333333333331e+02 1.10666666666666657e+02 4.54821803455639218e-03 2.67564800012673932e-06
 1.10666666666666657e+02 1.10799999999999997e+02 4.53734516212910433e-03 2.60445791555948318e-06
 1.10799999999999997e+02 1.10933333333333337e+02 4.53039534127968897e-03 2.59999418022888371e-06
 1.10933333333333337e+02 1.11066666666666663e+02 4.51761106359043450e-03 2.62359175059336532e-06
 1.11066666666666663e+02 1.11200000000000003e+02 4.51455740205605402e-03 2.61609605504265787e-06
 1.11200000000000003e+02 1.11333333333333343e+02 4.50354416656512969e-03 2.64344367644395200e-06
 1.11333333333333343e+02 1.11466666666666669e+02 4.49286327004193731e-03 2.65888198248586206e-06
 1.11466666666666669e+02 1.11599999999999994e+02 4.47987328255160244e-03 2.65892304613886769e-06
 1.11599999999999994e+02 1.11733333333333334e+02 4.47339193096303166e-03 2.62283398164831015e-06
 1.11733333333333334e+02 1.11866666666666674e+02 4.45623818685621838e-03 2.54528706102549524e-06
 1.11866666666666674e+02 1.12000000000000000e+02 4.45543388389891670e-03 2.70919285917631867e-06
 1.12000000000000000e+02 1.12133333333333326e+02 4.43921348134588244e-03 2.55639324006320754e-06
 1.12133333333333326e+02 1.12266666666666666e+02 4.43183708764848146e-03 2.68578313060237318e-06
 1.12266666666666666e+02 1.12400000000000006e+02 4.41837542162237720e-03 2.75726507997798711e-06
 1.12400000000000006e+02 1.12533333333333331e+02 4.40582303333689022e-03 2.58616122109980690e-06
 1.12533333333333331e+02 1.12666666666666657e+02 4.39979034790944409e-03 2.64737314744843147e-06
 1.12666666666666657e+02 1.12799999999999997e+02 4.38965567626460954e-03 2.64630767054965371e-06
 1.12799999999999997e+02 1.12933333333333337e+02 4.37792046057553386e-03 3.25482079433522980e-06
 1.12933333333333337e+02 1.13066666666666663e+02 4.36614917182901255e-03 2.56984049107310654e-06
 1.13066666666666663e+02 1.13200000000000003e+02 4.35659515027853571e-03 2.89297660973553487e-06
 1.13200000000000003e+02 1.13333333333333343e+02 4.33758692788819948e-03 2.54469369338514700e-06
 1.13333333333333343e+02 1.13466666666666669e+02 4.32705821257188192e-03 2.60586976905264462e-06
 1.13466666666666669e+02 1.13599999999999994e+02 4.32101671165504523e-03 2.59165952531514298e-06
 1.13599999999999994e+02 1.13733333333333334e+02 4.30464452465370139e-03 2.77696474815648158e-06
 1.13733333333333334e+02 1.13866666666666674e+02 4.29569875449172661e-03 2.49935842145208478e-06
 1.13866666666666674e+02 1.14000000000000000e+02 4.28337625885486743e-03 2.57271788637973231e-06
 1.14000000000000000e+02 1.14133333333333340e+02 4.27026744059248817e-03 2.90120710382222536e-06
 1.14133333333333340e+02 1.14266666666666666e+02 4.25396207939744003e-03 2.55346412081774812e-06
 1.14266666666666666e+02 1.14400000000000006e+02 4.24413031814025506e-03 2.54972434198835617e-06
 1.14400000000000006e+02 1.14533333333333331e+02 4.23171571050494702e-03 2.60852663383388026e-06
 1.14533333333333331e+02 1.14666666666666671e+02 4.21935943065661692e-03 2.87850769085771890e-06
 1.14666666666666671e+02 1.14799999999999997e+02 4.20454311516727571e-03 2.54684195464132279e-06
 1.14799999999999997e+02 1.14933333333333337e+02 4.19202151801655997e-03 2.49923114474070282e-06
 1.14933333333333337e+02 1.15066666666666663e+02 4.17537585119458904e-03 2.48274720709901540e-06
 1.15066666666666663e+02 1.15200000000000003e+02 4.16435294344120067e-03 2.57441462728529985e-06
 1.15200000000000003e+02 1.15333333333333329e+02 4.14967302901352465e-03 2.47632942885635871e-06
 1.15333333333333329e+02 1.15466666666666669e+02 4.13689300021773468e-03 2.55262193759391386e-06
 1.15466666666666669e+02 1.15599999999999994e+02 4.11593609372993673e-03 2.52435880895623836e-06
 1.15599999999999994e+02 1.15733333333333334e+02 4.10967054084725256e-03 3.14161602782923713e-06
 1.15733333333333334e+02 1.15866666666666660e+02 4.09037775135362349e-03 2.50225748525709525e-06
 1.15866666666666660e+02 1.16000000000000000e+02 4.08109083059165177e-03 2.47269337188972240e-06
 1.16000000000000000e+02 1.16133333333333340e+02 4.06077542803253907e-03 2.46105382216006850e-06
 1.16133333333333340e+02 1.16266666666666666e+02 4.04606288189134338e-03 2.54989379422834999e-06
 1.16266666666666666e+02 1.16400000000000006e+02 4.03144140771191303e-03 2.45056694507089299e-06
 1.16400000000000006e+02 1.16533333333333331e+02 4.01710956639412132e-03 2.45869611860132051e-06
 1.16533333333333331e+02 1.16666666666666671e+02 4.00165885397128600e-03 2.53927341257120439e-06
 1.16666666666666671e+02 1.16799999999999997e+02 3.99102167044955956e-03 2.42930536102480964e-06
 1.16799999999999997e+02 1.16933333333333337e+02 3.96624205521368348e-03 2.45263562938371693e-06
 1.16933333333333337e+02 1.17066666666666663e+02 3.96052381898009433e-03 2.58989440158720124e-06
 1.17066666666666663e+02 1.17200000000000003e+02 3.94023358385312342e-03 2.57380369159191443e-06
 1.17200000000000003e+02 1.17333333333333329e+02 3.92882722612000398e-03 2.59268424034366771e-06
 1.17333333333333329e+02 1.17466666666666669e+02 3.90911655693922024e-03 2.43195905334366899e-06
 1.17466666666666669e+02 1.17599999999999994e+02 3.89214261579993526e-03 2.43606760739831955e-06
 1.17599999999999994e+02 1.17733333333333334e+02 3.87537616713762778e-03 2.61888281972205797e-06
 1.17733333333333334e+02 1.17866666666666660e+02 3.86005877985958227e-03 2.42396683813652581e-06
 1.17866666666666660e+02 1.18000000000000000e+02 3.84008111592892745e-03 2.40719063211370519e-06
 1.18000000000000000e+02 1.18133333333333340e+02 3.82674451481699891e-03 2.46770052245147755e-06
 1.18133333333333340e+02 1.18266666666666666e+02 3.80246395601393150e-03 2.40696210299882417e-06
 1.18266666666666666e+02 1.18400000000000006e+02 3.78995007920499829e-03 2.38203409579057686e-06
 1.18400000000000006e+02 1.18533333333333331e+02 3.77360459822816607e-03 2.40586028463991142e-06
 1.18533333333333331e+02 1.18666666666666671e+02 3.75589253406591892e-03 2.47079835441030772e-06
 1.18666666666666671e+02 1.18799999999999997e+02 3.73618594646941493e-03 2.40779773471536939e-06
 1.18799999999999997e+02 1.18933333333333337e+02 3.71535299048444045e-03 2.34253935249210459e-06
 1.18933333333333337e+02 1.19066666666666663e+02 3.69765062456566462e-03 2.94480173248858691e-06
 1.19066666666666663e+02 1.19200000000000003e+02 3.68230210060891501e-03 2.39534752044446971e-06
 1.19200000000000003e+02 1.19333333333333329e+02 3.66392598060514803e-03 2.40178685009018696e-06
 1.19333333333333329e+02 1.19466666666666669e+02 3.64346540356333404e-03 2.33055585252188974e-06
 1.19466666666666669e+02 1.19599999999999994e+02 3.62766050105370807e-03 2.41997320316907287e-06
 1.19599999999999994e+02 1.19733333333333334e+02 3.61231216623849683e-03 2.48629085928873596e-06
 1.19733333333333334e+02 1.19866666666666660e+02 3.59724877819399529e-03 2.35517831528592627e-06
 1.19866666666666660e+02 1.20000000000000000e+02 3.58177800833646290e-03 2.54859336124607620e-06
 1.20000000000000000e+02 1.20133333333333340e+02 3.56514995385623975e-03 2.47638580703796613e-06
 1.20133333333333340e+02 1.20266666666666666e+02 3.54930377420502102e-03 2.68328659902471005e-06
 1.20266666666666666e+02 1.20400000000000006e+02 3.53382233323841586e-03 2.32160217262330124e-06
 1.20400000000000006e+02 1.20533333333333331e+02 3.51064992153659466e-03 2.40546297310129194e-06
 1.20533333333333331e+02 1.20666666666666671e+02 3.49563662896875760e-03 2.31503455293671282e-06
 1.20666666666666671e+02 1.20799999999999997e+02 3.47746938516215170e-03 2.33385435058147034e-06
 1.20799999999999997e+02 1.20933333333333337e+02 3.46275855809225408e-03 2.29069889767728338e-06
 1.20933333333333337e+02 1.21066666666666663e+02 3.44569674622884027e-03 2.34135140236756131e-06
 1.21066666666666663e+02 1.21200000000000003e+02 3.43420273435265065e-03 2.37618717944625675e-06
 1.21200000000000003e+02 1.21333333333333329e+02 3.41836526352685141e-03 3.13395244909498942e-06
 1.21333333333333329e+02 1.21466666666666669e+02 3.40341642543763199e-03 5.39119821313958883e-06
 1.21466666666666669e+02 1.21599999999999994e+02 3.38390941801709668e-03 2.41834362494529179e-06
 1.21599999999999994e+02 1.21733333333333334e+02 3.36178838407159711e-03 2.25467245777854708e-06
 1.21733333333333334e+02 1.21866666666666660e+02 3.34553047394881052e-03 2.36655052397681546e-06
 1.21866666666666660e+02 1.22000000000000000e+02 3.32440073492614070e-03 2.24095885068162587e-06
 1.22000000000000000e+02 1.22133333333333340e+02 3.31261116530943978e-03 2.99415445335268452e-06
 1.22133333333333340e+02 1.22266666666666666e+02 3.29637059024659061e-03 2.30177814263936952e-06
 1.22266666666666666e+02 1.22400000000000006e+02 3.27605281643463713e-03 2.31016257857959152e-06
 1.22400000000000006e+02 1.22533333333333331e+02 3.25771131434637005e-03 2.40374410275859514e-06
 1.22533333333333331e+02 1.22666666666666671e+02 3.23832113425137234e-03 2.31550713786406514e-06
 1.22666666666666671e+02 1.22799999999999997e+02 3.22028493655619188e-03 2.21699074123764302e-06
 1.22799999999999997e+02 1.22933333333333337e+02 3.20555688306469085e-03 2.23496937423053046e-06
 1.22933333333333337e+02 1.23066666666666663e+02 3.18962025904931086e-03 2.27653331266393223e-06
 1.23066666666666663e+02 1.23200000000000003e+02 3.17305261585166740e-03 2.26827155871562162e-06
 1.23200000000000003e+02 1.23333333333333329e+02 3.15700125277940460e-03 2.38249691325700777e-06
 1.23333333333333329e+02 1.23466666666666669e+02 3.14046736833897009e-03 2.36114867587304300e-06
 1.23466666666666669e+02 1.23599999999999994e+02 3.11596804019177113e-03 2.24074334513114272e-06
 1.23599999999999994e+02 1.23733333333333334e+02 3.09574569206182322e-03 2.18243015311129342e-06
 1.23733333333333334e+02 1.23866666666666660e+02 3.08546998673398876e-03 2.38084737544233897e-06
 1.23866666666666660e+02 1.24000000000000000e+02 3.06288293624421698e-03 2.33738151408793972e-06
 1.24000000000000000e+02 1.24133333333333340e+02 3.04886384219877574e-03 2.40305529554139811e-06
 1.24133333333333340e+02 1.24266666666666666e+02 3.03021210471751332e-03 2.17126411935670997e-06
 1.24266666666666666e+02 1.24400000000000006e+02 3.01545430189244495e-03 2.27883027385623227e-06
 1.24400000000000006e+02 1.24533333333333331e+02 2.98893274348527348e-03 2.21817342545548080e-06
 1.24533333333333331e+02 1.24666666666666671e+02 2.97669739663082361e-03 2.34142518530323179e-06
 1.24666666666666671e+02 1.24799999999999997e+02 2.95855140863688281e-03 2.28781732909460131e-06
 1.24799999999999997e+02 1.24933333333333337e+02 2.94154917497698809e-03 2.30012008153109867e-06
 1.24933333333333337e+02 1.25066666666666663e+02 2.92225613931581737e-03 2.20237013205612011e-06
 1.25066666666666663e+02 1.25200000000000003e+02 2.90220116356737631e-03 2.13684540424060858e-06
 1.25200000000000003e+02 1.25333333333333329e+02 2.88465058422082612e-03 2.17714980749678591e-06
 1.25333333333333329e+02 1.25466666666666669e+02 2.87173609685284145e-03 2.30218428669704937e-06
 1.25466666666666669e+02 1.25599999999999994e+02 2.85196076053506088e-03 2.27898334815138624e-06
 1.25599999999999994e+02 1.25733333333333334e+02 2.83669439700220136e-03 2.52135081164233059e-06
 1.25733333333333334e+02 1.25866666666666660e+02 2.81479638359849894e-03 2.15481544326615375e-06
 1.25866666666666660e+02 1.26000000000000000e+02 2.79510987190978270e-03 2.11977730284877916e-06
 1.26000000000000000e+02 1.26133333333333340e+02 2.78065532543506772e-03 2.21252669144040540e-06
 1.26133333333333340e+02 1.26266666666666666e+02 2.76312345578350223e-03 2.14422641495002373e-06
 1.26266666666666666e+02 1.26400000000000006e+02 2.74548624733281189e-03 2.14450547938650499e-06
 1.26400000000000006e+02 1.26533333333333331e+02 2.72572895100667940e-03 2.11592615452145185e-06
 1.26533333333333331e+02 1.26666666666666671e+02 2.71015357484432045e-03 2.13610794366193622e-06
 1.26666666666666671e+02 1.26799999999999997e+02 2.69567548797459240e-03 2.17858453596726811e-06
 1.26799999999999997e+02 1.26933333333333337e+02 2.67193412960673110e-03 2.21367747424345241e-06
 1.26933333333333337e+02 1.27066666666666663e+02 2.65719677850233434e-03 2.10855159892829431e-06
 1.27066666666666663e+02 1.27200000000000003e+02 2.63869847846470761e-03 2.19830310704537527e-06
 1.27200000000000003e+02 1.27333333333333329e+02 2.61817474750402528e-03 2.07218551163357927e-06
 1.27333333333333329e+02 1.27466666666666669e+02 2.60006296427378212e-03 2.09115160955782974e-06
 1.27466666666666669e+02 1.27599999999999994e+02 2.58874033917915955e-03 2.13136347348196936e-06
 1.27599999999999994e+02 1.27733333333333334e+02 2.56564427675263790e-03 2.16215683877178354e-06
 1.27733333333333334e+02 1.27866666666666660e+02 2.55276629042948833e-03 2.10429061170120548e-06
 1.27866666666666660e+02 1.28000000000000000e+02 2.53350336323227661e-03 2.17695177347804204e-06
 1.28000000000000000e+02 1.28133333333333326e+02 2.51618034113615602e-03 2.13765884620303410e-06
 1.28133333333333326e+02 1.28266666666666652e+02 2.49452645690517467e-03 2.49745122462061628e-06
 1.28266666666666652e+02 1.28400000000000006e+02 2.48213374117128198e-03 2.47883251223313701e-06
 1.28400000000000006e+02 1.28533333333333331e+02 2.46021124561846428e-03 2.06924296346469426e-06
 1.28533333333333331e+02 1.28666666666666686e+02 2.44341703274306198e-03 2.05583775854291915e-06
 1.28666666666666686e+02 1.28800000000000011e+02 2.42278147830420065e-03 2.06176131589549367e-06
 1.28800000000000011e+02 1.28933333333333337e+02 2.41057748186622890e-03 2.16425870743377065e-06
 1.28933333333333337e+02 1.29066666666666663e+02 2.39212268403795648e-03 2.12710433241064578e-06
 1.29066666666666663e+02 1.29199999999999989e+02 2.37435298921907356e-03 2.08988449649362092e-06
 1.29199999999999989e+02 1.29333333333333314e+02 2.36015070564442623e-03 2.09471286832551447e-06
 1.29333333333333314e+02 1.29466666666666669e+02 2.33550874866644874e-03 2.02995362855133795e-06
 1.29466666666666669e+02 1.29599999999999994e+02 2.31641603903589254e-03 2.00433504458708921e-06
 1.29599999999999994e+02 1.29733333333333348e+02 2.30174203290921297e-03 2.34551997658108013e-06
 1.29733333333333348e+02 1.29866666666666674e+02 2.28348827745045689e-03 2.00751750026045438e-06
 1.29866666666666674e+02 1.30000000000000000e+02 2.26440942089489944e-03 1.96421218700036637e-06

Histogram:lp+
 1.40000000000000000e+02 1.40625000000000000e+02 1.64220845748605382e-07 1.01802255541550497e-08
 1.40625000000000000e+02 1.41250000000000000e+02 5.31044486925613348e-07 2.40707891943208558e-08
 1.41250000000000000e+02 1.41875000000000000e+02 8.16021154593895432e-07 2.30394592658529565e-08
 1.41875000000000000e+02 1.42500000000000000e+02 1.19295243759637557e-06 3.30887310874324577e-08
 1.42500000000000000e+02 1.43125000000000000e+02 1.54934837963940631e-06 3.61481820109005057e-08
 1.43125000000000000e+02 1.43750000000000000e+02 1.95215794146982834e-06 4.32142073768077108e-08
 1.43750000000000000e+02 1.44375000000000000e+02 2.32222599732336557e-06 6.43665415861250935e-08
 1.44375000000000000e+02 1.45000000000000000e+02 2.71117792025310100e-06 5.04662763748984289e-08
 1.45000000000000000e+02 1.45625000000000000e+02 3.06271211300176026e-06 4.63377825640072817e-08
 1.45625000000000000e+02 1.46250000000000000e+02 3.51527153758142758e-06 7.24033026699272917e-08
 1.46250000000000000e+02 1.46875000000000000e+02 3.79645112260431008e-06 5.17472517329012239e-08
 1.46875000000000000e+02 1.47500000000000000e+02 4.42888308457178547e-06 1.78526066830843363e-07
 1.47500000000000000e+02 1.48125000000000000e+02 4.63172983291635313e-06 7.46445617540429307e-08
 1.48125000000000000e+02 1.48750000000000000e+02 5.02476774491450297e-06 6.54787979330038847e-08
 1.48750000000000000e+02 1.49375000000000000e+02 5.39214127352777661e-06 5.66938209374777226e-08
 1.49375000000000000e+02 1.50000000000000000e+02 5.87238653252831536e-06 7.06922728978302304e-08
 1.50000000000000000e+02 1.50625000000000000e+02 6.20615264313585840e-06 6.65642367745160699e-08
 1.50625000000000000e+02 1.51250000000000000e+02 6.66153726190688942e-06 8.31139349511038731e-08
 1.51250000000000000e+02 1.51875000000000000e+02 7.08205259357763984e-06 6.82776150996424188e-08
 1.51875000000000000e+02 1.52500000000000000e+02 7.46134799493163911e-06 5.97136648650503571e-08
 1.52500000000000000e+02 1.53125000000000000e+02 7.82404664522350624e-06 7.67597167944720342e-08
 1.53125000000000000e+02 1.53750000000000000e+02 8.35030847621444604e-06 8.00456086647060564e-08
 1.53750000000000000e+02 1.54375000000000000e+02 8.73716018060646452e-06 9.85537028982653392e-08
 1.54375000000000000e+02 1.55000000000000000e+02 9.35474178604817007e-06 9.19412594414758773e-08
 1.55000000000000000e+02 1.55625000000000000e+02 9.78793369922513572e-06 9.29350211377756940e-08
 1.55625000000000000e+02 1.56250000000000000e+02 1.00891631582245640e-05 7.74472790956757445e-08
 1.56250000000000000e+02 1.56875000000000000e+02 1.05843883802879205e-05 1.09768706663726521e-07
 1.56875000000000000e+02 1.57500000000000000e+02 1.09280914813608042e-05 7.53704470454604827e-08
 1.57500000000000000e+02 1.58125000000000000e+02 1.15268085759066029e-05 9.31977078709104431e-08
 1.58125000000000000e+02 1.58750000000000000e+02 1.17794374393776304e-05 9.81122576757235822e-08
 1.58750000000000000e+02 1.59375000000000000e+02 1.22702704523187224e-05 1.27336373206578603e-07
 1.59375000000000000e+02 1.60000000000000000e+02 1.27752714992463353e-05 9.48586314246820050e-08
 1.60000000000000000e+02 1.60625000000000000e+02 2.43675455584590168e-05 1.12625302729279024e-07
 1.60625000000000000e+02 1.61250000000000000e+02 3.39605392577389472e-05 1.13801666863367245e-07
 1.61250000000000000e+02 1.61875000000000000e+02 4.05950619253978948e-05 1.28775987557070111e-07
 1.61875000000000000e+02 1.62500000000000000e+02 4.63590621675666280e-05 2.31716013657611845e-07
 1.62500000000000000e+02 1.63125000000000000e+02 5.06856597136712175e-05 1.39995808948793656e-07
 1.63125000000000000e+02 1.63750000000000000e+02 5.51768715185173148e-05 1.63097885763044842e-07
 1.63750000000000000e+02 1.64375000000000000e+02 5.94868650842955793e-05 1.39810447807142234e-07
 1.64375000000000000e+02 1.65000000000000000e+02 6.37505698615537290e-05 1.44884991501600402e-07
 1.65000000000000000e+02 1.65625000000000000e+02 6.72953237307583312e-05 1.46882972603903611e-07
 1.65625000000000000e+02 1.66250000000000000e+02 7.13743081138817101e-05 2.39368338154505333e-07
 1.66250000000000000e+02 1.66875000000000000e+02 7.45945807242070824e-05 1.59685731722475794e-07
 1.66875000000000000e+02 1.67500000000000000e+02 7.81618032350788996e-05 1.66906412800879192e-07
 1.67500000000000000e+02 1.68125000000000000e+02 8.13865569704029138e-05 1.53466575962201503e-07
 1.68125000000000000e+02 1.68750000000000000e+02 8.47200503154221324e-05 2.06076946205910363e-07
 1.68750000000000000e+02 1.69375000000000000e+02 8.79378556573123061e-05 1.65654391072406889e-07
 1.69375000000000000e+02 1.70000000000000000e+02 9.12372404948842008e-05 1.68787693853278850e-07
 1.70000000000000000e+02 1.70625000000000000e+02 9.45121923388707070e-05 1.67040377791622232e-07
 1.70625000000000000e+02 1.71250000000000000e+02 9.73715226473842064e-05 2.04277864659478261e-07
 1.71250000000000000e+02 1.71875000000000000e+02 1.00637696538082670e-04 3.00520289135896838e-07
 1.71875000000000000e+02 1.72500000000000000e+02 1.03382242845730674e-04 1.95314345479182108e-07
 1.72500000000000000e+02 1.73125000000000000e+02 1.06118150598511678e-04 1.71599970657844669e-07
 1.73125000000000000e+02 1.73750000000000000e+02 1.09468472723146709e-04 1.83781200889296722e-07
 1.73750000000000000e+02 1.74375000000000000e+02 1.12348073117525532e-04 1.97213575256955440e-07
 1.74375000000000000e+02 1.75000000000000000e+02 1.15606234114118802e-04 1.94185063382210652e-07
 1.75000000000000000e+02 1.75625000000000000e+02 1.18217614544474808e-04 2.10161924647469618e-07
 1.75625000000000000e+02 1.76250000000000000e+02 1.21183267136314840e-04 2.07290152854490564e-07
 1.76250000000000000e+02 1.76875000000000000e+02 1.23830704601567289e-04 1.94910900311485751e-07
 1.76875000000000000e+02 1.77500000000000000e+02 1.26761233365816473e-04 1.88521061893348240e-07
 1.77500000000000000e+02 1.78125000000000000e+02 1.29479398256508770e-04 1.92106385065741516e-07
 1.78125000000000000e+02 1.78750000000000000e+02 1.32355803404487539e-04 1.88891373275958381e-07
 1.78750000000000000e+02 1.79375000000000000e+02 1.35546911632433828e-04 2.33551270963221064e-07
 1.79375000000000000e+02 1.80000000000000000e+02 1.37275202537117600e-04 9.17746559193425619e-07
 1.80000000000000000e+02 1.80625000000000000e+02 1.40925628147852008e-04 2.02814361484106320e-07
 1.80625000000000000e+02 1.81250000000000000e+02 1.43714500010389565e-04 2.03220614660674389e-07
 1.81250000000000000e+02 1.81875000000000000e+02 1.46862814007640824e-04 2.10767892975932731e-07
 1.81875000000000000e+02 1.82500000000000000e+02 1.49576209740922498e-04 2.15489034085489416e-07
 1.82500000000000000e+02 1.83125000000000000e+02 1.52514276278031943e-04 2.07111841943188433e-07
 1.83125000000000000e+02 1.83750000000000000e+02 1.55145792335127853e-04 2.20385723196658789e-07
 1.83750000000000000e+02 1.84375000000000000e+02 1.57108152915710599e-04 2.15014961606684954e-07
 1.84375000000000000e+02 1.85000000000000000e+02 1.58137969585178429e-04 2.21197571054091232e-07
 1.85000000000000000e+02 1.85625000000000000e+02 1.59447609844652757e-04 2.34077236193345800e-07
 1.85625000000000000e+02 1.86250000000000000e+02 1.60201789999952425e-04 2.11384130678642192e-07
 1.86250000000000000e+02 1.86875000000000000e+02 1.61470287376083769e-04 2.14190595589759000e-07
 1.86875000000000000e+02 1.87500000000000000e+02 1.62759885083769572e-04 2.17845144351595564e-07
 1.87500000000000000e+02 1.88125000000000000e+02 1.63692939363117596e-04 2.17632154014552028e-07
 1.88125000000000000e+02 1.88750000000000000e+02 1.65832989152801179e-04 2.21403106800256878e-07
 1.88750000000000000e+02 1.89375000000000000e+02 1.66485803484756338e-04 2.16057660507817400e-07
 1.89375000000000000e+02 1.90000000000000000e+02 1.68302791885289468e-04 2.31665559657403307e-07
 1.90000000000000000e+02 1.90625000000000000e+02 1.69265068177256768e-04 2.52917675741441027e-07
 1.90625000000000000e+02 1.91250000000000000e+02 1.70188865656568418e-04 2.22464499147105174e-07
 1.91250000000000000e+02 1.91875000000000000e+02 1.71494093196748883e-04 2.25917905027492014e-07
 1.91875000000000000e+02 1.92500000000000000e+02 1.73054668172763470e-04 3.71249377373120352e-07
 1.92500000000000000e+02 1.93125000000000000e+02 1.74257949129528615e-04 2.27911600182288387e-07
 1.93125000000000000e+02 1.93750000000000000e+02 1.76146980493880196e-04 2.43301185434104358e-07
 1.93750000000000000e+02 1.94375000000000000e+02 1.76611122014128802e-04 2.20477693982851261e-07
 1.94375000000000000e+02 1.95000000000000000e+02 1.78139738474138349e-04 2.41599019323239983e-07
 1.95000000000000000e+02 1.95625000000000000e+02 1.79514893978885957e-04 2.36475113567651191e-07
 1.95625000000000000e+02 1.96250000000000000e+02 1.80849616979436172e-04 2.45170216310445258e-07
 1.96250000000000000e+02 1.96875000000000000e+02 1.82510996543978915e-04 2.76188420163705131e-07
 1.96875000000000000e+02 1.97500000000000000e+02 1.83365839922876208e-04 2.24368900281589271e-07
 1.97500000000000000e+02 1.98125000000000000e+02 1.84894756360412895e-04 2.30797700667978940e-07
 1.98125000000000000e+02 1.98750000000000000e+02 1.86482621598294397e-04 2.38428750594226134e-07
 1.98750000000000000e+02 1.99375000000000000e+02 1.87180026197284393e-04 2.28083715247778781e-07
 1.99375000000000000e+02 2.00000000000000000e+02 1.88274465041359716e-04 2.25602497400182027e-07
 2.00000000000000000e+02 2.00625000000000000e+02 1.90675839011537613e-04 2.47396173410999384e-07
 2.00625000000000000e+02 2.01250000000000000e+02 1.92083792647103102e-04 2.63719478102314321e-07
 2.01250000000000000e+02 2.01875000000000000e+02 1.92806602568349774e-04 2.37071634355995073e-07
 2.01875000000000000e+02 2.02500000000000000e+02 1.94537693393836189e-04 3.10817180303694360e-07
 2.02500000000000000e+02 2.03125000000000000e+02 1.95889940282698092e-04 2.36240618108289399e-07
 2.03125000000000000e+02 2.03750000000000000e+02 1.97222740164036740e-04 2.37459258816681631e-07
 2.03750000000000000e+02 2.04375000000000000e+02 1.98686053824650115e-04 2.43409708886589895e-07
 2.04375000000000000e+02 2.05000000000000000e+02 2.00197681549597840e-04 2.50234921934621867e-07
 2.05000000000000000e+02 2.05625000000000000e+02 2.01615083789223783e-04 2.37806549759512459e-07
 2.05625000000000000e+02 2.06250000000000000e+02 2.02809081185222203e-04 2.32977734300511856e-07
 2.06250000000000000e+02 2.06875000000000000e+02 2.04332416255203261e-04 2.44661346552668915e-07
 2.06875000000000000e+02 2.07500000000000000e+02 2.05614893344004579e-04 2.63287552757019323e-07
 2.07500000000000000e+02 2.08125000000000000e+02 2.07192806294136632e-04 2.55651545364933381e-07
 2.08125000000000000e+02 2.08750000000000000e+02 2.08705356839569803e-04 2.60409618380278225e-07
 2.08750000000000000e+02 2.09375000000000000e+02 2.10286372090386320e-04 2.51068654108124946e-07
 2.09375000000000000e+02 2.10000000000000000e+02 2.11832697472101220e-04 2.46884563757463746e-07
 2.10000000000000000e+02 2.10625000000000000e+02 2.13053770801849399e-04 2.48962193379829944e-07
 2.10625000000000000e+02 2.11250000000000000e+02 2.15013987431499315e-04 2.49339534829490986e-07
 2.11250000000000000e+02 2.11875000000000000e+02 2.16088967445128533e-04 2.48682128632848031e-07
 2.11875000000000000e+02 2.12500000000000000e+02 2.17480790924683696e-04 2.55281093058755117e-07
 2.12500000000000000e+02 2.13125000000000000e+02 2.19568297371050346e-04 2.70094027835719977e-07
 2.13125000000000000e+02 2.13750000000000000e+02 2.20347363931175827e-04 2.45583720126983051e-07
 2.13750000000000000e+02 2.14375000000000000e+02 2.22199984901370358e-04 2.54737827599016322e-07
 2.14375000000000000e+02 2.15000000000000000e+02 2.24187914570416321e-04 2.55177953416370876e-07
 2.15000000000000000e+02 2.15625000000000000e+02 2.25169715742018305e-04 2.53338839239010080e-07
 2.15625000000000000e+02 2.16250000000000000e+02 2.27073331912483527e-04 2.66279494131438699e-07
 2.16250000000000000e+02 2.16875000000000000e+02 2.28670459230177639e-04 2.89250594545100334e-07
 2.16875000000000000e+02 2.17500000000000000e+02 2.30361591913226955e-04 2.63317830125623372e-07
 2.17500000000000000e+02 2.18125000000000000e+02 2.31946897787741033e-04 2.77914874433747921e-07
 2.18125000000000000e+02 2.18750000000000000e+02 2.33194441535132936e-04 2.58715733113399034e-07
 2.18750000000000000e+02 2.19375000000000000e+02 2.35400287489950983e-04 2.67855897774983435e-07
 2.19375000000000000e+02 2.20000000000000000e+02 2.36415672296258830e-04 2.59977872735816449e-07
 2.20000000000000000e+02 2.20625000000000000e+02 2.37988029703434386e-04 2.61555200911978324e-07
 2.20625000000000000e+02 2.21250000000000000e+02 2.39882083544652280e-04 2.68935138541317650e-07
 2.21250000000000000e+02 2.21875000000000000e+02 2.42135086670427113e-04 2.96492361096235137e-07
 2.21875000000000000e+02 2.22500000000000000e+02 2.42927330125113051e-04 2.62054817243581633e-07
 2.22500000000000000e+02 2.23125000000000000e+02 2.44812241881882809e-04 2.66798308827708351e-07
 2.23125000000000000e+02 2.23750000000000000e+02 2.46162367616399038e-04 2.67753012727916311e-07
 2.23750000000000000e+02 2.24375000000000000e+02 2.48355598846863174e-04 2.76199282376225183e-07
 2.24375000000000000e+02 2.25000000000000000e+02 2.50232193394329548e-04 3.21066475278841632e-07
 2.25000000000000000e+02 2.25625000000000000e+02 2.51608076495567809e-04 2.71683989240818004e-07
 2.25625000000000000e+02 2.26250000000000000e+02 2.53571138939025231e-04 2.92790812682708288e-07
 2.26250000000000000e+02 2.26875000000000000e+02 2.54939472606316637e-04 2.78556471972762214e-07
 2.26875000000000000e+02 2.27500000000000000e+02 2.56675561195024091e-04 2.97481475215024070e-07
 2.27500000000000000e+02 2.28125000000000000e+02 2.58225993183054464e-04 2.75730187320343399e-07
 2.28125000000000000e+02 2.28750000000000000e+02 2.60164719880499298e-04 2.97365813334583600e-07
 2.28750000000000000e+02 2.29375000000000000e+02 2.61722955012644093e-04 2.98089729553934468e-07
 2.29375000000000000e+02 2.30000000000000000e+02 2.63685773622811584e-04 2.84282363445725251e-07
 2.30000000000000000e+02 2.30625000000000000e+02 2.65343033291731971e-04 2.84937210768405208e-07
 2.30625000000000000e+02 2.31250000000000000e+02 2.67331411548342814e-04 2.89329678782908219e-07
 2.31250000000000000e+02 2.31875000000000000e+02 2.68970401358795098e-04 2.83660669355667525e-07
 2.31875000000000000e+02 2.32500000000000000e+02 2.70441933468899842e-04 2.86279016052869597e-07
 2.32500000000000000e+02 2.33125000000000000e+02 2.72261336797535974e-04 3.02946917846230896e-07
 2.33125000000000000e+02 2.33750000000000000e+02 2.74279505370953467e-04 2.83499970890804448e-07
 2.33750000000000000e+02 2.34375000000000000e+02 2.76738077724884152e-04 3.04620546795319739e-07
 2.34375000000000000e+02 2.35000000000000000e+02 2.77800176276002397e-04 3.00864375549770120e-07
 2.35000000000000000e+02 2.35625000000000000e+02 2.80191719664378113e-04 2.95991526260199597e-07
 2.35625000000000000e+02 2.36250000000000000e+02 2.81702158573973011e-04 2.92621838414156527e-07
 2.36250000000000000e+02 2.36875000000000000e+02 2.83296177453432909e-04 3.40977461526523437e-07
 2.36875000000000000e+02 2.37500000000000000e+02 2.85773433252930835e-04 2.91871395935897196e-07
 2.37500000000000000e+02 2.38125000000000000e+02 2.87178301103903984e-04 3.21913350959214181e-07
 2.38125000000000000e+02 2.38750000000000000e+02 2.89197363316375455e-04 3.03186459668770281e-07
 2.38750000000000000e+02 2.39375000000000000e+02 2.91318666462165828e-04 2.94423027533020768e-07
 2.39375000000000000e+02 2.40000000000000000e+02 2.93138766817397256e-04 3.08706859142425100e-07
 2.40000000000000000e+02 2.40625000000000000e+02 2.95141601323921658e-04 2.97933213374161058e-07
 2.40625000000000000e+02 2.41250000000000000e+02 2.97192238772648405e-04 2.98646014168738000e-07
 2.41250000000000000e+02 2.41875000000000000e+02 2.98945097151837849e-04 3.04629075144235181e-07
 2.41875000000000000e+02 2.42500000000000000e+02 3.01190379250938388e-04 3.01655339820378510e-07
 2.42500000000000000e+02 2.43125000000000000e+02 3.02673651077449109e-04 3.06899368613371351e-07
 2.43125000000000000e+02 2.43750000000000000e+02 3.04847241433695156e-04 3.30714976447456456e-07
 2.43750000000000000e+02 2.44375000000000000e+02 3.06947721238445609e-04 2.95217341431132050e-07
 2.44375000000000000e+02 2.45000000000000000e+02 3.09189879144255411e-04 3.13092443823243313e-07
 2.45000000000000000e+02 2.45625000000000000e+02 3.11559801004787336e-04 4.37394729424249928e-07
 2.45625000000000000e+02 2.46250000000000000e+02 3.13193105265349898e-04 3.12766300960826251e-07
 2.46250000000000000e+02 2.46875000000000000e+02 3.14955976713606541e-04 3.61609981258517953e-07
 2.46875000000000000e+02 2.47500000000000000e+02 3.17447986200534863e-04 4.84807296285162003e-07
 2.47500000000000000e+02 2.48125000000000000e+02 3.19781275223114854e-04 3.13342723709101205e-07
 2.48125000000000000e+02 2.48750000000000000e+02 3.21485926247789666e-04 3.10488208737300339e-07
 2.48750000000000000e+02 2.49375000000000000e+02 3.23713787347891741e-04 3.34018411163342021e-07
 2.49375000000000000e+02 2.50000000000000000e+02 3.26510747451976577e-04 4.17738401766145540e-07
 2.50000000000000000e+02 2.50625000000000000e+02 3.27979071253437881e-04 3.10809947607646595e-07
 2.50625000000000000e+02 2.51250000000000000e+02 3.28416584814276752e-04 1.49879393128166181e-06
 2.51250000000000000e+02 2.51875000000000000e+02 3.32482825021346209e-04 3.21371778207700647e-07
 2.51875000000000000e+02 2.52500000000000000e+02 3.34488781744520652e-04 3.18860646897406472e-07
 2.52500000000000000e+02 2.53125000000000000e+02 3.36384925503081247e-04 3.23850763646114396e-07
 2.53125000000000000e+02 2.53750000000000000e+02 3.38967605588998946e-04 3.29751630435998703e-07
 2.53750000000000000e+02 2.54375000000000000e+02 3.40951998788507123e-04 3.14472874985128837e-07
 2.54375000000000000e+02 2.55000000000000000e+02 3.43122443610869134e-04 3.24138750329197404e-07
 2.55000000000000000e+02 2.55625000000000000e+02 3.46045403483983757e-04 3.29576136357121243e-07
 2.55625000000000000e+02 2.56250000000000000e+02 3.47725924292489994e-04 3.65594459727730695e-07
 2.56250000000000000e+02 2.56875000000000000e+02 3.50681319462201524e-04 3.40441000346351849e-07
 2.56875000000000000e+02 2.57500000000000000e+02 3.52637449635454024e-04 3.39966245256968386e-07
 2.57500000000000000e+02 2.58125000000000000e+02 3.54685726632897444e-04 3.42209027986344359e-07
 2.58125000000000000e+02 2.58750000000000000e+02 3.57141138010521849e-04 3.33332583711486851e-07
 2.58750000000000000e+02 2.59375000000000000e+02 3.59452591400708909e-04 3.23809456662407423e-07
 2.59375000000000000e+02 2.60000000000000000e+02 3.62498837675981041e-04 3.36107944713293026e-07
 2.60000000000000000e+02 2.60625000000000000e+02 3.64174006215398408e-04 3.43265878949270200e-07
 2.60625000000000000e+02 2.61250000000000000e+02 3.67079279714336898e-04 3.29509980862278717e-07
 2.61250000000000000e+02 2.61875000000000000e+02 3.69850224444762436e-04 3.37061637082856959e-07
 2.61875000000000000e+02 2.62500000000000000e+02 3.72136416469613857e-04 4.52952016603859367e-07
 2.62500000000000000e+02 2.63125000000000000e+02 3.74576079436971486e-04 3.70615775255985472e-07
 2.63125000000000000e+02 2.63750000000000000e+02 3.76862111397051954e-04 3.49019041504658471e-07
 2.63750000000000000e+02 2.64375000000000000e+02 3.79302556568976489e-04 4.20611520512555056e-07
 2.64375000000000000e+02 2.65000000000000000e+02 3.81856016770197560e-04 3.50079865392762728e-07
 2.65000000000000000e+02 2.65625000000000000e+02 3.84365299976867955e-04 3.53719730741239108e-07
 2.65625000000000000e+02 2.66250000000000000e+02 3.88021040268165867e-04 4.66837921741710057e-07
 2.66250000000000000e+02 2.66875000000000000e+02 3.90075046234534249e-04 3.96799337157305701e-07
 2.66875000000000000e+02 2.67500000000000000e+02 3.91957394924779797e-04 3.44089350799970504e-07
 2.67500000000000000e+02 2.68125000000000000e+02 3.95675818619834689e-04 3.54059672286118528e-07
 2.68125000000000000e+02 2.68750000000000000e+02 3.97034874431564748e-04 3.57332547396937121e-07
 2.68750000000000000e+02 2.69375000000000000e+02 3.99831598768285456e-04 3.85804388799870109e-07
 2.69375000000000000e+02 2.70000000000000000e+02 4.03370982425829716e-04 3.47567269519819383e-07
 2.70000000000000000e+02 2.70625000000000000e+02 4.06335292563824964e-04 4.03953974197944589e-07
 2.70625000000000000e+02 2.71250000000000000e+02 4.08096822057779803e-04 3.51067867258345179e-07
 2.71250000000000000e+02 2.71875000000000000e+02 4.10627925467968804e-04 3.94106174587099994e-07
 2.71875000000000000e+02 2.72500000000000000e+02 4.14235807236820947e-04 3.82488357187711661e-07
 2.72500000000000000e+02 2.73125000000000000e+02 4.16045686423756572e-04 4.03323132795876254e-07
 2.73125000000000000e+02 2.73750000000000000e+02 4.19463873976275864e-04 3.70075903740410296e-07
 2.73750000000000000e+02 2.74375000000000000e+02 4.21632957447866125e-04 3.57082171359160610e-07
 2.74375000000000000e+02 2.75000000000000000e+02 4.25026070884386366e-04 3.70725350221328444e-07
 2.75000000000000000e+02 2.75625000000000000e+02 4.27480494667713360e-04 3.57823148210891505e-07
 2.75625000000000000e+02 2.76250000000000000e+02 4.30517446622894157e-04 3.67271777347779836e-07
 2.76250000000000000e+02 2.76875000000000000e+02 4.33363334979925449e-04 3.80384146775773257e-07
 2.76875000000000000e+02 2.77500000000000000e+02 4.36212710210151218e-04 3.58529470547479962e-07
 2.77500000000000000e+02 2.78125000000000000e+02 4.38936564708564863e-04 3.61519103207157312e-07
 2.78125000000000000e+02 2.78750000000000000e+02 4.42698060076442568e-04 3.78553853430443362e-07
 2.78750000000000000e+02 2.79375000000000000e+02 4.45248897726950588e-04 3.73846849366747353e-07
 2.79375000000000000e+02 2.80000000000000000e+02 4.48592260552950354e-04 5.31699308399317544e-07
 2.80000000000000000e+02 2.80625000000000000e+02 4.51880321030779641e-04 3.72683633900574505e-07
 2.80625000000000000e+02 2.81250000000000000e+02 4.54408664057861437e-04 4.03611807380447749e-07
 2.81250000000000000e+02 2.81875000000000000e+02 4.56576483908597425e-04 3.71641950068900298e-07
 2.81875000000000000e+02 2.82500000000000000e+02 4.60190324931087323e-04 4.39776436040699801e-07
 2.82500000000000000e+02 2.83125000000000000e+02 4.63341359161545700e-04 3.78456211599748648e-07
 2.83125000000000000e+02 2.83750000000000000e+02 4.66188942254175918e-04 3.86116448744438198e-07
 2.83750000000000000e+02 2.84375000000000000e+02 4.69052410195112382e-04 3.69293057902894894e-07
 2.84375000000000000e+02 2.85000000000000000e+02 4.72928073344404398e-04 4.96284412612607485e-07
 2.85000000000000000e+02 2.85625000000000000e+02 4.75583078859768992e-04 3.80635094879825818e-07
 2.85625000000000000e+02 2.86250000000000000e+02 4.78769374827896894e-04 3.87613716416844019e-07
 2.86250000000000000e+02 2.86875000000000000e+02 4.82411905956165420e-04 3.84551312354911444e-07
 2.86875000000000000e+02 2.87500000000000000e+02 4.85342127322675504e-04 3.97594821597846250e-07
 2.87500000000000000e+02 2.88125000000000000e+02 4.88179008659286547e-04 3.79220631581710031e-07
 2.88125000000000000e+02 2.88750000000000000e+02 4.91920832846477296e-04 3.81789693896679961e-07
 2.88750000000000000e+02 2.89375000000000000e+02 4.95458229873386438e-04 4.12975143839536169e-07
 2.89375000000000000e+02 2.90000000000000000e+02 4.99166810998914940e-04 4.08270260710688627e-07
 2.90000000000000000e+02 2.90625000000000000e+02 5.02361469381615061e-04 3.89362609543336406e-07
 2.90625000000000000e+02 2.91250000000000000e+02 5.05966394823526141e-04 6.20266216960660266e-07
 2.91250000000000000e+02 2.91875000000000000e+02 5.09083109364564732e-04 4.10392860110713251e-07
 2.91875000000000000e+02 2.92500000000000000e+02 5.13252306831574970e-04 4.15837209455233977e-07
 2.92500000000000000e+02 2.93125000000000000e+02 5.15751588899904592e-04 4.16111731698101809e-07
 2.93125000000000000e+02 2.93750000000000000e+02 5.19037118919050142e-04 4.25186009129982433e-07
 2.93750000000000000e+02 2.94375000000000000e+02 5.22680027416145177e-04 4.27324362086330748e-07
 2.94375000000000000e+02 2.95000000000000000e+02 5.26250570618006647e-04 4.11460451720281350e-07
 2.95000000000000000e+02 2.95625000000000000e+02 5.29361028238028238e-04 4.20416821919818288e-07
 2.95625000000000000e+02 2.96250000000000000e+02 5.32420952700628702e-04 4.00908077866268345e-07
 2.96250000000000000e+02 2.96875000000000000e+02 5.37430435695606420e-04 4.19983945432767076e-07
 2.96875000000000000e+02 2.97500000000000000e+02 5.40796845067307110e-04 5.19284778249834058e-07
 2.97500000000000000e+02 2.98125000000000000e+02 5.43484354915530995e-04 4.13786354651956929e-07
 2.98125000000000000e+02 2.98750000000000000e+02 5.46991470673156843e-04 4.24233111344713336e-07
 2.98750000000000000e+02 2.99375000000000000e+02 5.51436606916441132e-04 4.12672541879263194e-07
 2.99375000000000000e+02 3.00000000000000000e+02 5.55281105727241874e-04 4.58418274431776458e-07
 3.00000000000000000e+02 3.00625000000000000e+02 5.57862098906898086e-04 4.14152447272119309e-07
 3.00625000000000000e+02 3.01250000000000000e+02 5.62155272135713433e-04 4.12300283096054992e-07
 3.01250000000000000e+02 3.01875000000000000e+02 5.66094750829021953e-04 4.37161973672147684e-07
 3.01875000000000000e+02 3.02500000000000000e+02 5.69632550553241163e-04 4.14468913084200110e-07
 3.02500000000000000e+02 3.03125000000000000e+02 5.73054022705389468e-04 4.37855039243728418e-07
 3.03125000000000000e+02 3.03750000000000000e+02 5.76197827491016978e-04 4.07476221071947716e-07
 3.03750000000000000e+02 3.04375000000000000e+02 5.80446820388663774e-04 4.21722959128381641e-07
 3.04375000000000000e+02 3.05000000000000000e+02 5.84189756476431125e-04 4.39613419268701633e-07
 3.05000000000000000e+02 3.05625000000000000e+02 5.88429035780598225e-04 4.24391156375088862e-07
 3.05625000000000000e+02 3.06250000000000000e+02 5.93010584239805558e-04 4.59059607687847650e-07
 3.06250000000000000e+02 3.06875000000000000e+02 5.95588688583857770e-04 4.30093717452920738e-07
 3.06875000000000000e+02 3.07500000000000000e+02 5.99727866237280351e-04 4.36775075613798560e-07
 3.07500000000000000e+02 3.08125000000000000e+02 6.03944909504440432e-04 4.20749318298936529e-07
 3.08125000000000000e+02 3.08750000000000000e+02 6.07412136761013204e-04 4.33540017491683368e-07
 3.08750000000000000e+02 3.09375000000000000e+02 6.11235013024931514e-04 4.70851177797387386e-07
 3.09375000000000000e+02 3.10000000000000000e+02 6.15472820322933542e-04 4.45641835518208403e-07
 3.10000000000000000e+02 3.10625000000000000e+02 6.18417088193964947e-04 4.31513802694667501e-07
 3.10625000000000000e+02 3.11250000000000000e+02 6.22350331409547188e-04 4.32079669882457035e-07
 3.11250000000000000e+02 3.11875000000000000e+02 6.27527575401264624e-04 4.48627840130153985e-07
 3.11875000000000000e+02 3.12500000000000000e+02 6.30439592856686811e-04 4.35864109228286989e-07
 3.12500000000000000e+02 3.13125000000000000e+02 6.34837996831136156e-04 4.38981279483783197e-07
 3.13125000000000000e+02 3.13750000000000000e+02 6.38787893896116451e-04 4.38501512126566305e-07
 3.13750000000000000e+02 3.14375000000000000e+02 6.42401329148655290e-04 5.19287037494518731e-07
 3.14375000000000000e+02 3.15000000000000000e+02 6.46585171371392639e-04 4.65010540926010994e-07
 3.15000000000000000e+02 3.15625000000000000e+02 6.50767932368497416e-04 4.51710530621594576e-07
 3.15625000000000000e+02 3.16250000000000000e+02 6.54782450856880279e-04 4.41450042502890521e-07
 3.16250000000000000e+02 3.16875000000000000e+02 6.59424280148028182e-04 4.77472147220443348e-07
 3.16875000000000000e+02 3.17500000000000000e+02 6.63156222180193546e-04 4.70941403742700684e-07
 3.17500000000000000e+02 3.18125000000000000e+02 6.67193573169592145e-04 4.46577013040367139e-07
 3.18125000000000000e+02 3.18750000000000000e+02 6.71243738977668524e-04 4.34537472412570227e-07
 3.18750000000000000e+02 3.19375000000000000e+02 6.75778406529494455e-04 4.51300518907234541e-07
 3.19375000000000000e+02 3.20000000000000000e+02 6.80345292149976688e-04 4.60395662046845217e-07
 3.20000000000000000e+02 3.20625000000000000e+02 6.83054791022080841e-04 4.36512848519706637e-07
 3.20625000000000000e+02 3.21250000000000000e+02 6.88661543413328467e-04 4.85894368165785293e-07
 3.21250000000000000e+02 3.21875000000000000e+02 6.92605538527779120e-04 4.41243207887092562e-07
 3.21875000000000000e+02 3.22500000000000000e+02 6.96658680570380498e-04 4.96570280866312703e-07
 3.22500000000000000e+02 3.23125000000000000e+02 7.01183012076956485e-04 4.68300209313291383e-07
 3.23125000000000000e+02 3.23750000000000000e+02 7.05830374052486206e-04 4.56328050053137955e-07
 3.23750000000000000e+02 3.24375000000000000e+02 7.09246251375208483e-04 4.38833724895416609e-07
 3.24375000000000000e+02 3.25000000000000000e+02 7.14335234860602832e-04 4.53964313211653627e-07
 3.25000000000000000e+02 3.25625000000000000e+02 7.18496671471125772e-04 4.42560113620353590e-07
 3.25625000000000000e+02 3.26250000000000000e+02 7.23349288602801680e-04 4.47573805121616688e-07
 3.26250000000000000e+02 3.26875000000000000e+02 7.27831189344211715e-04 4.75850840075751049e-07
 3.26875000000000000e+02 3.27500000000000000e+02 7.31577470249635854e-04 4.54313692184894318e-07
 3.27500000000000000e+02 3.28125000000000000e+02 7.36589735408633029e-04 4.82733344977005590e-07
 3.28125000000000000e+02 3.28750000000000000e+02 7.41588932092504581e-04 4.60155913220869198e-07
 3.28750000000000000e+02 3.29375000000000000e+02 7.45995996235804628e-04 4.54028051938803005e-07
 3.29375000000000000e+02 3.30000000000000000e+02 7.51547309754442344e-04 4.56836824132096138e-07
 3.30000000000000000e+02 3.30625000000000000e+02 7.55177369144838283e-04 4.53310822110109298e-07
 3.30625000000000000e+02 3.31250000000000000e+02 7.60086000129035658e-04 4.71269211514279979e-07
 3.31250000000000000e+02 3.31875000000000000e+02 7.64405849350119652e-04 4.49117865665637002e-07
 3.31875000000000000e+02 3.32500000000000000e+02 7.70657382576864832e-04 4.61331521284755722e-07
 3.32500000000000000e+02 3.33125000000000000e+02 7.75221628035704046e-04 4.56363210108394531e-07
 3.33125000000000000e+02 3.33750000000000000e+02 7.80059243599883910e-04 4.62498085013449143e-07
 3.33750000000000000e+02 3.34375000000000000e+02 7.84725662446021438e-04 4.64916236103633331e-07
 3.34375000000000000e+02 3.35000000000000000e+02 7.89562749010558817e-04 4.77798652510915964e-07
 3.35000000000000000e+02 3.35625000000000000e+02 7.95928595232958842e-04 4.75286921115973704e-07
 3.35625000000000000e+02 3.36250000000000000e+02 8.00160220514399990e-04 4.79529666443967303e-07
 3.36250000000000000e+02 3.36875000000000000e+02 8.05230065280130788e-04 4.90137744655341969e-07
 3.36875000000000000e+02 3.37500000000000000e+02 8.09524075858035616e-04 4.63497968786009122e-07
 3.37500000000000000e+02 3.38125000000000000e+02 8.15107406677963902e-04 4.62901580377039680e-07
 3.38125000000000000e+02 3.38750000000000000e+02 8.21042380260216995e-04 4.75793125462794458e-07
 3.38750000000000000e+02 3.39375000000000000e+02 8.25594944645357187e-04 4.64750917333956471e-07
 3.39375000000000000e+02 3.40000000000000000e+02 8.32928659380880983e-04 4.90175486862361275e-07
 3.40000000000000000e+02 3.40625000000000000e+02 8.36863405005446362e-04 4.73280114877694326e-07
 3.40625000000000000e+02 3.41250000000000000e+02 8.42676048324317415e-04 4.68344568661665369e-07
 3.41250000000000000e+02 3.41875000000000000e+02 8.48617328063154845e-04 4.97462077180225291e-07
 3.41875000000000000e+02 3.42500000000000000e+02 8.53445827030443137e-04 4.73012418021799619e-07
 3.42500000000000000e+02 3.43125000000000000e+02 8.59123746521305433e-04 5.09574476999983077e-07
 3.43125000000000000e+02 3.43750000000000000e+02 8.64800711098945123e-04 4.89540860029475183e-07
 3.43750000000000000e+02 3.44375000000000000e+02 8.70663812013134611e-04 4.86191700634662161e-07
 3.44375000000000000e+02 3.45000000000000000e+02 8.76752010899272435e-04 4.88865143403195485e-07
 3.45000000000000000e+02 3.45625000000000000e+02 8.81865601047689390e-04 4.80218324397529135e-07
 3.45625000000000000e+02 3.46250000000000000e+02 8.88867335503329002e-04 4.86857319212672737e-07
 3.46250000000000000e+02 3.46875000000000000e+02 8.94043107748911862e-04 4.95762660574704709e-07
 3.46875000000000000e+02 3.47500000000000000e+02 8.99770552426503454e-04 4.83616848317839412e-07
 3.47500000000000000e+02 3.48125000000000000e+02 9.04873977611374823e-04 4.83595064686277533e-07
 3.48125000000000000e+02 3.48750000000000000e+02 9.11705191617496352e-04 4.95948642160422575e-07
 3.48750000000000000e+02 3.49375000000000000e+02 9.18225115058494794e-04 4.81717382820888886e-07
 3.49375000000000000e+02 3.50000000000000000e+02 9.23139509495884514e-04 4.94739038272708663e-07
 3.50000000000000000e+02 3.50625000000000000e+02 9.31136413614236879e-04 4.95186032280927776e-07
 3.50625000000000000e+02 3.51250000000000000e+02 9.36755688279538885e-04 4.87018712113529800e-07
 3.51250000000000000e+02 3.51875000000000000e+02 9.42763861040929419e-04 4.90883572563320796e-07
 3.51875000000000000e+02 3.52500000000000000e+02 9.49268398877250205e-04 4.90252251003690839e-07
 3.52500000000000000e+02 3.53125000000000000e+02 9.56402033319352779e-04 5.16377846532040920e-07
 3.53125000000000000e+02 3.53750000000000000e+02 9.62430650259369692e-04 5.18859696636776431e-07
 3.53750000000000000e+02 3.54375000000000000e+02 9.69565121028160724e-04 6.33752607528167607e-07
 3.54375000000000000e+02 3.55000000000000000e+02 9.75799927991389312e-04 5.05067415880845446e-07
 3.55000000000000000e+02 3.55625000000000000e+02 9.83796306016283817e-04 5.06049532916689024e-07
 3.55625000000000000e+02 3.56250000000000000e+02 9.89722419851314259e-04 5.27425327510790190e-07
 3.56250000000000000e+02 3.56875000000000000e+02 9.97280705053695676e-04 5.14791026656309274e-07
 3.56875000000000000e+02 3.57500000000000000e+02 1.00363798851786905e-03 5.12024517099209927e-07
 3.57500000000000000e+02 3.58125000000000000e+02 1.00982638946988334e-03 5.07966080930277687e-07
 3.58125000000000000e+02 3.58750000000000000e+02 1.01767473797119336e-03 5.03263977376508046e-07
 3.58750000000000000e+02 3.59375000000000000e+02 1.02519127864435493e-03 5.14531489897179512e-07
 3.59375000000000000e+02 3.60000000000000000e+02 1.03280231551929015e-03 5.18789004181156143e-07
 3.60000000000000000e+02 3.60625000000000000e+02 1.03913172412779006e-03 5.21237364933902205e-07
 3.60625000000000000e+02 3.61250000000000000e+02 1.04721225926317240e-03 5.33733850705018601e-07
 3.61250000000000000e+02 3.61875000000000000e+02 1.05396677101684709e-03 5.20278841923550967e-07
 3.61875000000000000e+02 3.62500000000000000e+02 1.06251742839876939e-03 5.11449150958298326e-07
 3.62500000000000000e+02 3.63125000000000000e+02 1.06859573440925746e-03 5.20002972336185767e-07
 3.63125000000000000e+02 3.63750000000000000e+02 1.07684850265004316e-03 5.34741662528987510e-07
 3.63750000000000000e+02 3.64375000000000000e+02 1.08372692608516962e-03 5.28585520764995581e-07
 3.64375000000000000e+02 3.65000000000000000e+02 1.09274848508876424e-03 5.21718396874501214e-07
 3.65000000000000000e+02 3.65625000000000000e+02 1.09989771366920952e-03 5.30522615613584339e-07
 3.65625000000000000e+02 3.66250000000000000e+02 1.10814692392031391e-03 5.41728037068362541e-07
 3.66250000000000000e+02 3.66875000000000000e+02 1.11686965129400044e-03 6.19358299577151924e-07
 3.66875000000000000e+02 3.67500000000000000e+02 1.12409864492455888e-03 5.69170827622057968e-07
 3.67500000000000000e+02 3.68125000000000000e+02 1.13240156361077058e-03 5.34450873656825996e-07
 3.68125000000000000e+02 3.68750000000000000e+02 1.14062889223478852e-03 5.54617648838162730e-07
 3.68750000000000000e+02 3.69375000000000000e+02 1.14858570813445985e-03 7.86479077550738730e-07
 3.69375000000000000e+02 3.70000000000000000e+02 1.15870456965319005e-03 5.65927268229135623e-07
 3.70000000000000000e+02 3.70625000000000000e+02 1.16693413924754351e-03 5.44234432241038452e-07
 3.70625000000000000e+02 3.71250000000000000e+02 1.17615300374425934e-03 5.41112030811203994e-07
 3.71250000000000000e+02 3.71875000000000000e+02 1.18401835302432809e-03 5.50697951919341880e-07
 3.71875000000000000e+02 3.72500000000000000e+02 1.19343290803018177e-03 5.79536636496856543e-07
 3.72500000000000000e+02 3.73125000000000000e+02 1.20228736965817149e-03 5.74567799796306102e-07
 3.73125000000000000e+02 3.73750000000000000e+02 1.21113206088074225e-03 5.62073518194143293e-07
 3.73750000000000000e+02 3.74375000000000000e+02 1.21962577965202155e-03 5.63066270179868605e-07
 3.74375000000000000e+02 3.75000000000000000e+02 1.23068219139225326e-03 5.78487289836759602e-07
 3.75000000000000000e+02 3.75625000000000000e+02 1.23860624565127553e-03 5.64851298012728393e-07
 3.75625000000000000e+02 3.76250000000000000e+02 1.24785002018423298e-03 5.79415264522249501e-07
 3.76250000000000000e+02 3.76875000000000000e+02 1.25832131090634252e-03 5.66346675605562378e-07
 3.76875000000000000e+02 3.77500000000000000e+02 1.26785297534556351e-03 5.54400455461641106e-07
 3.77500000000000000e+02 3.78125000000000000e+02 1.27843499592988018e-03 5.69963647559165092e-07
 3.78125000000000000e+02 3.78750000000000000e+02 1.28767073282044808e-03 5.68762920489034813e-07
 3.78750000000000000e+02 3.79375000000000000e+02 1.29918366018666335e-03 5.92226656457466768e-07
 3.79375000000000000e+02 3.80000000000000000e+02 1.30837037089785680e-03 5.77894730294072423e-07
 3.80000000000000000e+02 3.80625000000000000e+02 1.31810189960400882e-03 5.81476428763940182e-07
 3.80625000000000000e+02 3.81250000000000000e+02 1.32930598277554955e-03 5.74889066001656831e-07
 3.81250000000000000e+02 3.81875000000000000e+02 1.33963726179950489e-03 5.90814519908673721e-07
 3.81875000000000000e+02 3.82500000000000000e+02 1.34929672405663999e-03 5.78516714262860171e-07
 3.82500000000000000e+02 3.83125000000000000e+02 1.36015304998748877e-03 5.82824876620281678e-07
 3.83125000000000000e+02 3.83750000000000000e+02 1.37157116205745516e-03 5.82081868320083568e-07
 3.83750000000000000e+02 3.84375000000000000e+02 1.38217935847328869e-03 6.09040384494586531e-07
 3.84375000000000000e+02 3.85000000000000000e+02 1.39268591897453390e-03 6.08636933455557316e-07
 3.85000000000000000e+02 3.85625000000000000e+02 1.40549347732617366e-03 6.02088995554185408e-07
 3.85625000000000000e+02 3.86250000000000000e+02 1.41706129186651474e-03 5.97366700031060171e-07
 3.86250000000000000e+02 3.86875000000000000e+02 1.42776611015877166e-03 6.03277727474807812e-07
 3.86875000000000000e+02 3.87500000000000000e+02 1.44088406091824237e-03 6.33157797730557489e-07
 3.87500000000000000e+02 3.88125000000000000e+02 1.45196547880485313e-03 6.30862831601595540e-07
 3.88125000000000000e+02 3.88750000000000000e+02 1.46365098942945432e-03 6.22679848946253903e-07
 3.88750000000000000e+02 3.89375000000000000e+02 1.47634162008825932e-03 6.72392873964873012e-07
 3.89375000000000000e+02 3.90000000000000000e+02 1.48905256524754976e-03 6.36761436392458171e-07
 3.90000000000000000e+02 3.90625000000000000e+02 1.50195217090987932e-03 6.20575387074812396e-07
 3.90625000000000000e+02 3.91250000000000000e+02 1.51326362683420882e-03 6.35151422297166094e-07
 3.91250000000000000e+02 3.91875000000000000e+02 1.52638962685944582e-03 6.37253127761339186e-07
 3.91875000000000000e+02 3.92500000000000000e+02 1.53953526978636217e-03 6.53415761117662789e-07
 3.92500000000000000e+02 3.93125000000000000e+02 1.55186523409024018e-03 6.58582119977153694e-07
 3.93125000000000000e+02 3.93750000000000000e+02 1.56638376107343298e-03 6.45162053138349674e-07
 3.93750000000000000e+02 3.94375000000000000e+02 1.57978617587968442e-03 6.80643712100005743e-07
 3.94375000000000000e+02 3.95000000000000000e+02 1.59295292355853099e-03 6.82677666439305829e-07
 3.95000000000000000e+02 3.95625000000000000e+02 1.60232740259186584e-03 8.30167279329401165e-07
 3.95625000000000000e+02 3.96250000000000000e+02 1.60045093915992692e-03 7.61791181670419421e-07
 3.96250000000000000e+02 3.96875000000000000e+02 1.59485243641221725e-03 7.50023559611601762e-07
 3.96875000000000000e+02 3.97500000000000000e+02 1.58790619501460303e-03 7.34328691887354576e-07
 3.97500000000000000e+02 3.98125000000000000e+02 1.57802296553707900e-03 7.00372146048599223e-07
 3.98125000000000000e+02 3.98750000000000000e+02 1.56983570435291985e-03 7.09418744747630407e-07
 3.98750000000000000e+02 3.99375000000000000e+02 1.56405766057125871e-03 6.91692131672385364e-07
 3.99375000000000000e+02 4.00000000000000000e+02 1.55331188940788776e-03 7.15909768195967599e-07
 4.00000000000000000e+02 4.00625000000000000e+02 1.54617106696125560e-03 7.04638716322972117e-07
 4.00625000000000000e+02 4.01250000000000000e+02 1.53756785740146069e-03 6.80098861878887586e-07
 4.01250000000000000e+02 4.01875000000000000e+02 1.53112122110712922e-03 7.12156309043972389e-07
 4.01875000000000000e+02 4.02500000000000000e+02 1.52245226957926352e-03 7.05625346592133845e-07
 4.02500000000000000e+02 4.03125000000000000e+02 1.51504247972944310e-03 6.67526999571199066e-07
 4.03125000000000000e+02 4.03750000000000000e+02 1.50781027931246232e-03 6.63814907261990757e-07
 4.03750000000000000e+02 4.04375000000000000e+02 1.50149511073625333e-03 6.58679426523690986e-07
 4.04375000000000000e+02 4.05000000000000000e+02 1.49647608395560728e-03 6.97815130496621188e-07
 4.05000000000000000e+02 4.05625000000000000e+02 1.48933661850055498e-03 6.65353445125568626e-07
 4.05625000000000000e+02 4.06250000000000000e+02 1.48435753776684728e-03 7.64204522839431799e-07
 4.06250000000000000e+02 4.06875000000000000e+02 1.47916097564589392e-03 6.88294684570969162e-07
 4.06875000000000000e+02 4.07500000000000000e+02 1.47330233508417645e-03 6.72297352115437390e-07
 4.07500000000000000e+02 4.08125000000000000e+02 1.46683163707638626e-03 6.56056031263338111e-07
 4.08125000000000000e+02 4.08750000000000000e+02 1.46325970747132345e-03 6.70674101041239768e-07
 4.08750000000000000e+02 4.09375000000000000e+02 1.45809835223197157e-03 6.53600602720208652e-07
 4.09375000000000000e+02 4.10000000000000000e+02 1.45322332661082759e-03 6.42120284955424319e-07
 4.10000000000000000e+02 4.10625000000000000e+02 1.45010395465658870e-03 6.43878873656468435e-07
 4.10625000000000000e+02 4.11250000000000000e+02 1.44519543892381356e-03 6.34637728892974520e-07
 4.11250000000000000e+02 4.11875000000000000e+02 1.44065091021304114e-03 6.32967013280286379e-07
 4.11875000000000000e+02 4.12500000000000000e+02 1.43618511407396336e-03 7.91189494116317473e-07
 4.12500000000000000e+02 4.13125000000000000e+02 1.43250685464551913e-03 6.49491150837201400e-07
 4.13125000000000000e+02 4.13750000000000000e+02 1.42776735074193997e-03 6.53789047069139664e-07
 4.13750000000000000e+02 4.14375000000000000e+02 1.42519225745531644e-03 9.14251240473449300e-07
 4.14375000000000000e+02 4.15000000000000000e+02 1.42102931151494478e-03 6.69180032618960933e-07
 4.15000000000000000e+02 4.15625000000000000e+02 1.41668856102650210e-03 6.19836029110650050e-07
 4.15625000000000000e+02 4.16250000000000000e+02 1.41347463098430936e-03 6.42495991538903807e-07
 4.16250000000000000e+02 4.16875000000000000e+02 1.40949056309279202e-03 6.34816622043384490e-07
 4.16875000000000000e+02 4.17500000000000000e+02 1.40592172704369790e-03 6.26583526356971152e-07
 4.17500000000000000e+02 4.18125000000000000e+02 1.40377991209327284e-03 7.68703554528593368e-07
 4.18125000000000000e+02 4.18750000000000000e+02 1.40072058971684680e-03 6.27762516305989301e-07
 4.18750000000000000e+02 4.19375000000000000e+02 1.39846330435864350e-03 6.35818886675322025e-07
 4.19375000000000000e+02 4.20000000000000000e+02 1.39627372955975133e-03 6.30909150882714650e-07
 4.20000000000000000e+02 4.20625000000000000e+02 1.39462262582862686e-03 1.32925148707559940e-06
 4.20625000000000000e+02 4.21250000000000000e+02 1.39111362293466872e-03 6.16141667442752561e-07
 4.21250000000000000e+02 4.21875000000000000e+02 1.39027543487920367e-03 6.31879525439367201e-07
 4.21875000000000000e+02 4.22500000000000000e+02 1.38815969651175574e-03 6.23564037624482385e-07
 4.22500000000000000e+02 4.23125000000000000e+02 1.38580367239516332e-03 6.30096487617827710e-07
 4.23125000000000000e+02 4.23750000000000000e+02 1.38499866064395959e-03 6.54414081171620392e-07
 4.23750000000000000e+02 4.24375000000000000e+02 1.38230861869154164e-03 6.15684831602629974e-07
 4.24375000000000000e+02 4.25000000000000000e+02 1.38326580505602603e-03 1.19587852792470353e-06
 4.25000000000000000e+02 4.25625000000000000e+02 1.38167767734875282e-03 6.20775958926256342e-07
 4.25625000000000000e+02 4.26250000000000000e+02 1.37921334139825646e-03 6.07386865051647726e-07
 4.26250000000000000e+02 4.26875000000000000e+02 1.37857721106308495e-03 6.26333161755049354e-07
 4.26875000000000000e+02 4.27500000000000000e+02 1.37860593592208937e-03 6.35393364755487162e-07
 4.27500000000000000e+02 4.28125000000000000e+02 1.37705689689281564e-03 6.28056616813023126e-07
 4.28125000000000000e+02 4.28750000000000000e+02 1.37698652642513739e-03 6.22040674775096861e-07
 4.28750000000000000e+02 4.29375000000000000e+02 1.37763971613876521e-03 6.31078725685444463e-07
 4.29375000000000000e+02 4.30000000000000000e+02 1.37760315571299374e-03 6.35836195162601443e-07
 4.30000000000000000e+02 4.30625000000000000e+02 1.37799632649828461e-03 6.42761208840209999e-07
 4.30625000000000000e+02 4.31250000000000000e+02 1.37791024075268166e-03 6.43079460355602813e-07
 4.31250000000000000e+02 4.31875000000000000e+02 1.37846094292731628e-03 6.57553539872089646e-07
 4.31875000000000000e+02 4.32500000000000000e+02 1.37945319629047812e-03 6.31311259477073699e-07
 4.32500000000000000e+02 4.33125000000000000e+02 1.37940954282752301e-03 6.29277349217628545e-07
 4.33125000000000000e+02 4.33750000000000000e+02 1.38184987789592077e-03 6.46083055562268825e-07
 4.33750000000000000e+02 4.34375000000000000e+02 1.38242217146081680e-03 6.33841336391745001e-07
 4.34375000000000000e+02 4.35000000000000000e+02 1.38317118906261744e-03 6.89014361932298663e-07
 4.35000000000000000e+02 4.35625000000000000e+02 1.38352476907118533e-03 6.38381669104360066e-07
 4.35625000000000000e+02 4.36250000000000000e+02 1.38581108021253369e-03 7.98551678263388402e-07
 4.36250000000000000e+02 4.36875000000000000e+02 1.38728894300211452e-03 6.39764838172049471e-07
 4.36875000000000000e+02 4.37500000000000000e+02 1.38837401455530331e-03 6.51008250922922714e-07
 4.37500000000000000e+02 4.38125000000000000e+02 1.39073591285765442e-03 6.59660944009145099e-07
 4.38125000000000000e+02 4.38750000000000000e+02 1.39297156878901633e-03 7.59074197874546230e-07
 4.38750000000000000e+02 4.39375000000000000e+02 1.39424798956081690e-03 6.70760249960537383e-07
 4.39375000000000000e+02 4.40000000000000000e+02 1.39654015571867422e-03 6.62146219355872243e-07
 4.40000000000000000e+02 4.40625000000000000e+02 1.39861285481763208e-03 6.53246081283337313e-07
 4.40625000000000000e+02 4.41250000000000000e+02 1.40200190814096645e-03 6.67930857867298963e-07
 4.41250000000000000e+02 4.41875000000000000e+02 1.40383782268955429e-03 6.74368774664547291e-07
 4.41875000000000000e+02 4.42500000000000000e+02 1.40761012286057686e-03 6.74896964287016783e-07
 4.42500000000000000e+02 4.43125000000000000e+02 1.41012603786872318e-03 6.62456356671684508e-07
 4.43125000000000000e+02 4.43750000000000000e+02 1.41313352930958120e-03 7.06342921928541517e-07
 4.43750000000000000e+02 4.44375000000000000e+02 1.41711606164853432e-03 6.85987146691408577e-07
 4.44375000000000000e+02 4.45000000000000000e+02 1.42033458775901560e-03 6.85324697213375054e-07
 4.45000000000000000e+02 4.45625000000000000e+02 1.42344832427904059e-03 6.73327956929389066e-07
 4.45625000000000000e+02 4.46250000000000000e+02 1.42691195395731668e-03 6.91401625658924640e-07
 4.46250000000000000e+02 4.46875000000000000e+02 1.43105928623508982e-03 6.95413648390253069e-07
 4.46875000000000000e+02 4.47500000000000000e+02 1.43580767737012754e-03 6.99071327613527955e-07
 4.47500000000000000e+02 4.48125000000000000e+02 1.43875326793818236e-03 6.91343064720706764e-07
 4.48125000000000000e+02 4.48750000000000000e+02 1.44425701959187218e-03 6.86151584532920005e-07
 4.48750000000000000e+02 4.49375000000000000e+02 1.44851412676292777e-03 7.04627140673155697e-07
 4.49375000000000000e+02 4.50000000000000000e+02 1.45349619937843008e-03 6.90137890291809925e-07
 4.50000000000000000e+02 4.50625000000000000e+02 1.45825497528167636e-03 6.91325730946911478e-07
 4.50625000000000000e+02 4.51250000000000000e+02 1.46357067937410469e-03 7.78768526059314784e-07
 4.51250000000000000e+02 4.51875000000000000e+02 1.46837626339439264e-03 7.47567463774074689e-07
 4.51875000000000000e+02 4.52500000000000000e+02 1.47310919599451815e-03 7.24237074518407992e-07
 4.52500000000000000e+02 4.53125000000000000e+02 1.47851934600106609e-03 7.34127468688077153e-07
 4.53125000000000000e+02 4.53750000000000000e+02 1.48520683815365714e-03 7.20523210385269277e-07
 4.53750000000000000e+02 4.54375000000000000e+02 1.49119008836836198e-03 7.64303260053137131e-07
 4.54375000000000000e+02 4.55000000000000000e+02 1.49659897125996701e-03 7.21764016547676716e-07
 4.55000000000000000e+02 4.55625000000000000e+02 1.50452502188197132e-03 7.74306469839213251e-07
 4.55625000000000000e+02 4.56250000000000000e+02 1.50835991314917706e-03 7.81864286933530388e-07
 4.56250000000000000e+02 4.56875000000000000e+02 1.51554868329302202e-03 7.46284146578504380e-07
 4.56875000000000000e+02 4.57500000000000000e+02 1.52151546834855436e-03 7.45530262430772982e-07
 4.57500000000000000e+02 4.58125000000000000e+02 1.53026823815978811e-03 8.42229545782341424e-07
 4.58125000000000000e+02 4.58750000000000000e+02 1.53483388601482139e-03 7.53042170124247566e-07
 4.58750000000000000e+02 4.59375000000000000e+02 1.54200886805564612e-03 8.93826872700825518e-07
 4.59375000000000000e+02 4.60000000000000000e+02 1.54754862721792185e-03 8.10366421724981810e-07
 4.60000000000000000e+02 4.60625000000000000e+02 1.55699055186304535e-03 7.68071152687648946e-07
 4.60625000000000000e+02 4.61250000000000000e+02 1.56313992930453400e-03 7.70464546800426976e-07
 4.61250000000000000e+02 4.61875000000000000e+02 1.56872162593936167e-03 7.78986633237248507e-07
 4.61875000000000000e+02 4.62500000000000000e+02 1.57662539472077680e-03 7.84449031609660162e-07
 4.62500000000000000e+02 4.63125000000000000e+02 1.58379810538789825e-03 8.05457014214418643e-07
 4.63125000000000000e+02 4.63750000000000000e+02 1.59122669960660014e-03 7.92079267569537407e-07
 4.63750000000000000e+02 4.64375000000000000e+02 1.60022572077800373e-03 9.06111494583092794e-07
 4.64375000000000000e+02 4.65000000000000000e+02 1.60690919123673837e-03 8.29210250852593671e-07
 4.65000000000000000e+02 4.65625000000000000e+02 1.61536943179209922e-03 8.24407933623629253e-07
 4.65625000000000000e+02 4.66250000000000000e+02 1.62378404676838785e-03 8.34759970728929226e-07
 4.66250000000000000e+02 4.66875000000000000e+02 1.63146784250277040e-03 8.27578211365106218e-07
 4.66875000000000000e+02 4.67500000000000000e+02 1.64049540967573415e-03 8.66589628951981342e-07
 4.67500000000000000e+02 4.68125000000000000e+02 1.65098562989491704e-03 1.08014288892476831e-06
 4.68125000000000000e+02 4.68750000000000000e+02 1.65878544267800067e-03 8.44670121573420309e-07
 4.68750000000000000e+02 4.69375000000000000e+02 1.66831461719651520e-03 8.65564821177224486e-07
 4.69375000000000000e+02 4.70000000000000000e+02 1.67898011927273454e-03 9.67241481647372296e-07
 4.70000000000000000e+02 4.70625000000000000e+02 1.68797468986594873e-03 8.91593872242921289e-07
 4.70625000000000000e+02 4.71250000000000000e+02 1.69621991359779518e-03 8.69096366922849616e-07
 4.71250000000000000e+02 4.71875000000000000e+02 1.70726050823909355e-03 9.00386136154220973e-07
 4.71875000000000000e+02 4.72500000000000000e+02 1.71776820906693363e-03 9.01521310769248194e-07
 4.72500000000000000e+02 4.73125000000000000e+02 1.72732273621664331e-03 9.06075083086222900e-07
 4.73125000000000000e+02 4.73750000000000000e+02 1.73659354273521184e-03 9.02856968499203565e-07
 4.73750000000000000e+02 4.74375000000000000e+02 1.74436226024136530e-03 9.08991989469622334e-07
 4.74375000000000000e+02 4.75000000000000000e+02 1.75266730851877483e-03 9.26018972953477572e-07
 4.75000000000000000e+02 4.75625000000000000e+02 1.75706230003140813e-03 9.38096063590011892e-07
 4.75625000000000000e+02 4.76250000000000000e+02 1.75956431155933706e-03 9.47170923544540637e-07
 4.76250000000000000e+02 4.76875000000000000e+02 1.76206856877232209e-03 9.64798981410760018e-07
 4.76875000000000000e+02 4.77500000000000000e+02 1.76230969147260540e-03 1.13857864137134000e-06
 4.77500000000000000e+02 4.78125000000000000e+02 1.76195773103595050e-03 1.41850543161613617e-06
 4.78125000000000000e+02 4.78750000000000000e+02 1.75634018379940745e-03 9.68988331321470686e-07
 4.78750000000000000e+02 4.79375000000000000e+02 1.74984436871887397e-03 9.56148513703490881e-07
 4.79375000000000000e+02 4.80000000000000000e+02 1.74018469720894518e-03 9.47332813665699750e-07
 4.80000000000000000e+02 4.80625000000000000e+02 1.72672229164030086e-03 9.56262585371585064e-07
 4.80625000000000000e+02 4.81250000000000000e+02 1.70511068634405421e-03 9.80574106634188037e-07
 4.81250000000000000e+02 4.81875000000000000e+02 1.67971215172363201e-03 9.68632911939856942e-07
 4.81875000000000000e+02 4.82500000000000000e+02 1.64130420556271800e-03 9.69463608786129491e-07
 4.82500000000000000e+02 4.83125000000000000e+02 1.59338574216294254e-03 9.48566769613814769e-07
 4.83125000000000000e+02 4.83750000000000000e+02 1.53257952040603430e-03 9.78365167058414764e-07
 4.83750000000000000e+02 4.84375000000000000e+02 1.45060640568705720e-03 9.50720908952254653e-07
 4.84375000000000000e+02 4.85000000000000000e+02 1.34444399340956106e-03 8.72349754248127668e-07
 4.85000000000000000e+02 4.85625000000000000e+02 1.20792858862094955e-03 9.56641391378071447e-07
 4.85625000000000000e+02 4.86250000000000000e+02 1.02391944055143808e-03 7.89177129546603746e-07
 4.86250000000000000e+02 4.86875000000000000e+02 7.91692411311959842e-04 7.30795855641680349e-07
 4.86875000000000000e+02 4.87500000000000000e+02 5.02359894701004872e-04 6.00143344147928461e-07
 4.87500000000000000e+02 4.88125000000000000e+02 1.81862664439093211e-04 3.65155002924070697e-07
 4.88125000000000000e+02 4.88750000000000000e+02 3.36313090062571796e-06 5.48455687700299114e-08
 4.88750000000000000e+02 4.89375000000000000e+02 0.00000000000000000e+00 0.00000000000000000e+00
 4.89375000000000000e+02 4.90000000000000000e+02 0.00000000000000000e+00 0.00000000000000000e+00
 4.90000000000000000e+02 4.90625000000000000e+02 0.00000000000000000e+00 0.00000000000000000e+00
 4.90625000000000000e+02 4.91250000000000000e+02 0.00000000000000000e+00 0.00000000000000000e+00
 4.91250000000000000e+02 4.91875000000000000e+02 0.00000000000000000e+00 0.00000000000000000e+00
 4.91875000000000000e+02 4.92500000000000000e+02 0.00000000000000000e+00 0.00000000000000000e+00
 4.92500000000000000e+02 4.93125000000000000e+02 0.00000000000000000e+00 0.00000000000000000e+00
 4.93125000000000000e+02 4.93750000000000000e+02 0.00000000000000000e+00 0.00000000000000000e+00
 4.93750000000000000e+02 4.94375000000000000e+02 0.00000000000000000e+00 0.00000000000000000e+00
 4.94375000000000000e+02 4.95000000000000000e+02 0.00000000000000000e+00 0.00000000000000000e+00
 4.95000000000000000e+02 4.95625000000000000e+02 0.00000000000000000e+00 0.00000000000000000e+00
 4.95625000000000000e+02 4.96250000000000000e+02 0.00000000000000000e+00 0.00000000000000000e+00
 4.96250000000000000e+02 4.96875000000000000e+02 0.00000000000000000e+00 0.00000000000000000e+00
 4.96875000000000000e+02 4.97500000000000000e+02 0.00000000000000000e+00 0.00000000000000000e+00
 4.97500000000000000e+02 4.98125000000000000e+02 0.00000000000000000e+00 0.00000000000000000e+00
 4.98125000000000000e+02 4.98750000000000000e+02 0.00000000000000000e+00 0.00000000000000000e+00
 4.98750000000000000e+02 4.99375000000000000e+02 0.00000000000000000e+00 0.00000000000000000e+00
 4.99375000000000000e+02 5.00000000000000000e+02 0.00000000000000000e+00 0.00000000000000000e+00
 5.00000000000000000e+02 5.00625000000000000e+02 0.00000000000000000e+00 0.00000000000000000e+00
 5.00625000000000000e+02 5.01250000000000000e+02 0.00000000000000000e+00 0.00000000000000000e+00
 5.01250000000000000e+02 5.01875000000000000e+02 0.00000000000000000e+00 0.00000000000000000e+00
 5.01875000000000000e+02 5.02500000000000000e+02 0.00000000000000000e+00 0.00000000000000000e+00
 5.02500000000000000e+02 5.03125000000000000e+02 0.00000000000000000e+00 0.00000000000000000e+00
 5.03125000000000000e+02 5.03750000000000000e+02 0.00000000000000000e+00 0.00000000000000000e+00
 5.03750000000000000e+02 5.04375000000000000e+02 0.00000000000000000e+00 0.00000000000000000e+00
 5.04375000000000000e+02 5.05000000000000000e+02 0.00000000000000000e+00 0.00000000000000000e+00
 5.05000000000000000e+02 5.05625000000000000e+02 0.00000000000000000e+00 0.00000000000000000e+00
 5.05625000000000000e+02 5.06250000000000000e+02 0.00000000000000000e+00 0.00000000000000000e+00
 5.06250000000000000e+02 5.06875000000000000e+02 0.00000000000000000e+00 0.00000000000000000e+00
 5.06875000000000000e+02 5.07500000000000000e+02 0.00000000000000000e+00 0.00000000000000000e+00
 5.07500000000000000e+02 5.08125000000000000e+02 0.00000000000000000e+00 0.00000000000000000e+00
 5.08125000000000000e+02 5.08750000000000000e+02 0.00000000000000000e+00 0.00000000000000000e+00
 5.08750000000000000e+02 5.09375000000000000e+02 0.00000000000000000e+00 0.00000000000000000e+00
 5.09375000000000000e+02 5.10000000000000000e+02 0.00000000000000000e+00 0.00000000000000000e+00
 5.10000000000000000e+02 5.10625000000000000e+02 0.00000000000000000e+00 0.00000000000000000e+00
 5.10625000000000000e+02 5.11250000000000000e+02 0.00000000000000000e+00 0.00000000000000000e+00
 5.11250000000000000e+02 5.11875000000000000e+02 0.00000000000000000e+00 0.00000000000000000e+00
 5.11875000000000000e+02 5.12500000000000000e+02 0.00000000000000000e+00 0.00000000000000000e+00
 5.12500000000000000e+02 5.13125000000000000e+02 0.00000000000000000e+00 0.00000000000000000e+00
 5.13125000000000000e+02 5.13750000000000000e+02 0.00000000000000000e+00 0.00000000000000000e+00
 5.13750000000000000e+02 5.14375000000000000e+02 0.00000000000000000e+00 0.00000000000000000e+00
 5.14375000000000000e+02 5.15000000000000000e+02 0.00000000000000000e+00 0.00000000000000000e+00

Histogram:lp-
 1.40000000000000000e+02 1.40625000000000000e+02 1.73455126833022593e-07 1.13310294366397387e-08
 1.40625000000000000e+02 1.41250000000000000e+02 5.41365629478997300e-07 3.67240478330879165e-08
 1.41250000000000000e+02 1.41875000000000000e+02 9.13156015515818715e-07 3.12842638953124805e-08
 1.41875000000000000e+02 1.42500000000000000e+02 1.19529474512257129e-06 3.15424627257070454e-08
 1.42500000000000000e+02 1.43125000000000000e+02 1.60186086005180704e-06 4.46222641301655305e-08
 1.43125000000000000e+02 1.43750000000000000e+02 1.96928043680548144e-06 4.49007352778786521e-08
 1.43750000000000000e+02 1.44375000000000000e+02 2.39918427590957031e-06 4.82788799851219456e-08
 1.44375000000000000e+02 1.45000000000000000e+02 2.84808596719854105e-06 7.71463747336434671e-08
 1.45000000000000000e+02 1.45625000000000000e+02 3.07871350621519500e-06 5.30681106096589496e-08
 1.45625000000000000e+02 1.46250000000000000e+02 3.48586938306447356e-06 6.04690417190977396e-08
 1.46250000000000000e+02 1.46875000000000000e+02 3.72807021009017097e-06 5.90654610487283541e-08
 1.46875000000000000e+02 1.47500000000000000e+02 4.22765521672287184e-06 6.63902843559593612e-08
 1.47500000000000000e+02 1.48125000000000000e+02 4.59691955145064892e-06 6.57239221887543258e-08
 1.48125000000000000e+02 1.48750000000000000e+02 5.03519565709090220e-06 6.91655174529064592e-08
 1.48750000000000000e+02 1.49375000000000000e+02 5.44593065758322915e-06 7.96659897389349797e-08
 1.49375000000000000e+02 1.50000000000000000e+02 6.03843455284992773e-06 8.40417923279198379e-08
 1.50000000000000000e+02 1.50625000000000000e+02 6.35012705500392597e-06 7.86011039348574855e-08
 1.50625000000000000e+02 1.51250000000000000e+02 6.84953562366784691e-06 8.35924518175418341e-08
 1.51250000000000000e+02 1.51875000000000000e+02 7.08137764511518270e-06 8.08339495878798104e-08
 1.51875000000000000e+02 1.52500000000000000e+02 7.61463288172383038e-06 8.53358793891451225e-08
 1.52500000000000000e+02 1.53125000000000000e+02 7.91732506685313039e-06 8.62582485253217773e-08
 1.53125000000000000e+02 1.53750000000000000e+02 8.40469661336289991e-06 9.41829736291222453e-08
 1.53750000000000000e+02 1.54375000000000000e+02 8.80788892063931212e-06 1.17850823992350986e-07
 1.54375000000000000e+02 1.55000000000000000e+02 9.21343739752261486e-06 1.00777155308029430e-07
 1.55000000000000000e+02 1.55625000000000000e+02 9.75989401160037517e-06 9.90806500104679904e-08
 1.55625000000000000e+02 1.56250000000000000e+02 1.02065192252813126e-05 1.00637827355784886e-07
 1.56250000000000000e+02 1.56875000000000000e+02 1.05370269898171086e-05 1.03411727299997182e-07
 1.56875000000000000e+02 1.57500000000000000e+02 1.10324569929568691e-05 9.74774284917165464e-08
 1.57500000000000000e+02 1.58125000000000000e+02 1.14883577348432223e-05 1.19656407031091499e-07
 1.58125000000000000e+02 1.58750000000000000e+02 1.18669040288679661e-05 9.95735726745143303e-08
 1.58750000000000000e+02 1.59375000000000000e+02 1.22270237501650240e-05 1.18789571726648693e-07
 1.59375000000000000e+02 1.60000000000000000e+02 1.29266289687163460e-05 1.21215112592684676e-07
 1.60000000000000000e+02 1.60625000000000000e+02 2.41769192739097749e-05 1.47600936582442439e-07
 1.60625000000000000e+02 1.61250000000000000e+02 3.40288583854418417e-05 2.33435385063701873e-07
 1.61250000000000000e+02 1.61875000000000000e+02 4.08397319958014903e-05 2.29520324176516548e-07
 1.61875000000000000e+02 1.62500000000000000e+02 4.61163500972541828e-05 2.08918771864934495e-07
 1.62500000000000000e+02 1.63125000000000000e+02 5.11021033843844745e-05 2.19328847919788438e-07
 1.63125000000000000e+02 1.63750000000000000e+02 5.56497745127578042e-05 2.20872967950700682e-07
 1.63750000000000000e+02 1.64375000000000000e+02 6.00108261690312210e-05 2.36586069638365915e-07
 1.64375000000000000e+02 1.65000000000000000e+02 6.33411005050670125e-05 2.42957459450101814e-07
 1.65000000000000000e+02 1.65625000000000000e+02 6.74633239624103387e-05 2.45537562580783027e-07
 1.65625000000000000e+02 1.66250000000000000e+02 7.12353800523461526e-05 2.50539649416115116e-07
 1.66250000000000000e+02 1.66875000000000000e+02 7.46167625541705701e-05 2.56817230065444257e-07
 1.66875000000000000e+02 1.67500000000000000e+02 7.82602177595635679e-05 2.79233464606359506e-07
 1.67500000000000000e+02 1.68125000000000000e+02 8.09695151676557848e-05 2.79040233065343921e-07
 1.68125000000000000e+02 1.68750000000000000e+02 8.44855212522303996e-05 2.67174264488185942e-07
 1.68750000000000000e+02 1.69375000000000000e+02 8.81507601097669186e-05 2.80776520444222968e-07
 1.69375000000000000e+02 1.70000000000000000e+02 9.10478223036940336e-05 2.83118173391227736e-07
 1.70000000000000000e+02 1.70625000000000000e+02 9.44982295372131051e-05 2.89547981955735362e-07
 1.70625000000000000e+02 1.71250000000000000e+02 9.75962701396964385e-05 2.86271431038538184e-07
 1.71250000000000000e+02 1.71875000000000000e+02 1.00055172042969542e-04 3.25594136068299033e-07
 1.71875000000000000e+02 1.72500000000000000e+02 1.03876138000997653e-04 3.19176208424561380e-07
 1.72500000000000000e+02 1.73125000000000000e+02 1.06620847177951643e-04 3.22847192109209692e-07
 1.73125000000000000e+02 1.73750000000000000e+02 1.09665649944572867e-04 4.04242062522904660e-07
 1.73750000000000000e+02 1.74375000000000000e+02 1.12014793358768195e-04 3.02168291926931930e-07
 1.74375000000000000e+02 1.75000000000000000e+02 1.15179180707482929e-04 3.14378902539864364e-07
 1.75000000000000000e+02 1.75625000000000000e+02 1.17743884033116365e-04 3.25974148091074583e-07
 1.75625000000000000e+02 1.76250000000000000e+02 1.20821961586938412e-04 3.13921568809241267e-07
 1.76250000000000000e+02 1.76875000000000000e+02 1.24117391709043298e-04 3.23124396426151020e-07
 1.76875000000000000e+02 1.77500000000000000e+02 1.26602687780360678e-04 3.16887263318132709e-07
 1.77500000000000000e+02 1.78125000000000000e+02 1.29710535085417113e-04 3.30721013171897721e-07
 1.78125000000000000e+02 1.78750000000000000e+02 1.32662402786811579e-04 3.30536995085905392e-07
 1.78750000000000000e+02 1.79375000000000000e+02 1.35117233705689703e-04 3.23935389646887562e-07
 1.79375000000000000e+02 1.80000000000000000e+02 1.38485156437002634e-04 3.62363420513310743e-07
 1.80000000000000000e+02 1.80625000000000000e+02 1.41484868814345055e-04 3.40299115862042545e-07
 1.80625000000000000e+02 1.81250000000000000e+02 1.44017378705893793e-04 3.39936818923744708e-07
 1.81250000000000000e+02 1.81875000000000000e+02 1.47216914069944825e-04 3.61278620873776411e-07
 1.81875000000000000e+02 1.82500000000000000e+02 1.49485482372642219e-04 3.48435876722735770e-07
 1.82500000000000000e+02 1.83125000000000000e+02 1.52332054112027282e-04 3.54219940096257935e-07
 1.83125000000000000e+02 1.83750000000000000e+02 1.55392508138540596e-04 3.44820768903616833e-07
 1.83750000000000000e+02 1.84375000000000000e+02 1.56670949688711598e-04 3.58656582479921879e-07
 1.84375000000000000e+02 1.85000000000000000e+02 1.57803451837027354e-04 3.56841682886094372e-07
 1.85000000000000000e+02 1.85625000000000000e+02 1.59391790323161697e-04 3.63176067804019529e-07
 1.85625000000000000e+02 1.86250000000000000e+02 1.60152448512794444e-04 4.23528604159389419e-07
 1.86250000000000000e+02 1.86875000000000000e+02 1.61330444680632135e-04 3.63901487422284005e-07
 1.86875000000000000e+02 1.87500000000000000e+02 1.63692179098188758e-04 4.86535552619645178e-07
 1.87500000000000000e+02 1.88125000000000000e+02 1.63898605763473503e-04 3.66862850271378563e-07
 1.88125000000000000e+02 1.88750000000000000e+02 1.65091401406807176e-04 3.61259597177234035e-07
 1.88750000000000000e+02 1.89375000000000000e+02 1.66591248982607458e-04 3.93937924747194371e-07
 1.89375000000000000e+02 1.90000000000000000e+02 1.67666943393387271e-04 3.95656265156709924e-07
 1.90000000000000000e+02 1.90625000000000000e+02 1.69646361142144749e-04 3.59255242661957255e-07
 1.90625000000000000e+02 1.91250000000000000e+02 1.69824360859635717e-04 3.71296947831456209e-07
 1.91250000000000000e+02 1.91875000000000000e+02 1.72102485662360249e-04 3.62926891473030770e-07
 1.91875000000000000e+02 1.92500000000000000e+02 1.72569572606297170e-04 3.70456807272671719e-07
 1.92500000000000000e+02 1.93125000000000000e+02 1.74378742938266317e-04 3.84368103540335282e-07
 1.93125000000000000e+02 1.93750000000000000e+02 1.75465043261464887e-04 3.66927764934287035e-07
 1.93750000000000000e+02 1.94375000000000000e+02 1.76603208708846568e-04 3.61813669782750244e-07
 1.94375000000000000e+02 1.95000000000000000e+02 1.77554857799522021e-04 3.67329964333417813e-07
 1.95000000000000000e+02 1.95625000000000000e+02 1.79305795471663222e-04 3.76024517686351196e-07
 1.95625000000000000e+02 1.96250000000000000e+02 1.80832834026150815e-04 3.72988796673728504e-07
 1.96250000000000000e+02 1.96875000000000000e+02 1.82582665359546682e-04 5.92183342475599947e-07
 1.96875000000000000e+02 1.97500000000000000e+02 1.83164848397871714e-04 3.87290115891837406e-07
 1.97500000000000000e+02 1.98125000000000000e+02 1.84084443187622012e-04 3.63167102233053504e-07
 1.98125000000000000e+02 1.98750000000000000e+02 1.85995195505174140e-04 3.92221650205815511e-07
 1.98750000000000000e+02 1.99375000000000000e+02 1.87234797958503950e-04 3.77518956901239859e-07
 1.99375000000000000e+02 2.00000000000000000e+02 1.89184563613976680e-04 3.92188536084182055e-07
 2.00000000000000000e+02 2.00625000000000000e+02 1.90652189381216713e-04 3.99138654193041350e-07
 2.00625000000000000e+02 2.01250000000000000e+02 1.92044537420860438e-04 3.88584505258904765e-07
 2.01250000000000000e+02 2.01875000000000000e+02 1.92871657045941367e-04 4.01986420656366888e-07
 2.01875000000000000e+02 2.02500000000000000e+02 1.93869762847199712e-04 3.80185612606688125e-07
 2.02500000000000000e+02 2.03125000000000000e+02 1.95928789677834921e-04 4.03731095061140245e-07
 2.03125000000000000e+02 2.03750000000000000e+02 1.97051363604405734e-04 3.96705567367221628e-07
 2.03750000000000000e+02 2.04375000000000000e+02 1.98727368686693856e-04 4.22029199373999120e-07
 2.04375000000000000e+02 2.05000000000000000e+02 2.00083634820942248e-04 3.71355234255268183e-07
 2.05000000000000000e+02 2.05625000000000000e+02 2.01266218956518844e-04 4.11037395692942017e-07
 2.05625000000000000e+02 2.06250000000000000e+02 2.02755524419580345e-04 4.44273046169272049e-07
 2.06250000000000000e+02 2.06875000000000000e+02 2.04188704665540034e-04 3.74869322148044786e-07
 2.06875000000000000e+02 2.07500000000000000e+02 2.05201933162550882e-04 3.87314004266621419e-07
 2.07500000000000000e+02 2.08125000000000000e+02 2.06733981627128636e-04 3.91144614675962523e-07
 2.08125000000000000e+02 2.08750000000000000e+02 2.07446254185644611e-04 3.94467229967007612e-07
 2.08750000000000000e+02 2.09375000000000000e+02 2.09731829885872155e-04 3.89742707311321104e-07
 2.09375000000000000e+02 2.10000000000000000e+02 2.10860017784422695e-04 3.83933065710433822e-07
 2.10000000000000000e+02 2.10625000000000000e+02 2.12619080530666328e-04 3.88827126702983744e-07
 2.10625000000000000e+02 2.11250000000000000e+02 2.15304098370954378e-04 4.11423770157581353e-07
 2.11250000000000000e+02 2.11875000000000000e+02 2.16001979540784728e-04 3.84286372159673840e-07
 2.11875000000000000e+02 2.12500000000000000e+02 2.17382772871594780e-04 3.89527629159142823e-07
 2.12500000000000000e+02 2.13125000000000000e+02 2.19614914236037761e-04 4.20412976047890276e-07
 2.13125000000000000e+02 2.13750000000000000e+02 2.21033994177528668e-04 4.84226049621840348e-07
 2.13750000000000000e+02 2.14375000000000000e+02 2.23062345913134128e-04 4.69774964794779972e-07
 2.14375000000000000e+02 2.15000000000000000e+02 2.23500836145864933e-04 3.84784295164209193e-07
 2.15000000000000000e+02 2.15625000000000000e+02 2.25013224609695191e-04 3.83877182116846622e-07
 2.15625000000000000e+02 2.16250000000000000e+02 2.27258664356457148e-04 3.89727346215354518e-07
 2.16250000000000000e+02 2.16875000000000000e+02 2.28921383472929394e-04 4.16169528568831046e-07
 2.16875000000000000e+02 2.17500000000000000e+02 2.30694377747433577e-04 4.00974516527705384e-07
 2.17500000000000000e+02 2.18125000000000000e+02 2.32899996513484314e-04 3.89412586807025412e-07
 2.18125000000000000e+02 2.18750000000000000e+02 2.33458599375869439e-04 3.98389789048820582e-07
 2.18750000000000000e+02 2.19375000000000000e+02 2.34549750230205156e-04 4.01169067086226249e-07
 2.19375000000000000e+02 2.20000000000000000e+02 2.36570057874097408e-04 4.31813678746654621e-07
 2.20000000000000000e+02 2.20625000000000000e+02 2.37650013211631716e-04 3.89086166913830297e-07
 2.20625000000000000e+02 2.21250000000000000e+02 2.39959302811080366e-04 4.06893672338815288e-07
 2.21250000000000000e+02 2.21875000000000000e+02 2.41462555903720747e-04 4.29563755807825862e-07
 2.21875000000000000e+02 2.22500000000000000e+02 2.43818479825584839e-04 5.11758307925798830e-07
 2.22500000000000000e+02 2.23125000000000000e+02 2.44977223856939126e-04 4.02765663742850055e-07
 2.23125000000000000e+02 2.23750000000000000e+02 2.45968043040483287e-04 5.64002989262380590e-07
 2.23750000000000000e+02 2.24375000000000000e+02 2.48089169461690939e-04 4.09524650002902845e-07
 2.24375000000000000e+02 2.25000000000000000e+02 2.49973684369936874e-04 4.05546424791332087e-07
 2.25000000000000000e+02 2.25625000000000000e+02 2.51741265847333609e-04 3.91138750545754669e-07
 2.25625000000000000e+02 2.26250000000000000e+02 2.52991795959384548e-04 4.11589000590684111e-07
 2.26250000000000000e+02 2.26875000000000000e+02 2.54518465459543702e-04 4.16512237355885158e-07
 2.26875000000000000e+02 2.27500000000000000e+02 2.56577217391875463e-04 4.00032310224901784e-07
 2.27500000000000000e+02 2.28125000000000000e+02 2.57853163539995130e-04 3.97656745231235521e-07
 2.28125000000000000e+02 2.28750000000000000e+02 2.60235241115461626e-04 4.15814481940407230e-07
 2.28750000000000000e+02 2.29375000000000000e+02 2.61348065394624346e-04 3.96592155985245022e-07
 2.29375000000000000e+02 2.30000000000000000e+02 2.63827068579228620e-04 4.09908719625711187e-07
 2.30000000000000000e+02 2.30625000000000000e+02 2.65414112374403894e-04 4.09036185727028383e-07
 2.30625000000000000e+02 2.31250000000000000e+02 2.66845417811896718e-04 4.04064691385926531e-07
 2.31250000000000000e+02 2.31875000000000000e+02 2.68140498056000946e-04 4.24425018109641774e-07
 2.31875000000000000e+02 2.32500000000000000e+02 2.71026714383941166e-04 4.05564071835082143e-07
 2.32500000000000000e+02 2.33125000000000000e+02 2.71820080697574148e-04 4.18011235974255869e-07
 2.33125000000000000e+02 2.33750000000000000e+02 2.74380948733996541e-04 4.57765704484465030e-07
 2.33750000000000000e+02 2.34375000000000000e+02 2.76326059724097762e-04 4.54174720440743819e-07
 2.34375000000000000e+02 2.35000000000000000e+02 2.77732701715466539e-04 4.16100087623837408e-07
 2.35000000000000000e+02 2.35625000000000000e+02 2.80537581865106581e-04 4.77491035383912990e-07
 2.35625000000000000e+02 2.36250000000000000e+02 2.82284019333681896e-04 4.10202652109013927e-07
 2.36250000000000000e+02 2.36875000000000000e+02 2.84145795524677841e-04 4.30235792908567140e-07
 2.36875000000000000e+02 2.37500000000000000e+02 2.85056711701100129e-04 4.15630743318264178e-07
 2.37500000000000000e+02 2.38125000000000000e+02 2.86866354251252289e-04 4.22012724777089241e-07
 2.38125000000000000e+02 2.38750000000000000e+02 2.89445087130190640e-04 4.15447292757988187e-07
 2.38750000000000000e+02 2.39375000000000000e+02 2.91018553750244156e-04 4.11293710281916319e-07
 2.39375000000000000e+02 2.40000000000000000e+02 2.93675357361783309e-04 4.23276406063046199e-07
 2.40000000000000000e+02 2.40625000000000000e+02 2.95565976882706258e-04 4.15663128171427950e-07
 2.40625000000000000e+02 2.41250000000000000e+02 2.97762533667094321e-04 4.28297122190983039e-07
 2.41250000000000000e+02 2.41875000000000000e+02 2.98423632629130423e-04 4.20353914471826984e-07
 2.41875000000000000e+02 2.42500000000000000e+02 3.01089013630242595e-04 4.30293993278255937e-07
 2.42500000000000000e+02 2.43125000000000000e+02 3.02900733391017394e-04 4.40401054058787168e-07
 2.43125000000000000e+02 2.43750000000000000e+02 3.05234548118733058e-04 4.19965008843724296e-07
 2.43750000000000000e+02 2.44375000000000000e+02 3.06905658737358447e-04 4.23033896292914523e-07
 2.44375000000000000e+02 2.45000000000000000e+02 3.08881456597197063e-04 4.18236085621174634e-07
 2.45000000000000000e+02 2.45625000000000000e+02 3.10646849920234703e-04 4.14194833757439295e-07
 2.45625000000000000e+02 2.46250000000000000e+02 3.13288390507527735e-04 4.32935920329125009e-07
 2.46250000000000000e+02 2.46875000000000000e+02 3.14933117758454722e-04 4.21107935408241734e-07
 2.46875000000000000e+02 2.47500000000000000e+02 3.17366351981219152e-04 4.15998739867409011e-07
 2.47500000000000000e+02 2.48125000000000000e+02 3.19496146438478373e-04 4.52015623544077953e-07
 2.48125000000000000e+02 2.48750000000000000e+02 3.21427334603683408e-04 4.59353081278462346e-07
 2.48750000000000000e+02 2.49375000000000000e+02 3.24174804426563762e-04 4.17089258397274168e-07
 2.49375000000000000e+02 2.50000000000000000e+02 3.26369045845325493e-04 4.25477311188766013e-07
 2.50000000000000000e+02 2.50625000000000000e+02 3.28171870427174551e-04 4.65200833560395265e-07
 2.50625000000000000e+02 2.51250000000000000e+02 3.30078622787011774e-04 4.36538124389724717e-07
 2.51250000000000000e+02 2.51875000000000000e+02 3.32632451070221074e-04 4.20650055556597300e-07
 2.51875000000000000e+02 2.52500000000000000e+02 3.34650864420771754e-04 4.57558512783774175e-07
 2.52500000000000000e+02 2.53125000000000000e+02 3.37508701284465918e-04 4.30652099713925160e-07
 2.53125000000000000e+02 2.53750000000000000e+02 3.39078606436756696e-04 4.58982463545843157e-07
 2.53750000000000000e+02 2.54375000000000000e+02 3.41955330873175715e-04 4.92801663543725659e-07
 2.54375000000000000e+02 2.55000000000000000e+02 3.43417485525488082e-04 4.38805384020129613e-07
 2.55000000000000000e+02 2.55625000000000000e+02 3.45834080530912772e-04 4.97489829759709202e-07
 2.55625000000000000e+02 2.56250000000000000e+02 3.48212891004803771e-04 4.41964574872659443e-07
 2.56250000000000000e+02 2.56875000000000000e+02 3.49493470880801889e-04 4.38629613503766946e-07
 2.56875000000000000e+02 2.57500000000000000e+02 3.53012873887402208e-04 4.33984586880834523e-07
 2.57500000000000000e+02 2.58125000000000000e+02 3.54420962093613962e-04 4.39148919957207695e-07
 2.58125000000000000e+02 2.58750000000000000e+02 3.57394012683090066e-04 4.49877037600709414e-07
 2.58750000000000000e+02 2.59375000000000000e+02 3.59619770535068300e-04 4.60876260093493452e-07
 2.59375000000000000e+02 2.60000000000000000e+02 3.62345341666760450e-04 4.55503202001514380e-07
 2.60000000000000000e+02 2.60625000000000000e+02 3.64525494354212497e-04 4.30316975145217171e-07
 2.60625000000000000e+02 2.61250000000000000e+02 3.66319544531158703e-04 4.37490899214408829e-07
 2.61250000000000000e+02 2.61875000000000000e+02 3.69967427738018199e-04 4.51710077085868892e-07
 2.61875000000000000e+02 2.62500000000000000e+02 3.71556921342222450e-04 4.50635195747959160e-07
 2.62500000000000000e+02 2.63125000000000000e+02 3.74424996815943311e-04 4.36877644969570459e-07
 2.63125000000000000e+02 2.63750000000000000e+02 3.76408455032290336e-04 4.54024932499014620e-07
 2.63750000000000000e+02 2.64375000000000000e+02 3.79305915910383643e-04 4.68074399546611435e-07
 2.64375000000000000e+02 2.65000000000000000e+02 3.81848567979747172e-04 4.79686329176554383e-07
 2.65000000000000000e+02 2.65625000000000000e+02 3.84891419657240217e-04 4.49579842803897307e-07
 2.65625000000000000e+02 2.66250000000000000e+02 3.86450669366558805e-04 4.62422923475979097e-07
 2.66250000000000000e+02 2.66875000000000000e+02 3.89268732176765249e-04 4.56189668450446216e-07
 2.66875000000000000e+02 2.67500000000000000e+02 3.92128086153517152e-04 4.47565836645529487e-07
 2.67500000000000000e+02 2.68125000000000000e+02 3.94977573521701941e-04 4.48821003038578596e-07
 2.68125000000000000e+02 2.68750000000000000e+02 3.98109525886062188e-04 4.42902108520448276e-07
 2.68750000000000000e+02 2.69375000000000000e+02 4.00756906137291825e-04 4.47581115581589931e-07
 2.69375000000000000e+02 2.70000000000000000e+02 4.02533645714339911e-04 4.40387545031411188e-07
 2.70000000000000000e+02 2.70625000000000000e+02 4.05499317197230533e-04 4.68511310863802762e-07
 2.70625000000000000e+02 2.71250000000000000e+02 4.08282440162116165e-04 4.45414110385514919e-07
 2.71250000000000000e+02 2.71875000000000000e+02 4.10113708135419479e-04 4.49598125620949561e-07
 2.71875000000000000e+02 2.72500000000000000e+02 4.13657353651856606e-04 4.54531229759144536e-07
 2.72500000000000000e+02 2.73125000000000000e+02 4.17017009641740797e-04 4.80979725558998194e-07
 2.73125000000000000e+02 2.73750000000000000e+02 4.19440990947053671e-04 4.60283729112015889e-07
 2.73750000000000000e+02 2.74375000000000000e+02 4.22258606757747407e-04 4.47656913278946106e-07
 2.74375000000000000e+02 2.75000000000000000e+02 4.24992202809621486e-04 4.56854192728371709e-07
 2.75000000000000000e+02 2.75625000000000000e+02 4.27786011075010741e-04 4.76533872598132855e-07
 2.75625000000000000e+02 2.76250000000000000e+02 4.29868879298736387e-04 4.66377877116530134e-07
 2.76250000000000000e+02 2.76875000000000000e+02 4.34420451100759263e-04 4.91946943515670200e-07
 2.76875000000000000e+02 2.77500000000000000e+02 4.36185332899422993e-04 4.52678632324586058e-07
 2.77500000000000000e+02 2.78125000000000000e+02 4.38782696480741056e-04 4.57142784598743572e-07
 2.78125000000000000e+02 2.78750000000000000e+02 4.42388720276194964e-04 4.67115491075821326e-07
 2.78750000000000000e+02 2.79375000000000000e+02 4.46445502825788940e-04 4.91355883516543159e-07
 2.79375000000000000e+02 2.80000000000000000e+02 4.49131280761321330e-04 7.88934279887536179e-07
 2.80000000000000000e+02 2.80625000000000000e+02 4.51850988438650325e-04 4.68206161919845573e-07
 2.80625000000000000e+02 2.81250000000000000e+02 4.53238515215882720e-04 4.60740344794857953e-07
 2.81250000000000000e+02 2.81875000000000000e+02 4.57435690892639933e-04 4.71586526884146491e-07
 2.81875000000000000e+02 2.82500000000000000e+02 4.59830543477271372e-04 4.64225247592594612e-07
 2.82500000000000000e+02 2.83125000000000000e+02 4.63139901614707968e-04 4.64813326885779079e-07
 2.83125000000000000e+02 2.83750000000000000e+02 4.66692088178560533e-04 5.34102442626907152e-07
 2.83750000000000000e+02 2.84375000000000000e+02 4.68569919491010356e-04 4.66871050662626140e-07
 2.84375000000000000e+02 2.85000000000000000e+02 4.72636703929205798e-04 5.22442134815324610e-07
 2.85000000000000000e+02 2.85625000000000000e+02 4.76992859889469826e-04 6.56507591072946044e-07
 2.85625000000000000e+02 2.86250000000000000e+02 4.78523850898647724e-04 4.92035038765739123e-07
 2.86250000000000000e+02 2.86875000000000000e+02 4.83274545895197869e-04 4.96582389738111817e-07
 2.86875000000000000e+02 2.87500000000000000e+02 4.85953610206560696e-04 4.88194416907626095e-07
 2.87500000000000000e+02 2.88125000000000000e+02 4.88509882595551475e-04 4.61267435551638320e-07
 2.88125000000000000e+02 2.88750000000000000e+02 4.91660798055319087e-04 4.84293125156291142e-07
 2.88750000000000000e+02 2.89375000000000000e+02 4.95134974651390784e-04 4.78279681665667549e-07
 2.89375000000000000e+02 2.90000000000000000e+02 4.99330006469340341e-04 4.86633773409460953e-07
 2.90000000000000000e+02 2.90625000000000000e+02 5.02207586137403544e-04 5.87214914565874085e-07
 2.90625000000000000e+02 2.91250000000000000e+02 5.05553661105056281e-04 4.86657397032846640e-07
 2.91250000000000000e+02 2.91875000000000000e+02 5.08539529603734474e-04 4.70291128523513875e-07
 2.91875000000000000e+02 2.92500000000000000e+02 5.12189187591473197e-04 4.73629639567037578e-07
 2.92500000000000000e+02 2.93125000000000000e+02 5.16073144753870054e-04 4.84814667168059860e-07
 2.93125000000000000e+02 2.93750000000000000e+02 5.18811983095454100e-04 5.01759469697819141e-07
 2.93750000000000000e+02 2.94375000000000000e+02 5.23214727082296533e-04 5.73286445572204467e-07
 2.94375000000000000e+02 2.95000000000000000e+02 5.26447681974344926e-04 4.76882916582895155e-07
 2.95000000000000000e+02 2.95625000000000000e+02 5.29435840107753955e-04 5.06819138607219316e-07
 2.95625000000000000e+02 2.96250000000000000e+02 5.33802779297195672e-04 5.01278007484091210e-07
 2.96250000000000000e+02 2.96875000000000000e+02 5.36598345429867545e-04 4.75935219354574854e-07
 2.96875000000000000e+02 2.97500000000000000e+02 5.39871650742486625e-04 4.99232214950114305e-07
 2.97500000000000000e+02 2.98125000000000000e+02 5.42669314827446086e-04 4.86553942038698743e-07
 2.98125000000000000e+02 2.98750000000000000e+02 5.47152237852118178e-04 4.89584704190838996e-07
 2.98750000000000000e+02 2.99375000000000000e+02 5.51114183803738406e-04 4.86148522831618146e-07
 2.99375000000000000e+02 3.00000000000000000e+02 5.54672060305789745e-04 4.72525387564176888e-07
 3.00000000000000000e+02 3.00625000000000000e+02 5.59134330895227102e-04 4.90998243362846596e-07
 3.00625000000000000e+02 3.01250000000000000e+02 5.61671720737581186e-04 4.75019672400836587e-07
 3.01250000000000000e+02 3.01875000000000000e+02 5.66198338502711608e-04 5.08047758466394942e-07
 3.01875000000000000e+02 3.02500000000000000e+02 5.68949605527981073e-04 5.25212617057608398e-07
 3.02500000000000000e+02 3.03125000000000000e+02 5.73108439805049600e-04 4.95268210514396788e-07
 3.03125000000000000e+02 3.03750000000000000e+02 5.76499399804165208e-04 4.99024399162593480e-07
 3.03750000000000000e+02 3.04375000000000000e+02 5.80936223004947837e-04 4.85673295715939639e-07
 3.04375000000000000e+02 3.05000000000000000e+02 5.84450258601329833e-04 5.48690634171027118e-07
 3.05000000000000000e+02 3.05625000000000000e+02 5.88477050456416941e-04 4.92083034363407936e-07
 3.05625000000000000e+02 3.06250000000000000e+02 5.91753808450295625e-04 4.94194080560450239e-07
 3.06250000000000000e+02 3.06875000000000000e+02 5.95952935008084049e-04 5.21850526934973953e-07
 3.06875000000000000e+02 3.07500000000000000e+02 5.99410604181194206e-04 4.88565756280267900e-07
 3.07500000000000000e+02 3.08125000000000000e+02 6.03351263870497844e-04 5.09104446303586939e-07
 3.08125000000000000e+02 3.08750000000000000e+02 6.07075326365967560e-04 4.87002989784101678e-07
 3.08750000000000000e+02 3.09375000000000000e+02 6.10318422943604178e-04 5.00561983230614855e-07
 3.09375000000000000e+02 3.10000000000000000e+02 6.15138733822098889e-04 4.99398072942801066e-07
 3.10000000000000000e+02 3.10625000000000000e+02 6.19227945325445824e-04 5.78162077962933842e-07
 3.10625000000000000e+02 3.11250000000000000e+02 6.22900129118102077e-04 5.34847684403733931e-07
 3.11250000000000000e+02 3.11875000000000000e+02 6.27044242425301508e-04 5.13654584326767261e-07
 3.11875000000000000e+02 3.12500000000000000e+02 6.30958376299742816e-04 5.05122491887254091e-07
 3.12500000000000000e+02 3.13125000000000000e+02 6.33311814484433357e-04 5.33633230292051043e-07
 3.13125000000000000e+02 3.13750000000000000e+02 6.38363752209986980e-04 4.86665706026490470e-07
 3.13750000000000000e+02 3.14375000000000000e+02 6.42600444861579764e-04 4.94118310235019446e-07
 3.14375000000000000e+02 3.15000000000000000e+02 6.46464215858182914e-04 4.82470009597208929e-07
 3.15000000000000000e+02 3.15625000000000000e+02 6.50624890937577657e-04 4.90199034974094849e-07
 3.15625000000000000e+02 3.16250000000000000e+02 6.54674938295898823e-04 5.42210612887158307e-07
 3.16250000000000000e+02 3.16875000000000000e+02 6.58976257558460590e-04 5.00333231051326016e-07
 3.16875000000000000e+02 3.17500000000000000e+02 6.64212610366335453e-04 5.18600754136294252e-07
 3.17500000000000000e+02 3.18125000000000000e+02 6.66541675511364497e-04 4.94601807354193589e-07
 3.18125000000000000e+02 3.18750000000000000e+02 6.71049749704586231e-04 4.94240543385417853e-07
 3.18750000000000000e+02 3.19375000000000000e+02 6.75837973883730483e-04 5.25401480571846291e-07
 3.19375000000000000e+02 3.20000000000000000e+02 6.80196030108397970e-04 4.97177556891130632e-07
 3.20000000000000000e+02 3.20625000000000000e+02 6.83323710253135172e-04 5.11541110797429152e-07
 3.20625000000000000e+02 3.21250000000000000e+02 6.88093159427059634e-04 4.90041392521818756e-07
 3.21250000000000000e+02 3.21875000000000000e+02 6.92514700693690438e-04 5.04623785837776036e-07
 3.21875000000000000e+02 3.22500000000000000e+02 6.97190171369254166e-04 5.17861661874663582e-07
 3.22500000000000000e+02 3.23125000000000000e+02 7.00625079168765478e-04 4.88735978365863113e-07
 3.23125000000000000e+02 3.23750000000000000e+02 7.05043880377478633e-04 4.90654274762147284e-07
 3.23750000000000000e+02 3.24375000000000000e+02 7.09506776673761918e-04 4.93191831912561013e-07
 3.24375000000000000e+02 3.25000000000000000e+02 7.14439427628057295e-04 5.00590501506997158e-07
 3.25000000000000000e+02 3.25625000000000000e+02 7.18373968450466320e-04 4.94518678194079156e-07
 3.25625000000000000e+02 3.26250000000000000e+02 7.23698980265183095e-04 5.03636053146267613e-07
 3.26250000000000000e+02 3.26875000000000000e+02 7.27135942278014469e-04 4.98475998741221104e-07
 3.26875000000000000e+02 3.27500000000000000e+02 7.32846187611316670e-04 5.13778270147446423e-07
 3.27500000000000000e+02 3.28125000000000000e+02 7.36039249948641392e-04 5.05174458565621432e-07
 3.28125000000000000e+02 3.28750000000000000e+02 7.41716775259961057e-04 5.32416592641742678e-07
 3.28750000000000000e+02 3.29375000000000000e+02 7.46429231477057525e-04 4.95320734941697859e-07
 3.29375000000000000e+02 3.30000000000000000e+02 7.50701881527108899e-04 4.95064148360355238e-07
 3.30000000000000000e+02 3.30625000000000000e+02 7.55864294043135515e-04 5.18976300085770163e-07
 3.30625000000000000e+02 3.31250000000000000e+02 7.61409070141015067e-04 5.44592655662592559e-07
 3.31250000000000000e+02 3.31875000000000000e+02 7.65254321559856151e-04 5.14292941659672127e-07
 3.31875000000000000e+02 3.32500000000000000e+02 7.70742826225775121e-04 5.64302635493911761e-07
 3.32500000000000000e+02 3.33125000000000000e+02 7.75191356642322173e-04 5.11516241919843833e-07
 3.33125000000000000e+02 3.33750000000000000e+02 7.79286021140299600e-04 5.05397590064489600e-07
 3.33750000000000000e+02 3.34375000000000000e+02 7.84175235405315161e-04 5.00848239055799678e-07
 3.34375000000000000e+02 3.35000000000000000e+02 7.90109930531347174e-04 5.22062340333851600e-07
 3.35000000000000000e+02 3.35625000000000000e+02 7.95040577314837216e-04 5.11957121623142471e-07
 3.35625000000000000e+02 3.36250000000000000e+02 8.01576640057249630e-04 6.34500485360166227e-07
 3.36250000000000000e+02 3.36875000000000000e+02 8.06463740248373768e-04 5.09391139753570895e-07
 3.36875000000000000e+02 3.37500000000000000e+02 8.09721431433747135e-04 5.06129108045857239e-07
 3.37500000000000000e+02 3.38125000000000000e+02 8.15965466138106506e-04 5.35152943359317153e-07
 3.38125000000000000e+02 3.38750000000000000e+02 8.21647857834243095e-04 5.32245059014104516e-07
 3.38750000000000000e+02 3.39375000000000000e+02 8.26093441250870552e-04 5.08093357606218403e-07
 3.39375000000000000e+02 3.40000000000000000e+02 8.32695610611987021e-04 8.04899302523292637e-07
 3.40000000000000000e+02 3.40625000000000000e+02 8.37425181423668554e-04 5.09640971379822204e-07
 3.40625000000000000e+02 3.41250000000000000e+02 8.42781664064985638e-04 5.79016654800367194e-07
 3.41250000000000000e+02 3.41875000000000000e+02 8.48225114765361905e-04 5.08804493455640406e-07
 3.41875000000000000e+02 3.42500000000000000e+02 8.53452471485888079e-04 5.36768655026685031e-07
 3.42500000000000000e+02 3.43125000000000000e+02 8.58415947802658691e-04 5.03513726921716110e-07
 3.43125000000000000e+02 3.43750000000000000e+02 8.65886507738559377e-04 5.09152484414252409e-07
 3.43750000000000000e+02 3.44375000000000000e+02 8.70706258780076857e-04 5.15134685844368693e-07
 3.44375000000000000e+02 3.45000000000000000e+02 8.75475422920686335e-04 5.10272587733939428e-07
 3.45000000000000000e+02 3.45625000000000000e+02 8.82029448345970370e-04 5.27508227050597742e-07
 3.45625000000000000e+02 3.46250000000000000e+02 8.88056180643446730e-04 5.14759740165047753e-07
 3.46250000000000000e+02 3.46875000000000000e+02 8.93703580948449101e-04 5.33224990210039027e-07
 3.46875000000000000e+02 3.47500000000000000e+02 8.99999407660905318e-04 5.42918701551860805e-07
 3.47500000000000000e+02 3.48125000000000000e+02 9.05411897384976070e-04 5.32184335197867420e-07
 3.48125000000000000e+02 3.48750000000000000e+02 9.12024577485542236e-04 5.20674823469454447e-07
 3.48750000000000000e+02 3.49375000000000000e+02 9.18197347867045761e-04 5.30149275330480211e-07
 3.49375000000000000e+02 3.50000000000000000e+02 9.24808129274186787e-04 5.15651483047561186e-07
 3.50000000000000000e+02 3.50625000000000000e+02 9.30760102947635428e-04 5.48106354185302180e-07
 3.50625000000000000e+02 3.51250000000000000e+02 9.37335216187017476e-04 5.38170147662669250e-07
 3.51250000000000000e+02 3.51875000000000000e+02 9.44047134975275039e-04 5.70108363187250191e-07
 3.51875000000000000e+02 3.52500000000000000e+02 9.48706108442890091e-04 5.43051784303717793e-07
 3.52500000000000000e+02 3.53125000000000000e+02 9.57100939913673701e-04 5.27157551932467947e-07
 3.53125000000000000e+02 3.53750000000000000e+02 9.62626079010662659e-04 5.38796434217236226e-07
 3.53750000000000000e+02 3.54375000000000000e+02 9.69954824564791857e-04 5.43743571028938623e-07
 3.54375000000000000e+02 3.55000000000000000e+02 9.76600487237386065e-04 5.49713760107261739e-07
 3.55000000000000000e+02 3.55625000000000000e+02 9.82788354253881719e-04 5.26906321329763313e-07
 3.55625000000000000e+02 3.56250000000000000e+02 9.89764406373526808e-04 5.51562595458774207e-07
 3.56250000000000000e+02 3.56875000000000000e+02 9.97013531831159342e-04 5.55876438993061343e-07
 3.56875000000000000e+02 3.57500000000000000e+02 1.00359924784980707e-03 5.35522707230547644e-07
 3.57500000000000000e+02 3.58125000000000000e+02 1.01089223335021306e-03 5.61424916288579466e-07
 3.58125000000000000e+02 3.58750000000000000e+02 1.01735469718468698e-03 5.35300602351155662e-07
 3.58750000000000000e+02 3.59375000000000000e+02 1.02452758632923073e-03 5.47313632317950587e-07
 3.59375000000000000e+02 3.60000000000000000e+02 1.03228626493257359e-03 6.03482669297491995e-07
 3.60000000000000000e+02 3.60625000000000000e+02 1.03915507990914088e-03 5.45722391966133439e-07
 3.60625000000000000e+02 3.61250000000000000e+02 1.04639212150943201e-03 5.57971503714542448e-07
 3.61250000000000000e+02 3.61875000000000000e+02 1.05379652147483604e-03 5.72923314423289921e-07
 3.61875000000000000e+02 3.62500000000000000e+02 1.06217923802971541e-03 5.64295667499654249e-07
 3.62500000000000000e+02 3.63125000000000000e+02 1.06930215730521253e-03 5.53431200017613268e-07
 3.63125000000000000e+02 3.63750000000000000e+02 1.07706265657729811e-03 6.07069032547859300e-07
 3.63750000000000000e+02 3.64375000000000000e+02 1.08399751273744035e-03 5.49446617084942790e-07
 3.64375000000000000e+02 3.65000000000000000e+02 1.09274386505442281e-03 5.54139445211159764e-07
 3.65000000000000000e+02 3.65625000000000000e+02 1.09991641525217557e-03 5.62886744787966614e-07
 3.65625000000000000e+02 3.66250000000000000e+02 1.10832222431894484e-03 5.55105277938376523e-07
 3.66250000000000000e+02 3.66875000000000000e+02 1.11573720645289894e-03 5.61780701883404800e-07
 3.66875000000000000e+02 3.67500000000000000e+02 1.12473894284883147e-03 5.71595027742829706e-07
 3.67500000000000000e+02 3.68125000000000000e+02 1.13302798568985872e-03 5.69825158784586528e-07
 3.68125000000000000e+02 3.68750000000000000e+02 1.14085615734103776e-03 5.60145253307647537e-07
 3.68750000000000000e+02 3.69375000000000000e+02 1.14956964881714392e-03 5.64143325984352511e-07
 3.69375000000000000e+02 3.70000000000000000e+02 1.15833782001568963e-03 5.69552536700656445e-07
 3.70000000000000000e+02 3.70625000000000000e+02 1.16723903568023029e-03 5.65311292841364920e-07
 3.70625000000000000e+02 3.71250000000000000e+02 1.17579891255101656e-03 5.79380770905006666e-07
 3.71250000000000000e+02 3.71875000000000000e+02 1.18471525085751513e-03 6.04796509864180552e-07
 3.71875000000000000e+02 3.72500000000000000e+02 1.19364027679244697e-03 5.84679428236767634e-07
 3.72500000000000000e+02 3.73125000000000000e+02 1.20251018119805738e-03 6.75901821775456756e-07
 3.73125000000000000e+02 3.73750000000000000e+02 1.21157280081118012e-03 5.74112226237797643e-07
 3.73750000000000000e+02 3.74375000000000000e+02 1.22026036161364823e-03 5.82044189053155226e-07
 3.74375000000000000e+02 3.75000000000000000e+02 1.23084004954640189e-03 5.92237226459871191e-07
 3.75000000000000000e+02 3.75625000000000000e+02 1.23864305385207275e-03 5.89970522533577469e-07
 3.75625000000000000e+02 3.76250000000000000e+02 1.24906844100332857e-03 5.76465042967141095e-07
 3.76250000000000000e+02 3.76875000000000000e+02 1.25850943244819346e-03 5.82387727318480447e-07
 3.76875000000000000e+02 3.77500000000000000e+02 1.26835495579034289e-03 6.04090591551169664e-07
 3.77500000000000000e+02 3.78125000000000000e+02 1.27694757732604099e-03 5.95556020927441768e-07
 3.78125000000000000e+02 3.78750000000000000e+02 1.28793021997962963e-03 5.94832266867277195e-07
 3.78750000000000000e+02 3.79375000000000000e+02 1.29794430029240887e-03 6.11372626668851624e-07
 3.79375000000000000e+02 3.80000000000000000e+02 1.30926852094977652e-03 6.03672582945186491e-07
 3.80000000000000000e+02 3.80625000000000000e+02 1.31796402763748044e-03 5.88478944286965465e-07
 3.80625000000000000e+02 3.81250000000000000e+02 1.32861113795208221e-03 6.01963652344253444e-07
 3.81250000000000000e+02 3.81875000000000000e+02 1.33917526594114536e-03 6.00550985503298600e-07
 3.81875000000000000e+02 3.82500000000000000e+02 1.34856081194934321e-03 6.00354328893543767e-07
 3.82500000000000000e+02 3.83125000000000000e+02 1.36043264220495216e-03 6.02848792535133645e-07
 3.83125000000000000e+02 3.83750000000000000e+02 1.37165488769890715e-03 6.15321299149098373e-07
 3.83750000000000000e+02 3.84375000000000000e+02 1.38314628260213031e-03 7.30961946220945362e-07
 3.84375000000000000e+02 3.85000000000000000e+02 1.39390458240011409e-03 6.48287428747696766e-07
 3.85000000000000000e+02 3.85625000000000000e+02 1.40440807093835524e-03 6.11212842572942156e-07
 3.85625000000000000e+02 3.86250000000000000e+02 1.41728133362905174e-03 6.29717277740380248e-07
 3.86250000000000000e+02 3.86875000000000000e+02 1.42786944414215059e-03 6.36439107706647761e-07
 3.86875000000000000e+02 3.87500000000000000e+02 1.44135028128479351e-03 6.23941241477579373e-07
 3.87500000000000000e+02 3.88125000000000000e+02 1.45275625114169396e-03 6.40236541685598546e-07
 3.88125000000000000e+02 3.88750000000000000e+02 1.46238294536238421e-03 6.34214835104086719e-07
 3.88750000000000000e+02 3.89375000000000000e+02 1.47611510433348831e-03 6.35133886135525336e-07
 3.89375000000000000e+02 3.90000000000000000e+02 1.48868494149186677e-03 6.42961713027886920e-07
 3.90000000000000000e+02 3.90625000000000000e+02 1.50049731734023107e-03 7.30654822512433721e-07
 3.90625000000000000e+02 3.91250000000000000e+02 1.51374161246529602e-03 6.44473076286879247e-07
 3.91250000000000000e+02 3.91875000000000000e+02 1.52719637782586367e-03 6.85421959593430719e-07
 3.91875000000000000e+02 3.92500000000000000e+02 1.54004511856917670e-03 6.56759550558550487e-07
 3.92500000000000000e+02 3.93125000000000000e+02 1.55266186290697753e-03 6.63633911515288755e-07
 3.93125000000000000e+02 3.93750000000000000e+02 1.56573694277974042e-03 6.69477963417133451e-07
 3.93750000000000000e+02 3.94375000000000000e+02 1.58095519734665507e-03 6.93790394309193304e-07
 3.94375000000000000e+02 3.95000000000000000e+02 1.59388640411089371e-03 1.26178252886190290e-06
 3.95000000000000000e+02 3.95625000000000000e+02 1.60059820683557358e-03 7.58347717978555447e-07
 3.95625000000000000e+02 3.96250000000000000e+02 1.59981027777838765e-03 7.62833809420364620e-07
 3.96250000000000000e+02 3.96875000000000000e+02 1.59489349189832720e-03 7.79500412016612034e-07
 3.96875000000000000e+02 3.97500000000000000e+02 1.58888993293294879e-03 8.02535146005706414e-07
 3.97500000000000000e+02 3.98125000000000000e+02 1.57970788790218718e-03 8.22649174223550675e-07
 3.98125000000000000e+02 3.98750000000000000e+02 1.57014993146729659e-03 7.41558406009474082e-07
 3.98750000000000000e+02 3.99375000000000000e+02 1.56244223385040696e-03 7.92478668126858906e-07
 3.99375000000000000e+02 4.00000000000000000e+02 1.55402042636518896e-03 7.00923337384863065e-07
 4.00000000000000000e+02 4.00625000000000000e+02 1.54606796818174759e-03 7.28306590220645895e-07
 4.00625000000000000e+02 4.01250000000000000e+02 1.53930696835922727e-03 7.34908495924226608e-07
 4.01250000000000000e+02 4.01875000000000000e+02 1.52947471862297066e-03 6.85435899429066262e-07
 4.01875000000000000e+02 4.02500000000000000e+02 1.52303209630722425e-03 6.99371511039475147e-07
 4.02500000000000000e+02 4.03125000000000000e+02 1.51581667826328919e-03 7.68725916178785610e-07
 4.03125000000000000e+02 4.03750000000000000e+02 1.50952475495985368e-03 7.18695364486674865e-07
 4.03750000000000000e+02 4.04375000000000000e+02 1.50217641830500005e-03 6.52983789393172678e-07
 4.04375000000000000e+02 4.05000000000000000e+02 1.49635405468747122e-03 6.53440714054873179e-07
 4.05000000000000000e+02 4.05625000000000000e+02 1.48986168782703002e-03 6.46390967187591560e-07
 4.05625000000000000e+02 4.06250000000000000e+02 1.48599013878208323e-03 7.53679266713717314e-07
 4.06250000000000000e+02 4.06875000000000000e+02 1.48003251106252633e-03 6.70826677796404089e-07
 4.06875000000000000e+02 4.07500000000000000e+02 1.47264655391023385e-03 6.62162300212622131e-07
 4.07500000000000000e+02 4.08125000000000000e+02 1.46713047207443345e-03 6.27342526179654321e-07
 4.08125000000000000e+02 4.08750000000000000e+02 1.46206312335929608e-03 6.12340393186052731e-07
 4.08750000000000000e+02 4.09375000000000000e+02 1.45757490555587649e-03 6.12249068315999353e-07
 4.09375000000000000e+02 4.10000000000000000e+02 1.45288431124037071e-03 6.11263018015075570e-07
 4.10000000000000000e+02 4.10625000000000000e+02 1.44953097188372138e-03 6.96332188335941828e-07
 4.10625000000000000e+02 4.11250000000000000e+02 1.44348938772242085e-03 6.00956281704413733e-07
 4.11250000000000000e+02 4.11875000000000000e+02 1.44045551323010532e-03 7.06503567115402259e-07
 4.11875000000000000e+02 4.12500000000000000e+02 1.43737609987084920e-03 6.18798399887926452e-07
 4.12500000000000000e+02 4.13125000000000000e+02 1.43048151768183831e-03 5.98637074527531901e-07
 4.13125000000000000e+02 4.13750000000000000e+02 1.42690223990848898e-03 5.91648518331179723e-07
 4.13750000000000000e+02 4.14375000000000000e+02 1.42574241273624907e-03 6.80463539114478058e-07
 4.14375000000000000e+02 4.15000000000000000e+02 1.42081584655571352e-03 5.95110068640958323e-07
 4.15000000000000000e+02 4.15625000000000000e+02 1.41659983304973807e-03 7.08522741376598880e-07
 4.15625000000000000e+02 4.16250000000000000e+02 1.41277463543172384e-03 5.97702977390747745e-07
 4.16250000000000000e+02 4.16875000000000000e+02 1.41076349646902083e-03 5.86257677921148437e-07
 4.16875000000000000e+02 4.17500000000000000e+02 1.40669662758922173e-03 5.63179637548138629e-07
 4.17500000000000000e+02 4.18125000000000000e+02 1.40491873252906953e-03 5.79078219751784694e-07
 4.18125000000000000e+02 4.18750000000000000e+02 1.40167620481950134e-03 5.87851150632455205e-07
 4.18750000000000000e+02 4.19375000000000000e+02 1.39881610762665346e-03 6.13160603748351633e-07
 4.19375000000000000e+02 4.20000000000000000e+02 1.39627737189607646e-03 5.60324396171252952e-07
 4.20000000000000000e+02 4.20625000000000000e+02 1.39413767129577975e-03 5.56766814976335503e-07
 4.20625000000000000e+02 4.21250000000000000e+02 1.39078951051552408e-03 5.62367095710904346e-07
 4.21250000000000000e+02 4.21875000000000000e+02 1.38991305213513432e-03 5.60844349563186527e-07
 4.21875000000000000e+02 4.22500000000000000e+02 1.38726431831327724e-03 5.73574826412882984e-07
 4.22500000000000000e+02 4.23125000000000000e+02 1.38558056326241693e-03 5.41631802441027489e-07
 4.23125000000000000e+02 4.23750000000000000e+02 1.38384672619647361e-03 5.88201669076374584e-07
 4.23750000000000000e+02 4.24375000000000000e+02 1.38365957545583834e-03 5.44507909667715366e-07
 4.24375000000000000e+02 4.25000000000000000e+02 1.38246814416312174e-03 5.58848601292558786e-07
 4.25000000000000000e+02 4.25625000000000000e+02 1.38161906614279735e-03 5.55004469360958000e-07
 4.25625000000000000e+02 4.26250000000000000e+02 1.38035688217332496e-03 5.50515907206888497e-07
 4.26250000000000000e+02 4.26875000000000000e+02 1.37972562916587678e-03 5.69725785763065158e-07
 4.26875000000000000e+02 4.27500000000000000e+02 1.37859249554813192e-03 5.74370430739703443e-07
 4.27500000000000000e+02 4.28125000000000000e+02 1.37963559614676513e-03 5.56070400267946747e-07
 4.28125000000000000e+02 4.28750000000000000e+02 1.37808490804733211e-03 5.45013519104388011e-07
 4.28750000000000000e+02 4.29375000000000000e+02 1.37742674561838470e-03 5.85695489272535291e-07
 4.29375000000000000e+02 4.30000000000000000e+02 1.37749565213677997e-03 5.45595554016465666e-07
 4.30000000000000000e+02 4.30625000000000000e+02 1.37817803102369390e-03 5.56181543156564121e-07
 4.30625000000000000e+02 4.31250000000000000e+02 1.37771216011559733e-03 5.46281094530253203e-07
 4.31250000000000000e+02 4.31875000000000000e+02 1.37886118198086516e-03 5.50796624658350659e-07
 4.31875000000000000e+02 4.32500000000000000e+02 1.38006615685357082e-03 6.00982933336682333e-07
 4.32500000000000000e+02 4.33125000000000000e+02 1.38068441465203848e-03 5.51954294650200571e-07
 4.33125000000000000e+02 4.33750000000000000e+02 1.38065019331596087e-03 6.05320851506393552e-07
 4.33750000000000000e+02 4.34375000000000000e+02 1.38181956260046020e-03 5.41341043645698854e-07
 4.34375000000000000e+02 4.35000000000000000e+02 1.38276551521060919e-03 5.47407242485436651e-07
 4.35000000000000000e+02 4.35625000000000000e+02 1.38531000664788499e-03 8.62446013037658595e-07
 4.35625000000000000e+02 4.36250000000000000e+02 1.38479870359220448e-03 5.48657922651913267e-07
 4.36250000000000000e+02 4.36875000000000000e+02 1.38723078152887193e-03 5.46850805368353941e-07
 4.36875000000000000e+02 4.37500000000000000e+02 1.38864299501354795e-03 5.47249516043176523e-07
 4.37500000000000000e+02 4.38125000000000000e+02 1.39021048942844245e-03 5.44894037798267815e-07
 4.38125000000000000e+02 4.38750000000000000e+02 1.39248729296462975e-03 5.65504425640999474e-07
 4.38750000000000000e+02 4.39375000000000000e+02 1.39476074464208377e-03 5.67626035961560032e-07
 4.39375000000000000e+02 4.40000000000000000e+02 1.39709199687095085e-03 5.44740241195817097e-07
 4.40000000000000000e+02 4.40625000000000000e+02 1.39846661837320367e-03 5.52292275231604455e-07
 4.40625000000000000e+02 4.41250000000000000e+02 1.40088400917834388e-03 5.43675495554673727e-07
 4.41250000000000000e+02 4.41875000000000000e+02 1.40445218934104701e-03 5.42005723901259431e-07
 4.41875000000000000e+02 4.42500000000000000e+02 1.40782842981168848e-03 5.54950575050222752e-07
 4.42500000000000000e+02 4.43125000000000000e+02 1.40907567791126193e-03 5.47441948471773591e-07
 4.43125000000000000e+02 4.43750000000000000e+02 1.41392291302742533e-03 1.27333522125062680e-06
 4.43750000000000000e+02 4.44375000000000000e+02 1.41599289709750807e-03 5.58838160355190550e-07
 4.44375000000000000e+02 4.45000000000000000e+02 1.41968735984644451e-03 5.68013937779371694e-07
 4.45000000000000000e+02 4.45625000000000000e+02 1.42402203474438559e-03 6.07193554153574697e-07
 4.45625000000000000e+02 4.46250000000000000e+02 1.42709392395275452e-03 5.59567024724012560e-07
 4.46250000000000000e+02 4.46875000000000000e+02 1.43116236912366819e-03 5.66684275387392463e-07
 4.46875000000000000e+02 4.47500000000000000e+02 1.43401556614432702e-03 5.57948975196498916e-07
 4.47500000000000000e+02 4.48125000000000000e+02 1.43984916149165966e-03 5.61519185243050674e-07
 4.48125000000000000e+02 4.48750000000000000e+02 1.44281003505046545e-03 5.75465859069103030e-07
 4.48750000000000000e+02 4.49375000000000000e+02 1.44822158366312713e-03 5.64264026941013573e-07
 4.49375000000000000e+02 4.50000000000000000e+02 1.45278065386235432e-03 5.58663911473260390e-07
 4.50000000000000000e+02 4.50625000000000000e+02 1.45789290219440438e-03 5.75960080956403009e-07
 4.50625000000000000e+02 4.51250000000000000e+02 1.46160133693138089e-03 5.79082943760610232e-07
 4.51250000000000000e+02 4.51875000000000000e+02 1.46780187550710661e-03 5.70726430674402282e-07
 4.51875000000000000e+02 4.52500000000000000e+02 1.47249812352761786e-03 5.65494235418893659e-07
 4.52500000000000000e+02 4.53125000000000000e+02 1.47903474811317205e-03 5.78092137867838386e-07
 4.53125000000000000e+02 4.53750000000000000e+02 1.48567357887878179e-03 5.85084756078284045e-07
 4.53750000000000000e+02 4.54375000000000000e+02 1.49118494357020981e-03 5.93872349430446164e-07
 4.54375000000000000e+02 4.55000000000000000e+02 1.49667511455919789e-03 5.96308398475148620e-07
 4.55000000000000000e+02 4.55625000000000000e+02 1.50261568695610019e-03 1.16172185994891198e-06
 4.55625000000000000e+02 4.56250000000000000e+02 1.50867988342438548e-03 5.89157558293081233e-07
 4.56250000000000000e+02 4.56875000000000000e+02 1.51589871634582631e-03 5.80003312746933984e-07
 4.56875000000000000e+02 4.57500000000000000e+02 1.52087023809632967e-03 5.95350588886288752e-07
 4.57500000000000000e+02 4.58125000000000000e+02 1.52819243958452031e-03 6.02722041533937785e-07
 4.58125000000000000e+02 4.58750000000000000e+02 1.53501706489182592e-03 5.93305700802977840e-07
 4.58750000000000000e+02 4.59375000000000000e+02 1.54043766699444229e-03 5.98620248539422076e-07
 4.59375000000000000e+02 4.60000000000000000e+02 1.54815057635202436e-03 7.67999173781485792e-07
 4.60000000000000000e+02 4.60625000000000000e+02 1.55496633363127329e-03 5.93061846699074361e-07
 4.60625000000000000e+02 4.61250000000000000e+02 1.56341066846840421e-03 6.15715177766040701e-07
 4.61250000000000000e+02 4.61875000000000000e+02 1.56925327444811078e-03 5.96485552381881126e-07
 4.61875000000000000e+02 4.62500000000000000e+02 1.57672371635273053e-03 6.45541541311221107e-07
 4.62500000000000000e+02 4.63125000000000000e+02 1.58380306566754535e-03 6.28165121652202534e-07
 4.63125000000000000e+02 4.63750000000000000e+02 1.59168402930080170e-03 6.12507942592952573e-07
 4.63750000000000000e+02 4.64375000000000000e+02 1.59936062976249061e-03 6.13962244463958817e-07
 4.64375000000000000e+02 4.65000000000000000e+02 1.60763981144735279e-03 6.42453625624751921e-07
 4.65000000000000000e+02 4.65625000000000000e+02 1.61589686750120230e-03 6.14435831179452989e-07
 4.65625000000000000e+02 4.66250000000000000e+02 1.62442014690613516e-03 6.61602931608164454e-07
 4.66250000000000000e+02 4.66875000000000000e+02 1.63203642076849590e-03 6.42183135068400862e-07
 4.66875000000000000e+02 4.67500000000000000e+02 1.64162863851069962e-03 6.33253250008405498e-07
 4.67500000000000000e+02 4.68125000000000000e+02 1.65003485570023689e-03 6.22595504317903932e-07
 4.68125000000000000e+02 4.68750000000000000e+02 1.66014983795570014e-03 6.29512723427255867e-07
 4.68750000000000000e+02 4.69375000000000000e+02 1.66907008349028059e-03 6.60822217248253187e-07
 4.69375000000000000e+02 4.70000000000000000e+02 1.67773723697794931e-03 6.56012409662020900e-07
 4.70000000000000000e+02 4.70625000000000000e+02 1.68813899019521819e-03 6.61490867423825162e-07
 4.70625000000000000e+02 4.71250000000000000e+02 1.69691717089840680e-03 6.30936670009312493e-07
 4.71250000000000000e+02 4.71875000000000000e+02 1.70808615864284988e-03 6.75953041296923463e-07
 4.71875000000000000e+02 4.72500000000000000e+02 1.71665525489599785e-03 6.66990540517905609e-07
 4.72500000000000000e+02 4.73125000000000000e+02 1.72620042777281001e-03 6.68625221787566206e-07
 4.73125000000000000e+02 4.73750000000000000e+02 1.73716124410322882e-03 1.12732187446719768e-06
 4.73750000000000000e+02 4.74375000000000000e+02 1.74352505172759888e-03 6.69441039601492920e-07
 4.74375000000000000e+02 4.75000000000000000e+02 1.75183115549420749e-03 6.77143603013785283e-07
 4.75000000000000000e+02 4.75625000000000000e+02 1.75702682046168608e-03 7.47225012012409046e-07
 4.75625000000000000e+02 4.76250000000000000e+02 1.75952820656320730e-03 7.07080739390613462e-07
 4.76250000000000000e+02 4.76875000000000000e+02 1.76150128823167437e-03 7.03659319571821626e-07
 4.76875000000000000e+02 4.77500000000000000e+02 1.76288899180468569e-03 7.17868159343746988e-07
 4.77500000000000000e+02 4.78125000000000000e+02 1.76085142426877887e-03 7.10064565897187445e-07
 4.78125000000000000e+02 4.78750000000000000e+02 1.75767879594849606e-03 7.12190877212964920e-07
 4.78750000000000000e+02 4.79375000000000000e+02 1.75016167372165667e-03 7.20088117007584952e-07
 4.79375000000000000e+02 4.80000000000000000e+02 1.73998319267123624e-03 7.38983619778330650e-07
 4.80000000000000000e+02 4.80625000000000000e+02 1.72515616396341233e-03 7.54951718118594624e-07
 4.80625000000000000e+02 4.81250000000000000e+02 1.70618911941450876e-03 7.58455469780791429e-07
 4.81250000000000000e+02 4.81875000000000000e+02 1.67826942522159408e-03 1.68537329504782157e-06
 4.81875000000000000e+02 4.82500000000000000e+02 1.64246432374177530e-03 7.48979965072516720e-07
 4.82500000000000000e+02 4.83125000000000000e+02 1.59308725002818737e-03 7.40866306077600642e-07
 4.83125000000000000e+02 4.83750000000000000e+02 1.53277283081090657e-03 7.36069575203691723e-07
 4.83750000000000000e+02 4.84375000000000000e+02 1.45002136922343559e-03 7.24172540038809575e-07
 4.84375000000000000e+02 4.85000000000000000e+02 1.34424643652188212e-03 6.87182822445388568e-07
 4.85000000000000000e+02 4.85625000000000000e+02 1.20539633594641876e-03 6.61651082031465004e-07
 4.85625000000000000e+02 4.86250000000000000e+02 1.02530820820379899e-03 6.55227614426369067e-07
 4.86250000000000000e+02 4.86875000000000000e+02 7.92578610237779199e-04 6.17011080529300557e-07
 4.86875000000000000e+02 4.87500000000000000e+02 5.01664709324136943e-04 7.69448613077046589e-07
 4.87500000000000000e+02 4.88125000000000000e+02 1.82397293171643045e-04 3.77204403167256661e-07
 4.88125000000000000e+02 4.88750000000000000e+02 3.35968267251868489e-06 4.42221048715724816e-08
 4.88750000000000000e+02 4.89375000000000000e+02 0.00000000000000000e+00 0.00000000000000000e+00
 4.89375000000000000e+02 4.90000000000000000e+02 0.00000000000000000e+00 0.00000000000000000e+00
 4.90000000000000000e+02 4.90625000000000000e+02 0.00000000000000000e+00 0.00000000000000000e+00
 4.90625000000000000e+02 4.91250000000000000e+02 0.00000000000000000e+00 0.00000000000000000e+00
 4.91250000000000000e+02 4.91875000000000000e+02 0.00000000000000000e+00 0.00000000000000000e+00
 4.91875000000000000e+02 4.92500000000000000e+02 0.00000000000000000e+00 0.00000000000000000e+00
 4.92500000000000000e+02 4.93125000000000000e+02 0.00000000000000000e+00 0.00000000000000000e+00
 4.93125000000000000e+02 4.93750000000000000e+02 0.00000000000000000e+00 0.00000000000000000e+00
 4.93750000000000000e+02 4.94375000000000000e+02 0.00000000000000000e+00 0.00000000000000000e+00
 4.94375000000000000e+02 4.95000000000000000e+02 0.00000000000000000e+00 0.00000000000000000e+00
 4.95000000000000000e+02 4.95625000000000000e+02 0.00000000000000000e+00 0.00000000000000000e+00
 4.95625000000000000e+02 4.96250000000000000e+02 0.00000000000000000e+00 0.00000000000000000e+00
 4.96250000000000000e+02 4.96875000000000000e+02 0.00000000000000000e+00 0.00000000000000000e+00
 4.96875000000000000e+02 4.97500000000000000e+02 0.00000000000000000e+00 0.00000000000000000e+00
 4.97500000000000000e+02 4.98125000000000000e+02 0.00000000000000000e+00 0.00000000000000000e+00
 4.98125000000000000e+02 4.98750000000000000e+02 0.00000000000000000e+00 0.00000000000000000e+00
 4.98750000000000000e+02 4.99375000000000000e+02 0.00000000000000000e+00 0.00000000000000000e+00
 4.99375000000000000e+02 5.00000000000000000e+02 0.00000000000000000e+00 0.00000000000000000e+00
 5.00000000000000000e+02 5.00625000000000000e+02 0.00000000000000000e+00 0.00000000000000000e+00
 5.00625000000000000e+02 5.01250000000000000e+02 0.00000000000000000e+00 0.00000000000000000e+00
 5.01250000000000000e+02 5.01875000000000000e+02 0.00000000000000000e+00 0.00000000000000000e+00
 5.01875000000000000e+02 5.02500000000000000e+02 0.00000000000000000e+00 0.00000000000000000e+00
 5.02500000000000000e+02 5.03125000000000000e+02 0.00000000000000000e+00 0.00000000000000000e+00
 5.03125000000000000e+02 5.03750000000000000e+02 0.00000000000000000e+00 0.00000000000000000e+00
 5.03750000000000000e+02 5.04375000000000000e+02 0.00000000000000000e+00 0.00000000000000000e+00
 5.04375000000000000e+02 5.05000000000000000e+02 0.00000000000000000e+00 0.00000000000000000e+00
 5.05000000000000000e+02 5.05625000000000000e+02 0.00000000000000000e+00 0.00000000000000000e+00
 5.05625000000000000e+02 5.06250000000000000e+02 0.00000000000000000e+00 0.00000000000000000e+00
 5.06250000000000000e+02 5.06875000000000000e+02 0.00000000000000000e+00 0.00000000000000000e+00
 5.06875000000000000e+02 5.07500000000000000e+02 0.00000000000000000e+00 0.00000000000000000e+00
 5.07500000000000000e+02 5.08125000000000000e+02 0.00000000000000000e+00 0.00000000000000000e+00
 5.08125000000000000e+02 5.08750000000000000e+02 0.00000000000000000e+00 0.00000000000000000e+00
 5.08750000000000000e+02 5.09375000000000000e+02 0.00000000000000000e+00 0.00000000000000000e+00
 5.09375000000000000e+02 5.10000000000000000e+02 0.00000000000000000e+00 0.00000000000000000e+00
 5.10000000000000000e+02 5.10625000000000000e+02 0.00000000000000000e+00 0.00000000000000000e+00
 5.10625000000000000e+02 5.11250000000000000e+02 0.00000000000000000e+00 0.00000000000000000e+00
 5.11250000000000000e+02 5.11875000000000000e+02 0.00000000000000000e+00 0.00000000000000000e+00
 5.11875000000000000e+02 5.12500000000000000e+02 0.00000000000000000e+00 0.00000000000000000e+00
 5.12500000000000000e+02 5.13125000000000000e+02 0.00000000000000000e+00 0.00000000000000000e+00
 5.13125000000000000e+02 5.13750000000000000e+02 0.00000000000000000e+00 0.00000000000000000e+00
 5.13750000000000000e+02 5.14375000000000000e+02 0.00000000000000000e+00 0.00000000000000000e+00
 5.14375000000000000e+02 5.15000000000000000e+02 0.00000000000000000e+00 0.00000000000000000e+00

Histogram:lpz+
 0.00000000000000000e+00 5.50000000000000044e-01 1.40078989823391080e-03 6.89539128962469965e-07
 5.50000000000000044e-01 1.10000000000000009e+00 1.39961661528816938e-03 6.79891212427464320e-07
 1.10000000000000009e+00 1.64999999999999991e+00 1.40026039606476428e-03 6.72934182238972936e-07
 1.64999999999999991e+00 2.20000000000000018e+00 1.39967063597180451e-03 6.62995299624592290e-07
 2.20000000000000018e+00 2.75000000000000000e+00 1.39944566820456983e-03 7.30468920014329100e-07
 2.75000000000000000e+00 3.29999999999999982e+00 1.40070529315884499e-03 6.82348229279125785e-07
 3.29999999999999982e+00 3.85000000000000009e+00 1.40004861787217799e-03 6.82281877363631163e-07
 3.85000000000000009e+00 4.40000000000000036e+00 1.39957782832581174e-03 6.82446518523712525e-07
 4.40000000000000036e+00 4.95000000000000018e+00 1.39901730161289743e-03 6.70354585219045552e-07
 4.95000000000000018e+00 5.50000000000000000e+00 1.40011371448777529e-03 6.69213369372957064e-07
 5.50000000000000000e+00 6.04999999999999982e+00 1.40018013668208167e-03 7.71151826232652078e-07
 6.04999999999999982e+00 6.59999999999999964e+00 1.39912473943728231e-03 6.70825549441047124e-07
 6.59999999999999964e+00 7.15000000000000036e+00 1.40010465070212467e-03 6.75600274795033253e-07
 7.15000000000000036e+00 7.70000000000000018e+00 1.39946007001615709e-03 6.76933086620630766e-07
 7.70000000000000018e+00 8.25000000000000000e+00 1.39900738289233401e-03 6.79766417322564100e-07
 8.25000000000000000e+00 8.80000000000000071e+00 1.39900711235622509e-03 6.74954329301597965e-07
 8.80000000000000071e+00 9.34999999999999964e+00 1.39916592445447365e-03 6.81017528848610413e-07
 9.34999999999999964e+00 9.90000000000000036e+00 1.39866582937160666e-03 6.98352201347573399e-07
 9.90000000000000036e+00 1.04499999999999993e+01 1.39790448262617877e-03 6.94425117613092956e-07
 1.04499999999999993e+01 1.10000000000000000e+01 1.39790374249364364e-03 6.71169614964483194e-07
 1.10000000000000000e+01 1.15500000000000007e+01 1.39734002825176915e-03 6.99183186419462264e-07
 1.15500000000000007e+01 1.20999999999999996e+01 1.39742553264751235e-03 6.72483115368864499e-07
 1.20999999999999996e+01 1.26500000000000004e+01 1.39774084764280140e-03 6.75174201704391139e-07
 1.26500000000000004e+01 1.31999999999999993e+01 1.39581383977768346e-03 6.76622337118555959e-07
 1.31999999999999993e+01 1.37500000000000000e+01 1.39664689015146022e-03 7.07405644462715181e-07
 1.37500000000000000e+01 1.43000000000000007e+01 1.39565329915008747e-03 6.67664515506363923e-07
 1.43000000000000007e+01 1.48499999999999996e+01 1.39649241578009052e-03 6.95875837493179740e-07
 1.48499999999999996e+01 1.54000000000000004e+01 1.39562282467769788e-03 6.82792021875729273e-07
 1.54000000000000004e+01 1.59499999999999993e+01 1.39564672653830105e-03 6.60341161927299879e-07
 1.59499999999999993e+01 1.65000000000000000e+01 1.39554869777401731e-03 8.03809960295469401e-07
 1.65000000000000000e+01 1.70500000000000007e+01 1.39567004035901963e-03 6.76892766719974772e-07
 1.70500000000000007e+01 1.76000000000000014e+01 1.39439507877264996e-03 6.59861482305844390e-07
 1.76000000000000014e+01 1.81499999999999986e+01 1.39380939422036184e-03 6.83481761976572990e-07
 1.81499999999999986e+01 1.86999999999999993e+01 1.39490996656689396e-03 6.89456905589057394e-07
 1.86999999999999993e+01 1.92500000000000000e+01 1.39418869396901787e-03 6.95294237200621228e-07
 1.92500000000000000e+01 1.98000000000000007e+01 1.39399180937310437e-03 6.84891921481277577e-07
 1.98000000000000007e+01 2.03500000000000014e+01 1.39260733538852503e-03 6.66999391580350386e-07
 2.03500000000000014e+01 2.08999999999999986e+01 1.39301726714152426e-03 6.64557196029975976e-07
 2.08999999999999986e+01 2.14499999999999993e+01 1.39167867708363236e-03 6.61739297229716592e-07
 2.14499999999999993e+01 2.20000000000000000e+01 1.39271013872023248e-03 7.12501606544880899e-07
 2.20000000000000000e+01 2.25500000000000007e+01 1.39129050623613038e-03 6.74834911657484433e-07
 2.25500000000000007e+01 2.31000000000000014e+01 1.39050211399776961e-03 6.64667246416784942e-07
 2.31000000000000014e+01 2.36499999999999986e+01 1.38959608156529412e-03 6.96099992612494888e-07
 2.36499999999999986e+01 2.41999999999999993e+01 1.38958400289562246e-03 6.61901135835028643e-07
 2.41999999999999993e+01 2.47500000000000000e+01 1.39005646072247252e-03 6.67888620133695261e-07
 2.47500000000000000e+01 2.53000000000000007e+01 1.38988722415052629e-03 6.81818848426093522e-07
 2.53000000000000007e+01 2.58500000000000014e+01 1.38890453609212105e-03 6.75588682223424594e-07
 2.58500000000000014e+01 2.63999999999999986e+01 1.38969733434144219e-03 6.97397483553380243e-07
 2.63999999999999986e+01 2.69499999999999993e+01 1.38897876122089764e-03 7.05115990185562065e-07
 2.69499999999999993e+01 2.75000000000000000e+01 1.38758078409745539e-03 7.21331111331250308e-07
 2.75000000000000000e+01 2.80500000000000007e+01 1.38742130903277529e-03 6.55903296063944882e-07
 2.80500000000000007e+01 2.86000000000000014e+01 1.38467912560952949e-03 1.79039788063058149e-06
 2.86000000000000014e+01 2.91499999999999986e+01 1.38612138118508321e-03 6.83389040001156986e-07
 2.91499999999999986e+01 2.96999999999999993e+01 1.38510072958206881e-03 6.75258315866163612e-07
 2.96999999999999993e+01 3.02500000000000000e+01 1.38616329172148349e-03 6.66617142711660597e-07
 3.02500000000000000e+01 3.08000000000000007e+01 1.38504329651726178e-03 7.67030630902704150e-07
 3.08000000000000007e+01 3.13500000000000014e+01 1.38379461589879815e-03 6.86971496026602542e-07
 3.13500000000000014e+01 3.18999999999999986e+01 1.38532157060358837e-03 7.29464369366684257e-07
 3.18999999999999986e+01 3.24500000000000028e+01 1.38322923944513639e-03 6.75790537329644611e-07
 3.24500000000000028e+01 3.30000000000000000e+01 1.38232541218565952e-03 6.54418186249312651e-07
 3.30000000000000000e+01 3.35499999999999972e+01 1.38124566526549538e-03 6.74611656627110691e-07
 3.35499999999999972e+01 3.41000000000000014e+01 1.38103118514565576e-03 6.94491889034892136e-07
 3.41000000000000014e+01 3.46499999999999986e+01 1.37972208587358266e-03 6.54316166952334615e-07
 3.46499999999999986e+01 3.52000000000000028e+01 1.37982823098776802e-03 6.92328256263202498e-07
 3.52000000000000028e+01 3.57500000000000000e+01 1.37792687111447420e-03 6.44259800529158835e-07
 3.57500000000000000e+01 3.62999999999999972e+01 1.37753812146396842e-03 6.69147742424592571e-07
 3.62999999999999972e+01 3.68500000000000014e+01 1.37877724121688618e-03 6.86783682692238234e-07
 3.68500000000000014e+01 3.73999999999999986e+01 1.37751829631848960e-03 8.47042642901295885e-07
 3.73999999999999986e+01 3.79500000000000028e+01 1.37561857187564677e-03 6.53128040119356164e-07
 3.79500000000000028e+01 3.85000000000000000e+01 1.37547726950120732e-03 6.76471576417580488e-07
 3.85000000000000000e+01 3.90499999999999972e+01 1.37451484277831683e-03 1.21441072205979026e-06
 3.90499999999999972e+01 3.96000000000000014e+01 1.37451755258379167e-03 6.89191285821790990e-07
 3.96000000000000014e+01 4.01499999999999986e+01 1.37367411643862488e-03 6.76726647327541935e-07
 4.01499999999999986e+01 4.07000000000000028e+01 1.37256157887416822e-03 6.80190198810009966e-07
 4.07000000000000028e+01 4.12500000000000000e+01 1.37127089962428323e-03 6.55418613377760892e-07
 4.12500000000000000e+01 4.17999999999999972e+01 1.37189746324316861e-03 7.87810410168582813e-07
 4.17999999999999972e+01 4.23500000000000014e+01 1.37072079427951778e-03 6.74100056073570343e-07
 4.23500000000000014e+01 4.28999999999999986e+01 1.36913971715746461e-03 6.51836239415724202e-07
 4.28999999999999986e+01 4.34500000000000028e+01 1.36851183464935505e-03 6.83819464683548500e-07
 4.34500000000000028e+01 4.40000000000000000e+01 1.36784507798526247e-03 6.68348157046977199e-07
 4.40000000000000000e+01 4.45499999999999972e+01 1.36709880368396071e-03 6.63265333624269099e-07
 4.45499999999999972e+01 4.51000000000000014e+01 1.36669671524504064e-03 6.47170030948219444e-07
 4.51000000000000014e+01 4.56499999999999986e+01 1.36518542721489789e-03 6.53167210135714698e-07
 4.56499999999999986e+01 4.62000000000000028e+01 1.36451316812579142e-03 6.66351471144593418e-07
 4.62000000000000028e+01 4.67500000000000000e+01 1.36472609761009831e-03 6.68315662671294236e-07
 4.67500000000000000e+01 4.72999999999999972e+01 1.36389299252746431e-03 6.79978791041893495e-07
 4.72999999999999972e+01 4.78500000000000014e+01 1.36297928988500234e-03 6.59931696156623716e-07
 4.78500000000000014e+01 4.83999999999999986e+01 1.36243616628862639e-03 7.02444725240559762e-07
 4.83999999999999986e+01 4.89500000000000028e+01 1.36186073069399631e-03 6.89712341286457670e-07
 4.89500000000000028e+01 4.95000000000000000e+01 1.36048009141086961e-03 6.59350314440219711e-07
 4.95000000000000000e+01 5.00499999999999972e+01 1.35960934951934978e-03 6.48447652866381052e-07
 5.00499999999999972e+01 5.06000000000000014e+01 1.35700841949551779e-03 6.48033805439437092e-07
 5.06000000000000014e+01 5.11499999999999986e+01 1.35707641836028806e-03 6.70155499155823772e-07
 5.11499999999999986e+01 5.17000000000000028e+01 1.35738623710368383e-03 6.75377682623699329e-07
 5.17000000000000028e+01 5.22500000000000000e+01 1.35572055691495180e-03 6.67972830921529191e-07
 5.22500000000000000e+01 5.27999999999999972e+01 1.35432983821788836e-03 6.64367689871140928e-07
 5.27999999999999972e+01 5.33500000000000014e+01 1.35354779362309614e-03 6.90581426647843480e-07
 5.33500000000000014e+01 5.38999999999999986e+01 1.35297117604587960e-03 6.56941864824183324e-07
 5.38999999999999986e+01 5.44500000000000028e+01 1.35176350655270383e-03 6.83056465525342557e-07
 5.44500000000000028e+01 5.50000000000000000e+01 1.35107694606257235e-03 7.06773703154634925e-07
 5.50000000000000000e+01 5.55499999999999972e+01 1.34899673705193303e-03 6.54836244647041096e-07
 5.55499999999999972e+01 5.61000000000000014e+01 1.34931964298882871e-03 6.70811111772352027e-07
 5.61000000000000014e+01 5.66499999999999986e+01 1.34765528276601775e-03 6.46050255825527856e-07
 5.66499999999999986e+01 5.72000000000000028e+01 1.34773512160844280e-03 7.07054444911296062e-07
 5.72000000000000028e+01 5.77500000000000000e+01 1.34592169031960652e-03 6.70760193147406938e-07
 5.77500000000000000e+01 5.82999999999999972e+01 1.34338678499037914e-03 6.67418591541295400e-07
 5.82999999999999972e+01 5.88500000000000014e+01 1.34466103044588651e-03 6.89547178994530564e-07
 5.88500000000000014e+01 5.93999999999999986e+01 1.34411465206905672e-03 6.77678919088204784e-07
 5.93999999999999986e+01 5.99500000000000028e+01 1.34234013296076959e-03 7.15258234715054375e-07
 5.99500000000000028e+01 6.05000000000000000e+01 1.34071133879858475e-03 6.77850899991172733e-07
 6.05000000000000000e+01 6.10499999999999972e+01 1.34034814158337707e-03 6.73836623403883821e-07
 6.10499999999999972e+01 6.16000000000000014e+01 1.33801769771891795e-03 6.41884476825835801e-07
 6.16000000000000014e+01 6.21499999999999986e+01 1.33816928021633836e-03 6.90203504617405258e-07
 6.21499999999999986e+01 6.27000000000000028e+01 1.33758409876972174e-03 6.67943577748882147e-07
 6.27000000000000028e+01 6.32500000000000000e+01 1.33536264808981672e-03 6.75985727124676333e-07
 6.32500000000000000e+01 6.37999999999999972e+01 1.33327368210846330e-03 6.55078916422964366e-07
 6.37999999999999972e+01 6.43499999999999943e+01 1.33293446392408668e-03 6.82563783327702387e-07
 6.43499999999999943e+01 6.49000000000000057e+01 1.33142799801003794e-03 6.79273556794977058e-07
 6.49000000000000057e+01 6.54500000000000028e+01 1.33006077727051693e-03 6.60093698032776732e-07
 6.54500000000000028e+01 6.60000000000000000e+01 1.33068270102252857e-03 7.04076672150181417e-07
 6.60000000000000000e+01 6.65499999999999972e+01 1.32832481432213802e-03 6.76633690153523064e-07
 6.65499999999999972e+01 6.70999999999999943e+01 1.32746939584280684e-03 7.74943158394599348e-07
 6.70999999999999943e+01 6.76500000000000057e+01 1.32672411069398397e-03 6.52385212474079288e-07
 6.76500000000000057e+01 6.82000000000000028e+01 1.32425993598536901e-03 6.62806647998393080e-07
 6.82000000000000028e+01 6.87500000000000000e+01 1.32365504537807063e-03 6.61921313646185116e-07
 6.87500000000000000e+01 6.92999999999999972e+01 1.32140768361841549e-03 6.52412696191396083e-07
 6.92999999999999972e+01 6.98499999999999943e+01 1.32028746821448960e-03 6.49976680568197776e-07
 6.98499999999999943e+01 7.04000000000000057e+01 1.31828062328645632e-03 6.50915249192180373e-07
 7.04000000000000057e+01 7.09500000000000028e+01 1.31887305069776817e-03 6.88127148577637969e-07
 7.09500000000000028e+01 7.15000000000000000e+01 1.31706827046127405e-03 7.08354600596330489e-07
 7.15000000000000000e+01 7.20499999999999972e+01 1.31633594701990333e-03 6.66167873776540539e-07
 7.20499999999999972e+01 7.25999999999999943e+01 1.31567450973064438e-03 6.56028859902809030e-07
 7.25999999999999943e+01 7.31500000000000057e+01 1.31264715124224216e-03 6.63158712601098734e-07
 7.31500000000000057e+01 7.37000000000000028e+01 1.31194521451152217e-03 6.60109885413096810e-07
 7.37000000000000028e+01 7.42500000000000000e+01 1.31243338435424895e-03 1.46414732179229970e-06
 7.42500000000000000e+01 7.47999999999999972e+01 1.30911825837296122e-03 6.54801940205017664e-07
 7.47999999999999972e+01 7.53499999999999943e+01 1.30867336705780494e-03 6.72844850965545455e-07
 7.53499999999999943e+01 7.59000000000000057e+01 1.30808512320458332e-03 8.66270251110798737e-07
 7.59000000000000057e+01 7.64500000000000028e+01 1.30499321632790237e-03 6.69282607844351137e-07
 7.64500000000000028e+01 7.70000000000000000e+01 1.30451967859660975e-03 6.75271704293716270e-07
 7.70000000000000000e+01 7.75499999999999972e+01 1.30329332852666753e-03 7.04681107805807509e-07
 7.75499999999999972e+01 7.80999999999999943e+01 1.30145228162109041e-03 7.08983158071140716e-07
 7.80999999999999943e+01 7.86500000000000057e+01 1.30129629042234347e-03 6.57429815454312575e-07
 7.86500000000000057e+01 7.92000000000000028e+01 1.29889672008043420e-03 6.54515670841154780e-07
 7.92000000000000028e+01 7.97500000000000000e+01 1.29758690616445563e-03 6.54484058730290338e-07
 7.97500000000000000e+01 8.02999999999999972e+01 1.29518427628181644e-03 7.22288028724159315e-07
 8.02999999999999972e+01 8.08499999999999943e+01 1.29436157255392631e-03 6.65542894364680485e-07
 8.08499999999999943e+01 8.14000000000000057e+01 1.29374057101561851e-03 6.54252239691098411e-07
 8.14000000000000057e+01 8.19500000000000028e+01 1.29127195410046951e-03 6.50427480699212039e-07
 8.19500000000000028e+01 8.25000000000000000e+01 1.28938042816461934e-03 6.69411469484749430e-07
 8.25000000000000000e+01 8.30499999999999972e+01 1.28813567087465025e-03 6.53905490824937890e-07
 8.30499999999999972e+01 8.35999999999999943e+01 1.28612754049165878e-03 6.48249676176622662e-07
 8.35999999999999943e+01 8.41500000000000057e+01 1.28672451828149383e-03 6.63291371939871996e-07
 8.41500000000000057e+01 8.47000000000000028e+01 1.28385822667386189e-03 6.47158046602415958e-07
 8.47000000000000028e+01 8.52500000000000000e+01 1.28300264863280425e-03 6.56052243733118807e-07
 8.52500000000000000e+01 8.57999999999999972e+01 1.28144927080314753e-03 6.81085801305040368e-07
 8.57999999999999972e+01 8.63499999999999943e+01 1.28228786887066900e-03 1.37029938039290799e-06
 8.63499999999999943e+01 8.69000000000000057e+01 1.27791479788659144e-03 6.75277647093311092e-07
 8.69000000000000057e+01 8.74500000000000028e+01 1.27680881098875135e-03 6.56900264992829781e-07
 8.74500000000000028e+01 8.80000000000000000e+01 1.27492251549992958e-03 6.56789929504898553e-07
 8.80000000000000000e+01 8.85499999999999972e+01 1.27386679332545049e-03 6.56785029839024053e-07
 8.85499999999999972e+01 8.90999999999999943e+01 1.27265734997432248e-03 6.53340738046007259e-07
 8.90999999999999943e+01 8.96500000000000057e+01 1.27110314236832697e-03 6.51897940958847225e-07
 8.96500000000000057e+01 9.02000000000000028e+01 1.28526118233551387e-03 6.65442328856842048e-07
 9.02000000000000028e+01 9.07500000000000000e+01 1.31324298231589231e-03 7.42140912800807844e-07
 9.07500000000000000e+01 9.12999999999999972e+01 1.31117239103948355e-03 6.81544174409066198e-07
 9.12999999999999972e+01 9.18499999999999943e+01 1.30961303165311052e-03 7.05333941269863882e-07
 9.18499999999999943e+01 9.24000000000000057e+01 1.30768316755858790e-03 7.31576535504571301e-07
 9.24000000000000057e+01 9.29500000000000028e+01 1.30485991400481542e-03 6.62253563677426562e-07
 9.29500000000000028e+01 9.35000000000000000e+01 1.30303907154122041e-03 6.84172855726588301e-07
 9.35000000000000000e+01 9.40499999999999972e+01 1.30092085188749903e-03 6.63144641098423423e-07
 9.40499999999999972e+01 9.45999999999999943e+01 1.29948652704624528e-03 6.97195599956956429e-07
 9.45999999999999943e+01 9.51500000000000057e+01 1.29583061468263963e-03 6.76594834322240461e-07
 9.51500000000000057e+01 9.57000000000000028e+01 1.29398998526222353e-03 6.76603759662532218e-07
 9.57000000000000028e+01 9.62500000000000000e+01 1.29232720838766803e-03 6.69010231853740837e-07
 9.62500000000000000e+01 9.67999999999999972e+01 1.28974196091904427e-03 6.72845574430756890e-07
 9.67999999999999972e+01 9.73499999999999943e+01 1.28784780702331661e-03 7.18024167519173117e-07
 9.73499999999999943e+01 9.79000000000000057e+01 1.28507771235983012e-03 6.75878085373396028e-07
 9.79000000000000057e+01 9.84500000000000028e+01 1.28356103931715751e-03 6.68804616961810222e-07
 9.84500000000000028e+01 9.90000000000000000e+01 1.28076306639986139e-03 6.67044084676708559e-07
 9.90000000000000000e+01 9.95499999999999972e+01 1.27905035819956972e-03 6.83841343745617549e-07
 9.95499999999999972e+01 1.00099999999999994e+02 1.27690640113025658e-03 6.78329513538084714e-07
 1.00099999999999994e+02 1.00650000000000006e+02 1.27418384829463475e-03 6.64131268490331014e-07
 1.00650000000000006e+02 1.01200000000000003e+02 1.27169518270702463e-03 6.68634829999565231e-07
 1.01200000000000003e+02 1.01750000000000000e+02 1.26978639884944801e-03 6.76122261120154527e-07
 1.01750000000000000e+02 1.02299999999999997e+02 1.26759039211875074e-03 6.83697311521210396e-07
 1.02299999999999997e+02 1.02849999999999994e+02 1.26531858836793757e-03 6.88233792666587408e-07
 1.02849999999999994e+02 1.03400000000000006e+02 1.26253135806050172e-03 6.57356258712777044e-07
 1.03400000000000006e+02 1.03950000000000003e+02 1.26087651190574823e-03 6.73234722830701017e-07
 1.03950000000000003e+02 1.04500000000000000e+02 1.25802763411727377e-03 6.72854322374099673e-07
 1.04500000000000000e+02 1.05049999999999997e+02 1.25591224822411756e-03 6.70178901796819954e-07
 1.05049999999999997e+02 1.05599999999999994e+02 1.25361426471297323e-03 6.58626449536632693e-07
 1.05599999999999994e+02 1.06150000000000006e+02 1.25110020921215931e-03 7.39305644834300978e-07
 1.06150000000000006e+02 1.06700000000000003e+02 1.24946746463645863e-03 6.98956642281397635e-07
 1.06700000000000003e+02 1.07250000000000000e+02 1.24654592931699028e-03 6.84987875186470137e-07
 1.07250000000000000e+02 1.07799999999999997e+02 1.24353728164564308e-03 6.68854314141517754e-07
 1.07799999999999997e+02 1.08349999999999994e+02 1.24252035364514897e-03 6.92401923567363758e-07
 1.08349999999999994e+02 1.08900000000000006e+02 1.23821747579292763e-03 6.84501386835338513e-07
 1.08900000000000006e+02 1.09450000000000003e+02 1.23641641333546411e-03 6.66637954911755829e-07
 1.09450000000000003e+02 1.10000000000000000e+02 1.23348798819529482e-03 6.41348501958511772e-07
 1.10000000000000000e+02 1.10549999999999997e+02 1.23148778930892559e-03 6.52970567025294517e-07
 1.10549999999999997e+02 1.11099999999999994e+02 1.22942873154456090e-03 6.91714270378867007e-07
 1.11099999999999994e+02 1.11650000000000006e+02 1.22603576329168950e-03 6.67108920195165281e-07
 1.11650000000000006e+02 1.12200000000000003e+02 1.22458923599541125e-03 1.01465233266513187e-06
 1.12200000000000003e+02 1.12750000000000000e+02 1.22097822615102993e-03 6.63414767537718396e-07
 1.12750000000000000e+02 1.13299999999999997e+02 1.21825967674471232e-03 6.79542880581442088e-07
 1.13299999999999997e+02 1.13849999999999994e+02 1.21567342035097713e-03 6.46925028942768158e-07
 1.13849999999999994e+02 1.14400000000000006e+02 1.21375431495792351e-03 6.85961426523775549e-07
 1.14400000000000006e+02 1.14950000000000003e+02 1.21141791911627225e-03 6.90639792076081805e-07
 1.14950000000000003e+02 1.15500000000000000e+02 1.20821370371036719e-03 7.31363831956721682e-07
 1.15500000000000000e+02 1.16049999999999997e+02 1.20682874969515607e-03 6.64143311826579547e-07
 1.16049999999999997e+02 1.16599999999999994e+02 1.20321022225824319e-03 6.55680417050048989e-07
 1.16599999999999994e+02 1.17150000000000006e+02 1.20104874837302688e-03 6.61484648656542057e-07
 1.17150000000000006e+02 1.17700000000000003e+02 1.19761962045032201e-03 6.68302160285513759e-07
 1.17700000000000003e+02 1.18250000000000000e+02 1.19623139390112663e-03 6.71623062895439363e-07
 1.18250000000000000e+02 1.18799999999999997e+02 1.19380749034557650e-03 6.64902250322322176e-07
 1.18799999999999997e+02 1.19349999999999994e+02 1.19168926940531740e-03 6.97967113254790639e-07
 1.19349999999999994e+02 1.19900000000000006e+02 1.18873118000203102e-03 6.88793650004562776e-07
 1.19900000000000006e+02 1.20450000000000003e+02 1.18560324160321348e-03 6.77052608893494586e-07
 1.20450000000000003e+02 1.21000000000000000e+02 1.18152173652274497e-03 6.41644179150453578e-07
 1.21000000000000000e+02 1.21549999999999997e+02 1.18134089050595296e-03 6.84318487864818939e-07
 1.21549999999999997e+02 1.22099999999999994e+02 1.17728228392350253e-03 6.69734867738448593e-07
 1.22099999999999994e+02 1.22650000000000006e+02 1.17391415143193044e-03 6.67849144163387633e-07
 1.22650000000000006e+02 1.23200000000000003e+02 1.17286138889127517e-03 6.79992260011832556e-07
 1.23200000000000003e+02 1.23750000000000000e+02 1.16950746470517600e-03 6.48300774738348195e-07
 1.23750000000000000e+02 1.24299999999999997e+02 1.16634618331516553e-03 6.49632768858492095e-07
 1.24299999999999997e+02 1.24849999999999994e+02 1.16439364381230414e-03 6.91452390310952414e-07
 1.24849999999999994e+02 1.25400000000000006e+02 1.16103454385498212e-03 6.73385844789233095e-07
 1.25400000000000006e+02 1.25950000000000003e+02 1.15825628079578320e-03 6.52474311949955378e-07
 1.25950000000000003e+02 1.26500000000000000e+02 1.15601875498300339e-03 6.42426392894380081e-07
 1.26500000000000000e+02 1.27049999999999997e+02 1.15151816112222106e-03 6.45702121306168088e-07
 1.27049999999999997e+02 1.27599999999999994e+02 1.14954337829885735e-03 6.38609733520621876e-07
 1.27599999999999994e+02 1.28150000000000006e+02 1.14763490299108514e-03 7.24572163114108408e-07
 1.28150000000000006e+02 1.28699999999999989e+02 1.14318400519907814e-03 6.46870708427196457e-07
 1.28699999999999989e+02 1.29250000000000000e+02 1.14192994166590896e-03 6.71540834600892212e-07
 1.29250000000000000e+02 1.29800000000000011e+02 1.13742353087267658e-03 6.36273541524159763e-07
 1.29800000000000011e+02 1.30349999999999994e+02 1.13588792805114974e-03 6.60298230386568038e-07
 1.30349999999999994e+02 1.30900000000000006e+02 1.13324770164088535e-03 6.71331350751384442e-07
 1.30900000000000006e+02 1.31449999999999989e+02 1.13092883808333603e-03 6.49490813858695756e-07
 1.31449999999999989e+02 1.32000000000000000e+02 1.12726413540299394e-03 6.41265397079869757e-07
 1.32000000000000000e+02 1.32550000000000011e+02 1.12523507839896401e-03 6.66503190457241537e-07
 1.32550000000000011e+02 1.33099999999999994e+02 1.12091765845594659e-03 6.42962817248349884e-07
 1.33099999999999994e+02 1.33650000000000006e+02 1.11922341388902302e-03 6.73216503375972735e-07
 1.33650000000000006e+02 1.34199999999999989e+02 1.11613311095850503e-03 7.84980461287765742e-07
 1.34199999999999989e+02 1.34750000000000000e+02 1.11236249381647294e-03 6.41666563145537811e-07
 1.34750000000000000e+02 1.35300000000000011e+02 1.10964094935038244e-03 6.60754485461679809e-07
 1.35300000000000011e+02 1.35849999999999994e+02 1.10675091493742496e-03 6.68003115864861690e-07
 1.35849999999999994e+02 1.36400000000000006e+02 1.10350845563417796e-03 6.46483007390582620e-07
 1.36400000000000006e+02 1.36949999999999989e+02 1.10058746202354170e-03 6.61882816388216898e-07
 1.36949999999999989e+02 1.37500000000000000e+02 1.09887659849489594e-03 6.72828958050838126e-07
 1.37500000000000000e+02 1.38050000000000011e+02 1.09377768269408007e-03 6.44312373780804403e-07
 1.38050000000000011e+02 1.38599999999999994e+02 1.09108172414745818e-03 6.38459605327709117e-07
 1.38599999999999994e+02 1.39150000000000006e+02 1.08925655786638463e-03 6.46752994725483877e-07
 1.39150000000000006e+02 1.39699999999999989e+02 1.08619082886369654e-03 7.07119419606750034e-07
 1.39699999999999989e+02 1.40250000000000000e+02 1.08231541490852044e-03 6.82860586275156346e-07
 1.40250000000000000e+02 1.40800000000000011e+02 1.07930313214473481e-03 6.36049757199573668e-07
 1.40800000000000011e+02 1.41349999999999994e+02 1.07538359885861489e-03 6.41123700004754596e-07
 1.41349999999999994e+02 1.41900000000000006e+02 1.07291352109902395e-03 6.33295521831542294e-07
 1.41900000000000006e+02 1.42449999999999989e+02 1.07016022775100134e-03 6.52739929609090183e-07
 1.42449999999999989e+02 1.43000000000000000e+02 1.06790079091683928e-03 6.38112267667388594e-07
 1.43000000000000000e+02 1.43550000000000011e+02 1.06393425015361581e-03 6.23030011531622893e-07
 1.43550000000000011e+02 1.44099999999999994e+02 1.06096800497950988e-03 6.16284997815752370e-07
 1.44099999999999994e+02 1.44650000000000006e+02 1.05783755557756513e-03 6.45441264210478867e-07
 1.44650000000000006e+02 1.45199999999999989e+02 1.05517794081035760e-03 6.67243085351305067e-07
 1.45199999999999989e+02 1.45750000000000000e+02 1.05108557325792940e-03 6.39794227143855756e-07
 1.45750000000000000e+02 1.46300000000000011e+02 1.04964132571897981e-03 6.49113115861675385e-07
 1.46300000000000011e+02 1.46849999999999994e+02 1.04607044424302655e-03 6.38770567779816529e-07
 1.46849999999999994e+02 1.47400000000000006e+02 1.04206721709656234e-03 6.39920976889461220e-07
 1.47400000000000006e+02 1.47949999999999989e+02 1.03975826543392462e-03 6.73153666769374240e-07
 1.47949999999999989e+02 1.48500000000000000e+02 1.03607180080532045e-03 6.46344864782813733e-07
 1.48500000000000000e+02 1.49050000000000011e+02 1.03286363772157842e-03 6.38521557181735961e-07
 1.49050000000000011e+02 1.49599999999999994e+02 1.03081367947636037e-03 6.27275604819055480e-07
 1.49599999999999994e+02 1.50150000000000006e+02 1.02673622236053134e-03 6.21360645500460586e-07
 1.50150000000000006e+02 1.50699999999999989e+02 1.02383473743152442e-03 6.27984906243424720e-07
 1.50699999999999989e+02 1.51250000000000000e+02 1.01944604056878273e-03 6.20585719407384422e-07
 1.51250000000000000e+02 1.51800000000000011e+02 1.01792238397637857e-03 8.56412423844600194e-07
 1.51800000000000011e+02 1.52349999999999994e+02 1.01289567518995211e-03 6.10459132851178859e-07
 1.52349999999999994e+02 1.52900000000000006e+02 1.01039987993301419e-03 6.27618607540980230e-07
 1.52900000000000006e+02 1.53449999999999989e+02 1.00676830227891577e-03 6.22181065541584584e-07
 1.53449999999999989e+02 1.54000000000000000e+02 1.00366532934588991e-03 6.23326938625178627e-07
 1.54000000000000000e+02 1.54550000000000011e+02 9.99834312784727165e-04 6.11108653785619043e-07
 1.54550000000000011e+02 1.55099999999999994e+02 9.97186911500744840e-04 6.17362582169584056e-07
 1.55099999999999994e+02 1.55650000000000006e+02 9.94639673760193323e-04 7.56846944318373357e-07
 1.55650000000000006e+02 1.56199999999999989e+02 9.90109528955570185e-04 6.09495917380730044e-07
 1.56199999999999989e+02 1.56750000000000000e+02 9.87381016971862133e-04 1.01333878616026412e-06
 1.56750000000000000e+02 1.57300000000000011e+02 9.83481727304963893e-04 6.08164781833158011e-07
 1.57300000000000011e+02 1.57849999999999994e+02 9.82740555362641467e-04 6.89369422392327297e-07
 1.57849999999999994e+02 1.58400000000000006e+02 9.76325478960541910e-04 6.17298499714339052e-07
 1.58400000000000006e+02 1.58949999999999989e+02 9.73226302810499761e-04 6.14935321313635806e-07
 1.58949999999999989e+02 1.59500000000000000e+02 9.71264199408002592e-04 6.09666903605928163e-07
 1.59500000000000000e+02 1.60050000000000011e+02 9.66783284103848442e-04 6.12846721081362017e-07
 1.60050000000000011e+02 1.60599999999999994e+02 9.64211379068013498e-04 6.48417190389200207e-07
 1.60599999999999994e+02 1.61150000000000006e+02 9.61349760060155561e-04 6.17718046191855776e-07
 1.61150000000000006e+02 1.61699999999999989e+02 9.57818715830044474e-04 6.18192953530337410e-07
 1.61699999999999989e+02 1.62250000000000000e+02 9.53725542611971841e-04 6.26179060679097645e-07
 1.62250000000000000e+02 1.62800000000000011e+02 9.50691658928606376e-04 6.23807671150004394e-07
 1.62800000000000011e+02 1.63349999999999994e+02 9.48481968291260366e-04 6.22990213673370944e-07
 1.63349999999999994e+02 1.63900000000000006e+02 9.43636254975519949e-04 6.06166613919326392e-07
 1.63900000000000006e+02 1.64449999999999989e+02 9.39388225063494953e-04 6.21284425273187422e-07
 1.64449999999999989e+02 1.65000000000000000e+02 9.36691241301072243e-04 6.11818955952549697e-07
 1.65000000000000000e+02 1.65550000000000011e+02 9.32918516248648893e-04 6.21870718394261868e-07
 1.65550000000000011e+02 1.66099999999999994e+02 9.29767261435603815e-04 5.88473710144939500e-07
 1.66099999999999994e+02 1.66650000000000006e+02 9.27388583512390335e-04 6.09874950248151594e-07
 1.66650000000000006e+02 1.67199999999999989e+02 9.22213612279609895e-04 6.10444613089168069e-07
 1.67199999999999989e+02 1.67750000000000000e+02 9.19091008362587776e-04 5.89435065211124188e-07
 1.67750000000000000e+02 1.68300000000000011e+02 9.16190443016922946e-04 6.00340102666738901e-07
 1.68300000000000011e+02 1.68849999999999994e+02 9.11384630540499805e-04 6.13318500443533980e-07
 1.68849999999999994e+02 1.69400000000000006e+02 9.08370294164778723e-04 5.95920178266623012e-07
 1.69400000000000006e+02 1.69949999999999989e+02 9.05514975489440585e-04 5.89366173005985059e-07
 1.69949999999999989e+02 1.70500000000000000e+02 9.01279659640060837e-04 6.30244086519259635e-07
 1.70500000000000000e+02 1.71050000000000011e+02 8.98962370898129487e-04 5.96918681966699705e-07
 1.71050000000000011e+02 1.71599999999999994e+02 8.94944839119607731e-04 6.02441392200917546e-07
 1.71599999999999994e+02 1.72150000000000006e+02 8.90917835469367267e-04 6.28048611650976166e-07
 1.72150000000000006e+02 1.72699999999999989e+02 8.87911303989378500e-04 6.36867265557054649e-07
 1.72699999999999989e+02 1.73250000000000000e+02 8.83967110334776731e-04 5.92921408247229346e-07
 1.73250000000000000e+02 1.73800000000000011e+02 8.80125903971100388e-04 5.77157747556253413e-07
 1.73800000000000011e+02 1.74349999999999994e+02 8.77987482528520065e-04 6.15859649243021966e-07
 1.74349999999999994e+02 1.74900000000000006e+02 8.71672979638609584e-04 5.75388767115035061e-07
 1.74900000000000006e+02 1.75449999999999989e+02 8.70708349868303043e-04 6.11204544961021281e-07
 1.75449999999999989e+02 1.76000000000000000e+02 8.65266866496147138e-04 6.01631509853281763e-07
 1.76000000000000000e+02 1.76550000000000011e+02 8.62987039355717425e-04 6.13111111221488603e-07
 1.76550000000000011e+02 1.77099999999999994e+02 8.59299866386988628e-04 6.16839430447009522e-07
 1.77099999999999994e+02 1.77650000000000006e+02 8.55199256485159997e-04 5.88641176419989680e-07
 1.77650000000000006e+02 1.78199999999999989e+02 8.50478709087962065e-04 5.97621432732711697e-07
 1.78199999999999989e+02 1.78750000000000000e+02 8.49223760360344644e-04 5.89021314173174104e-07
 1.78750000000000000e+02 1.79300000000000011e+02 8.43511725545085188e-04 6.12733239692909114e-07
 1.79300000000000011e+02 1.79849999999999994e+02 8.41274898471837114e-04 5.92183399912439608e-07
 1.79849999999999994e+02 1.80400000000000006e+02 8.36184493261381083e-04 5.76538283373570612e-07
 1.80400000000000006e+02 1.80949999999999989e+02 8.33108364775026204e-04 5.74451597910754000e-07
 1.80949999999999989e+02 1.81500000000000000e+02 8.29608620406008593e-04 5.75403236259489301e-07
 1.81500000000000000e+02 1.82050000000000011e+02 8.26611927933598224e-04 7.98992509452333413e-07
 1.82050000000000011e+02 1.82599999999999994e+02 8.22126382403375955e-04 6.09596308692939662e-07
 1.82599999999999994e+02 1.83150000000000006e+02 8.17786700177446980e-04 6.22751131960471478e-07
 1.83150000000000006e+02 1.83699999999999989e+02 8.14913573353018826e-04 5.99759786845895577e-07
 1.83699999999999989e+02 1.84250000000000000e+02 8.11138059835089559e-04 5.70710162589545954e-07
 1.84250000000000000e+02 1.84800000000000011e+02 8.07304313160019842e-04 5.98125256710771359e-07
 1.84800000000000011e+02 1.85349999999999994e+02 8.01807718662053671e-04 5.48491819144303171e-07
 1.85349999999999994e+02 1.85900000000000006e+02 7.98074110035162259e-04 5.73473595756878073e-07
 1.85900000000000006e+02 1.86449999999999989e+02 7.95946114051744136e-04 6.18138218644654749e-07
 1.86449999999999989e+02 1.87000000000000000e+02 7.91967728441327198e-04 6.63323464598603748e-07
 1.87000000000000000e+02 1.87550000000000011e+02 7.88112650031187073e-04 7.58385777269485316e-07
 1.87550000000000011e+02 1.88099999999999994e+02 7.83742671587189864e-04 5.84593115047054473e-07
 1.88099999999999994e+02 1.88650000000000006e+02 7.79312344938683189e-04 5.56338220815977986e-07
 1.88650000000000006e+02 1.89199999999999989e+02 7.76184206772651377e-04 5.59252429299489679e-07
 1.89199999999999989e+02 1.89750000000000000e+02 7.71514431693388664e-04 5.56700617195737578e-07
 1.89750000000000000e+02 1.90300000000000011e+02 7.68511977176521057e-04 5.95315803318214484e-07
 1.90300000000000011e+02 1.90849999999999994e+02 7.64298307091784463e-04 5.55520490360134287e-07
 1.90849999999999994e+02 1.91400000000000006e+02 7.60294102672789875e-04 5.49971557935168397e-07
 1.91400000000000006e+02 1.91949999999999989e+02 7.55054975028577853e-04 5.52426641966839797e-07
 1.91949999999999989e+02 1.92500000000000000e+02 7.53761380033606617e-04 5.83387681800639778e-07
 1.92500000000000000e+02 1.93050000000000011e+02 7.49423531693399199e-04 5.54910197019281021e-07
 1.93050000000000011e+02 1.93599999999999994e+02 7.45189217854661120e-04 5.54592546495248216e-07
 1.93599999999999994e+02 1.94150000000000006e+02 7.40615492421673122e-04 5.73597585422911827e-07
 1.94150000000000006e+02 1.94699999999999989e+02 7.36954405623526689e-04 5.91683175549908339e-07
 1.94699999999999989e+02 1.95250000000000000e+02 7.32786550694785699e-04 5.38458980777803645e-07
 1.95250000000000000e+02 1.95800000000000011e+02 7.28645504758251026e-04 5.60409912004246731e-07
 1.95800000000000011e+02 1.96349999999999994e+02 7.25028966485601577e-04 5.68603282904155357e-07
 1.96349999999999994e+02 1.96900000000000006e+02 7.20778460706512480e-04 6.13037101682265989e-07
 1.96900000000000006e+02 1.97449999999999989e+02 7.17417735794419350e-04 5.72270178571071769e-07
 1.97449999999999989e+02 1.98000000000000000e+02 7.13038171399370214e-04 5.29958188808635733e-07
 1.98000000000000000e+02 1.98550000000000011e+02 7.09065381431312250e-04 5.44652331670719157e-07
 1.98550000000000011e+02 1.99099999999999994e+02 7.04713899347930587e-04 5.60637465145257719e-07
 1.99099999999999994e+02 1.99650000000000006e+02 7.00611657865637255e-04 6.16161818412443010e-07
 1.99650000000000006e+02 2.00199999999999989e+02 6.96645358902296522e-04 5.46033468500130610e-07
 2.00199999999999989e+02 2.00750000000000000e+02 6.92389764155604856e-04 5.33625132074012645e-07
 2.00750000000000000e+02 2.01300000000000011e+02 6.88824309538474161e-04 5.46906804541132417e-07
 2.01300000000000011e+02 2.01849999999999994e+02 6.85134634323242590e-04 5.51684052073585255e-07
 2.01849999999999994e+02 2.02400000000000006e+02 6.80333365055758280e-04 5.36425511734661389e-07
 2.02400000000000006e+02 2.02949999999999989e+02 6.76296776998646363e-04 5.34723683024911324e-07
 2.02949999999999989e+02 2.03500000000000000e+02 6.72117448607468084e-04 5.23455014835503157e-07
 2.03500000000000000e+02 2.04050000000000011e+02 6.68276039449407482e-04 5.15830661122001805e-07
 2.04050000000000011e+02 2.04599999999999994e+02 6.65145484560342604e-04 5.27342614620636196e-07
 2.04599999999999994e+02 2.05150000000000006e+02 6.60830576988122374e-04 5.45609171065249526e-07
 2.05150000000000006e+02 2.05699999999999989e+02 6.55608504304520468e-04 5.09895941155387109e-07
 2.05699999999999989e+02 2.06250000000000000e+02 6.51054034326781520e-04 5.14286446982052070e-07
 2.06250000000000000e+02 2.06800000000000011e+02 6.48010889785116543e-04 5.35277035527290719e-07
 2.06800000000000011e+02 2.07349999999999994e+02 6.42541139414327576e-04 5.20423690039492794e-07
 2.07349999999999994e+02 2.07900000000000006e+02 6.39912576452594719e-04 5.42483009001588909e-07
 2.07900000000000006e+02 2.08449999999999989e+02 6.35788776023517885e-04 5.29281298368567523e-07
 2.08449999999999989e+02 2.09000000000000000e+02 6.30861162597801464e-04 5.03763618159175915e-07
 2.09000000000000000e+02 2.09550000000000011e+02 6.26746452955060903e-04 5.05351410657385012e-07
 2.09550000000000011e+02 2.10099999999999994e+02 6.22801432249643389e-04 5.48661094636877339e-07
 2.10099999999999994e+02 2.10650000000000006e+02 6.18018759153994568e-04 5.03697877181573654e-07
 2.10650000000000006e+02 2.11199999999999989e+02 6.13925362701890523e-04 5.01779475143041086e-07
 2.11199999999999989e+02 2.11750000000000000e+02 6.10083852985601944e-04 5.47627353076966358e-07
 2.11750000000000000e+02 2.12300000000000011e+02 6.05596650492614005e-04 5.09521859979029102e-07
 2.12300000000000011e+02 2.12849999999999994e+02 6.00374213492220195e-04 5.01579506485730703e-07
 2.12849999999999994e+02 2.13400000000000006e+02 5.97299389849687500e-04 4.96133176049822441e-07
 2.13400000000000006e+02 2.13949999999999989e+02 5.92833575139316239e-04 5.04731744401848597e-07
 2.13949999999999989e+02 2.14500000000000000e+02 5.88988867470938322e-04 4.85997524866499249e-07
 2.14500000000000000e+02 2.15050000000000011e+02 5.84174637198688258e-04 5.08909139440532541e-07
 2.15050000000000011e+02 2.15599999999999994e+02 5.79290031546216802e-04 4.88982392737196249e-07
 2.15599999999999994e+02 2.16150000000000006e+02 5.75212347186955259e-04 5.05036092853483195e-07
 2.16150000000000006e+02 2.16699999999999989e+02 5.71751994506299694e-04 5.34643921698005028e-07
 2.16699999999999989e+02 2.17250000000000000e+02 5.68063181683517025e-04 6.87350377443570152e-07
 2.17250000000000000e+02 2.17800000000000011e+02 5.62714295788049185e-04 4.84104679678974920e-07
 2.17800000000000011e+02 2.18349999999999994e+02 5.58827469240255940e-04 4.99689314861890589e-07
 2.18349999999999994e+02 2.18900000000000006e+02 5.53605759395728791e-04 5.17266880175700928e-07
 2.18900000000000006e+02 2.19449999999999989e+02 5.49736007659690695e-04 4.84128196317714278e-07
 2.19449999999999989e+02 2.20000000000000000e+02 5.45637064282949156e-04 4.85055896704667586e-07
 2.20000000000000000e+02 2.20550000000000011e+02 5.41138649031644545e-04 4.87380041082973446e-07
 2.20550000000000011e+02 2.21099999999999994e+02 5.36580444092666113e-04 4.67246989491916913e-07
 2.21099999999999994e+02 2.21650000000000006e+02 5.32944189366028756e-04 4.82971741733523073e-07
 2.21650000000000006e+02 2.22199999999999989e+02 5.27507571187143891e-04 5.46810012114936125e-07
 2.22199999999999989e+02 2.22750000000000000e+02 5.22887069076333937e-04 4.87543813060688956e-07
 2.22750000000000000e+02 2.23300000000000011e+02 5.19050510237032813e-04 5.01762565137949958e-07
 2.23300000000000011e+02 2.23849999999999994e+02 5.14741419181576586e-04 4.87268463526677283e-07
 2.23849999999999994e+02 2.24400000000000006e+02 5.11138801993955361e-04 5.38360353071602734e-07
 2.24400000000000006e+02 2.24949999999999989e+02 5.05235073741641303e-04 7.93346488174532157e-07
 2.24949999999999989e+02 2.25500000000000000e+02 5.02044816285637167e-04 4.77921012834051531e-07
 2.25500000000000000e+02 2.26050000000000011e+02 4.97111360634387646e-04 4.69737838370521025e-07
 2.26050000000000011e+02 2.26599999999999994e+02 4.93754694584179455e-04 4.65570922070267592e-07
 2.26599999999999994e+02 2.27150000000000006e+02 4.88503027078922378e-04 4.65707162210569513e-07
 2.27150000000000006e+02 2.27699999999999989e+02 4.85138167771887992e-04 5.50133681214469830e-07
 2.27699999999999989e+02 2.28250000000000000e+02 4.80044680926395130e-04 4.87477792092952131e-07
 2.28250000000000000e+02 2.28800000000000011e+02 4.75231253103993497e-04 4.72328422718424641e-07
 2.28800000000000011e+02 2.29349999999999994e+02 4.71566407297986765e-04 4.61333349800550043e-07
 2.29349999999999994e+02 2.29900000000000006e+02 4.67848462677637668e-04 4.60145087097480701e-07
 2.29900000000000006e+02 2.30449999999999989e+02 4.62360396475441709e-04 4.52404574785476333e-07
 2.30449999999999989e+02 2.31000000000000000e+02 4.57694077107350696e-04 4.56813842623811959e-07
 2.31000000000000000e+02 2.31550000000000011e+02 4.53697418720623634e-04 4.58234133619563154e-07
 2.31550000000000011e+02 2.32099999999999994e+02 4.48851392057835147e-04 4.53885955677734554e-07
 2.32099999999999994e+02 2.32650000000000006e+02 4.44063930855981889e-04 4.33849586897454877e-07
 2.32650000000000006e+02 2.33199999999999989e+02 4.40417760652142911e-04 4.79398358363565484e-07
 2.33199999999999989e+02 2.33750000000000000e+02 4.36289762770312702e-04 4.46879062807640754e-07
 2.33750000000000000e+02 2.34300000000000011e+02 4.33672102510038236e-04 1.23422762840614068e-06
 2.34300000000000011e+02 2.34849999999999994e+02 4.27598323064797090e-04 4.88575310602119279e-07
 2.34849999999999994e+02 2.35400000000000006e+02 4.22705133005217624e-04 4.34934885731339288e-07
 2.35400000000000006e+02 2.35949999999999989e+02 4.20068118340106923e-04 5.38950748407368008e-07
 2.35949999999999989e+02 2.36500000000000000e+02 4.13837033099945868e-04 4.64124641408562375e-07
 2.36500000000000000e+02 2.37050000000000011e+02 4.09553943198890356e-04 4.54918523310036071e-07
 2.37050000000000011e+02 2.37599999999999994e+02 4.04976465376484236e-04 4.49812067656979886e-07
 2.37599999999999994e+02 2.38150000000000006e+02 4.00668325764308181e-04 4.38848439705551649e-07
 2.38150000000000006e+02 2.38699999999999989e+02 3.96240714831237295e-04 4.18698319440927395e-07
 2.38699999999999989e+02 2.39250000000000000e+02 3.91008737946918993e-04 4.46030832592134771e-07
 2.39250000000000000e+02 2.39800000000000011e+02 3.87032587848279213e-04 4.15794996261033860e-07
 2.39800000000000011e+02 2.40349999999999994e+02 3.82402301147733218e-04 4.12903387520004964e-07
 2.40349999999999994e+02 2.40900000000000006e+02 3.78730412091202932e-04 4.34074739170483016e-07
 2.40900000000000006e+02 2.41449999999999989e+02 3.74354504136681701e-04 4.09765954249642404e-07
 2.41449999999999989e+02 2.42000000000000000e+02 3.69820628184287336e-04 4.24915862624535438e-07
 2.42000000000000000e+02 2.42550000000000011e+02 3.65529247115656893e-04 4.16336508576204505e-07
 2.42550000000000011e+02 2.43099999999999994e+02 3.60489236866668556e-04 4.08952815068093521e-07
 2.43099999999999994e+02 2.43650000000000006e+02 3.56768262679791693e-04 4.24221829109377669e-07
 2.43650000000000006e+02 2.44199999999999989e+02 3.51431049200823351e-04 4.08944223938973001e-07
 2.44199999999999989e+02 2.44750000000000000e+02 3.47460637865158164e-04 3.96309071470088884e-07
 2.44750000000000000e+02 2.45300000000000011e+02 3.43037211357357481e-04 4.23294675270621142e-07
 2.45300000000000011e+02 2.45849999999999994e+02 3.38583900321442663e-04 4.08483921971296279e-07
 2.45849999999999994e+02 2.46400000000000006e+02 3.34074588628286155e-04 3.94691605744261693e-07
 2.46400000000000006e+02 2.46949999999999989e+02 3.29237274672981970e-04 4.09451514913702742e-07
 2.46949999999999989e+02 2.47500000000000000e+02 3.24810708094197943e-04 3.81541642397173472e-07
 2.47500000000000000e+02 2.48050000000000011e+02 3.20458462879709416e-04 3.96430237744901972e-07
 2.48050000000000011e+02 2.48599999999999994e+02 3.16269093202899056e-04 3.98281270653851299e-07
 2.48599999999999994e+02 2.49150000000000006e+02 3.11746390345157571e-04 3.92011112255309850e-07
 2.49150000000000006e+02 2.49699999999999989e+02 3.07407661722448259e-04 3.92314084703994641e-07
 2.49699999999999989e+02 2.50250000000000000e+02 3.02799785235049210e-04 5.10242200753849246e-07
 2.50250000000000000e+02 2.50800000000000011e+02 2.98263519823673364e-04 4.09248915398930148e-07
 2.50800000000000011e+02 2.51349999999999994e+02 2.93188624429039236e-04 4.13102002916286066e-07
 2.51349999999999994e+02 2.51900000000000006e+02 2.88964439160382871e-04 3.99472777365439056e-07
 2.51900000000000006e+02 2.52449999999999989e+02 2.85259559404031670e-04 8.13758239076040762e-07
 2.52449999999999989e+02 2.53000000000000000e+02 2.80526533693093154e-04 4.04215396108842864e-07
 2.53000000000000000e+02 2.53550000000000011e+02 2.76204709320321989e-04 3.98080561812034339e-07
 2.53550000000000011e+02 2.54099999999999994e+02 2.70085255205035910e-04 3.63122691369102289e-07
 2.54099999999999994e+02 2.54650000000000006e+02 2.68039244675332864e-04 5.94272106228076436e-07
 2.54650000000000006e+02 2.55199999999999989e+02 2.62664135196101348e-04 3.68652846851196388e-07
 2.55199999999999989e+02 2.55750000000000000e+02 2.57992110532087029e-04 3.86455532761606683e-07
 2.55750000000000000e+02 2.56300000000000011e+02 2.54055196902564721e-04 3.88287154537416773e-07
 2.56300000000000011e+02 2.56850000000000023e+02 2.50056546250203347e-04 3.68576862281310105e-07
 2.56850000000000023e+02 2.57399999999999977e+02 2.45270109725814333e-04 3.60244031183334524e-07
 2.57399999999999977e+02 2.57949999999999989e+02 2.41419081245516757e-04 3.51321872281431845e-07
 2.57949999999999989e+02 2.58500000000000000e+02 2.37208476682327680e-04 4.16539452592627839e-07
 2.58500000000000000e+02 2.59050000000000011e+02 2.32986771125146019e-04 3.58244197841346009e-07
 2.59050000000000011e+02 2.59600000000000023e+02 2.28196700565605698e-04 3.42092582579899466e-07
 2.59600000000000023e+02 2.60149999999999977e+02 2.24757147679412064e-04 3.91411511368622503e-07
 2.60149999999999977e+02 2.60699999999999989e+02 2.20585589296699711e-04 3.56258502969050221e-07
 2.60699999999999989e+02 2.61250000000000000e+02 2.16793721218522576e-04 3.67495094078083434e-07
 2.61250000000000000e+02 2.61800000000000011e+02 2.12646102227865045e-04 3.37840318611605806e-07
 2.61800000000000011e+02 2.62350000000000023e+02 2.08865356708070389e-04 3.35437503523499117e-07
 2.62350000000000023e+02 2.62899999999999977e+02 2.04966493665016095e-04 3.47188305200481389e-07
 2.62899999999999977e+02 2.63449999999999989e+02 2.01308231224846539e-04 5.49140179095643698e-07
 2.63449999999999989e+02 2.64000000000000000e+02 1.97158115754575669e-04 3.51317756150033581e-07
 2.64000000000000000e+02 2.64550000000000011e+02 1.93693224577791250e-04 3.33496265796157944e-07
 2.64550000000000011e+02 2.65100000000000023e+02 1.89777968036788718e-04 3.30792445285580481e-07
 2.65100000000000023e+02 2.65649999999999977e+02 1.85864351018473776e-04 3.29925942750556570e-07
 2.65649999999999977e+02 2.66199999999999989e+02 1.82079945078837538e-04 3.15312796944427350e-07
 2.66199999999999989e+02 2.66750000000000000e+02 1.78299055733838099e-04 3.12572748341584050e-07
 2.66750000000000000e+02 2.67300000000000011e+02 1.74816780880876672e-04 3.49669180700688230e-07
 2.67300000000000011e+02 2.67850000000000023e+02 1.71168552970072399e-04 3.39791638802148367e-07
 2.67850000000000023e+02 2.68399999999999977e+02 1.67800693225690975e-04 3.18511650528745932e-07
 2.68399999999999977e+02 2.68949999999999989e+02 1.64541690340553665e-04 3.31442459409637926e-07
 2.68949999999999989e+02 2.69500000000000000e+02 1.61300081215843177e-04 3.40302224707378831e-07
 2.69500000000000000e+02 2.70050000000000011e+02 1.56939443835748220e-04 3.02529845305613633e-07
 2.70050000000000011e+02 2.70600000000000023e+02 1.54303596212821927e-04 3.29525362894270887e-07
 2.70600000000000023e+02 2.71149999999999977e+02 1.50029609247417147e-04 3.03666994346089529e-07
 2.71149999999999977e+02 2.71699999999999989e+02 1.46827092384200640e-04 2.98636348522866152e-07
 2.71699999999999989e+02 2.72250000000000000e+02 1.43863428460368626e-04 3.02485187459520153e-07
 2.72250000000000000e+02 2.72800000000000011e+02 1.40708152629595616e-04 3.16074387549873013e-07
 2.72800000000000011e+02 2.73350000000000023e+02 1.37618823977293320e-04 2.86176933475195731e-07
 2.73350000000000023e+02 2.73899999999999977e+02 1.34383302059146186e-04 3.10237544454545609e-07
 2.73899999999999977e+02 2.74449999999999989e+02 1.30869645252559700e-04 2.85511946770261731e-07
 2.74449999999999989e+02 2.75000000000000000e+02 1.28118622911226136e-04 3.54946051479080889e-07
 2.75000000000000000e+02 2.75550000000000011e+02 1.24965463045187202e-04 2.92549459334202943e-07
 2.75550000000000011e+02 2.76100000000000023e+02 1.21390084768011934e-04 2.68628392313917485e-07
 2.76100000000000023e+02 2.76649999999999977e+02 1.18787745374274129e-04 3.86439883075130298e-07
 2.76649999999999977e+02 2.77199999999999989e+02 1.15419752445426930e-04 2.73680025464238467e-07
 2.77199999999999989e+02 2.77750000000000000e+02 1.12746700837695787e-04 3.01226144319426335e-07
 2.77750000000000000e+02 2.78300000000000011e+02 1.10231186403530776e-04 2.73512685738359591e-07
 2.78300000000000011e+02 2.78850000000000023e+02 1.06710380358581924e-04 2.72942633624622030e-07
 2.78850000000000023e+02 2.79399999999999977e+02 1.04158564071523622e-04 2.91114252646855222e-07
 2.79399999999999977e+02 2.79949999999999989e+02 1.01275438515624185e-04 2.57961018849926626e-07
 2.79949999999999989e+02 2.80500000000000000e+02 9.84725383092504620e-05 2.59727087563442219e-07
 2.80500000000000000e+02 2.81050000000000011e+02 9.56623604076070854e-05 2.54411211687446499e-07
 2.81050000000000011e+02 2.81600000000000023e+02 9.31481637027276803e-05 2.56301687156001145e-07
 2.81600000000000023e+02 2.82149999999999977e+02 9.04213361834756911e-05 2.47255978608190965e-07
 2.82149999999999977e+02 2.82699999999999989e+02 8.74045447369440075e-05 2.39172606392405291e-07
 2.82699999999999989e+02 2.83250000000000000e+02 8.54972795718365587e-05 2.58139380292724933e-07
 2.83250000000000000e+02 2.83800000000000011e+02 8.22738366837214816e-05 2.48849555009674104e-07
 2.83800000000000011e+02 2.84350000000000023e+02 7.96838132226246733e-05 2.44141771714678365e-07
 2.84350000000000023e+02 2.84899999999999977e+02 7.72889159616655606e-05 2.62169989499353965e-07
 2.84899999999999977e+02 2.85449999999999989e+02 7.50504951758833782e-05 2.73760603135634858e-07
 2.85449999999999989e+02 2.86000000000000000e+02 7.24228967182896074e-05 2.30354052979447387e-07
 2.86000000000000000e+02 2.86550000000000011e+02 7.00733641771779207e-05 2.33571833364360432e-07
 2.86550000000000011e+02 2.87100000000000023e+02 6.76189335260097651e-05 2.48076900020021331e-07
 2.87100000000000023e+02 2.87649999999999977e+02 6.52644826208205361e-05 2.23912673481341010e-07
 2.87649999999999977e+02 2.88199999999999989e+02 6.28428548442588620e-05 2.26485845651604448e-07
 2.88199999999999989e+02 2.88750000000000000e+02 6.06038429448088121e-05 2.46610838257409797e-07
 2.88750000000000000e+02 2.89300000000000011e+02 5.82510196066555750e-05 2.27902445035910912e-07
 2.89300000000000011e+02 2.89850000000000023e+02 5.58241292187162253e-05 2.27467928332800131e-07
 2.89850000000000023e+02 2.90399999999999977e+02 5.36512525013678557e-05 2.21869331469309559e-07
 2.90399999999999977e+02 2.90949999999999989e+02 5.13633043719282988e-05 2.04969752632970002e-07
 2.90949999999999989e+02 2.91500000000000000e+02 4.94702026054958424e-05 2.78118941854692800e-07
 2.91500000000000000e+02 2.92050000000000011e+02 4.73361627981532833e-05 2.13208406238326593e-07
 2.92050000000000011e+02 2.92600000000000023e+02 4.51045677441573584e-05 2.07355683209379486e-07
 2.92600000000000023e+02 2.93149999999999977e+02 4.35512525673694271e-05 2.01869535212502965e-07
 2.93149999999999977e+02 2.93699999999999989e+02 4.07493088165866002e-05 1.88921873913838295e-07
 2.93699999999999989e+02 2.94250000000000000e+02 3.91548362510901017e-05 1.82537765194758852e-07
 2.94250000000000000e+02 2.94800000000000011e+02 3.72141061733201965e-05 1.89314186110775455e-07
 2.94800000000000011e+02 2.95350000000000023e+02 3.57021026861798968e-05 1.89737330100115277e-07
 2.95350000000000023e+02 2.95899999999999977e+02 3.34823148279778582e-05 1.84219585753712569e-07
 2.95899999999999977e+02 2.96449999999999989e+02 3.18815822167438123e-05 2.26570795382462000e-07
 2.96449999999999989e+02 2.97000000000000000e+02 2.99639027335733634e-05 1.89191502904304906e-07
 2.97000000000000000e+02 2.97550000000000011e+02 2.79778896285280745e-05 1.72839975994298486e-07
 2.97550000000000011e+02 2.98100000000000023e+02 2.63311029588485382e-05 1.66653785870739671e-07
 2.98100000000000023e+02 2.98649999999999977e+02 2.48250943664734302e-05 1.66338796841105668e-07
 2.98649999999999977e+02 2.99199999999999989e+02 2.29509380380946882e-05 1.58655995772399388e-07
 2.99199999999999989e+02 2.99750000000000000e+02 2.14053783981538304e-05 1.58636630376422634e-07
 2.99750000000000000e+02 3.00300000000000011e+02 1.99222605194386194e-05 1.44909315155819462e-07
 3.00300000000000011e+02 3.00850000000000023e+02 1.86733938749454855e-05 2.30966136556246400e-07
 3.00850000000000023e+02 3.01399999999999977e+02 1.74859794397790056e-05 1.93829488716005320e-07
 3.01399999999999977e+02 3.01949999999999989e+02 1.58985187532059180e-05 1.74658606080140781e-07
 3.01949999999999989e+02 3.02500000000000000e+02 1.43918179840499826e-05 1.38522912646847114e-07
 3.02500000000000000e+02 3.03050000000000011e+02 1.31024905581238034e-05 1.30362548284155694e-07
 3.03050000000000011e+02 3.03600000000000023e+02 1.18107116333179038e-05 1.25681173912080172e-07
 3.03600000000000023e+02 3.04149999999999977e+02 1.06805625566219348e-05 1.18929411557642832e-07
 3.04149999999999977e+02 3.04699999999999989e+02 9.67885096682443749e-06 1.38767429669727996e-07
 3.04699999999999989e+02 3.05250000000000000e+02 8.51527714570933844e-06 1.09148308213384273e-07
 3.05250000000000000e+02 3.05800000000000011e+02 7.68522580745282618e-06 1.35441893841512951e-07
 3.05800000000000011e+02 3.06350000000000023e+02 6.57878796387143774e-06 1.01645017079560776e-07
 3.06350000000000023e+02 3.06899999999999977e+02 5.54692089454877992e-06 8.62500024274549274e-08
 3.06899999999999977e+02 3.07449999999999989e+02 4.81717197637853670e-06 8.29429532039157757e-08
 3.07449999999999989e+02 3.08000000000000000e+02 4.21032879812289581e-06 9.15185115787839525e-08
 3.08000000000000000e+02 3.08550000000000011e+02 3.42298628454074488e-06 1.22871012834405889e-07
 3.08550000000000011e+02 3.09100000000000023e+02 2.78610281139019761e-06 6.67425637662085014e-08
 3.09100000000000023e+02 3.09649999999999977e+02 2.17887779849230375e-06 7.67895480875668116e-08
 3.09649999999999977e+02 3.10199999999999989e+02 1.62824406318094699e-06 5.58922155320331741e-08
 3.10199999999999989e+02 3.10750000000000000e+02 1.23249368705153616e-06 4.96802179244742300e-08
 3.10750000000000000e+02 3.11300000000000011e+02 8.09178272420119847e-07 4.05865594164391227e-08
 3.11300000000000011e+02 3.11850000000000023e+02 5.25755179347484837e-07 3.09121524833157767e-08
 3.11850000000000023e+02 3.12399999999999977e+02 2.61796437018517590e-07 2.67391307335733841e-08
 3.12399999999999977e+02 3.12949999999999989e+02 9.78279823107878449e-08 1.49536437906369690e-08
 3.12949999999999989e+02 3.13500000000000000e+02 3.26307612808713635e-08 7.10799319153208276e-09
 3.13500000000000000e+02 3.14050000000000011e+02 8.65514462161328701e-10 7.12923483211682737e-10
 3.14050000000000011e+02 3.14600000000000023e+02 0.00000000000000000e+00 0.00000000000000000e+00
 3.14600000000000023e+02 3.15149999999999977e+02 0.00000000000000000e+00 0.00000000000000000e+00
 3.15149999999999977e+02 3.15699999999999989e+02 0.00000000000000000e+00 0.00000000000000000e+00
 3.15699999999999989e+02 3.16250000000000000e+02 0.00000000000000000e+00 0.00000000000000000e+00
 3.16250000000000000e+02 3.16800000000000011e+02 0.00000000000000000e+00 0.00000000000000000e+00
 3.16800000000000011e+02 3.17350000000000023e+02 0.00000000000000000e+00 0.00000000000000000e+00
 3.17350000000000023e+02 3.17899999999999977e+02 0.00000000000000000e+00 0.00000000000000000e+00
 3.17899999999999977e+02 3.18449999999999989e+02 0.00000000000000000e+00 0.00000000000000000e+00
 3.18449999999999989e+02 3.19000000000000000e+02 0.00000000000000000e+00 0.00000000000000000e+00
 3.19000000000000000e+02 3.19550000000000011e+02 0.00000000000000000e+00 0.00000000000000000e+00
 3.19550000000000011e+02 3.20100000000000023e+02 0.00000000000000000e+00 0.00000000000000000e+00
 3.20100000000000023e+02 3.20649999999999977e+02 0.00000000000000000e+00 0.00000000000000000e+00
 3.20649999999999977e+02 3.21199999999999989e+02 0.00000000000000000e+00 0.00000000000000000e+00
 3.21199999999999989e+02 3.21750000000000000e+02 0.00000000000000000e+00 0.00000000000000000e+00
 3.21750000000000000e+02 3.22300000000000011e+02 0.00000000000000000e+00 0.00000000000000000e+00
 3.22300000000000011e+02 3.22850000000000023e+02 0.00000000000000000e+00 0.00000000000000000e+00
 3.22850000000000023e+02 3.23399999999999977e+02 0.00000000000000000e+00 0.00000000000000000e+00
 3.23399999999999977e+02 3.23949999999999989e+02 0.00000000000000000e+00 0.00000000000000000e+00
 3.23949999999999989e+02 3.24500000000000000e+02 0.00000000000000000e+00 0.00000000000000000e+00
 3.24500000000000000e+02 3.25050000000000011e+02 0.00000000000000000e+00 0.00000000000000000e+00
 3.25050000000000011e+02 3.25600000000000023e+02 0.00000000000000000e+00 0.00000000000000000e+00
 3.25600000000000023e+02 3.26149999999999977e+02 0.00000000000000000e+00 0.00000000000000000e+00
 3.26149999999999977e+02 3.26699999999999989e+02 0.00000000000000000e+00 0.00000000000000000e+00
 3.26699999999999989e+02 3.27250000000000000e+02 0.00000000000000000e+00 0.00000000000000000e+00
 3.27250000000000000e+02 3.27800000000000011e+02 0.00000000000000000e+00 0.00000000000000000e+00
 3.27800000000000011e+02 3.28350000000000023e+02 0.00000000000000000e+00 0.00000000000000000e+00
 3.28350000000000023e+02 3.28899999999999977e+02 0.00000000000000000e+00 0.00000000000000000e+00
 3.28899999999999977e+02 3.29449999999999989e+02 0.00000000000000000e+00 0.00000000000000000e+00
 3.29449999999999989e+02 3.30000000000000000e+02 0.00000000000000000e+00 0.00000000000000000e+00

Histogram:lpz-
 0.00000000000000000e+00 5.50000000000000044e-01 1.39996163785067931e-03 7.80138701868916304e-07
 5.50000000000000044e-01 1.10000000000000009e+00 1.40019423446602039e-03 7.58025041178091936e-07
 1.10000000000000009e+00 1.64999999999999991e+00 1.39942313716413975e-03 7.44182783276722508e-07
 1.64999999999999991e+00 2.20000000000000018e+00 1.39909213801882922e-03 7.55313854585527045e-07
 2.20000000000000018e+00 2.75000000000000000e+00 1.40017337858213049e-03 7.40322172353743927e-07
 2.75000000000000000e+00 3.29999999999999982e+00 1.39966352810555754e-03 8.41761728510570930e-07
 3.29999999999999982e+00 3.85000000000000009e+00 1.39947449892907356e-03 7.53979734265715791e-07
 3.85000000000000009e+00 4.40000000000000036e+00 1.39945248920774422e-03 7.30909049041566411e-07
 4.40000000000000036e+00 4.95000000000000018e+00 1.39975493663259160e-03 7.73000923789914458e-07
 4.95000000000000018e+00 5.50000000000000000e+00 1.40028444500251304e-03 7.46647023972554845e-07
 5.50000000000000000e+00 6.04999999999999982e+00 1.39994845542042623e-03 7.49381477231908530e-07
 6.04999999999999982e+00 6.59999999999999964e+00 1.39903527654145409e-03 8.20391490618246021e-07
 6.59999999999999964e+00 7.15000000000000036e+00 1.39729619923080798e-03 7.37289826651930406e-07
 7.15000000000000036e+00 7.70000000000000018e+00 1.39905098817191234e-03 7.44048038096204174e-07
 7.70000000000000018e+00 8.25000000000000000e+00 1.40138302824846734e-03 1.51194736497250452e-06
 8.25000000000000000e+00 8.80000000000000071e+00 1.39868450302023687e-03 9.51870349342115610e-07
 8.80000000000000071e+00 9.34999999999999964e+00 1.39834670314901597e-03 7.29067658959883283e-07
 9.34999999999999964e+00 9.90000000000000036e+00 1.39974980024359930e-03 8.15994153063768313e-07
 9.90000000000000036e+00 1.04499999999999993e+01 1.39846144076960564e-03 7.60650396693536739e-07
 1.04499999999999993e+01 1.10000000000000000e+01 1.39822888861736009e-03 7.38505781152573089e-07
 1.10000000000000000e+01 1.15500000000000007e+01 1.39799974955792726e-03 7.54887374537943963e-07
 1.15500000000000007e+01 1.20999999999999996e+01 1.39568218309138654e-03 7.46686595932742895e-07
 1.20999999999999996e+01 1.26500000000000004e+01 1.39699970660870417e-03 7.72121929867179432e-07
 1.26500000000000004e+01 1.31999999999999993e+01 1.39559648395967792e-03 7.30436053254556109e-07
 1.31999999999999993e+01 1.37500000000000000e+01 1.39862152138395973e-03 7.66826891955099677e-07
 1.37500000000000000e+01 1.43000000000000007e+01 1.39761218649446018e-03 7.56485376821060457e-07
 1.43000000000000007e+01 1.48499999999999996e+01 1.39561889664195182e-03 7.47537322078644371e-07
 1.48499999999999996e+01 1.54000000000000004e+01 1.39687128778526745e-03 7.32666883021851257e-07
 1.54000000000000004e+01 1.59499999999999993e+01 1.39641537350191107e-03 7.49484370116643354e-07
 1.59499999999999993e+01 1.65000000000000000e+01 1.39579763478069508e-03 7.45881855872814365e-07
 1.65000000000000000e+01 1.70500000000000007e+01 1.39620216206894207e-03 7.39290652594346430e-07
 1.70500000000000007e+01 1.76000000000000014e+01 1.39574460949933661e-03 1.26325807863383583e-06
 1.76000000000000014e+01 1.81499999999999986e+01 1.39585655902146324e-03 7.50819914822077452e-07
 1.81499999999999986e+01 1.86999999999999993e+01 1.39355452596772789e-03 7.51264508873108869e-07
 1.86999999999999993e+01 1.92500000000000000e+01 1.39417314444998481e-03 7.46256370646303266e-07
 1.92500000000000000e+01 1.98000000000000007e+01 1.39484638492491111e-03 7.64234162640992889e-07
 1.98000000000000007e+01 2.03500000000000014e+01 1.39370744176240411e-03 7.57512929312552453e-07
 2.03500000000000014e+01 2.08999999999999986e+01 1.39147898035978709e-03 7.56292590073368594e-07
 2.08999999999999986e+01 2.14499999999999993e+01 1.39325885645381225e-03 7.78336749792481729e-07
 2.14499999999999993e+01 2.20000000000000000e+01 1.38998226397830547e-03 7.23295495587385785e-07
 2.20000000000000000e+01 2.25500000000000007e+01 1.39156451483576633e-03 8.11881847182738906e-07
 2.25500000000000007e+01 2.31000000000000014e+01 1.39201141439477117e-03 7.53481594525483789e-07
 2.31000000000000014e+01 2.36499999999999986e+01 1.39084822274462795e-03 7.53721466500262873e-07
 2.36499999999999986e+01 2.41999999999999993e+01 1.39007949356404967e-03 7.63410048912821672e-07
 2.41999999999999993e+01 2.47500000000000000e+01 1.38976582646436575e-03 7.35563254868959773e-07
 2.47500000000000000e+01 2.53000000000000007e+01 1.38844060211920769e-03 7.33665070698798781e-07
 2.53000000000000007e+01 2.58500000000000014e+01 1.38999451360438892e-03 7.63759036135452799e-07
 2.58500000000000014e+01 2.63999999999999986e+01 1.38842080697897650e-03 7.36288285762534433e-07
 2.63999999999999986e+01 2.69499999999999993e+01 1.38908356572094789e-03 7.25127110611269089e-07
 2.69499999999999993e+01 2.75000000000000000e+01 1.38626716468165227e-03 7.65448971935919091e-07
 2.75000000000000000e+01 2.80500000000000007e+01 1.38660337147281489e-03 7.41570213275315110e-07
 2.80500000000000007e+01 2.86000000000000014e+01 1.38711457025554250e-03 7.53883842512855406e-07
 2.86000000000000014e+01 2.91499999999999986e+01 1.38777001955055061e-03 7.76878783687896670e-07
 2.91499999999999986e+01 2.96999999999999993e+01 1.38657737213624560e-03 7.64276704739919404e-07
 2.96999999999999993e+01 3.02500000000000000e+01 1.38516478466059380e-03 7.54356085744921828e-07
 3.02500000000000000e+01 3.08000000000000007e+01 1.38553975766252981e-03 7.42905437214435752e-07
 3.08000000000000007e+01 3.13500000000000014e+01 1.38346033409890022e-03 7.55831802872112201e-07
 3.13500000000000014e+01 3.18999999999999986e+01 1.38439731694011531e-03 9.07705111681687371e-07
 3.18999999999999986e+01 3.24500000000000028e+01 1.38352259884431061e-03 7.45933570131852262e-07
 3.24500000000000028e+01 3.30000000000000000e+01 1.38038981401400213e-03 7.36233900923755585e-07
 3.30000000000000000e+01 3.35499999999999972e+01 1.38234205928501564e-03 7.27142644562493504e-07
 3.35499999999999972e+01 3.41000000000000014e+01 1.38049175553077224e-03 7.46347530493455557e-07
 3.41000000000000014e+01 3.46499999999999986e+01 1.38041731695592472e-03 7.32854148026475722e-07
 3.46499999999999986e+01 3.52000000000000028e+01 1.38042506723879939e-03 7.57987116093078168e-07
 3.52000000000000028e+01 3.57500000000000000e+01 1.37921747907006950e-03 7.23032036109771086e-07
 3.57500000000000000e+01 3.62999999999999972e+01 1.37677569873820966e-03 7.33510324365310930e-07
 3.62999999999999972e+01 3.68500000000000014e+01 1.37863454504657981e-03 7.62063180121544282e-07
 3.68500000000000014e+01 3.73999999999999986e+01 1.37734423161104845e-03 7.54506116882434468e-07
 3.73999999999999986e+01 3.79500000000000028e+01 1.37615249993192361e-03 7.74729742595345121e-07
 3.79500000000000028e+01 3.85000000000000000e+01 1.37569878609478070e-03 7.34300166435391000e-07
 3.85000000000000000e+01 3.90499999999999972e+01 1.37489687486307306e-03 7.39412544800548777e-07
 3.90499999999999972e+01 3.96000000000000014e+01 1.37485303137901667e-03 7.38079447939052444e-07
 3.96000000000000014e+01 4.01499999999999986e+01 1.37499563265125989e-03 7.83073073481134421e-07
 4.01499999999999986e+01 4.07000000000000028e+01 1.37227386325421163e-03 7.31947612846433942e-07
 4.07000000000000028e+01 4.12500000000000000e+01 1.37240976049193678e-03 7.14875957010250850e-07
 4.12500000000000000e+01 4.17999999999999972e+01 1.37276405355162391e-03 7.29852500804165196e-07
 4.17999999999999972e+01 4.23500000000000014e+01 1.36946414111430138e-03 7.42897760646639288e-07
 4.23500000000000014e+01 4.28999999999999986e+01 1.36986357165094167e-03 7.74558282191450235e-07
 4.28999999999999986e+01 4.34500000000000028e+01 1.36928729730045992e-03 8.03917413359575757e-07
 4.34500000000000028e+01 4.40000000000000000e+01 1.36818512982451079e-03 7.25884818653432125e-07
 4.40000000000000000e+01 4.45499999999999972e+01 1.36834340765615661e-03 7.90277806209599933e-07
 4.45499999999999972e+01 4.51000000000000014e+01 1.36568307844919540e-03 7.43035308957372318e-07
 4.51000000000000014e+01 4.56499999999999986e+01 1.36583723755994346e-03 7.52834325982203647e-07
 4.56499999999999986e+01 4.62000000000000028e+01 1.36617378229276945e-03 7.30750443988641154e-07
 4.62000000000000028e+01 4.67500000000000000e+01 1.36385729010971945e-03 7.21355144041926340e-07
 4.67500000000000000e+01 4.72999999999999972e+01 1.36289284119451800e-03 7.28053657958103731e-07
 4.72999999999999972e+01 4.78500000000000014e+01 1.36177920752992274e-03 7.52736822098613761e-07
 4.78500000000000014e+01 4.83999999999999986e+01 1.36032608712816560e-03 7.14410170044497325e-07
 4.83999999999999986e+01 4.89500000000000028e+01 1.36186002093569274e-03 7.48865878590428589e-07
 4.89500000000000028e+01 4.95000000000000000e+01 1.35924636197391042e-03 7.34108407849839266e-07
 4.95000000000000000e+01 5.00499999999999972e+01 1.36085136284885290e-03 7.56710287775219416e-07
 5.00499999999999972e+01 5.06000000000000014e+01 1.35878668427290728e-03 8.42487000660243275e-07
 5.06000000000000014e+01 5.11499999999999986e+01 1.35684591139126885e-03 7.18979577283533636e-07
 5.11499999999999986e+01 5.17000000000000028e+01 1.35685847545317820e-03 7.80476498422291519e-07
 5.17000000000000028e+01 5.22500000000000000e+01 1.35692223414893634e-03 7.36170653065791266e-07
 5.22500000000000000e+01 5.27999999999999972e+01 1.35453802920001976e-03 7.67931252943991601e-07
 5.27999999999999972e+01 5.33500000000000014e+01 1.35454171750842281e-03 7.46759693953569147e-07
 5.33500000000000014e+01 5.38999999999999986e+01 1.35298911100970791e-03 7.54754066739638154e-07
 5.38999999999999986e+01 5.44500000000000028e+01 1.35171404989363171e-03 7.37501974226188496e-07
 5.44500000000000028e+01 5.50000000000000000e+01 1.35178946282878479e-03 7.58253756354186267e-07
 5.50000000000000000e+01 5.55499999999999972e+01 1.35115425967041237e-03 7.22925594942862212e-07
 5.55499999999999972e+01 5.61000000000000014e+01 1.34838415646909896e-03 7.42304064614066165e-07
 5.61000000000000014e+01 5.66499999999999986e+01 1.34878951196034107e-03 7.37529116828590059e-07
 5.66499999999999986e+01 5.72000000000000028e+01 1.34695528754157426e-03 7.09275518538720422e-07
 5.72000000000000028e+01 5.77500000000000000e+01 1.34550334320161042e-03 7.18406672698492310e-07
 5.77500000000000000e+01 5.82999999999999972e+01 1.34584112232791165e-03 7.17371816680472541e-07
 5.82999999999999972e+01 5.88500000000000014e+01 1.34377967354696389e-03 7.36450652945518622e-07
 5.88500000000000014e+01 5.93999999999999986e+01 1.34334488796277363e-03 7.28059537670912917e-07
 5.93999999999999986e+01 5.99500000000000028e+01 1.34144024464083163e-03 7.35519746952957742e-07
 5.99500000000000028e+01 6.05000000000000000e+01 1.34167869388336050e-03 7.17381027482359749e-07
 6.05000000000000000e+01 6.10499999999999972e+01 1.33952563369553988e-03 7.30034158636855831e-07
 6.10499999999999972e+01 6.16000000000000014e+01 1.33730959869859316e-03 7.34785345550754089e-07
 6.16000000000000014e+01 6.21499999999999986e+01 1.33705018596401827e-03 7.48954684685285432e-07
 6.21499999999999986e+01 6.27000000000000028e+01 1.33657259051546732e-03 7.29267922287308438e-07
 6.27000000000000028e+01 6.32500000000000000e+01 1.33522167676186436e-03 7.10134017865294270e-07
 6.32500000000000000e+01 6.37999999999999972e+01 1.33403215857994862e-03 7.34068893901810160e-07
 6.37999999999999972e+01 6.43499999999999943e+01 1.33353090848117254e-03 8.59837165430964581e-07
 6.43499999999999943e+01 6.49000000000000057e+01 1.33167560228634411e-03 7.03199875907019258e-07
 6.49000000000000057e+01 6.54500000000000028e+01 1.33099427210457938e-03 7.49344843440914428e-07
 6.54500000000000028e+01 6.60000000000000000e+01 1.32860272734923283e-03 7.06378208486039642e-07
 6.60000000000000000e+01 6.65499999999999972e+01 1.32796274058157959e-03 7.03836614332005450e-07
 6.65499999999999972e+01 6.70999999999999943e+01 1.32697108021069868e-03 1.02481958161889045e-06
 6.70999999999999943e+01 6.76500000000000057e+01 1.32608377759901646e-03 7.37190564832368564e-07
 6.76500000000000057e+01 6.82000000000000028e+01 1.32372941027807372e-03 7.55900316992350575e-07
 6.82000000000000028e+01 6.87500000000000000e+01 1.32345823875016266e-03 7.24677779367860789e-07
 6.87500000000000000e+01 6.92999999999999972e+01 1.32330033162371538e-03 7.28869668923299795e-07
 6.92999999999999972e+01 6.98499999999999943e+01 1.32137317927114896e-03 7.72408003316846254e-07
 6.98499999999999943e+01 7.04000000000000057e+01 1.32007549331903101e-03 7.18180138268452177e-07
 7.04000000000000057e+01 7.09500000000000028e+01 1.31871540339448885e-03 7.18023533638481231e-07
 7.09500000000000028e+01 7.15000000000000000e+01 1.31745713248395541e-03 7.36105227859317296e-07
 7.15000000000000000e+01 7.20499999999999972e+01 1.31548690637265232e-03 7.00092021754701317e-07
 7.20499999999999972e+01 7.25999999999999943e+01 1.31514194103478387e-03 7.32390026448581023e-07
 7.25999999999999943e+01 7.31500000000000057e+01 1.31332924780470104e-03 6.98092992347842259e-07
 7.31500000000000057e+01 7.37000000000000028e+01 1.31255056657371785e-03 9.45386273807274442e-07
 7.37000000000000028e+01 7.42500000000000000e+01 1.31162780199955021e-03 7.10904561935423874e-07
 7.42500000000000000e+01 7.47999999999999972e+01 1.31075334389273331e-03 7.06135090966822701e-07
 7.47999999999999972e+01 7.53499999999999943e+01 1.30889014748575500e-03 7.63735917992628640e-07
 7.53499999999999943e+01 7.59000000000000057e+01 1.30626678963934040e-03 7.13997118398301986e-07
 7.59000000000000057e+01 7.64500000000000028e+01 1.30551377724357344e-03 6.93144707408565124e-07
 7.64500000000000028e+01 7.70000000000000000e+01 1.30474726125840617e-03 7.16934949287467955e-07
 7.70000000000000000e+01 7.75499999999999972e+01 1.30347854972128548e-03 7.42220486748553033e-07
 7.75499999999999972e+01 7.80999999999999943e+01 1.30120883100548436e-03 7.34773172888247056e-07
 7.80999999999999943e+01 7.86500000000000057e+01 1.30061282379629294e-03 7.32065774085746614e-07
 7.86500000000000057e+01 7.92000000000000028e+01 1.30082675308121473e-03 7.76078163652603898e-07
 7.92000000000000028e+01 7.97500000000000000e+01 1.29701009031079717e-03 7.76368468510693168e-07
 7.97500000000000000e+01 8.02999999999999972e+01 1.29638702862378431e-03 6.93911907413043474e-07
 8.02999999999999972e+01 8.08499999999999943e+01 1.29295056597699548e-03 6.95321046827448531e-07
 8.08499999999999943e+01 8.14000000000000057e+01 1.29394524005731312e-03 7.04905772272121609e-07
 8.14000000000000057e+01 8.19500000000000028e+01 1.29165045518885068e-03 7.00853175067318587e-07
 8.19500000000000028e+01 8.25000000000000000e+01 1.28856535886128117e-03 1.80673672954723150e-06
 8.25000000000000000e+01 8.30499999999999972e+01 1.28837928315299636e-03 7.14032859144798737e-07
 8.30499999999999972e+01 8.35999999999999943e+01 1.28711962807808453e-03 6.97705848055396212e-07
 8.35999999999999943e+01 8.41500000000000057e+01 1.28586574895202580e-03 7.28232019184792065e-07
 8.41500000000000057e+01 8.47000000000000028e+01 1.28320444280662842e-03 7.01768798653693863e-07
 8.47000000000000028e+01 8.52500000000000000e+01 1.28382443314091596e-03 7.07125147164134370e-07
 8.52500000000000000e+01 8.57999999999999972e+01 1.28061595504198509e-03 7.29536406876054088e-07
 8.57999999999999972e+01 8.63499999999999943e+01 1.28043483006768928e-03 7.17995502744487154e-07
 8.63499999999999943e+01 8.69000000000000057e+01 1.27911498001346841e-03 7.36115134389024743e-07
 8.69000000000000057e+01 8.74500000000000028e+01 1.27579533198528012e-03 7.04101060578394640e-07
 8.74500000000000028e+01 8.80000000000000000e+01 1.27490619090547667e-03 7.01075302015625461e-07
 8.80000000000000000e+01 8.85499999999999972e+01 1.27431998850978064e-03 6.97516531560763370e-07
 8.85499999999999972e+01 8.90999999999999943e+01 1.27362889623133715e-03 7.41439579099370632e-07
 8.90999999999999943e+01 8.96500000000000057e+01 1.27177249532949856e-03 7.07680540776993429e-07
 8.96500000000000057e+01 9.02000000000000028e+01 1.28464390027588750e-03 6.99512599956010300e-07
 9.02000000000000028e+01 9.07500000000000000e+01 1.31356974214237110e-03 8.03393510882120410e-07
 9.07500000000000000e+01 9.12999999999999972e+01 1.31199936340542717e-03 1.38545650744942954e-06
 9.12999999999999972e+01 9.18499999999999943e+01 1.30780030655748168e-03 7.38625246224422548e-07
 9.18499999999999943e+01 9.24000000000000057e+01 1.30778876649358935e-03 7.38494747115624238e-07
 9.24000000000000057e+01 9.29500000000000028e+01 1.30622464728384255e-03 7.90346001741498868e-07
 9.29500000000000028e+01 9.35000000000000000e+01 1.30360892338994387e-03 7.20326273483266203e-07
 9.35000000000000000e+01 9.40499999999999972e+01 1.30102756842940094e-03 7.41745791013972774e-07
 9.40499999999999972e+01 9.45999999999999943e+01 1.29748947389359687e-03 7.27031488169413753e-07
 9.45999999999999943e+01 9.51500000000000057e+01 1.29598398687094012e-03 7.34294940633128189e-07
 9.51500000000000057e+01 9.57000000000000028e+01 1.29333685557778415e-03 7.26056304838351512e-07
 9.57000000000000028e+01 9.62500000000000000e+01 1.29166191095350419e-03 8.35751995705333692e-07
 9.62500000000000000e+01 9.67999999999999972e+01 1.28988378701318349e-03 7.23578395954854550e-07
 9.67999999999999972e+01 9.73499999999999943e+01 1.28794516983158670e-03 7.33421428274482460e-07
 9.73499999999999943e+01 9.79000000000000057e+01 1.28478934979333053e-03 7.43604819070398681e-07
 9.79000000000000057e+01 9.84500000000000028e+01 1.28222639620508829e-03 7.53672263068625499e-07
 9.84500000000000028e+01 9.90000000000000000e+01 1.28023102008341144e-03 7.21439097752092029e-07
 9.90000000000000000e+01 9.95499999999999972e+01 1.27982837917313538e-03 7.12375768271899831e-07
 9.95499999999999972e+01 1.00099999999999994e+02 1.27672658380419070e-03 7.55753746570234714e-07
 1.00099999999999994e+02 1.00650000000000006e+02 1.27284314716948326e-03 7.25514624757677200e-07
 1.00650000000000006e+02 1.01200000000000003e+02 1.27165662986464950e-03 7.15927761884325171e-07
 1.01200000000000003e+02 1.01750000000000000e+02 1.26909883702474441e-03 7.19243543228635806e-07
 1.01750000000000000e+02 1.02299999999999997e+02 1.26780677013408846e-03 8.74332580215193442e-07
 1.02299999999999997e+02 1.02849999999999994e+02 1.26500939224822857e-03 7.12313678833218057e-07
 1.02849999999999994e+02 1.03400000000000006e+02 1.26286371870161203e-03 7.49478695824834956e-07
 1.03400000000000006e+02 1.03950000000000003e+02 1.25959010918984390e-03 7.44418037382504638e-07
 1.03950000000000003e+02 1.04500000000000000e+02 1.25763257182410441e-03 7.52292764221113917e-07
 1.04500000000000000e+02 1.05049999999999997e+02 1.25461191685541200e-03 6.99254495717187156e-07
 1.05049999999999997e+02 1.05599999999999994e+02 1.25294463535152549e-03 6.96392418088192793e-07
 1.05599999999999994e+02 1.06150000000000006e+02 1.25256208091641856e-03 7.11843354593683636e-07
 1.06150000000000006e+02 1.06700000000000003e+02 1.24781514375298217e-03 6.98230415826226479e-07
 1.06700000000000003e+02 1.07250000000000000e+02 1.24668439653156590e-03 7.29971870375671842e-07
 1.07250000000000000e+02 1.07799999999999997e+02 1.24410184058950670e-03 6.99929580653798163e-07
 1.07799999999999997e+02 1.08349999999999994e+02 1.24078789337344177e-03 7.16323711989470709e-07
 1.08349999999999994e+02 1.08900000000000006e+02 1.23801498908056545e-03 6.98323382267377022e-07
 1.08900000000000006e+02 1.09450000000000003e+02 1.23656454678648642e-03 7.14183288662883242e-07
 1.09450000000000003e+02 1.10000000000000000e+02 1.23593347114877260e-03 6.96001038051364017e-07
 1.10000000000000000e+02 1.10549999999999997e+02 1.23144715061386588e-03 6.81416405941810698e-07
 1.10549999999999997e+02 1.11099999999999994e+02 1.22961968674099973e-03 6.90499011392489347e-07
 1.11099999999999994e+02 1.11650000000000006e+02 1.22766590623187553e-03 7.24373296959202462e-07
 1.11650000000000006e+02 1.12200000000000003e+02 1.22358937097667426e-03 7.00292300917412185e-07
 1.12200000000000003e+02 1.12750000000000000e+02 1.22076428967896663e-03 6.72462391847298881e-07
 1.12750000000000000e+02 1.13299999999999997e+02 1.21870113416141287e-03 6.85960222154333526e-07
 1.13299999999999997e+02 1.13849999999999994e+02 1.21641680761722755e-03 6.96589158103025976e-07
 1.13849999999999994e+02 1.14400000000000006e+02 1.21295043724018391e-03 6.68981378339448422e-07
 1.14400000000000006e+02 1.14950000000000003e+02 1.21197698598507616e-03 7.04296934191900789e-07
 1.14950000000000003e+02 1.15500000000000000e+02 1.20906086377779655e-03 7.00856017530316153e-07
 1.15500000000000000e+02 1.16049999999999997e+02 1.20692873720058174e-03 6.73600491183025798e-07
 1.16049999999999997e+02 1.16599999999999994e+02 1.20349279122635225e-03 6.65452627320318658e-07
 1.16599999999999994e+02 1.17150000000000006e+02 1.20075186539870832e-03 7.07239755935815219e-07
 1.17150000000000006e+02 1.17700000000000003e+02 1.19915636560421167e-03 1.01650666645924238e-06
 1.17700000000000003e+02 1.18250000000000000e+02 1.19685146999331973e-03 8.32634644368472325e-07
 1.18250000000000000e+02 1.18799999999999997e+02 1.19201766183005156e-03 6.67016490690288679e-07
 1.18799999999999997e+02 1.19349999999999994e+02 1.19111930965938671e-03 6.65509267556704963e-07
 1.19349999999999994e+02 1.19900000000000006e+02 1.18825801850596367e-03 6.65782932241377780e-07
 1.19900000000000006e+02 1.20450000000000003e+02 1.18469247156463824e-03 7.21649668978023489e-07
 1.20450000000000003e+02 1.21000000000000000e+02 1.18254306951695023e-03 6.69857029219409922e-07
 1.21000000000000000e+02 1.21549999999999997e+02 1.17969196178285590e-03 6.64469074727897971e-07
 1.21549999999999997e+02 1.22099999999999994e+02 1.17680273212298768e-03 6.84850591226874302e-07
 1.22099999999999994e+02 1.22650000000000006e+02 1.17543068929915236e-03 6.55789257307311947e-07
 1.22650000000000006e+02 1.23200000000000003e+02 1.17212573943921840e-03 7.50820388550224159e-07
 1.23200000000000003e+02 1.23750000000000000e+02 1.16978550082758970e-03 6.79659553801126573e-07
 1.23750000000000000e+02 1.24299999999999997e+02 1.16706093208584485e-03 6.74831948873991399e-07
 1.24299999999999997e+02 1.24849999999999994e+02 1.16305983674258270e-03 6.68151747819548206e-07
 1.24849999999999994e+02 1.25400000000000006e+02 1.16032997682514625e-03 6.45893936758143463e-07
 1.25400000000000006e+02 1.25950000000000003e+02 1.15755492831891055e-03 7.97668270065792960e-07
 1.25950000000000003e+02 1.26500000000000000e+02 1.15544300105170053e-03 6.51558344419339245e-07
 1.26500000000000000e+02 1.27049999999999997e+02 1.15272381078686324e-03 6.55765318242329679e-07
 1.27049999999999997e+02 1.27599999999999994e+02 1.15108665352567884e-03 7.18221203241372525e-07
 1.27599999999999994e+02 1.28150000000000006e+02 1.14711809935994988e-03 6.64862846125173457e-07
 1.28150000000000006e+02 1.28699999999999989e+02 1.14500418142560265e-03 6.49481185108926346e-07
 1.28699999999999989e+02 1.29250000000000000e+02 1.14172425243495379e-03 7.16644897570857821e-07
 1.29250000000000000e+02 1.29800000000000011e+02 1.13939823209603056e-03 6.60079535766973854e-07
 1.29800000000000011e+02 1.30349999999999994e+02 1.13517308401631274e-03 6.53428116989271686e-07
 1.30349999999999994e+02 1.30900000000000006e+02 1.13238579418352241e-03 6.54850193475987123e-07
 1.30900000000000006e+02 1.31449999999999989e+02 1.13131207154653691e-03 6.77129643535201690e-07
 1.31449999999999989e+02 1.32000000000000000e+02 1.12647518745562962e-03 6.59217842459047391e-07
 1.32000000000000000e+02 1.32550000000000011e+02 1.12256989183635489e-03 6.31336533778611489e-07
 1.32550000000000011e+02 1.33099999999999994e+02 1.12114293093331925e-03 6.75505803611574954e-07
 1.33099999999999994e+02 1.33650000000000006e+02 1.11697332116449783e-03 6.30434758356572087e-07
 1.33650000000000006e+02 1.34199999999999989e+02 1.11474240962658477e-03 6.28588632033617950e-07
 1.34199999999999989e+02 1.34750000000000000e+02 1.11236396415890907e-03 6.56179597660140485e-07
 1.34750000000000000e+02 1.35300000000000011e+02 1.11023785413467339e-03 6.54517963944738181e-07
 1.35300000000000011e+02 1.35849999999999994e+02 1.10641305212930206e-03 6.44629833974129234e-07
 1.35849999999999994e+02 1.36400000000000006e+02 1.10332418495711140e-03 6.85969864699484073e-07
 1.36400000000000006e+02 1.36949999999999989e+02 1.09994031753519171e-03 6.87922299012013372e-07
 1.36949999999999989e+02 1.37500000000000000e+02 1.09853038966098416e-03 6.46716172587445719e-07
 1.37500000000000000e+02 1.38050000000000011e+02 1.09470007689262344e-03 6.24568646611001286e-07
 1.38050000000000011e+02 1.38599999999999994e+02 1.09185906562516474e-03 6.58861469085339463e-07
 1.38599999999999994e+02 1.39150000000000006e+02 1.08771091938754611e-03 6.40538052589619970e-07
 1.39150000000000006e+02 1.39699999999999989e+02 1.08515667808367373e-03 6.69901321121884081e-07
 1.39699999999999989e+02 1.40250000000000000e+02 1.08123445736061090e-03 6.11521450198604746e-07
 1.40250000000000000e+02 1.40800000000000011e+02 1.08050580346075544e-03 6.56931602533468426e-07
 1.40800000000000011e+02 1.41349999999999994e+02 1.07607025267883569e-03 6.18459479222920711e-07
 1.41349999999999994e+02 1.41900000000000006e+02 1.07438904314394374e-03 6.24321049513942761e-07
 1.41900000000000006e+02 1.42449999999999989e+02 1.07100759055465586e-03 6.70378682107906315e-07
 1.42449999999999989e+02 1.43000000000000000e+02 1.06701840586438169e-03 6.09624250332606161e-07
 1.43000000000000000e+02 1.43550000000000011e+02 1.06430569623560539e-03 6.19514688065426816e-07
 1.43550000000000011e+02 1.44099999999999994e+02 1.06121244733960564e-03 6.32393454641602413e-07
 1.44099999999999994e+02 1.44650000000000006e+02 1.05847385229611421e-03 6.08627378443148351e-07
 1.44650000000000006e+02 1.45199999999999989e+02 1.05538542623407976e-03 5.95895142742967474e-07
 1.45199999999999989e+02 1.45750000000000000e+02 1.05115389539301774e-03 5.90005787941850018e-07
 1.45750000000000000e+02 1.46300000000000011e+02 1.04777050978294281e-03 6.01760251550056864e-07
 1.46300000000000011e+02 1.46849999999999994e+02 1.04584250907856441e-03 6.01300905600299521e-07
 1.46849999999999994e+02 1.47400000000000006e+02 1.04215425964505047e-03 5.89103812816513250e-07
 1.47400000000000006e+02 1.47949999999999989e+02 1.03930475525445491e-03 6.02176365664599897e-07
 1.47949999999999989e+02 1.48500000000000000e+02 1.03621187127500959e-03 6.19099009755908332e-07
 1.48500000000000000e+02 1.49050000000000011e+02 1.03382411226785910e-03 6.22074039745069660e-07
 1.49050000000000011e+02 1.49599999999999994e+02 1.03010305419991158e-03 5.96262653137429463e-07
 1.49599999999999994e+02 1.50150000000000006e+02 1.02636179037560497e-03 6.11415327097263623e-07
 1.50150000000000006e+02 1.50699999999999989e+02 1.02419835618860707e-03 6.05405498430884383e-07
 1.50699999999999989e+02 1.51250000000000000e+02 1.02064296294846813e-03 5.99994813072516929e-07
 1.51250000000000000e+02 1.51800000000000011e+02 1.01709817063923205e-03 6.09802698136239229e-07
 1.51800000000000011e+02 1.52349999999999994e+02 1.01247178863920627e-03 5.98300125917531163e-07
 1.52349999999999994e+02 1.52900000000000006e+02 1.01096224837040130e-03 6.09280490850867351e-07
 1.52900000000000006e+02 1.53449999999999989e+02 1.00734398971589795e-03 5.87991805011804300e-07
 1.53449999999999989e+02 1.54000000000000000e+02 1.00411220052097953e-03 5.93112351754439223e-07
 1.54000000000000000e+02 1.54550000000000011e+02 9.99869362705248232e-04 5.84194970976822980e-07
 1.54550000000000011e+02 1.55099999999999994e+02 9.97131623707139597e-04 5.87469478809151852e-07
 1.55099999999999994e+02 1.55650000000000006e+02 9.93901530647314877e-04 5.80549249314878909e-07
 1.55650000000000006e+02 1.56199999999999989e+02 9.91235498521935571e-04 5.84976488369885054e-07
 1.56199999999999989e+02 1.56750000000000000e+02 9.87048064670008199e-04 5.89374080498895967e-07
 1.56750000000000000e+02 1.57300000000000011e+02 9.83776466055674963e-04 5.96500629552144124e-07
 1.57300000000000011e+02 1.57849999999999994e+02 9.80694743788844371e-04 5.74453839132283691e-07
 1.57849999999999994e+02 1.58400000000000006e+02 9.77475007501248756e-04 6.23962177756402320e-07
 1.58400000000000006e+02 1.58949999999999989e+02 9.74150952413766142e-04 5.60210713423910507e-07
 1.58949999999999989e+02 1.59500000000000000e+02 9.71115345268137690e-04 6.20917378145936572e-07
 1.59500000000000000e+02 1.60050000000000011e+02 9.66279413240367282e-04 5.53935089393058038e-07
 1.60050000000000011e+02 1.60599999999999994e+02 9.64084274804078182e-04 5.64231778405938007e-07
 1.60599999999999994e+02 1.61150000000000006e+02 9.60569643148128814e-04 5.84196394222077109e-07
 1.61150000000000006e+02 1.61699999999999989e+02 9.58322647880157676e-04 5.61054103941622988e-07
 1.61699999999999989e+02 1.62250000000000000e+02 9.54912201041336608e-04 7.38472000113614299e-07
 1.62250000000000000e+02 1.62800000000000011e+02 9.50039367564711268e-04 5.74514663030384026e-07
 1.62800000000000011e+02 1.63349999999999994e+02 9.45959035177670361e-04 5.50569546069655894e-07
 1.63349999999999994e+02 1.63900000000000006e+02 9.43751047735912930e-04 7.00484239790051460e-07
 1.63900000000000006e+02 1.64449999999999989e+02 9.39815933037814314e-04 5.57883288509046823e-07
 1.64449999999999989e+02 1.65000000000000000e+02 9.36400755830621065e-04 5.53697692241755889e-07
 1.65000000000000000e+02 1.65550000000000011e+02 9.33612265750222723e-04 5.60435806245664265e-07
 1.65550000000000011e+02 1.66099999999999994e+02 9.30439400916848141e-04 5.71429843371080146e-07
 1.66099999999999994e+02 1.66650000000000006e+02 9.26837252786692311e-04 5.64743595558052971e-07
 1.66650000000000006e+02 1.67199999999999989e+02 9.21878421441812220e-04 5.45173694380081958e-07
 1.67199999999999989e+02 1.67750000000000000e+02 9.19845243068166478e-04 5.47945081954646819e-07
 1.67750000000000000e+02 1.68300000000000011e+02 9.16957656049280151e-04 5.48411667910276964e-07
 1.68300000000000011e+02 1.68849999999999994e+02 9.12615617937540305e-04 5.80336711915744208e-07
 1.68849999999999994e+02 1.69400000000000006e+02 9.08980361243347181e-04 5.39935366519536103e-07
 1.69400000000000006e+02 1.69949999999999989e+02 9.05026149308499014e-04 5.33836760089667246e-07
 1.69949999999999989e+02 1.70500000000000000e+02 9.02535839405320850e-04 5.45831860511492262e-07
 1.70500000000000000e+02 1.71050000000000011e+02 8.98255693218854754e-04 5.54442395171968533e-07
 1.71050000000000011e+02 1.71599999999999994e+02 8.93883241487032350e-04 5.41323290283224421e-07
 1.71599999999999994e+02 1.72150000000000006e+02 8.92151158103657218e-04 5.79469676473966420e-07
 1.72150000000000006e+02 1.72699999999999989e+02 8.87633494309802919e-04 5.55091645913280097e-07
 1.72699999999999989e+02 1.73250000000000000e+02 8.84714156264571256e-04 5.40349500160204454e-07
 1.73250000000000000e+02 1.73800000000000011e+02 8.80319147842108956e-04 5.39312154843734186e-07
 1.73800000000000011e+02 1.74349999999999994e+02 8.77171057445916670e-04 5.45902933645480064e-07
 1.74349999999999994e+02 1.74900000000000006e+02 8.73955178526933515e-04 5.44505061719762939e-07
 1.74900000000000006e+02 1.75449999999999989e+02 8.69286887253469627e-04 5.33101539072133643e-07
 1.75449999999999989e+02 1.76000000000000000e+02 8.65603032310775311e-04 5.26638344318647268e-07
 1.76000000000000000e+02 1.76550000000000011e+02 8.61758046065901973e-04 5.20243252764339023e-07
 1.76550000000000011e+02 1.77099999999999994e+02 8.58807937932523700e-04 6.21453256757134537e-07
 1.77099999999999994e+02 1.77650000000000006e+02 8.54486013842018790e-04 5.10370745898370118e-07
 1.77650000000000006e+02 1.78199999999999989e+02 8.51118530761860019e-04 5.34892031662944474e-07
 1.78199999999999989e+02 1.78750000000000000e+02 8.47857369955330189e-04 5.50292128428820253e-07
 1.78750000000000000e+02 1.79300000000000011e+02 8.44413888439645658e-04 5.57780517250760006e-07
 1.79300000000000011e+02 1.79849999999999994e+02 8.40784134327951993e-04 5.25069210647665925e-07
 1.79849999999999994e+02 1.80400000000000006e+02 8.36392273733869702e-04 5.10159518717882031e-07
 1.80400000000000006e+02 1.80949999999999989e+02 8.32581915844308800e-04 5.04522846952738710e-07
 1.80949999999999989e+02 1.81500000000000000e+02 8.28696028065174068e-04 5.09186772095468354e-07
 1.81500000000000000e+02 1.82050000000000011e+02 8.25861557563603685e-04 5.33187245681310353e-07
 1.82050000000000011e+02 1.82599999999999994e+02 8.21583354350008182e-04 5.32496765830085514e-07
 1.82599999999999994e+02 1.83150000000000006e+02 8.18726196401352519e-04 5.20554898367574837e-07
 1.83150000000000006e+02 1.83699999999999989e+02 8.13817061334351434e-04 5.08260981100141831e-07
 1.83699999999999989e+02 1.84250000000000000e+02 8.10155622404769011e-04 5.12354920417398472e-07
 1.84250000000000000e+02 1.84800000000000011e+02 8.07004027023599233e-04 5.11731537883779414e-07
 1.84800000000000011e+02 1.85349999999999994e+02 8.02112118567984865e-04 5.05470909261801156e-07
 1.85349999999999994e+02 1.85900000000000006e+02 7.98737265159445826e-04 5.04364400894996953e-07
 1.85900000000000006e+02 1.86449999999999989e+02 7.94846666512352132e-04 5.06829288711551831e-07
 1.86449999999999989e+02 1.87000000000000000e+02 7.90664676405424135e-04 5.03529329417540667e-07
 1.87000000000000000e+02 1.87550000000000011e+02 7.87746801391591952e-04 5.06410633410956417e-07
 1.87550000000000011e+02 1.88099999999999994e+02 7.84027064351880236e-04 5.05759662497471227e-07
 1.88099999999999994e+02 1.88650000000000006e+02 7.79690511857084587e-04 4.84657586565195736e-07
 1.88650000000000006e+02 1.89199999999999989e+02 7.75445044839347445e-04 4.92918139921383086e-07
 1.89199999999999989e+02 1.89750000000000000e+02 7.71824034340483963e-04 4.95835868030401460e-07
 1.89750000000000000e+02 1.90300000000000011e+02 7.68233964369173278e-04 5.49543860082966092e-07
 1.90300000000000011e+02 1.90849999999999994e+02 7.64635429246802978e-04 4.95818321034062424e-07
 1.90849999999999994e+02 1.91400000000000006e+02 7.61292833538961488e-04 5.19734407785894382e-07
 1.91400000000000006e+02 1.91949999999999989e+02 7.56340666105012930e-04 4.79752279264393234e-07
 1.91949999999999989e+02 1.92500000000000000e+02 7.52730184118522577e-04 6.06334395307070472e-07
 1.92500000000000000e+02 1.93050000000000011e+02 7.48791052262421123e-04 4.78219765067739287e-07
 1.93050000000000011e+02 1.93599999999999994e+02 7.45424923404446505e-04 4.79939015100451988e-07
 1.93599999999999994e+02 1.94150000000000006e+02 7.40607378534197266e-04 4.67864655231646577e-07
 1.94150000000000006e+02 1.94699999999999989e+02 7.37326336951941021e-04 5.51443385884502790e-07
 1.94699999999999989e+02 1.95250000000000000e+02 7.32547381867966777e-04 4.73600091836980167e-07
 1.95250000000000000e+02 1.95800000000000011e+02 7.29307246178053097e-04 4.71312569712511467e-07
 1.95800000000000011e+02 1.96349999999999994e+02 7.24694233238090419e-04 4.78340121991681713e-07
 1.96349999999999994e+02 1.96900000000000006e+02 7.20793033325977132e-04 4.67983279936196104e-07
 1.96900000000000006e+02 1.97449999999999989e+02 7.17322833144319865e-04 4.64716681439955185e-07
 1.97449999999999989e+02 1.98000000000000000e+02 7.12064041366202664e-04 4.68268758881906820e-07
 1.98000000000000000e+02 1.98550000000000011e+02 7.08198071706920076e-04 4.53117546066852355e-07
 1.98550000000000011e+02 1.99099999999999994e+02 7.05156019430592303e-04 4.69657204678082227e-07
 1.99099999999999994e+02 1.99650000000000006e+02 7.01550157111671766e-04 6.20946256994843514e-07
 1.99650000000000006e+02 2.00199999999999989e+02 6.96554852598823084e-04 4.50413312594346891e-07
 2.00199999999999989e+02 2.00750000000000000e+02 6.91839212548908786e-04 4.67085310330519472e-07
 2.00750000000000000e+02 2.01300000000000011e+02 6.89574008419391250e-04 4.82647303138748028e-07
 2.01300000000000011e+02 2.01849999999999994e+02 6.84864900243282136e-04 4.41679957581960311e-07
 2.01849999999999994e+02 2.02400000000000006e+02 6.80731493969972089e-04 4.58301253095111384e-07
 2.02400000000000006e+02 2.02949999999999989e+02 6.77431613841460341e-04 4.55877805914179110e-07
 2.02949999999999989e+02 2.03500000000000000e+02 6.72630581534364408e-04 4.52242597661294956e-07
 2.03500000000000000e+02 2.04050000000000011e+02 6.67741921111957015e-04 4.39493384182357955e-07
 2.04050000000000011e+02 2.04599999999999994e+02 6.64169447902223926e-04 4.42296552783428366e-07
 2.04599999999999994e+02 2.05150000000000006e+02 6.59691871965668516e-04 4.50380569888320549e-07
 2.05150000000000006e+02 2.05699999999999989e+02 6.55579274989275267e-04 4.37096813202551832e-07
 2.05699999999999989e+02 2.06250000000000000e+02 6.52504375066658110e-04 9.14794892209113388e-07
 2.06250000000000000e+02 2.06800000000000011e+02 6.47557278274907993e-04 4.54823641570360982e-07
 2.06800000000000011e+02 2.07349999999999994e+02 6.43396615207743328e-04 4.42063192819237893e-07
 2.07349999999999994e+02 2.07900000000000006e+02 6.39219341416504558e-04 4.36392922263523666e-07
 2.07900000000000006e+02 2.08449999999999989e+02 6.35332733838100917e-04 4.42359997189291311e-07
 2.08449999999999989e+02 2.09000000000000000e+02 6.30783154809119295e-04 4.61060514769588817e-07
 2.09000000000000000e+02 2.09550000000000011e+02 6.26907931465593682e-04 4.35518315897392974e-07
 2.09550000000000011e+02 2.10099999999999994e+02 6.22152591994464140e-04 4.27665724077261704e-07
 2.10099999999999994e+02 2.10650000000000006e+02 6.18406286306081329e-04 4.28848105813043514e-07
 2.10650000000000006e+02 2.11199999999999989e+02 6.14066739732255294e-04 4.22534194612870033e-07
 2.11199999999999989e+02 2.11750000000000000e+02 6.09591088832342779e-04 4.29250279535445116e-07
 2.11750000000000000e+02 2.12300000000000011e+02 6.05514090129596742e-04 4.73837857037404785e-07
 2.12300000000000011e+02 2.12849999999999994e+02 6.01424057439757954e-04 4.34750195050078035e-07
 2.12849999999999994e+02 2.13400000000000006e+02 5.96976131900821792e-04 4.39048719066650021e-07
 2.13400000000000006e+02 2.13949999999999989e+02 5.93152282816839177e-04 4.23306211297544797e-07
 2.13949999999999989e+02 2.14500000000000000e+02 5.89779582626029798e-04 6.12483786207654480e-07
 2.14500000000000000e+02 2.15050000000000011e+02 5.84373102264174353e-04 4.43515170299693114e-07
 2.15050000000000011e+02 2.15599999999999994e+02 5.79895297572640767e-04 4.35312420969104360e-07
 2.15599999999999994e+02 2.16150000000000006e+02 5.75053768281225054e-04 4.08093251280509238e-07
 2.16150000000000006e+02 2.16699999999999989e+02 5.71507556453204873e-04 4.17134556594820721e-07
 2.16699999999999989e+02 2.17250000000000000e+02 5.67615324911457269e-04 4.15327417708723215e-07
 2.17250000000000000e+02 2.17800000000000011e+02 5.62754086437893680e-04 5.23594319429663063e-07
 2.17800000000000011e+02 2.18349999999999994e+02 5.58325230004730138e-04 4.36915606302223810e-07
 2.18349999999999994e+02 2.18900000000000006e+02 5.53848958840548206e-04 4.30463249748692777e-07
 2.18900000000000006e+02 2.19449999999999989e+02 5.50092611277726968e-04 4.09171721089683160e-07
 2.19449999999999989e+02 2.20000000000000000e+02 5.45903736406988483e-04 4.22219136543034325e-07
 2.20000000000000000e+02 2.20550000000000011e+02 5.41409950871692223e-04 4.33079809659789068e-07
 2.20550000000000011e+02 2.21099999999999994e+02 5.36847096014055449e-04 4.01332498186696560e-07
 2.21099999999999994e+02 2.21650000000000006e+02 5.32890982272402904e-04 4.09025360199359217e-07
 2.21650000000000006e+02 2.22199999999999989e+02 5.27776116756134800e-04 3.93574960797056722e-07
 2.22199999999999989e+02 2.22750000000000000e+02 5.24324009922494199e-04 4.08325439555407421e-07
 2.22750000000000000e+02 2.23300000000000011e+02 5.18867719775930377e-04 3.92940908084820538e-07
 2.23300000000000011e+02 2.23849999999999994e+02 5.15397324117466277e-04 4.13762334310066274e-07
 2.23849999999999994e+02 2.24400000000000006e+02 5.10165020601088793e-04 4.01958960826839490e-07
 2.24400000000000006e+02 2.24949999999999989e+02 5.06662770315507191e-04 4.01947919927124245e-07
 2.24949999999999989e+02 2.25500000000000000e+02 5.02102964389637306e-04 3.90912795564006813e-07
 2.25500000000000000e+02 2.26050000000000011e+02 4.97961042108606422e-04 3.93617299097236626e-07
 2.26050000000000011e+02 2.26599999999999994e+02 4.93396056264936832e-04 3.87586975425672467e-07
 2.26599999999999994e+02 2.27150000000000006e+02 4.88644958293156084e-04 3.90113504627538278e-07
 2.27150000000000006e+02 2.27699999999999989e+02 4.83715293517611976e-04 3.63630697519752990e-07
 2.27699999999999989e+02 2.28250000000000000e+02 4.79398870018180349e-04 3.72284035674334333e-07
 2.28250000000000000e+02 2.28800000000000011e+02 4.74685688858482490e-04 3.59733534801796796e-07
 2.28800000000000011e+02 2.29349999999999994e+02 4.71254942024596781e-04 3.60888816704934003e-07
 2.29349999999999994e+02 2.29900000000000006e+02 4.67054591461711155e-04 3.89941793613982051e-07
 2.29900000000000006e+02 2.30449999999999989e+02 4.62613870986730775e-04 3.62941511377483536e-07
 2.30449999999999989e+02 2.31000000000000000e+02 4.58113784394938335e-04 3.97808054567437822e-07
 2.31000000000000000e+02 2.31550000000000011e+02 4.53766430758252288e-04 3.75602478228049742e-07
 2.31550000000000011e+02 2.32099999999999994e+02 4.49676129347519656e-04 3.91693806203181205e-07
 2.32099999999999994e+02 2.32650000000000006e+02 4.45015030556383698e-04 4.16434230453459163e-07
 2.32650000000000006e+02 2.33199999999999989e+02 4.40219601014150931e-04 3.61314744731271920e-07
 2.33199999999999989e+02 2.33750000000000000e+02 4.35351787701768287e-04 3.55612070326208201e-07
 2.33750000000000000e+02 2.34300000000000011e+02 4.32182013219790419e-04 3.58949088246581927e-07
 2.34300000000000011e+02 2.34849999999999994e+02 4.26762850162952317e-04 3.49167852618591536e-07
 2.34849999999999994e+02 2.35400000000000006e+02 4.23163184199087299e-04 3.53064889371762138e-07
 2.35400000000000006e+02 2.35949999999999989e+02 4.17800958288419447e-04 3.44228964766163171e-07
 2.35949999999999989e+02 2.36500000000000000e+02 4.13421655176686475e-04 3.45480165531413658e-07
 2.36500000000000000e+02 2.37050000000000011e+02 4.10543633558217908e-04 1.23460068236111380e-06
 2.37050000000000011e+02 2.37599999999999994e+02 4.05254182025409848e-04 3.51007899171252823e-07
 2.37599999999999994e+02 2.38150000000000006e+02 4.00532647225018039e-04 3.67863991795565728e-07
 2.38150000000000006e+02 2.38699999999999989e+02 3.97002315534871538e-04 4.25756127853890792e-07
 2.38699999999999989e+02 2.39250000000000000e+02 3.91509049505188802e-04 3.44523606171082625e-07
 2.39250000000000000e+02 2.39800000000000011e+02 3.87559089883047234e-04 3.37732171848799522e-07
 2.39800000000000011e+02 2.40349999999999994e+02 3.83394560288243761e-04 3.70062494150413107e-07
 2.40349999999999994e+02 2.40900000000000006e+02 3.78108598614042496e-04 3.21246675110052136e-07
 2.40900000000000006e+02 2.41449999999999989e+02 3.73951638934086165e-04 3.16234209696204426e-07
 2.41449999999999989e+02 2.42000000000000000e+02 3.69685630177333895e-04 3.23453138186075618e-07
 2.42000000000000000e+02 2.42550000000000011e+02 3.65316628518545230e-04 3.18174566364349570e-07
 2.42550000000000011e+02 2.43099999999999994e+02 3.60545608896686636e-04 3.13595037217757981e-07
 2.43099999999999994e+02 2.43650000000000006e+02 3.56148489232984236e-04 3.57296323982887614e-07
 2.43650000000000006e+02 2.44199999999999989e+02 3.51608928274044598e-04 3.31403239918536041e-07
 2.44199999999999989e+02 2.44750000000000000e+02 3.46927130186235836e-04 3.17378979702000422e-07
 2.44750000000000000e+02 2.45300000000000011e+02 3.42600486456355157e-04 3.09479727507450244e-07
 2.45300000000000011e+02 2.45849999999999994e+02 3.38609141999679725e-04 3.17087892487261439e-07
 2.45849999999999994e+02 2.46400000000000006e+02 3.33595564326906284e-04 3.10431611655599877e-07
 2.46400000000000006e+02 2.46949999999999989e+02 3.29693116260344548e-04 3.04735971600067002e-07
 2.46949999999999989e+02 2.47500000000000000e+02 3.24780106299842346e-04 3.05820980157092983e-07
 2.47500000000000000e+02 2.48050000000000011e+02 3.20711038093911651e-04 3.18329217920351680e-07
 2.48050000000000011e+02 2.48599999999999994e+02 3.16615373465529298e-04 3.01932477998045306e-07
 2.48599999999999994e+02 2.49150000000000006e+02 3.11798815889567020e-04 2.97250302973869171e-07
 2.49150000000000006e+02 2.49699999999999989e+02 3.07412121543775875e-04 3.17902847024257130e-07
 2.49699999999999989e+02 2.50250000000000000e+02 3.02972925250422488e-04 3.20098510045625703e-07
 2.50250000000000000e+02 2.50800000000000011e+02 2.98296149867301815e-04 2.92505756448643257e-07
 2.50800000000000011e+02 2.51349999999999994e+02 2.93634802456081917e-04 2.86386467041840259e-07
 2.51349999999999994e+02 2.51900000000000006e+02 2.89262748741637738e-04 2.96228562336132185e-07
 2.51900000000000006e+02 2.52449999999999989e+02 2.84991529983817855e-04 2.82759168642679391e-07
 2.52449999999999989e+02 2.53000000000000000e+02 2.80327879238938412e-04 2.86489420582334655e-07
 2.53000000000000000e+02 2.53550000000000011e+02 2.75613917718309080e-04 2.76964697778424872e-07
 2.53550000000000011e+02 2.54099999999999994e+02 2.71464725239366732e-04 2.79424457037756776e-07
 2.54099999999999994e+02 2.54650000000000006e+02 2.67051360562532768e-04 2.71974884092094400e-07
 2.54650000000000006e+02 2.55199999999999989e+02 2.62910767443521372e-04 2.78137928101981366e-07
 2.55199999999999989e+02 2.55750000000000000e+02 2.58112412839508901e-04 2.65713896878395943e-07
 2.55750000000000000e+02 2.56300000000000011e+02 2.53597758835229616e-04 2.67361932713371572e-07
 2.56300000000000011e+02 2.56850000000000023e+02 2.49748816215354360e-04 2.67804530143301058e-07
 2.56850000000000023e+02 2.57399999999999977e+02 2.45375452305639978e-04 2.58851158502306933e-07
 2.57399999999999977e+02 2.57949999999999989e+02 2.41242458124950077e-04 2.63299355421720418e-07
 2.57949999999999989e+02 2.58500000000000000e+02 2.36925843011173075e-04 2.92203238841582690e-07
 2.58500000000000000e+02 2.59050000000000011e+02 2.32757806013917577e-04 2.69417659979175081e-07
 2.59050000000000011e+02 2.59600000000000023e+02 2.28795790610566199e-04 2.49478436197401213e-07
 2.59600000000000023e+02 2.60149999999999977e+02 2.24432142948712324e-04 2.40417859489741156e-07
 2.60149999999999977e+02 2.60699999999999989e+02 2.20654582366170565e-04 2.51973432033782382e-07
 2.60699999999999989e+02 2.61250000000000000e+02 2.16710412459639797e-04 2.47363579535420774e-07
 2.61250000000000000e+02 2.61800000000000011e+02 2.12511711236481709e-04 2.58672105953609212e-07
 2.61800000000000011e+02 2.62350000000000023e+02 2.08699157104473570e-04 2.34685587174966883e-07
 2.62350000000000023e+02 2.62899999999999977e+02 2.04377905379005814e-04 2.34719812834586863e-07
 2.62899999999999977e+02 2.63449999999999989e+02 2.00998004916619279e-04 2.41756241894210074e-07
 2.63449999999999989e+02 2.64000000000000000e+02 1.97111366683666426e-04 2.48624631497204875e-07
 2.64000000000000000e+02 2.64550000000000011e+02 1.93625017947706015e-04 2.32811262800715177e-07
 2.64550000000000011e+02 2.65100000000000023e+02 1.89411171736970083e-04 2.99648177299270416e-07
 2.65100000000000023e+02 2.65649999999999977e+02 1.85691551094861485e-04 2.25518742264788494e-07
 2.65649999999999977e+02 2.66199999999999989e+02 1.82220692661487087e-04 2.25848391379035955e-07
 2.66199999999999989e+02 2.66750000000000000e+02 1.78851189914281349e-04 2.68413029915331843e-07
 2.66750000000000000e+02 2.67300000000000011e+02 1.74866053416178736e-04 2.22667819122440622e-07
 2.67300000000000011e+02 2.67850000000000023e+02 1.70958390975188475e-04 2.18184548969639080e-07
 2.67850000000000023e+02 2.68399999999999977e+02 1.67908483702092356e-04 2.17969774392747538e-07
 2.68399999999999977e+02 2.68949999999999989e+02 1.64161246272313078e-04 2.48664918972390333e-07
 2.68949999999999989e+02 2.69500000000000000e+02 1.60650660787782485e-04 2.41364530300592994e-07
 2.69500000000000000e+02 2.70050000000000011e+02 1.57456111517780326e-04 2.13866079315436829e-07
 2.70050000000000011e+02 2.70600000000000023e+02 1.54030268335127570e-04 2.01178585014519105e-07
 2.70600000000000023e+02 2.71149999999999977e+02 1.50505520050021272e-04 2.03187938910416866e-07
 2.71149999999999977e+02 2.71699999999999989e+02 1.47192832168041219e-04 2.39863999315807426e-07
 2.71699999999999989e+02 2.72250000000000000e+02 1.43830183338414366e-04 1.98139465555065499e-07
 2.72250000000000000e+02 2.72800000000000011e+02 1.40331685312508099e-04 2.08702022928358181e-07
 2.72800000000000011e+02 2.73350000000000023e+02 1.37211747246171500e-04 1.99377279112836917e-07
 2.73350000000000023e+02 2.73899999999999977e+02 1.33641717706962292e-04 1.95738816908535319e-07
 2.73899999999999977e+02 2.74449999999999989e+02 1.30790728602562357e-04 1.91065778152820957e-07
 2.74449999999999989e+02 2.75000000000000000e+02 1.27891927480155759e-04 2.04765607691495171e-07
 2.75000000000000000e+02 2.75550000000000011e+02 1.24541531473854712e-04 1.89286100946904098e-07
 2.75550000000000011e+02 2.76100000000000023e+02 1.21438970483331540e-04 1.89120597521642366e-07
 2.76100000000000023e+02 2.76649999999999977e+02 1.18620203671376625e-04 1.88400493531831720e-07
 2.76649999999999977e+02 2.77199999999999989e+02 1.16059084711165580e-04 2.63037075113995794e-07
 2.77199999999999989e+02 2.77750000000000000e+02 1.12888453455687733e-04 1.86666775884585376e-07
 2.77750000000000000e+02 2.78300000000000011e+02 1.09973589442203461e-04 1.87785099879076335e-07
 2.78300000000000011e+02 2.78850000000000023e+02 1.07105378222330163e-04 1.80707785250777121e-07
 2.78850000000000023e+02 2.79399999999999977e+02 1.04303488106591543e-04 2.00717982515325288e-07
 2.79399999999999977e+02 2.79949999999999989e+02 1.01433532605399822e-04 1.68993511071332811e-07
 2.79949999999999989e+02 2.80500000000000000e+02 9.86275498659887090e-05 1.98127544746288171e-07
 2.80500000000000000e+02 2.81050000000000011e+02 9.54164498900686355e-05 1.76511342735078202e-07
 2.81050000000000011e+02 2.81600000000000023e+02 9.30320034012024693e-05 2.34768127064987239e-07
 2.81600000000000023e+02 2.82149999999999977e+02 9.07300904888356158e-05 1.64877196891503392e-07
 2.82149999999999977e+02 2.82699999999999989e+02 8.78828482053789907e-05 1.68304067179749524e-07
 2.82699999999999989e+02 2.83250000000000000e+02 8.55318904737451880e-05 1.85663071691096543e-07
 2.83250000000000000e+02 2.83800000000000011e+02 8.25040745341926824e-05 1.63339741150753328e-07
 2.83800000000000011e+02 2.84350000000000023e+02 7.97117042161677027e-05 6.76025141681037467e-07
 2.84350000000000023e+02 2.84899999999999977e+02 7.79235889300336119e-05 1.61800536391500023e-07
 2.84899999999999977e+02 2.85449999999999989e+02 7.48762270802952204e-05 1.53267600481521155e-07
 2.85449999999999989e+02 2.86000000000000000e+02 7.22813394090034606e-05 1.48769173740716223e-07
 2.86000000000000000e+02 2.86550000000000011e+02 7.01012803598811561e-05 1.61802842548067870e-07
 2.86550000000000011e+02 2.87100000000000023e+02 6.75903020476444999e-05 1.57377283052851403e-07
 2.87100000000000023e+02 2.87649999999999977e+02 6.54094772631841700e-05 1.54123827508102129e-07
 2.87649999999999977e+02 2.88199999999999989e+02 6.28292630957743512e-05 1.41173283669104899e-07
 2.88199999999999989e+02 2.88750000000000000e+02 6.06068377552008319e-05 1.46726757055178194e-07
 2.88750000000000000e+02 2.89300000000000011e+02 5.83254433560451426e-05 1.58808975444960798e-07
 2.89300000000000011e+02 2.89850000000000023e+02 5.60334915447156196e-05 1.43315977674216263e-07
 2.89850000000000023e+02 2.90399999999999977e+02 5.38450088166535064e-05 1.47741133657312051e-07
 2.90399999999999977e+02 2.90949999999999989e+02 5.17490351137490958e-05 1.36392481136747691e-07
 2.90949999999999989e+02 2.91500000000000000e+02 4.95967623212103793e-05 1.38950634494085787e-07
 2.91500000000000000e+02 2.92050000000000011e+02 4.71325957399875759e-05 1.52216366362841964e-07
 2.92050000000000011e+02 2.92600000000000023e+02 4.52052438619307692e-05 1.27208404076272610e-07
 2.92600000000000023e+02 2.93149999999999977e+02 4.30613271060899494e-05 1.24547945341120600e-07
 2.93149999999999977e+02 2.93699999999999989e+02 4.10919438090837330e-05 1.26178273014173314e-07
 2.93699999999999989e+02 2.94250000000000000e+02 3.95002013917695037e-05 1.40236821440324201e-07
 2.94250000000000000e+02 2.94800000000000011e+02 3.72824271167758055e-05 1.22301181063759451e-07
 2.94800000000000011e+02 2.95350000000000023e+02 3.53338185630642501e-05 1.17709139562421473e-07
 2.95350000000000023e+02 2.95899999999999977e+02 3.36720734451514148e-05 1.17986393692640868e-07
 2.95899999999999977e+02 2.96449999999999989e+02 3.16596120785214623e-05 1.13938522236645188e-07
 2.96449999999999989e+02 2.97000000000000000e+02 2.99753304205620121e-05 1.21819301455674100e-07
 2.97000000000000000e+02 2.97550000000000011e+02 2.82917250960723714e-05 1.14447589073503559e-07
 2.97550000000000011e+02 2.98100000000000023e+02 2.64983763394612993e-05 1.03369074959139539e-07
 2.98100000000000023e+02 2.98649999999999977e+02 2.49383882395632169e-05 1.06686535103654415e-07
 2.98649999999999977e+02 2.99199999999999989e+02 2.32911916223456167e-05 1.04941995451806020e-07
 2.99199999999999989e+02 2.99750000000000000e+02 2.14836571035493997e-05 1.02399052824183313e-07
 2.99750000000000000e+02 3.00300000000000011e+02 2.00631860684278138e-05 1.08881546639030166e-07
 3.00300000000000011e+02 3.00850000000000023e+02 1.85735216423354637e-05 1.00767720518097294e-07
 3.00850000000000023e+02 3.01399999999999977e+02 1.71132824351804951e-05 9.28967955547414768e-08
 3.01399999999999977e+02 3.01949999999999989e+02 1.57342476110861713e-05 8.71367409655904593e-08
 3.01949999999999989e+02 3.02500000000000000e+02 1.43809004965449979e-05 9.15120048555600614e-08
 3.02500000000000000e+02 3.03050000000000011e+02 1.31372780290897747e-05 1.08241223045041862e-07
 3.03050000000000011e+02 3.03600000000000023e+02 1.19745404814575452e-05 8.17779565150806479e-08
 3.03600000000000023e+02 3.04149999999999977e+02 1.05745379276222958e-05 8.03076122570885042e-08
 3.04149999999999977e+02 3.04699999999999989e+02 9.66562553566893265e-06 7.56875483784544638e-08
 3.04699999999999989e+02 3.05250000000000000e+02 8.79006820900449023e-06 1.84723183613865405e-07
 3.05250000000000000e+02 3.05800000000000011e+02 7.55144920897378128e-06 6.96142295296817708e-08
 3.05800000000000011e+02 3.06350000000000023e+02 6.61219992676743041e-06 6.66355048869940850e-08
 3.06350000000000023e+02 3.06899999999999977e+02 5.73814405058361383e-06 6.45261898664617280e-08
 3.06899999999999977e+02 3.07449999999999989e+02 4.81818315223864197e-06 5.88744692384850071e-08
 3.07449999999999989e+02 3.08000000000000000e+02 4.08438086878344943e-06 5.79739107686612946e-08
 3.08000000000000000e+02 3.08550000000000011e+02 3.43039539573271795e-06 5.34232508562065010e-08
 3.08550000000000011e+02 3.09100000000000023e+02 2.78375947308638485e-06 4.63826079344258524e-08
 3.09100000000000023e+02 3.09649999999999977e+02 2.21940561360992959e-06 5.90103224976812098e-08
 3.09649999999999977e+02 3.10199999999999989e+02 1.60112077489327330e-06 3.99056452179298408e-08
 3.10199999999999989e+02 3.10750000000000000e+02 1.19639472192162193e-06 3.62867956271744584e-08
 3.10750000000000000e+02 3.11300000000000011e+02 8.26570801127369525e-07 2.94209679713169752e-08
 3.11300000000000011e+02 3.11850000000000023e+02 4.83154146726925886e-07 2.38828805757724137e-08
 3.11850000000000023e+02 3.12399999999999977e+02 2.57083291055916083e-07 1.92631476594365857e-08
 3.12399999999999977e+02 3.12949999999999989e+02 1.01137955871269032e-07 1.02119844526832630e-08
 3.12949999999999989e+02 3.13500000000000000e+02 1.46447361266992379e-08 2.74106592081196044e-09
 3.13500000000000000e+02 3.14050000000000011e+02 4.72948835054634348e-11 4.72948835054634412e-11
 3.14050000000000011e+02 3.14600000000000023e+02 0.00000000000000000e+00 0.00000000000000000e+00
 3.14600000000000023e+02 3.15149999999999977e+02 0.00000000000000000e+00 0.00000000000000000e+00
 3.15149999999999977e+02 3.15699999999999989e+02 0.00000000000000000e+00 0.00000000000000000e+00
 3.15699999999999989e+02 3.16250000000000000e+02 0.00000000000000000e+00 0.00000000000000000e+00
 3.16250000000000000e+02 3.16800000000000011e+02 0.00000000000000000e+00 0.00000000000000000e+00
 3.16800000000000011e+02 3.17350000000000023e+02 0.00000000000000000e+00 0.00000000000000000e+00
 3.17350000000000023e+02 3.17899999999999977e+02 0.00000000000000000e+00 0.00000000000000000e+00
 3.17899999999999977e+02 3.18449999999999989e+02 0.00000000000000000e+00 0.00000000000000000e+00
 3.18449999999999989e+02 3.19000000000000000e+02 0.00000000000000000e+00 0.00000000000000000e+00
 3.19000000000000000e+02 3.19550000000000011e+02 0.00000000000000000e+00 0.00000000000000000e+00
 3.19550000000000011e+02 3.20100000000000023e+02 0.00000000000000000e+00 0.00000000000000000e+00
 3.20100000000000023e+02 3.20649999999999977e+02 0.00000000000000000e+00 0.00000000000000000e+00
 3.20649999999999977e+02 3.21199999999999989e+02 0.00000000000000000e+00 0.00000000000000000e+00
 3.21199999999999989e+02 3.21750000000000000e+02 0.00000000000000000e+00 0.00000000000000000e+00
 3.21750000000000000e+02 3.22300000000000011e+02 0.00000000000000000e+00 0.00000000000000000e+00
 3.22300000000000011e+02 3.22850000000000023e+02 0.00000000000000000e+00 0.00000000000000000e+00
 3.22850000000000023e+02 3.23399999999999977e+02 0.00000000000000000e+00 0.00000000000000000e+00
 3.23399999999999977e+02 3.23949999999999989e+02 0.00000000000000000e+00 0.00000000000000000e+00
 3.23949999999999989e+02 3.24500000000000000e+02 0.00000000000000000e+00 0.00000000000000000e+00
 3.24500000000000000e+02 3.25050000000000011e+02 0.00000000000000000e+00 0.00000000000000000e+00
 3.25050000000000011e+02 3.25600000000000023e+02 0.00000000000000000e+00 0.00000000000000000e+00
 3.25600000000000023e+02 3.26149999999999977e+02 0.00000000000000000e+00 0.00000000000000000e+00
 3.26149999999999977e+02 3.26699999999999989e+02 0.00000000000000000e+00 0.00000000000000000e+00
 3.26699999999999989e+02 3.27250000000000000e+02 0.00000000000000000e+00 0.00000000000000000e+00
 3.27250000000000000e+02 3.27800000000000011e+02 0.00000000000000000e+00 0.00000000000000000e+00
 3.27800000000000011e+02 3.28350000000000023e+02 0.00000000000000000e+00 0.00000000000000000e+00
 3.28350000000000023e+02 3.28899999999999977e+02 0.00000000000000000e+00 0.00000000000000000e+00
 3.28899999999999977e+02 3.29449999999999989e+02 0.00000000000000000e+00 0.00000000000000000e+00
 3.29449999999999989e+02 3.30000000000000000e+02 0.00000000000000000e+00 0.00000000000000000e+00

Histogram:lpp+
 1.06000000000000000e+02 1.06686666666666667e+02 0.00000000000000000e+00 0.00000000000000000e+00
 1.06686666666666667e+02 1.07373333333333335e+02 7.47988099902830590e-09 2.22637415497785393e-09
 1.07373333333333335e+02 1.08060000000000002e+02 2.87123299476382125e-07 1.53052650588172421e-08
 1.08060000000000002e+02 1.08746666666666670e+02 6.10283587264283568e-07 2.34116493784559144e-08
 1.08746666666666670e+02 1.09433333333333337e+02 9.64755913063300376e-07 2.29781182561383563e-08
 1.09433333333333337e+02 1.10120000000000005e+02 1.42675809422946998e-06 4.02801600286392150e-08
 1.10120000000000005e+02 1.10806666666666672e+02 1.81021932264727044e-06 3.92879035979705453e-08
 1.10806666666666672e+02 1.11493333333333339e+02 2.28954990057782260e-06 5.25075210651546666e-08
 1.11493333333333339e+02 1.12180000000000007e+02 2.67161390239454604e-06 6.17867054836280175e-08
 1.12180000000000007e+02 1.12866666666666660e+02 3.00070676893095645e-06 5.18040063993802372e-08
 1.12866666666666660e+02 1.13553333333333327e+02 3.51826874942599222e-06 5.54877974435346797e-08
 1.13553333333333327e+02 1.14239999999999995e+02 4.07885751101300509e-06 7.16435703434629577e-08
 1.14239999999999995e+02 1.14926666666666662e+02 4.61784965565828297e-06 1.64503700218615417e-07
 1.14926666666666662e+02 1.15613333333333330e+02 4.72463743398507326e-06 5.80439858266730532e-08
 1.15613333333333330e+02 1.16299999999999997e+02 5.19676094370261069e-06 5.34885084915278645e-08
 1.16299999999999997e+02 1.16986666666666665e+02 5.78451407453521245e-06 6.83370414962316597e-08
 1.16986666666666665e+02 1.17673333333333332e+02 6.22645733662430886e-06 7.21126324178373630e-08
 1.17673333333333332e+02 1.18359999999999999e+02 6.60110022570600161e-06 6.54422661619276426e-08
 1.18359999999999999e+02 1.19046666666666667e+02 7.25577554565121817e-06 1.00513866361310824e-07
 1.19046666666666667e+02 1.19733333333333334e+02 7.54349844554554601e-06 6.99058323750940519e-08
 1.19733333333333334e+02 1.20420000000000002e+02 8.30217778986657199e-06 9.53682151604257735e-08
 1.20420000000000002e+02 1.21106666666666669e+02 8.47256550572806517e-06 6.62930950608003928e-08
 1.21106666666666669e+02 1.21793333333333337e+02 9.17201684811127106e-06 7.59343809054701065e-08
 1.21793333333333337e+02 1.22480000000000004e+02 9.59279604616854021e-06 8.38631507979228400e-08
 1.22480000000000004e+02 1.23166666666666671e+02 1.00710780936658171e-05 8.67993622385267393e-08
 1.23166666666666671e+02 1.23853333333333325e+02 1.06660677509479310e-05 1.12053402340806042e-07
 1.23853333333333325e+02 1.24539999999999992e+02 1.13013758574482574e-05 1.29332271053676650e-07
 1.24539999999999992e+02 1.25226666666666659e+02 1.14436651688657686e-05 7.45817143188053150e-08
 1.25226666666666659e+02 1.25913333333333327e+02 1.23998706122448596e-05 1.52451478357849986e-07
 1.25913333333333327e+02 1.26599999999999994e+02 1.27303528006601817e-05 1.11533472167036567e-07
 1.26599999999999994e+02 1.27286666666666662e+02 1.31450544460016287e-05 8.50744016646104758e-08
 1.27286666666666662e+02 1.27973333333333329e+02 1.37542976733852705e-05 8.79213537674226833e-08
 1.27973333333333329e+02 1.28659999999999997e+02 1.44294792244315680e-05 1.03352402863461483e-07
 1.28659999999999997e+02 1.29346666666666664e+02 1.49166575219787155e-05 8.35359959535964909e-08
 1.29346666666666664e+02 1.30033333333333331e+02 1.56688240537242578e-05 1.01080476502379895e-07
 1.30033333333333331e+02 1.30719999999999999e+02 1.59565852954999438e-05 9.73628649104941837e-08
 1.30719999999999999e+02 1.31406666666666666e+02 1.67339595904258377e-05 1.10113316153445600e-07
 1.31406666666666666e+02 1.32093333333333334e+02 1.72204532863837473e-05 9.29930345025229376e-08
 1.32093333333333334e+02 1.32780000000000001e+02 1.79495181685518594e-05 1.17381243286297419e-07
 1.32780000000000001e+02 1.33466666666666669e+02 1.83417148347369385e-05 9.74658735788803122e-08
 1.33466666666666669e+02 1.34153333333333336e+02 1.90797222551860190e-05 1.12474629294029446e-07
 1.34153333333333336e+02 1.34840000000000003e+02 1.98967168328525714e-05 2.45031248560399690e-07
 1.34840000000000003e+02 1.35526666666666671e+02 2.03267612550701620e-05 1.04532638034479982e-07
 1.35526666666666671e+02 1.36213333333333338e+02 2.11139270852558195e-05 2.00339919848270810e-07
 1.36213333333333338e+02 1.36900000000000006e+02 2.13940071042767197e-05 1.01831636507111834e-07
 1.36900000000000006e+02 1.37586666666666673e+02 2.22542394676641268e-05 1.06733799166212938e-07
 1.37586666666666673e+02 1.38273333333333341e+02 2.26905456597776647e-05 1.07733665451742463e-07
 1.38273333333333341e+02 1.38960000000000008e+02 2.34012866016408286e-05 1.05058417706790871e-07
 1.38960000000000008e+02 1.39646666666666675e+02 2.41728839722312308e-05 1.31759805852530844e-07
 1.39646666666666675e+02 1.40333333333333343e+02 2.46970808473585634e-05 1.12314603388020949e-07
 1.40333333333333343e+02 1.41020000000000010e+02 2.55041890645772248e-05 1.20588774935525996e-07
 1.41020000000000010e+02 1.41706666666666649e+02 2.61774227218609777e-05 1.16225134887164594e-07
 1.41706666666666649e+02 1.42393333333333317e+02 2.68994400340334126e-05 1.14370734169964242e-07
 1.42393333333333317e+02 1.43079999999999984e+02 2.75060712195504637e-05 1.18033576480062190e-07
 1.43079999999999984e+02 1.43766666666666652e+02 2.83263795118970598e-05 1.47725783980464872e-07
 1.43766666666666652e+02 1.44453333333333319e+02 2.89507508515660242e-05 1.25275110305135642e-07
 1.44453333333333319e+02 1.45139999999999986e+02 2.96940613850972352e-05 1.30238172526885138e-07
 1.45139999999999986e+02 1.45826666666666654e+02 3.03466762307972095e-05 1.37952983192120290e-07
 1.45826666666666654e+02 1.46513333333333321e+02 3.12597833953969401e-05 1.35058779111126022e-07
 1.46513333333333321e+02 1.47199999999999989e+02 3.19124049687721076e-05 1.36859222469644915e-07
 1.47199999999999989e+02 1.47886666666666656e+02 3.24983389525699838e-05 1.29829650511629784e-07
 1.47886666666666656e+02 1.48573333333333323e+02 3.32233979087288988e-05 1.27618104332347543e-07
 1.48573333333333323e+02 1.49259999999999991e+02 3.38863380709947425e-05 1.28301544870357952e-07
 1.49259999999999991e+02 1.49946666666666658e+02 3.48101851446071316e-05 1.56854569804458486e-07
 1.49946666666666658e+02 1.50633333333333326e+02 3.55756041126765676e-05 1.26950334257747231e-07
 1.50633333333333326e+02 1.51319999999999993e+02 3.61507453240122971e-05 1.29306693785465384e-07
 1.51319999999999993e+02 1.52006666666666661e+02 3.71702541886375235e-05 1.37198523598391984e-07
 1.52006666666666661e+02 1.52693333333333328e+02 3.77202762321743733e-05 1.48815580174880976e-07
 1.52693333333333328e+02 1.53379999999999995e+02 3.84809395962280496e-05 1.47048911896710560e-07
 1.53379999999999995e+02 1.54066666666666663e+02 3.93221087182882111e-05 1.37543001341861922e-07
 1.54066666666666663e+02 1.54753333333333330e+02 4.02269755751917407e-05 1.46290612456457259e-07
 1.54753333333333330e+02 1.55439999999999998e+02 4.09000164287675580e-05 1.81444767485925196e-07
 1.55439999999999998e+02 1.56126666666666665e+02 4.15621446879080843e-05 1.40189926027078382e-07
 1.56126666666666665e+02 1.56813333333333333e+02 4.23771798262616536e-05 1.40770995880025296e-07
 1.56813333333333333e+02 1.57500000000000000e+02 4.32733074117116841e-05 1.49043410483893139e-07
 1.57500000000000000e+02 1.58186666666666667e+02 4.43128935940826458e-05 1.43595843444357081e-07
 1.58186666666666667e+02 1.58873333333333335e+02 4.50367484279501760e-05 1.41632276893790121e-07
 1.58873333333333335e+02 1.59560000000000002e+02 4.58902173310299927e-05 1.44833997057534396e-07
 1.59560000000000002e+02 1.60246666666666670e+02 8.36200847501049940e-05 1.85632516011985989e-07
 1.60246666666666670e+02 1.60933333333333337e+02 1.50620647203479304e-04 2.20626945870343420e-07
 1.60933333333333337e+02 1.61620000000000005e+02 1.52327208761276583e-04 2.41005617207784429e-07
 1.61620000000000005e+02 1.62306666666666672e+02 1.54030450763327124e-04 2.54558901786463006e-07
 1.62306666666666672e+02 1.62993333333333339e+02 1.54629666524619581e-04 2.13163806824754842e-07
 1.62993333333333339e+02 1.63680000000000007e+02 1.56594743313268005e-04 2.96814943190886981e-07
 1.63680000000000007e+02 1.64366666666666674e+02 1.58267084069129690e-04 2.23713186255886164e-07
 1.64366666666666674e+02 1.65053333333333342e+02 1.59509647836468695e-04 2.23470935429419981e-07
 1.65053333333333342e+02 1.65740000000000009e+02 1.61520742302915762e-04 2.28920217367786742e-07
 1.65740000000000009e+02 1.66426666666666677e+02 1.63024267289527320e-04 2.49466695485756665e-07
 1.66426666666666677e+02 1.67113333333333344e+02 1.63781571783037824e-04 2.33652941168074450e-07
 1.67113333333333344e+02 1.67800000000000011e+02 1.65741913537521682e-04 2.49455484412375967e-07
 1.67800000000000011e+02 1.68486666666666679e+02 1.67100623963059168e-04 2.37914811583024344e-07
 1.68486666666666679e+02 1.69173333333333346e+02 1.68569807928454314e-04 2.20814486132600199e-07
 1.69173333333333346e+02 1.69860000000000014e+02 1.70048682781375149e-04 2.32695196139208756e-07
 1.69860000000000014e+02 1.70546666666666681e+02 1.71714489181981113e-04 2.67466237969924094e-07
 1.70546666666666681e+02 1.71233333333333348e+02 1.73551574488401978e-04 2.28624590684873326e-07
 1.71233333333333348e+02 1.71920000000000016e+02 1.74891957279602202e-04 2.27517694496593859e-07
 1.71920000000000016e+02 1.72606666666666683e+02 1.76437367056462256e-04 2.33537438421909741e-07
 1.72606666666666683e+02 1.73293333333333351e+02 1.78089290065136280e-04 2.47691331245183613e-07
 1.73293333333333351e+02 1.73980000000000018e+02 1.79028732259779093e-04 2.27713129530699401e-07
 1.73980000000000018e+02 1.74666666666666686e+02 1.81387952191048262e-04 2.43710767035411568e-07
 1.74666666666666686e+02 1.75353333333333353e+02 1.82513111017560168e-04 8.87816869039259120e-07
 1.75353333333333353e+02 1.76040000000000020e+02 1.84599931026124088e-04 2.69022059751136656e-07
 1.76040000000000020e+02 1.76726666666666688e+02 1.86152721452759298e-04 2.34830039355889047e-07
 1.76726666666666688e+02 1.77413333333333327e+02 1.87409654612522182e-04 2.36367670565658591e-07
 1.77413333333333327e+02 1.78099999999999994e+02 1.89344697998486302e-04 2.37968436119442469e-07
 1.78099999999999994e+02 1.78786666666666662e+02 1.91009717662958669e-04 2.34782596013555660e-07
 1.78786666666666662e+02 1.79473333333333329e+02 1.92655437124370789e-04 2.33757549443436068e-07
 1.79473333333333329e+02 1.80159999999999997e+02 1.94612785510378679e-04 2.82799467747128789e-07
 1.80159999999999997e+02 1.80846666666666664e+02 1.96294335783514290e-04 2.38455978660527093e-07
 1.80846666666666664e+02 1.81533333333333331e+02 1.98193420918080980e-04 2.58092366682548953e-07
 1.81533333333333331e+02 1.82219999999999999e+02 1.99324317371677812e-04 2.39573499600836793e-07
 1.82219999999999999e+02 1.82906666666666666e+02 2.01337320923023345e-04 2.36425875835096081e-07
 1.82906666666666666e+02 1.83593333333333334e+02 2.03486891217223971e-04 2.50859197269122335e-07
 1.83593333333333334e+02 1.84280000000000001e+02 2.05092407289034890e-04 2.49680557282653153e-07
 1.84280000000000001e+02 1.84966666666666669e+02 2.06619055905146216e-04 2.54040623578291099e-07
 1.84966666666666669e+02 1.85653333333333336e+02 2.08100547828408766e-04 2.46139147333925675e-07
 1.85653333333333336e+02 1.86340000000000003e+02 2.10472700610375040e-04 2.62793012466604305e-07
 1.86340000000000003e+02 1.87026666666666671e+02 2.12095543372100767e-04 2.47891008580843561e-07
 1.87026666666666671e+02 1.87713333333333338e+02 2.14048095328555292e-04 2.84075422443190511e-07
 1.87713333333333338e+02 1.88400000000000006e+02 2.15578162812176896e-04 2.51619798306428285e-07
 1.88400000000000006e+02 1.89086666666666673e+02 2.17734074134888684e-04 2.63701453832276669e-07
 1.89086666666666673e+02 1.89773333333333312e+02 2.19348257009559998e-04 3.09612402321317193e-07
 1.89773333333333312e+02 1.90459999999999980e+02 2.21601769576201926e-04 2.71098117297389229e-07
 1.90459999999999980e+02 1.91146666666666647e+02 2.22507114183783999e-04 2.56335213324648542e-07
 1.91146666666666647e+02 1.91833333333333314e+02 2.24760277790010731e-04 2.78323092767211593e-07
 1.91833333333333314e+02 1.92519999999999982e+02 2.27292741411728132e-04 4.20349533861096581e-07
 1.92519999999999982e+02 1.93206666666666649e+02 2.29268326195112236e-04 4.09651711692402244e-07
 1.93206666666666649e+02 1.93893333333333317e+02 2.30652163306493653e-04 2.60206853949928437e-07
 1.93893333333333317e+02 1.94579999999999984e+02 2.32387192899733238e-04 2.97692916166373210e-07
 1.94579999999999984e+02 1.95266666666666652e+02 2.33853032750537022e-04 2.62601962245787050e-07
 1.95266666666666652e+02 1.95953333333333319e+02 2.36248559834532104e-04 2.66672377055758523e-07
 1.95953333333333319e+02 1.96639999999999986e+02 2.38450872926525086e-04 2.78540157555495740e-07
 1.96639999999999986e+02 1.97326666666666654e+02 2.40769284984930347e-04 2.73215289772781633e-07
 1.97326666666666654e+02 1.98013333333333321e+02 2.41837131265551524e-04 2.74532199551214572e-07
 1.98013333333333321e+02 1.98699999999999989e+02 2.44076970910908988e-04 2.82867702225730753e-07
 1.98699999999999989e+02 1.99386666666666656e+02 2.46697136633179095e-04 3.06440212486737912e-07
 1.99386666666666656e+02 2.00073333333333323e+02 2.48689756343688706e-04 2.76758729050195536e-07
 2.00073333333333323e+02 2.00759999999999991e+02 2.49995475734602626e-04 2.78309457758445845e-07
 2.00759999999999991e+02 2.01446666666666658e+02 2.52093176497742691e-04 2.81363624391617044e-07
 2.01446666666666658e+02 2.02133333333333326e+02 2.53947436604593543e-04 2.87898393660908069e-07
 2.02133333333333326e+02 2.02819999999999993e+02 2.56684973944962356e-04 2.80355631963620240e-07
 2.02819999999999993e+02 2.03506666666666661e+02 2.58837939617288099e-04 2.89108501199994631e-07
 2.03506666666666661e+02 2.04193333333333328e+02 2.60406564237796920e-04 2.76573938562525736e-07
 2.04193333333333328e+02 2.04879999999999995e+02 2.62106219720935904e-04 2.83650865024451502e-07
 2.04879999999999995e+02 2.05566666666666663e+02 2.64950713469826475e-04 2.98059105483743579e-07
 2.05566666666666663e+02 2.06253333333333330e+02 2.66993312928737105e-04 2.73397917677936015e-07
 2.06253333333333330e+02 2.06939999999999998e+02 2.69075731328475881e-04 3.31895979150470294e-07
 2.06939999999999998e+02 2.07626666666666665e+02 2.71227095895561915e-04 2.92974313927886250e-07
 2.07626666666666665e+02 2.08313333333333333e+02 2.73797994249064692e-04 3.08872705020872326e-07
 2.08313333333333333e+02 2.09000000000000000e+02 2.75421548128003738e-04 2.97681311080473788e-07
 2.09000000000000000e+02 2.09686666666666667e+02 2.77594656871780641e-04 2.84762030389065495e-07
 2.09686666666666667e+02 2.10373333333333335e+02 2.80303375160556839e-04 3.04938413086126671e-07
 2.10373333333333335e+02 2.11060000000000002e+02 2.82155074210206690e-04 2.93050407139945501e-07
 2.11060000000000002e+02 2.11746666666666670e+02 2.84329363440586486e-04 3.32944741453103131e-07
 2.11746666666666670e+02 2.12433333333333337e+02 2.87157761062362181e-04 3.07441732113960966e-07
 2.12433333333333337e+02 2.13120000000000005e+02 2.88848730207309843e-04 2.95730893858171244e-07
 2.13120000000000005e+02 2.13806666666666672e+02 2.92007805206474954e-04 3.03872277898611254e-07
 2.13806666666666672e+02 2.14493333333333339e+02 2.93968362016945909e-04 3.91809662860327927e-07
 2.14493333333333339e+02 2.15180000000000007e+02 2.96397961350249950e-04 3.03687359551867631e-07
 2.15180000000000007e+02 2.15866666666666674e+02 2.98603125776239183e-04 2.98700991075796627e-07
 2.15866666666666674e+02 2.16553333333333342e+02 3.00706225146527375e-04 2.98722466648179697e-07
 2.16553333333333342e+02 2.17240000000000009e+02 3.03590849840650609e-04 3.24094069044882928e-07
 2.17240000000000009e+02 2.17926666666666677e+02 3.06102374761248771e-04 3.46688818601932837e-07
 2.17926666666666677e+02 2.18613333333333344e+02 3.08495499071011073e-04 3.03366199883617543e-07
 2.18613333333333344e+02 2.19300000000000011e+02 3.11190038846274322e-04 3.15031616386754100e-07
 2.19300000000000011e+02 2.19986666666666679e+02 3.13269967673579367e-04 3.15464605716710545e-07
 2.19986666666666679e+02 2.20673333333333346e+02 3.14976079421095149e-04 3.04410048514373383e-07
 2.20673333333333346e+02 2.21360000000000014e+02 3.18179537142995695e-04 3.09420852073370888e-07
 2.21360000000000014e+02 2.22046666666666681e+02 3.20831072131994000e-04 3.21718913204320625e-07
 2.22046666666666681e+02 2.22733333333333348e+02 3.22413271837001928e-04 3.07747766831482040e-07
 2.22733333333333348e+02 2.23420000000000016e+02 3.25336495651857086e-04 3.14242266929647301e-07
 2.23420000000000016e+02 2.24106666666666683e+02 3.28827052264553648e-04 3.25140745387426955e-07
 2.24106666666666683e+02 2.24793333333333351e+02 3.31261297453279359e-04 3.25430609135328080e-07
 2.24793333333333351e+02 2.25480000000000018e+02 3.33084989266593649e-04 3.16844128468165237e-07
 2.25480000000000018e+02 2.26166666666666686e+02 3.36406850215250394e-04 3.38539079262273912e-07
 2.26166666666666686e+02 2.26853333333333353e+02 3.38954296536725114e-04 3.28319764100398030e-07
 2.26853333333333353e+02 2.27540000000000020e+02 3.41914999748208555e-04 5.39488807961544320e-07
 2.27540000000000020e+02 2.28226666666666688e+02 3.44312635027802037e-04 3.39729652234046420e-07
 2.28226666666666688e+02 2.28913333333333327e+02 3.47343781907184194e-04 3.33964434046239738e-07
 2.28913333333333327e+02 2.29599999999999994e+02 3.49527617670756315e-04 3.30423325308816309e-07
 2.29599999999999994e+02 2.30286666666666662e+02 3.52759266629863223e-04 3.47824104941542354e-07
 2.30286666666666662e+02 2.30973333333333329e+02 3.55129036503572227e-04 3.39762942969885704e-07
 2.30973333333333329e+02 2.31659999999999997e+02 3.57993816005837742e-04 4.38125035682356887e-07
 2.31659999999999997e+02 2.32346666666666664e+02 3.60731852584876382e-04 3.36235934643006499e-07
 2.32346666666666664e+02 2.33033333333333331e+02 3.64409929539179786e-04 3.62171899846441691e-07
 2.33033333333333331e+02 2.33719999999999999e+02 3.66800873582317892e-04 3.43369551631227583e-07
 2.33719999999999999e+02 2.34406666666666666e+02 3.69748945327590334e-04 3.42578935919872952e-07
 2.34406666666666666e+02 2.35093333333333334e+02 3.72128072345919022e-04 3.54796607966613460e-07
 2.35093333333333334e+02 2.35780000000000001e+02 3.75839004610294992e-04 4.97995676085253996e-07
 2.35780000000000001e+02 2.36466666666666669e+02 3.77941162547004304e-04 3.55051852735787704e-07
 2.36466666666666669e+02 2.37153333333333336e+02 3.81963905897625172e-04 3.70809857910393322e-07
 2.37153333333333336e+02 2.37840000000000003e+02 3.84513865489901111e-04 3.84469241679520589e-07
 2.37840000000000003e+02 2.38526666666666671e+02 3.86921754484292077e-04 3.48334549575516252e-07
 2.38526666666666671e+02 2.39213333333333338e+02 3.89989308107546837e-04 3.77011865919342828e-07
 2.39213333333333338e+02 2.39900000000000006e+02 3.92744265405366242e-04 3.64128555974332647e-07
 2.39900000000000006e+02 2.40586666666666673e+02 3.95726822871706266e-04 3.47470953299479023e-07
 2.40586666666666673e+02 2.41273333333333341e+02 3.99440519050406752e-04 3.95693967150387056e-07
 2.41273333333333341e+02 2.41960000000000008e+02 4.02365470459347925e-04 3.71086034902740858e-07
 2.41960000000000008e+02 2.42646666666666675e+02 4.05529595315977354e-04 3.50265224542323444e-07
 2.42646666666666675e+02 2.43333333333333343e+02 4.08643375486389578e-04 3.87251382850578853e-07
 2.43333333333333343e+02 2.44020000000000010e+02 4.11198276266521096e-04 3.75736710084585271e-07
 2.44020000000000010e+02 2.44706666666666678e+02 4.15097423152881943e-04 3.69056845813724688e-07
 2.44706666666666678e+02 2.45393333333333345e+02 4.18061162519832615e-04 3.83044813825015924e-07
 2.45393333333333345e+02 2.46080000000000013e+02 4.20599871461459435e-04 3.54040688495016980e-07
 2.46080000000000013e+02 2.46766666666666680e+02 4.24640802297494336e-04 3.75022772925411529e-07
 2.46766666666666680e+02 2.47453333333333347e+02 4.27198159013489277e-04 3.67305956393689022e-07
 2.47453333333333347e+02 2.48139999999999986e+02 4.30997697485326515e-04 3.64907925755173594e-07
 2.48139999999999986e+02 2.48826666666666654e+02 4.34058443757820119e-04 3.65877566137997658e-07
 2.48826666666666654e+02 2.49513333333333321e+02 4.36372941306914822e-04 1.38279267025985807e-06
 2.49513333333333321e+02 2.50199999999999989e+02 4.40654909784232935e-04 3.72123720325400062e-07
 2.50199999999999989e+02 2.50886666666666656e+02 4.44214960366703655e-04 3.72224608270826894e-07
 2.50886666666666656e+02 2.51573333333333323e+02 4.47147159931988232e-04 3.71285978830610997e-07
 2.51573333333333323e+02 2.52259999999999991e+02 4.51586435818321884e-04 3.98631893144686781e-07
 2.52259999999999991e+02 2.52946666666666658e+02 4.53922744098205681e-04 3.76219892996999014e-07
 2.52946666666666658e+02 2.53633333333333326e+02 4.57460017847126799e-04 3.72237502604260647e-07
 2.53633333333333326e+02 2.54319999999999993e+02 4.60845199835998047e-04 3.72232102087553872e-07
 2.54319999999999993e+02 2.55006666666666661e+02 4.64352280176204626e-04 3.82338131970102193e-07
 2.55006666666666661e+02 2.55693333333333328e+02 4.67966496585709617e-04 3.96301593586913182e-07
 2.55693333333333328e+02 2.56379999999999995e+02 4.71482461705216604e-04 3.65698941945088044e-07
 2.56379999999999995e+02 2.57066666666666663e+02 4.75605724657562456e-04 4.06168193863865503e-07
 2.57066666666666663e+02 2.57753333333333330e+02 4.79089340052097354e-04 4.11550563012256600e-07
 2.57753333333333330e+02 2.58439999999999998e+02 4.82218888884159932e-04 3.77594886319408101e-07
 2.58439999999999998e+02 2.59126666666666665e+02 4.86529951823108913e-04 3.80017555779870179e-07
 2.59126666666666665e+02 2.59813333333333333e+02 4.89884718274598546e-04 4.36250612433218603e-07
 2.59813333333333333e+02 2.60500000000000000e+02 4.93411797830678608e-04 4.69058096347650877e-07
 2.60500000000000000e+02 2.61186666666666667e+02 4.96694068043666511e-04 3.86090502106476283e-07
 2.61186666666666667e+02 2.61873333333333335e+02 5.00486211172136274e-04 3.89064266618279717e-07
 2.61873333333333335e+02 2.62560000000000002e+02 5.04302416290279792e-04 3.83345977737794727e-07
 2.62560000000000002e+02 2.63246666666666670e+02 5.09375475737454701e-04 4.14116235833456021e-07
 2.63246666666666670e+02 2.63933333333333337e+02 5.12245006039157929e-04 4.37389369876696797e-07
 2.63933333333333337e+02 2.64620000000000005e+02 5.15977638133855582e-04 4.88364528138917666e-07
 2.64620000000000005e+02 2.65306666666666672e+02 5.19792366047179479e-04 3.96234936540392575e-07
 2.65306666666666672e+02 2.65993333333333339e+02 5.23535947633284229e-04 4.05008144000106874e-07
 2.65993333333333339e+02 2.66680000000000007e+02 5.27772827650523665e-04 3.91907125497520121e-07
 2.66680000000000007e+02 2.67366666666666674e+02 5.32044081803318531e-04 3.95285118951281064e-07
 2.67366666666666674e+02 2.68053333333333342e+02 5.35832688358630705e-04 4.11578898302717409e-07
 2.68053333333333342e+02 2.68740000000000009e+02 5.40214225230543216e-04 3.93936491284226851e-07
 2.68740000000000009e+02 2.69426666666666677e+02 5.43891609082538868e-04 3.98696712793869957e-07
 2.69426666666666677e+02 2.70113333333333344e+02 5.47410546590542703e-04 4.28328317886315113e-07
 2.70113333333333344e+02 2.70800000000000011e+02 5.51744108636659843e-04 3.96901714433677465e-07
 2.70800000000000011e+02 2.71486666666666679e+02 5.55563515556485436e-04 4.32655785072389309e-07
 2.71486666666666679e+02 2.72173333333333346e+02 5.59619459652999172e-04 4.09837809117360665e-07
 2.72173333333333346e+02 2.72860000000000014e+02 5.63657102933513452e-04 3.93771992621670764e-07
 2.72860000000000014e+02 2.73546666666666624e+02 5.67976208644068586e-04 4.04191132981928184e-07
 2.73546666666666624e+02 2.74233333333333348e+02 5.73084351580645094e-04 4.74062315415906549e-07
 2.74233333333333348e+02 2.74919999999999959e+02 5.76089608652350640e-04 3.99376591667635381e-07
 2.74919999999999959e+02 2.75606666666666683e+02 5.80778723020713939e-04 4.18355377731103526e-07
 2.75606666666666683e+02 2.76293333333333294e+02 5.86022652194720384e-04 4.26443942668483489e-07
 2.76293333333333294e+02 2.76980000000000018e+02 5.89842674360006674e-04 4.15876102684623681e-07
 2.76980000000000018e+02 2.77666666666666629e+02 5.94508849048621768e-04 4.08455630187290866e-07
 2.77666666666666629e+02 2.78353333333333353e+02 5.99306702389673087e-04 4.38310828471442866e-07
 2.78353333333333353e+02 2.79039999999999964e+02 6.03067039177062302e-04 4.15716013969632770e-07
 2.79039999999999964e+02 2.79726666666666688e+02 6.07007682492445816e-04 4.12310959318268820e-07
 2.79726666666666688e+02 2.80413333333333298e+02 6.12920317626107036e-04 4.47047551365742083e-07
 2.80413333333333298e+02 2.81100000000000023e+02 6.17631217394824577e-04 4.15314353011702653e-07
 2.81100000000000023e+02 2.81786666666666633e+02 6.21314070631779161e-04 4.19859394308148920e-07
 2.81786666666666633e+02 2.82473333333333358e+02 6.26194442232814660e-04 4.15475264790037832e-07
 2.82473333333333358e+02 2.83159999999999968e+02 6.30892587284125387e-04 4.26163362348274291e-07
 2.83159999999999968e+02 2.83846666666666692e+02 6.36434485128274424e-04 4.30416403527038075e-07
 2.83846666666666692e+02 2.84533333333333303e+02 6.40902410163102861e-04 4.16426811458027087e-07
 2.84533333333333303e+02 2.85220000000000027e+02 6.46550494290660887e-04 4.26204337756614775e-07
 2.85220000000000027e+02 2.85906666666666638e+02 6.50349196344399008e-04 4.20864439135931722e-07
 2.85906666666666638e+02 2.86593333333333362e+02 6.55778042518776133e-04 4.32257409782545317e-07
 2.86593333333333362e+02 2.87279999999999973e+02 6.60298324138052254e-04 4.26365623011808728e-07
 2.87279999999999973e+02 2.87966666666666697e+02 6.65762309228277939e-04 4.64512700249434020e-07
 2.87966666666666697e+02 2.88653333333333308e+02 6.70829319100016874e-04 4.42143581910921923e-07
 2.88653333333333308e+02 2.89340000000000032e+02 6.75447929463470409e-04 4.25301366744292359e-07
 2.89340000000000032e+02 2.90026666666666642e+02 6.81724970725113336e-04 4.97564791487478557e-07
 2.90026666666666642e+02 2.90713333333333367e+02 6.85888988180851115e-04 4.41139305021187853e-07
 2.90713333333333367e+02 2.91399999999999977e+02 6.90952264157596290e-04 4.39827289988814776e-07
 2.91399999999999977e+02 2.92086666666666702e+02 6.96085099456927544e-04 4.34633761320364754e-07
 2.92086666666666702e+02 2.92773333333333312e+02 7.01484503786203016e-04 6.80390675993831202e-07
 2.92773333333333312e+02 2.93460000000000036e+02 7.06877121136967497e-04 4.37957985587773985e-07
 2.93460000000000036e+02 2.94146666666666647e+02 7.12075930185376588e-04 4.58181868010308646e-07
 2.94146666666666647e+02 2.94833333333333371e+02 7.17928451646231971e-04 4.57705336609948911e-07
 2.94833333333333371e+02 2.95519999999999982e+02 7.23643095409440599e-04 4.49020623633164715e-07
 2.95519999999999982e+02 2.96206666666666706e+02 7.29640761056600377e-04 4.62824751603300527e-07
 2.96206666666666706e+02 2.96893333333333317e+02 7.35944061302230747e-04 4.69812297836819123e-07
 2.96893333333333317e+02 2.97580000000000041e+02 7.40295184788603445e-04 4.44498980111881984e-07
 2.97580000000000041e+02 2.98266666666666652e+02 7.46376788155010207e-04 4.39681640317152691e-07
 2.98266666666666652e+02 2.98953333333333376e+02 7.52146563141930960e-04 4.61716507381327314e-07
 2.98953333333333376e+02 2.99639999999999986e+02 7.58438083851288494e-04 4.53266632903610189e-07
 2.99639999999999986e+02 3.00326666666666654e+02 7.64655755592557533e-04 4.44987870955281236e-07
 3.00326666666666654e+02 3.01013333333333321e+02 7.69715628415465741e-04 4.53942356917595368e-07
 3.01013333333333321e+02 3.01699999999999989e+02 7.76146397388474468e-04 4.61291958340629461e-07
 3.01699999999999989e+02 3.02386666666666656e+02 7.82217998797165833e-04 4.49644485926418052e-07
 3.02386666666666656e+02 3.03073333333333323e+02 7.88055555572004054e-04 4.56160767196704138e-07
 3.03073333333333323e+02 3.03759999999999991e+02 7.94525462744052847e-04 4.55115130541807303e-07
 3.03759999999999991e+02 3.04446666666666658e+02 8.00880579357755472e-04 4.53511857418516652e-07
 3.04446666666666658e+02 3.05133333333333326e+02 8.07155126286299499e-04 4.75533399309068630e-07
 3.05133333333333326e+02 3.05819999999999993e+02 8.14225057194111553e-04 4.67724983739591614e-07
 3.05819999999999993e+02 3.06506666666666661e+02 8.19215534240137788e-04 4.65236934652855618e-07
 3.06506666666666661e+02 3.07193333333333328e+02 8.26052463652005215e-04 4.60339801628008992e-07
 3.07193333333333328e+02 3.07879999999999995e+02 8.32405099731722158e-04 4.69986906786766965e-07
 3.07879999999999995e+02 3.08566666666666663e+02 8.38685181669821694e-04 4.90363053535405518e-07
 3.08566666666666663e+02 3.09253333333333330e+02 8.44869742800909368e-04 4.91361769025931687e-07
 3.09253333333333330e+02 3.09939999999999998e+02 8.51238828044508108e-04 4.80340638474957747e-07
 3.09939999999999998e+02 3.10626666666666665e+02 8.57438215852731277e-04 4.92981213076659570e-07
 3.10626666666666665e+02 3.11313333333333333e+02 8.63019055733143820e-04 4.70173932269272360e-07
 3.11313333333333333e+02 3.12000000000000000e+02 8.69715430875747371e-04 4.88930353868437663e-07
 3.12000000000000000e+02 3.12686666666666667e+02 8.75761955936564030e-04 4.71052115880736304e-07
 3.12686666666666667e+02 3.13373333333333335e+02 8.82041699048135533e-04 4.67402371278750855e-07
 3.13373333333333335e+02 3.14060000000000002e+02 8.87975425310104241e-04 4.79884502095629125e-07
 3.14060000000000002e+02 3.14746666666666670e+02 8.94995838143435940e-04 4.95459148919889954e-07
 3.14746666666666670e+02 3.15433333333333337e+02 9.01781440327228826e-04 4.72321960217152354e-07
 3.15433333333333337e+02 3.16120000000000005e+02 9.08253502539199090e-04 5.19449519731010197e-07
 3.16120000000000005e+02 3.16806666666666672e+02 9.13672090520569044e-04 5.29756632798095842e-07
 3.16806666666666672e+02 3.17493333333333339e+02 9.19397931886176481e-04 4.76787400831874937e-07
 3.17493333333333339e+02 3.18180000000000007e+02 9.25609202558521802e-04 4.80999450497930908e-07
 3.18180000000000007e+02 3.18866666666666674e+02 9.33092413808878822e-04 4.91155630797654250e-07
 3.18866666666666674e+02 3.19553333333333342e+02 9.39746060113604508e-04 5.09959650155715515e-07
 3.19553333333333342e+02 3.20240000000000009e+02 9.44923077544317395e-04 4.92449333705314973e-07
 3.20240000000000009e+02 3.20926666666666677e+02 9.51930594661572725e-04 4.89932510875283660e-07
 3.20926666666666677e+02 3.21613333333333344e+02 9.57559135227995547e-04 4.86312538617104967e-07
 3.21613333333333344e+02 3.22300000000000011e+02 9.64460767099779414e-04 5.13320861515702451e-07
 3.22300000000000011e+02 3.22986666666666679e+02 9.70952916324070410e-04 4.94481224348361528e-07
 3.22986666666666679e+02 3.23673333333333346e+02 9.77030885672834160e-04 4.79697096426001868e-07
 3.23673333333333346e+02 3.24360000000000014e+02 9.83450731370234853e-04 5.28798688067458897e-07
 3.24360000000000014e+02 3.25046666666666624e+02 9.89495166138565536e-04 4.90511910270709622e-07
 3.25046666666666624e+02 3.25733333333333348e+02 9.95496280891054785e-04 5.09673683240205630e-07
 3.25733333333333348e+02 3.26419999999999959e+02 1.00158665434703321e-03 5.11866602483500911e-07
 3.26419999999999959e+02 3.27106666666666683e+02 1.00789903690325978e-03 4.91712645073419558e-07
 3.27106666666666683e+02 3.27793333333333294e+02 1.01371129182090645e-03 5.00285949773937032e-07
 3.27793333333333294e+02 3.28480000000000018e+02 1.02097765508706007e-03 5.09714896179405921e-07
 3.28480000000000018e+02 3.29166666666666629e+02 1.02578165437704053e-03 4.90635867669461590e-07
 3.29166666666666629e+02 3.29853333333333353e+02 1.03200986631639901e-03 4.94717753339621170e-07
 3.29853333333333353e+02 3.30539999999999964e+02 1.03930658290144026e-03 4.97378544678614723e-07
 3.30539999999999964e+02 3.31226666666666688e+02 1.04602121121629885e-03 5.03901377768921764e-07
 3.31226666666666688e+02 3.31913333333333298e+02 1.05223855015609369e-03 5.30616611776070179e-07
 3.31913333333333298e+02 3.32600000000000023e+02 1.05858886336372541e-03 5.31695736713728405e-07
 3.32600000000000023e+02 3.33286666666666633e+02 1.06478407347188010e-03 5.50225157224006048e-07
 3.33286666666666633e+02 3.33973333333333358e+02 1.07003052861695818e-03 5.01188332514918834e-07
 3.33973333333333358e+02 3.34659999999999968e+02 1.07627721454223472e-03 5.04637414990810425e-07
 3.34659999999999968e+02 3.35346666666666692e+02 1.08207914177639174e-03 5.29692157098674802e-07
 3.35346666666666692e+02 3.36033333333333303e+02 1.08778872461077450e-03 5.11177763359839171e-07
 3.36033333333333303e+02 3.36720000000000027e+02 1.09323778275066392e-03 5.16434048416015778e-07
 3.36720000000000027e+02 3.37406666666666638e+02 1.10034506207423374e-03 5.08334538975264627e-07
 3.37406666666666638e+02 3.38093333333333362e+02 1.10787832562482427e-03 5.36483775596778313e-07
 3.38093333333333362e+02 3.38779999999999973e+02 1.11284834100769370e-03 5.06059395866395904e-07
 3.38779999999999973e+02 3.39466666666666697e+02 1.11846300040716658e-03 5.13391755145660742e-07
 3.39466666666666697e+02 3.40153333333333308e+02 1.12538597868697067e-03 5.20324611722293198e-07
 3.40153333333333308e+02 3.40840000000000032e+02 1.13034644217224799e-03 5.25162557861660554e-07
 3.40840000000000032e+02 3.41526666666666642e+02 1.13702056949330113e-03 5.39208369045807683e-07
 3.41526666666666642e+02 3.42213333333333367e+02 1.14318337015663872e-03 5.71694889791768341e-07
 3.42213333333333367e+02 3.42899999999999977e+02 1.14963288282749518e-03 5.26156283126623866e-07
 3.42899999999999977e+02 3.43586666666666702e+02 1.15503585060222126e-03 5.27892509926905077e-07
 3.43586666666666702e+02 3.44273333333333312e+02 1.16065755517322992e-03 5.25062805974562574e-07
 3.44273333333333312e+02 3.44960000000000036e+02 1.16641209569495795e-03 5.32083769591544356e-07
 3.44960000000000036e+02 3.45646666666666647e+02 1.17243164391608455e-03 5.28684606795466719e-07
 3.45646666666666647e+02 3.46333333333333371e+02 1.17820927575602798e-03 5.45792054302923445e-07
 3.46333333333333371e+02 3.47019999999999982e+02 1.18492259520935526e-03 5.41530004144659060e-07
 3.47019999999999982e+02 3.47706666666666706e+02 1.19027164561345019e-03 5.33660147338264546e-07
 3.47706666666666706e+02 3.48393333333333317e+02 1.19486367220272512e-03 5.23996867850989277e-07
 3.48393333333333317e+02 3.49080000000000041e+02 1.20125363647709455e-03 5.37886007707481862e-07
 3.49080000000000041e+02 3.49766666666666652e+02 1.20804594221857729e-03 5.38686070807566399e-07
 3.49766666666666652e+02 3.50453333333333376e+02 1.21350944894289630e-03 5.50320155692331909e-07
 3.50453333333333376e+02 3.51139999999999986e+02 1.22003848497885970e-03 6.63410397036223569e-07
 3.51139999999999986e+02 3.51826666666666654e+02 1.22476544958981487e-03 5.30148803355462053e-07
 3.51826666666666654e+02 3.52513333333333321e+02 1.22978833022391277e-03 5.37759738501901665e-07
 3.52513333333333321e+02 3.53199999999999989e+02 1.23524851254819008e-03 5.44006240305589772e-07
 3.53199999999999989e+02 3.53886666666666656e+02 1.24319260045675155e-03 1.11898091575535530e-06
 3.53886666666666656e+02 3.54573333333333323e+02 1.24731596512768733e-03 5.46480253778625744e-07
 3.54573333333333323e+02 3.55259999999999991e+02 1.25242667641255884e-03 5.40512564014337406e-07
 3.55259999999999991e+02 3.55946666666666658e+02 1.25899377369066484e-03 5.80784796246467659e-07
 3.55946666666666658e+02 3.56633333333333326e+02 1.26416824364538097e-03 5.63521294451615139e-07
 3.56633333333333326e+02 3.57319999999999993e+02 1.27036767348893617e-03 6.73598514218723183e-07
 3.57319999999999993e+02 3.58006666666666661e+02 1.27446210358405677e-03 5.50237239003102390e-07
 3.58006666666666661e+02 3.58693333333333328e+02 1.27990377598082624e-03 5.59815377452356150e-07
 3.58693333333333328e+02 3.59379999999999995e+02 1.28485241102586196e-03 5.49019040225224566e-07
 3.59379999999999995e+02 3.60066666666666663e+02 1.29059517078691094e-03 5.70088870818672506e-07
 3.60066666666666663e+02 3.60753333333333330e+02 1.29599470241775674e-03 5.88183465238739505e-07
 3.60753333333333330e+02 3.61439999999999998e+02 1.30172715602821479e-03 5.62578035253502950e-07
 3.61439999999999998e+02 3.62126666666666665e+02 1.30479919928062991e-03 5.56354433301284712e-07
 3.62126666666666665e+02 3.62813333333333333e+02 1.31187342441036782e-03 5.78987208891302974e-07
 3.62813333333333333e+02 3.63500000000000000e+02 1.31663633738866490e-03 5.61917615849946869e-07
 3.63500000000000000e+02 3.64186666666666667e+02 1.32023652842202903e-03 5.58440543660900237e-07
 3.64186666666666667e+02 3.64873333333333335e+02 1.32587189994065472e-03 5.71741707799088932e-07
 3.64873333333333335e+02 3.65560000000000002e+02 1.33100663074420017e-03 6.02716367795899517e-07
 3.65560000000000002e+02 3.66246666666666670e+02 1.33613719470661134e-03 5.68257339897695963e-07
 3.66246666666666670e+02 3.66933333333333337e+02 1.34108817873873935e-03 6.07080740057797285e-07
 3.66933333333333337e+02 3.67620000000000005e+02 1.34539742220528996e-03 5.76987915082436252e-07
 3.67620000000000005e+02 3.68306666666666672e+02 1.35019014790807752e-03 5.76770377548044862e-07
 3.68306666666666672e+02 3.68993333333333339e+02 1.35421110318955360e-03 5.72883156547424522e-07
 3.68993333333333339e+02 3.69680000000000007e+02 1.35955167910842343e-03 5.86404552856665623e-07
 3.69680000000000007e+02 3.70366666666666674e+02 1.36331974536782604e-03 5.68118607604204546e-07
 3.70366666666666674e+02 3.71053333333333342e+02 1.36806554030262481e-03 5.84282513459962976e-07
 3.71053333333333342e+02 3.71740000000000009e+02 1.37294972956297388e-03 5.94967537453147379e-07
 3.71740000000000009e+02 3.72426666666666677e+02 1.37567867384161312e-03 5.82829979992657249e-07
 3.72426666666666677e+02 3.73113333333333344e+02 1.38112605864070654e-03 5.79722072168518533e-07
 3.73113333333333344e+02 3.73800000000000011e+02 1.38452172333491919e-03 5.78563246741053597e-07
 3.73800000000000011e+02 3.74486666666666679e+02 1.38938899394133340e-03 5.92092276245172470e-07
 3.74486666666666679e+02 3.75173333333333346e+02 1.39207443139671922e-03 5.84253659228758816e-07
 3.75173333333333346e+02 3.75860000000000014e+02 1.39695774991441994e-03 6.58336230121056718e-07
 3.75860000000000014e+02 3.76546666666666681e+02 1.40141726931886416e-03 5.95597270448741230e-07
 3.76546666666666681e+02 3.77233333333333348e+02 1.40471197749205529e-03 5.92235869768723916e-07
 3.77233333333333348e+02 3.77920000000000016e+02 1.40726437245981351e-03 5.99050710730599311e-07
 3.77920000000000016e+02 3.78606666666666683e+02 1.41034982023935536e-03 5.94516281670471009e-07
 3.78606666666666683e+02 3.79293333333333351e+02 1.41409762017137065e-03 5.86245816058349097e-07
 3.79293333333333351e+02 3.79980000000000018e+02 1.41779027116211960e-03 6.26547095036793105e-07
 3.79980000000000018e+02 3.80666666666666686e+02 1.41997124673353954e-03 5.91701356990432058e-07
 3.80666666666666686e+02 3.81353333333333353e+02 1.42332956671846868e-03 5.88213190193661195e-07
 3.81353333333333353e+02 3.82040000000000020e+02 1.42656236673424988e-03 6.92145243378473395e-07
 3.82040000000000020e+02 3.82726666666666688e+02 1.42895825987507537e-03 6.02326637360316696e-07
 3.82726666666666688e+02 3.83413333333333355e+02 1.43138196237654284e-03 6.17808445414750604e-07
 3.83413333333333355e+02 3.84100000000000023e+02 1.43389704221380120e-03 5.95511608545209194e-07
 3.84100000000000023e+02 3.84786666666666690e+02 1.43520224438884727e-03 6.22739944541253562e-07
 3.84786666666666690e+02 3.85473333333333358e+02 1.43740511885906332e-03 6.00553535475274660e-07
 3.85473333333333358e+02 3.86160000000000025e+02 1.43878499791507590e-03 6.23539332158105048e-07
 3.86160000000000025e+02 3.86846666666666692e+02 1.44165135874464419e-03 6.18915687256957461e-07
 3.86846666666666692e+02 3.87533333333333360e+02 1.44354382453011697e-03 6.76104377564535675e-07
 3.87533333333333360e+02 3.88220000000000027e+02 1.44307563904099096e-03 6.36867594128698469e-07
 3.88220000000000027e+02 3.88906666666666695e+02 1.44548049481065303e-03 6.14970887713092364e-07
 3.88906666666666695e+02 3.89593333333333305e+02 1.44523121666897741e-03 6.50028619143431660e-07
 3.89593333333333305e+02 3.90279999999999973e+02 1.44511940252316706e-03 6.09347147424114652e-07
 3.90279999999999973e+02 3.90966666666666640e+02 1.44495506336387723e-03 6.30379457111857106e-07
 3.90966666666666640e+02 3.91653333333333308e+02 1.44503346450567316e-03 6.19589811352886586e-07
 3.91653333333333308e+02 3.92339999999999975e+02 1.44397586704255137e-03 6.43489142453741109e-07
 3.92339999999999975e+02 3.93026666666666642e+02 1.44275684213463666e-03 6.40411657143114770e-07
 3.93026666666666642e+02 3.93713333333333310e+02 1.44064039289643064e-03 6.22090752418034856e-07
 3.93713333333333310e+02 3.94399999999999977e+02 1.43839905956127273e-03 6.24574583003659436e-07
 3.94399999999999977e+02 3.95086666666666645e+02 1.43414340401070263e-03 6.23421720020680679e-07
 3.95086666666666645e+02 3.95773333333333312e+02 1.43077732096192744e-03 6.32288178677704458e-07
 3.95773333333333312e+02 3.96459999999999980e+02 1.42543358739149009e-03 6.60442877642220444e-07
 3.96459999999999980e+02 3.97146666666666647e+02 1.41792915789455058e-03 6.63557258397522885e-07
 3.97146666666666647e+02 3.97833333333333314e+02 1.41026412716682118e-03 6.05692589004271257e-07
 3.97833333333333314e+02 3.98519999999999982e+02 1.40642495891127447e-03 6.21249940630639933e-07
 3.98519999999999982e+02 3.99206666666666649e+02 1.39946541744838805e-03 9.36078555862770979e-07
 3.99206666666666649e+02 3.99893333333333317e+02 1.39419141676204450e-03 6.36689584354786836e-07
 3.99893333333333317e+02 4.00579999999999984e+02 1.38664937216117926e-03 6.92931386127849562e-07
 4.00579999999999984e+02 4.01266666666666652e+02 1.38092494564444920e-03 6.22818548003458900e-07
 4.01266666666666652e+02 4.01953333333333319e+02 1.37532940065768043e-03 6.10736717810609502e-07
 4.01953333333333319e+02 4.02639999999999986e+02 1.37018679011874128e-03 6.16451564521465775e-07
 4.02639999999999986e+02 4.03326666666666654e+02 1.36611050568837770e-03 6.34742813697660717e-07
 4.03326666666666654e+02 4.04013333333333321e+02 1.36083495051844889e-03 6.17865349715708565e-07
 4.04013333333333321e+02 4.04699999999999989e+02 1.35642671611185968e-03 6.10552616536923794e-07
 4.04699999999999989e+02 4.05386666666666656e+02 1.35354631889767450e-03 7.43940050632488501e-07
 4.05386666666666656e+02 4.06073333333333323e+02 1.34926666655610112e-03 8.22159800009805161e-07
 4.06073333333333323e+02 4.06759999999999991e+02 1.34450669170236019e-03 6.03537329566339691e-07
 4.06759999999999991e+02 4.07446666666666658e+02 1.34355566272388030e-03 5.89999995236475026e-07
 4.07446666666666658e+02 4.08133333333333326e+02 1.33938932225066048e-03 5.95345705538520391e-07
 4.08133333333333326e+02 4.08819999999999993e+02 1.33807148896883995e-03 6.09570371304854299e-07
 4.08819999999999993e+02 4.09506666666666661e+02 1.33564502442105144e-03 5.98671355997539100e-07
 4.09506666666666661e+02 4.10193333333333328e+02 1.33194496380805902e-03 5.98682777604154587e-07
 4.10193333333333328e+02 4.10879999999999995e+02 1.32908532846101775e-03 5.93952782536278345e-07
 4.10879999999999995e+02 4.11566666666666663e+02 1.32837404408602520e-03 6.24084841785714166e-07
 4.11566666666666663e+02 4.12253333333333330e+02 1.32478067844553457e-03 6.14127218783989053e-07
 4.12253333333333330e+02 4.12939999999999998e+02 1.32341971933710371e-03 5.97264843863661615e-07
 4.12939999999999998e+02 4.13626666666666665e+02 1.32134524802215297e-03 6.78067660656667287e-07
 4.13626666666666665e+02 4.14313333333333333e+02 1.32054889203126044e-03 1.20775908682519573e-06
 4.14313333333333333e+02 4.15000000000000000e+02 1.31782207186215182e-03 6.08168776947337615e-07
 4.15000000000000000e+02 4.15686666666666667e+02 1.31591996117192658e-03 6.14638598841735127e-07
 4.15686666666666667e+02 4.16373333333333335e+02 1.31323704841281768e-03 6.00977273960646515e-07
 4.16373333333333335e+02 4.17060000000000002e+02 1.31179272586437142e-03 6.16794024661065267e-07
 4.17060000000000002e+02 4.17746666666666670e+02 1.31064639745152151e-03 6.08200618969951905e-07
 4.17746666666666670e+02 4.18433333333333337e+02 1.30920481744784315e-03 6.06498348430644018e-07
 4.18433333333333337e+02 4.19120000000000005e+02 1.30634408397570299e-03 6.04730980785020127e-07
 4.19120000000000005e+02 4.19806666666666672e+02 1.30577813913651682e-03 6.37049002715914771e-07
 4.19806666666666672e+02 4.20493333333333339e+02 1.30269265147672157e-03 5.97341214461252305e-07
 4.20493333333333339e+02 4.21180000000000007e+02 1.29994568265750544e-03 6.09820994207787131e-07
 4.21180000000000007e+02 4.21866666666666674e+02 1.29799887203372981e-03 6.40269898504686585e-07
 4.21866666666666674e+02 4.22553333333333342e+02 1.29784017160450727e-03 6.29789512082768731e-07
 4.22553333333333342e+02 4.23240000000000009e+02 1.29415095489245242e-03 6.76121076565012144e-07
 4.23240000000000009e+02 4.23926666666666677e+02 1.29362782808354888e-03 6.30972621200378531e-07
 4.23926666666666677e+02 4.24613333333333344e+02 1.29079216297445644e-03 6.37271991363014245e-07
 4.24613333333333344e+02 4.25300000000000011e+02 1.28845857828703580e-03 7.27005314429970750e-07
 4.25300000000000011e+02 4.25986666666666679e+02 1.28502212333333077e-03 6.22820937810171369e-07
 4.25986666666666679e+02 4.26673333333333346e+02 1.28187128076167538e-03 6.31193297919597649e-07
 4.26673333333333346e+02 4.27360000000000014e+02 1.27958684353224350e-03 6.19419153936109124e-07
 4.27360000000000014e+02 4.28046666666666681e+02 1.27734617031217664e-03 6.21587105327145965e-07
 4.28046666666666681e+02 4.28733333333333348e+02 1.27489793050702916e-03 6.30528103178062548e-07
 4.28733333333333348e+02 4.29420000000000016e+02 1.27348136458853311e-03 6.73910177065444503e-07
 4.29420000000000016e+02 4.30106666666666683e+02 1.27013009334735780e-03 6.53436952374809500e-07
 4.30106666666666683e+02 4.30793333333333351e+02 1.26801929349702833e-03 6.29199919050670325e-07
 4.30793333333333351e+02 4.31480000000000018e+02 1.26473773330882549e-03 6.64190400753050978e-07
 4.31480000000000018e+02 4.32166666666666686e+02 1.26316638311666602e-03 6.24009444218285402e-07
 4.32166666666666686e+02 4.32853333333333353e+02 1.25955500785708335e-03 6.34037910259235777e-07
 4.32853333333333353e+02 4.33540000000000020e+02 1.25789387778235738e-03 6.61444709168387299e-07
 4.33540000000000020e+02 4.34226666666666688e+02 1.25504210431792804e-03 6.29331619789750526e-07
 4.34226666666666688e+02 4.34913333333333355e+02 1.25293486712012704e-03 7.66420951326994064e-07
 4.34913333333333355e+02 4.35600000000000023e+02 1.24985889983335774e-03 6.72225383308310740e-07
 4.35600000000000023e+02 4.36286666666666690e+02 1.24873625708441459e-03 6.49352274114317226e-07
 4.36286666666666690e+02 4.36973333333333358e+02 1.24471980277131842e-03 6.41583432117713294e-07
 4.36973333333333358e+02 4.37660000000000025e+02 1.24348746497472099e-03 6.49133259833730195e-07
 4.37660000000000025e+02 4.38346666666666692e+02 1.23943843888119358e-03 7.17841580901405357e-07
 4.38346666666666692e+02 4.39033333333333360e+02 1.23803169954033614e-03 6.34114325379043615e-07
 4.39033333333333360e+02 4.39720000000000027e+02 1.23393206920777696e-03 6.35707871552123153e-07
 4.39720000000000027e+02 4.40406666666666695e+02 1.23073930702333580e-03 6.42529080338425894e-07
 4.40406666666666695e+02 4.41093333333333305e+02 1.22766959426058890e-03 8.29300354679290733e-07
 4.41093333333333305e+02 4.41779999999999973e+02 1.22621967162086739e-03 7.08944040774603251e-07
 4.41779999999999973e+02 4.42466666666666640e+02 1.22240023042848468e-03 6.31041736358475635e-07
 4.42466666666666640e+02 4.43153333333333308e+02 1.21928761946302200e-03 6.50559124561606265e-07
 4.43153333333333308e+02 4.43839999999999975e+02 1.21546702452904657e-03 6.48200453950302724e-07
 4.43839999999999975e+02 4.44526666666666642e+02 1.21160753872473037e-03 6.61094122352333912e-07
 4.44526666666666642e+02 4.45213333333333310e+02 1.20626557251789159e-03 6.43308163532001186e-07
 4.45213333333333310e+02 4.45899999999999977e+02 1.20185978391969804e-03 6.64972377087526083e-07
 4.45899999999999977e+02 4.46586666666666645e+02 1.19852165010256653e-03 6.50523723752681137e-07
 4.46586666666666645e+02 4.47273333333333312e+02 1.19509919671586065e-03 6.66774930246381474e-07
 4.47273333333333312e+02 4.47959999999999980e+02 1.18949583561366121e-03 6.50842190361964310e-07
 4.47959999999999980e+02 4.48646666666666647e+02 1.18433438470619767e-03 6.39253793476774681e-07
 4.48646666666666647e+02 4.49333333333333314e+02 1.17999558707168411e-03 6.58562423564475558e-07
 4.49333333333333314e+02 4.50019999999999982e+02 1.17502484479925290e-03 6.59680212521386488e-07
 4.50019999999999982e+02 4.50706666666666649e+02 1.16835432035374887e-03 6.44868878384313178e-07
 4.50706666666666649e+02 4.51393333333333317e+02 1.16408903198428836e-03 6.75619825429751336e-07
 4.51393333333333317e+02 4.52079999999999984e+02 1.15801173830079747e-03 6.59981284759649968e-07
 4.52079999999999984e+02 4.52766666666666652e+02 1.15231599847780792e-03 6.34450197517285555e-07
 4.52766666666666652e+02 4.53453333333333319e+02 1.14640355216439954e-03 6.42472393331050552e-07
 4.53453333333333319e+02 4.54139999999999986e+02 1.14001968980568386e-03 6.49612535346742932e-07
 4.54139999999999986e+02 4.54826666666666654e+02 1.13535745438074790e-03 6.83036536814135817e-07
 4.54826666666666654e+02 4.55513333333333321e+02 1.13022287375859082e-03 6.59442317824219883e-07
 4.55513333333333321e+02 4.56199999999999989e+02 1.12293769326126877e-03 6.60018470628720381e-07
 4.56199999999999989e+02 4.56886666666666656e+02 1.11617254337863128e-03 6.45774987004020048e-07
 4.56886666666666656e+02 4.57573333333333323e+02 1.11127649004787708e-03 6.54464119018001579e-07
 4.57573333333333323e+02 4.58259999999999991e+02 1.10378958162889217e-03 6.62462634669306049e-07
 4.58259999999999991e+02 4.58946666666666658e+02 1.09878991555173900e-03 6.81658892006803933e-07
 4.58946666666666658e+02 4.59633333333333326e+02 1.08976305413169944e-03 6.62365877239650390e-07
 4.59633333333333326e+02 4.60319999999999993e+02 1.08328352443261017e-03 6.54251369670765829e-07
 4.60319999999999993e+02 4.61006666666666661e+02 1.07574569117809319e-03 6.68715232977018660e-07
 4.61006666666666661e+02 4.61693333333333328e+02 1.06749593504777435e-03 6.50244256102212800e-07
 4.61693333333333328e+02 4.62379999999999995e+02 1.06035590351880775e-03 6.63878912058621307e-07
 4.62379999999999995e+02 4.63066666666666663e+02 1.05211615368365984e-03 6.51278779880145911e-07
 4.63066666666666663e+02 4.63753333333333330e+02 1.04226890606137984e-03 6.69549357804797562e-07
 4.63753333333333330e+02 4.64439999999999998e+02 1.03472503711111020e-03 6.51585658681663951e-07
 4.64439999999999998e+02 4.65126666666666665e+02 1.02462280954869174e-03 6.71498857020297378e-07
 4.65126666666666665e+02 4.65813333333333333e+02 1.01348744292880885e-03 6.34670443795786154e-07
 4.65813333333333333e+02 4.66500000000000000e+02 1.00196048884159273e-03 6.57472223754714179e-07
 4.66500000000000000e+02 4.67186666666666667e+02 9.91220581656501081e-04 6.65765207581995639e-07
 4.67186666666666667e+02 4.67873333333333335e+02 9.80306097605953934e-04 6.94684395399828170e-07
 4.67873333333333335e+02 4.68560000000000002e+02 9.65440179731641489e-04 6.35173283646353624e-07
 4.68560000000000002e+02 4.69246666666666670e+02 9.52194680709586854e-04 6.49869027325418199e-07
 4.69246666666666670e+02 4.69933333333333337e+02 9.36997891518133257e-04 6.71166015201858954e-07
 4.69933333333333337e+02 4.70620000000000005e+02 9.21953678750045955e-04 1.14261344502212454e-06
 4.70620000000000005e+02 4.71306666666666672e+02 9.03402580257073600e-04 6.29479798036408604e-07
 4.71306666666666672e+02 4.71993333333333339e+02 8.86017403309468949e-04 6.17894453831803126e-07
 4.71993333333333339e+02 4.72680000000000007e+02 8.66133558787293071e-04 6.46369941299307014e-07
 4.72680000000000007e+02 4.73366666666666674e+02 8.44987589623633615e-04 6.17121300506936263e-07
 4.73366666666666674e+02 4.74053333333333342e+02 8.21942905293769296e-04 6.12564157714505609e-07
 4.74053333333333342e+02 4.74740000000000009e+02 7.96022142046599380e-04 5.99466504104566831e-07
 4.74740000000000009e+02 4.75426666666666677e+02 7.69034900359083116e-04 6.00156063250686344e-07
 4.75426666666666677e+02 4.76113333333333344e+02 7.41102334738491910e-04 6.06832557451859043e-07
 4.76113333333333344e+02 4.76800000000000011e+02 7.11585188295955798e-04 6.08277538663392506e-07
 4.76800000000000011e+02 4.77486666666666679e+02 6.77346792894061283e-04 5.64089958781204323e-07
 4.77486666666666679e+02 4.78173333333333346e+02 6.43186079381933336e-04 5.47108601558082786e-07
 4.78173333333333346e+02 4.78860000000000014e+02 6.08802758888557223e-04 5.42292456650750991e-07
 4.78860000000000014e+02 4.79546666666666681e+02 5.73408331222177150e-04 5.23748180316008117e-07
 4.79546666666666681e+02 4.80233333333333348e+02 5.35404975067636075e-04 5.07783746974886265e-07
 4.80233333333333348e+02 4.80920000000000016e+02 4.96471462594609168e-04 5.01216698317520329e-07
 4.80920000000000016e+02 4.81606666666666683e+02 4.54838705124225445e-04 4.99773388676470253e-07
 4.81606666666666683e+02 4.82293333333333351e+02 4.12089152157016619e-04 4.83789894258006665e-07
 4.82293333333333351e+02 4.82980000000000018e+02 3.67967775283117567e-04 4.44160657910306020e-07
 4.82980000000000018e+02 4.83666666666666686e+02 3.20665562850118598e-04 4.16585856729542968e-07
 4.83666666666666686e+02 4.84353333333333353e+02 2.71696824295592214e-04 4.13613795237377130e-07
 4.84353333333333353e+02 4.85040000000000020e+02 2.19703929695417189e-04 3.34713589489462389e-07
 4.85040000000000020e+02 4.85726666666666688e+02 1.67021278820835044e-04 3.01044594784088648e-07
 4.85726666666666688e+02 4.86413333333333355e+02 1.15286911167543346e-04 2.27224515625866013e-07
 4.86413333333333355e+02 4.87100000000000023e+02 6.53134823561736966e-05 2.35980007830247003e-07
 4.87100000000000023e+02 4.87786666666666690e+02 2.39505027171781980e-05 9.22395711708142685e-08
 4.87786666666666690e+02 4.88473333333333358e+02 2.14575270575239366e-06 4.18288149339022083e-08
 4.88473333333333358e+02 4.89160000000000025e+02 0.00000000000000000e+00 0.00000000000000000e+00
 4.89160000000000025e+02 4.89846666666666692e+02 0.00000000000000000e+00 0.00000000000000000e+00
 4.89846666666666692e+02 4.90533333333333360e+02 0.00000000000000000e+00 0.00000000000000000e+00
 4.90533333333333360e+02 4.91220000000000027e+02 0.00000000000000000e+00 0.00000000000000000e+00
 4.91220000000000027e+02 4.91906666666666695e+02 0.00000000000000000e+00 0.00000000000000000e+00
 4.91906666666666695e+02 4.92593333333333305e+02 0.00000000000000000e+00 0.00000000000000000e+00
 4.92593333333333305e+02 4.93279999999999973e+02 0.00000000000000000e+00 0.00000000000000000e+00
 4.93279999999999973e+02 4.93966666666666640e+02 0.00000000000000000e+00 0.00000000000000000e+00
 4.93966666666666640e+02 4.94653333333333308e+02 0.00000000000000000e+00 0.00000000000000000e+00
 4.94653333333333308e+02 4.95339999999999975e+02 0.00000000000000000e+00 0.00000000000000000e+00
 4.95339999999999975e+02 4.96026666666666642e+02 0.00000000000000000e+00 0.00000000000000000e+00
 4.96026666666666642e+02 4.96713333333333310e+02 0.00000000000000000e+00 0.00000000000000000e+00
 4.96713333333333310e+02 4.97399999999999977e+02 0.00000000000000000e+00 0.00000000000000000e+00
 4.97399999999999977e+02 4.98086666666666645e+02 0.00000000000000000e+00 0.00000000000000000e+00
 4.98086666666666645e+02 4.98773333333333312e+02 0.00000000000000000e+00 0.00000000000000000e+00
 4.98773333333333312e+02 4.99459999999999980e+02 0.00000000000000000e+00 0.00000000000000000e+00
 4.99459999999999980e+02 5.00146666666666647e+02 0.00000000000000000e+00 0.00000000000000000e+00
 5.00146666666666647e+02 5.00833333333333314e+02 0.00000000000000000e+00 0.00000000000000000e+00
 5.00833333333333314e+02 5.01519999999999982e+02 0.00000000000000000e+00 0.00000000000000000e+00
 5.01519999999999982e+02 5.02206666666666649e+02 0.00000000000000000e+00 0.00000000000000000e+00
 5.02206666666666649e+02 5.02893333333333317e+02 0.00000000000000000e+00 0.00000000000000000e+00
 5.02893333333333317e+02 5.03579999999999984e+02 0.00000000000000000e+00 0.00000000000000000e+00
 5.03579999999999984e+02 5.04266666666666652e+02 0.00000000000000000e+00 0.00000000000000000e+00
 5.04266666666666652e+02 5.04953333333333319e+02 0.00000000000000000e+00 0.00000000000000000e+00
 5.04953333333333319e+02 5.05639999999999986e+02 0.00000000000000000e+00 0.00000000000000000e+00
 5.05639999999999986e+02 5.06326666666666654e+02 0.00000000000000000e+00 0.00000000000000000e+00
 5.06326666666666654e+02 5.07013333333333321e+02 0.00000000000000000e+00 0.00000000000000000e+00
 5.07013333333333321e+02 5.07699999999999989e+02 0.00000000000000000e+00 0.00000000000000000e+00
 5.07699999999999989e+02 5.08386666666666656e+02 0.00000000000000000e+00 0.00000000000000000e+00
 5.08386666666666656e+02 5.09073333333333323e+02 0.00000000000000000e+00 0.00000000000000000e+00
 5.09073333333333323e+02 5.09759999999999991e+02 0.00000000000000000e+00 0.00000000000000000e+00
 5.09759999999999991e+02 5.10446666666666658e+02 0.00000000000000000e+00 0.00000000000000000e+00
 5.10446666666666658e+02 5.11133333333333326e+02 0.00000000000000000e+00 0.00000000000000000e+00
 5.11133333333333326e+02 5.11819999999999993e+02 0.00000000000000000e+00 0.00000000000000000e+00
 5.11819999999999993e+02 5.12506666666666661e+02 0.00000000000000000e+00 0.00000000000000000e+00
 5.12506666666666661e+02 5.13193333333333385e+02 0.00000000000000000e+00 0.00000000000000000e+00
 5.13193333333333385e+02 5.13879999999999995e+02 0.00000000000000000e+00 0.00000000000000000e+00
 5.13879999999999995e+02 5.14566666666666606e+02 0.00000000000000000e+00 0.00000000000000000e+00
 5.14566666666666606e+02 5.15253333333333330e+02 0.00000000000000000e+00 0.00000000000000000e+00
 5.15253333333333330e+02 5.15940000000000055e+02 0.00000000000000000e+00 0.00000000000000000e+00
 5.15940000000000055e+02 5.16626666666666665e+02 0.00000000000000000e+00 0.00000000000000000e+00
 5.16626666666666665e+02 5.17313333333333276e+02 0.00000000000000000e+00 0.00000000000000000e+00
 5.17313333333333276e+02 5.18000000000000000e+02 0.00000000000000000e+00 0.00000000000000000e+00

Histogram:lpp-
 1.06000000000000000e+02 1.06686666666666667e+02 0.00000000000000000e+00 0.00000000000000000e+00
 1.06686666666666667e+02 1.07373333333333335e+02 5.06369433269951258e-09 2.27237070574903502e-09
 1.07373333333333335e+02 1.08060000000000002e+02 2.64020861370780101e-07 1.69328967349366567e-08
 1.08060000000000002e+02 1.08746666666666670e+02 6.94866930510656691e-07 3.61998912654572685e-08
 1.08746666666666670e+02 1.09433333333333337e+02 1.05180071522960097e-06 2.93172330127488569e-08
 1.09433333333333337e+02 1.10120000000000005e+02 1.36756196860823714e-06 3.21060472967660612e-08
 1.10120000000000005e+02 1.10806666666666672e+02 1.91542462847835412e-06 4.78069951203036338e-08
 1.10806666666666672e+02 1.11493333333333339e+02 2.31521583770135560e-06 4.91862784813561288e-08
 1.11493333333333339e+02 1.12180000000000007e+02 2.62881511782244678e-06 4.82109408299978853e-08
 1.12180000000000007e+02 1.12866666666666660e+02 3.14628338917488440e-06 5.71391442410974456e-08
 1.12866666666666660e+02 1.13553333333333327e+02 3.55110715016077667e-06 6.71228119684708045e-08
 1.13553333333333327e+02 1.14239999999999995e+02 3.97262933212187870e-06 5.81893916566834563e-08
 1.14239999999999995e+02 1.14926666666666662e+02 4.33338939934411483e-06 5.93663930542932633e-08
 1.14926666666666662e+02 1.15613333333333330e+02 4.83126942884225004e-06 7.54360667963031539e-08
 1.15613333333333330e+02 1.16299999999999997e+02 5.31605834631215293e-06 6.53134616077926225e-08
 1.16299999999999997e+02 1.16986666666666665e+02 5.86040383608344776e-06 7.11910640409272681e-08
 1.16986666666666665e+02 1.17673333333333332e+02 6.24676944478412780e-06 7.54328357732571004e-08
 1.17673333333333332e+02 1.18359999999999999e+02 6.81700548771823843e-06 8.38591477460086517e-08
 1.18359999999999999e+02 1.19046666666666667e+02 7.26028528063760801e-06 8.23750068132904402e-08
 1.19046666666666667e+02 1.19733333333333334e+02 7.85666974249424904e-06 1.08182207454672389e-07
 1.19733333333333334e+02 1.20420000000000002e+02 8.16152203087533676e-06 8.26442573918498702e-08
 1.20420000000000002e+02 1.21106666666666669e+02 8.57037284411606077e-06 8.25749919705181124e-08
 1.21106666666666669e+02 1.21793333333333337e+02 9.24738967184549906e-06 9.29821720782473886e-08
 1.21793333333333337e+02 1.22480000000000004e+02 9.56382228339465749e-06 1.01472390521263396e-07
 1.22480000000000004e+02 1.23166666666666671e+02 1.01735033877519490e-05 9.91110906171298242e-08
 1.23166666666666671e+02 1.23853333333333325e+02 1.06503858114639936e-05 1.06959171224196515e-07
 1.23853333333333325e+02 1.24539999999999992e+02 1.10938460939856353e-05 9.72002023426612381e-08
 1.24539999999999992e+02 1.25226666666666659e+02 1.16990099485073814e-05 1.01692917349471645e-07
 1.25226666666666659e+02 1.25913333333333327e+02 1.20655702047397029e-05 9.77191050370290116e-08
 1.25913333333333327e+02 1.26599999999999994e+02 1.28225948338539533e-05 1.78240973517168773e-07
 1.26599999999999994e+02 1.27286666666666662e+02 1.32033334000998765e-05 1.05557454741066362e-07
 1.27286666666666662e+02 1.27973333333333329e+02 1.40049321691114167e-05 1.53076879598811477e-07
 1.27973333333333329e+02 1.28659999999999997e+02 1.44569922314330864e-05 1.16853340377190081e-07
 1.28659999999999997e+02 1.29346666666666664e+02 1.48800025805302345e-05 1.10061665436100907e-07
 1.29346666666666664e+02 1.30033333333333331e+02 1.54414949039881149e-05 1.10503577064541047e-07
 1.30033333333333331e+02 1.30719999999999999e+02 1.62090615958665842e-05 1.21573690542770707e-07
 1.30719999999999999e+02 1.31406666666666666e+02 1.66781710681679881e-05 1.17248638092377827e-07
 1.31406666666666666e+02 1.32093333333333334e+02 1.72828733308056611e-05 1.15180031995536970e-07
 1.32093333333333334e+02 1.32780000000000001e+02 1.80034051621878272e-05 1.22653578449456287e-07
 1.32780000000000001e+02 1.33466666666666669e+02 1.82258337894900362e-05 1.21509885173414975e-07
 1.33466666666666669e+02 1.34153333333333336e+02 1.91454748345517885e-05 1.25890173958279598e-07
 1.34153333333333336e+02 1.34840000000000003e+02 1.99332322558967121e-05 1.34706329555218706e-07
 1.34840000000000003e+02 1.35526666666666671e+02 2.03726202160920708e-05 1.27940801362310707e-07
 1.35526666666666671e+02 1.36213333333333338e+02 2.08964500062621642e-05 1.31223678931197484e-07
 1.36213333333333338e+02 1.36900000000000006e+02 2.17059539831917113e-05 1.97460532387608252e-07
 1.36900000000000006e+02 1.37586666666666673e+02 2.23040228101353167e-05 1.32814409901951429e-07
 1.37586666666666673e+02 1.38273333333333341e+02 2.31004892832033484e-05 1.56283719058886060e-07
 1.38273333333333341e+02 1.38960000000000008e+02 2.35795702253798835e-05 1.41465372635344673e-07
 1.38960000000000008e+02 1.39646666666666675e+02 2.42651214045401064e-05 1.40775617821569393e-07
 1.39646666666666675e+02 1.40333333333333343e+02 2.48208834837977807e-05 1.35165229566282279e-07
 1.40333333333333343e+02 1.41020000000000010e+02 2.55992395929357758e-05 1.73587395223787621e-07
 1.41020000000000010e+02 1.41706666666666649e+02 2.59830944941226758e-05 1.35779329317032087e-07
 1.41706666666666649e+02 1.42393333333333317e+02 2.68241629596964396e-05 1.44669018651143895e-07
 1.42393333333333317e+02 1.43079999999999984e+02 2.75892088669489097e-05 1.50848414381764573e-07
 1.43079999999999984e+02 1.43766666666666652e+02 2.84941464429705924e-05 1.57961297011336119e-07
 1.43766666666666652e+02 1.44453333333333319e+02 2.87448502731130274e-05 1.51422563957399271e-07
 1.44453333333333319e+02 1.45139999999999986e+02 2.97388052503936060e-05 1.52327608257013824e-07
 1.45139999999999986e+02 1.45826666666666654e+02 3.04186765452097937e-05 1.62633424875724574e-07
 1.45826666666666654e+02 1.46513333333333321e+02 3.10238600034888170e-05 1.65509541559774727e-07
 1.46513333333333321e+02 1.47199999999999989e+02 3.17312211121960626e-05 1.67603632886541778e-07
 1.47199999999999989e+02 1.47886666666666656e+02 3.22121835342489450e-05 1.51981179424945210e-07
 1.47886666666666656e+02 1.48573333333333323e+02 3.31469446879312587e-05 1.53789982667837638e-07
 1.48573333333333323e+02 1.49259999999999991e+02 3.38934745537676629e-05 1.59859438096511096e-07
 1.49259999999999991e+02 1.49946666666666658e+02 3.45847612526974275e-05 1.59723749802808905e-07
 1.49946666666666658e+02 1.50633333333333326e+02 3.53903715160093610e-05 1.61433094396029974e-07
 1.50633333333333326e+02 1.51319999999999993e+02 3.61870397852643276e-05 1.63704117495744133e-07
 1.51319999999999993e+02 1.52006666666666661e+02 3.69737391658329250e-05 1.60620814694965658e-07
 1.52006666666666661e+02 1.52693333333333328e+02 3.78620305356866342e-05 1.66992254343085811e-07
 1.52693333333333328e+02 1.53379999999999995e+02 3.80415978879943326e-05 1.68744546515670999e-07
 1.53379999999999995e+02 1.54066666666666663e+02 3.92741964200976588e-05 1.74762176495864433e-07
 1.54066666666666663e+02 1.54753333333333330e+02 3.99853474594598560e-05 1.89021659663779583e-07
 1.54753333333333330e+02 1.55439999999999998e+02 4.09304068516620569e-05 1.67464484326852470e-07
 1.55439999999999998e+02 1.56126666666666665e+02 4.18289653207296961e-05 2.29676284259290995e-07
 1.56126666666666665e+02 1.56813333333333333e+02 4.21642579492499775e-05 2.11217571343993273e-07
 1.56813333333333333e+02 1.57500000000000000e+02 4.35707376787886910e-05 1.91076627049627589e-07
 1.57500000000000000e+02 1.58186666666666667e+02 4.41300643966972296e-05 1.74997110984721532e-07
 1.58186666666666667e+02 1.58873333333333335e+02 4.48567620683552098e-05 1.86458179118617331e-07
 1.58873333333333335e+02 1.59560000000000002e+02 4.55745575671216040e-05 1.71516492419252612e-07
 1.59560000000000002e+02 1.60246666666666670e+02 8.37709906792847203e-05 2.53901848525803958e-07
 1.60246666666666670e+02 1.60933333333333337e+02 1.50509041783877280e-04 3.39831980642928052e-07
 1.60933333333333337e+02 1.61620000000000005e+02 1.52998740305957352e-04 3.49491385489392962e-07
 1.61620000000000005e+02 1.62306666666666672e+02 1.53374478272388177e-04 3.41070832123202448e-07
 1.62306666666666672e+02 1.62993333333333339e+02 1.56033640012048758e-04 3.44267301631736655e-07
 1.62993333333333339e+02 1.63680000000000007e+02 1.56181095790782723e-04 3.42751773043737494e-07
 1.63680000000000007e+02 1.64366666666666674e+02 1.57767490519027695e-04 3.48793663942069026e-07
 1.64366666666666674e+02 1.65053333333333342e+02 1.59363365750974577e-04 3.48655871987090537e-07
 1.65053333333333342e+02 1.65740000000000009e+02 1.60706787219043115e-04 3.53035699764273440e-07
 1.65740000000000009e+02 1.66426666666666677e+02 1.62599543301367497e-04 3.52440097374880351e-07
 1.66426666666666677e+02 1.67113333333333344e+02 1.63383249711462490e-04 3.54601092958503280e-07
 1.67113333333333344e+02 1.67800000000000011e+02 1.65660732574749922e-04 3.97628287731299793e-07
 1.67800000000000011e+02 1.68486666666666679e+02 1.66830071445982404e-04 5.41615152437973994e-07
 1.68486666666666679e+02 1.69173333333333346e+02 1.68329965764940425e-04 3.68493034231442257e-07
 1.69173333333333346e+02 1.69860000000000014e+02 1.70495869741801908e-04 4.08530640184068265e-07
 1.69860000000000014e+02 1.70546666666666681e+02 1.71410430153609794e-04 3.67861859182936756e-07
 1.70546666666666681e+02 1.71233333333333348e+02 1.73840681526041252e-04 3.71668855423270114e-07
 1.71233333333333348e+02 1.71920000000000016e+02 1.74926253152102903e-04 4.27983045575072194e-07
 1.71920000000000016e+02 1.72606666666666683e+02 1.76892561497123889e-04 4.43675953159289889e-07
 1.72606666666666683e+02 1.73293333333333351e+02 1.77881387333385350e-04 3.51368396467722442e-07
 1.73293333333333351e+02 1.73980000000000018e+02 1.80508083966990737e-04 3.90953924016804694e-07
 1.73980000000000018e+02 1.74666666666666686e+02 1.81903643768810229e-04 3.67273163169185479e-07
 1.74666666666666686e+02 1.75353333333333353e+02 1.82811478583851214e-04 3.53656849263601957e-07
 1.75353333333333353e+02 1.76040000000000020e+02 1.84981976155938115e-04 3.60437597662921636e-07
 1.76040000000000020e+02 1.76726666666666688e+02 1.86108106756297447e-04 3.60593057772266990e-07
 1.76726666666666688e+02 1.77413333333333327e+02 1.87678072659331420e-04 3.59863867527015634e-07
 1.77413333333333327e+02 1.78099999999999994e+02 1.89247375726422386e-04 3.56233392511582360e-07
 1.78099999999999994e+02 1.78786666666666662e+02 1.90694780452972093e-04 3.62191688542925327e-07
 1.78786666666666662e+02 1.79473333333333329e+02 1.92826646984266861e-04 3.75737930986985458e-07
 1.79473333333333329e+02 1.80159999999999997e+02 1.94617556717481777e-04 3.62604456009800484e-07
 1.80159999999999997e+02 1.80846666666666664e+02 1.96400789627499458e-04 3.78862341685994369e-07
 1.80846666666666664e+02 1.81533333333333331e+02 1.98320956605155588e-04 4.01513099345502428e-07
 1.81533333333333331e+02 1.82219999999999999e+02 1.99554756050644515e-04 3.65626893611229382e-07
 1.82219999999999999e+02 1.82906666666666666e+02 2.01360170654797785e-04 3.75247506618420959e-07
 1.82906666666666666e+02 1.83593333333333334e+02 2.03119545036738240e-04 3.78511151297574651e-07
 1.83593333333333334e+02 1.84280000000000001e+02 2.04567273833290551e-04 3.75655773885207223e-07
 1.84280000000000001e+02 1.84966666666666669e+02 2.06808047021737716e-04 4.05100557069592124e-07
 1.84966666666666669e+02 1.85653333333333336e+02 2.08072007967172802e-04 3.82548548007781766e-07
 1.85653333333333336e+02 1.86340000000000003e+02 2.10603422781635970e-04 3.90418019819335749e-07
 1.86340000000000003e+02 1.87026666666666671e+02 2.12314697871926223e-04 4.10619445355297504e-07
 1.87026666666666671e+02 1.87713333333333338e+02 2.13764955135841019e-04 3.75976886024259966e-07
 1.87713333333333338e+02 1.88400000000000006e+02 2.15598684473767519e-04 3.84966366552454408e-07
 1.88400000000000006e+02 1.89086666666666673e+02 2.17119095877173164e-04 3.75234541834543090e-07
 1.89086666666666673e+02 1.89773333333333312e+02 2.19227268173194704e-04 3.76721783314102644e-07
 1.89773333333333312e+02 1.90459999999999980e+02 2.21033584941096410e-04 3.87292480799009639e-07
 1.90459999999999980e+02 1.91146666666666647e+02 2.23698224779343317e-04 3.85628945769538569e-07
 1.91146666666666647e+02 1.91833333333333314e+02 2.24164269512782050e-04 3.69777608654552676e-07
 1.91833333333333314e+02 1.92519999999999982e+02 2.26497111229996036e-04 3.72175288402942621e-07
 1.92519999999999982e+02 1.93206666666666649e+02 2.28548179104019723e-04 3.86450157497219997e-07
 1.93206666666666649e+02 1.93893333333333317e+02 2.30611506821551773e-04 3.84085495655533578e-07
 1.93893333333333317e+02 1.94579999999999984e+02 2.31946397992048651e-04 3.87020045022924403e-07
 1.94579999999999984e+02 1.95266666666666652e+02 2.34315839764896559e-04 4.03745543749533398e-07
 1.95266666666666652e+02 1.95953333333333319e+02 2.36043348121645134e-04 3.93676318566637883e-07
 1.95953333333333319e+02 1.96639999999999986e+02 2.37624653674168668e-04 3.78730546803559695e-07
 1.96639999999999986e+02 1.97326666666666654e+02 2.39900543445739151e-04 3.81213377450653376e-07
 1.97326666666666654e+02 1.98013333333333321e+02 2.42290985414293363e-04 4.25054302217209475e-07
 1.98013333333333321e+02 1.98699999999999989e+02 2.44034934521527073e-04 3.96480091596992183e-07
 1.98699999999999989e+02 1.99386666666666656e+02 2.46428291398660009e-04 3.96701719193379515e-07
 1.99386666666666656e+02 2.00073333333333323e+02 2.48448455971531058e-04 3.99193460239845764e-07
 2.00073333333333323e+02 2.00759999999999991e+02 2.50316912444099383e-04 4.06315161164482334e-07
 2.00759999999999991e+02 2.01446666666666658e+02 2.52348851542168163e-04 3.95934034559778394e-07
 2.01446666666666658e+02 2.02133333333333326e+02 2.53945274827548952e-04 3.98796366013130173e-07
 2.02133333333333326e+02 2.02819999999999993e+02 2.56648941635597675e-04 4.85380552091432455e-07
 2.02819999999999993e+02 2.03506666666666661e+02 2.58647625472862609e-04 4.19401414149089714e-07
 2.03506666666666661e+02 2.04193333333333328e+02 2.60231085841323452e-04 3.98051990906518126e-07
 2.04193333333333328e+02 2.04879999999999995e+02 2.61974704753002371e-04 3.89936028875084138e-07
 2.04879999999999995e+02 2.05566666666666663e+02 2.64580179146971445e-04 4.00470884456638919e-07
 2.05566666666666663e+02 2.06253333333333330e+02 2.66488787688780250e-04 4.18607414724158170e-07
 2.06253333333333330e+02 2.06939999999999998e+02 2.68853017158675735e-04 4.21766809821246898e-07
 2.06939999999999998e+02 2.07626666666666665e+02 2.71913759786360709e-04 4.66537857886221723e-07
 2.07626666666666665e+02 2.08313333333333333e+02 2.72983223541310976e-04 3.98370477337161858e-07
 2.08313333333333333e+02 2.09000000000000000e+02 2.75128185883732640e-04 3.95743654083258245e-07
 2.09000000000000000e+02 2.09686666666666667e+02 2.78331584051994419e-04 3.94739963369233386e-07
 2.09686666666666667e+02 2.10373333333333335e+02 2.79919106140727447e-04 4.05555251473486830e-07
 2.10373333333333335e+02 2.11060000000000002e+02 2.83009895253877352e-04 4.06901418785565758e-07
 2.11060000000000002e+02 2.11746666666666670e+02 2.85057667254674004e-04 4.03779790103193983e-07
 2.11746666666666670e+02 2.12433333333333337e+02 2.87321546408552677e-04 4.14583922573467494e-07
 2.12433333333333337e+02 2.13120000000000005e+02 2.88780654441107788e-04 3.94584158865399664e-07
 2.13120000000000005e+02 2.13806666666666672e+02 2.92049197866140310e-04 4.67646754675107771e-07
 2.13806666666666672e+02 2.14493333333333339e+02 2.93555634733245053e-04 4.05377354972453306e-07
 2.14493333333333339e+02 2.15180000000000007e+02 2.96008349957026901e-04 3.96079271615210339e-07
 2.15180000000000007e+02 2.15866666666666674e+02 2.99114084814265809e-04 4.16393456809957231e-07
 2.15866666666666674e+02 2.16553333333333342e+02 3.01411044232592542e-04 4.44727315203041567e-07
 2.16553333333333342e+02 2.17240000000000009e+02 3.03005437971454530e-04 4.04127657619628931e-07
 2.17240000000000009e+02 2.17926666666666677e+02 3.06701183671780194e-04 4.26785434039515972e-07
 2.17926666666666677e+02 2.18613333333333344e+02 3.08350386600193523e-04 4.18737713124161866e-07
 2.18613333333333344e+02 2.19300000000000011e+02 3.10540912165491406e-04 4.13910711482547011e-07
 2.19300000000000011e+02 2.19986666666666679e+02 3.13230283438215994e-04 4.08825408830741758e-07
 2.19986666666666679e+02 2.20673333333333346e+02 3.15079807587605848e-04 4.25279486724915038e-07
 2.20673333333333346e+02 2.21360000000000014e+02 3.18031884270354726e-04 4.44636797511884845e-07
 2.21360000000000014e+02 2.22046666666666681e+02 3.20705547865717108e-04 4.24206752633395814e-07
 2.22046666666666681e+02 2.22733333333333348e+02 3.23086759981234455e-04 4.06282836147951748e-07
 2.22733333333333348e+02 2.23420000000000016e+02 3.25671690129571579e-04 5.52113753841024195e-07
 2.23420000000000016e+02 2.24106666666666683e+02 3.28483218778968702e-04 4.16121279637646962e-07
 2.24106666666666683e+02 2.24793333333333351e+02 3.31014827572208271e-04 4.28524645206776720e-07
 2.24793333333333351e+02 2.25480000000000018e+02 3.33842093691065370e-04 4.17861854798890784e-07
 2.25480000000000018e+02 2.26166666666666686e+02 3.36090240343004168e-04 4.23898071295333040e-07
 2.26166666666666686e+02 2.26853333333333353e+02 3.38835179572987940e-04 4.23436471729640476e-07
 2.26853333333333353e+02 2.27540000000000020e+02 3.41212088747595344e-04 4.36586918093310642e-07
 2.27540000000000020e+02 2.28226666666666688e+02 3.44762056674987650e-04 4.42236893264593373e-07
 2.28226666666666688e+02 2.28913333333333327e+02 3.47562279907783140e-04 4.16772767825544434e-07
 2.28913333333333327e+02 2.29599999999999994e+02 3.50210380362395602e-04 4.78072348548219403e-07
 2.29599999999999994e+02 2.30286666666666662e+02 3.52236596226588412e-04 4.30521027027056495e-07
 2.30286666666666662e+02 2.30973333333333329e+02 3.55008608396426527e-04 4.50356268700541649e-07
 2.30973333333333329e+02 2.31659999999999997e+02 3.57986929365944849e-04 4.46253821445441133e-07
 2.31659999999999997e+02 2.32346666666666664e+02 3.60629952202271410e-04 4.52611084163333564e-07
 2.32346666666666664e+02 2.33033333333333331e+02 3.63486643731531184e-04 4.34235565757764947e-07
 2.33033333333333331e+02 2.33719999999999999e+02 3.66320243191954153e-04 4.28609608929382740e-07
 2.33719999999999999e+02 2.34406666666666666e+02 3.68883887637345596e-04 4.50045458576803945e-07
 2.34406666666666666e+02 2.35093333333333334e+02 3.72152539428514441e-04 4.33790552214721912e-07
 2.35093333333333334e+02 2.35780000000000001e+02 3.74959989253585203e-04 4.36693503643146694e-07
 2.35780000000000001e+02 2.36466666666666669e+02 3.78047633541328130e-04 4.22060880163693694e-07
 2.36466666666666669e+02 2.37153333333333336e+02 3.81298243543407250e-04 4.39071245053503726e-07
 2.37153333333333336e+02 2.37840000000000003e+02 3.84039789728039122e-04 4.35183063516152606e-07
 2.37840000000000003e+02 2.38526666666666671e+02 3.87414970736128838e-04 4.38697145502796267e-07
 2.38526666666666671e+02 2.39213333333333338e+02 3.90021651823680966e-04 4.71996681967534735e-07
 2.39213333333333338e+02 2.39900000000000006e+02 3.93497819737389327e-04 4.43244970034852461e-07
 2.39900000000000006e+02 2.40586666666666673e+02 3.96303711610970376e-04 4.37561227186200936e-07
 2.40586666666666673e+02 2.41273333333333341e+02 3.99074233176235612e-04 4.36586423428409269e-07
 2.41273333333333341e+02 2.41960000000000008e+02 4.01495901295462556e-04 4.26026516200717187e-07
 2.41960000000000008e+02 2.42646666666666675e+02 4.04230934117510553e-04 4.31642425343880370e-07
 2.42646666666666675e+02 2.43333333333333343e+02 4.08293396965283076e-04 4.42774187081484022e-07
 2.43333333333333343e+02 2.44020000000000010e+02 4.12148933357374338e-04 5.05907006827311585e-07
 2.44020000000000010e+02 2.44706666666666678e+02 4.15167070840751970e-04 4.36154246449806148e-07
 2.44706666666666678e+02 2.45393333333333345e+02 4.17315461883256873e-04 4.28643914254469942e-07
 2.45393333333333345e+02 2.46080000000000013e+02 4.20771011556034951e-04 4.47072220085859811e-07
 2.46080000000000013e+02 2.46766666666666680e+02 4.23793664456360972e-04 4.34143204278523409e-07
 2.46766666666666680e+02 2.47453333333333347e+02 4.27370358803763010e-04 4.29331063333982165e-07
 2.47453333333333347e+02 2.48139999999999986e+02 4.29949285792644595e-04 4.33760372651627966e-07
 2.48139999999999986e+02 2.48826666666666654e+02 4.34238086444876741e-04 4.52746627833781826e-07
 2.48826666666666654e+02 2.49513333333333321e+02 4.37769015087529603e-04 4.72851685076975840e-07
 2.49513333333333321e+02 2.50199999999999989e+02 4.41513149274566814e-04 4.35405051013480000e-07
 2.50199999999999989e+02 2.50886666666666656e+02 4.43833451155001735e-04 4.42513524467606479e-07
 2.50886666666666656e+02 2.51573333333333323e+02 4.47569454487734865e-04 4.49491631176008812e-07
 2.51573333333333323e+02 2.52259999999999991e+02 4.51132589937327643e-04 4.48483287547586116e-07
 2.52259999999999991e+02 2.52946666666666658e+02 4.54764916600502555e-04 4.34681261379436979e-07
 2.52946666666666658e+02 2.53633333333333326e+02 4.57303005920650359e-04 4.91092645638555108e-07
 2.53633333333333326e+02 2.54319999999999993e+02 4.61407704017932272e-04 7.22392752153447141e-07
 2.54319999999999993e+02 2.55006666666666661e+02 4.64860649737210965e-04 4.40464809130269315e-07
 2.55006666666666661e+02 2.55693333333333328e+02 4.67601716205073598e-04 4.54343911335820747e-07
 2.55693333333333328e+02 2.56379999999999995e+02 4.71747267312933678e-04 4.54409205397376592e-07
 2.56379999999999995e+02 2.57066666666666663e+02 4.75186636123610655e-04 4.57004563074521017e-07
 2.57066666666666663e+02 2.57753333333333330e+02 4.78569328345706776e-04 4.78113718194793886e-07
 2.57753333333333330e+02 2.58439999999999998e+02 4.82303320528679018e-04 4.56732071974103913e-07
 2.58439999999999998e+02 2.59126666666666665e+02 4.86296419600621278e-04 4.61175563441693327e-07
 2.59126666666666665e+02 2.59813333333333333e+02 4.89323138125408413e-04 4.42911291944275147e-07
 2.59813333333333333e+02 2.60500000000000000e+02 4.94074507441067626e-04 4.79802088486389505e-07
 2.60500000000000000e+02 2.61186666666666667e+02 4.97082381778105476e-04 4.67931256244665240e-07
 2.61186666666666667e+02 2.61873333333333335e+02 5.00954874424970977e-04 5.79128368754168048e-07
 2.61873333333333335e+02 2.62560000000000002e+02 5.04618890797876190e-04 4.65337612552036018e-07
 2.62560000000000002e+02 2.63246666666666670e+02 5.08422661871905175e-04 4.57338747854473601e-07
 2.63246666666666670e+02 2.63933333333333337e+02 5.11815544079201930e-04 4.63496544500828239e-07
 2.63933333333333337e+02 2.64620000000000005e+02 5.16165128306752012e-04 4.46327451180866487e-07
 2.64620000000000005e+02 2.65306666666666672e+02 5.19811402377356926e-04 4.65455137974894240e-07
 2.65306666666666672e+02 2.65993333333333339e+02 5.23930427095483688e-04 4.74726516372474617e-07
 2.65993333333333339e+02 2.66680000000000007e+02 5.28084275475857465e-04 4.85200958262731844e-07
 2.66680000000000007e+02 2.67366666666666674e+02 5.31622704405482227e-04 4.81461163688123751e-07
 2.67366666666666674e+02 2.68053333333333342e+02 5.35285209997106545e-04 4.59660665634684598e-07
 2.68053333333333342e+02 2.68740000000000009e+02 5.39854234099375937e-04 4.60429348675136364e-07
 2.68740000000000009e+02 2.69426666666666677e+02 5.44168881896922390e-04 4.57603065220495086e-07
 2.69426666666666677e+02 2.70113333333333344e+02 5.48138866025463353e-04 4.63898517293244592e-07
 2.70113333333333344e+02 2.70800000000000011e+02 5.51832742780193294e-04 4.59933756446992874e-07
 2.70800000000000011e+02 2.71486666666666679e+02 5.55998632828683592e-04 4.70500755268779883e-07
 2.71486666666666679e+02 2.72173333333333346e+02 5.60706694260262135e-04 4.59370525666987851e-07
 2.72173333333333346e+02 2.72860000000000014e+02 5.64610907794680034e-04 4.74515028929763826e-07
 2.72860000000000014e+02 2.73546666666666624e+02 5.68728376506985427e-04 5.19609496712691620e-07
 2.73546666666666624e+02 2.74233333333333348e+02 5.72894504087760690e-04 4.71674503177543840e-07
 2.74233333333333348e+02 2.74919999999999959e+02 5.76645396135278096e-04 4.66731153026504135e-07
 2.74919999999999959e+02 2.75606666666666683e+02 5.81435861961967777e-04 4.64296496211877235e-07
 2.75606666666666683e+02 2.76293333333333294e+02 5.86605833212610803e-04 5.20817996375015272e-07
 2.76293333333333294e+02 2.76980000000000018e+02 5.89730529124090253e-04 4.69455418912056197e-07
 2.76980000000000018e+02 2.77666666666666629e+02 5.94448312327491911e-04 4.81082128842960738e-07
 2.77666666666666629e+02 2.78353333333333353e+02 5.99149483103457079e-04 4.72602633233649015e-07
 2.78353333333333353e+02 2.79039999999999964e+02 6.03329493923795415e-04 4.78814851657613780e-07
 2.79039999999999964e+02 2.79726666666666688e+02 6.07629936089150793e-04 4.67011765737524764e-07
 2.79726666666666688e+02 2.80413333333333298e+02 6.12091764457950330e-04 4.79470078341184034e-07
 2.80413333333333298e+02 2.81100000000000023e+02 6.17162484357256544e-04 4.76979152250406148e-07
 2.81100000000000023e+02 2.81786666666666633e+02 6.21610035805419047e-04 4.70168133215652455e-07
 2.81786666666666633e+02 2.82473333333333358e+02 6.26395358291927345e-04 4.90940141688448431e-07
 2.82473333333333358e+02 2.83159999999999968e+02 6.30923957957078385e-04 4.77255368404010105e-07
 2.83159999999999968e+02 2.83846666666666692e+02 6.36477451725723218e-04 6.34887599615406668e-07
 2.83846666666666692e+02 2.84533333333333303e+02 6.40791543154850454e-04 4.95399544027546242e-07
 2.84533333333333303e+02 2.85220000000000027e+02 6.45156170719614797e-04 4.85969915807852604e-07
 2.85220000000000027e+02 2.85906666666666638e+02 6.49372083492715619e-04 4.73101500599142518e-07
 2.85906666666666638e+02 2.86593333333333362e+02 6.55733421569881900e-04 4.96935410397045292e-07
 2.86593333333333362e+02 2.87279999999999973e+02 6.60637171473501140e-04 4.92523666311804716e-07
 2.87279999999999973e+02 2.87966666666666697e+02 6.64887201431856945e-04 4.85252781527526677e-07
 2.87966666666666697e+02 2.88653333333333308e+02 6.70880545660376042e-04 4.69809032724937309e-07
 2.88653333333333308e+02 2.89340000000000032e+02 6.75102831694170146e-04 4.66255677531601884e-07
 2.89340000000000032e+02 2.90026666666666642e+02 6.80560179101278814e-04 4.84431483606700514e-07
 2.90026666666666642e+02 2.90713333333333367e+02 6.85577987163337441e-04 4.88068402621978387e-07
 2.90713333333333367e+02 2.91399999999999977e+02 6.91357981820363916e-04 4.72772275348580698e-07
 2.91399999999999977e+02 2.92086666666666702e+02 6.96751162982996684e-04 5.01413698786966038e-07
 2.92086666666666702e+02 2.92773333333333312e+02 7.02624252716205168e-04 4.81960264332274787e-07
 2.92773333333333312e+02 2.93460000000000036e+02 7.07583005174101942e-04 5.28551820185581361e-07
 2.93460000000000036e+02 2.94146666666666647e+02 7.13831302808289893e-04 5.64166227866909767e-07
 2.94146666666666647e+02 2.94833333333333371e+02 7.17270328792650436e-04 4.75215397897847957e-07
 2.94833333333333371e+02 2.95519999999999982e+02 7.23452829346018914e-04 4.95511452813244903e-07
 2.95519999999999982e+02 2.96206666666666706e+02 7.29231315078556451e-04 5.25657741114672506e-07
 2.96206666666666706e+02 2.96893333333333317e+02 7.35467028793876203e-04 4.99650870969629568e-07
 2.96893333333333317e+02 2.97580000000000041e+02 7.40877324583515476e-04 5.17092696665355781e-07
 2.97580000000000041e+02 2.98266666666666652e+02 7.45504743596313779e-04 4.86611615188850465e-07
 2.98266666666666652e+02 2.98953333333333376e+02 7.52673353640997815e-04 4.95860003592084559e-07
 2.98953333333333376e+02 2.99639999999999986e+02 7.58271021460695232e-04 4.93157345837699763e-07
 2.99639999999999986e+02 3.00326666666666654e+02 7.64807945995642550e-04 4.97855363455010535e-07
 3.00326666666666654e+02 3.01013333333333321e+02 7.69910043690116689e-04 5.04353955656219440e-07
 3.01013333333333321e+02 3.01699999999999989e+02 7.75987462338825979e-04 5.17859700245119030e-07
 3.01699999999999989e+02 3.02386666666666656e+02 7.81950602011627621e-04 5.46149088528926049e-07
 3.02386666666666656e+02 3.03073333333333323e+02 7.88113293741753151e-04 4.87586883535335367e-07
 3.03073333333333323e+02 3.03759999999999991e+02 7.93714598275724477e-04 5.36062549699841311e-07
 3.03759999999999991e+02 3.04446666666666658e+02 8.00750241787347660e-04 5.00686351653715217e-07
 3.04446666666666658e+02 3.05133333333333326e+02 8.06822299422702135e-04 4.95673509995088391e-07
 3.05133333333333326e+02 3.05819999999999993e+02 8.13821282203743175e-04 5.29821553426105467e-07
 3.05819999999999993e+02 3.06506666666666661e+02 8.20285678480716621e-04 5.04670344527978091e-07
 3.06506666666666661e+02 3.07193333333333328e+02 8.25460254752307982e-04 5.13943572068185777e-07
 3.07193333333333328e+02 3.07879999999999995e+02 8.32937437312962384e-04 5.16238507531165421e-07
 3.07879999999999995e+02 3.08566666666666663e+02 8.38706383230919915e-04 5.02124922391109747e-07
 3.08566666666666663e+02 3.09253333333333330e+02 8.43514717428636967e-04 5.10811804411093027e-07
 3.09253333333333330e+02 3.09939999999999998e+02 8.50274501805974958e-04 4.97317329327252405e-07
 3.09939999999999998e+02 3.10626666666666665e+02 8.56417609014409266e-04 5.08966127409024974e-07
 3.10626666666666665e+02 3.11313333333333333e+02 8.63289704604307132e-04 5.15678770516770626e-07
 3.11313333333333333e+02 3.12000000000000000e+02 8.69342975375192993e-04 5.55981180202296216e-07
 3.12000000000000000e+02 3.12686666666666667e+02 8.74903511410744924e-04 5.02449918760857903e-07
 3.12686666666666667e+02 3.13373333333333335e+02 8.81292480557446366e-04 5.09006024265632874e-07
 3.13373333333333335e+02 3.14060000000000002e+02 8.88995282601997097e-04 5.06893880763179651e-07
 3.14060000000000002e+02 3.14746666666666670e+02 8.95082221947012804e-04 5.22722691736721867e-07
 3.14746666666666670e+02 3.15433333333333337e+02 9.00539458925746911e-04 5.09910804869997912e-07
 3.15433333333333337e+02 3.16120000000000005e+02 9.08075235563406179e-04 5.16849030647912072e-07
 3.16120000000000005e+02 3.16806666666666672e+02 9.13596474482829030e-04 5.06797771388287552e-07
 3.16806666666666672e+02 3.17493333333333339e+02 9.19850314736237883e-04 5.19684526942089803e-07
 3.17493333333333339e+02 3.18180000000000007e+02 9.26483961469199801e-04 5.30625215729632633e-07
 3.18180000000000007e+02 3.18866666666666674e+02 9.32864625102064015e-04 5.29926045060325827e-07
 3.18866666666666674e+02 3.19553333333333342e+02 9.39299289018806494e-04 5.59878165932931533e-07
 3.19553333333333342e+02 3.20240000000000009e+02 9.45803337577206258e-04 5.24316265180069387e-07
 3.20240000000000009e+02 3.20926666666666677e+02 9.51795926522604370e-04 5.24718012439124582e-07
 3.20926666666666677e+02 3.21613333333333344e+02 9.57867969099718492e-04 5.19282451892542888e-07
 3.21613333333333344e+02 3.22300000000000011e+02 9.65221235345208213e-04 5.21650719109284697e-07
 3.22300000000000011e+02 3.22986666666666679e+02 9.70885484646508905e-04 5.48918857132631758e-07
 3.22986666666666679e+02 3.23673333333333346e+02 9.76213832926919466e-04 5.17328019723403302e-07
 3.23673333333333346e+02 3.24360000000000014e+02 9.83020311045207850e-04 5.20989257842834589e-07
 3.24360000000000014e+02 3.25046666666666624e+02 9.89681319969565668e-04 5.34983611579798830e-07
 3.25046666666666624e+02 3.25733333333333348e+02 9.95933255335224596e-04 5.40188108839321547e-07
 3.25733333333333348e+02 3.26419999999999959e+02 1.00055595435834233e-03 5.32028233404504901e-07
 3.26419999999999959e+02 3.27106666666666683e+02 1.00868204384965449e-03 5.24135977804982471e-07
 3.27106666666666683e+02 3.27793333333333294e+02 1.01408825193547618e-03 5.16020662613456522e-07
 3.27793333333333294e+02 3.28480000000000018e+02 1.02078804155428444e-03 5.61912780066179908e-07
 3.28480000000000018e+02 3.29166666666666629e+02 1.02678542279971527e-03 5.21636941819089938e-07
 3.29166666666666629e+02 3.29853333333333353e+02 1.03443118582035361e-03 6.27402686375107081e-07
 3.29853333333333353e+02 3.30539999999999964e+02 1.03902188413806267e-03 5.28644273654214675e-07
 3.30539999999999964e+02 3.31226666666666688e+02 1.04589370493455842e-03 5.41109453769568165e-07
 3.31226666666666688e+02 3.31913333333333298e+02 1.05214400522628802e-03 5.67958793158386189e-07
 3.31913333333333298e+02 3.32600000000000023e+02 1.05846680864247577e-03 5.54101209127572330e-07
 3.32600000000000023e+02 3.33286666666666633e+02 1.06460514304037982e-03 8.15366660548893796e-07
 3.33286666666666633e+02 3.33973333333333358e+02 1.07015958153209960e-03 5.46321867092239539e-07
 3.33973333333333358e+02 3.34659999999999968e+02 1.07622338466514204e-03 5.75737223117881553e-07
 3.34659999999999968e+02 3.35346666666666692e+02 1.08090339372894032e-03 5.34622062486797479e-07
 3.35346666666666692e+02 3.36033333333333303e+02 1.08764724505919772e-03 5.46765898357625213e-07
 3.36033333333333303e+02 3.36720000000000027e+02 1.09408517463050305e-03 5.69211423906603742e-07
 3.36720000000000027e+02 3.37406666666666638e+02 1.10098872344933474e-03 5.47591510210838855e-07
 3.37406666666666638e+02 3.38093333333333362e+02 1.10761542610600242e-03 5.48851471191527580e-07
 3.38093333333333362e+02 3.38779999999999973e+02 1.11226710420469707e-03 5.53521479012205812e-07
 3.38779999999999973e+02 3.39466666666666697e+02 1.11886767971413150e-03 5.42483201041755272e-07
 3.39466666666666697e+02 3.40153333333333308e+02 1.12564784810378774e-03 5.45150086494812165e-07
 3.40153333333333308e+02 3.40840000000000032e+02 1.13003368249184918e-03 5.68606777022807384e-07
 3.40840000000000032e+02 3.41526666666666642e+02 1.13736080122714888e-03 6.52287612257197259e-07
 3.41526666666666642e+02 3.42213333333333367e+02 1.14458543971878075e-03 5.54552556678521996e-07
 3.42213333333333367e+02 3.42899999999999977e+02 1.15005464075110253e-03 5.50054091924268425e-07
 3.42899999999999977e+02 3.43586666666666702e+02 1.15511968826009196e-03 5.65244221732744284e-07
 3.43586666666666702e+02 3.44273333333333312e+02 1.16095005007319819e-03 5.42006085531614402e-07
 3.44273333333333312e+02 3.44960000000000036e+02 1.16699262665893974e-03 5.40263540895426823e-07
 3.44960000000000036e+02 3.45646666666666647e+02 1.17309767139564536e-03 5.47410517008630497e-07
 3.45646666666666647e+02 3.46333333333333371e+02 1.17834028159977079e-03 5.43485101315468231e-07
 3.46333333333333371e+02 3.47019999999999982e+02 1.18429528037578133e-03 5.56589149058779130e-07
 3.47019999999999982e+02 3.47706666666666706e+02 1.19158365929704791e-03 7.09845402862259123e-07
 3.47706666666666706e+02 3.48393333333333317e+02 1.19652916402310737e-03 5.77555753779867037e-07
 3.48393333333333317e+02 3.49080000000000041e+02 1.20075285847641195e-03 5.43256935312522237e-07
 3.49080000000000041e+02 3.49766666666666652e+02 1.20710849084588730e-03 5.60362842450181556e-07
 3.49766666666666652e+02 3.50453333333333376e+02 1.21243565661974793e-03 5.61904662334456934e-07
 3.50453333333333376e+02 3.51139999999999986e+02 1.21839106672656447e-03 5.52917570105369764e-07
 3.51139999999999986e+02 3.51826666666666654e+02 1.22431971819238487e-03 5.66295684435185407e-07
 3.51826666666666654e+02 3.52513333333333321e+02 1.23106878905243763e-03 5.60886069902858529e-07
 3.52513333333333321e+02 3.53199999999999989e+02 1.23625647584281657e-03 5.56306460766137601e-07
 3.53199999999999989e+02 3.53886666666666656e+02 1.24147346244778416e-03 5.68354668116581508e-07
 3.53886666666666656e+02 3.54573333333333323e+02 1.24679593220933878e-03 5.50169385521581768e-07
 3.54573333333333323e+02 3.55259999999999991e+02 1.25388456188921834e-03 5.77138082717280439e-07
 3.55259999999999991e+02 3.55946666666666658e+02 1.25820401115239906e-03 5.55640865189934465e-07
 3.55946666666666658e+02 3.56633333333333326e+02 1.26415005915745554e-03 5.87280457644240361e-07
 3.56633333333333326e+02 3.57319999999999993e+02 1.26954444982914469e-03 5.63521232678682530e-07
 3.57319999999999993e+02 3.58006666666666661e+02 1.27487249806718626e-03 6.76961993774406991e-07
 3.58006666666666661e+02 3.58693333333333328e+02 1.28151953419373184e-03 5.88491761220850745e-07
 3.58693333333333328e+02 3.59379999999999995e+02 1.28511318174996301e-03 5.67279372687482413e-07
 3.59379999999999995e+02 3.60066666666666663e+02 1.29132473665568388e-03 6.74110283160744897e-07
 3.60066666666666663e+02 3.60753333333333330e+02 1.29595180188824878e-03 6.27655960360342910e-07
 3.60753333333333330e+02 3.61439999999999998e+02 1.30115624952702007e-03 5.75981670814992202e-07
 3.61439999999999998e+02 3.62126666666666665e+02 1.30726076309595099e-03 5.83258161896653774e-07
 3.62126666666666665e+02 3.62813333333333333e+02 1.31097889382221673e-03 5.69294234944003546e-07
 3.62813333333333333e+02 3.63500000000000000e+02 1.31590877690839175e-03 5.66932085802665733e-07
 3.63500000000000000e+02 3.64186666666666667e+02 1.32081250007911547e-03 5.79978000804481381e-07
 3.64186666666666667e+02 3.64873333333333335e+02 1.32652782573607943e-03 5.69095928906734932e-07
 3.64873333333333335e+02 3.65560000000000002e+02 1.33209206073752373e-03 5.83383629510534824e-07
 3.65560000000000002e+02 3.66246666666666670e+02 1.33663458656495780e-03 5.74320553983117861e-07
 3.66246666666666670e+02 3.66933333333333337e+02 1.34107792226803905e-03 5.69472159738014857e-07
 3.66933333333333337e+02 3.67620000000000005e+02 1.34561438783296840e-03 5.70216320049804450e-07
 3.67620000000000005e+02 3.68306666666666672e+02 1.35027641300360188e-03 5.79579994976306782e-07
 3.68306666666666672e+02 3.68993333333333339e+02 1.35466635936160235e-03 5.79217687548918955e-07
 3.68993333333333339e+02 3.69680000000000007e+02 1.35912123234141827e-03 5.82863788133145105e-07
 3.69680000000000007e+02 3.70366666666666674e+02 1.36444480884201531e-03 5.87101739922029686e-07
 3.70366666666666674e+02 3.71053333333333342e+02 1.36749918096073782e-03 5.89186652597784478e-07
 3.71053333333333342e+02 3.71740000000000009e+02 1.37222270703959959e-03 6.01652395448454285e-07
 3.71740000000000009e+02 3.72426666666666677e+02 1.37627150570281283e-03 5.99361061157654774e-07
 3.72426666666666677e+02 3.73113333333333344e+02 1.38013148489704108e-03 6.05795136187301348e-07
 3.73113333333333344e+02 3.73800000000000011e+02 1.38524447511910345e-03 6.40793294381930220e-07
 3.73800000000000011e+02 3.74486666666666679e+02 1.38836871559208197e-03 5.81482380691493869e-07
 3.74486666666666679e+02 3.75173333333333346e+02 1.39299591409746543e-03 6.26640421645096001e-07
 3.75173333333333346e+02 3.75860000000000014e+02 1.39637716750843862e-03 5.90976392832195421e-07
 3.75860000000000014e+02 3.76546666666666681e+02 1.40071336124298566e-03 6.07237146377930484e-07
 3.76546666666666681e+02 3.77233333333333348e+02 1.40410995942941608e-03 6.13445513003690688e-07
 3.77233333333333348e+02 3.77920000000000016e+02 1.40768165289303915e-03 5.86651247139314049e-07
 3.77920000000000016e+02 3.78606666666666683e+02 1.41076547410678944e-03 6.00968491209256094e-07
 3.78606666666666683e+02 3.79293333333333351e+02 1.41343968122641778e-03 5.91783862728884030e-07
 3.79293333333333351e+02 3.79980000000000018e+02 1.41749436145099049e-03 6.08136116912860944e-07
 3.79980000000000018e+02 3.80666666666666686e+02 1.41936699264619205e-03 6.12819683686193162e-07
 3.80666666666666686e+02 3.81353333333333353e+02 1.42288263639236490e-03 5.94197792823944203e-07
 3.81353333333333353e+02 3.82040000000000020e+02 1.42608352232687107e-03 5.97010060064510270e-07
 3.82040000000000020e+02 3.82726666666666688e+02 1.42814157484687362e-03 6.07420015694773134e-07
 3.82726666666666688e+02 3.83413333333333355e+02 1.43105795121171238e-03 7.72196725535536129e-07
 3.83413333333333355e+02 3.84100000000000023e+02 1.43375573482623728e-03 8.96075058029072110e-07
 3.84100000000000023e+02 3.84786666666666690e+02 1.43615256501997959e-03 1.09494646760281703e-06
 3.84786666666666690e+02 3.85473333333333358e+02 1.43822444697855279e-03 6.15297976155905017e-07
 3.85473333333333358e+02 3.86160000000000025e+02 1.43961401971280482e-03 5.96664355787315449e-07
 3.86160000000000025e+02 3.86846666666666692e+02 1.44161192945250799e-03 6.22510527180856397e-07
 3.86846666666666692e+02 3.87533333333333360e+02 1.44215901230448158e-03 6.09138184962919909e-07
 3.87533333333333360e+02 3.88220000000000027e+02 1.44208097127182153e-03 5.90169856435717881e-07
 3.88220000000000027e+02 3.88906666666666695e+02 1.44557786197877501e-03 1.10304166472399613e-06
 3.88906666666666695e+02 3.89593333333333305e+02 1.44439620917703087e-03 5.95775569989530755e-07
 3.89593333333333305e+02 3.90279999999999973e+02 1.44543015253876064e-03 6.23371131050695057e-07
 3.90279999999999973e+02 3.90966666666666640e+02 1.44615784384874587e-03 6.38258687939219726e-07
 3.90966666666666640e+02 3.91653333333333308e+02 1.44477883719940927e-03 6.13126097622689510e-07
 3.91653333333333308e+02 3.92339999999999975e+02 1.44429104566596135e-03 6.26564980431371837e-07
 3.92339999999999975e+02 3.93026666666666642e+02 1.44382571970326132e-03 6.10244902660732112e-07
 3.93026666666666642e+02 3.93713333333333310e+02 1.44071026210420834e-03 6.98929149915089777e-07
 3.93713333333333310e+02 3.94399999999999977e+02 1.43946743556918905e-03 6.25379916809087319e-07
 3.94399999999999977e+02 3.95086666666666645e+02 1.43572982600911089e-03 6.60368633760991652e-07
 3.95086666666666645e+02 3.95773333333333312e+02 1.43025091518975437e-03 8.51833118438057389e-07
 3.95773333333333312e+02 3.96459999999999980e+02 1.42539905894497080e-03 6.29458341469454502e-07
 3.96459999999999980e+02 3.97146666666666647e+02 1.41889059419169966e-03 6.15784886332704392e-07
 3.97146666666666647e+02 3.97833333333333314e+02 1.41305386354530563e-03 6.34925380640900814e-07
 3.97833333333333314e+02 3.98519999999999982e+02 1.40565779876545985e-03 6.10761029583122599e-07
 3.98519999999999982e+02 3.99206666666666649e+02 1.39867810155500094e-03 6.03048382696833304e-07
 3.99206666666666649e+02 3.99893333333333317e+02 1.39298617794669181e-03 5.99568658739544854e-07
 3.99893333333333317e+02 4.00579999999999984e+02 1.38874753999459490e-03 6.23037502767632810e-07
 4.00579999999999984e+02 4.01266666666666652e+02 1.38244609029201742e-03 5.88684946483723360e-07
 4.01266666666666652e+02 4.01953333333333319e+02 1.37696209602661420e-03 6.55834236082217813e-07
 4.01953333333333319e+02 4.02639999999999986e+02 1.37082117912285255e-03 5.86689486468069675e-07
 4.02639999999999986e+02 4.03326666666666654e+02 1.36569161566970384e-03 5.79211589403154758e-07
 4.03326666666666654e+02 4.04013333333333321e+02 1.36110813014109818e-03 5.73122337632218397e-07
 4.04013333333333321e+02 4.04699999999999989e+02 1.35671628977802362e-03 5.78796897524029891e-07
 4.04699999999999989e+02 4.05386666666666656e+02 1.35219739444214135e-03 5.86193127632655523e-07
 4.05386666666666656e+02 4.06073333333333323e+02 1.34949151218005268e-03 5.61808039073742377e-07
 4.06073333333333323e+02 4.06759999999999991e+02 1.34534062818721599e-03 5.59030013897463269e-07
 4.06759999999999991e+02 4.07446666666666658e+02 1.34161165564463791e-03 5.39568341284629352e-07
 4.07446666666666658e+02 4.08133333333333326e+02 1.33957255423815496e-03 5.41809274379601434e-07
 4.08133333333333326e+02 4.08819999999999993e+02 1.33708572531486005e-03 5.54918564150239267e-07
 4.08819999999999993e+02 4.09506666666666661e+02 1.33506152149149085e-03 5.58147571724361912e-07
 4.09506666666666661e+02 4.10193333333333328e+02 1.33288758898433141e-03 5.39775845906195071e-07
 4.10193333333333328e+02 4.10879999999999995e+02 1.32996487075055835e-03 5.47666375729664951e-07
 4.10879999999999995e+02 4.11566666666666663e+02 1.32702323343498823e-03 5.38506285552159331e-07
 4.11566666666666663e+02 4.12253333333333330e+02 1.32598408278376194e-03 5.77205750212619411e-07
 4.12253333333333330e+02 4.12939999999999998e+02 1.32312599083485218e-03 5.33338789324213227e-07
 4.12939999999999998e+02 4.13626666666666665e+02 1.32175733701742158e-03 5.33853989227639943e-07
 4.13626666666666665e+02 4.14313333333333333e+02 1.31945198358667643e-03 5.35295593180627113e-07
 4.14313333333333333e+02 4.15000000000000000e+02 1.31819210558277423e-03 5.55941661393739008e-07
 4.15000000000000000e+02 4.15686666666666667e+02 1.31673048586895499e-03 5.33071550229844249e-07
 4.15686666666666667e+02 4.16373333333333335e+02 1.31416561921548092e-03 5.25558942088454198e-07
 4.16373333333333335e+02 4.17060000000000002e+02 1.31238327394722740e-03 5.46580286155682478e-07
 4.17060000000000002e+02 4.17746666666666670e+02 1.31022194302009352e-03 5.21809030954886354e-07
 4.17746666666666670e+02 4.18433333333333337e+02 1.30817152641466610e-03 5.11415969640511490e-07
 4.18433333333333337e+02 4.19120000000000005e+02 1.30751605660488646e-03 5.67574999299568152e-07
 4.19120000000000005e+02 4.19806666666666672e+02 1.30442888067100644e-03 5.27967223639469503e-07
 4.19806666666666672e+02 4.20493333333333339e+02 1.30294279314250097e-03 5.20494806425123124e-07
 4.20493333333333339e+02 4.21180000000000007e+02 1.30069934114209374e-03 5.29988352547570061e-07
 4.21180000000000007e+02 4.21866666666666674e+02 1.29903008143330613e-03 5.27008984534927643e-07
 4.21866666666666674e+02 4.22553333333333342e+02 1.29725934270177715e-03 5.30750852993902827e-07
 4.22553333333333342e+02 4.23240000000000009e+02 1.29418706436917885e-03 5.25071759488647276e-07
 4.23240000000000009e+02 4.23926666666666677e+02 1.29185110757871363e-03 5.18306449586254237e-07
 4.23926666666666677e+02 4.24613333333333344e+02 1.29070285450035146e-03 5.64283416377707262e-07
 4.24613333333333344e+02 4.25300000000000011e+02 1.28787465176452023e-03 5.18485165177840248e-07
 4.25300000000000011e+02 4.25986666666666679e+02 1.28516100511646687e-03 5.12631029851339454e-07
 4.25986666666666679e+02 4.26673333333333346e+02 1.28253338066318520e-03 5.79203623839688336e-07
 4.26673333333333346e+02 4.27360000000000014e+02 1.28047050595914060e-03 5.33850256104042388e-07
 4.27360000000000014e+02 4.28046666666666681e+02 1.27769601002608786e-03 5.07264720570387143e-07
 4.28046666666666681e+02 4.28733333333333348e+02 1.27464261858324288e-03 5.35324486299131881e-07
 4.28733333333333348e+02 4.29420000000000016e+02 1.27213750409151029e-03 5.15313876572589618e-07
 4.29420000000000016e+02 4.30106666666666683e+02 1.26928771846010436e-03 5.00294623608408390e-07
 4.30106666666666683e+02 4.30793333333333351e+02 1.26686445472718400e-03 5.13416416035888333e-07
 4.30793333333333351e+02 4.31480000000000018e+02 1.26459786995995770e-03 5.05397199284136318e-07
 4.31480000000000018e+02 4.32166666666666686e+02 1.26247082995730093e-03 5.05298810027511077e-07
 4.32166666666666686e+02 4.32853333333333353e+02 1.26042124675761051e-03 5.37630040261564479e-07
 4.32853333333333353e+02 4.33540000000000020e+02 1.25755236340296147e-03 5.17876101635834884e-07
 4.33540000000000020e+02 4.34226666666666688e+02 1.25630710858582297e-03 5.05244363047251244e-07
 4.34226666666666688e+02 4.34913333333333355e+02 1.25262361032776643e-03 5.18686179236730413e-07
 4.34913333333333355e+02 4.35600000000000023e+02 1.25058026328082059e-03 5.39427001637366545e-07
 4.35600000000000023e+02 4.36286666666666690e+02 1.24767106377041549e-03 5.02970076532361340e-07
 4.36286666666666690e+02 4.36973333333333358e+02 1.24588472566449513e-03 5.20326182618862092e-07
 4.36973333333333358e+02 4.37660000000000025e+02 1.24336198624941277e-03 5.03939282549070832e-07
 4.37660000000000025e+02 4.38346666666666692e+02 1.23966906758898291e-03 5.15202005799239882e-07
 4.38346666666666692e+02 4.39033333333333360e+02 1.23706927046068763e-03 5.11235459655933588e-07
 4.39033333333333360e+02 4.39720000000000027e+02 1.23399808497294365e-03 5.20421451568706199e-07
 4.39720000000000027e+02 4.40406666666666695e+02 1.23165234463881680e-03 5.32115072675595908e-07
 4.40406666666666695e+02 4.41093333333333305e+02 1.22832005792932906e-03 5.28441717342974672e-07
 4.41093333333333305e+02 4.41779999999999973e+02 1.22509128502895160e-03 5.23702553715668521e-07
 4.41779999999999973e+02 4.42466666666666640e+02 1.22187101426072002e-03 5.23533674086656040e-07
 4.42466666666666640e+02 4.43153333333333308e+02 1.21852313801814010e-03 5.11138709124670741e-07
 4.43153333333333308e+02 4.43839999999999975e+02 1.21550325037290139e-03 1.23996268058199245e-06
 4.43839999999999975e+02 4.44526666666666642e+02 1.21115140214030190e-03 5.01207239948949609e-07
 4.44526666666666642e+02 4.45213333333333310e+02 1.20667334445852996e-03 5.21507870751679237e-07
 4.45213333333333310e+02 4.45899999999999977e+02 1.20419440932124271e-03 5.24349634622252164e-07
 4.45899999999999977e+02 4.46586666666666645e+02 1.19825509913242326e-03 5.09980961873503001e-07
 4.46586666666666645e+02 4.47273333333333312e+02 1.19457555648940102e-03 5.12665829645285589e-07
 4.47273333333333312e+02 4.47959999999999980e+02 1.18938472208631038e-03 5.09778068873389683e-07
 4.47959999999999980e+02 4.48646666666666647e+02 1.18515849697791603e-03 5.17378033408875142e-07
 4.48646666666666647e+02 4.49333333333333314e+02 1.18024505917548278e-03 5.34658430684541343e-07
 4.49333333333333314e+02 4.50019999999999982e+02 1.17464025930416865e-03 5.13528238864576569e-07
 4.50019999999999982e+02 4.50706666666666649e+02 1.16956005209778685e-03 5.24480050148893534e-07
 4.50706666666666649e+02 4.51393333333333317e+02 1.16388084709879362e-03 5.00642234896182582e-07
 4.51393333333333317e+02 4.52079999999999984e+02 1.15854547050470527e-03 5.34836430740473513e-07
 4.52079999999999984e+02 4.52766666666666652e+02 1.15251305368689453e-03 5.05971520864458670e-07
 4.52766666666666652e+02 4.53453333333333319e+02 1.14703277476834505e-03 4.98944215532314874e-07
 4.53453333333333319e+02 4.54139999999999986e+02 1.14011908116063614e-03 5.04861125993604839e-07
 4.54139999999999986e+02 4.54826666666666654e+02 1.13459204485758642e-03 5.15005961244950034e-07
 4.54826666666666654e+02 4.55513333333333321e+02 1.12928242461695933e-03 4.95813866491303659e-07
 4.55513333333333321e+02 4.56199999999999989e+02 1.12311586765761009e-03 4.95534876733153652e-07
 4.56199999999999989e+02 4.56886666666666656e+02 1.11726154001460685e-03 5.02497592989212622e-07
 4.56886666666666656e+02 4.57573333333333323e+02 1.11057498940897968e-03 5.19063424306629868e-07
 4.57573333333333323e+02 4.58259999999999991e+02 1.10342004266803960e-03 5.08351151415593237e-07
 4.58259999999999991e+02 4.58946666666666658e+02 1.09778482324442324e-03 5.22057220405312867e-07
 4.58946666666666658e+02 4.59633333333333326e+02 1.08960939153208264e-03 6.51782684208003895e-07
 4.59633333333333326e+02 4.60319999999999993e+02 1.08339889653684754e-03 5.03776957531014591e-07
 4.60319999999999993e+02 4.61006666666666661e+02 1.07541226266735009e-03 5.15258851895289881e-07
 4.61006666666666661e+02 4.61693333333333328e+02 1.06790369315954065e-03 5.14606715997781540e-07
 4.61693333333333328e+02 4.62379999999999995e+02 1.06014612780558543e-03 4.84290488427965594e-07
 4.62379999999999995e+02 4.63066666666666663e+02 1.05156083210313444e-03 5.05630782345314408e-07
 4.63066666666666663e+02 4.63753333333333330e+02 1.04170903968896006e-03 4.99100573515168062e-07
 4.63753333333333330e+02 4.64439999999999998e+02 1.03370802777654988e-03 4.89972619302582149e-07
 4.64439999999999998e+02 4.65126666666666665e+02 1.02334302856295790e-03 4.95850784094193314e-07
 4.65126666666666665e+02 4.65813333333333333e+02 1.01339817051521023e-03 4.86893058281513057e-07
 4.65813333333333333e+02 4.66500000000000000e+02 1.00244594474284822e-03 4.94420709901980008e-07
 4.66500000000000000e+02 4.67186666666666667e+02 9.92393711562993691e-04 4.95546268212282843e-07
 4.67186666666666667e+02 4.67873333333333335e+02 9.78543429878594648e-04 4.79311120129603990e-07
 4.67873333333333335e+02 4.68560000000000002e+02 9.65174293084999154e-04 4.90752706622703358e-07
 4.68560000000000002e+02 4.69246666666666670e+02 9.51296706464146860e-04 4.89330375955635791e-07
 4.69246666666666670e+02 4.69933333333333337e+02 9.36281164342954789e-04 4.90597347905308732e-07
 4.69933333333333337e+02 4.70620000000000005e+02 9.21110523253339578e-04 4.93473644957814713e-07
 4.70620000000000005e+02 4.71306666666666672e+02 9.04317998224439491e-04 4.95036789485647257e-07
 4.71306666666666672e+02 4.71993333333333339e+02 8.84912294033457806e-04 4.93050656587320610e-07
 4.71993333333333339e+02 4.72680000000000007e+02 8.66467297033706113e-04 5.37480002796230584e-07
 4.72680000000000007e+02 4.73366666666666674e+02 8.43813443175119439e-04 9.56636006076212887e-07
 4.73366666666666674e+02 4.74053333333333342e+02 8.21454156086727093e-04 4.72519319388469814e-07
 4.74053333333333342e+02 4.74740000000000009e+02 7.95542023432734696e-04 1.41197916180258627e-06
 4.74740000000000009e+02 4.75426666666666677e+02 7.70308310648488092e-04 4.64093740732698306e-07
 4.75426666666666677e+02 4.76113333333333344e+02 7.41144843851187173e-04 4.81470955964703564e-07
 4.76113333333333344e+02 4.76800000000000011e+02 7.09958148310635808e-04 4.48582158318404188e-07
 4.76800000000000011e+02 4.77486666666666679e+02 6.77365876328367487e-04 4.14558965156525156e-07
 4.77486666666666679e+02 4.78173333333333346e+02 6.44404998274643727e-04 4.32181502410177549e-07
 4.78173333333333346e+02 4.78860000000000014e+02 6.09726545225510895e-04 4.82242953466945839e-07
 4.78860000000000014e+02 4.79546666666666681e+02 5.72809872462343443e-04 4.05105625567447082e-07
 4.79546666666666681e+02 4.80233333333333348e+02 5.35456045721688281e-04 3.83052266681984653e-07
 4.80233333333333348e+02 4.80920000000000016e+02 4.95994567078760396e-04 3.83271253717807228e-07
 4.80920000000000016e+02 4.81606666666666683e+02 4.55555161100146256e-04 3.91118281060926692e-07
 4.81606666666666683e+02 4.82293333333333351e+02 4.12473053077060331e-04 3.57521650639124943e-07
 4.82293333333333351e+02 4.82980000000000018e+02 3.67173158149746868e-04 3.35710469471973892e-07
 4.82980000000000018e+02 4.83666666666666686e+02 3.20826036304860452e-04 3.48314818365021630e-07
 4.83666666666666686e+02 4.84353333333333353e+02 2.70831060708713524e-04 2.73039016362397851e-07
 4.84353333333333353e+02 4.85040000000000020e+02 2.20384656493904712e-04 3.13692270211285461e-07
 4.85040000000000020e+02 4.85726666666666688e+02 1.67650643508885321e-04 2.49229689651242339e-07
 4.85726666666666688e+02 4.86413333333333355e+02 1.15171808910205270e-04 2.49239976325276315e-07
 4.86413333333333355e+02 4.87100000000000023e+02 6.50243606454552106e-05 1.32234070578794375e-07
 4.87100000000000023e+02 4.87786666666666690e+02 2.40820976500376743e-05 1.35546958285929626e-07
 4.87786666666666690e+02 4.88473333333333358e+02 2.11771364787434565e-06 2.33605598826207205e-08
 4.88473333333333358e+02 4.89160000000000025e+02 0.00000000000000000e+00 0.00000000000000000e+00
 4.89160000000000025e+02 4.89846666666666692e+02 0.00000000000000000e+00 0.00000000000000000e+00
 4.89846666666666692e+02 4.90533333333333360e+02 0.00000000000000000e+00 0.00000000000000000e+00
 4.90533333333333360e+02 4.91220000000000027e+02 0.00000000000000000e+00 0.00000000000000000e+00
 4.91220000000000027e+02 4.91906666666666695e+02 0.00000000000000000e+00 0.00000000000000000e+00
 4.91906666666666695e+02 4.92593333333333305e+02 0.00000000000000000e+00 0.00000000000000000e+00
 4.92593333333333305e+02 4.93279999999999973e+02 0.00000000000000000e+00 0.00000000000000000e+00
 4.93279999999999973e+02 4.93966666666666640e+02 0.00000000000000000e+00 0.00000000000000000e+00
 4.93966666666666640e+02 4.94653333333333308e+02 0.00000000000000000e+00 0.00000000000000000e+00
 4.94653333333333308e+02 4.95339999999999975e+02 0.00000000000000000e+00 0.00000000000000000e+00
 4.95339999999999975e+02 4.96026666666666642e+02 0.00000000000000000e+00 0.00000000000000000e+00
 4.96026666666666642e+02 4.96713333333333310e+02 0.00000000000000000e+00 0.00000000000000000e+00
 4.96713333333333310e+02 4.97399999999999977e+02 0.00000000000000000e+00 0.00000000000000000e+00
 4.97399999999999977e+02 4.98086666666666645e+02 0.00000000000000000e+00 0.00000000000000000e+00
 4.98086666666666645e+02 4.98773333333333312e+02 0.00000000000000000e+00 0.00000000000000000e+00
 4.98773333333333312e+02 4.99459999999999980e+02 0.00000000000000000e+00 0.00000000000000000e+00
 4.99459999999999980e+02 5.00146666666666647e+02 0.00000000000000000e+00 0.00000000000000000e+00
 5.00146666666666647e+02 5.00833333333333314e+02 0.00000000000000000e+00 0.00000000000000000e+00
 5.00833333333333314e+02 5.01519999999999982e+02 0.00000000000000000e+00 0.00000000000000000e+00
 5.01519999999999982e+02 5.02206666666666649e+02 0.00000000000000000e+00 0.00000000000000000e+00
 5.02206666666666649e+02 5.02893333333333317e+02 0.00000000000000000e+00 0.00000000000000000e+00
 5.02893333333333317e+02 5.03579999999999984e+02 0.00000000000000000e+00 0.00000000000000000e+00
 5.03579999999999984e+02 5.04266666666666652e+02 0.00000000000000000e+00 0.00000000000000000e+00
 5.04266666666666652e+02 5.04953333333333319e+02 0.00000000000000000e+00 0.00000000000000000e+00
 5.04953333333333319e+02 5.05639999999999986e+02 0.00000000000000000e+00 0.00000000000000000e+00
 5.05639999999999986e+02 5.06326666666666654e+02 0.00000000000000000e+00 0.00000000000000000e+00
 5.06326666666666654e+02 5.07013333333333321e+02 0.00000000000000000e+00 0.00000000000000000e+00
 5.07013333333333321e+02 5.07699999999999989e+02 0.00000000000000000e+00 0.00000000000000000e+00
 5.07699999999999989e+02 5.08386666666666656e+02 0.00000000000000000e+00 0.00000000000000000e+00
 5.08386666666666656e+02 5.09073333333333323e+02 0.00000000000000000e+00 0.00000000000000000e+00
 5.09073333333333323e+02 5.09759999999999991e+02 0.00000000000000000e+00 0.00000000000000000e+00
 5.09759999999999991e+02 5.10446666666666658e+02 0.00000000000000000e+00 0.00000000000000000e+00
 5.10446666666666658e+02 5.11133333333333326e+02 0.00000000000000000e+00 0.00000000000000000e+00
 5.11133333333333326e+02 5.11819999999999993e+02 0.00000000000000000e+00 0.00000000000000000e+00
 5.11819999999999993e+02 5.12506666666666661e+02 0.00000000000000000e+00 0.00000000000000000e+00
 5.12506666666666661e+02 5.13193333333333385e+02 0.00000000000000000e+00 0.00000000000000000e+00
 5.13193333333333385e+02 5.13879999999999995e+02 0.00000000000000000e+00 0.00000000000000000e+00
 5.13879999999999995e+02 5.14566666666666606e+02 0.00000000000000000e+00 0.00000000000000000e+00
 5.14566666666666606e+02 5.15253333333333330e+02 0.00000000000000000e+00 0.00000000000000000e+00
 5.15253333333333330e+02 5.15940000000000055e+02 0.00000000000000000e+00 0.00000000000000000e+00
 5.15940000000000055e+02 5.16626666666666665e+02 0.00000000000000000e+00 0.00000000000000000e+00
 5.16626666666666665e+02 5.17313333333333276e+02 0.00000000000000000e+00 0.00000000000000000e+00
 5.17313333333333276e+02 5.18000000000000000e+02 0.00000000000000000e+00 0.00000000000000000e+00

Histogram:lmxx
 3.16000000000000000e+02 3.17009999999999991e+02 1.82869809343042543e-05 2.16851358633832970e-07
 3.17009999999999991e+02 3.18019999999999982e+02 2.37837836632610561e-05 2.68541007384426586e-07
 3.18019999999999982e+02 3.19029999999999973e+02 2.36244160069406768e-05 2.34877661724519857e-07
 3.19029999999999973e+02 3.20040000000000020e+02 2.42380330919047156e-05 2.37300014668989095e-07
 3.20040000000000020e+02 3.21050000000000011e+02 2.47546307487808088e-05 2.21785203602916324e-07
 3.21050000000000011e+02 3.22060000000000002e+02 2.51096124831759014e-05 2.17011617538434861e-07
 3.22060000000000002e+02 3.23069999999999993e+02 2.55205271370679366e-05 2.28278369005649170e-07
 3.23069999999999993e+02 3.24079999999999984e+02 2.56484793138531908e-05 2.07357381355548301e-07
 3.24079999999999984e+02 3.25089999999999975e+02 2.65544549945149109e-05 2.76136825192229052e-07
 3.25089999999999975e+02 3.26100000000000023e+02 2.63977767926703262e-05 2.16696142395380642e-07
 3.26100000000000023e+02 3.27110000000000014e+02 2.68032214486662424e-05 2.03644171556854976e-07
 3.27110000000000014e+02 3.28120000000000005e+02 2.73353173529215855e-05 2.77596539126276879e-07
 3.28120000000000005e+02 3.29129999999999995e+02 2.74115683953336235e-05 2.04733333855569267e-07
 3.29129999999999995e+02 3.30139999999999986e+02 2.83389803124501521e-05 2.43307273378043014e-07
 3.30139999999999986e+02 3.31149999999999977e+02 2.78393720161146628e-05 1.90312712754536690e-07
 3.31149999999999977e+02 3.32160000000000025e+02 2.86397318973070236e-05 2.03646549586101115e-07
 3.32160000000000025e+02 3.33170000000000016e+02 2.85376856009377788e-05 1.97779601119436592e-07
 3.33170000000000016e+02 3.34180000000000007e+02 2.90972174364791674e-05 1.92561377272775675e-07
 3.34180000000000007e+02 3.35189999999999998e+02 2.93399496687170391e-05 2.17491543983940692e-07
 3.35189999999999998e+02 3.36199999999999989e+02 2.96219555333564254e-05 2.01302661079810145e-07
 3.36199999999999989e+02 3.37209999999999980e+02 3.03082090805890018e-05 2.34985150999768258e-07
 3.37209999999999980e+02 3.38220000000000027e+02 3.02206794375610043e-05 2.06150213997162610e-07
 3.38220000000000027e+02 3.39230000000000018e+02 3.07704653949671507e-05 2.07740848864511828e-07
 3.39230000000000018e+02 3.40240000000000009e+02 3.10440078454001138e-05 1.85363658557554006e-07
 3.40240000000000009e+02 3.41250000000000000e+02 3.11248854654524545e-05 1.91150426991849559e-07
 3.41250000000000000e+02 3.42259999999999991e+02 3.14723729499966906e-05 1.94203415393919242e-07
 3.42259999999999991e+02 3.43269999999999982e+02 3.16996156648843581e-05 1.82750209986336974e-07
 3.43269999999999982e+02 3.44279999999999973e+02 3.18045603795125777e-05 1.87864380711079099e-07
 3.44279999999999973e+02 3.45290000000000020e+02 3.19988698899618354e-05 1.83307731560799173e-07
 3.45290000000000020e+02 3.46300000000000011e+02 3.26361283175905320e-05 2.02602535178682035e-07
 3.46300000000000011e+02 3.47310000000000002e+02 3.26412056179709069e-05 2.08624908498862927e-07
 3.47310000000000002e+02 3.48319999999999993e+02 3.27915155191730229e-05 1.81077048211476244e-07
 3.48319999999999993e+02 3.49329999999999984e+02 3.34511518539275330e-05 1.96502177585645967e-07
 3.49329999999999984e+02 3.50340000000000032e+02 3.34551121675526956e-05 1.94141357386730060e-07
 3.50340000000000032e+02 3.51350000000000023e+02 3.38438761753864361e-05 1.87085470339660895e-07
 3.51350000000000023e+02 3.52360000000000014e+02 3.37395122829937591e-05 1.86088441223196282e-07
 3.52360000000000014e+02 3.53370000000000005e+02 3.42353127505053167e-05 1.85601604111881130e-07
 3.53370000000000005e+02 3.54379999999999995e+02 3.40871724146297135e-05 2.30269699431822323e-07
 3.54379999999999995e+02 3.55389999999999986e+02 3.44783067757020611e-05 1.75259905875235407e-07
 3.55389999999999986e+02 3.56399999999999977e+02 3.49681606499599635e-05 1.92971016994104542e-07
 3.56399999999999977e+02 3.57409999999999968e+02 3.49609769501315552e-05 1.90080373733443839e-07
 3.57409999999999968e+02 3.58420000000000016e+02 3.54254160989277953e-05 1.80017629517309380e-07
 3.58420000000000016e+02 3.59430000000000007e+02 3.57281553059380800e-05 2.22194293671596769e-07
 3.59430000000000007e+02 3.60439999999999998e+02 3.62277827616571793e-05 1.76081929164079475e-07
 3.60439999999999998e+02 3.61449999999999989e+02 3.63194406806901092e-05 1.76463603941899102e-07
 3.61449999999999989e+02 3.62459999999999980e+02 3.65814953703251440e-05 1.81205599642787935e-07
 3.62459999999999980e+02 3.63470000000000027e+02 3.65660886245059021e-05 1.81089075637357877e-07
 3.63470000000000027e+02 3.64480000000000018e+02 3.67680355209849480e-05 1.81994221938785901e-07
 3.64480000000000018e+02 3.65490000000000009e+02 3.70959422486701030e-05 1.72941172915523398e-07
 3.65490000000000009e+02 3.66500000000000000e+02 3.72879102069792226e-05 1.74118847821456390e-07
 3.66500000000000000e+02 3.67509999999999991e+02 3.74827650848955345e-05 2.02229369367929585e-07
 3.67509999999999991e+02 3.68519999999999982e+02 3.80761282815908885e-05 1.96268251053605120e-07
 3.68519999999999982e+02 3.69529999999999973e+02 3.82631092945992255e-05 1.69024502311613535e-07
 3.69529999999999973e+02 3.70540000000000020e+02 3.84657457822832379e-05 1.83801017682379882e-07
 3.70540000000000020e+02 3.71550000000000011e+02 3.86431133593954747e-05 1.66024248707947707e-07
 3.71550000000000011e+02 3.72560000000000002e+02 3.89026499174084119e-05 1.79119058775152993e-07
 3.72560000000000002e+02 3.73569999999999993e+02 3.93449499334261988e-05 2.50727399761117453e-07
 3.73569999999999993e+02 3.74579999999999984e+02 3.92503341475695911e-05 1.83139957462585379e-07
 3.74579999999999984e+02 3.75590000000000032e+02 3.99147449430963086e-05 1.76484059390440191e-07
 3.75590000000000032e+02 3.76600000000000023e+02 4.01379300622788931e-05 1.81444711866122746e-07
 3.76600000000000023e+02 3.77610000000000014e+02 3.95066958555615581e-05 1.65574418501197500e-07
 3.77610000000000014e+02 3.78620000000000005e+02 4.02848169841967750e-05 1.73158844086817448e-07
 3.78620000000000005e+02 3.79629999999999995e+02 4.04851150529558874e-05 1.74757466442052311e-07
 3.79629999999999995e+02 3.80639999999999986e+02 4.08050906700723818e-05 1.68755138577114942e-07
 3.80639999999999986e+02 3.81649999999999977e+02 4.09129516341701850e-05 1.68302231548261065e-07
 3.81649999999999977e+02 3.82659999999999968e+02 4.10232882705362700e-05 2.03043404777028067e-07
 3.82659999999999968e+02 3.83670000000000016e+02 4.09665586291242824e-05 1.60783208410836580e-07
 3.83670000000000016e+02 3.84680000000000007e+02 4.17604615513308665e-05 1.71077936670142555e-07
 3.84680000000000007e+02 3.85689999999999998e+02 4.18266498377529536e-05 1.76632648221302933e-07
 3.85689999999999998e+02 3.86699999999999989e+02 4.23005256102208186e-05 1.63510737094379944e-07
 3.86699999999999989e+02 3.87709999999999980e+02 4.23445564461775602e-05 1.63598308587814964e-07
 3.87709999999999980e+02 3.88720000000000027e+02 4.25504985224141972e-05 1.72396628541917577e-07
 3.88720000000000027e+02 3.89730000000000018e+02 4.29465734013814149e-05 1.64640970444422645e-07
 3.89730000000000018e+02 3.90740000000000009e+02 4.31403862646263127e-05 1.65070024686799079e-07
 3.90740000000000009e+02 3.91750000000000000e+02 4.31073808308499884e-05 1.62227455670154704e-07
 3.91750000000000000e+02 3.92759999999999991e+02 4.36218412006349410e-05 1.81506343436264727e-07
 3.92759999999999991e+02 3.93769999999999982e+02 4.37288480196388707e-05 1.56584931824214128e-07
 3.93769999999999982e+02 3.94779999999999973e+02 4.38247305614787973e-05 1.60969542451705437e-07
 3.94779999999999973e+02 3.95790000000000020e+02 4.42374520567293539e-05 1.68390392560252295e-07
 3.95790000000000020e+02 3.96800000000000011e+02 4.44057892764120830e-05 1.65293865460405352e-07
 3.96800000000000011e+02 3.97810000000000002e+02 4.48357648447723011e-05 1.80125478762798505e-07
 3.97810000000000002e+02 3.98819999999999993e+02 4.51129096177373245e-05 1.77669678937969503e-07
 3.98819999999999993e+02 3.99829999999999984e+02 4.53810481702724970e-05 1.67284094154459212e-07
 3.99829999999999984e+02 4.00840000000000032e+02 4.55540205459699729e-05 1.66998450986628995e-07
 4.00840000000000032e+02 4.01850000000000023e+02 4.57962554752540296e-05 1.63992297506369844e-07
 4.01850000000000023e+02 4.02860000000000014e+02 4.62665223818749060e-05 1.71823889339010602e-07
 4.02860000000000014e+02 4.03870000000000005e+02 4.64666726074864023e-05 1.83103623373687304e-07
 4.03870000000000005e+02 4.04879999999999995e+02 4.63373130982534128e-05 1.54954513986394173e-07
 4.04879999999999995e+02 4.05889999999999986e+02 4.66526281518801745e-05 1.71201009088583955e-07
 4.05889999999999986e+02 4.06899999999999977e+02 4.70546449265919013e-05 1.61100487413618629e-07
 4.06899999999999977e+02 4.07909999999999968e+02 4.73741173073204304e-05 1.57203210933146051e-07
 4.07909999999999968e+02 4.08920000000000016e+02 4.74144020222822283e-05 1.62467171699289417e-07
 4.08920000000000016e+02 4.09930000000000007e+02 4.78463162068074445e-05 1.58546237623009232e-07
 4.09930000000000007e+02 4.10939999999999998e+02 4.81811484115463767e-05 1.73935475584279361e-07
 4.10939999999999998e+02 4.11949999999999989e+02 4.84531854251408570e-05 1.65412003276576543e-07
 4.11949999999999989e+02 4.12959999999999980e+02 4.86769787893523429e-05 1.65911540869983076e-07
 4.12959999999999980e+02 4.13970000000000027e+02 4.88337878691325698e-05 1.66270134585688319e-07
 4.13970000000000027e+02 4.14980000000000018e+02 4.91477334755581921e-05 1.61011489307464793e-07
 4.14980000000000018e+02 4.15990000000000009e+02 4.92605768607649590e-05 1.59303326010497860e-07
 4.15990000000000009e+02 4.17000000000000000e+02 4.97895186773668108e-05 1.63444087408802044e-07
 4.17000000000000000e+02 4.18009999999999991e+02 4.99176849076688522e-05 1.76681177520802760e-07
 4.18009999999999991e+02 4.19019999999999982e+02 5.01282237388563792e-05 1.55942197407769318e-07
 4.19019999999999982e+02 4.20029999999999973e+02 5.04397596794642624e-05 1.67278197354805741e-07
 4.20029999999999973e+02 4.21040000000000020e+02 5.07978839949721885e-05 1.61899195770267786e-07
 4.21040000000000020e+02 4.22050000000000011e+02 5.07188595363504316e-05 1.58513825957721346e-07
 4.22050000000000011e+02 4.23060000000000002e+02 5.09597704745792492e-05 1.59713401652297288e-07
 4.23060000000000002e+02 4.24069999999999993e+02 5.16244397677542819e-05 1.68744837975877734e-07
 4.24069999999999993e+02 4.25079999999999984e+02 5.15468212660951733e-05 1.63888974576913006e-07
 4.25079999999999984e+02 4.26090000000000032e+02 5.21359308402482866e-05 1.71633754981422369e-07
 4.26090000000000032e+02 4.27100000000000023e+02 5.21474935886946637e-05 1.61318818170170287e-07
 4.27100000000000023e+02 4.28110000000000014e+02 5.24994245323799329e-05 1.62181139166936154e-07
 4.28110000000000014e+02 4.29120000000000005e+02 5.30097089775240075e-05 1.71407076945510644e-07
 4.29120000000000005e+02 4.30129999999999995e+02 5.31991488766458983e-05 1.64491972120127793e-07
 4.30129999999999995e+02 4.31139999999999986e+02 5.36801973998859484e-05 1.90418477199131425e-07
 4.31139999999999986e+02 4.32149999999999977e+02 5.37871954955657046e-05 1.62331066614228854e-07
 4.32149999999999977e+02 4.33159999999999968e+02 5.41940423052255830e-05 1.67821808993249307e-07
 4.33159999999999968e+02 4.34170000000000016e+02 5.42590648926760276e-05 1.59367953080652032e-07
 4.34170000000000016e+02 4.35180000000000007e+02 5.44229478201680426e-05 1.56246825539707275e-07
 4.35180000000000007e+02 4.36189999999999998e+02 5.50027811422579394e-05 1.58948795791876677e-07
 4.36189999999999998e+02 4.37199999999999989e+02 5.55868668037028430e-05 1.66381256202104141e-07
 4.37199999999999989e+02 4.38209999999999980e+02 5.56407797332426768e-05 1.65326787442650210e-07
 4.38209999999999980e+02 4.39220000000000027e+02 5.59570172863854576e-05 1.58219141622966929e-07
 4.39220000000000027e+02 4.40230000000000018e+02 5.63721905993092728e-05 1.63350194124886544e-07
 4.40230000000000018e+02 4.41240000000000009e+02 5.68390211026483178e-05 1.66750758618330218e-07
 4.41240000000000009e+02 4.42250000000000000e+02 5.69601103661682682e-05 2.06370541904202872e-07
 4.42250000000000000e+02 4.43259999999999991e+02 5.71705715958049929e-05 1.60511467544371982e-07
 4.43259999999999991e+02 4.44269999999999982e+02 5.75974723187703554e-05 1.62893990322799352e-07
 4.44269999999999982e+02 4.45279999999999973e+02 5.79824396718093581e-05 1.58416384326938674e-07
 4.45279999999999973e+02 4.46289999999999964e+02 5.86816804637997982e-05 2.47310536981910974e-07
 4.46289999999999964e+02 4.47300000000000011e+02 5.85582467575837916e-05 2.02803922123045646e-07
 4.47300000000000011e+02 4.48310000000000002e+02 5.88748260178687346e-05 1.57218881126924305e-07
 4.48310000000000002e+02 4.49319999999999993e+02 5.94288285632973531e-05 1.61921587826707726e-07
 4.49319999999999993e+02 4.50330000000000041e+02 5.97976002752381841e-05 1.55950900070288302e-07
 4.50330000000000041e+02 4.51340000000000032e+02 6.02151546533645355e-05 1.62963762236236787e-07
 4.51340000000000032e+02 4.52350000000000023e+02 6.03982005809756435e-05 1.62596287579355042e-07
 4.52350000000000023e+02 4.53360000000000014e+02 6.11937461405560602e-05 1.65875219556885062e-07
 4.53360000000000014e+02 4.54370000000000005e+02 6.14869562092659701e-05 1.68981388005792753e-07
 4.54370000000000005e+02 4.55379999999999995e+02 6.16882708594599792e-05 1.60676794393572347e-07
 4.55379999999999995e+02 4.56389999999999986e+02 6.19879539398009594e-05 1.57012900239134857e-07
 4.56389999999999986e+02 4.57399999999999977e+02 6.27200867504128386e-05 1.78703377041319643e-07
 4.57399999999999977e+02 4.58409999999999968e+02 6.31046508394102087e-05 1.91119754369577271e-07
 4.58409999999999968e+02 4.59419999999999959e+02 6.31301950890128565e-05 1.63282119385074996e-07
 4.59419999999999959e+02 4.60430000000000007e+02 6.36281734372820003e-05 1.64563736124357207e-07
 4.60430000000000007e+02 4.61439999999999998e+02 6.43425720328877614e-05 1.61369914464318051e-07
 4.61439999999999998e+02 4.62449999999999989e+02 6.45847855330004399e-05 1.69990191337378868e-07
 4.62449999999999989e+02 4.63460000000000036e+02 6.48022207362821653e-05 1.83495622596761442e-07
 4.63460000000000036e+02 4.64470000000000027e+02 6.54127827435096873e-05 1.66328460614529451e-07
 4.64470000000000027e+02 4.65480000000000018e+02 6.59088588704509487e-05 1.60558462716905005e-07
 4.65480000000000018e+02 4.66490000000000009e+02 6.63573393574561326e-05 1.63378243615263084e-07
 4.66490000000000009e+02 4.67500000000000000e+02 6.69441642507632333e-05 1.67790278771992417e-07
 4.67500000000000000e+02 4.68509999999999991e+02 6.72244956841075620e-05 1.80190097334470211e-07
 4.68509999999999991e+02 4.69519999999999982e+02 6.76039292692171549e-05 1.64627657565239204e-07
 4.69519999999999982e+02 4.70529999999999973e+02 6.80085175435814670e-05 1.56760075110446654e-07
 4.70529999999999973e+02 4.71539999999999964e+02 6.82452279496611081e-05 1.56887865935639378e-07
 4.71539999999999964e+02 4.72550000000000011e+02 6.88536474528611943e-05 1.75547782232036716e-07
 4.72550000000000011e+02 4.73560000000000002e+02 6.97706781445748555e-05 1.74763580420879820e-07
 4.73560000000000002e+02 4.74569999999999993e+02 7.01461606746871805e-05 1.63349457536311622e-07
 4.74569999999999993e+02 4.75580000000000041e+02 7.03324901206714550e-05 1.55346058970317050e-07
 4.75580000000000041e+02 4.76590000000000032e+02 7.12275834038096514e-05 1.77069828530087586e-07
 4.76590000000000032e+02 4.77600000000000023e+02 7.16232062565680334e-05 2.32544143383617447e-07
 4.77600000000000023e+02 4.78610000000000014e+02 7.24276485896508483e-05 1.72022873198255917e-07
 4.78610000000000014e+02 4.79620000000000005e+02 7.26020523102594842e-05 1.64178333834861130e-07
 4.79620000000000005e+02 4.80629999999999995e+02 7.32869145209279422e-05 1.59141774673529905e-07
 4.80629999999999995e+02 4.81639999999999986e+02 7.38740320433144989e-05 1.61227541404607967e-07
 4.81639999999999986e+02 4.82649999999999977e+02 7.43280032170193943e-05 1.80664272197807223e-07
 4.82649999999999977e+02 4.83659999999999968e+02 7.51126279952163168e-05 1.62648546462565417e-07
 4.83659999999999968e+02 4.84669999999999959e+02 7.52236677627868462e-05 1.59480039705140984e-07
 4.84669999999999959e+02 4.85680000000000007e+02 7.59932124569072804e-05 1.75700564462271433e-07
 4.85680000000000007e+02 4.86689999999999998e+02 7.64681263651530830e-05 1.57413056982700149e-07
 4.86689999999999998e+02 4.87699999999999989e+02 7.72947056001448498e-05 1.77923669718874364e-07
 4.87699999999999989e+02 4.88710000000000036e+02 7.78347977256593066e-05 1.63434630334256236e-07
 4.88710000000000036e+02 4.89720000000000027e+02 7.86024428230763344e-05 1.63021962051539080e-07
 4.89720000000000027e+02 4.90730000000000018e+02 7.89782004860228724e-05 1.65097131944046607e-07
 4.90730000000000018e+02 4.91740000000000009e+02 7.95863021893243383e-05 1.60685277241524045e-07
 4.91740000000000009e+02 4.92750000000000000e+02 8.00717356418073574e-05 1.64450448147800212e-07
 4.92750000000000000e+02 4.93759999999999991e+02 8.08734416291535449e-05 1.77690147112915714e-07
 4.93759999999999991e+02 4.94769999999999982e+02 8.16480195582350109e-05 1.71297578182708376e-07
 4.94769999999999982e+02 4.95779999999999973e+02 8.20411963361571399e-05 1.60890999560635998e-07
 4.95779999999999973e+02 4.96789999999999964e+02 8.29806378125935609e-05 1.61605574496340781e-07
 4.96789999999999964e+02 4.97800000000000011e+02 8.31274498945074503e-05 1.65018200426088582e-07
 4.97800000000000011e+02 4.98810000000000002e+02 8.39129500072861818e-05 1.67619439976589407e-07
 4.98810000000000002e+02 4.99819999999999993e+02 8.47247837140950556e-05 1.71296453376218236e-07
 4.99819999999999993e+02 5.00830000000000041e+02 8.50446738069429611e-05 1.68815961445582011e-07
 5.00830000000000041e+02 5.01840000000000032e+02 8.61732675307922818e-05 1.66097293989533892e-07
 5.01840000000000032e+02 5.02850000000000023e+02 8.70203217617429315e-05 1.78248607298778961e-07
 5.02850000000000023e+02 5.03860000000000014e+02 8.75071248933117444e-05 1.70476947425094090e-07
 5.03860000000000014e+02 5.04870000000000005e+02 8.83231481099355450e-05 1.79115703572881716e-07
 5.04870000000000005e+02 5.05879999999999995e+02 8.85441428065494748e-05 1.91885117950984008e-07
 5.05879999999999995e+02 5.06889999999999986e+02 8.94723095148279926e-05 1.68516844252881305e-07
 5.06889999999999986e+02 5.07899999999999977e+02 9.03718418208390359e-05 1.99107403391682213e-07
 5.07899999999999977e+02 5.08909999999999968e+02 9.13509710731302301e-05 1.80427120694244790e-07
 5.08909999999999968e+02 5.09919999999999959e+02 9.20371248241239509e-05 1.79012155130281868e-07
 5.09919999999999959e+02 5.10930000000000007e+02 9.27740352308047811e-05 1.72167248775769851e-07
 5.10930000000000007e+02 5.11939999999999998e+02 9.36062390445599555e-05 1.65145002665943624e-07
 5.11939999999999998e+02 5.12950000000000045e+02 9.44394252102292992e-05 1.72142751004534278e-07
 5.12950000000000045e+02 5.13960000000000036e+02 9.52236878963506737e-05 1.76117275039675824e-07
 5.13960000000000036e+02 5.14970000000000027e+02 9.59542976519603538e-05 1.67318791104042963e-07
 5.14970000000000027e+02 5.15980000000000018e+02 9.68072530846402233e-05 3.35758966315324682e-07
 5.15980000000000018e+02 5.16990000000000009e+02 9.77328264042293690e-05 2.23392888377273568e-07
 5.16990000000000009e+02 5.18000000000000000e+02 9.85548262576080064e-05 1.69897765269770013e-07
 5.18000000000000000e+02 5.19009999999999991e+02 9.94614203289795914e-05 1.71873484172474571e-07
 5.19009999999999991e+02 5.20019999999999982e+02 1.00278383218537447e-04 1.72602997640955962e-07
 5.20019999999999982e+02 5.21029999999999973e+02 1.01613127794209708e-04 1.87130196607485073e-07
 5.21029999999999973e+02 5.22039999999999964e+02 1.02214971252805484e-04 1.81041589872416651e-07
 5.22039999999999964e+02 5.23049999999999955e+02 1.03354545639313178e-04 1.80125789390659096e-07
 5.23049999999999955e+02 5.24059999999999945e+02 1.03502082894759131e-04 1.71766907636705044e-07
 5.24059999999999945e+02 5.25069999999999936e+02 1.05097848685121420e-04 1.81254530022691119e-07
 5.25069999999999936e+02 5.26080000000000041e+02 1.05748495640179375e-04 1.79447476273671619e-07
 5.26080000000000041e+02 5.27090000000000032e+02 1.06854899955626166e-04 2.15559528384919738e-07
 5.27090000000000032e+02 5.28100000000000023e+02 1.08083950438832158e-04 1.79001424778816572e-07
 5.28100000000000023e+02 5.29110000000000014e+02 1.08860524670042084e-04 1.80304936743306197e-07
 5.29110000000000014e+02 5.30120000000000005e+02 1.10062527400178858e-04 2.04908244407496522e-07
 5.30120000000000005e+02 5.31129999999999995e+02 1.10918158861713834e-04 1.78456687262423589e-07
 5.31129999999999995e+02 5.32139999999999986e+02 1.11523988730495788e-04 1.85707058207688437e-07
 5.32139999999999986e+02 5.33149999999999977e+02 1.12985956389573768e-04 1.92283373861913177e-07
 5.33149999999999977e+02 5.34159999999999968e+02 1.13691808555110770e-04 1.92182623509254899e-07
 5.34159999999999968e+02 5.35169999999999959e+02 1.14955745428413887e-04 1.72724790599213936e-07
 5.35169999999999959e+02 5.36180000000000064e+02 1.16043303604891634e-04 1.77970294280256368e-07
 5.36180000000000064e+02 5.37190000000000055e+02 1.16727175359306932e-04 1.82101966790817363e-07
 5.37190000000000055e+02 5.38200000000000045e+02 1.17992067378971331e-04 1.81823519950703933e-07
 5.38200000000000045e+02 5.39210000000000036e+02 1.19392815145752734e-04 1.90059220463206583e-07
 5.39210000000000036e+02 5.40220000000000027e+02 1.20657193133978760e-04 2.10482156268929892e-07
 5.40220000000000027e+02 5.41230000000000018e+02 1.21321578864955074e-04 1.82086574199045064e-07
 5.41230000000000018e+02 5.42240000000000009e+02 1.22617093658027618e-04 1.91031380622602635e-07
 5.42240000000000009e+02 5.43250000000000000e+02 1.23475840798263132e-04 2.43717101989611919e-07
 5.43250000000000000e+02 5.44259999999999991e+02 1.25009465873672060e-04 1.94616962222702878e-07
 5.44259999999999991e+02 5.45269999999999982e+02 1.25941290166540229e-04 1.88617343443279024e-07
 5.45269999999999982e+02 5.46279999999999973e+02 1.27053390981352510e-04 1.96623037007319822e-07
 5.46279999999999973e+02 5.47289999999999964e+02 1.28140595959588864e-04 1.84492082554968034e-07
 5.47289999999999964e+02 5.48299999999999955e+02 1.29363580458716833e-04 1.85917109339069997e-07
 5.48299999999999955e+02 5.49309999999999945e+02 1.30362511100809566e-04 1.88300733969694247e-07
 5.49309999999999945e+02 5.50319999999999936e+02 1.31518030660702205e-04 1.89706336242561112e-07
 5.50319999999999936e+02 5.51330000000000041e+02 1.32839706458286042e-04 1.82326186591703892e-07
 5.51330000000000041e+02 5.52340000000000032e+02 1.34295986558872669e-04 2.16590567073376560e-07
 5.52340000000000032e+02 5.53350000000000023e+02 1.35557604969350809e-04 1.96976013825345592e-07
 5.53350000000000023e+02 5.54360000000000014e+02 1.36449246966997275e-04 1.88309265306143519e-07
 5.54360000000000014e+02 5.55370000000000005e+02 1.37642701450692637e-04 1.88077451874399277e-07
 5.55370000000000005e+02 5.56379999999999995e+02 1.39006337226505513e-04 1.90560616428004655e-07
 5.56379999999999995e+02 5.57389999999999986e+02 1.40440568225232035e-04 1.92882193133532631e-07
 5.57389999999999986e+02 5.58399999999999977e+02 1.41905834528821160e-04 1.98687775010564820e-07
 5.58399999999999977e+02 5.59409999999999968e+02 1.43282555558905630e-04 1.84729768164786785e-07
 5.59409999999999968e+02 5.60419999999999959e+02 1.44370906510498287e-04 1.92425624053112583e-07
 5.60419999999999959e+02 5.61430000000000064e+02 1.45478488062925543e-04 1.86005670356513016e-07
 5.61430000000000064e+02 5.62440000000000055e+02 1.46951297066496737e-04 1.94408861555066993e-07
 5.62440000000000055e+02 5.63450000000000045e+02 1.48505917420759643e-04 1.95245463220087864e-07
 5.63450000000000045e+02 5.64460000000000036e+02 1.49705490669991810e-04 2.06960885566500111e-07
 5.64460000000000036e+02 5.65470000000000027e+02 1.51297562138234695e-04 1.94722947989309980e-07
 5.65470000000000027e+02 5.66480000000000018e+02 1.52626373579724906e-04 2.00108209922912195e-07
 5.66480000000000018e+02 5.67490000000000009e+02 1.53633747296248670e-04 1.94259321252477194e-07
 5.67490000000000009e+02 5.68500000000000000e+02 1.55273184170262308e-04 1.93499122948558419e-07
 5.68500000000000000e+02 5.69509999999999991e+02 1.56445239171873750e-04 1.91740240675888715e-07
 5.69509999999999991e+02 5.70519999999999982e+02 1.58260009087020083e-04 2.02721280552098711e-07
 5.70519999999999982e+02 5.71529999999999973e+02 1.59384925982544810e-04 1.90003399837734619e-07
 5.71529999999999973e+02 5.72539999999999964e+02 1.61290535264171578e-04 1.96299440253394867e-07
 5.72539999999999964e+02 5.73549999999999955e+02 1.62386203888302739e-04 1.91364205370542737e-07
 5.73549999999999955e+02 5.74559999999999945e+02 1.63945331333601753e-04 1.99303810999481694e-07
 5.74559999999999945e+02 5.75569999999999936e+02 1.65851570454726298e-04 2.01876764164201406e-07
 5.75569999999999936e+02 5.76579999999999927e+02 1.67537391832899669e-04 2.00421700198861012e-07
 5.76579999999999927e+02 5.77589999999999918e+02 1.68496251534062074e-04 1.97254698818460347e-07
 5.77589999999999918e+02 5.78600000000000023e+02 1.70021690871846918e-04 2.01979702595667229e-07
 5.78600000000000023e+02 5.79610000000000014e+02 1.71987901548130412e-04 2.01281465924988758e-07
 5.79610000000000014e+02 5.80620000000000005e+02 1.73513757212085382e-04 1.99724228974101973e-07
 5.80620000000000005e+02 5.81629999999999995e+02 1.74877075079431563e-04 2.01748323371789807e-07
 5.81629999999999995e+02 5.82639999999999986e+02 1.76490032768456987e-04 1.96326782067596258e-07
 5.82639999999999986e+02 5.83649999999999977e+02 1.78659529960343769e-04 2.21483244173241674e-07
 5.83649999999999977e+02 5.84660000000000082e+02 1.80114085703053721e-04 2.04070190092407669e-07
 5.84660000000000082e+02 5.85670000000000073e+02 1.81489344699595835e-04 2.00974814927416134e-07
 5.85670000000000073e+02 5.86680000000000064e+02 1.83243381929768607e-04 1.98432691571274335e-07
 5.86680000000000064e+02 5.87690000000000055e+02 1.85002597683852444e-04 2.69684955897036893e-07
 5.87690000000000055e+02 5.88700000000000045e+02 1.86818018103065948e-04 3.09833468005397131e-07
 5.88700000000000045e+02 5.89710000000000036e+02 1.88777321624854948e-04 2.08869099735671889e-07
 5.89710000000000036e+02 5.90720000000000027e+02 1.90039600792862889e-04 2.02672267937367654e-07
 5.90720000000000027e+02 5.91730000000000018e+02 1.92106099140297256e-04 2.05966137307180575e-07
 5.91730000000000018e+02 5.92740000000000009e+02 1.94407170207479415e-04 2.14961199414401839e-07
 5.92740000000000009e+02 5.93750000000000000e+02 1.95732238075969043e-04 2.04180528761022418e-07
 5.93750000000000000e+02 5.94759999999999991e+02 1.97795011151120594e-04 2.18888495167280739e-07
 5.94759999999999991e+02 5.95769999999999982e+02 1.99385444764426869e-04 2.04702057632930438e-07
 5.95769999999999982e+02 5.96779999999999973e+02 2.01032303976632273e-04 2.03661607207780588e-07
 5.96779999999999973e+02 5.97789999999999964e+02 2.03494113070804591e-04 2.12954062025724234e-07
 5.97789999999999964e+02 5.98799999999999955e+02 2.05374699467094274e-04 2.09273477841053802e-07
 5.98799999999999955e+02 5.99809999999999945e+02 2.07299759683283330e-04 2.05822084485320671e-07
 5.99809999999999945e+02 6.00819999999999936e+02 2.09427927568251766e-04 3.02836217824676537e-07
 6.00819999999999936e+02 6.01829999999999927e+02 2.11685997278556343e-04 2.10484229177369683e-07
 6.01829999999999927e+02 6.02839999999999918e+02 2.13727002347078703e-04 2.13394286150842317e-07
 6.02839999999999918e+02 6.03850000000000023e+02 2.15824513895780299e-04 2.19200912716798459e-07
 6.03850000000000023e+02 6.04860000000000014e+02 2.18243839059666545e-04 2.13139548917350992e-07
 6.04860000000000014e+02 6.05870000000000005e+02 2.20077771362472838e-04 2.14469455246531794e-07
 6.05870000000000005e+02 6.06879999999999995e+02 2.22216738520689523e-04 2.23176678914257463e-07
 6.06879999999999995e+02 6.07889999999999986e+02 2.25127824901336245e-04 2.34286034681014915e-07
 6.07889999999999986e+02 6.08899999999999977e+02 2.26797935522507894e-04 2.12185463945268760e-07
 6.08899999999999977e+02 6.09910000000000082e+02 2.29206001422713537e-04 2.21695700372235457e-07
 6.09910000000000082e+02 6.10920000000000073e+02 2.31964080527317755e-04 3.15989500902242765e-07
 6.10920000000000073e+02 6.11930000000000064e+02 2.33802986583891916e-04 2.13546301392116994e-07
 6.11930000000000064e+02 6.12940000000000055e+02 2.36384729012815683e-04 2.21115342105990081e-07
 6.12940000000000055e+02 6.13950000000000045e+02 2.38472633257295360e-04 2.22446397246891591e-07
 6.13950000000000045e+02 6.14960000000000036e+02 2.41142090835844776e-04 2.24599458888104151e-07
 6.14960000000000036e+02 6.15970000000000027e+02 2.43302830161638362e-04 2.24449700906759277e-07
 6.15970000000000027e+02 6.16980000000000018e+02 2.45974764639979955e-04 2.18503377249535508e-07
 6.16980000000000018e+02 6.17990000000000009e+02 2.48172333813709105e-04 2.40879007338930197e-07
 6.17990000000000009e+02 6.19000000000000000e+02 2.50138842550902212e-04 2.28489020231319955e-07
 6.19000000000000000e+02 6.20009999999999991e+02 2.52727190246597618e-04 2.30873685596380918e-07
 6.20009999999999991e+02 6.21019999999999982e+02 2.55656664078308016e-04 3.70627957634220768e-07
 6.21019999999999982e+02 6.22029999999999973e+02 2.57829480722755061e-04 2.22865776533173425e-07
 6.22029999999999973e+02 6.23039999999999964e+02 2.60128826766120613e-04 2.25581522746515840e-07
 6.23039999999999964e+02 6.24049999999999955e+02 2.62806832141202114e-04 2.25243479086900410e-07
 6.24049999999999955e+02 6.25059999999999945e+02 2.64959783693853785e-04 2.22556737107223940e-07
 6.25059999999999945e+02 6.26069999999999936e+02 2.67748704104385689e-04 2.30452672557791690e-07
 6.26069999999999936e+02 6.27079999999999927e+02 2.69935350386496466e-04 2.57928535970120242e-07
 6.27079999999999927e+02 6.28089999999999918e+02 2.72979664639379303e-04 2.30435396397886096e-07
 6.28089999999999918e+02 6.29100000000000023e+02 2.75412116203513227e-04 2.26708447584235577e-07
 6.29100000000000023e+02 6.30110000000000014e+02 2.78149945700611242e-04 2.38951329779821051e-07
 6.30110000000000014e+02 6.31120000000000005e+02 2.80324939263017659e-04 2.45995687516616595e-07
 6.31120000000000005e+02 6.32129999999999995e+02 2.82863199192368497e-04 2.30362919584896612e-07
 6.32129999999999995e+02 6.33139999999999986e+02 2.85761733380725117e-04 2.54425115022886774e-07
 6.33139999999999986e+02 6.34149999999999977e+02 2.87806449027364758e-04 2.32540184481027253e-07
 6.34149999999999977e+02 6.35160000000000082e+02 2.90034716550365099e-04 2.38332071478835149e-07
 6.35160000000000082e+02 6.36170000000000073e+02 2.92409909534495122e-04 2.32193729128475487e-07
 6.36170000000000073e+02 6.37180000000000064e+02 2.94488860934978558e-04 2.38825979521306057e-07
 6.37180000000000064e+02 6.38190000000000055e+02 2.96930522627181866e-04 2.38725687001099494e-07
 6.38190000000000055e+02 6.39200000000000045e+02 2.98902286259706889e-04 2.32294023361930064e-07
 6.39200000000000045e+02 6.40210000000000036e+02 3.01538466095854741e-04 2.41342115254743847e-07
 6.40210000000000036e+02 6.41220000000000027e+02 3.03389447075638004e-04 2.36431523261739374e-07
 6.41220000000000027e+02 6.42230000000000018e+02 3.05666072536366952e-04 2.48349242830039587e-07
 6.42230000000000018e+02 6.43240000000000009e+02 3.07950653284690644e-04 2.44958988388899428e-07
 6.43240000000000009e+02 6.44250000000000000e+02 3.09620231718102802e-04 2.45570938141306545e-07
 6.44250000000000000e+02 6.45259999999999991e+02 3.11878388202007728e-04 2.60312972446806082e-07
 6.45259999999999991e+02 6.46269999999999982e+02 3.14075031104668948e-04 2.50881064456596156e-07
 6.46269999999999982e+02 6.47279999999999973e+02 3.15631543115656101e-04 2.54640187635715749e-07
 6.47279999999999973e+02 6.48289999999999964e+02 3.17823374845979949e-04 2.41342136036378882e-07
 6.48289999999999964e+02 6.49299999999999955e+02 3.20101952005623141e-04 2.37422102211960671e-07
 6.49299999999999955e+02 6.50309999999999945e+02 3.22165839042214575e-04 2.48659199322963985e-07
 6.50309999999999945e+02 6.51319999999999936e+02 3.23482281981075958e-04 2.49708380627389499e-07
 6.51319999999999936e+02 6.52329999999999927e+02 3.26188715100690998e-04 2.46518712916987227e-07
 6.52329999999999927e+02 6.53339999999999918e+02 3.27655003078685574e-04 3.16227231308569743e-07
 6.53339999999999918e+02 6.54350000000000023e+02 3.29925256697717508e-04 2.81750031504348773e-07
 6.54350000000000023e+02 6.55360000000000014e+02 3.32057081152569767e-04 2.45383655441111004e-07
 6.55360000000000014e+02 6.56370000000000005e+02 3.33512029842069409e-04 6.11205884000050958e-07
 6.56370000000000005e+02 6.57379999999999995e+02 3.36483443062242978e-04 2.62343056706417087e-07
 6.57379999999999995e+02 6.58389999999999986e+02 3.37621970347653762e-04 2.43664888003514600e-07
 6.58389999999999986e+02 6.59399999999999977e+02 3.39611694960526597e-04 2.44119298465169305e-07
 6.59399999999999977e+02 6.60410000000000082e+02 3.41743327725467028e-04 2.41544581571449903e-07
 6.60410000000000082e+02 6.61420000000000073e+02 3.43934872453486413e-04 2.63998180785977857e-07
 6.61420000000000073e+02 6.62430000000000064e+02 3.45262016863925447e-04 2.47660747227211657e-07
 6.62430000000000064e+02 6.63440000000000055e+02 3.47961684032078251e-04 2.55426215359100134e-07
 6.63440000000000055e+02 6.64450000000000045e+02 3.49868406991179722e-04 2.53209922597869958e-07
 6.64450000000000045e+02 6.65460000000000036e+02 3.51647284537601993e-04 2.48281522330541650e-07
 6.65460000000000036e+02 6.66470000000000027e+02 3.53432608376399158e-04 2.58249014265320468e-07
 6.66470000000000027e+02 6.67480000000000018e+02 3.55190345259656767e-04 2.46767791387474652e-07
 6.67480000000000018e+02 6.68490000000000009e+02 3.57371904659220952e-04 2.48160524773896008e-07
 6.68490000000000009e+02 6.69500000000000000e+02 3.59447294453625263e-04 2.58890518500799003e-07
 6.69500000000000000e+02 6.70509999999999991e+02 3.61620212616295714e-04 2.50874096276032742e-07
 6.70509999999999991e+02 6.71519999999999982e+02 3.63801031545684707e-04 2.55474519137129584e-07
 6.71519999999999982e+02 6.72529999999999973e+02 3.65376999374842477e-04 2.80627067573775030e-07
 6.72529999999999973e+02 6.73539999999999964e+02 3.66960250127809954e-04 3.14608051616371324e-07
 6.73539999999999964e+02 6.74549999999999955e+02 3.69314791941215712e-04 2.65592874808151204e-07
 6.74549999999999955e+02 6.75559999999999945e+02 3.71542912591119143e-04 2.53443713902861518e-07
 6.75559999999999945e+02 6.76569999999999936e+02 3.74101360016168625e-04 2.53020615159847696e-07
 6.76569999999999936e+02 6.77579999999999927e+02 3.75540344711761847e-04 2.50766656231528152e-07
 6.77579999999999927e+02 6.78589999999999918e+02 3.78068397790189039e-04 2.55030018347720618e-07
 6.78589999999999918e+02 6.79600000000000023e+02 3.79877999004419480e-04 2.66363803889507086e-07
 6.79600000000000023e+02 6.80610000000000014e+02 3.81910277633160935e-04 2.52067300448570497e-07
 6.80610000000000014e+02 6.81620000000000005e+02 3.83874527598813411e-04 2.55584504704171572e-07
 6.81620000000000005e+02 6.82629999999999995e+02 3.86440193040863019e-04 2.89985054774980907e-07
 6.82629999999999995e+02 6.83639999999999986e+02 3.88063753347086117e-04 2.54974504858669902e-07
 6.83639999999999986e+02 6.84649999999999977e+02 3.90419335065955806e-04 2.64319214680278664e-07
 6.84649999999999977e+02 6.85660000000000082e+02 3.92533701944350333e-04 2.62130496529938465e-07
 6.85660000000000082e+02 6.86670000000000073e+02 3.94984684014467325e-04 2.59929534399135400e-07
 6.86670000000000073e+02 6.87680000000000064e+02 3.96732420570452171e-04 2.56293690134461417e-07
 6.87680000000000064e+02 6.88690000000000055e+02 3.99085450571539258e-04 2.65527668476776192e-07
 6.88690000000000055e+02 6.89700000000000045e+02 4.01525861103532462e-04 2.59684757643743932e-07
 6.89700000000000045e+02 6.90710000000000036e+02 4.03395946349156668e-04 2.55585970718672853e-07
 6.90710000000000036e+02 6.91720000000000027e+02 4.05550041271155349e-04 2.62788408730708465e-07
 6.91720000000000027e+02 6.92730000000000018e+02 4.07981075135065456e-04 2.68370437837254333e-07
 6.92730000000000018e+02 6.93740000000000009e+02 4.10297555038228328e-04 2.66087416416170070e-07
 6.93740000000000009e+02 6.94750000000000000e+02 4.13145109999734489e-04 2.75900211647882531e-07
 6.94750000000000000e+02 6.95759999999999991e+02 4.15228105074064754e-04 2.67668936837934721e-07
 6.95759999999999991e+02 6.96769999999999982e+02 4.17532700111913240e-04 2.80292879930711377e-07
 6.96769999999999982e+02 6.97779999999999973e+02 4.19691942176593448e-04 2.84488350887955728e-07
 6.97779999999999973e+02 6.98789999999999964e+02 4.22055786199161502e-04 2.67712492915850874e-07
 6.98789999999999964e+02 6.99799999999999955e+02 4.24785436774245250e-04 2.69089408615749495e-07
 6.99799999999999955e+02 7.00809999999999945e+02 4.27191903477178105e-04 2.78878651939860661e-07
 7.00809999999999945e+02 7.01819999999999936e+02 4.29286688480742600e-04 2.63116734838807464e-07
 7.01819999999999936e+02 7.02829999999999927e+02 4.31868503897036259e-04 2.66948738825593028e-07
 7.02829999999999927e+02 7.03839999999999918e+02 4.34125480797319216e-04 2.66975522946727118e-07
 7.03839999999999918e+02 7.04850000000000023e+02 4.36689123082508953e-04 2.67069537109528490e-07
 7.04850000000000023e+02 7.05860000000000014e+02 4.39597955040632040e-04 3.38693470089581157e-07
 7.05860000000000014e+02 7.06870000000000005e+02 4.41606384595206851e-04 2.68864446964395630e-07
 7.06870000000000005e+02 7.07879999999999995e+02 4.44608615873102716e-04 2.72599577848048427e-07
 7.07879999999999995e+02 7.08889999999999986e+02 4.46604832384533881e-04 2.77843307462634662e-07
 7.08889999999999986e+02 7.09899999999999977e+02 4.49040808786291246e-04 2.78484916976717432e-07
 7.09899999999999977e+02 7.10910000000000082e+02 4.51571067421593106e-04 2.76104758132862192e-07
 7.10910000000000082e+02 7.11920000000000073e+02 4.54406037911074155e-04 2.88728113064733066e-07
 7.11920000000000073e+02 7.12930000000000064e+02 4.57247494984424144e-04 2.79404588293660017e-07
 7.12930000000000064e+02 7.13940000000000055e+02 4.59606391333890576e-04 2.74548509378724549e-07
 7.13940000000000055e+02 7.14950000000000045e+02 4.62496782424894526e-04 2.95822933542464156e-07
 7.14950000000000045e+02 7.15960000000000036e+02 4.64503725199825438e-04 2.81458162669253580e-07
 7.15960000000000036e+02 7.16970000000000027e+02 4.67625864630780380e-04 2.70428589359909418e-07
 7.16970000000000027e+02 7.17980000000000018e+02 4.70586451815472619e-04 2.92952598250219025e-07
 7.17980000000000018e+02 7.18990000000000009e+02 4.72681494047458458e-04 2.95569338144008650e-07
 7.18990000000000009e+02 7.20000000000000000e+02 4.75304098746273760e-04 2.83266470706173249e-07
 7.20000000000000000e+02 7.21009999999999991e+02 4.78710502833383522e-04 2.76718215385713965e-07
 7.21009999999999991e+02 7.22019999999999982e+02 4.81726217810274837e-04 2.80414451830974639e-07
 7.22019999999999982e+02 7.23029999999999973e+02 4.83826495962702357e-04 2.74368507683666945e-07
 7.23029999999999973e+02 7.24039999999999964e+02 4.86718097201573096e-04 2.79841958950026177e-07
 7.24039999999999964e+02 7.25049999999999955e+02 4.89917122376919666e-04 2.84940639489365077e-07
 7.25049999999999955e+02 7.26059999999999945e+02 4.92390938098335334e-04 2.83311009202276306e-07
 7.26059999999999945e+02 7.27069999999999936e+02 4.95419427568927510e-04 2.82575350418680127e-07
 7.27069999999999936e+02 7.28079999999999927e+02 4.97615051478689880e-04 2.80562536739821559e-07
 7.28079999999999927e+02 7.29089999999999918e+02 5.00839654095081694e-04 2.81609142657072100e-07
 7.29089999999999918e+02 7.30100000000000023e+02 5.03557732374851266e-04 2.91487736931399035e-07
 7.30100000000000023e+02 7.31110000000000014e+02 5.06684643669895246e-04 2.82944614561829939e-07
 7.31110000000000014e+02 7.32120000000000005e+02 5.09721309069555194e-04 2.84452978311668088e-07
 7.32120000000000005e+02 7.33129999999999995e+02 5.12665032178457854e-04 2.85765797609264603e-07
 7.33129999999999995e+02 7.34139999999999986e+02 5.15732262479202627e-04 2.81660915249483582e-07
 7.34139999999999986e+02 7.35149999999999977e+02 5.18977098310659528e-04 2.85558821660520192e-07
 7.35149999999999977e+02 7.36160000000000082e+02 5.22479758186431779e-04 3.00748275140897187e-07
 7.36160000000000082e+02 7.37170000000000073e+02 5.24460106863590056e-04 3.02436137368154681e-07
 7.37170000000000073e+02 7.38180000000000064e+02 5.28471358245106299e-04 2.90934130929124811e-07
 7.38180000000000064e+02 7.39190000000000055e+02 5.31462787148976983e-04 2.90517196720411768e-07
 7.39190000000000055e+02 7.40200000000000045e+02 5.34525881498584842e-04 2.94859956240565437e-07
 7.40200000000000045e+02 7.41210000000000036e+02 5.38065054389485651e-04 2.91619254376415784e-07
 7.41210000000000036e+02 7.42220000000000027e+02 5.40586152727387395e-04 2.90735910180129029e-07
 7.42220000000000027e+02 7.43230000000000018e+02 5.43653379211940231e-04 3.37311466966388484e-07
 7.43230000000000018e+02 7.44240000000000009e+02 5.47477463166769467e-04 2.97440071699274232e-07
 7.44240000000000009e+02 7.45250000000000000e+02 5.50631288439410263e-04 2.92537911691493336e-07
 7.45250000000000000e+02 7.46259999999999991e+02 5.53832023834880988e-04 3.00636550687050396e-07
 7.46259999999999991e+02 7.47269999999999982e+02 5.57019663842155252e-04 3.10763534013888872e-07
 7.47269999999999982e+02 7.48279999999999973e+02 5.60473341082493005e-04 2.94351117411144671e-07
 7.48279999999999973e+02 7.49289999999999964e+02 5.63424916035195809e-04 3.16836106514475034e-07
 7.49289999999999964e+02 7.50299999999999955e+02 5.67328735969176959e-04 3.11643752671057255e-07
 7.50299999999999955e+02 7.51309999999999945e+02 5.70552900381887315e-04 3.00247858111327040e-07
 7.51309999999999945e+02 7.52319999999999936e+02 5.74312385382082474e-04 3.02475072873515548e-07
 7.52319999999999936e+02 7.53329999999999927e+02 5.77415373321059138e-04 3.04328657325419654e-07
 7.53329999999999927e+02 7.54339999999999918e+02 5.79854157590925859e-04 9.58311940327009887e-07
 7.54339999999999918e+02 7.55350000000000023e+02 5.84323685357782769e-04 3.01373962602638667e-07
 7.55350000000000023e+02 7.56360000000000014e+02 5.87990282846992504e-04 3.05477480591859849e-07
 7.56360000000000014e+02 7.57370000000000005e+02 5.91314563244651667e-04 3.07250258204239322e-07
 7.57370000000000005e+02 7.58379999999999995e+02 5.95922368116296591e-04 3.09110882776864754e-07
 7.58379999999999995e+02 7.59389999999999986e+02 5.98693217090942088e-04 3.45293099104762102e-07
 7.59389999999999986e+02 7.60399999999999977e+02 6.02751938248328534e-04 3.14990665878272548e-07
 7.60399999999999977e+02 7.61410000000000082e+02 6.06485435328884951e-04 3.06988640728829832e-07
 7.61410000000000082e+02 7.62420000000000073e+02 6.09839819902563093e-04 3.12614615255000225e-07
 7.62420000000000073e+02 7.63430000000000064e+02 6.13904199799013457e-04 3.35666261304356014e-07
 7.63430000000000064e+02 7.64440000000000055e+02 6.17858240427488674e-04 3.31179734184323124e-07
 7.64440000000000055e+02 7.65450000000000045e+02 6.20974794324786225e-04 3.11695528357538903e-07
 7.65450000000000045e+02 7.66460000000000036e+02 6.25128635067021617e-04 3.13194239255977207e-07
 7.66460000000000036e+02 7.67470000000000027e+02 6.29011814999584922e-04 3.19493296035647384e-07
 7.67470000000000027e+02 7.68480000000000018e+02 6.33036675595290447e-04 3.17178691259487486e-07
 7.68480000000000018e+02 7.69490000000000009e+02 6.37411004824445042e-04 3.19235024715319636e-07
 7.69490000000000009e+02 7.70500000000000000e+02 6.40702883351391213e-04 3.34493306881748753e-07
 7.70500000000000000e+02 7.71509999999999991e+02 6.45276966918321526e-04 3.83293365110540622e-07
 7.71509999999999991e+02 7.72519999999999982e+02 6.48536436563953511e-04 3.19230869479905690e-07
 7.72519999999999982e+02 7.73529999999999973e+02 6.52520075812169876e-04 3.15977015526253020e-07
 7.73529999999999973e+02 7.74539999999999964e+02 6.57250651710668027e-04 3.26558597245094992e-07
 7.74539999999999964e+02 7.75549999999999955e+02 6.60711700546211993e-04 3.25541856543479154e-07
 7.75549999999999955e+02 7.76559999999999945e+02 6.65658544704120854e-04 3.22942233991354238e-07
 7.76559999999999945e+02 7.77569999999999936e+02 6.69400347915243823e-04 3.21364190072339862e-07
 7.77569999999999936e+02 7.78579999999999927e+02 6.73717232815494748e-04 3.24992534895946116e-07
 7.78579999999999927e+02 7.79589999999999918e+02 6.77797074566485421e-04 3.29091913844941989e-07
 7.79589999999999918e+02 7.80600000000000023e+02 6.81939628316596347e-04 3.24272851908633256e-07
 7.80600000000000023e+02 7.81610000000000014e+02 6.87090406888541099e-04 3.43788837285379270e-07
 7.81610000000000014e+02 7.82620000000000005e+02 6.91236417088671564e-04 3.30591046701487045e-07
 7.82620000000000005e+02 7.83629999999999995e+02 6.95056181203996789e-04 5.03327944908919769e-07
 7.83629999999999995e+02 7.84639999999999986e+02 6.99932977260969962e-04 3.27510757153178172e-07
 7.84639999999999986e+02 7.85649999999999977e+02 7.04409723179487890e-04 3.35807367567419713e-07
 7.85649999999999977e+02 7.86660000000000082e+02 7.09457982114840443e-04 3.41888465945965803e-07
 7.86660000000000082e+02 7.87670000000000073e+02 7.13830075063037858e-04 3.52420112499215978e-07
 7.87670000000000073e+02 7.88680000000000064e+02 7.17855204772611401e-04 3.39670095432921766e-07
 7.88680000000000064e+02 7.89690000000000055e+02 7.23160509744925233e-04 3.33676170122865713e-07
 7.89690000000000055e+02 7.90700000000000045e+02 7.27386977265050789e-04 3.52693776221105301e-07
 7.90700000000000045e+02 7.91710000000000036e+02 7.32487268348666729e-04 3.45936609932878486e-07
 7.91710000000000036e+02 7.92720000000000027e+02 7.36374659512922390e-04 3.36794870833417128e-07
 7.92720000000000027e+02 7.93730000000000018e+02 7.41949048121451371e-04 3.41395700300857995e-07
 7.93730000000000018e+02 7.94740000000000009e+02 7.46589156184378341e-04 3.40292039379259872e-07
 7.94740000000000009e+02 7.95750000000000000e+02 7.50999498115345002e-04 3.38471277169963950e-07
 7.95750000000000000e+02 7.96759999999999991e+02 7.56868116589221951e-04 3.50383046103480986e-07
 7.96759999999999991e+02 7.97769999999999982e+02 7.61331027893006338e-04 3.55616872905031238e-07
 7.97769999999999982e+02 7.98779999999999973e+02 7.66311249048257483e-04 3.48223236997106238e-07
 7.98779999999999973e+02 7.99789999999999964e+02 7.71743936722449580e-04 3.51659476370686412e-07
 7.99789999999999964e+02 8.00799999999999955e+02 7.76442378554278220e-04 3.48267086277093222e-07
 8.00799999999999955e+02 8.01809999999999945e+02 7.82236319555059778e-04 3.47363811206026751e-07
 8.01809999999999945e+02 8.02819999999999936e+02 7.87424731813274586e-04 4.23014551166507638e-07
 8.02819999999999936e+02 8.03829999999999927e+02 7.92364350455462981e-04 3.49394111781339366e-07
 8.03829999999999927e+02 8.04839999999999918e+02 7.97505903133410290e-04 3.53906103270576227e-07
 8.04839999999999918e+02 8.05850000000000023e+02 8.02945093486030336e-04 3.48656632250208780e-07
 8.05850000000000023e+02 8.06860000000000014e+02 8.08376157482740146e-04 3.56780859658927988e-07
 8.06860000000000014e+02 8.07870000000000005e+02 8.13977761203798686e-04 3.53164458641421568e-07
 8.07870000000000005e+02 8.08879999999999995e+02 8.19430090169892067e-04 3.61218352332384363e-07
 8.08879999999999995e+02 8.09889999999999986e+02 8.24792648605272654e-04 3.67100702123206187e-07
 8.09889999999999986e+02 8.10899999999999977e+02 8.31137475200694788e-04 3.65475515822859842e-07
 8.10899999999999977e+02 8.11910000000000082e+02 8.35832754354275771e-04 3.64404077592580571e-07
 8.11910000000000082e+02 8.12920000000000073e+02 8.42120374472003015e-04 3.64144550835368633e-07
 8.12920000000000073e+02 8.13930000000000064e+02 8.48031254918565165e-04 3.89543925433965872e-07
 8.13930000000000064e+02 8.14940000000000055e+02 8.53118004132630151e-04 3.74981608938404876e-07
 8.14940000000000055e+02 8.15950000000000045e+02 8.59756592880454298e-04 3.64660510495844916e-07
 8.15950000000000045e+02 8.16960000000000036e+02 8.64578140096179410e-04 3.62682202367657678e-07
 8.16960000000000036e+02 8.17970000000000027e+02 8.71404198593245900e-04 3.67285170209199778e-07
 8.17970000000000027e+02 8.18980000000000018e+02 8.77651922705360594e-04 3.83383009795460121e-07
 8.18980000000000018e+02 8.19990000000000009e+02 8.82947410203976826e-04 3.70850332980281714e-07
 8.19990000000000009e+02 8.21000000000000000e+02 8.88884309483999567e-04 3.71259767540985391e-07
 8.21000000000000000e+02 8.22009999999999991e+02 8.96646845259341761e-04 3.89710389868973955e-07
 8.22009999999999991e+02 8.23019999999999982e+02 9.02676286654865577e-04 3.85815931100975863e-07
 8.23019999999999982e+02 8.24029999999999973e+02 9.08786174774982216e-04 3.70321815708281132e-07
 8.24029999999999973e+02 8.25039999999999964e+02 9.15662139710398987e-04 3.99733684159683726e-07
 8.25039999999999964e+02 8.26049999999999955e+02 9.21977289371395049e-04 3.89175792573062817e-07
 8.26049999999999955e+02 8.27059999999999945e+02 9.28226661951744815e-04 3.76702574667601774e-07
 8.27059999999999945e+02 8.28070000000000050e+02 9.34906184584264320e-04 3.87182158889642089e-07
 8.28070000000000050e+02 8.29080000000000041e+02 9.42127216593770440e-04 3.89278619166644861e-07
 8.29080000000000041e+02 8.30090000000000032e+02 9.48770327473596456e-04 3.83768284475814270e-07
 8.30090000000000032e+02 8.31100000000000023e+02 9.55392950790127514e-04 3.77933906609134299e-07
 8.31100000000000023e+02 8.32110000000000014e+02 9.62081521940054483e-04 3.86201163119719624e-07
 8.32110000000000014e+02 8.33120000000000005e+02 9.69086780854505592e-04 3.92717682804976485e-07
 8.33120000000000005e+02 8.34129999999999995e+02 9.76545589296252633e-04 4.02000457331949555e-07
 8.34129999999999995e+02 8.35139999999999986e+02 9.83187206473527678e-04 3.93911425756397714e-07
 8.35139999999999986e+02 8.36149999999999977e+02 9.91450126540300214e-04 3.93646242067448976e-07
 8.36149999999999977e+02 8.37159999999999968e+02 9.97995582498086226e-04 3.95028566385224546e-07
 8.37159999999999968e+02 8.38169999999999959e+02 1.00500546965625465e-03 3.98811146289810507e-07
 8.38169999999999959e+02 8.39179999999999950e+02 1.01324571854801543e-03 3.98244124886644631e-07
 8.39179999999999950e+02 8.40190000000000055e+02 1.02063228580495224e-03 5.39028747904067207e-07
 8.40190000000000055e+02 8.41200000000000045e+02 1.02838827521691662e-03 3.95800360368775506e-07
 8.41200000000000045e+02 8.42210000000000036e+02 1.03627664581038112e-03 4.03479006284543147e-07
 8.42210000000000036e+02 8.43220000000000027e+02 1.04428892405763942e-03 4.17903956096795968e-07
 8.43220000000000027e+02 8.44230000000000018e+02 1.05157502083998784e-03 4.17197939063814448e-07
 8.44230000000000018e+02 8.45240000000000009e+02 1.05930628477200100e-03 4.04884489113329185e-07
 8.45240000000000009e+02 8.46250000000000000e+02 1.06713450913202492e-03 3.99711666365862520e-07
 8.46250000000000000e+02 8.47259999999999991e+02 1.07633002728472734e-03 4.07937779251461770e-07
 8.47259999999999991e+02 8.48269999999999982e+02 1.08363214178790364e-03 4.13796293716493695e-07
 8.48269999999999982e+02 8.49279999999999973e+02 1.09197476556280554e-03 4.13552984938410192e-07
 8.49279999999999973e+02 8.50289999999999964e+02 1.10164533539611762e-03 4.26433316299869462e-07
 8.50289999999999964e+02 8.51299999999999955e+02 1.10945224688017161e-03 4.19959680818340726e-07
 8.51299999999999955e+02 8.52309999999999945e+02 1.11802964311159348e-03 4.16032746790114671e-07
 8.52309999999999945e+02 8.53320000000000050e+02 1.12618396207887989e-03 4.19137229293545078e-07
 8.53320000000000050e+02 8.54330000000000041e+02 1.13582050438309698e-03 4.25335691419030596e-07
 8.54330000000000041e+02 8.55340000000000032e+02 1.14373619420976937e-03 4.25905491210979743e-07
 8.55340000000000032e+02 8.56350000000000023e+02 1.15281755387290044e-03 4.34918888100745486e-07
 8.56350000000000023e+02 8.57360000000000014e+02 1.16212651832146678e-03 4.27582541492856788e-07
 8.57360000000000014e+02 8.58370000000000005e+02 1.17135859044328753e-03 4.39119141332999447e-07
 8.58370000000000005e+02 8.59379999999999995e+02 1.18016875117774858e-03 4.33618572447529165e-07
 8.59379999999999995e+02 8.60389999999999986e+02 1.19012811885640208e-03 4.49994260979995960e-07
 8.60389999999999986e+02 8.61399999999999977e+02 1.20040546592655719e-03 4.35761356473814218e-07
 8.61399999999999977e+02 8.62409999999999968e+02 1.20902461894573077e-03 4.72153081083282617e-07
 8.62409999999999968e+02 8.63419999999999959e+02 1.21921167836773004e-03 4.35478352320256364e-07
 8.63419999999999959e+02 8.64429999999999950e+02 1.22937001877682648e-03 4.43340323403151266e-07
 8.64429999999999950e+02 8.65440000000000055e+02 1.23916324241773079e-03 4.40568185421793464e-07
 8.65440000000000055e+02 8.66450000000000045e+02 1.24996272914522344e-03 4.56112668111313645e-07
 8.66450000000000045e+02 8.67460000000000036e+02 1.26015625776706541e-03 4.59303578305540030e-07
 8.67460000000000036e+02 8.68470000000000027e+02 1.26982192215832623e-03 4.47935574090265877e-07
 8.68470000000000027e+02 8.69480000000000018e+02 1.28143162395257795e-03 4.77723277362827563e-07
 8.69480000000000018e+02 8.70490000000000009e+02 1.29069470452486314e-03 4.53854785943735679e-07
 8.70490000000000009e+02 8.71500000000000000e+02 1.30238729752045631e-03 4.65808254488143849e-07
 8.71500000000000000e+02 8.72509999999999991e+02 1.31318371867625316e-03 4.58719917313009734e-07
 8.72509999999999991e+02 8.73519999999999982e+02 1.32525152339659728e-03 4.89245141718388620e-07
 8.73519999999999982e+02 8.74529999999999973e+02 1.33558368158706565e-03 4.66418041865231613e-07
 8.74529999999999973e+02 8.75539999999999964e+02 1.34749907943992452e-03 4.75433136370165478e-07
 8.75539999999999964e+02 8.76549999999999955e+02 1.35838975505375627e-03 5.48043619220729402e-07
 8.76549999999999955e+02 8.77559999999999945e+02 1.37021397329474006e-03 4.68687131636927502e-07
 8.77559999999999945e+02 8.78570000000000050e+02 1.38225173210152928e-03 4.84237834195361245e-07
 8.78570000000000050e+02 8.79580000000000041e+02 1.39410312759454653e-03 4.81522944944317936e-07
 8.79580000000000041e+02 8.80590000000000032e+02 1.40678270220472327e-03 4.90264894726619606e-07
 8.80590000000000032e+02 8.81600000000000023e+02 1.41958121249931356e-03 5.37513144313922768e-07
 8.81600000000000023e+02 8.82610000000000014e+02 1.43180027458849560e-03 5.43700235695461785e-07
 8.82610000000000014e+02 8.83620000000000005e+02 1.44416121222203575e-03 4.95560504422988084e-07
 8.83620000000000005e+02 8.84629999999999995e+02 1.45725735203942582e-03 4.93262818715912792e-07
 8.84629999999999995e+02 8.85639999999999986e+02 1.46942198715832540e-03 4.97329370923963773e-07
 8.85639999999999986e+02 8.86649999999999977e+02 1.48405755536537847e-03 5.62959062484421734e-07
 8.86649999999999977e+02 8.87659999999999968e+02 1.49689322541477214e-03 5.07425685961460219e-07
 8.87659999999999968e+02 8.88669999999999959e+02 1.50980738936709884e-03 5.18219423261860357e-07
 8.88669999999999959e+02 8.89679999999999950e+02 1.52438173785151101e-03 6.44796942783560720e-07
 8.89679999999999950e+02 8.90690000000000055e+02 1.53819514797381616e-03 5.11210965478442156e-07
 8.90690000000000055e+02 8.91700000000000045e+02 1.55234836361497347e-03 5.15602207530972076e-07
 8.91700000000000045e+02 8.92710000000000036e+02 1.56715356044757610e-03 5.30303254492179164e-07
 8.92710000000000036e+02 8.93720000000000027e+02 1.58157065426520389e-03 6.51514184772554001e-07
 8.93720000000000027e+02 8.94730000000000018e+02 1.59656697964549342e-03 5.28578769092652137e-07
 8.94730000000000018e+02 8.95740000000000009e+02 1.61211814908752906e-03 5.46391326808897357e-07
 8.95740000000000009e+02 8.96750000000000000e+02 1.62739253987537560e-03 5.69348213793161839e-07
 8.96750000000000000e+02 8.97759999999999991e+02 1.64224292233549805e-03 6.05794543814689513e-07
 8.97759999999999991e+02 8.98769999999999982e+02 1.65889524932443726e-03 5.73479153930526754e-07
 8.98769999999999982e+02 8.99779999999999973e+02 1.67335657641104084e-03 5.54604277459440524e-07
 8.99779999999999973e+02 9.00789999999999964e+02 1.69026656519137347e-03 5.67665340611615952e-07
 9.00789999999999964e+02 9.01799999999999955e+02 1.70753324292314667e-03 9.16756058735897254e-07
 9.01799999999999955e+02 9.02809999999999945e+02 1.72475568940782826e-03 5.69973388087725795e-07
 9.02809999999999945e+02 9.03820000000000050e+02 1.74064161272598911e-03 5.86044867837687631e-07
 9.03820000000000050e+02 9.04830000000000041e+02 1.75863328149633027e-03 6.25487148907714760e-07
 9.04830000000000041e+02 9.05840000000000032e+02 1.77560537332053007e-03 6.03362906708322651e-07
 9.05840000000000032e+02 9.06850000000000023e+02 1.79281911458624692e-03 5.95689118345570688e-07
 9.06850000000000023e+02 9.07860000000000014e+02 1.81205673632820179e-03 6.07903214579180850e-07
 9.07860000000000014e+02 9.08870000000000005e+02 1.83110363797328330e-03 5.96877836143679890e-07
 9.08870000000000005e+02 9.09879999999999995e+02 1.84985129639242451e-03 6.62715609808791634e-07
 9.09879999999999995e+02 9.10889999999999986e+02 1.86909483783120238e-03 9.13355075779376186e-07
 9.10889999999999986e+02 9.11899999999999977e+02 1.88781502514708314e-03 6.33969324546305322e-07
 9.11899999999999977e+02 9.12909999999999968e+02 1.90773111126246796e-03 6.14632996410019911e-07
 9.12909999999999968e+02 9.13919999999999959e+02 1.92820627418799134e-03 6.45721585167966495e-07
 9.13919999999999959e+02 9.14929999999999950e+02 1.94911570468088739e-03 6.58232375973365924e-07
 9.14929999999999950e+02 9.15940000000000055e+02 1.96770318436751811e-03 6.44262236766889904e-07
 9.15940000000000055e+02 9.16950000000000045e+02 1.99095220466958623e-03 6.81670065016176225e-07
 9.16950000000000045e+02 9.17960000000000036e+02 2.01211426573208495e-03 6.57647499911260593e-07
 9.17960000000000036e+02 9.18970000000000027e+02 2.03360045081219442e-03 6.76115884972109108e-07
 9.18970000000000027e+02 9.19980000000000018e+02 2.05552835278305195e-03 7.33170594497244846e-07
 9.19980000000000018e+02 9.20990000000000009e+02 2.07787772943514738e-03 9.58993950432393083e-07
 9.20990000000000009e+02 9.22000000000000000e+02 2.00844781492786175e-03 1.64648786352340913e-06

Histogram:lxi
 0.00000000000000000e+00 1.33333333333333331e-01 1.63908617710972239e-02 4.76652644037351295e-06
 1.33333333333333331e-01 2.66666666666666663e-01 1.63662239338784044e-02 4.73444872677026538e-06
 2.66666666666666663e-01 4.00000000000000022e-01 1.63650871704710127e-02 4.62549719010211171e-06
 4.00000000000000022e-01 5.33333333333333326e-01 1.63560573558994664e-02 4.78857150038025569e-06
 5.33333333333333326e-01 6.66666666666666630e-01 1.63493266791805633e-02 4.68185638131455762e-06
 6.66666666666666630e-01 8.00000000000000044e-01 1.63381164080829248e-02 4.54325369875990856e-06
 8.00000000000000044e-01 9.33333333333333348e-01 1.63399802656382653e-02 4.76370355388047666e-06
 9.33333333333333348e-01 1.06666666666666665e+00 1.63381902638389774e-02 4.87421537610579160e-06
 1.06666666666666665e+00 1.19999999999999996e+00 1.63443120725427146e-02 4.62278027634275617e-06
 1.19999999999999996e+00 1.33333333333333326e+00 1.63489351141194103e-02 4.77258311695711759e-06
 1.33333333333333326e+00 1.46666666666666656e+00 1.63336980028943417e-02 4.67446874119186132e-06
 1.46666666666666656e+00 1.60000000000000009e+00 1.63450140605973029e-02 4.77696335987384316e-06
 1.60000000000000009e+00 1.73333333333333339e+00 1.63393889994364397e-02 4.90582524003055139e-06
 1.73333333333333339e+00 1.86666666666666670e+00 1.63541711312482699e-02 4.76780635250767139e-06
 1.86666666666666670e+00 2.00000000000000000e+00 1.63496740527792131e-02 5.50490926992452298e-06
 2.00000000000000000e+00 2.13333333333333330e+00 1.63539138967852792e-02 6.79305944007638083e-06
 2.13333333333333330e+00 2.26666666666666661e+00 1.63555838051816504e-02 4.89471314990549015e-06
 2.26666666666666661e+00 2.39999999999999991e+00 1.63427918489060277e-02 4.85137176260077558e-06
 2.39999999999999991e+00 2.53333333333333321e+00 1.63359687707004334e-02 4.86782793736499351e-06
 2.53333333333333321e+00 2.66666666666666652e+00 1.63247263933917787e-02 4.94308973123317321e-06
 2.66666666666666652e+00 2.79999999999999982e+00 1.63175455724904432e-02 4.87668222414490292e-06
 2.79999999999999982e+00 2.93333333333333313e+00 1.63193961713146568e-02 4.99537764279719232e-06
 2.93333333333333313e+00 3.06666666666666687e+00 1.62988728094308095e-02 6.92802826272489738e-06
 3.06666666666666687e+00 3.20000000000000018e+00 1.62899259846007761e-02 5.01407671732452386e-06
 3.20000000000000018e+00 3.33333333333333348e+00 1.62566441218453227e-02 8.47915583965182284e-06
 3.33333333333333348e+00 3.46666666666666679e+00 1.62441118126096865e-02 4.78903269544149213e-06
 3.46666666666666679e+00 3.60000000000000009e+00 1.62222556224369402e-02 5.22997419254268161e-06
 3.60000000000000009e+00 3.73333333333333339e+00 1.61906601959743643e-02 4.74533963094541338e-06
 3.73333333333333339e+00 3.86666666666666670e+00 1.61674124908591128e-02 4.82163231957708498e-06
 3.86666666666666670e+00 4.00000000000000000e+00 1.61404554071826051e-02 4.91157336755276710e-06
 4.00000000000000000e+00 4.13333333333333375e+00 1.61011830834425981e-02 4.96201889932249524e-06
 4.13333333333333375e+00 4.26666666666666661e+00 1.60706729953184121e-02 4.91284364857608038e-06
 4.26666666666666661e+00 4.40000000000000036e+00 1.60341407305254723e-02 4.97227965068985868e-06
 4.40000000000000036e+00 4.53333333333333321e+00 1.59997239216681519e-02 4.83141809794317788e-06
 4.53333333333333321e+00 4.66666666666666696e+00 1.59429803399902016e-02 4.88831730873397857e-06
 4.66666666666666696e+00 4.79999999999999982e+00 1.59005767053855725e-02 4.83568565798028064e-06
 4.79999999999999982e+00 4.93333333333333357e+00 1.58599326023314072e-02 4.74818776882832814e-06
 4.93333333333333357e+00 5.06666666666666643e+00 1.58157893861501572e-02 4.95407481081728391e-06
 5.06666666666666643e+00 5.20000000000000018e+00 1.57598691234298247e-02 4.86611740805787048e-06
 5.20000000000000018e+00 5.33333333333333304e+00 1.57139337087778067e-02 4.70533387042630821e-06
 5.33333333333333304e+00 5.46666666666666679e+00 1.56660626136872136e-02 4.73225616557859435e-06
 5.46666666666666679e+00 5.59999999999999964e+00 1.56059474803336862e-02 4.88702958503966150e-06
 5.59999999999999964e+00 5.73333333333333339e+00 1.55429819746743473e-02 4.75505919591586529e-06
 5.73333333333333339e+00 5.86666666666666625e+00 1.54889937957628128e-02 5.18928262602597415e-06
 5.86666666666666625e+00 6.00000000000000000e+00 1.54330502973786463e-02 4.78920835303030001e-06
 6.00000000000000000e+00 6.13333333333333375e+00 1.53714366623218055e-02 4.84933699546661429e-06
 6.13333333333333375e+00 6.26666666666666661e+00 1.52914907741376269e-02 4.67578013208150459e-06
 6.26666666666666661e+00 6.40000000000000036e+00 1.52387549594647283e-02 4.83199247876776728e-06
 6.40000000000000036e+00 6.53333333333333321e+00 1.51605888772045391e-02 4.60257261173160655e-06
 6.53333333333333321e+00 6.66666666666666696e+00 1.50911331302284769e-02 4.76180348462620746e-06
 6.66666666666666696e+00 6.79999999999999982e+00 1.50241979650112423e-02 4.71072723321178837e-06
 6.79999999999999982e+00 6.93333333333333357e+00 1.49378244042658957e-02 4.65195401525348419e-06
 6.93333333333333357e+00 7.06666666666666643e+00 1.48551965246663739e-02 5.48972140504980953e-06
 7.06666666666666643e+00 7.20000000000000018e+00 1.47699827665869858e-02 4.59355435514380932e-06
 7.20000000000000018e+00 7.33333333333333304e+00 1.46819259381448068e-02 4.77448611517818472e-06
 7.33333333333333304e+00 7.46666666666666679e+00 1.45994321519049633e-02 4.77184581752681751e-06
 7.46666666666666679e+00 7.59999999999999964e+00 1.45046919100829032e-02 4.65606091469378571e-06
 7.59999999999999964e+00 7.73333333333333339e+00 1.43977820422433317e-02 4.59962579249094913e-06
 7.73333333333333339e+00 7.86666666666666625e+00 1.42792817252631998e-02 4.58443812121717946e-06
 7.86666666666666625e+00 8.00000000000000000e+00 1.41712202245960744e-02 4.81148859337811130e-06
 8.00000000000000000e+00 8.13333333333333286e+00 1.40293480804608347e-02 4.47036268782840274e-06
 8.13333333333333286e+00 8.26666666666666750e+00 1.39030064886627638e-02 5.18438935377445122e-06
 8.26666666666666750e+00 8.40000000000000036e+00 1.37718260896137288e-02 4.77384290237028376e-06
 8.40000000000000036e+00 8.53333333333333321e+00 1.36253197485048140e-02 5.19242038738026103e-06
 8.53333333333333321e+00 8.66666666666666607e+00 1.34750997315735768e-02 4.35559596341520891e-06
 8.66666666666666607e+00 8.80000000000000071e+00 1.33325918048404178e-02 4.89570769048914218e-06
 8.80000000000000071e+00 8.93333333333333357e+00 1.31793686766465846e-02 4.33312361061144932e-06
 8.93333333333333357e+00 9.06666666666666643e+00 1.30254628159543751e-02 4.36269538086365040e-06
 9.06666666666666643e+00 9.19999999999999929e+00 1.28766520753793526e-02 6.96770607173449605e-06
 9.19999999999999929e+00 9.33333333333333393e+00 1.27195475539310775e-02 4.27473140488054741e-06
 9.33333333333333393e+00 9.46666666666666679e+00 1.25449648183101701e-02 4.17619612488137913e-06
 9.46666666666666679e+00 9.59999999999999964e+00 1.23977462235256922e-02 5.31752062834727439e-06
 9.59999999999999964e+00 9.73333333333333250e+00 1.22263270109607153e-02 4.14522534780160855e-06
 9.73333333333333250e+00 9.86666666666666714e+00 1.20697878006872546e-02 4.03620650481011616e-06
 9.86666666666666714e+00 1.00000000000000000e+01 1.19023566696142401e-02 4.07071155801731891e-06
 1.00000000000000000e+01 1.01333333333333329e+01 1.17410985707261783e-02 3.98864901821278564e-06
 1.01333333333333329e+01 1.02666666666666675e+01 1.15693030902753319e-02 4.02684507724929373e-06
 1.02666666666666675e+01 1.04000000000000004e+01 1.14000944948946924e-02 4.01485007370968564e-06
 1.04000000000000004e+01 1.05333333333333332e+01 1.12264578658654753e-02 5.69532940126373107e-06
 1.05333333333333332e+01 1.06666666666666661e+01 1.10614016079475554e-02 3.86602272100899429e-06
 1.06666666666666661e+01 1.08000000000000007e+01 1.08962777225460206e-02 3.87018289565362241e-06
 1.08000000000000007e+01 1.09333333333333336e+01 1.07221205018535326e-02 3.80905166278407413e-06
 1.09333333333333336e+01 1.10666666666666664e+01 1.05515588974264239e-02 3.83341722854293608e-06
 1.10666666666666664e+01 1.11999999999999993e+01 1.03802805072959765e-02 3.75393845447680640e-06
 1.11999999999999993e+01 1.13333333333333339e+01 1.01986176045972005e-02 3.72359439978532398e-06
 1.13333333333333339e+01 1.14666666666666668e+01 1.00307157176201985e-02 3.76963766657877034e-06
 1.14666666666666668e+01 1.15999999999999996e+01 9.85092882374480686e-03 3.66934156566958936e-06
 1.15999999999999996e+01 1.17333333333333325e+01 9.67580147821371292e-03 3.61423548674456465e-06
 1.17333333333333325e+01 1.18666666666666671e+01 9.52120250656752175e-03 3.61953400384410394e-06
 1.18666666666666671e+01 1.20000000000000000e+01 9.35191487084356156e-03 3.61414645656627224e-06
 1.20000000000000000e+01 1.21333333333333329e+01 9.19628063853120820e-03 3.58422248613807311e-06
 1.21333333333333329e+01 1.22666666666666675e+01 9.04089129035805412e-03 3.47767527507084071e-06
 1.22666666666666675e+01 1.24000000000000004e+01 8.89413509644927137e-03 3.55163165368314346e-06
 1.24000000000000004e+01 1.25333333333333332e+01 8.74449741756122556e-03 3.40178934166521517e-06
 1.25333333333333332e+01 1.26666666666666661e+01 8.60573789447524086e-03 4.46341575860410400e-06
 1.26666666666666661e+01 1.28000000000000007e+01 8.46155744508673632e-03 3.53770761877254225e-06
 1.28000000000000007e+01 1.29333333333333336e+01 8.32409646642330407e-03 3.30577695977521570e-06
 1.29333333333333336e+01 1.30666666666666664e+01 8.19006090648773111e-03 3.31789122869412272e-06
 1.30666666666666664e+01 1.31999999999999993e+01 8.05843736229919054e-03 3.61583407611554092e-06
 1.31999999999999993e+01 1.33333333333333339e+01 7.92730426793660133e-03 3.29884998481449642e-06
 1.33333333333333339e+01 1.34666666666666668e+01 7.80227382410405689e-03 3.29964026080311817e-06
 1.34666666666666668e+01 1.35999999999999996e+01 7.67818637648279203e-03 3.17325022355195476e-06
 1.35999999999999996e+01 1.37333333333333325e+01 7.55605811671610124e-03 3.28314700972811430e-06
 1.37333333333333325e+01 1.38666666666666671e+01 7.44491226751731617e-03 3.30229190527721979e-06
 1.38666666666666671e+01 1.40000000000000000e+01 7.32143375393690815e-03 3.06652073104051667e-06
 1.40000000000000000e+01 1.41333333333333329e+01 7.21786443899548845e-03 3.06556917151151558e-06
 1.41333333333333329e+01 1.42666666666666675e+01 7.10966809393075595e-03 3.11942683585783832e-06
 1.42666666666666675e+01 1.44000000000000004e+01 7.00548309334248376e-03 3.05532153563229324e-06
 1.44000000000000004e+01 1.45333333333333332e+01 6.89308342000504413e-03 2.99680213447231887e-06
 1.45333333333333332e+01 1.46666666666666661e+01 6.78557997814566594e-03 3.08607381701853284e-06
 1.46666666666666661e+01 1.48000000000000007e+01 6.68935967946846042e-03 2.97760219677247584e-06
 1.48000000000000007e+01 1.49333333333333336e+01 6.59099384511623032e-03 2.94834526024822350e-06
 1.49333333333333336e+01 1.50666666666666664e+01 6.49412317563392329e-03 3.07398255667653618e-06
 1.50666666666666664e+01 1.51999999999999993e+01 6.40212201251681885e-03 2.92835318150831261e-06
 1.51999999999999993e+01 1.53333333333333339e+01 6.30777410843311095e-03 2.89226990176762468e-06
 1.53333333333333339e+01 1.54666666666666668e+01 6.21645949678362869e-03 2.89272094721739156e-06
 1.54666666666666668e+01 1.55999999999999996e+01 6.12481254957235929e-03 2.97734148475342986e-06
 1.55999999999999996e+01 1.57333333333333325e+01 6.03662032640630251e-03 2.99122018827321833e-06
 1.57333333333333325e+01 1.58666666666666671e+01 5.95301063482414541e-03 2.85146737343748813e-06
 1.58666666666666671e+01 1.60000000000000000e+01 5.86356340229298237e-03 2.80887253514917978e-06
 1.60000000000000000e+01 1.61333333333333329e+01 5.77981359824487721e-03 2.85069241534397689e-06
 1.61333333333333329e+01 1.62666666666666657e+01 5.70855904526549295e-03 2.95142817484704623e-06
 1.62666666666666657e+01 1.63999999999999986e+01 5.62430605258014762e-03 2.72876398322707845e-06
 1.63999999999999986e+01 1.65333333333333350e+01 5.54558208690311433e-03 2.89471874540334748e-06
 1.65333333333333350e+01 1.66666666666666679e+01 5.46729254913605293e-03 2.75059800939558498e-06
 1.66666666666666679e+01 1.68000000000000007e+01 5.39438719780092717e-03 2.73139340148705697e-06
 1.68000000000000007e+01 1.69333333333333336e+01 5.32049453845919590e-03 2.71680786519291093e-06
 1.69333333333333336e+01 1.70666666666666664e+01 5.25095242469228885e-03 2.67240141327484225e-06
 1.70666666666666664e+01 1.71999999999999993e+01 5.17619434754946778e-03 2.69300724211513221e-06
 1.71999999999999993e+01 1.73333333333333321e+01 5.10799266088386456e-03 2.71140977039207002e-06
 1.73333333333333321e+01 1.74666666666666650e+01 5.04033207169627285e-03 2.67989840873578036e-06
 1.74666666666666650e+01 1.76000000000000014e+01 4.97644311838141978e-03 3.10611872787140384e-06
 1.76000000000000014e+01 1.77333333333333343e+01 4.90744115279984766e-03 2.60710969654744418e-06
 1.77333333333333343e+01 1.78666666666666671e+01 4.83712448119086313e-03 2.53104535579715571e-06
 1.78666666666666671e+01 1.80000000000000000e+01 4.77591125620516806e-03 2.55735414840645636e-06
 1.80000000000000000e+01 1.81333333333333329e+01 4.71305027374473249e-03 2.56849254439409405e-06
 1.81333333333333329e+01 1.82666666666666657e+01 4.65418912907917398e-03 2.65487058677606938e-06
 1.82666666666666657e+01 1.83999999999999986e+01 4.59380573970489918e-03 2.69783903546520793e-06
 1.83999999999999986e+01 1.85333333333333350e+01 4.52864530009479491e-03 2.54684644171154550e-06
 1.85333333333333350e+01 1.86666666666666679e+01 4.47386051282277868e-03 2.48509391471461786e-06
 1.86666666666666679e+01 1.88000000000000007e+01 4.41272332298346236e-03 2.49605159959156526e-06
 1.88000000000000007e+01 1.89333333333333336e+01 4.36320983124264660e-03 2.63344872738451304e-06
 1.89333333333333336e+01 1.90666666666666664e+01 4.30071622748777731e-03 2.40932110669089817e-06
 1.90666666666666664e+01 1.91999999999999993e+01 4.24943417201663082e-03 2.39731097037882753e-06
 1.91999999999999993e+01 1.93333333333333321e+01 4.19446581781668208e-03 2.93960337590765494e-06
 1.93333333333333321e+01 1.94666666666666650e+01 4.14160474009849823e-03 2.40545053897354328e-06
 1.94666666666666650e+01 1.96000000000000014e+01 4.08697995432855555e-03 2.37632274967093676e-06
 1.96000000000000014e+01 1.97333333333333343e+01 4.04063408200120659e-03 2.39301438593984339e-06
 1.97333333333333343e+01 1.98666666666666671e+01 3.98808477566972748e-03 2.35340738693895052e-06
 1.98666666666666671e+01 2.00000000000000000e+01 3.93891775925951128e-03 2.35994843473725133e-06
 2.00000000000000000e+01 2.01333333333333329e+01 3.88419122205808584e-03 2.32517767883096295e-06
 2.01333333333333329e+01 2.02666666666666657e+01 3.83955837503168569e-03 2.34056150727892403e-06
 2.02666666666666657e+01 2.03999999999999986e+01 3.79608313998179309e-03 2.38845834550298052e-06
 2.03999999999999986e+01 2.05333333333333350e+01 3.74651180213559244e-03 2.29836091207462654e-06
 2.05333333333333350e+01 2.06666666666666679e+01 3.69894375013737594e-03 2.25354947134546842e-06
 2.06666666666666679e+01 2.08000000000000007e+01 3.65723565342641194e-03 2.27145131485104490e-06
 2.08000000000000007e+01 2.09333333333333336e+01 3.61007083037502606e-03 2.25089474588862630e-06
 2.09333333333333336e+01 2.10666666666666664e+01 3.57136404380708735e-03 2.65161321718334932e-06
 2.10666666666666664e+01 2.11999999999999993e+01 3.52768337260067275e-03 2.56137090070531761e-06
 2.11999999999999993e+01 2.13333333333333321e+01 3.48076303615748803e-03 2.32715082400088414e-06
 2.13333333333333321e+01 2.14666666666666650e+01 3.43761235344059194e-03 2.26178748231922703e-06
 2.14666666666666650e+01 2.16000000000000014e+01 3.39545731515153047e-03 2.22294042006909207e-06
 2.16000000000000014e+01 2.17333333333333343e+01 3.35894134016812224e-03 2.17781049944888871e-06
 2.17333333333333343e+01 2.18666666666666671e+01 3.31960286830278173e-03 2.82242138170498237e-06
 2.18666666666666671e+01 2.20000000000000000e+01 3.28173654287311316e-03 2.26284416754474169e-06
 2.20000000000000000e+01 2.21333333333333329e+01 3.23729715970281920e-03 2.21264628948727930e-06
 2.21333333333333329e+01 2.22666666666666657e+01 3.19852320054421187e-03 2.16556613107782171e-06
 2.22666666666666657e+01 2.23999999999999986e+01 3.16556706744379164e-03 2.15289482627106985e-06
 2.23999999999999986e+01 2.25333333333333350e+01 3.12829302672137325e-03 2.30516759157974136e-06
 2.25333333333333350e+01 2.26666666666666679e+01 3.09063010773130784e-03 2.13726429873395038e-06
 2.26666666666666679e+01 2.28000000000000007e+01 3.05617569207511852e-03 2.17075054512564855e-06
 2.28000000000000007e+01 2.29333333333333336e+01 3.01457243369047207e-03 2.09244835887336503e-06
 2.29333333333333336e+01 2.30666666666666664e+01 2.98498652613372016e-03 2.09562620768650600e-06
 2.30666666666666664e+01 2.31999999999999993e+01 2.94887170431427014e-03 2.20089616378140497e-06
 2.31999999999999993e+01 2.33333333333333321e+01 2.91764472289679933e-03 2.07347930462150283e-06
 2.33333333333333321e+01 2.34666666666666650e+01 2.88211031170518576e-03 2.07805372684049779e-06
 2.34666666666666650e+01 2.36000000000000014e+01 2.84717318142168642e-03 2.06587074819762101e-06
 2.36000000000000014e+01 2.37333333333333343e+01 2.81702434664973670e-03 2.13607137931361036e-06
 2.37333333333333343e+01 2.38666666666666671e+01 2.78558833788148828e-03 2.06163245590998060e-06
 2.38666666666666671e+01 2.40000000000000000e+01 2.75131840213873984e-03 2.61743487806042671e-06
 2.40000000000000000e+01 2.41333333333333329e+01 2.71944789517067007e-03 2.11580490854689206e-06
 2.41333333333333329e+01 2.42666666666666657e+01 2.69180174600534925e-03 2.14961512367963006e-06
 2.42666666666666657e+01 2.43999999999999986e+01 2.66128898335198615e-03 2.17834300144684206e-06
 2.43999999999999986e+01 2.45333333333333350e+01 2.62866842365105588e-03 2.05039969944297257e-06
 2.45333333333333350e+01 2.46666666666666679e+01 2.60090413697872808e-03 1.98641497996133916e-06
 2.46666666666666679e+01 2.48000000000000007e+01 2.56864526137710100e-03 1.97711645563279308e-06
 2.48000000000000007e+01 2.49333333333333336e+01 2.54162084923643906e-03 1.98871207097280682e-06
 2.49333333333333336e+01 2.50666666666666664e+01 2.51770032700616162e-03 2.20717893998511600e-06
 2.50666666666666664e+01 2.51999999999999993e+01 2.48231558273235555e-03 1.93378497067534818e-06
 2.51999999999999993e+01 2.53333333333333321e+01 2.45503297687432948e-03 1.97118619488247870e-06
 2.53333333333333321e+01 2.54666666666666650e+01 2.43152103617071819e-03 2.01518242193197539e-06
 2.54666666666666650e+01 2.56000000000000014e+01 2.40345287660126894e-03 1.99045221903229508e-06
 2.56000000000000014e+01 2.57333333333333343e+01 2.37336307609862943e-03 1.93294665221528484e-06
 2.57333333333333343e+01 2.58666666666666671e+01 2.35006921337515759e-03 1.92677377296956903e-06
 2.58666666666666671e+01 2.60000000000000000e+01 2.32597358372628286e-03 1.96132052129621587e-06
 2.60000000000000000e+01 2.61333333333333329e+01 2.29714390861590796e-03 1.88618734776143666e-06
 2.61333333333333329e+01 2.62666666666666657e+01 2.27321623210716139e-03 1.91585551933766445e-06
 2.62666666666666657e+01 2.63999999999999986e+01 2.24518956153155159e-03 1.88910702204211882e-06
 2.63999999999999986e+01 2.65333333333333350e+01 2.22123362609273839e-03 1.88918660099022105e-06
 2.65333333333333350e+01 2.66666666666666679e+01 2.20070660337855000e-03 1.85950330296188009e-06
 2.66666666666666679e+01 2.68000000000000007e+01 2.17679281385493861e-03 1.97301207331443098e-06
 2.68000000000000007e+01 2.69333333333333336e+01 2.15325718445385280e-03 2.23732711173591020e-06
 2.69333333333333336e+01 2.70666666666666664e+01 2.12728743270237074e-03 1.88109506725791823e-06
 2.70666666666666664e+01 2.71999999999999993e+01 2.10377913558970620e-03 1.95585474836815265e-06
 2.71999999999999993e+01 2.73333333333333321e+01 2.08030240408410430e-03 1.87164196969603778e-06
 2.73333333333333321e+01 2.74666666666666650e+01 2.06103932254042815e-03 1.91763830176207299e-06
 2.74666666666666650e+01 2.76000000000000014e+01 2.03648687008183048e-03 1.85638474130442718e-06
 2.76000000000000014e+01 2.77333333333333343e+01 2.01589688510458564e-03 1.93794189783321821e-06
 2.77333333333333343e+01 2.78666666666666671e+01 1.99445132309584430e-03 1.87378576313186575e-06
 2.78666666666666671e+01 2.80000000000000000e+01 1.97113403426991702e-03 1.83628449633755023e-06
 2.80000000000000000e+01 2.81333333333333329e+01 1.95096721786273595e-03 2.12786132636174034e-06
 2.81333333333333329e+01 2.82666666666666657e+01 1.93298323858311560e-03 1.81391487573386805e-06
 2.82666666666666657e+01 2.83999999999999986e+01 1.90775835097673754e-03 1.83575791999250831e-06
 2.83999999999999986e+01 2.85333333333333350e+01 1.88516919374284156e-03 1.77657538106424196e-06
 2.85333333333333350e+01 2.86666666666666679e+01 1.86730834383214595e-03 2.15303802785605676e-06
 2.86666666666666679e+01 2.88000000000000007e+01 1.84717993320070877e-03 1.79778707314879635e-06
 2.88000000000000007e+01 2.89333333333333336e+01 1.82544769644988280e-03 1.76281304176786466e-06
 2.89333333333333336e+01 2.90666666666666664e+01 1.81228331762155821e-03 2.11298529133193955e-06
 2.90666666666666664e+01 2.91999999999999993e+01 1.79132785140476516e-03 1.83257159439190596e-06
 2.91999999999999993e+01 2.93333333333333321e+01 1.77171540045885194e-03 1.76893281608318663e-06
 2.93333333333333321e+01 2.94666666666666650e+01 1.75214192521242688e-03 1.80852758873325169e-06
 2.94666666666666650e+01 2.96000000000000014e+01 1.72773139403584837e-03 1.75396004493859124e-06
 2.96000000000000014e+01 2.97333333333333343e+01 1.71208413366097617e-03 1.75773221683980722e-06
 2.97333333333333343e+01 2.98666666666666671e+01 1.69704888180656401e-03 1.75654364299964643e-06
 2.98666666666666671e+01 3.00000000000000000e+01 1.67786791438435576e-03 1.71300443597842030e-06
 3.00000000000000000e+01 3.01333333333333329e+01 1.66154383985924739e-03 1.68209348180253526e-06
 3.01333333333333329e+01 3.02666666666666657e+01 1.64352011016191267e-03 1.70668443996848677e-06
 3.02666666666666657e+01 3.03999999999999986e+01 1.62675122672384614e-03 1.72651346035544067e-06
 3.03999999999999986e+01 3.05333333333333350e+01 1.60712059839743433e-03 1.74965619453748335e-06
 3.05333333333333350e+01 3.06666666666666679e+01 1.59052495522263759e-03 1.70735272810226800e-06
 3.06666666666666679e+01 3.08000000000000007e+01 1.57261277740191230e-03 1.65372241208974772e-06
 3.08000000000000007e+01 3.09333333333333336e+01 1.55739012468323625e-03 1.71181970126705261e-06
 3.09333333333333336e+01 3.10666666666666664e+01 1.54160284157651289e-03 1.65134358519403089e-06
 3.10666666666666664e+01 3.11999999999999993e+01 1.52452239223653703e-03 1.70210175309993833e-06
 3.11999999999999993e+01 3.13333333333333321e+01 1.50702418522821366e-03 1.73291908872876572e-06
 3.13333333333333321e+01 3.14666666666666650e+01 1.49338060273571343e-03 1.96912165771579114e-06
 3.14666666666666650e+01 3.16000000000000014e+01 1.47835192552960926e-03 1.62518484893209984e-06
 3.16000000000000014e+01 3.17333333333333343e+01 1.45991695340758282e-03 1.61915441239886708e-06
 3.17333333333333343e+01 3.18666666666666671e+01 1.44661832896052895e-03 1.68348720138349470e-06
 3.18666666666666671e+01 3.20000000000000000e+01 1.43191691333908913e-03 1.70920417222125768e-06
 3.20000000000000000e+01 3.21333333333333329e+01 1.41623924854939777e-03 1.65565128357226486e-06
 3.21333333333333329e+01 3.22666666666666657e+01 1.40281093265053102e-03 1.66388318840813866e-06
 3.22666666666666657e+01 3.23999999999999986e+01 1.38968096589978671e-03 2.71475423438189035e-06
 3.23999999999999986e+01 3.25333333333333314e+01 1.37361777379386963e-03 1.61021315753477386e-06
 3.25333333333333314e+01 3.26666666666666643e+01 1.35701778911631273e-03 1.59195607481377681e-06
 3.26666666666666643e+01 3.27999999999999972e+01 1.34515503955477829e-03 1.62759885225067872e-06
 3.27999999999999972e+01 3.29333333333333300e+01 1.32779277574843917e-03 1.66789674990810647e-06
 3.29333333333333300e+01 3.30666666666666700e+01 1.31700828428498655e-03 1.61099620513267142e-06
 3.30666666666666700e+01 3.32000000000000028e+01 1.30162578022660863e-03 1.59419001114613880e-06
 3.32000000000000028e+01 3.33333333333333357e+01 1.29009367385489264e-03 1.60659334448476817e-06
 3.33333333333333357e+01 3.34666666666666686e+01 1.27597568147992386e-03 1.73363282695939470e-06
 3.34666666666666686e+01 3.36000000000000014e+01 1.26218529130382880e-03 1.74745966392197874e-06
 3.36000000000000014e+01 3.37333333333333343e+01 1.24718259525296877e-03 1.58356243431217703e-06
 3.37333333333333343e+01 3.38666666666666671e+01 1.23775069249725065e-03 1.75690269096649284e-06
 3.38666666666666671e+01 3.40000000000000000e+01 1.22133526850529313e-03 1.56300066928331399e-06
 3.40000000000000000e+01 3.41333333333333329e+01 1.20958484621630372e-03 1.55548369260343506e-06
 3.41333333333333329e+01 3.42666666666666657e+01 1.19981168895431207e-03 1.53813917280059516e-06
 3.42666666666666657e+01 3.43999999999999986e+01 1.18540570003136713e-03 1.98506950648599826e-06
 3.43999999999999986e+01 3.45333333333333314e+01 1.17122789208588189e-03 1.48738251421476397e-06
 3.45333333333333314e+01 3.46666666666666643e+01 1.16079668402810040e-03 1.60122954212462992e-06
 3.46666666666666643e+01 3.47999999999999972e+01 1.14836365886722869e-03 1.52165809061555662e-06
 3.47999999999999972e+01 3.49333333333333300e+01 1.13356658066487829e-03 1.46637717167579289e-06
 3.49333333333333300e+01 3.50666666666666700e+01 1.12557000624282765e-03 1.49646113785980000e-06
 3.50666666666666700e+01 3.52000000000000028e+01 1.11600095274911465e-03 1.52082607113700857e-06
 3.52000000000000028e+01 3.53333333333333357e+01 1.10238324347129908e-03 1.68331852966825227e-06
 3.53333333333333357e+01 3.54666666666666686e+01 1.09126812890007838e-03 1.62665266387978257e-06
 3.54666666666666686e+01 3.56000000000000014e+01 1.07906210893220049e-03 1.50469557801888398e-06
 3.56000000000000014e+01 3.57333333333333343e+01 1.06804091919494404e-03 1.48734426087788207e-06
 3.57333333333333343e+01 3.58666666666666671e+01 1.05495731873149804e-03 1.60866073951201801e-06
 3.58666666666666671e+01 3.60000000000000000e+01 1.04784762193036178e-03 1.56910602290607598e-06
 3.60000000000000000e+01 3.61333333333333329e+01 1.03679052346036457e-03 1.50585529709057556e-06
 3.61333333333333329e+01 3.62666666666666657e+01 1.02706658635413244e-03 2.62469113983838112e-06
 3.62666666666666657e+01 3.63999999999999986e+01 1.01644472034179492e-03 1.55100572817684151e-06
 3.63999999999999986e+01 3.65333333333333314e+01 1.00534370992075100e-03 1.57686780894395258e-06
 3.65333333333333314e+01 3.66666666666666643e+01 9.88623883457693826e-04 1.47030063657201713e-06
 3.66666666666666643e+01 3.67999999999999972e+01 9.81255057595304498e-04 1.48491472171201621e-06
 3.67999999999999972e+01 3.69333333333333300e+01 9.72894874038308173e-04 1.75231228430103808e-06
 3.69333333333333300e+01 3.70666666666666700e+01 9.61078018977432557e-04 1.44322915236564769e-06
 3.70666666666666700e+01 3.72000000000000028e+01 9.53423801159949914e-04 1.52201580544898257e-06
 3.72000000000000028e+01 3.73333333333333357e+01 9.41879889356211680e-04 1.42603720990034961e-06
 3.73333333333333357e+01 3.74666666666666686e+01 9.34386962287356401e-04 1.46194291759264425e-06
 3.74666666666666686e+01 3.76000000000000014e+01 9.22223488126070064e-04 1.50958381792478207e-06
 3.76000000000000014e+01 3.77333333333333343e+01 9.14426804877115887e-04 1.68740366056049787e-06
 3.77333333333333343e+01 3.78666666666666671e+01 9.03655225983535332e-04 1.39591937947598079e-06
 3.78666666666666671e+01 3.80000000000000000e+01 8.97219039896737488e-04 1.39083773251894825e-06
 3.80000000000000000e+01 3.81333333333333329e+01 8.85972570766533382e-04 1.42391489960463476e-06
 3.81333333333333329e+01 3.82666666666666657e+01 8.78139146357900411e-04 1.41664483472599165e-06
 3.82666666666666657e+01 3.83999999999999986e+01 8.67850753414757536e-04 1.45191023956067694e-06
 3.83999999999999986e+01 3.85333333333333314e+01 8.58624610865624141e-04 1.44400225564164809e-06
 3.85333333333333314e+01 3.86666666666666643e+01 8.47840110513010947e-04 1.52541744969288769e-06
 3.86666666666666643e+01 3.87999999999999972e+01 8.42841246315017417e-04 1.43653782667103086e-06
 3.87999999999999972e+01 3.89333333333333300e+01 8.30173351592251646e-04 1.35952061521321238e-06
 3.89333333333333300e+01 3.90666666666666700e+01 8.20458340052542152e-04 1.55479600344483050e-06
 3.90666666666666700e+01 3.92000000000000028e+01 8.15984082033259484e-04 1.41883012949060847e-06
 3.92000000000000028e+01 3.93333333333333357e+01 8.04065858039292795e-04 1.37902609425637406e-06
 3.93333333333333357e+01 3.94666666666666686e+01 7.99434736898322327e-04 2.00932493519171352e-06
 3.94666666666666686e+01 3.96000000000000014e+01 7.90674067936293309e-04 1.44554384133096486e-06
 3.96000000000000014e+01 3.97333333333333343e+01 7.78086937593492202e-04 1.34996444122513952e-06
 3.97333333333333343e+01 3.98666666666666671e+01 7.72149926213282906e-04 1.36819863530157052e-06
 3.98666666666666671e+01 4.00000000000000000e+01 7.61219006074819620e-04 1.31836162107203948e-06
 4.00000000000000000e+01 4.01333333333333329e+01 7.55918099597012775e-04 1.36606869091564819e-06
 4.01333333333333329e+01 4.02666666666666657e+01 7.48349463965941337e-04 1.33870048756616588e-06
 4.02666666666666657e+01 4.03999999999999986e+01 7.41261104013722877e-04 1.45055637032171841e-06
 4.03999999999999986e+01 4.05333333333333314e+01 7.31881774627245901e-04 1.36122936652952603e-06
 4.05333333333333314e+01 4.06666666666666643e+01 7.24241828212508266e-04 1.32113882084455023e-06
 4.06666666666666643e+01 4.07999999999999972e+01 7.17808435144606121e-04 1.37017190687633624e-06
 4.07999999999999972e+01 4.09333333333333300e+01 7.11900451300314947e-04 1.36569918484086857e-06
 4.09333333333333300e+01 4.10666666666666700e+01 7.02669467638917015e-04 1.35276694684925254e-06
 4.10666666666666700e+01 4.12000000000000028e+01 6.96531209555156989e-04 1.42237162448662859e-06
 4.12000000000000028e+01 4.13333333333333357e+01 6.87832941795299066e-04 1.33438291912970982e-06
 4.13333333333333357e+01 4.14666666666666686e+01 6.80246138768710192e-04 1.32200740339950380e-06
 4.14666666666666686e+01 4.16000000000000014e+01 6.72866189499159249e-04 1.43968726045086940e-06
 4.16000000000000014e+01 4.17333333333333343e+01 6.65834087568434080e-04 1.30711066863621206e-06
 4.17333333333333343e+01 4.18666666666666671e+01 6.58076490401025187e-04 1.32733704002139847e-06
 4.18666666666666671e+01 4.20000000000000000e+01 6.52656668038575135e-04 1.32508829723018992e-06
 4.20000000000000000e+01 4.21333333333333329e+01 6.44344408268842598e-04 1.26534013509974341e-06
 4.21333333333333329e+01 4.22666666666666657e+01 6.40135449931830084e-04 1.36501570958299052e-06
 4.22666666666666657e+01 4.23999999999999986e+01 6.32016122776053973e-04 1.30642597933992576e-06
 4.23999999999999986e+01 4.25333333333333314e+01 6.26101409280610164e-04 1.29559426918221690e-06
 4.25333333333333314e+01 4.26666666666666643e+01 6.20500519165402792e-04 1.28413027240793872e-06
 4.26666666666666643e+01 4.27999999999999972e+01 6.13600130955731671e-04 1.33284710635829489e-06
 4.27999999999999972e+01 4.29333333333333300e+01 6.05052183440057544e-04 1.26367492073436374e-06
 4.29333333333333300e+01 4.30666666666666700e+01 5.98892085321121978e-04 1.35843616265844560e-06
 4.30666666666666700e+01 4.32000000000000028e+01 5.95226963702208118e-04 1.32562837078611885e-06
 4.32000000000000028e+01 4.33333333333333357e+01 5.85158298878395784e-04 1.76957675264019038e-06
 4.33333333333333357e+01 4.34666666666666686e+01 5.79727655319557992e-04 1.31172268983064806e-06
 4.34666666666666686e+01 4.36000000000000014e+01 5.74311391997074866e-04 1.23341647054631332e-06
 4.36000000000000014e+01 4.37333333333333343e+01 5.68634052238075022e-04 1.29882031470996539e-06
 4.37333333333333343e+01 4.38666666666666671e+01 5.62761053433086353e-04 1.22273215547994647e-06
 4.38666666666666671e+01 4.40000000000000000e+01 5.56056928830052561e-04 1.24543464866580969e-06
 4.40000000000000000e+01 4.41333333333333329e+01 5.49246203694840379e-04 1.21976189996174526e-06
 4.41333333333333329e+01 4.42666666666666657e+01 5.45757570731135867e-04 1.23453816103845407e-06
 4.42666666666666657e+01 4.43999999999999986e+01 5.38768151885715826e-04 1.46867476966785887e-06
 4.43999999999999986e+01 4.45333333333333314e+01 5.33319982766584022e-04 1.24867794742224269e-06
 4.45333333333333314e+01 4.46666666666666643e+01 5.28273398353997577e-04 1.18922380604318253e-06
 4.46666666666666643e+01 4.47999999999999972e+01 5.21648047969559304e-04 1.21402052734131740e-06
 4.47999999999999972e+01 4.49333333333333300e+01 5.16729545171258566e-04 1.35125953777544273e-06
 4.49333333333333300e+01 4.50666666666666700e+01 5.11222513337511474e-04 1.19573292097821403e-06
 4.50666666666666700e+01 4.52000000000000028e+01 5.06925642130529497e-04 1.27678221076653056e-06
 4.52000000000000028e+01 4.53333333333333357e+01 4.98336964418114644e-04 1.16218453445957475e-06
 4.53333333333333357e+01 4.54666666666666686e+01 4.95286736319586847e-04 1.21874855433562243e-06
 4.54666666666666686e+01 4.56000000000000014e+01 4.89384258531513515e-04 1.16173598570837876e-06
 4.56000000000000014e+01 4.57333333333333343e+01 4.84181671632052631e-04 1.21423355463766982e-06
 4.57333333333333343e+01 4.58666666666666671e+01 4.79514783951583287e-04 1.24426426996012622e-06
 4.58666666666666671e+01 4.60000000000000000e+01 4.72833317746251976e-04 1.17506671519676263e-06
 4.60000000000000000e+01 4.61333333333333329e+01 4.70433022468274176e-04 1.20828694294728628e-06
 4.61333333333333329e+01 4.62666666666666657e+01 4.61558016321452695e-04 1.13437776101580013e-06
 4.62666666666666657e+01 4.63999999999999986e+01 4.58411294637188819e-04 1.18445660843850682e-06
 4.63999999999999986e+01 4.65333333333333314e+01 4.53648020356915878e-04 1.16043249943333293e-06
 4.65333333333333314e+01 4.66666666666666643e+01 4.48865879060146892e-04 1.16232671660438131e-06
 4.66666666666666643e+01 4.67999999999999972e+01 4.44182074136045932e-04 1.13311159009507999e-06
 4.67999999999999972e+01 4.69333333333333300e+01 4.38040715619266428e-04 1.13419310396894677e-06
 4.69333333333333300e+01 4.70666666666666700e+01 4.34738302585347997e-04 1.12895822892768001e-06
 4.70666666666666700e+01 4.72000000000000028e+01 4.33476725162981063e-04 1.16707204052540609e-06
 4.72000000000000028e+01 4.73333333333333357e+01 4.26552608723015101e-04 1.26131415627997996e-06
 4.73333333333333357e+01 4.74666666666666686e+01 4.20685957552905960e-04 1.12243791971692324e-06
 4.74666666666666686e+01 4.76000000000000014e+01 4.15867877319933330e-04 1.44428752744516584e-06
 4.76000000000000014e+01 4.77333333333333343e+01 4.10079118900194962e-04 1.12059920445922949e-06
 4.77333333333333343e+01 4.78666666666666671e+01 4.07647156435242224e-04 1.10269268356530775e-06
 4.78666666666666671e+01 4.80000000000000000e+01 4.02308573906743077e-04 1.09783362114625949e-06
 4.80000000000000000e+01 4.81333333333333329e+01 3.99295153550729238e-04 1.14136315310639353e-06
 4.81333333333333329e+01 4.82666666666666657e+01 3.95604699954689779e-04 1.21701492770758866e-06
 4.82666666666666657e+01 4.83999999999999986e+01 3.90735478563476680e-04 1.15458830220885106e-06
 4.83999999999999986e+01 4.85333333333333314e+01 3.84838602672906403e-04 1.20341917225550354e-06
 4.85333333333333314e+01 4.86666666666666643e+01 3.83201928443165400e-04 1.39265120613560833e-06
 4.86666666666666643e+01 4.87999999999999972e+01 3.77930121990185106e-04 1.09474608438626202e-06
 4.87999999999999972e+01 4.89333333333333300e+01 3.74777017123526087e-04 1.15789173815388286e-06
 4.89333333333333300e+01 4.90666666666666700e+01 3.71937395880818280e-04 1.15430461389887222e-06
 4.90666666666666700e+01 4.92000000000000028e+01 3.64854850665214552e-04 1.09486884449020671e-06
 4.92000000000000028e+01 4.93333333333333357e+01 3.62055558544134245e-04 1.20824564884009355e-06
 4.93333333333333357e+01 4.94666666666666686e+01 3.59635779341161939e-04 1.18528625882444472e-06
 4.94666666666666686e+01 4.96000000000000014e+01 3.54395302173407198e-04 1.11211148932698582e-06
 4.96000000000000014e+01 4.97333333333333343e+01 3.48498654038387613e-04 1.29902719887587480e-06
 4.97333333333333343e+01 4.98666666666666671e+01 3.45404813975282903e-04 1.04605725292390518e-06
 4.98666666666666671e+01 5.00000000000000000e+01 3.41994764294512314e-04 1.07947187829514699e-06
 5.00000000000000000e+01 5.01333333333333329e+01 3.39396300909176917e-04 1.22633961798940208e-06
 5.01333333333333329e+01 5.02666666666666657e+01 3.36023928157191910e-04 1.15567615163430062e-06
 5.02666666666666657e+01 5.03999999999999986e+01 3.31113596716718856e-04 1.45473416169176435e-06
 5.03999999999999986e+01 5.05333333333333314e+01 3.26743478200088955e-04 1.01907863805800008e-06
 5.05333333333333314e+01 5.06666666666666643e+01 3.22761586289010960e-04 1.10700171180401163e-06
 5.06666666666666643e+01 5.07999999999999972e+01 3.20893971116248768e-04 1.05549956841959515e-06
 5.07999999999999972e+01 5.09333333333333300e+01 3.15318438593781606e-04 1.03908328467363647e-06
 5.09333333333333300e+01 5.10666666666666700e+01 3.14478543659861684e-04 1.08687695725718618e-06
 5.10666666666666700e+01 5.12000000000000028e+01 3.10907152560019817e-04 1.05009421967025930e-06
 5.12000000000000028e+01 5.13333333333333357e+01 3.07336291918109382e-04 1.21039856365877274e-06
 5.13333333333333357e+01 5.14666666666666686e+01 3.05240056704777238e-04 1.08089321766215314e-06
 5.14666666666666686e+01 5.16000000000000014e+01 3.00973764988564959e-04 1.02400119453496033e-06
 5.16000000000000014e+01 5.17333333333333343e+01 2.96849630673389072e-04 1.09656006383211552e-06
 5.17333333333333343e+01 5.18666666666666671e+01 2.92048442292727392e-04 1.00560372652572235e-06
 5.18666666666666671e+01 5.20000000000000000e+01 2.91314928370543292e-04 1.25748401203059404e-06
 5.20000000000000000e+01 5.21333333333333329e+01 2.86155523198805908e-04 9.80925438449707319e-07
 5.21333333333333329e+01 5.22666666666666657e+01 2.83537992880378493e-04 1.38682767631909999e-06
 5.22666666666666657e+01 5.23999999999999986e+01 2.81760833980931500e-04 1.05789661588971046e-06
 5.23999999999999986e+01 5.25333333333333314e+01 2.77984386056223773e-04 1.40448322456810519e-06
 5.25333333333333314e+01 5.26666666666666643e+01 2.74699736192610339e-04 1.14907665225744205e-06
 5.26666666666666643e+01 5.27999999999999972e+01 2.71463679631127580e-04 1.03131044499475905e-06
 5.27999999999999972e+01 5.29333333333333300e+01 2.69170506743668402e-04 1.43515280973512196e-06
 5.29333333333333300e+01 5.30666666666666700e+01 2.64686678902933199e-04 1.08584839232191237e-06
 5.30666666666666700e+01 5.32000000000000028e+01 2.62657655506838767e-04 9.77246092017924757e-07
 5.32000000000000028e+01 5.33333333333333357e+01 2.60304494884730357e-04 1.13340952873970568e-06
 5.33333333333333357e+01 5.34666666666666686e+01 2.57341322509484357e-04 1.05850562311349127e-06
 5.34666666666666686e+01 5.36000000000000014e+01 2.52391675104948917e-04 9.83445773218701896e-07
 5.36000000000000014e+01 5.37333333333333343e+01 2.51915690168320460e-04 1.29982690067406119e-06
 5.37333333333333343e+01 5.38666666666666671e+01 2.50381459698955429e-04 1.18366363516112843e-06
 5.38666666666666671e+01 5.40000000000000000e+01 2.44445642165570429e-04 9.78026014552157614e-07
 5.40000000000000000e+01 5.41333333333333329e+01 2.41705504542928315e-04 9.41397594904987530e-07
 5.41333333333333329e+01 5.42666666666666657e+01 2.37680614908185556e-04 1.21840049590562883e-06
 5.42666666666666657e+01 5.43999999999999986e+01 2.37001306340840203e-04 1.00166232499022386e-06
 5.43999999999999986e+01 5.45333333333333314e+01 2.35025611219813322e-04 9.73505613474851337e-07
 5.45333333333333314e+01 5.46666666666666643e+01 2.29579033095596405e-04 9.26096603848696917e-07
 5.46666666666666643e+01 5.47999999999999972e+01 2.26777593279610932e-04 9.46976205562668077e-07
 5.47999999999999972e+01 5.49333333333333300e+01 2.24491511570456572e-04 1.04760453740347057e-06
 5.49333333333333300e+01 5.50666666666666700e+01 2.22457175276360525e-04 9.08932195637415370e-07
 5.50666666666666700e+01 5.52000000000000028e+01 2.18705304621026619e-04 9.07777332036116058e-07
 5.52000000000000028e+01 5.53333333333333357e+01 2.17729832205240757e-04 1.00705598933879939e-06
 5.53333333333333357e+01 5.54666666666666686e+01 2.14217031224646511e-04 9.08598485673914851e-07
 5.54666666666666686e+01 5.56000000000000014e+01 2.12157168594060569e-04 9.28325445663646551e-07
 5.56000000000000014e+01 5.57333333333333343e+01 2.08964235580817807e-04 8.95927749578111147e-07
 5.57333333333333343e+01 5.58666666666666671e+01 2.07507521124526592e-04 1.09681668020631666e-06
 5.58666666666666671e+01 5.60000000000000000e+01 2.04433028020447141e-04 8.99946146406067546e-07
 5.60000000000000000e+01 5.61333333333333329e+01 2.02855515059196460e-04 9.13025560920132901e-07
 5.61333333333333329e+01 5.62666666666666657e+01 2.00563433480098913e-04 1.00841991228254115e-06
 5.62666666666666657e+01 5.63999999999999986e+01 1.97475492507101036e-04 9.36839399101078619e-07
 5.63999999999999986e+01 5.65333333333333314e+01 1.95758365864496771e-04 9.97465647183268690e-07
 5.65333333333333314e+01 5.66666666666666643e+01 1.90819500374642332e-04 9.40730720474767047e-07
 5.66666666666666643e+01 5.67999999999999972e+01 1.89829605736554694e-04 1.04993899981745499e-06
 5.67999999999999972e+01 5.69333333333333300e+01 1.87963733072829222e-04 9.04453611390142368e-07
 5.69333333333333300e+01 5.70666666666666700e+01 1.86168421670862517e-04 9.68136325857872688e-07
 5.70666666666666700e+01 5.72000000000000028e+01 1.84012378429025501e-04 1.04024812324058762e-06
 5.72000000000000028e+01 5.73333333333333357e+01 1.81920128498133269e-04 9.09286218310095166e-07
 5.73333333333333357e+01 5.74666666666666686e+01 1.79378442694324886e-04 9.89920752704898848e-07
 5.74666666666666686e+01 5.76000000000000014e+01 1.75317207363764264e-04 8.48525206332204061e-07
 5.76000000000000014e+01 5.77333333333333343e+01 1.74937730851917406e-04 9.56995348863928680e-07
 5.77333333333333343e+01 5.78666666666666671e+01 1.72450413516078845e-04 8.47353194269672387e-07
 5.78666666666666671e+01 5.80000000000000000e+01 1.70426433027100638e-04 8.49436976248972051e-07
 5.80000000000000000e+01 5.81333333333333329e+01 1.68225702509653351e-04 1.03566175250383113e-06
 5.81333333333333329e+01 5.82666666666666657e+01 1.67658477048332071e-04 8.73201352787108216e-07
 5.82666666666666657e+01 5.83999999999999986e+01 1.65373228276982837e-04 9.13412306498737101e-07
 5.83999999999999986e+01 5.85333333333333314e+01 1.64799614504491351e-04 1.01129470935347800e-06
 5.85333333333333314e+01 5.86666666666666643e+01 1.60385270204834449e-04 8.54677684900099975e-07
 5.86666666666666643e+01 5.87999999999999972e+01 1.59078417044347458e-04 9.06209246465197778e-07
 5.87999999999999972e+01 5.89333333333333300e+01 1.57104364108202226e-04 8.97853613906040319e-07
 5.89333333333333300e+01 5.90666666666666700e+01 1.54695221544394723e-04 8.63634873835861807e-07
 5.90666666666666700e+01 5.92000000000000028e+01 1.54291712300860497e-04 9.33860375871268899e-07
 5.92000000000000028e+01 5.93333333333333357e+01 1.50779903219473336e-04 9.57989726954141087e-07
 5.93333333333333357e+01 5.94666666666666686e+01 1.47660657042710935e-04 9.14928094355491756e-07
 5.94666666666666686e+01 5.96000000000000014e+01 1.46630169454431224e-04 8.54784636466133577e-07
 5.96000000000000014e+01 5.97333333333333343e+01 1.45360964494473143e-04 8.34373775441609371e-07
 5.97333333333333343e+01 5.98666666666666671e+01 1.42103581437879077e-04 7.94253408674543300e-07
 5.98666666666666671e+01 6.00000000000000000e+01 1.43670228529908578e-04 9.63037415716629280e-07
 6.00000000000000000e+01 6.01333333333333329e+01 1.40131899945982797e-04 8.62185398042981895e-07
 6.01333333333333329e+01 6.02666666666666657e+01 1.36974666282503718e-04 7.72214797209346087e-07
 6.02666666666666657e+01 6.03999999999999986e+01 1.34889039011772073e-04 8.51027744661905678e-07
 6.03999999999999986e+01 6.05333333333333314e+01 1.33004148501237121e-04 7.76017110863533978e-07
 6.05333333333333314e+01 6.06666666666666643e+01 1.32651426029009015e-04 9.01055595702326903e-07
 6.06666666666666643e+01 6.07999999999999972e+01 1.30819628708452279e-04 8.40409023666055407e-07
 6.07999999999999972e+01 6.09333333333333300e+01 1.28935016201592962e-04 7.94164193327635496e-07
 6.09333333333333300e+01 6.10666666666666700e+01 1.27982831175755483e-04 9.34872598739167914e-07
 6.10666666666666700e+01 6.12000000000000028e+01 1.25484477814254830e-04 7.72049317833155416e-07
 6.12000000000000028e+01 6.13333333333333357e+01 1.23576874501922209e-04 7.55386390094545365e-07
 6.13333333333333357e+01 6.14666666666666686e+01 1.22066332155949128e-04 7.67987620404397013e-07
 6.14666666666666686e+01 6.16000000000000014e+01 1.20200165594725331e-04 7.54357945041650459e-07
 6.16000000000000014e+01 6.17333333333333343e+01 1.20360088276813437e-04 9.55611199739215685e-07
 6.17333333333333343e+01 6.18666666666666671e+01 1.17187279366528271e-04 8.50474271846170879e-07
 6.18666666666666671e+01 6.20000000000000000e+01 1.16478553725627123e-04 9.85520090550130914e-07
 6.20000000000000000e+01 6.21333333333333329e+01 1.14809805338878082e-04 1.50344472664825222e-06
 6.21333333333333329e+01 6.22666666666666657e+01 1.12011513269296011e-04 8.03444938606373700e-07
 6.22666666666666657e+01 6.23999999999999986e+01 1.10396477903541940e-04 8.45989462601858865e-07
 6.23999999999999986e+01 6.25333333333333314e+01 1.09429349288494692e-04 7.43622218605915473e-07
 6.25333333333333314e+01 6.26666666666666643e+01 1.07702370913161032e-04 7.45932780771732813e-07
 6.26666666666666643e+01 6.27999999999999972e+01 1.08165993678142555e-04 1.59592530327548162e-06
 6.27999999999999972e+01 6.29333333333333300e+01 1.06534008519943167e-04 7.76135743580683996e-07
 6.29333333333333300e+01 6.30666666666666700e+01 1.05385489058066296e-04 1.02978109207458812e-06
 6.30666666666666700e+01 6.32000000000000028e+01 1.02227147829059577e-04 7.63005968617754138e-07
 6.32000000000000028e+01 6.33333333333333357e+01 1.00988259499541731e-04 8.06203273601746732e-07
 6.33333333333333357e+01 6.34666666666666686e+01 9.89829261533556218e-05 7.49262766712758004e-07
 6.34666666666666686e+01 6.36000000000000014e+01 9.91458704992258439e-05 7.64406577759380361e-07
 6.36000000000000014e+01 6.37333333333333343e+01 9.72465568913995551e-05 7.35012839569312910e-07
 6.37333333333333343e+01 6.38666666666666671e+01 9.54723523832506275e-05 7.02552361053525748e-07
 6.38666666666666671e+01 6.40000000000000000e+01 9.57714722040823425e-05 7.82289757402770854e-07
 6.40000000000000000e+01 6.41333333333333400e+01 9.27712228553434693e-05 7.10072269283639653e-07
 6.41333333333333400e+01 6.42666666666666657e+01 9.20418983281709333e-05 7.21766705792884297e-07
 6.42666666666666657e+01 6.44000000000000057e+01 9.01722289956949954e-05 6.91944878062408806e-07
 6.44000000000000057e+01 6.45333333333333314e+01 8.98111205491093482e-05 9.39107515200781095e-07
 6.45333333333333314e+01 6.46666666666666714e+01 8.69106858170126564e-05 6.60213938755895271e-07
 6.46666666666666714e+01 6.47999999999999972e+01 8.65544019648720306e-05 7.28111498943806734e-07
 6.47999999999999972e+01 6.49333333333333371e+01 8.51282902737063052e-05 6.95577452424887298e-07
 6.49333333333333371e+01 6.50666666666666629e+01 8.42342806009420387e-05 6.78076927221930643e-07
 6.50666666666666629e+01 6.52000000000000028e+01 8.39201264208359676e-05 7.91882738573404513e-07
 6.52000000000000028e+01 6.53333333333333286e+01 8.19915579354898500e-05 7.28860651794119125e-07
 6.53333333333333286e+01 6.54666666666666686e+01 8.05700197073399633e-05 6.96924305243766999e-07
 6.54666666666666686e+01 6.55999999999999943e+01 7.82545231661042288e-05 6.53016556063946707e-07
 6.55999999999999943e+01 6.57333333333333343e+01 7.76417243033659390e-05 6.88095923462316149e-07
 6.57333333333333343e+01 6.58666666666666600e+01 7.67053005415635242e-05 7.43891850757265203e-07
 6.58666666666666600e+01 6.60000000000000000e+01 7.53090381605249178e-05 9.91667562584171342e-07
 6.60000000000000000e+01 6.61333333333333400e+01 7.50984747220798614e-05 6.64091704742764674e-07
 6.61333333333333400e+01 6.62666666666666657e+01 7.33774675071323439e-05 6.59977198420705500e-07
 6.62666666666666657e+01 6.64000000000000057e+01 7.20006918181961294e-05 6.40738886051280633e-07
 6.64000000000000057e+01 6.65333333333333314e+01 7.17523527512010928e-05 8.34764739708872375e-07
 6.65333333333333314e+01 6.66666666666666714e+01 6.95891075085919547e-05 6.23635458820900531e-07
 6.66666666666666714e+01 6.67999999999999972e+01 6.81468950266026988e-05 7.40905459557277032e-07
 6.67999999999999972e+01 6.69333333333333371e+01 6.77069228742040234e-05 7.09063094254138549e-07
 6.69333333333333371e+01 6.70666666666666629e+01 6.61095895449087274e-05 6.88336044425628158e-07
 6.70666666666666629e+01 6.72000000000000028e+01 6.62882362735228817e-05 7.28253375445569122e-07
 6.72000000000000028e+01 6.73333333333333286e+01 6.38990136788165084e-05 6.42735622805399211e-07
 6.73333333333333286e+01 6.74666666666666686e+01 6.42057098147028505e-05 6.34466598602036592e-07
 6.74666666666666686e+01 6.75999999999999943e+01 6.15314206455837450e-05 5.91805133763389056e-07
 6.75999999999999943e+01 6.77333333333333343e+01 6.21512986132745783e-05 6.63170850744380271e-07
 6.77333333333333343e+01 6.78666666666666600e+01 6.03864203655574071e-05 5.95067978016716319e-07
 6.78666666666666600e+01 6.80000000000000000e+01 6.02505351426299037e-05 8.63166208137130056e-07
 6.80000000000000000e+01 6.81333333333333400e+01 5.88572882903111815e-05 6.18871136750795843e-07
 6.81333333333333400e+01 6.82666666666666657e+01 5.75575835715455163e-05 6.40617665919070428e-07
 6.82666666666666657e+01 6.84000000000000057e+01 5.56806919039678244e-05 5.98098517375539637e-07
 6.84000000000000057e+01 6.85333333333333314e+01 5.57532228930232587e-05 6.74775813218514929e-07
 6.85333333333333314e+01 6.86666666666666714e+01 5.49452849397962892e-05 6.22906370050764933e-07
 6.86666666666666714e+01 6.87999999999999972e+01 5.37791307912224446e-05 5.94713444290134469e-07
 6.87999999999999972e+01 6.89333333333333371e+01 5.30977946375884948e-05 5.96526302935197154e-07
 6.89333333333333371e+01 6.90666666666666629e+01 5.12753963308613584e-05 6.07451252978301870e-07
 6.90666666666666629e+01 6.92000000000000028e+01 5.05849126829963403e-05 5.64323061977403229e-07
 6.92000000000000028e+01 6.93333333333333286e+01 4.97148766582370164e-05 6.81621866347819340e-07
 6.93333333333333286e+01 6.94666666666666686e+01 5.00533543911569267e-05 6.03680988379867596e-07
 6.94666666666666686e+01 6.95999999999999943e+01 4.87099714593194791e-05 5.84817678184363669e-07
 6.95999999999999943e+01 6.97333333333333343e+01 4.77669659805450683e-05 6.02930256837126939e-07
 6.97333333333333343e+01 6.98666666666666600e+01 4.59868561361636072e-05 5.90754118622079130e-07
 6.98666666666666600e+01 7.00000000000000000e+01 4.61057083548253914e-05 5.99031178319728279e-07
 7.00000000000000000e+01 7.01333333333333400e+01 4.55712932084935510e-05 7.40371479354639483e-07
 7.01333333333333400e+01 7.02666666666666657e+01 4.35114000235122640e-05 5.52880010659466760e-07
 7.02666666666666657e+01 7.04000000000000057e+01 4.30980407992295408e-05 8.14005116019641727e-07
 7.04000000000000057e+01 7.05333333333333314e+01 4.23722457997769152e-05 5.83507061612161188e-07
 7.05333333333333314e+01 7.06666666666666714e+01 4.10639606465109438e-05 5.55788887032199496e-07
 7.06666666666666714e+01 7.07999999999999972e+01 4.09122621480097925e-05 7.33501454375291954e-07
 7.07999999999999972e+01 7.09333333333333371e+01 4.01762186263180206e-05 5.82755612834138858e-07
 7.09333333333333371e+01 7.10666666666666629e+01 3.84630659075357639e-05 5.38084711863156009e-07
 7.10666666666666629e+01 7.12000000000000028e+01 3.74945858868481891e-05 5.65274880811829357e-07
 7.12000000000000028e+01 7.13333333333333286e+01 3.77633332198387364e-05 5.23247337406452153e-07
 7.13333333333333286e+01 7.14666666666666686e+01 3.65244052234902522e-05 4.87974529061881328e-07
 7.14666666666666686e+01 7.15999999999999943e+01 3.62337121410303127e-05 5.05653729131501077e-07
 7.15999999999999943e+01 7.17333333333333343e+01 3.55203163176343362e-05 9.63443789492860186e-07
 7.17333333333333343e+01 7.18666666666666600e+01 3.49742917207462745e-05 5.74966838394847569e-07
 7.18666666666666600e+01 7.20000000000000000e+01 3.33079853990258975e-05 5.22095708289612362e-07
 7.20000000000000000e+01 7.21333333333333400e+01 3.26101344228639544e-05 5.04773982835824986e-07
 7.21333333333333400e+01 7.22666666666666657e+01 3.27551683943315809e-05 6.39020572241786214e-07
 7.22666666666666657e+01 7.24000000000000057e+01 3.13637738622706352e-05 4.70826032263253493e-07
 7.24000000000000057e+01 7.25333333333333314e+01 2.98378612524368800e-05 4.63123259698812184e-07
 7.25333333333333314e+01 7.26666666666666714e+01 2.91925753788275648e-05 4.21457163187870156e-07
 7.26666666666666714e+01 7.27999999999999972e+01 2.96089396075828558e-05 4.77813151181201375e-07
 7.27999999999999972e+01 7.29333333333333371e+01 2.77805408510381447e-05 4.35580634801800022e-07
 7.29333333333333371e+01 7.30666666666666629e+01 2.80486640305911738e-05 6.74557813301937210e-07
 7.30666666666666629e+01 7.32000000000000028e+01 2.67941143200178225e-05 5.59882732456993299e-07
 7.32000000000000028e+01 7.33333333333333286e+01 2.60177897504096358e-05 6.42727325846748367e-07
 7.33333333333333286e+01 7.34666666666666686e+01 2.58752618321434864e-05 4.43528499843631696e-07
 7.34666666666666686e+01 7.35999999999999943e+01 2.50013690510835637e-05 5.15767555333560136e-07
 7.35999999999999943e+01 7.37333333333333343e+01 2.41043800549759529e-05 4.35073263459155354e-07
 7.37333333333333343e+01 7.38666666666666600e+01 2.31442959962818781e-05 4.04416265452913568e-07
 7.38666666666666600e+01 7.40000000000000000e+01 2.36233205334784968e-05 5.17415716822725915e-07
 7.40000000000000000e+01 7.41333333333333400e+01 2.33027930962966558e-05 6.70207871505778325e-07
 7.41333333333333400e+01 7.42666666666666657e+01 2.18844262817485976e-05 6.23265641026421299e-07
 7.42666666666666657e+01 7.44000000000000057e+01 2.10827838474934394e-05 3.87240276879893128e-07
 7.44000000000000057e+01 7.45333333333333314e+01 2.01782910356562669e-05 3.43663146448104859e-07
 7.45333333333333314e+01 7.46666666666666714e+01 1.95314667652968102e-05 3.42132993394514818e-07
 7.46666666666666714e+01 7.47999999999999972e+01 1.93223831241758839e-05 5.24334923411906142e-07
 7.47999999999999972e+01 7.49333333333333371e+01 1.88082339111533151e-05 4.45936979687616828e-07
 7.49333333333333371e+01 7.50666666666666629e+01 1.79212054041816430e-05 3.45403509785670207e-07
 7.50666666666666629e+01 7.52000000000000028e+01 1.75509252052875150e-05 3.40481367720534160e-07
 7.52000000000000028e+01 7.53333333333333286e+01 1.66192477639843588e-05 3.18899122391224211e-07
 7.53333333333333286e+01 7.54666666666666686e+01 1.65137668536240067e-05 4.15850874239122485e-07
 7.54666666666666686e+01 7.55999999999999943e+01 1.62843217619555249e-05 3.56847188025683825e-07
 7.55999999999999943e+01 7.57333333333333343e+01 1.50053908492576146e-05 3.32112632648599961e-07
 7.57333333333333343e+01 7.58666666666666600e+01 1.46564924008639894e-05 3.00008268403998838e-07
 7.58666666666666600e+01 7.60000000000000000e+01 1.37067240739444747e-05 2.76816556770122899e-07
 7.60000000000000000e+01 7.61333333333333400e+01 1.41494896659783933e-05 3.36878699244269454e-07
 7.61333333333333400e+01 7.62666666666666657e+01 1.33878437609102948e-05 3.24159750440869114e-07
 7.62666666666666657e+01 7.64000000000000057e+01 1.25640969493999329e-05 3.13587918295967350e-07
 7.64000000000000057e+01 7.65333333333333314e+01 1.23950271241560493e-05 2.95396676848168525e-07
 7.65333333333333314e+01 7.66666666666666714e+01 1.14746270632881901e-05 2.78570652348216960e-07
 7.66666666666666714e+01 7.67999999999999972e+01 1.12076211302260369e-05 2.87457264557738568e-07
 7.67999999999999972e+01 7.69333333333333371e+01 1.03293843537460319e-05 2.48966568055901134e-07
 7.69333333333333371e+01 7.70666666666666629e+01 1.00261290232511033e-05 2.60251652958858636e-07
 7.70666666666666629e+01 7.72000000000000028e+01 9.46925367213494907e-06 2.61331816297264937e-07
 7.72000000000000028e+01 7.73333333333333286e+01 8.94570041829072732e-06 2.23543938119206116e-07
 7.73333333333333286e+01 7.74666666666666686e+01 8.57882160909065440e-06 2.41163949459948421e-07
 7.74666666666666686e+01 7.75999999999999943e+01 7.94820944409726769e-06 2.24288314989911501e-07
 7.75999999999999943e+01 7.77333333333333343e+01 7.58174473252055917e-06 2.31174403157388233e-07
 7.77333333333333343e+01 7.78666666666666600e+01 7.55016437109031634e-06 2.22594888242126651e-07
 7.78666666666666600e+01 7.80000000000000000e+01 6.75486512832128810e-06 2.34622780638756405e-07
 7.80000000000000000e+01 7.81333333333333400e+01 6.34531022767070185e-06 2.10017665722648406e-07
 7.81333333333333400e+01 7.82666666666666657e+01 5.48089823218442094e-06 2.10004876749539753e-07
 7.82666666666666657e+01 7.84000000000000057e+01 5.16468046337006259e-06 1.67198240875208793e-07
 7.84000000000000057e+01 7.85333333333333314e+01 5.12109822310501514e-06 2.06636363302528211e-07
 7.85333333333333314e+01 7.86666666666666714e+01 4.38552099965309822e-06 2.04289645477498301e-07
 7.86666666666666714e+01 7.87999999999999972e+01 3.95307664164757932e-06 1.76662769334172161e-07
 7.87999999999999972e+01 7.89333333333333371e+01 3.69781319741086551e-06 1.79560739103145619e-07
 7.89333333333333371e+01 7.90666666666666629e+01 3.18022806236710874e-06 1.67816621900669510e-07
 7.90666666666666629e+01 7.92000000000000028e+01 2.92447217410118294e-06 1.82556777545096588e-07
 7.92000000000000028e+01 7.93333333333333286e+01 2.56637764463493623e-06 1.85448626206662197e-07
 7.93333333333333286e+01 7.94666666666666686e+01 2.09856182523820432e-06 1.59060719453752649e-07
 7.94666666666666686e+01 7.95999999999999943e+01 1.52929875832228276e-06 1.08324335308588048e-07
 7.95999999999999943e+01 7.97333333333333343e+01 1.01332649971302830e-06 1.64628330112346390e-07
 7.97333333333333343e+01 7.98666666666666600e+01 6.82047940215964538e-07 1.51456586692632775e-07
 7.98666666666666600e+01 8.00000000000000000e+01 2.03398371999089154e-07 3.81970187459908042e-08

Histogram:ldphi
 0.00000000000000000e+00 2.99999999999999989e-01 1.02106860654444069e-02 4.95388700442513091e-06
 2.99999999999999989e-01 5.99999999999999978e-01 1.02926475752994091e-02 3.24455544189745456e-06
 5.99999999999999978e-01 9.00000000000000022e-01 1.04209930173776617e-02 3.22509624504973998e-06
 9.00000000000000022e-01 1.19999999999999996e+00 1.05470535128279891e-02 3.24906027674449056e-06
 1.19999999999999996e+00 1.50000000000000000e+00 1.06685753960779200e-02 3.21598300642863782e-06
 1.50000000000000000e+00 1.80000000000000004e+00 1.07969560023999014e-02 3.26572317174155724e-06
 1.80000000000000004e+00 2.10000000000000009e+00 1.09344801479021193e-02 3.41224638404967577e-06
 2.10000000000000009e+00 2.39999999999999991e+00 1.10905157332949773e-02 3.27165144824566709e-06
 2.39999999999999991e+00 2.70000000000000018e+00 1.12426825996275407e-02 3.15340344505398550e-06
 2.70000000000000018e+00 3.00000000000000000e+00 1.13237416000903715e-02 3.10993981630957962e-06
 3.00000000000000000e+00 3.29999999999999982e+00 1.12955559215117025e-02 3.12002195221416656e-06
 3.29999999999999982e+00 3.60000000000000009e+00 1.11976406870164750e-02 3.31520106713414778e-06
 3.60000000000000009e+00 3.89999999999999991e+00 1.10654532646708142e-02 3.05507255425633837e-06
 3.89999999999999991e+00 4.20000000000000018e+00 1.09371580192791518e-02 2.95493005509553784e-06
 4.20000000000000018e+00 4.50000000000000000e+00 1.08048984961326214e-02 2.94045106533805878e-06
 4.50000000000000000e+00 4.79999999999999982e+00 1.06761455282100882e-02 3.59508137279087750e-06
 4.79999999999999982e+00 5.09999999999999964e+00 1.05501632539534082e-02 2.86161049379170783e-06
 5.09999999999999964e+00 5.40000000000000036e+00 1.04340995232933640e-02 2.86884649787356240e-06
 5.40000000000000036e+00 5.70000000000000018e+00 1.03216370566005695e-02 2.80228355537121304e-06
 5.70000000000000018e+00 6.00000000000000000e+00 1.02172450838123093e-02 2.76010003918132930e-06
 6.00000000000000000e+00 6.29999999999999982e+00 1.01185479773214029e-02 2.83604935814743131e-06
 6.29999999999999982e+00 6.59999999999999964e+00 1.00326309818643353e-02 2.65708268243679034e-06
 6.59999999999999964e+00 6.90000000000000036e+00 9.94791361539119554e-03 2.55662521382523550e-06
 6.90000000000000036e+00 7.20000000000000018e+00 9.87258293327370785e-03 2.63782521142863938e-06
 7.20000000000000018e+00 7.50000000000000000e+00 9.81069189271373786e-03 2.62693553326827930e-06
 7.50000000000000000e+00 7.79999999999999982e+00 9.75314541876051710e-03 3.51281590876968165e-06
 7.79999999999999982e+00 8.09999999999999964e+00 9.69920918557014983e-03 2.49641256743645055e-06
 8.09999999999999964e+00 8.40000000000000036e+00 9.66701014694176276e-03 2.59968212404173524e-06
 8.40000000000000036e+00 8.69999999999999929e+00 9.63658013463408562e-03 2.45693867736818547e-06
 8.69999999999999929e+00 9.00000000000000000e+00 9.62734123133178119e-03 2.84053418843901345e-06
 9.00000000000000000e+00 9.30000000000000071e+00 9.63087010215276339e-03 2.37684116077173391e-06
 9.30000000000000071e+00 9.59999999999999964e+00 9.66721658473341204e-03 2.43184864826262175e-06
 9.59999999999999964e+00 9.90000000000000036e+00 9.72165165732915594e-03 2.69987740608962685e-06
 9.90000000000000036e+00 1.01999999999999993e+01 9.77422846774186893e-03 2.41684821524411021e-06
 1.01999999999999993e+01 1.05000000000000000e+01 9.81827248037767455e-03 2.37139775274055431e-06
 1.05000000000000000e+01 1.08000000000000007e+01 9.85379122185309035e-03 2.35949589102004889e-06
 1.08000000000000007e+01 1.10999999999999996e+01 9.88506276345450796e-03 2.37038199629149126e-06
 1.10999999999999996e+01 1.14000000000000004e+01 9.89210231985627499e-03 3.37292289610975130e-06
 1.14000000000000004e+01 1.16999999999999993e+01 9.88953290475606990e-03 2.34226687608116621e-06
 1.16999999999999993e+01 1.20000000000000000e+01 9.86837536824211776e-03 2.28865129646468750e-06
 1.20000000000000000e+01 1.23000000000000007e+01 9.81183738946167679e-03 2.22230802582437024e-06
 1.23000000000000007e+01 1.25999999999999996e+01 9.67381786685260481e-03 2.40435323515580545e-06
 1.25999999999999996e+01 1.29000000000000004e+01 9.48158169956046272e-03 2.79638243441674491e-06
 1.29000000000000004e+01 1.31999999999999993e+01 9.25786312359811944e-03 2.14380838323543041e-06
 1.31999999999999993e+01 1.35000000000000000e+01 9.02426740833877500e-03 2.09957405329077496e-06
 1.35000000000000000e+01 1.38000000000000007e+01 8.78478874070171521e-03 2.07790722466917169e-06
 1.38000000000000007e+01 1.40999999999999996e+01 8.54414946050209394e-03 2.00811669394665607e-06
 1.40999999999999996e+01 1.44000000000000004e+01 8.30201751228384563e-03 2.01374606512841740e-06
 1.44000000000000004e+01 1.46999999999999993e+01 8.06488133364314207e-03 1.96236163378611402e-06
 1.46999999999999993e+01 1.50000000000000000e+01 7.82211572619491424e-03 1.89131514831094061e-06
 1.50000000000000000e+01 1.53000000000000007e+01 7.59548891136461752e-03 1.88712645730723076e-06
 1.53000000000000007e+01 1.55999999999999996e+01 7.37054944372881465e-03 1.86365977326777795e-06
 1.55999999999999996e+01 1.59000000000000004e+01 7.15297786629905206e-03 1.83698265958401316e-06
 1.59000000000000004e+01 1.61999999999999993e+01 6.94532796507561605e-03 1.75656939585083728e-06
 1.61999999999999993e+01 1.65000000000000000e+01 6.74850591863251654e-03 1.77003197905700898e-06
 1.65000000000000000e+01 1.68000000000000007e+01 6.55176352862452214e-03 1.81372316492389045e-06
 1.68000000000000007e+01 1.71000000000000014e+01 6.37052887401475844e-03 1.73838010528180160e-06
 1.71000000000000014e+01 1.73999999999999986e+01 6.19291706769240901e-03 1.85564993294616051e-06
 1.73999999999999986e+01 1.76999999999999993e+01 6.02427379871420168e-03 1.66329226196213288e-06
 1.76999999999999993e+01 1.80000000000000000e+01 5.86160630758928488e-03 1.64373451411893304e-06
 1.80000000000000000e+01 1.83000000000000007e+01 5.70367224947542894e-03 1.62941581680570876e-06
 1.83000000000000007e+01 1.86000000000000014e+01 5.55502748391966707e-03 1.62692241112912522e-06
 1.86000000000000014e+01 1.88999999999999986e+01 5.40771786147371727e-03 1.57682728331327604e-06
 1.88999999999999986e+01 1.91999999999999993e+01 5.26917886898717065e-03 1.55134321397311002e-06
 1.91999999999999993e+01 1.95000000000000000e+01 5.13654221077773816e-03 1.54340731509388119e-06
 1.95000000000000000e+01 1.98000000000000007e+01 5.00957503826328192e-03 1.55997487552902979e-06
 1.98000000000000007e+01 2.01000000000000014e+01 4.88090480210523134e-03 1.49778815025725267e-06
 2.01000000000000014e+01 2.03999999999999986e+01 4.76391376849074396e-03 1.47466281900880105e-06
 2.03999999999999986e+01 2.06999999999999993e+01 4.64695068500632288e-03 1.48525066592156260e-06
 2.06999999999999993e+01 2.10000000000000000e+01 4.53859308358878829e-03 1.61577010411330403e-06
 2.10000000000000000e+01 2.13000000000000007e+01 4.42915250051796432e-03 1.48193857459090216e-06
 2.13000000000000007e+01 2.16000000000000014e+01 4.32587639697492449e-03 1.57709798756855679e-06
 2.16000000000000014e+01 2.18999999999999986e+01 4.22236109116036137e-03 1.40531676015890586e-06
 2.18999999999999986e+01 2.21999999999999993e+01 4.12347167484473139e-03 1.41137569222639356e-06
 2.21999999999999993e+01 2.25000000000000000e+01 4.03073582524612634e-03 1.43902649463924102e-06
 2.25000000000000000e+01 2.28000000000000007e+01 3.94078731953253093e-03 1.34299710737331737e-06
 2.28000000000000007e+01 2.31000000000000014e+01 3.85021629479832079e-03 1.35632406445221129e-06
 2.31000000000000014e+01 2.33999999999999986e+01 3.76554695743812253e-03 1.30877317635219923e-06
 2.33999999999999986e+01 2.36999999999999993e+01 3.68397213971259760e-03 1.30584564086230624e-06
 2.36999999999999993e+01 2.40000000000000000e+01 3.60431316416584113e-03 1.62755387853241704e-06
 2.40000000000000000e+01 2.43000000000000007e+01 3.52446837691611226e-03 1.28150117648777807e-06
 2.43000000000000007e+01 2.46000000000000014e+01 3.45156929670250613e-03 1.31360093774552486e-06
 2.46000000000000014e+01 2.48999999999999986e+01 3.37548454219918897e-03 1.26516063439555772e-06
 2.48999999999999986e+01 2.51999999999999993e+01 3.30381072787965489e-03 1.24577255165387011e-06
 2.51999999999999993e+01 2.55000000000000000e+01 3.23475946024699571e-03 1.21678540231181774e-06
 2.55000000000000000e+01 2.58000000000000007e+01 3.16918941815540808e-03 1.23029182521265989e-06
 2.58000000000000007e+01 2.61000000000000014e+01 3.10313835887917125e-03 1.19040098556152031e-06
 2.61000000000000014e+01 2.63999999999999986e+01 3.03964948456999281e-03 1.19593527306429404e-06
 2.63999999999999986e+01 2.66999999999999993e+01 2.98058639375993039e-03 1.20395440122071869e-06
 2.66999999999999993e+01 2.70000000000000000e+01 2.92190046307338764e-03 1.20320853649692736e-06
 2.70000000000000000e+01 2.73000000000000007e+01 2.86089452039556442e-03 1.15316752266640016e-06
 2.73000000000000007e+01 2.76000000000000014e+01 2.80586681764389678e-03 1.17966178861370374e-06
 2.76000000000000014e+01 2.78999999999999986e+01 2.74941087582197168e-03 1.12402876102501626e-06
 2.78999999999999986e+01 2.81999999999999993e+01 2.69576353515459241e-03 1.11905383105026350e-06
 2.81999999999999993e+01 2.85000000000000000e+01 2.64622476838811656e-03 1.19140896245704251e-06
 2.85000000000000000e+01 2.88000000000000007e+01 2.59557654943339813e-03 1.23622836607622968e-06
 2.88000000000000007e+01 2.91000000000000014e+01 2.54629604096893915e-03 1.13606036875770192e-06
 2.91000000000000014e+01 2.93999999999999986e+01 2.49574718807346911e-03 1.09733169898852182e-06
 2.93999999999999986e+01 2.96999999999999993e+01 2.45033212006518647e-03 1.09194635846539686e-06
 2.96999999999999993e+01 3.00000000000000000e+01 2.40505299702515078e-03 1.10258505225395639e-06
 3.00000000000000000e+01 3.03000000000000007e+01 2.35873914003931900e-03 1.06365722315215594e-06
 3.03000000000000007e+01 3.06000000000000014e+01 2.31687467423083481e-03 1.05597122287655600e-06
 3.06000000000000014e+01 3.08999999999999986e+01 2.27344308298958178e-03 1.12982533523549577e-06
 3.08999999999999986e+01 3.11999999999999993e+01 2.23115817668037477e-03 1.02396322076524138e-06
 3.11999999999999993e+01 3.15000000000000000e+01 2.19179002010078724e-03 1.02876541246450832e-06
 3.15000000000000000e+01 3.18000000000000007e+01 2.15410099210864431e-03 1.02665910124508054e-06
 3.18000000000000007e+01 3.21000000000000014e+01 2.11705287838309664e-03 1.01565346608692955e-06
 3.21000000000000014e+01 3.23999999999999986e+01 2.07840783778643788e-03 1.01988616523137813e-06
 3.23999999999999986e+01 3.27000000000000028e+01 2.04264183164161494e-03 1.00214232358786459e-06
 3.27000000000000028e+01 3.30000000000000000e+01 2.00814774968905135e-03 9.97063087521184650e-07
 3.30000000000000000e+01 3.32999999999999972e+01 1.97494003352856025e-03 1.12830865068759307e-06
 3.32999999999999972e+01 3.36000000000000014e+01 1.94072912940762067e-03 1.05976575783602044e-06
 3.36000000000000014e+01 3.38999999999999986e+01 1.90579936335093366e-03 9.73773609327975584e-07
 3.38999999999999986e+01 3.42000000000000028e+01 1.87434713492592390e-03 9.47560111505114733e-07
 3.42000000000000028e+01 3.45000000000000000e+01 1.84080524451485632e-03 9.45072050484259221e-07
 3.45000000000000000e+01 3.47999999999999972e+01 1.81142210771942347e-03 9.59359143439807456e-07
 3.47999999999999972e+01 3.51000000000000014e+01 1.78037790659452372e-03 9.37928235984860016e-07
 3.51000000000000014e+01 3.53999999999999986e+01 1.75118398463351699e-03 9.35302465151082420e-07
 3.53999999999999986e+01 3.57000000000000028e+01 1.72397354891710161e-03 9.68824657657349363e-07
 3.57000000000000028e+01 3.60000000000000000e+01 1.69759216362561907e-03 9.56701081482696218e-07
 3.60000000000000000e+01 3.62999999999999972e+01 1.66667482777485792e-03 9.04444569597208595e-07
 3.62999999999999972e+01 3.66000000000000014e+01 1.63956069705229021e-03 9.03563644682571822e-07
 3.66000000000000014e+01 3.68999999999999986e+01 1.61566258154381974e-03 9.32055505321350003e-07
 3.68999999999999986e+01 3.72000000000000028e+01 1.58689712839071005e-03 8.95483899290723496e-07
 3.72000000000000028e+01 3.75000000000000000e+01 1.56421370674676664e-03 9.17075085325139118e-07
 3.75000000000000000e+01 3.77999999999999972e+01 1.53795776174541453e-03 8.80631035075109496e-07
 3.77999999999999972e+01 3.81000000000000014e+01 1.51574062403316977e-03 8.84653658298299704e-07
 3.81000000000000014e+01 3.83999999999999986e+01 1.49164894346131356e-03 8.70258009265935089e-07
 3.83999999999999986e+01 3.87000000000000028e+01 1.46925932082586576e-03 9.08468625714587987e-07
 3.87000000000000028e+01 3.90000000000000000e+01 1.44583557964384564e-03 8.62214948433760588e-07
 3.90000000000000000e+01 3.92999999999999972e+01 1.42469209562136930e-03 8.90891133282412470e-07
 3.92999999999999972e+01 3.96000000000000014e+01 1.40225424711486451e-03 8.46514790010058767e-07
 3.96000000000000014e+01 3.98999999999999986e+01 1.37941587845493785e-03 8.47162972102338155e-07
 3.98999999999999986e+01 4.02000000000000028e+01 1.36088097385966876e-03 8.34525419120330560e-07
 4.02000000000000028e+01 4.05000000000000000e+01 1.33911544459691949e-03 8.39980838201999945e-07
 4.05000000000000000e+01 4.07999999999999972e+01 1.32020881201215046e-03 8.57664770317006167e-07
 4.07999999999999972e+01 4.11000000000000014e+01 1.30196252100408562e-03 8.67511536829328771e-07
 4.11000000000000014e+01 4.13999999999999986e+01 1.28044847335582199e-03 8.30172098442183613e-07
 4.13999999999999986e+01 4.17000000000000028e+01 1.26032501657323656e-03 8.21430092387487802e-07
 4.17000000000000028e+01 4.20000000000000000e+01 1.24277160491531873e-03 8.70347772592406399e-07
 4.20000000000000000e+01 4.22999999999999972e+01 1.22495122239080993e-03 8.22907953341857032e-07
 4.22999999999999972e+01 4.26000000000000014e+01 1.20682209612996247e-03 8.16196913897586138e-07
 4.26000000000000014e+01 4.28999999999999986e+01 1.19015811808611985e-03 8.04809970675717002e-07
 4.28999999999999986e+01 4.32000000000000028e+01 1.17322895583720031e-03 7.99012783408349280e-07
 4.32000000000000028e+01 4.35000000000000000e+01 1.15642455364843989e-03 7.92701051924323485e-07
 4.35000000000000000e+01 4.37999999999999972e+01 1.13951404501022330e-03 8.10164843646808800e-07
 4.37999999999999972e+01 4.41000000000000014e+01 1.12355801634054760e-03 7.72757405572604545e-07
 4.41000000000000014e+01 4.43999999999999986e+01 1.10940243750041242e-03 7.83711484937049419e-07
 4.43999999999999986e+01 4.47000000000000028e+01 1.09407073788839355e-03 7.79270586948980374e-07
 4.47000000000000028e+01 4.50000000000000000e+01 1.07679886974053991e-03 7.75842538983832778e-07
 4.50000000000000000e+01 4.52999999999999972e+01 1.06267059457150763e-03 7.60889955344318551e-07
 4.52999999999999972e+01 4.56000000000000014e+01 1.04665076928058009e-03 8.21910098656433611e-07
 4.56000000000000014e+01 4.58999999999999986e+01 1.03454452665230107e-03 7.63945763483816423e-07
 4.58999999999999986e+01 4.62000000000000028e+01 1.01933035544977263e-03 7.67760802580957437e-07
 4.62000000000000028e+01 4.65000000000000000e+01 1.00699083975767565e-03 7.69682313025080983e-07
 4.65000000000000000e+01 4.67999999999999972e+01 9.92091761057428516e-04 7.61576295258182129e-07
 4.67999999999999972e+01 4.71000000000000014e+01 9.78786484587190189e-04 7.73848717755821808e-07
 4.71000000000000014e+01 4.73999999999999986e+01 9.67808673545413360e-04 9.98747613656425431e-07
 4.73999999999999986e+01 4.77000000000000028e+01 9.52702862387407728e-04 7.95525113119218072e-07
 4.77000000000000028e+01 4.80000000000000000e+01 9.40350204811559701e-04 7.38434574393999120e-07
 4.80000000000000000e+01 4.82999999999999972e+01 9.27112684033068912e-04 7.49106295936480496e-07
 4.82999999999999972e+01 4.86000000000000014e+01 9.16834989800884318e-04 7.72879765704724441e-07
 4.86000000000000014e+01 4.88999999999999986e+01 9.04241437516615241e-04 7.57489709771529481e-07
 4.88999999999999986e+01 4.92000000000000028e+01 8.92136471002262770e-04 7.92662696772905538e-07
 4.92000000000000028e+01 4.95000000000000000e+01 8.80158416184704563e-04 7.23201439410601388e-07
 4.95000000000000000e+01 4.97999999999999972e+01 8.68621966134281061e-04 7.33357500856035777e-07
 4.97999999999999972e+01 5.01000000000000014e+01 8.56658856609897540e-04 7.44557005813544156e-07
 5.01000000000000014e+01 5.03999999999999986e+01 8.46260842893259793e-04 7.26978703463636105e-07
 5.03999999999999986e+01 5.07000000000000028e+01 8.35612901991484550e-04 7.34445524536003486e-07
 5.07000000000000028e+01 5.10000000000000000e+01 8.24473771294994716e-04 7.09292872288210487e-07
 5.10000000000000000e+01 5.12999999999999972e+01 8.15664596229236571e-04 7.44702289605564484e-07
 5.12999999999999972e+01 5.16000000000000014e+01 8.03630502204222925e-04 7.05314782010936138e-07
 5.16000000000000014e+01 5.18999999999999986e+01 7.93140917958636850e-04 7.12207007218549686e-07
 5.18999999999999986e+01 5.22000000000000028e+01 7.82464244806007465e-04 7.12181241679957780e-07
 5.22000000000000028e+01 5.25000000000000000e+01 7.75321758607240216e-04 7.16608047913508006e-07
 5.25000000000000000e+01 5.27999999999999972e+01 7.65404765109795418e-04 7.07687812892936902e-07
 5.27999999999999972e+01 5.31000000000000014e+01 7.55518986705842302e-04 6.89697913315690968e-07
 5.31000000000000014e+01 5.33999999999999986e+01 7.47300023877981302e-04 1.07261159678783407e-06
 5.33999999999999986e+01 5.37000000000000028e+01 7.36589605243125859e-04 6.81991712865981178e-07
 5.37000000000000028e+01 5.40000000000000000e+01 7.27734939105215638e-04 6.83123292843348111e-07
 5.40000000000000000e+01 5.42999999999999972e+01 7.20557722146426458e-04 6.82347335660249887e-07
 5.42999999999999972e+01 5.46000000000000014e+01 7.09980533291771992e-04 6.92784906900078858e-07
 5.46000000000000014e+01 5.48999999999999986e+01 7.00928572683312307e-04 6.70449553782324545e-07
 5.48999999999999986e+01 5.52000000000000028e+01 6.94015928967903553e-04 7.69635630244275175e-07
 5.52000000000000028e+01 5.55000000000000000e+01 6.85420257187072048e-04 7.03307805273662522e-07
 5.55000000000000000e+01 5.57999999999999972e+01 6.76599908827611100e-04 7.53388349088331287e-07
 5.57999999999999972e+01 5.61000000000000014e+01 6.69598173852293220e-04 6.66894442588749075e-07
 5.61000000000000014e+01 5.63999999999999986e+01 6.60988588932165345e-04 6.70072755002880553e-07
 5.63999999999999986e+01 5.67000000000000028e+01 6.53116988663326689e-04 6.79388266619778779e-07
 5.67000000000000028e+01 5.70000000000000000e+01 6.45179454199902688e-04 6.66992123123168905e-07
 5.70000000000000000e+01 5.72999999999999972e+01 6.39023555473481838e-04 6.79457493192656038e-07
 5.72999999999999972e+01 5.76000000000000014e+01 6.32278545396765192e-04 6.75852167250618182e-07
 5.76000000000000014e+01 5.78999999999999986e+01 6.23926930701422197e-04 6.72463828011328527e-07
 5.78999999999999986e+01 5.82000000000000028e+01 6.15375635020026508e-04 6.58553054436990430e-07
 5.82000000000000028e+01 5.85000000000000000e+01 6.08484893549349161e-04 6.79311976070350143e-07
 5.85000000000000000e+01 5.87999999999999972e+01 6.02316717554146944e-04 6.77438707149990878e-07
 5.87999999999999972e+01 5.91000000000000014e+01 5.93260537529518043e-04 6.46746787964330688e-07
 5.91000000000000014e+01 5.93999999999999986e+01 5.88765415448922109e-04 6.62286898406640937e-07
 5.93999999999999986e+01 5.97000000000000028e+01 5.81456670248980392e-04 6.42173067338253708e-07
 5.97000000000000028e+01 6.00000000000000000e+01 5.75222418086058520e-04 6.49510542022077071e-07
 6.00000000000000000e+01 6.02999999999999972e+01 5.69539486857430872e-04 6.89059258273085870e-07
 6.02999999999999972e+01 6.06000000000000014e+01 5.61232262944981811e-04 6.46248347526221964e-07
 6.06000000000000014e+01 6.08999999999999986e+01 5.55427298814439060e-04 6.57498188192714974e-07
 6.08999999999999986e+01 6.12000000000000028e+01 5.49875438844273871e-04 6.47534237472017520e-07
 6.12000000000000028e+01 6.15000000000000000e+01 5.43779339005642228e-04 6.74387185396327297e-07
 6.15000000000000000e+01 6.17999999999999972e+01 5.38615012683812760e-04 1.02779592703977251e-06
 6.17999999999999972e+01 6.21000000000000014e+01 5.31060232573082945e-04 6.41107084107829159e-07
 6.21000000000000014e+01 6.23999999999999986e+01 5.26993202626801311e-04 6.46623623974800578e-07
 6.23999999999999986e+01 6.27000000000000028e+01 5.21239778171407250e-04 6.87068904891496055e-07
 6.27000000000000028e+01 6.30000000000000000e+01 5.14156602687248078e-04 6.46195500351041513e-07
 6.30000000000000000e+01 6.32999999999999972e+01 5.08857605036056124e-04 6.32368140958208583e-07
 6.32999999999999972e+01 6.36000000000000014e+01 5.03464590773264635e-04 8.43366438376750895e-07
 6.36000000000000014e+01 6.38999999999999986e+01 4.97919678489559120e-04 6.35694970139576391e-07
 6.38999999999999986e+01 6.42000000000000028e+01 4.92517768194545018e-04 6.65507570988723727e-07
 6.42000000000000028e+01 6.45000000000000000e+01 4.87218299804214044e-04 6.24164260235977179e-07
 6.45000000000000000e+01 6.47999999999999972e+01 4.82845023716858206e-04 6.32743478994539980e-07
 6.47999999999999972e+01 6.50999999999999943e+01 4.76044059573704596e-04 6.11157848697994169e-07
 6.50999999999999943e+01 6.54000000000000057e+01 4.72655781877963084e-04 6.25271898238796047e-07
 6.54000000000000057e+01 6.57000000000000028e+01 4.67375916342350865e-04 6.58962226889189401e-07
 6.57000000000000028e+01 6.60000000000000000e+01 4.62189960251148456e-04 6.42069799165429866e-07
 6.60000000000000000e+01 6.62999999999999972e+01 4.57443822246137908e-04 6.13206824223712509e-07
 6.62999999999999972e+01 6.65999999999999943e+01 4.52015078613353242e-04 6.06173770093610321e-07
 6.65999999999999943e+01 6.69000000000000057e+01 4.47298624681742693e-04 6.70282224059926057e-07
 6.69000000000000057e+01 6.72000000000000028e+01 4.42796724197145903e-04 6.54628531578537583e-07
 6.72000000000000028e+01 6.75000000000000000e+01 4.39165678547164136e-04 1.02425517971364540e-06
 6.75000000000000000e+01 6.77999999999999972e+01 4.33495321496701652e-04 6.39124586335634987e-07
 6.77999999999999972e+01 6.80999999999999943e+01 4.29591123473459702e-04 6.03110505912531342e-07
 6.80999999999999943e+01 6.84000000000000057e+01 4.25854173140772911e-04 6.16119852716342573e-07
 6.84000000000000057e+01 6.87000000000000028e+01 4.20778652145803358e-04 5.98009955311766611e-07
 6.87000000000000028e+01 6.90000000000000000e+01 4.15648392768355561e-04 6.09494959524515282e-07
 6.90000000000000000e+01 6.92999999999999972e+01 4.11538571185776603e-04 7.50922768094562532e-07
 6.92999999999999972e+01 6.95999999999999943e+01 4.08441708741806998e-04 6.01685443626826427e-07
 6.95999999999999943e+01 6.99000000000000057e+01 4.02454638197328324e-04 6.08757844986948993e-07
 6.99000000000000057e+01 7.02000000000000028e+01 3.98663673649041390e-04 6.02418486541737052e-07
 7.02000000000000028e+01 7.05000000000000000e+01 3.94381754020742942e-04 6.28405304198145424e-07
 7.05000000000000000e+01 7.07999999999999972e+01 3.90712320380619260e-04 5.87725992610787572e-07
 7.07999999999999972e+01 7.10999999999999943e+01 3.87211323388947338e-04 6.33345215872986828e-07
 7.10999999999999943e+01 7.14000000000000057e+01 3.84007395173287876e-04 5.85694273155696131e-07
 7.14000000000000057e+01 7.17000000000000028e+01 3.79677915511303409e-04 5.97937545150399972e-07
 7.17000000000000028e+01 7.20000000000000000e+01 3.76989993013029001e-04 6.22829678079505023e-07
 7.20000000000000000e+01 7.22999999999999972e+01 3.70580902405953584e-04 5.88321710412604068e-07
 7.22999999999999972e+01 7.25999999999999943e+01 3.68128440152303178e-04 5.86209125639644615e-07
 7.25999999999999943e+01 7.29000000000000057e+01 3.65955555235520161e-04 5.95480555157405440e-07
 7.29000000000000057e+01 7.32000000000000028e+01 3.62023525773291386e-04 6.13533986857891561e-07
 7.32000000000000028e+01 7.35000000000000000e+01 3.58265520319747005e-04 5.94416127096351829e-07
 7.35000000000000000e+01 7.37999999999999972e+01 3.54666093492693251e-04 5.88562519327544309e-07
 7.37999999999999972e+01 7.40999999999999943e+01 3.50884831099326333e-04 6.25316213735404081e-07
 7.40999999999999943e+01 7.44000000000000057e+01 3.48376459118345568e-04 5.95570545998611661e-07
 7.44000000000000057e+01 7.47000000000000028e+01 3.44019633444828587e-04 5.97236969516814754e-07
 7.47000000000000028e+01 7.50000000000000000e+01 3.42601426955401638e-04 6.00744463030040720e-07
 7.50000000000000000e+01 7.52999999999999972e+01 3.38327595355402918e-04 6.10957880160903595e-07
 7.52999999999999972e+01 7.55999999999999943e+01 3.33392796849072846e-04 5.73964601467974321e-07
 7.55999999999999943e+01 7.59000000000000057e+01 3.31609765693435430e-04 5.73685125994401587e-07
 7.59000000000000057e+01 7.62000000000000028e+01 3.28100804335075818e-04 5.78738589364122599e-07
 7.62000000000000028e+01 7.65000000000000000e+01 3.25351848384276604e-04 6.10353185641526365e-07
 7.65000000000000000e+01 7.67999999999999972e+01 3.22265923138313423e-04 6.58285671095513679e-07
 7.67999999999999972e+01 7.70999999999999943e+01 3.18396028699573350e-04 5.57238654535940794e-07
 7.70999999999999943e+01 7.74000000000000057e+01 3.15852851408096136e-04 5.91800629091550653e-07
 7.74000000000000057e+01 7.77000000000000028e+01 3.12468817963734008e-04 5.88910829622481112e-07
 7.77000000000000028e+01 7.80000000000000000e+01 3.10360437526427065e-04 5.67358070448790778e-07
 7.80000000000000000e+01 7.82999999999999972e+01 3.07356489214610556e-04 5.65530116581007327e-07
 7.82999999999999972e+01 7.85999999999999943e+01 3.03267044709452634e-04 6.35802323998610312e-07
 7.85999999999999943e+01 7.89000000000000057e+01 3.01081411026384016e-04 6.50772604601549795e-07
 7.89000000000000057e+01 7.92000000000000028e+01 2.98607529871827563e-04 6.48544652577565188e-07
 7.92000000000000028e+01 7.95000000000000000e+01 2.96450776643413069e-04 7.17466623336610004e-07
 7.95000000000000000e+01 7.97999999999999972e+01 2.92911200979435976e-04 5.62676022687939489e-07
 7.97999999999999972e+01 8.00999999999999943e+01 2.91163579439850150e-04 5.69348014021788647e-07
 8.00999999999999943e+01 8.04000000000000057e+01 2.88660956936597607e-04 5.60512121970391013e-07
 8.04000000000000057e+01 8.07000000000000028e+01 2.84817678333260853e-04 5.83573080842381340e-07
 8.07000000000000028e+01 8.10000000000000000e+01 2.82032915366300647e-04 5.56903934388647615e-07
 8.10000000000000000e+01 8.12999999999999972e+01 2.78452914148086814e-04 5.35392933477011240e-07
 8.12999999999999972e+01 8.15999999999999943e+01 2.78359760671310062e-04 5.74299925739098391e-07
 8.15999999999999943e+01 8.19000000000000057e+01 2.74899720761319171e-04 5.56497330300209165e-07
 8.19000000000000057e+01 8.22000000000000028e+01 2.72511114597356419e-04 6.07400513417527905e-07
 8.22000000000000028e+01 8.25000000000000000e+01 2.70605085316895410e-04 5.77407383915864290e-07
 8.25000000000000000e+01 8.27999999999999972e+01 2.67811564375954514e-04 5.68869483693124852e-07
 8.27999999999999972e+01 8.30999999999999943e+01 2.65450259126363245e-04 5.49734248403594408e-07
 8.30999999999999943e+01 8.34000000000000057e+01 2.63864858603860203e-04 6.20206208880475160e-07
 8.34000000000000057e+01 8.37000000000000028e+01 2.60292405572911864e-04 5.41764634585599064e-07
 8.37000000000000028e+01 8.40000000000000000e+01 2.57778555135239112e-04 5.32682971480859287e-07
 8.40000000000000000e+01 8.42999999999999972e+01 2.56751491098116704e-04 6.16390470226144231e-07
 8.42999999999999972e+01 8.45999999999999943e+01 2.54275662580465849e-04 5.71583994542569412e-07
 8.45999999999999943e+01 8.49000000000000057e+01 2.51835474815356849e-04 5.44520647288836831e-07
 8.49000000000000057e+01 8.52000000000000028e+01 2.49025666536866060e-04 5.30337596737177999e-07
 8.52000000000000028e+01 8.55000000000000000e+01 2.48120776256563209e-04 1.10090579252767713e-06
 8.55000000000000000e+01 8.57999999999999972e+01 2.45138323284278792e-04 5.35988182553190276e-07
 8.57999999999999972e+01 8.60999999999999943e+01 2.42343432168510214e-04 5.60003717039149938e-07
 8.60999999999999943e+01 8.64000000000000057e+01 2.41658495728671772e-04 5.50719691062413558e-07
 8.64000000000000057e+01 8.67000000000000028e+01 2.39779219483840197e-04 5.65954865216560306e-07
 8.67000000000000028e+01 8.70000000000000000e+01 2.37282773583354746e-04 6.37833032235840470e-07
 8.70000000000000000e+01 8.72999999999999972e+01 2.34819175508567439e-04 5.54951607914107881e-07
 8.72999999999999972e+01 8.75999999999999943e+01 2.33260236052083234e-04 5.48130341079371690e-07
 8.75999999999999943e+01 8.79000000000000057e+01 2.31761229061736625e-04 6.28619152375079233e-07
 8.79000000000000057e+01 8.82000000000000028e+01 2.28497336952425113e-04 5.34084489170324727e-07
 8.82000000000000028e+01 8.85000000000000000e+01 2.28832184505830990e-04 5.97001985319406132e-07
 8.85000000000000000e+01 8.87999999999999972e+01 2.24967305774973852e-04 5.27143717896102073e-07
 8.87999999999999972e+01 8.90999999999999943e+01 2.22666966494839834e-04 5.50349688478302652e-07
 8.90999999999999943e+01 8.94000000000000057e+01 2.21554886245374640e-04 5.51129929105630454e-07
 8.94000000000000057e+01 8.97000000000000028e+01 2.18526220430879280e-04 5.20205243201765127e-07
 8.97000000000000028e+01 9.00000000000000000e+01 2.17630860034862976e-04 5.70447684454315166e-07
 9.00000000000000000e+01 9.02999999999999972e+01 2.15003716376173186e-04 5.54117454019565631e-07
 9.02999999999999972e+01 9.05999999999999943e+01 2.12912898131495984e-04 5.15984071934029838e-07
 9.05999999999999943e+01 9.09000000000000057e+01 2.12086539685533298e-04 5.38772373236129259e-07
 9.09000000000000057e+01 9.12000000000000028e+01 2.10263485032406738e-04 5.65963064637430003e-07
 9.12000000000000028e+01 9.15000000000000000e+01 2.09431596744393667e-04 5.88673387416243102e-07
 9.15000000000000000e+01 9.17999999999999972e+01 2.06045446576775935e-04 5.44255773823842664e-07
 9.17999999999999972e+01 9.20999999999999943e+01 2.04148015624575226e-04 5.36664747037768991e-07
 9.20999999999999943e+01 9.24000000000000057e+01 2.04225289811292928e-04 5.73965024815228236e-07
 9.24000000000000057e+01 9.27000000000000028e+01 2.00993662674661894e-04 5.59482645923409528e-07
 9.27000000000000028e+01 9.30000000000000000e+01 1.99483910066964253e-04 5.12346724704346998e-07
 9.30000000000000000e+01 9.32999999999999972e+01 1.98218437987295011e-04 5.26124971218568364e-07
 9.32999999999999972e+01 9.35999999999999943e+01 1.96534509014093867e-04 5.28346132999928046e-07
 9.35999999999999943e+01 9.39000000000000057e+01 1.94885961407939670e-04 5.36755839132406487e-07
 9.39000000000000057e+01 9.42000000000000028e+01 1.93018981106542729e-04 5.34560692065447972e-07
 9.42000000000000028e+01 9.45000000000000000e+01 1.92130162455396349e-04 5.29875518707279629e-07
 9.45000000000000000e+01 9.47999999999999972e+01 1.89512656246622877e-04 5.16999938633418409e-07
 9.47999999999999972e+01 9.50999999999999943e+01 1.88063185599045903e-04 5.22442801756554907e-07
 9.50999999999999943e+01 9.54000000000000057e+01 1.87138670217793830e-04 5.85605307694478433e-07
 9.54000000000000057e+01 9.57000000000000028e+01 1.86747490743988028e-04 5.61245410199836671e-07
 9.57000000000000028e+01 9.60000000000000000e+01 1.84811955401131258e-04 5.36970973416033632e-07
 9.60000000000000000e+01 9.62999999999999972e+01 1.83223625878596716e-04 5.35087530081511194e-07
 9.62999999999999972e+01 9.65999999999999943e+01 1.81117769590778346e-04 5.13568020431710223e-07
 9.65999999999999943e+01 9.69000000000000057e+01 1.79024706358303268e-04 5.11900037808940234e-07
 9.69000000000000057e+01 9.72000000000000028e+01 1.77676194794881408e-04 5.14853369066715147e-07
 9.72000000000000028e+01 9.75000000000000000e+01 1.76859868397032094e-04 5.21478694691401028e-07
 9.75000000000000000e+01 9.77999999999999972e+01 1.75414784049935692e-04 5.43316391785442649e-07
 9.77999999999999972e+01 9.80999999999999943e+01 1.74093920477698703e-04 5.28565055243824452e-07
 9.80999999999999943e+01 9.84000000000000057e+01 1.72563285395725344e-04 5.05236346326241168e-07
 9.84000000000000057e+01 9.87000000000000028e+01 1.72611618458231707e-04 7.25374088841928828e-07
 9.87000000000000028e+01 9.90000000000000000e+01 1.70033135722413712e-04 5.13142013936637966e-07
 9.90000000000000000e+01 9.92999999999999972e+01 1.68921701320179655e-04 5.83616969541175753e-07
 9.92999999999999972e+01 9.95999999999999943e+01 1.67429290465721841e-04 5.19626890674415993e-07
 9.95999999999999943e+01 9.99000000000000057e+01 1.65084686742184651e-04 4.84743812817088740e-07
 9.99000000000000057e+01 1.00200000000000003e+02 1.63844174513410299e-04 4.95306930798425208e-07
 1.00200000000000003e+02 1.00500000000000000e+02 1.63359978026743325e-04 5.05530524906096921e-07
 1.00500000000000000e+02 1.00799999999999997e+02 1.63203052888941520e-04 5.45971745831542238e-07
 1.00799999999999997e+02 1.01099999999999994e+02 1.61812402199598687e-04 8.59672502696952147e-07
 1.01099999999999994e+02 1.01400000000000006e+02 1.59189884952404498e-04 5.05142677533267861e-07
 1.01400000000000006e+02 1.01700000000000003e+02 1.58070981911575658e-04 5.19294907246170432e-07
 1.01700000000000003e+02 1.02000000000000000e+02 1.56494255098432283e-04 5.97835744049534359e-07
 1.02000000000000000e+02 1.02299999999999997e+02 1.56451891108347915e-04 5.36399437096020219e-07
 1.02299999999999997e+02 1.02599999999999994e+02 1.54491537402377924e-04 7.06912684792491772e-07
 1.02599999999999994e+02 1.02900000000000006e+02 1.53288167231761140e-04 5.08370892608475275e-07
 1.02900000000000006e+02 1.03200000000000003e+02 1.52734604279101873e-04 5.24295866253961695e-07
 1.03200000000000003e+02 1.03500000000000000e+02 1.51094185271024976e-04 4.89347895566070966e-07
 1.03500000000000000e+02 1.03799999999999997e+02 1.49796176580065484e-04 5.02268800120342787e-07
 1.03799999999999997e+02 1.04099999999999994e+02 1.47824085453936746e-04 4.74884471301223068e-07
 1.04099999999999994e+02 1.04400000000000006e+02 1.48124319209129961e-04 5.23808967113663128e-07
 1.04400000000000006e+02 1.04700000000000003e+02 1.46456923526465963e-04 4.90839295016777767e-07
 1.04700000000000003e+02 1.05000000000000000e+02 1.43784544300660171e-04 4.92220450368410404e-07
 1.05000000000000000e+02 1.05299999999999997e+02 1.43267327799877041e-04 4.88539977544043043e-07
 1.05299999999999997e+02 1.05599999999999994e+02 1.41855009471122457e-04 4.93121001260833250e-07
 1.05599999999999994e+02 1.05900000000000006e+02 1.41476193281077340e-04 5.35415264398490235e-07
 1.05900000000000006e+02 1.06200000000000003e+02 1.40654841596500862e-04 5.16060139431171274e-07
 1.06200000000000003e+02 1.06500000000000000e+02 1.39668644614531558e-04 4.87234112123773897e-07
 1.06500000000000000e+02 1.06799999999999997e+02 1.38044396407307893e-04 4.77824849388091584e-07
 1.06799999999999997e+02 1.07099999999999994e+02 1.37991526787071905e-04 5.11647018661004065e-07
 1.07099999999999994e+02 1.07400000000000006e+02 1.37006771528371907e-04 4.91442124060821929e-07
 1.07400000000000006e+02 1.07700000000000003e+02 1.36105800624449793e-04 5.17665731131485376e-07
 1.07700000000000003e+02 1.08000000000000000e+02 1.34498146828007745e-04 4.88449675504608492e-07
 1.08000000000000000e+02 1.08299999999999997e+02 1.33367780102487286e-04 4.79551850296081813e-07
 1.08299999999999997e+02 1.08599999999999994e+02 1.32811951993721037e-04 4.90429441009019699e-07
 1.08599999999999994e+02 1.08900000000000006e+02 1.31874347015378839e-04 4.77179489099736106e-07
 1.08900000000000006e+02 1.09200000000000003e+02 1.30323086351262897e-04 4.79528162102385964e-07
 1.09200000000000003e+02 1.09500000000000000e+02 1.29380907451689378e-04 4.84156603661558647e-07
 1.09500000000000000e+02 1.09799999999999997e+02 1.27908626146853017e-04 5.02611305293571979e-07
 1.09799999999999997e+02 1.10099999999999994e+02 1.26794846539647578e-04 4.71537134759564492e-07
 1.10099999999999994e+02 1.10400000000000006e+02 1.27091493513277058e-04 4.85649562880830578e-07
 1.10400000000000006e+02 1.10700000000000003e+02 1.24715239928408996e-04 4.76218203968315100e-07
 1.10700000000000003e+02 1.11000000000000000e+02 1.24491563884549606e-04 4.77678318634312282e-07
 1.11000000000000000e+02 1.11299999999999997e+02 1.23748504816287671e-04 4.87615270814472699e-07
 1.11299999999999997e+02 1.11599999999999994e+02 1.23259249932536845e-04 7.80478929393894769e-07
 1.11599999999999994e+02 1.11900000000000006e+02 1.22137565269652402e-04 5.22198111092284962e-07
 1.11900000000000006e+02 1.12200000000000003e+02 1.21114972115076837e-04 4.93503544566003678e-07
 1.12200000000000003e+02 1.12500000000000000e+02 1.18726032713797493e-04 4.61515860274723632e-07
 1.12500000000000000e+02 1.12799999999999997e+02 1.19250111485608626e-04 5.10658357528530524e-07
 1.12799999999999997e+02 1.13099999999999994e+02 1.18646661131015347e-04 4.88609325418995772e-07
 1.13099999999999994e+02 1.13400000000000006e+02 1.17478440413328476e-04 4.88338103154847355e-07
 1.13400000000000006e+02 1.13700000000000003e+02 1.16914405917327107e-04 4.87044898093935403e-07
 1.13700000000000003e+02 1.14000000000000000e+02 1.15458245459432570e-04 4.71673811642863485e-07
 1.14000000000000000e+02 1.14299999999999997e+02 1.15190862042555435e-04 5.10900009434481615e-07
 1.14299999999999997e+02 1.14599999999999994e+02 1.13294774728670407e-04 4.67705069367030921e-07
 1.14599999999999994e+02 1.14900000000000006e+02 1.13924117584084615e-04 5.82299384706300126e-07
 1.14900000000000006e+02 1.15200000000000003e+02 1.11917843899873477e-04 5.08438104908151374e-07
 1.15200000000000003e+02 1.15500000000000000e+02 1.10596058575231562e-04 4.80632641305208452e-07
 1.15500000000000000e+02 1.15799999999999997e+02 1.10264764297305403e-04 4.67551461378991267e-07
 1.15799999999999997e+02 1.16099999999999994e+02 1.09594853356537921e-04 4.66589776513482258e-07
 1.16099999999999994e+02 1.16400000000000006e+02 1.08652883053379052e-04 4.77725084130835712e-07
 1.16400000000000006e+02 1.16700000000000003e+02 1.08211798862049480e-04 4.70585541415557651e-07
 1.16700000000000003e+02 1.17000000000000000e+02 1.07310955898400054e-04 4.77033021284776478e-07
 1.17000000000000000e+02 1.17299999999999997e+02 1.06306378391379368e-04 4.86619716984540886e-07
 1.17299999999999997e+02 1.17599999999999994e+02 1.05409562123206252e-04 5.02829888565586002e-07
 1.17599999999999994e+02 1.17900000000000006e+02 1.04658716985930764e-04 6.00513850939521175e-07
 1.17900000000000006e+02 1.18200000000000003e+02 1.03949424504079759e-04 5.07634348576262133e-07
 1.18200000000000003e+02 1.18500000000000000e+02 1.03451898558140284e-04 5.11834204838128303e-07
 1.18500000000000000e+02 1.18799999999999997e+02 1.02911960719517562e-04 5.32815679661613966e-07
 1.18799999999999997e+02 1.19099999999999994e+02 1.01548060473041773e-04 4.82765875616502601e-07
 1.19099999999999994e+02 1.19400000000000006e+02 1.00669681101329966e-04 4.68751914910945732e-07
 1.19400000000000006e+02 1.19700000000000003e+02 9.88409304856471734e-05 4.64838413929216358e-07
 1.19700000000000003e+02 1.20000000000000000e+02 9.96090022273733841e-05 4.74493766506775430e-07
 1.20000000000000000e+02 1.20299999999999997e+02 9.88080955810660856e-05 4.67632469397206646e-07
 1.20299999999999997e+02 1.20599999999999994e+02 9.79884263910252550e-05 5.05894485987941328e-07
 1.20599999999999994e+02 1.20900000000000006e+02 9.68909876184641716e-05 4.75116190495183539e-07
 1.20900000000000006e+02 1.21200000000000003e+02 9.66644294188311227e-05 4.56321300268042468e-07
 1.21200000000000003e+02 1.21500000000000000e+02 9.55888503023939864e-05 4.96630336751421955e-07
 1.21500000000000000e+02 1.21799999999999997e+02 9.41775524628573252e-05 4.61528745307715136e-07
 1.21799999999999997e+02 1.22099999999999994e+02 9.50099507826283261e-05 5.10191579857407885e-07
 1.22099999999999994e+02 1.22400000000000006e+02 9.38501261703884453e-05 4.67420252329819860e-07
 1.22400000000000006e+02 1.22700000000000003e+02 9.26093818135169812e-05 4.65912152581631418e-07
 1.22700000000000003e+02 1.23000000000000000e+02 9.25009920049229206e-05 4.78830399561316159e-07
 1.23000000000000000e+02 1.23299999999999997e+02 9.19262783079862221e-05 5.30163391105607535e-07
 1.23299999999999997e+02 1.23599999999999994e+02 9.19924635572079419e-05 6.90334379128225189e-07
 1.23599999999999994e+02 1.23900000000000006e+02 9.02062799453879260e-05 5.52234912566886852e-07
 1.23900000000000006e+02 1.24200000000000003e+02 8.89929212141877412e-05 4.92010482805933980e-07
 1.24200000000000003e+02 1.24500000000000000e+02 8.80435702270725346e-05 4.55231257245937486e-07
 1.24500000000000000e+02 1.24799999999999997e+02 8.82739055329254449e-05 4.74457321971181188e-07
 1.24799999999999997e+02 1.25099999999999994e+02 8.75656065757867433e-05 4.75371572810546301e-07
 1.25099999999999994e+02 1.25400000000000006e+02 8.65718030759913897e-05 4.67984552466777762e-07
 1.25400000000000006e+02 1.25700000000000003e+02 8.64228796960823161e-05 5.07197413804060664e-07
 1.25700000000000003e+02 1.26000000000000000e+02 8.58805433012389970e-05 5.38224938281601639e-07
 1.26000000000000000e+02 1.26299999999999997e+02 8.54881074110051581e-05 4.95494848982352187e-07
 1.26299999999999997e+02 1.26599999999999994e+02 8.40207606658244487e-05 5.19506924752864784e-07
 1.26599999999999994e+02 1.26900000000000006e+02 8.36163571111592815e-05 5.33080470596496395e-07
 1.26900000000000006e+02 1.27200000000000003e+02 8.21503896900127801e-05 4.77813468304554239e-07
 1.27200000000000003e+02 1.27500000000000000e+02 8.24678414420253588e-05 4.95765019924203719e-07
 1.27500000000000000e+02 1.27799999999999997e+02 8.18443727638685169e-05 4.83708449446063293e-07
 1.27799999999999997e+02 1.28099999999999994e+02 8.13493666839617147e-05 5.71525864119812984e-07
 1.28099999999999994e+02 1.28400000000000006e+02 8.02904415560452866e-05 4.66498420191142713e-07
 1.28400000000000006e+02 1.28699999999999989e+02 7.95189235274721681e-05 4.60366721413107394e-07
 1.28699999999999989e+02 1.29000000000000000e+02 7.80398473695813387e-05 4.63931152695374923e-07
 1.29000000000000000e+02 1.29300000000000011e+02 7.89152588213036353e-05 5.63284900919724189e-07
 1.29300000000000011e+02 1.29599999999999994e+02 7.86813446988711998e-05 4.80883833969036327e-07
 1.29599999999999994e+02 1.29900000000000006e+02 7.72670745665149405e-05 5.06819840511453671e-07
 1.29900000000000006e+02 1.30199999999999989e+02 7.57467104242276679e-05 4.67961199814987068e-07
 1.30199999999999989e+02 1.30500000000000000e+02 7.63995538203341275e-05 4.83476223164735569e-07
 1.30500000000000000e+02 1.30800000000000011e+02 7.56550846631716894e-05 4.68119321826860763e-07
 1.30800000000000011e+02 1.31099999999999994e+02 7.57159584822220604e-05 4.99206224966819972e-07
 1.31099999999999994e+02 1.31400000000000006e+02 7.44369793761427966e-05 5.06767692782642637e-07
 1.31400000000000006e+02 1.31699999999999989e+02 7.38598283047985554e-05 4.85553936849748681e-07
 1.31699999999999989e+02 1.32000000000000000e+02 7.36620412579317232e-05 5.06631073757425443e-07
 1.32000000000000000e+02 1.32300000000000011e+02 7.21644041270087219e-05 5.25803540648984402e-07
 1.32300000000000011e+02 1.32599999999999994e+02 7.24630958307754988e-05 4.80843413527700523e-07
 1.32599999999999994e+02 1.32900000000000006e+02 7.11655408953779941e-05 5.17036345381744626e-07
 1.32900000000000006e+02 1.33199999999999989e+02 6.99403901431264213e-05 4.57875373038367911e-07
 1.33199999999999989e+02 1.33500000000000000e+02 7.10482648560687054e-05 6.08444059229940879e-07
 1.33500000000000000e+02 1.33800000000000011e+02 6.98054800861428235e-05 4.76509892281335537e-07
 1.33800000000000011e+02 1.34099999999999994e+02 6.86873792267097828e-05 4.74760819956478872e-07
 1.34099999999999994e+02 1.34400000000000006e+02 7.00192011914341130e-05 6.52570201628306926e-07
 1.34400000000000006e+02 1.34699999999999989e+02 6.79189019451596819e-05 4.83140379468515333e-07
 1.34699999999999989e+02 1.35000000000000000e+02 6.75654227492088433e-05 5.40176954689707455e-07
 1.35000000000000000e+02 1.35300000000000011e+02 6.62000400635035093e-05 4.62913208647591202e-07
 1.35300000000000011e+02 1.35599999999999994e+02 6.67521457445553545e-05 4.97575262531958136e-07
 1.35599999999999994e+02 1.35900000000000006e+02 6.53531492985797205e-05 4.89496542718959539e-07
 1.35900000000000006e+02 1.36199999999999989e+02 6.53912297125871931e-05 4.88654951798738449e-07
 1.36199999999999989e+02 1.36500000000000000e+02 6.47365414445246845e-05 4.59732206776040849e-07
 1.36500000000000000e+02 1.36800000000000011e+02 6.42943794976724139e-05 4.56663336512090648e-07
 1.36800000000000011e+02 1.37099999999999994e+02 6.27293401454022978e-05 4.58907808175447060e-07
 1.37099999999999994e+02 1.37400000000000006e+02 6.26922178134280763e-05 4.96714844015432836e-07
 1.37400000000000006e+02 1.37699999999999989e+02 6.18705919158694028e-05 4.76622988958937463e-07
 1.37699999999999989e+02 1.38000000000000000e+02 6.08451634316251169e-05 4.78812869260079523e-07
 1.38000000000000000e+02 1.38300000000000011e+02 6.12988356297850890e-05 7.75924623223209186e-07
 1.38300000000000011e+02 1.38599999999999994e+02 5.95204740715014825e-05 4.51749244527122489e-07
 1.38599999999999994e+02 1.38900000000000006e+02 5.92809659162410563e-05 4.58569732352439917e-07
 1.38900000000000006e+02 1.39199999999999989e+02 5.84358922428427862e-05 4.72823820608768569e-07
 1.39199999999999989e+02 1.39500000000000000e+02 5.75812947460806882e-05 4.84832814466246028e-07
 1.39500000000000000e+02 1.39800000000000011e+02 5.76597658070799658e-05 4.79195171241485132e-07
 1.39800000000000011e+02 1.40099999999999994e+02 5.65833133526091905e-05 4.57729839549121092e-07
 1.40099999999999994e+02 1.40400000000000006e+02 5.56034131447593461e-05 4.80824679459137775e-07
 1.40400000000000006e+02 1.40699999999999989e+02 5.44586843666097480e-05 4.58442483033626601e-07
 1.40699999999999989e+02 1.41000000000000000e+02 5.47896904718459180e-05 4.64638790312305721e-07
 1.41000000000000000e+02 1.41300000000000011e+02 5.30834199898725238e-05 4.40749667173822790e-07
 1.41300000000000011e+02 1.41599999999999994e+02 5.30523896071438691e-05 4.78086602045778237e-07
 1.41599999999999994e+02 1.41900000000000006e+02 5.15192471385366582e-05 4.72322733854326587e-07
 1.41900000000000006e+02 1.42199999999999989e+02 5.08544081731531931e-05 4.57966416125908311e-07
 1.42199999999999989e+02 1.42500000000000000e+02 4.93705794419871388e-05 4.13053911157889968e-07
 1.42500000000000000e+02 1.42800000000000011e+02 4.94199551089996299e-05 4.36384296920728956e-07
 1.42800000000000011e+02 1.43099999999999994e+02 4.84976906795103971e-05 4.46629806402748027e-07
 1.43099999999999994e+02 1.43400000000000006e+02 4.71192991314970999e-05 4.03557581241733524e-07
 1.43400000000000006e+02 1.43699999999999989e+02 4.60753320333458271e-05 4.01929888946538477e-07
 1.43699999999999989e+02 1.44000000000000000e+02 4.49983476204762531e-05 5.45037767209477774e-07
 1.44000000000000000e+02 1.44300000000000011e+02 4.42447576718008880e-05 4.01615590260643641e-07
 1.44300000000000011e+02 1.44599999999999994e+02 4.34068480930091207e-05 4.10393736655332196e-07
 1.44599999999999994e+02 1.44900000000000006e+02 4.22338995961521352e-05 4.21076162281160527e-07
 1.44900000000000006e+02 1.45199999999999989e+02 4.04320064561626802e-05 4.57038775204172129e-07
 1.45199999999999989e+02 1.45500000000000000e+02 3.99195242000794569e-05 4.06899592408158204e-07
 1.45500000000000000e+02 1.45800000000000011e+02 3.85017711192188965e-05 3.85679089848989356e-07
 1.45800000000000011e+02 1.46099999999999994e+02 3.77569171571463000e-05 3.83742723338564361e-07
 1.46099999999999994e+02 1.46400000000000006e+02 3.71349063260833974e-05 4.03360578587142446e-07
 1.46400000000000006e+02 1.46699999999999989e+02 3.59405437406848201e-05 3.67776040531780900e-07
 1.46699999999999989e+02 1.47000000000000000e+02 3.43901292018094628e-05 3.32740133075709982e-07
 1.47000000000000000e+02 1.47300000000000011e+02 3.43021030408479670e-05 3.66183419058207127e-07
 1.47300000000000011e+02 1.47599999999999994e+02 3.37996741002891108e-05 3.49777154212943341e-07
 1.47599999999999994e+02 1.47900000000000006e+02 3.26412296151795664e-05 3.32166875299853404e-07
 1.47900000000000006e+02 1.48199999999999989e+02 3.18872989914142363e-05 3.33573858549898667e-07
 1.48199999999999989e+02 1.48500000000000000e+02 3.06414914283862998e-05 3.26222111412630936e-07
 1.48500000000000000e+02 1.48800000000000011e+02 3.06889524954552723e-05 3.34876741328363944e-07
 1.48800000000000011e+02 1.49099999999999994e+02 2.99301363538082084e-05 3.25243587983580119e-07
 1.49099999999999994e+02 1.49400000000000006e+02 2.95715798927878264e-05 3.28226195041055829e-07
 1.49400000000000006e+02 1.49699999999999989e+02 2.84691429715875393e-05 3.11847572377161229e-07
 1.49699999999999989e+02 1.50000000000000000e+02 2.80046784674780761e-05 3.01060829929652554e-07
 1.50000000000000000e+02 1.50300000000000011e+02 2.77179864622245880e-05 3.16697847441189018e-07
 1.50300000000000011e+02 1.50599999999999994e+02 2.74401814031940729e-05 3.10328420916512452e-07
 1.50599999999999994e+02 1.50900000000000006e+02 2.69450888954481149e-05 3.51799539670681199e-07
 1.50900000000000006e+02 1.51199999999999989e+02 2.70019791454238570e-05 3.07694792632375571e-07
 1.51199999999999989e+02 1.51500000000000000e+02 2.60322680399783938e-05 2.89313857780205386e-07
 1.51500000000000000e+02 1.51800000000000011e+02 2.59920355676178625e-05 3.04807436620741059e-07
 1.51800000000000011e+02 1.52099999999999994e+02 2.53340835963877484e-05 4.72328536923042380e-07
 1.52099999999999994e+02 1.52400000000000006e+02 2.57056990906025785e-05 7.29127098202454718e-07
 1.52400000000000006e+02 1.52699999999999989e+02 2.45166035991285551e-05 3.37269175789938030e-07
 1.52699999999999989e+02 1.53000000000000000e+02 2.43208768261666808e-05 2.93336441168827707e-07
 1.53000000000000000e+02 1.53300000000000011e+02 2.37098829890098508e-05 3.12400710380372744e-07
 1.53300000000000011e+02 1.53599999999999994e+02 2.29833107991008754e-05 2.71301994638828524e-07
 1.53599999999999994e+02 1.53900000000000006e+02 2.29066615967441291e-05 3.01223689020785852e-07
 1.53900000000000006e+02 1.54199999999999989e+02 2.28913419444075306e-05 2.97293937888197926e-07
 1.54199999999999989e+02 1.54500000000000000e+02 2.23875341830627545e-05 2.93062757035441871e-07
 1.54500000000000000e+02 1.54800000000000011e+02 2.23475302626392733e-05 2.91102381369810416e-07
 1.54800000000000011e+02 1.55099999999999994e+02 2.20131615810946084e-05 3.47265142603098488e-07
 1.55099999999999994e+02 1.55400000000000006e+02 2.11848439217039720e-05 2.72360230681529458e-07
 1.55400000000000006e+02 1.55699999999999989e+02 2.16745248789309540e-05 2.87102592276500091e-07
 1.55699999999999989e+02 1.56000000000000000e+02 2.08346678494678878e-05 2.63426021948632633e-07
 1.56000000000000000e+02 1.56300000000000011e+02 2.08115862217874635e-05 2.78361160095973847e-07
 1.56300000000000011e+02 1.56599999999999994e+02 2.10204430857481442e-05 5.75689241067558383e-07
 1.56599999999999994e+02 1.56900000000000006e+02 2.02474541738699581e-05 2.61454622678794561e-07
 1.56900000000000006e+02 1.57199999999999989e+02 2.01941227278440720e-05 2.75498568200516514e-07
 1.57199999999999989e+02 1.57500000000000000e+02 1.96028305577355562e-05 2.52193178724777689e-07
 1.57500000000000000e+02 1.57800000000000011e+02 1.95135422179363362e-05 2.93237001986094341e-07
 1.57800000000000011e+02 1.58099999999999994e+02 1.90099189470518394e-05 2.69681178712607444e-07
 1.58099999999999994e+02 1.58400000000000006e+02 1.91465752113733405e-05 3.31247653186025761e-07
 1.58400000000000006e+02 1.58699999999999989e+02 1.85910182263908373e-05 3.34603652647291254e-07
 1.58699999999999989e+02 1.59000000000000000e+02 1.86214498148070113e-05 2.55045051620498265e-07
 1.59000000000000000e+02 1.59300000000000011e+02 1.87907705996619498e-05 2.63310076057439426e-07
 1.59300000000000011e+02 1.59599999999999994e+02 1.82320840573696303e-05 2.70251234351063503e-07
 1.59599999999999994e+02 1.59900000000000006e+02 1.81537702024226566e-05 2.51187175485727587e-07
 1.59900000000000006e+02 1.60199999999999989e+02 1.74086666663930731e-05 2.76897253860544962e-07
 1.60199999999999989e+02 1.60500000000000000e+02 1.71504653638423948e-05 2.29949889804692694e-07
 1.60500000000000000e+02 1.60800000000000011e+02 1.80814266908163994e-05 2.63775227912581327e-07
 1.60800000000000011e+02 1.61099999999999994e+02 1.73454833356232752e-05 2.42032421760735958e-07
 1.61099999999999994e+02 1.61400000000000006e+02 1.70261859607799941e-05 2.42237895033168240e-07
 1.61400000000000006e+02 1.61699999999999989e+02 1.71640805667406674e-05 2.76700140336902340e-07
 1.61699999999999989e+02 1.62000000000000000e+02 1.64866863822589430e-05 2.37727166319100884e-07
 1.62000000000000000e+02 1.62300000000000011e+02 1.63435316663791478e-05 2.29800549058225719e-07
 1.62300000000000011e+02 1.62599999999999994e+02 1.64279020227371268e-05 2.64083071240310860e-07
 1.62599999999999994e+02 1.62900000000000006e+02 1.62411370279750052e-05 2.59532533536169922e-07
 1.62900000000000006e+02 1.63199999999999989e+02 1.63987411713635353e-05 2.54561012851551381e-07
 1.63199999999999989e+02 1.63500000000000000e+02 1.61653932277515575e-05 2.43203034378350561e-07
 1.63500000000000000e+02 1.63800000000000011e+02 1.62382063439801506e-05 2.40110779237734372e-07
 1.63800000000000011e+02 1.64099999999999994e+02 1.58542299735984914e-05 2.38182334186803272e-07
 1.64099999999999994e+02 1.64400000000000006e+02 1.58435915454667181e-05 3.15856946707875238e-07
 1.64400000000000006e+02 1.64699999999999989e+02 1.59562119407536445e-05 2.47441784128496232e-07
 1.64699999999999989e+02 1.65000000000000000e+02 1.55211621535030910e-05 2.21652810646811384e-07
 1.65000000000000000e+02 1.65300000000000011e+02 1.54200732426170644e-05 2.63410520233768369e-07
 1.65300000000000011e+02 1.65599999999999994e+02 1.51745182209090652e-05 2.43185985109189207e-07
 1.65599999999999994e+02 1.65900000000000006e+02 1.51637218471207872e-05 2.22669934766947220e-07
 1.65900000000000006e+02 1.66199999999999989e+02 1.52461579708694086e-05 2.36975485104321506e-07
 1.66199999999999989e+02 1.66500000000000000e+02 1.51177798002835848e-05 2.56779267488116700e-07
 1.66500000000000000e+02 1.66800000000000011e+02 1.48682879725955400e-05 2.27621984650454672e-07
 1.66800000000000011e+02 1.67099999999999994e+02 1.48871334256621220e-05 3.72074891653816397e-07
 1.67099999999999994e+02 1.67400000000000006e+02 1.43219396516879246e-05 2.22101485469117204e-07
 1.67400000000000006e+02 1.67699999999999989e+02 1.46407015942803060e-05 2.39019398383915320e-07
 1.67699999999999989e+02 1.68000000000000000e+02 1.44294584568490071e-05 2.29994600123699971e-07
 1.68000000000000000e+02 1.68300000000000011e+02 1.45179979284897009e-05 2.70490166085536248e-07
 1.68300000000000011e+02 1.68599999999999994e+02 1.40477704462118228e-05 2.29592804090732753e-07
 1.68599999999999994e+02 1.68900000000000006e+02 1.41732923743925608e-05 2.95651254379157543e-07
 1.68900000000000006e+02 1.69199999999999989e+02 1.37942122345075397e-05 2.10721329051565355e-07
 1.69199999999999989e+02 1.69500000000000000e+02 1.41847633140909779e-05 2.50917242120428630e-07
 1.69500000000000000e+02 1.69800000000000011e+02 1.40396211478059544e-05 2.24592075644344300e-07
 1.69800000000000011e+02 1.70099999999999994e+02 1.39836105809028254e-05 2.32438434871347894e-07
 1.70099999999999994e+02 1.70400000000000006e+02 1.39417237826771460e-05 2.27246252840642808e-07
 1.70400000000000006e+02 1.70699999999999989e+02 1.37144212772710983e-05 2.11129101592341343e-07
 1.70699999999999989e+02 1.71000000000000000e+02 1.38573392121260866e-05 2.68721624159412502e-07
 1.71000000000000000e+02 1.71300000000000011e+02 1.33978649309237196e-05 2.19449455063398303e-07
 1.71300000000000011e+02 1.71599999999999994e+02 1.30814681511816159e-05 2.02970412071235639e-07
 1.71599999999999994e+02 1.71900000000000006e+02 1.31433064159514747e-05 2.20250661251452496e-07
 1.71900000000000006e+02 1.72199999999999989e+02 1.32033079909741707e-05 2.06138910747070415e-07
 1.72199999999999989e+02 1.72500000000000000e+02 1.33375786925295627e-05 2.11483907578114859e-07
 1.72500000000000000e+02 1.72800000000000011e+02 1.34044372387178855e-05 2.31602552938435137e-07
 1.72800000000000011e+02 1.73099999999999994e+02 1.30044233173992508e-05 2.12581040025397041e-07
 1.73099999999999994e+02 1.73400000000000006e+02 1.30469054893457591e-05 3.03098740724378066e-07
 1.73400000000000006e+02 1.73699999999999989e+02 1.30783916630336898e-05 2.09197418368310120e-07
 1.73699999999999989e+02 1.74000000000000000e+02 1.29382369507431830e-05 3.09170354970613435e-07
 1.74000000000000000e+02 1.74300000000000011e+02 1.27749264027942629e-05 1.99407613776174837e-07
 1.74300000000000011e+02 1.74599999999999994e+02 1.28865388385956792e-05 2.21443439417726591e-07
 1.74599999999999994e+02 1.74900000000000006e+02 1.28120793938408282e-05 2.16964806368406229e-07
 1.74900000000000006e+02 1.75199999999999989e+02 1.33906394878614655e-05 4.22881514240532871e-07
 1.75199999999999989e+02 1.75500000000000000e+02 1.32924346580605469e-05 2.56029507786225255e-07
 1.75500000000000000e+02 1.75800000000000011e+02 1.27858129081553919e-05 2.26318209238361443e-07
 1.75800000000000011e+02 1.76099999999999994e+02 1.29377928304544692e-05 2.22443801900869696e-07
 1.76099999999999994e+02 1.76400000000000006e+02 1.31694185666801449e-05 2.45795065615651428e-07
 1.76400000000000006e+02 1.76699999999999989e+02 1.28784718193057060e-05 2.23831031697745396e-07
 1.76699999999999989e+02 1.77000000000000000e+02 1.30902380397351806e-05 2.15774408721830448e-07
 1.77000000000000000e+02 1.77300000000000011e+02 1.27540702683319502e-05 2.19824858141143415e-07
 1.77300000000000011e+02 1.77599999999999994e+02 1.23692416067268699e-05 2.29891740127310337e-07
 1.77599999999999994e+02 1.77900000000000006e+02 1.25802413124888204e-05 2.33910785074162284e-07
 1.77900000000000006e+02 1.78199999999999989e+02 1.27662777676440309e-05 2.26402064165218950e-07
 1.78199999999999989e+02 1.78500000000000000e+02 1.23131453835148909e-05 2.06977525046644423e-07
 1.78500000000000000e+02 1.78800000000000011e+02 1.26737482287855980e-05 2.10534428434896668e-07
 1.78800000000000011e+02 1.79099999999999994e+02 1.21898928031206736e-05 1.96716377792196104e-07
 1.79099999999999994e+02 1.79400000000000006e+02 1.25374002222279143e-05 2.18613794638988866e-07
 1.79400000000000006e+02 1.79699999999999989e+02 1.23004976764797025e-05 2.24102968765806400e-07
 1.79699999999999989e+02 1.80000000000000000e+02 1.25389190310823193e-05 2.26245442235595531e-07

Histogram:lthav
 5.00000000000000000e+01 5.01333333333333329e+01 9.25910588097504265e-06 2.21592823264373023e-07
 5.01333333333333329e+01 5.02666666666666657e+01 2.84452360352567386e-05 3.71028321985062477e-07
 5.02666666666666657e+01 5.03999999999999986e+01 4.56234960087655613e-05 4.56536790765210557e-07
 5.03999999999999986e+01 5.05333333333333314e+01 6.39195986545420993e-05 5.47980149740374742e-07
 5.05333333333333314e+01 5.06666666666666643e+01 8.03727424918713670e-05 5.99468497735988418e-07
 5.06666666666666643e+01 5.07999999999999972e+01 9.79968097427112798e-05 6.00916148799536911e-07
 5.07999999999999972e+01 5.09333333333333300e+01 1.15341048936778843e-04 9.89600057937129422e-07
 5.09333333333333300e+01 5.10666666666666700e+01 1.32348745934579418e-04 8.42749486396789448e-07
 5.10666666666666700e+01 5.12000000000000028e+01 1.48307105877403553e-04 1.04552275991041712e-06
 5.12000000000000028e+01 5.13333333333333357e+01 1.65128548376570534e-04 8.03499692767030007e-07
 5.13333333333333357e+01 5.14666666666666686e+01 1.81096277699302195e-04 7.63840368143940015e-07
 5.14666666666666686e+01 5.16000000000000014e+01 1.95797944431766376e-04 7.55005482274884060e-07
 5.16000000000000014e+01 5.17333333333333343e+01 2.12189112145579360e-04 7.73985247986846086e-07
 5.17333333333333343e+01 5.18666666666666671e+01 2.27450308845636781e-04 8.12143565629315284e-07
 5.18666666666666671e+01 5.20000000000000000e+01 2.43028293580825941e-04 8.64145020688393265e-07
 5.20000000000000000e+01 5.21333333333333329e+01 2.59028886641519821e-04 8.98273709845766491e-07
 5.21333333333333329e+01 5.22666666666666657e+01 2.75341033676037726e-04 9.80471214202866245e-07
 5.22666666666666657e+01 5.23999999999999986e+01 2.88730539646157088e-04 9.04128409297860072e-07
 5.23999999999999986e+01 5.25333333333333314e+01 3.05919371616763711e-04 9.29386766955535228e-07
 5.25333333333333314e+01 5.26666666666666643e+01 3.19454479937519137e-04 8.63352092462004940e-07
 5.26666666666666643e+01 5.27999999999999972e+01 3.37156150735513287e-04 9.84337105221217549e-07
 5.27999999999999972e+01 5.29333333333333300e+01 3.49435687762933130e-04 1.16267583669171793e-06
 5.29333333333333300e+01 5.30666666666666700e+01 3.68328614166303116e-04 1.03000741347076946e-06
 5.30666666666666700e+01 5.32000000000000028e+01 3.84281862778505421e-04 9.88418984895399772e-07
 5.32000000000000028e+01 5.33333333333333357e+01 3.98746557591895894e-04 9.40808896714177878e-07
 5.33333333333333357e+01 5.34666666666666686e+01 4.13571977560779559e-04 2.86067253343195312e-06
 5.34666666666666686e+01 5.36000000000000014e+01 4.30247579915955510e-04 9.79291554151526944e-07
 5.36000000000000014e+01 5.37333333333333343e+01 4.46352269384495354e-04 1.05216909024042730e-06
 5.37333333333333343e+01 5.38666666666666671e+01 4.61928664678526912e-04 1.00661225507979909e-06
 5.38666666666666671e+01 5.40000000000000000e+01 4.75040355082269555e-04 1.02887444842942841e-06
 5.40000000000000000e+01 5.41333333333333329e+01 4.92306164548611796e-04 1.04147918226859349e-06
 5.41333333333333329e+01 5.42666666666666657e+01 5.07082671072485946e-04 1.14256980902623593e-06
 5.42666666666666657e+01 5.43999999999999986e+01 5.20879468499525007e-04 1.00720809289525156e-06
 5.43999999999999986e+01 5.45333333333333314e+01 5.39491974394624031e-04 1.18961850557009628e-06
 5.45333333333333314e+01 5.46666666666666643e+01 5.51497360756478586e-04 1.09351830435396311e-06
 5.46666666666666643e+01 5.47999999999999972e+01 5.68975669688639605e-04 1.18685450526727452e-06
 5.47999999999999972e+01 5.49333333333333371e+01 5.84582947943661007e-04 1.31285224618673493e-06
 5.49333333333333371e+01 5.50666666666666629e+01 6.00467221138402765e-04 1.35931785559184937e-06
 5.50666666666666629e+01 5.52000000000000028e+01 6.14429624455940511e-04 1.16587491735991520e-06
 5.52000000000000028e+01 5.53333333333333357e+01 6.29305586746555347e-04 1.17091962005015971e-06
 5.53333333333333357e+01 5.54666666666666686e+01 6.43020187856367513e-04 1.11539904055331756e-06
 5.54666666666666686e+01 5.56000000000000014e+01 6.58709197761614320e-04 1.13096752718462025e-06
 5.56000000000000014e+01 5.57333333333333343e+01 6.72577894257000855e-04 1.09223236831146100e-06
 5.57333333333333343e+01 5.58666666666666671e+01 6.89918405996874876e-04 1.18760663340547159e-06
 5.58666666666666671e+01 5.60000000000000000e+01 7.06221517083384723e-04 1.15225725366422122e-06
 5.60000000000000000e+01 5.61333333333333329e+01 7.19955267348339309e-04 1.23839383760189532e-06
 5.61333333333333329e+01 5.62666666666666657e+01 7.33668656551467418e-04 1.20350740440501872e-06
 5.62666666666666657e+01 5.63999999999999986e+01 7.50983015566611682e-04 1.29744972585250152e-06
 5.63999999999999986e+01 5.65333333333333314e+01 7.62031870552913322e-04 1.21352286085165820e-06
 5.65333333333333314e+01 5.66666666666666643e+01 7.77199253742983450e-04 1.28655259907153108e-06
 5.66666666666666643e+01 5.67999999999999972e+01 7.92245504935674342e-04 1.22530567560469310e-06
 5.67999999999999972e+01 5.69333333333333371e+01 8.05156020817162027e-04 1.28836861894382521e-06
 5.69333333333333371e+01 5.70666666666666629e+01 8.19860775057202934e-04 1.15295580804996098e-06
 5.70666666666666629e+01 5.72000000000000028e+01 8.37353075206435579e-04 1.43445946696917564e-06
 5.72000000000000028e+01 5.73333333333333357e+01 8.49295544208077276e-04 1.19013510660367077e-06
 5.73333333333333357e+01 5.74666666666666686e+01 8.64990658644421389e-04 1.29197275977580790e-06
 5.74666666666666686e+01 5.76000000000000014e+01 8.78296900352103292e-04 1.18153204246393944e-06
 5.76000000000000014e+01 5.77333333333333343e+01 8.92586721359866922e-04 1.24973064962475200e-06
 5.77333333333333343e+01 5.78666666666666671e+01 9.08150061489301319e-04 1.21902351711435513e-06
 5.78666666666666671e+01 5.80000000000000000e+01 9.21651902604842324e-04 1.19894818782311386e-06
 5.80000000000000000e+01 5.81333333333333329e+01 9.37405298101625078e-04 1.23685791994595570e-06
 5.81333333333333329e+01 5.82666666666666657e+01 9.52529841084010843e-04 1.27627480559538681e-06
 5.82666666666666657e+01 5.83999999999999986e+01 9.65518839138376252e-04 1.29357468859919287e-06
 5.83999999999999986e+01 5.85333333333333314e+01 9.78926601144087171e-04 1.23403198580515780e-06
 5.85333333333333314e+01 5.86666666666666643e+01 9.93508346560919003e-04 1.21057009335905487e-06
 5.86666666666666643e+01 5.87999999999999972e+01 1.01082054034305432e-03 1.46588331767826328e-06
 5.87999999999999972e+01 5.89333333333333371e+01 1.02544604027544873e-03 1.31033940083440809e-06
 5.89333333333333371e+01 5.90666666666666629e+01 1.04164463536524001e-03 1.78238767275361542e-06
 5.90666666666666629e+01 5.92000000000000028e+01 1.05297818296247285e-03 1.27763661101105228e-06
 5.92000000000000028e+01 5.93333333333333357e+01 1.06787586945943352e-03 1.28868221943307865e-06
 5.93333333333333357e+01 5.94666666666666686e+01 1.08158028157229451e-03 1.25789584264639796e-06
 5.94666666666666686e+01 5.96000000000000014e+01 1.09833854128010269e-03 1.25770271978817227e-06
 5.96000000000000014e+01 5.97333333333333343e+01 1.11493246019572149e-03 1.35350736408696219e-06
 5.97333333333333343e+01 5.98666666666666671e+01 1.12981896072690351e-03 1.32975092165666537e-06
 5.98666666666666671e+01 6.00000000000000000e+01 1.14429293703762294e-03 1.35391859468559818e-06
 6.00000000000000000e+01 6.01333333333333329e+01 1.16109259569093328e-03 1.38801081826937930e-06
 6.01333333333333329e+01 6.02666666666666657e+01 1.17385735410879344e-03 1.31518417592630295e-06
 6.02666666666666657e+01 6.03999999999999986e+01 1.18921557229558004e-03 1.38628676169008358e-06
 6.03999999999999986e+01 6.05333333333333314e+01 1.20559270233705474e-03 1.52377487769229925e-06
 6.05333333333333314e+01 6.06666666666666643e+01 1.22124078651170945e-03 2.22863253748625907e-06
 6.06666666666666643e+01 6.07999999999999972e+01 1.23342920297481303e-03 1.36670225581283209e-06
 6.07999999999999972e+01 6.09333333333333371e+01 1.25253126425710240e-03 1.44327823915713473e-06
 6.09333333333333371e+01 6.10666666666666629e+01 1.26466396781027817e-03 1.41343339438041171e-06
 6.10666666666666629e+01 6.12000000000000028e+01 1.28251768433025712e-03 1.38445723638105993e-06
 6.12000000000000028e+01 6.13333333333333357e+01 1.29515362771604500e-03 1.35960126621597414e-06
 6.13333333333333357e+01 6.14666666666666686e+01 1.31200117056717229e-03 1.40676414461809305e-06
 6.14666666666666686e+01 6.16000000000000014e+01 1.32721721564626766e-03 1.45718998068579691e-06
 6.16000000000000014e+01 6.17333333333333343e+01 1.34351181600075257e-03 3.31878309625430214e-06
 6.17333333333333343e+01 6.18666666666666671e+01 1.35846006357085076e-03 1.53895674624381421e-06
 6.18666666666666671e+01 6.20000000000000000e+01 1.37678439587011234e-03 1.69109524302917774e-06
 6.20000000000000000e+01 6.21333333333333329e+01 1.39349748634781754e-03 1.40918815367631907e-06
 6.21333333333333329e+01 6.22666666666666657e+01 1.40589753956677312e-03 1.58199590384748412e-06
 6.22666666666666657e+01 6.23999999999999986e+01 1.42231634123767057e-03 1.92373930756706851e-06
 6.23999999999999986e+01 6.25333333333333314e+01 1.43892553076775871e-03 1.51578327944950934e-06
 6.25333333333333314e+01 6.26666666666666643e+01 1.45243209131885355e-03 1.43691918717187230e-06
 6.26666666666666643e+01 6.27999999999999972e+01 1.47166720017935515e-03 1.50075525300686296e-06
 6.27999999999999972e+01 6.29333333333333371e+01 1.48881218252336312e-03 1.59099765617714282e-06
 6.29333333333333371e+01 6.30666666666666629e+01 1.50212731934594164e-03 1.61317998415518373e-06
 6.30666666666666629e+01 6.32000000000000028e+01 1.51991237494913554e-03 1.58109861284062836e-06
 6.32000000000000028e+01 6.33333333333333357e+01 1.53122583227845296e-03 1.49006890218668139e-06
 6.33333333333333357e+01 6.34666666666666686e+01 1.55274588479477186e-03 1.51139309635020068e-06
 6.34666666666666686e+01 6.36000000000000014e+01 1.56998800202791887e-03 1.59529599715883200e-06
 6.36000000000000014e+01 6.37333333333333343e+01 1.58375547096351000e-03 1.48671841690241322e-06
 6.37333333333333343e+01 6.38666666666666671e+01 1.60041527299215882e-03 1.54009977914358439e-06
 6.38666666666666671e+01 6.40000000000000000e+01 1.61799875757065535e-03 1.67985730955597764e-06
 6.40000000000000000e+01 6.41333333333333258e+01 1.63130377409222930e-03 1.48635210810520021e-06
 6.41333333333333258e+01 6.42666666666666657e+01 1.64786308529164404e-03 1.53055993775035435e-06
 6.42666666666666657e+01 6.44000000000000057e+01 1.66736588791252787e-03 1.54116394339749999e-06
 6.44000000000000057e+01 6.45333333333333314e+01 1.68577464379813472e-03 1.65895821656745783e-06
 6.45333333333333314e+01 6.46666666666666714e+01 1.70174353137304271e-03 1.59486192795251780e-06
 6.46666666666666714e+01 6.47999999999999972e+01 1.71484789852858316e-03 1.53814992640586430e-06
 6.47999999999999972e+01 6.49333333333333371e+01 1.73633848958691249e-03 1.63198651621224529e-06
 6.49333333333333371e+01 6.50666666666666629e+01 1.75177823771092197e-03 1.91906398710738587e-06
 6.50666666666666629e+01 6.52000000000000028e+01 1.76757684944431315e-03 1.69524810754777748e-06
 6.52000000000000028e+01 6.53333333333333286e+01 1.78708147717465183e-03 1.71741015083077017e-06
 6.53333333333333286e+01 6.54666666666666686e+01 1.80313992393230484e-03 1.66424648252246955e-06
 6.54666666666666686e+01 6.55999999999999943e+01 1.81698481006599562e-03 1.58785713841933809e-06
 6.55999999999999943e+01 6.57333333333333343e+01 1.83268643710959010e-03 1.60372906241743114e-06
 6.57333333333333343e+01 6.58666666666666742e+01 1.85577818734403437e-03 1.65440038630525767e-06
 6.58666666666666742e+01 6.60000000000000000e+01 1.86979641425949537e-03 1.68519206161856897e-06
 6.60000000000000000e+01 6.61333333333333258e+01 1.88963912369066950e-03 1.68499112314637243e-06
 6.61333333333333258e+01 6.62666666666666657e+01 1.90366397057434235e-03 1.65763820737314747e-06
 6.62666666666666657e+01 6.64000000000000057e+01 1.92093687671619513e-03 1.60748058626195526e-06
 6.64000000000000057e+01 6.65333333333333314e+01 1.93991596055350301e-03 1.77585061253781680e-06
 6.65333333333333314e+01 6.66666666666666714e+01 1.95687805504382237e-03 1.70544419925141583e-06
 6.66666666666666714e+01 6.67999999999999972e+01 1.97369456128518089e-03 1.70004887002926992e-06
 6.67999999999999972e+01 6.69333333333333371e+01 1.98950206393713356e-03 1.76921096521574755e-06
 6.69333333333333371e+01 6.70666666666666629e+01 2.01074452934913144e-03 1.76872141560393658e-06
 6.70666666666666629e+01 6.72000000000000028e+01 2.02682437548870348e-03 1.71911917539149987e-06
 6.72000000000000028e+01 6.73333333333333286e+01 2.04322100830800751e-03 1.77647120591262792e-06
 6.73333333333333286e+01 6.74666666666666686e+01 2.06052213754361882e-03 1.85689711388599664e-06
 6.74666666666666686e+01 6.75999999999999943e+01 2.07713705604222441e-03 1.74697487324675465e-06
 6.75999999999999943e+01 6.77333333333333343e+01 2.09766164805419951e-03 1.74156204045713852e-06
 6.77333333333333343e+01 6.78666666666666742e+01 2.11555911445817420e-03 2.18135496449167223e-06
 6.78666666666666742e+01 6.80000000000000000e+01 2.13188288741603549e-03 1.80433084206287811e-06
 6.80000000000000000e+01 6.81333333333333258e+01 2.15501413096407012e-03 4.23650709488845086e-06
 6.81333333333333258e+01 6.82666666666666657e+01 2.16742515187870206e-03 1.80166927315714840e-06
 6.82666666666666657e+01 6.84000000000000057e+01 2.18743009187392532e-03 1.84891572582741499e-06
 6.84000000000000057e+01 6.85333333333333314e+01 2.20530908261128795e-03 1.85719390552622515e-06
 6.85333333333333314e+01 6.86666666666666714e+01 2.22070408633335018e-03 2.00653457102405014e-06
 6.86666666666666714e+01 6.87999999999999972e+01 2.24042074091707196e-03 1.85935043646776900e-06
 6.87999999999999972e+01 6.89333333333333371e+01 2.25701878676277468e-03 1.81883095875410213e-06
 6.89333333333333371e+01 6.90666666666666629e+01 2.28111677991711323e-03 2.03583786616184765e-06
 6.90666666666666629e+01 6.92000000000000028e+01 2.29245380779964517e-03 1.97989879401619438e-06
 6.92000000000000028e+01 6.93333333333333286e+01 2.31216521158853546e-03 1.85941544830219644e-06
 6.93333333333333286e+01 6.94666666666666686e+01 2.32775016791096894e-03 1.96045955097268026e-06
 6.94666666666666686e+01 6.95999999999999943e+01 2.34980565568604057e-03 1.99712026891731355e-06
 6.95999999999999943e+01 6.97333333333333343e+01 2.36714089964111399e-03 1.84807729297935764e-06
 6.97333333333333343e+01 6.98666666666666742e+01 2.38777929929908468e-03 1.91458294036350271e-06
 6.98666666666666742e+01 7.00000000000000000e+01 2.40092991751356946e-03 1.85639835882922376e-06
 7.00000000000000000e+01 7.01333333333333258e+01 2.41631082826257925e-03 1.88000062043524907e-06
 7.01333333333333258e+01 7.02666666666666657e+01 2.43785030210307658e-03 1.85405986234367922e-06
 7.02666666666666657e+01 7.04000000000000057e+01 2.45638704571368846e-03 2.00700661869430114e-06
 7.04000000000000057e+01 7.05333333333333314e+01 2.47584370403278490e-03 1.95604150065598400e-06
 7.05333333333333314e+01 7.06666666666666714e+01 2.49222384999263705e-03 1.91351700282825087e-06
 7.06666666666666714e+01 7.07999999999999972e+01 2.50893916325133602e-03 1.92789691571880670e-06
 7.07999999999999972e+01 7.09333333333333371e+01 2.53195046201418758e-03 1.95634396387617060e-06
 7.09333333333333371e+01 7.10666666666666629e+01 2.54680169767172292e-03 1.95496428426274788e-06
 7.10666666666666629e+01 7.12000000000000028e+01 2.56782813712123394e-03 1.94829489276168098e-06
 7.12000000000000028e+01 7.13333333333333286e+01 2.58440020562753208e-03 1.92975024787796932e-06
 7.13333333333333286e+01 7.14666666666666686e+01 2.60189912546590759e-03 2.00052142563974647e-06
 7.14666666666666686e+01 7.15999999999999943e+01 2.62105628005715853e-03 2.18231362854308676e-06
 7.15999999999999943e+01 7.17333333333333343e+01 2.64138124015013713e-03 1.98596018308491654e-06
 7.17333333333333343e+01 7.18666666666666742e+01 2.65978659713441779e-03 2.18379459856615539e-06
 7.18666666666666742e+01 7.20000000000000000e+01 2.67656407922491242e-03 1.92679482167064392e-06
 7.20000000000000000e+01 7.21333333333333258e+01 2.69405666498067796e-03 2.09662547731829291e-06
 7.21333333333333258e+01 7.22666666666666657e+01 2.71578487958586611e-03 2.16969956453772432e-06
 7.22666666666666657e+01 7.24000000000000057e+01 2.73057492144516533e-03 2.01104524534849266e-06
 7.24000000000000057e+01 7.25333333333333314e+01 2.75392894824487422e-03 2.02476342369535482e-06
 7.25333333333333314e+01 7.26666666666666714e+01 2.76999864167533751e-03 2.03928820624396274e-06
 7.26666666666666714e+01 7.27999999999999972e+01 2.78369647528973552e-03 1.98932523092686622e-06
 7.27999999999999972e+01 7.29333333333333371e+01 2.80747036100567181e-03 2.06028866810237152e-06
 7.29333333333333371e+01 7.30666666666666629e+01 2.82569786430432847e-03 2.10365179315728408e-06
 7.30666666666666629e+01 7.32000000000000028e+01 2.84165330616247512e-03 2.18721338882363479e-06
 7.32000000000000028e+01 7.33333333333333286e+01 2.86222429304598810e-03 2.06272600705737565e-06
 7.33333333333333286e+01 7.34666666666666686e+01 2.88397949067353658e-03 2.09031072367786285e-06
 7.34666666666666686e+01 7.35999999999999943e+01 2.90049879374986753e-03 2.11551458426062598e-06
 7.35999999999999943e+01 7.37333333333333343e+01 2.91710694256303677e-03 2.15811644195191422e-06
 7.37333333333333343e+01 7.38666666666666742e+01 2.93568404061896266e-03 2.09165255405137410e-06
 7.38666666666666742e+01 7.40000000000000000e+01 2.95796319243172862e-03 2.12433900215683488e-06
 7.40000000000000000e+01 7.41333333333333258e+01 2.97068038717573316e-03 2.09453614111355042e-06
 7.41333333333333258e+01 7.42666666666666657e+01 2.99124939568117020e-03 2.17556166920966749e-06
 7.42666666666666657e+01 7.44000000000000057e+01 3.00916892729402542e-03 2.14982215730790829e-06
 7.44000000000000057e+01 7.45333333333333314e+01 3.02709491533410726e-03 2.21154259598747647e-06
 7.45333333333333314e+01 7.46666666666666714e+01 3.04839102358635044e-03 3.51614744896505159e-06
 7.46666666666666714e+01 7.47999999999999972e+01 3.06775016269120312e-03 2.24612956239756959e-06
 7.47999999999999972e+01 7.49333333333333371e+01 3.08471117422238258e-03 2.15505573183463699e-06
 7.49333333333333371e+01 7.50666666666666629e+01 3.10385920679273663e-03 2.16718397792368814e-06
 7.50666666666666629e+01 7.52000000000000028e+01 3.12595982012696654e-03 2.35764404121477206e-06
 7.52000000000000028e+01 7.53333333333333286e+01 3.13899212155109445e-03 2.17745930132044820e-06
 7.53333333333333286e+01 7.54666666666666686e+01 3.15775873510610932e-03 2.32943993683206430e-06
 7.54666666666666686e+01 7.55999999999999943e+01 3.17783115876649550e-03 2.23797565329447957e-06
 7.55999999999999943e+01 7.57333333333333343e+01 3.19607118877414040e-03 2.28216634994770805e-06
 7.57333333333333343e+01 7.58666666666666742e+01 3.21554882760495975e-03 2.22053435109184458e-06
 7.58666666666666742e+01 7.60000000000000000e+01 3.22933209307554479e-03 2.23972709679929455e-06
 7.60000000000000000e+01 7.61333333333333258e+01 3.24975840458526519e-03 2.32559053369866166e-06
 7.61333333333333258e+01 7.62666666666666657e+01 3.27244839095062068e-03 2.20587100543075997e-06
 7.62666666666666657e+01 7.64000000000000057e+01 3.28602235868332435e-03 2.21034483186748237e-06
 7.64000000000000057e+01 7.65333333333333314e+01 3.30949720635889547e-03 2.36857647079693397e-06
 7.65333333333333314e+01 7.66666666666666714e+01 3.32357043080562997e-03 2.27023746188515423e-06
 7.66666666666666714e+01 7.67999999999999972e+01 3.34203776181251364e-03 2.51152239679656454e-06
 7.67999999999999972e+01 7.69333333333333371e+01 3.35912243654735987e-03 2.24393503582292295e-06
 7.69333333333333371e+01 7.70666666666666629e+01 3.38115470053498499e-03 2.27091614072001383e-06
 7.70666666666666629e+01 7.72000000000000028e+01 3.40183089427149605e-03 2.42265689247954010e-06
 7.72000000000000028e+01 7.73333333333333286e+01 3.41339499050411117e-03 2.33832166566274425e-06
 7.73333333333333286e+01 7.74666666666666686e+01 3.43346353122830645e-03 2.27732094466542267e-06
 7.74666666666666686e+01 7.75999999999999943e+01 3.44994058896114925e-03 2.26999660500534196e-06
 7.75999999999999943e+01 7.77333333333333343e+01 3.46505980714079814e-03 2.32583197701163197e-06
 7.77333333333333343e+01 7.78666666666666742e+01 3.49590252673249915e-03 2.46961265070473139e-06
 7.78666666666666742e+01 7.80000000000000000e+01 3.50419620506637556e-03 2.30195319083707350e-06
 7.80000000000000000e+01 7.81333333333333258e+01 3.52424808181929375e-03 2.39230365138041664e-06
 7.81333333333333258e+01 7.82666666666666657e+01 3.54326640244929545e-03 2.26419122262137870e-06
 7.82666666666666657e+01 7.84000000000000057e+01 3.56059391351951993e-03 2.34697377881553232e-06
 7.84000000000000057e+01 7.85333333333333314e+01 3.57893241814454238e-03 2.41388842656780857e-06
 7.85333333333333314e+01 7.86666666666666714e+01 3.59672084080019886e-03 2.43877168414076506e-06
 7.86666666666666714e+01 7.87999999999999972e+01 3.61608025451718145e-03 2.77852972372673064e-06
 7.87999999999999972e+01 7.89333333333333371e+01 3.62791411317448355e-03 2.29084978620692816e-06
 7.89333333333333371e+01 7.90666666666666629e+01 3.65252200613078778e-03 2.47156026014524246e-06
 7.90666666666666629e+01 7.92000000000000028e+01 3.66581821398302829e-03 2.32905877137871681e-06
 7.92000000000000028e+01 7.93333333333333286e+01 3.68057678019499289e-03 2.40021359082833583e-06
 7.93333333333333286e+01 7.94666666666666686e+01 3.70278013167304500e-03 2.40565008514947356e-06
 7.94666666666666686e+01 7.95999999999999943e+01 3.72075298005151859e-03 2.33010615134504513e-06
 7.95999999999999943e+01 7.97333333333333343e+01 3.73664833403116554e-03 2.36544061340931775e-06
 7.97333333333333343e+01 7.98666666666666742e+01 3.75393472036397507e-03 2.43918443255738044e-06
 7.98666666666666742e+01 8.00000000000000000e+01 3.77560325897273452e-03 2.63028537092174434e-06
 8.00000000000000000e+01 8.01333333333333258e+01 3.79537691831657647e-03 2.55113771714474686e-06
 8.01333333333333258e+01 8.02666666666666657e+01 3.80527680700204008e-03 2.48658338474067898e-06
 8.02666666666666657e+01 8.04000000000000057e+01 3.82853700023702429e-03 2.69395333165041475e-06
 8.04000000000000057e+01 8.05333333333333314e+01 3.84507825134909392e-03 2.46856300399029471e-06
 8.05333333333333314e+01 8.06666666666666714e+01 3.85948917998742407e-03 2.45803204129742428e-06
 8.06666666666666714e+01 8.07999999999999972e+01 3.87422754838357298e-03 2.68713882753758343e-06
 8.07999999999999972e+01 8.09333333333333371e+01 3.89498173371033993e-03 2.51638865737569426e-06
 8.09333333333333371e+01 8.10666666666666629e+01 3.91349678624391181e-03 2.78921885299596728e-06
 8.10666666666666629e+01 8.12000000000000028e+01 3.92761074451444033e-03 2.47056163388559217e-06
 8.12000000000000028e+01 8.13333333333333286e+01 3.94569049738188043e-03 2.49029567631323203e-06
 8.13333333333333286e+01 8.14666666666666686e+01 3.96191173885452642e-03 2.44381111882993103e-06
 8.14666666666666686e+01 8.15999999999999943e+01 3.98082799957676960e-03 2.56519399959858628e-06
 8.15999999999999943e+01 8.17333333333333343e+01 3.99904331720507111e-03 2.67930288231890408e-06
 8.17333333333333343e+01 8.18666666666666742e+01 4.00950921648966611e-03 2.41645639019866190e-06
 8.18666666666666742e+01 8.20000000000000000e+01 4.03104313465522945e-03 2.61844386808494606e-06
 8.20000000000000000e+01 8.21333333333333258e+01 4.05134239068244417e-03 2.86668689712179849e-06
 8.21333333333333258e+01 8.22666666666666657e+01 4.06696756909032987e-03 2.45839164471007133e-06
 8.22666666666666657e+01 8.24000000000000057e+01 4.07828535947950786e-03 2.56307694193140396e-06
 8.24000000000000057e+01 8.25333333333333314e+01 4.09610483487438896e-03 2.52046421665410685e-06
 8.25333333333333314e+01 8.26666666666666572e+01 4.11093909284047498e-03 2.53232526127102633e-06
 8.26666666666666572e+01 8.27999999999999972e+01 4.12598763397329336e-03 4.89702110378071183e-06
 8.27999999999999972e+01 8.29333333333333371e+01 4.14958145905012024e-03 2.66728444423597339e-06
 8.29333333333333371e+01 8.30666666666666629e+01 4.16200303130192031e-03 2.58778525638040198e-06
 8.30666666666666629e+01 8.32000000000000028e+01 4.17740052780801209e-03 2.57900583486510015e-06
 8.32000000000000028e+01 8.33333333333333428e+01 4.19908024906162462e-03 2.71585575765517875e-06
 8.33333333333333428e+01 8.34666666666666686e+01 4.21250698776705606e-03 2.52327999644023766e-06
 8.34666666666666686e+01 8.35999999999999943e+01 4.22899697684713145e-03 2.53423166167327027e-06
 8.35999999999999943e+01 8.37333333333333343e+01 4.24364280224083686e-03 2.59817160862632865e-06
 8.37333333333333343e+01 8.38666666666666742e+01 4.26196043474457928e-03 2.57878704536757005e-06
 8.38666666666666742e+01 8.40000000000000000e+01 4.27906609795187381e-03 2.65509289241081632e-06
 8.40000000000000000e+01 8.41333333333333258e+01 4.29783383943715784e-03 2.61788442400668457e-06
 8.41333333333333258e+01 8.42666666666666657e+01 4.31149958006712183e-03 2.57266921627613791e-06
 8.42666666666666657e+01 8.44000000000000057e+01 4.32973090941828672e-03 2.89277793308087594e-06
 8.44000000000000057e+01 8.45333333333333314e+01 4.33909565102481680e-03 2.64326702202490253e-06
 8.45333333333333314e+01 8.46666666666666572e+01 4.35620661139077183e-03 2.60777331990788732e-06
 8.46666666666666572e+01 8.47999999999999972e+01 4.37258367848533842e-03 2.70632257620128889e-06
 8.47999999999999972e+01 8.49333333333333371e+01 4.38846262449670444e-03 3.12465746388588411e-06
 8.49333333333333371e+01 8.50666666666666629e+01 4.40369874096572470e-03 2.62742142165984981e-06
 8.50666666666666629e+01 8.52000000000000028e+01 4.41736701696904786e-03 2.76242058014290941e-06
 8.52000000000000028e+01 8.53333333333333428e+01 4.43305150741234513e-03 2.69834452918780809e-06
 8.53333333333333428e+01 8.54666666666666686e+01 4.45034661567960017e-03 2.65485988733073635e-06
 8.54666666666666686e+01 8.55999999999999943e+01 4.46638849099167783e-03 2.71188208816423001e-06
 8.55999999999999943e+01 8.57333333333333343e+01 4.47943547604662609e-03 2.66803534282117536e-06
 8.57333333333333343e+01 8.58666666666666742e+01 4.49263658863630067e-03 2.67491839779661811e-06
 8.58666666666666742e+01 8.60000000000000000e+01 4.51037859083055007e-03 2.69370808208701276e-06
 8.60000000000000000e+01 8.61333333333333258e+01 4.52854685552984970e-03 2.77585542170298815e-06
 8.61333333333333258e+01 8.62666666666666657e+01 4.54344173067188200e-03 2.74611021223133660e-06
 8.62666666666666657e+01 8.64000000000000057e+01 4.55463681573154647e-03 2.70048546084622827e-06
 8.64000000000000057e+01 8.65333333333333314e+01 4.56655874437876790e-03 2.68873681899321529e-06
 8.65333333333333314e+01 8.66666666666666572e+01 4.58407344047934324e-03 2.62732436139620050e-06
 8.66666666666666572e+01 8.67999999999999972e+01 4.60220845648434598e-03 2.82872875708229999e-06
 8.67999999999999972e+01 8.69333333333333371e+01 4.61321142440598072e-03 2.67027251901966856e-06
 8.69333333333333371e+01 8.70666666666666629e+01 4.62703982041289420e-03 2.69224893230101293e-06
 8.70666666666666629e+01 8.72000000000000028e+01 4.64509038175789628e-03 2.69467926162068992e-06
 8.72000000000000028e+01 8.73333333333333428e+01 4.66057910885196106e-03 2.78913442769078560e-06
 8.73333333333333428e+01 8.74666666666666686e+01 4.67229387931754423e-03 2.73656488717105193e-06
 8.74666666666666686e+01 8.75999999999999943e+01 4.68473764381448828e-03 2.72402282203210136e-06
 8.75999999999999943e+01 8.77333333333333343e+01 4.70095209942727587e-03 2.70413277049549453e-06
 8.77333333333333343e+01 8.78666666666666742e+01 4.71736274024300677e-03 2.76312145790224348e-06
 8.78666666666666742e+01 8.80000000000000000e+01 4.72716649115295390e-03 2.79183904403941823e-06
 8.80000000000000000e+01 8.81333333333333258e+01 4.74407935080709518e-03 2.79293598340776225e-06
 8.81333333333333258e+01 8.82666666666666657e+01 4.75747641165202677e-03 2.74547600105656898e-06
 8.82666666666666657e+01 8.84000000000000057e+01 4.77304320026779565e-03 2.69666879766386053e-06
 8.84000000000000057e+01 8.85333333333333314e+01 4.78694832584019864e-03 2.91732100014931407e-06
 8.85333333333333314e+01 8.86666666666666572e+01 4.79623468358236077e-03 2.68862360002879746e-06
 8.86666666666666572e+01 8.87999999999999972e+01 4.81716984591761942e-03 2.96606166171609988e-06
 8.87999999999999972e+01 8.89333333333333371e+01 4.82150663667639621e-03 2.66530920724314352e-06
 8.89333333333333371e+01 8.90666666666666629e+01 4.84203552057931811e-03 2.91215642999984792e-06
 8.90666666666666629e+01 8.92000000000000028e+01 4.85281091131622901e-03 2.79980269789232021e-06
 8.92000000000000028e+01 8.93333333333333428e+01 4.87390419510021124e-03 2.88212279481325560e-06
 8.93333333333333428e+01 8.94666666666666686e+01 4.88059116644914363e-03 2.82326707753770502e-06
 8.94666666666666686e+01 8.95999999999999943e+01 4.89597953524986695e-03 2.87365124485787695e-06
 8.95999999999999943e+01 8.97333333333333343e+01 4.90870827420399319e-03 3.36430070580681332e-06
 8.97333333333333343e+01 8.98666666666666742e+01 4.92274863880552086e-03 2.90776481488415457e-06
 8.98666666666666742e+01 9.00000000000000000e+01 4.93660889765366352e-03 2.77863825332926386e-06
 9.00000000000000000e+01 9.01333333333333258e+01 4.94549632588055406e-03 3.07268511519183955e-06
 9.01333333333333258e+01 9.02666666666666657e+01 4.95787341518280113e-03 2.85188303359303734e-06
 9.02666666666666657e+01 9.04000000000000057e+01 4.96619471317695169e-03 2.82115228400206793e-06
 9.04000000000000057e+01 9.05333333333333314e+01 4.97817428883865279e-03 2.82133080433821849e-06
 9.05333333333333314e+01 9.06666666666666572e+01 4.98928177321598249e-03 2.79481584324317711e-06
 9.06666666666666572e+01 9.07999999999999972e+01 4.99613499058368903e-03 2.77861200849555017e-06
 9.07999999999999972e+01 9.09333333333333371e+01 5.01323411906624654e-03 2.85617429296803646e-06
 9.09333333333333371e+01 9.10666666666666629e+01 5.02232261581249916e-03 2.85481156065667179e-06
 9.10666666666666629e+01 9.12000000000000028e+01 5.03538864062285946e-03 2.89699827310477368e-06
 9.12000000000000028e+01 9.13333333333333428e+01 5.04375517203252757e-03 2.83903104112973294e-06
 9.13333333333333428e+01 9.14666666666666686e+01 5.04947689297394892e-03 2.81210669181302835e-06
 9.14666666666666686e+01 9.15999999999999943e+01 5.06268350668372547e-03 2.79766003617490023e-06
 9.15999999999999943e+01 9.17333333333333343e+01 5.07110834685036826e-03 2.81356549574897144e-06
 9.17333333333333343e+01 9.18666666666666742e+01 5.08292361175514181e-03 2.78525576434276192e-06
 9.18666666666666742e+01 9.20000000000000000e+01 5.08960430570604919e-03 2.88933406095390893e-06
 9.20000000000000000e+01 9.21333333333333258e+01 5.10851683007635879e-03 2.89762457854734974e-06
 9.21333333333333258e+01 9.22666666666666657e+01 5.11197608615551486e-03 2.91481060438455079e-06
 9.22666666666666657e+01 9.24000000000000057e+01 5.11432413013012191e-03 2.86325976252042013e-06
 9.24000000000000057e+01 9.25333333333333314e+01 5.12971386053571315e-03 2.96177338521884121e-06
 9.25333333333333314e+01 9.26666666666666572e+01 5.14061043825085780e-03 2.82242813526292280e-06
 9.26666666666666572e+01 9.27999999999999972e+01 5.14898936975741878e-03 2.74700357884795979e-06
 9.27999999999999972e+01 9.29333333333333371e+01 5.16109686485981788e-03 2.94838661362220038e-06
 9.29333333333333371e+01 9.30666666666666629e+01 5.16490518193935162e-03 2.78068960101427948e-06
 9.30666666666666629e+01 9.32000000000000028e+01 5.18087423958884987e-03 2.85147471898783324e-06
 9.32000000000000028e+01 9.33333333333333428e+01 5.18933044002754112e-03 2.75632808272837273e-06
 9.33333333333333428e+01 9.34666666666666686e+01 5.19397820830739751e-03 2.93901993322777090e-06
 9.34666666666666686e+01 9.35999999999999943e+01 5.20293412937563281e-03 2.76938508900156121e-06
 9.35999999999999943e+01 9.37333333333333343e+01 5.21318931999563157e-03 2.87586002952224031e-06
 9.37333333333333343e+01 9.38666666666666742e+01 5.21842494767304696e-03 2.85815202618297547e-06
 9.38666666666666742e+01 9.40000000000000000e+01 5.22635253046488998e-03 2.83763204746567377e-06
 9.40000000000000000e+01 9.41333333333333258e+01 5.23517676567426381e-03 3.04025884208210875e-06
 9.41333333333333258e+01 9.42666666666666657e+01 5.24743053456214019e-03 2.94674684440583824e-06
 9.42666666666666657e+01 9.44000000000000057e+01 5.25221715254525767e-03 2.83638637990973276e-06
 9.44000000000000057e+01 9.45333333333333314e+01 5.26256089067074842e-03 2.84918638101453912e-06
 9.45333333333333314e+01 9.46666666666666572e+01 5.26280081454622798e-03 2.82156064069781641e-06
 9.46666666666666572e+01 9.47999999999999972e+01 5.27430068546632259e-03 2.81744271891771707e-06
 9.47999999999999972e+01 9.49333333333333371e+01 5.28488690596692467e-03 2.82490151712433231e-06
 9.49333333333333371e+01 9.50666666666666629e+01 5.29433590882916888e-03 2.93855213841717552e-06
 9.50666666666666629e+01 9.52000000000000028e+01 5.29894183301456156e-03 3.04978996848087462e-06
 9.52000000000000028e+01 9.53333333333333428e+01 5.30693151861564259e-03 2.99348910120535294e-06
 9.53333333333333428e+01 9.54666666666666686e+01 5.31466524276903197e-03 2.94101005978436823e-06
 9.54666666666666686e+01 9.55999999999999943e+01 5.32726843222659872e-03 6.15761479860685826e-06
 9.55999999999999943e+01 9.57333333333333343e+01 5.32822956067824632e-03 2.90128506803562844e-06
 9.57333333333333343e+01 9.58666666666666742e+01 5.33396621809277029e-03 3.70954757053871782e-06
 9.58666666666666742e+01 9.60000000000000000e+01 5.34244193477785914e-03 2.81156815323593837e-06
 9.60000000000000000e+01 9.61333333333333258e+01 5.34616995146540777e-03 2.85299875809630170e-06
 9.61333333333333258e+01 9.62666666666666657e+01 5.34725542336678388e-03 2.79603478625717887e-06
 9.62666666666666657e+01 9.64000000000000057e+01 5.35754888052635686e-03 2.84132749076278768e-06
 9.64000000000000057e+01 9.65333333333333314e+01 5.36757300702160860e-03 2.84536952308163151e-06
 9.65333333333333314e+01 9.66666666666666572e+01 5.36932011178244128e-03 2.82596292105080566e-06
 9.66666666666666572e+01 9.67999999999999972e+01 5.37822880391170509e-03 2.85603533878359095e-06
 9.67999999999999972e+01 9.69333333333333371e+01 5.38517984438483671e-03 3.29967926229337059e-06
 9.69333333333333371e+01 9.70666666666666629e+01 5.39135385929075551e-03 3.44835351654200096e-06
 9.70666666666666629e+01 9.72000000000000028e+01 5.40032017693478032e-03 3.00232634949940153e-06
 9.72000000000000028e+01 9.73333333333333428e+01 5.40003027152631977e-03 2.87799438427128620e-06
 9.73333333333333428e+01 9.74666666666666686e+01 5.39878802458208101e-03 2.84019223105010773e-06
 9.74666666666666686e+01 9.75999999999999943e+01 5.41113463395242328e-03 2.98116500279121203e-06
 9.75999999999999943e+01 9.77333333333333343e+01 5.41433917473646466e-03 2.88978533955430569e-06
 9.77333333333333343e+01 9.78666666666666742e+01 5.41847692090453251e-03 2.92033913940160289e-06
 9.78666666666666742e+01 9.80000000000000000e+01 5.42535832470951440e-03 3.26793882186431600e-06
 9.80000000000000000e+01 9.81333333333333258e+01 5.43428448112056543e-03 2.93731880804644013e-06
 9.81333333333333258e+01 9.82666666666666657e+01 5.42837364981437961e-03 7.44506181640474671e-06
 9.82666666666666657e+01 9.84000000000000057e+01 5.43847580913109536e-03 2.94692265000714632e-06
 9.84000000000000057e+01 9.85333333333333314e+01 5.43917461964654389e-03 2.85464901161212336e-06
 9.85333333333333314e+01 9.86666666666666572e+01 5.45073518808855077e-03 2.79547023190431765e-06
 9.86666666666666572e+01 9.87999999999999972e+01 5.45144689636773393e-03 2.91979243868310229e-06
 9.87999999999999972e+01 9.89333333333333371e+01 5.45747950642394650e-03 2.99631345773117029e-06
 9.89333333333333371e+01 9.90666666666666629e+01 5.46375964078783284e-03 2.88668223721904915e-06
 9.90666666666666629e+01 9.92000000000000028e+01 5.46457487244823847e-03 2.88875469483888275e-06
 9.92000000000000028e+01 9.93333333333333428e+01 5.46597254238717634e-03 2.89001892512093958e-06
 9.93333333333333428e+01 9.94666666666666686e+01 5.47320735764831798e-03 2.91177920164324535e-06
 9.94666666666666686e+01 9.95999999999999943e+01 5.47290386987336636e-03 2.87237122260868828e-06
 9.95999999999999943e+01 9.97333333333333343e+01 5.47599750075554188e-03 2.87215526443365772e-06
 9.97333333333333343e+01 9.98666666666666742e+01 5.47572366550486220e-03 2.89165789279597118e-06
 9.98666666666666742e+01 1.00000000000000000e+02 5.48024136462648900e-03 2.83102169807616078e-06
 1.00000000000000000e+02 1.00133333333333326e+02 5.48624771311331805e-03 3.14437721790197888e-06
 1.00133333333333326e+02 1.00266666666666666e+02 5.48087773143179479e-03 2.89312002926965125e-06
 1.00266666666666666e+02 1.00400000000000006e+02 5.48653411090412393e-03 2.87729049323206214e-06
 1.00400000000000006e+02 1.00533333333333331e+02 5.49053900660070437e-03 2.90233942511659060e-06
 1.00533333333333331e+02 1.00666666666666657e+02 5.49090303914495387e-03 2.98440376997705523e-06
 1.00666666666666657e+02 1.00799999999999997e+02 5.49468173666682342e-03 2.91778043695961253e-06
 1.00799999999999997e+02 1.00933333333333337e+02 5.49593151464153589e-03 2.88866354061906277e-06
 1.00933333333333337e+02 1.01066666666666663e+02 5.49870222070483836e-03 3.05745675367059353e-06
 1.01066666666666663e+02 1.01200000000000003e+02 5.49265142976624893e-03 2.96125069093499307e-06
 1.01200000000000003e+02 1.01333333333333343e+02 5.49619304790682599e-03 2.96647377909376502e-06
 1.01333333333333343e+02 1.01466666666666669e+02 5.49638622787790038e-03 2.93482757009366078e-06
 1.01466666666666669e+02 1.01599999999999994e+02 5.49538886788843682e-03 3.06838971051734726e-06
 1.01599999999999994e+02 1.01733333333333334e+02 5.49564333587443388e-03 2.87057750858853483e-06
 1.01733333333333334e+02 1.01866666666666674e+02 5.50338289796628837e-03 5.53586601702611623e-06
 1.01866666666666674e+02 1.02000000000000000e+02 5.49761602531650354e-03 2.87343407259338281e-06
 1.02000000000000000e+02 1.02133333333333326e+02 5.49653490138145295e-03 2.96852527046837324e-06
 1.02133333333333326e+02 1.02266666666666666e+02 5.49779553644022187e-03 2.84787232319040449e-06
 1.02266666666666666e+02 1.02400000000000006e+02 5.50020429939902019e-03 2.87605160147393649e-06
 1.02400000000000006e+02 1.02533333333333331e+02 5.49613537763219990e-03 2.81132301046337394e-06
 1.02533333333333331e+02 1.02666666666666657e+02 5.49900602486238631e-03 2.90648818862030252e-06
 1.02666666666666657e+02 1.02799999999999997e+02 5.48926113416480042e-03 2.84093419405278363e-06
 1.02799999999999997e+02 1.02933333333333337e+02 5.49265722178059190e-03 2.91430487162727637e-06
 1.02933333333333337e+02 1.03066666666666663e+02 5.48879191150862793e-03 2.91822884002370493e-06
 1.03066666666666663e+02 1.03200000000000003e+02 5.49109623308456120e-03 2.85472023976176828e-06
 1.03200000000000003e+02 1.03333333333333343e+02 5.48527207290449084e-03 3.54702900738792835e-06
 1.03333333333333343e+02 1.03466666666666669e+02 5.48719499222814679e-03 2.97025698810469539e-06
 1.03466666666666669e+02 1.03599999999999994e+02 5.48131548789844349e-03 2.95958039616761939e-06
 1.03599999999999994e+02 1.03733333333333334e+02 5.48268193971824299e-03 2.92115113283390378e-06
 1.03733333333333334e+02 1.03866666666666674e+02 5.47195679027474499e-03 2.86246442077396007e-06
 1.03866666666666674e+02 1.04000000000000000e+02 5.47674473663686649e-03 3.05562889578958920e-06
 1.04000000000000000e+02 1.04133333333333326e+02 5.46713969117052813e-03 2.90068374909345002e-06
 1.04133333333333326e+02 1.04266666666666666e+02 5.47100831871232766e-03 2.94242091836641698e-06
 1.04266666666666666e+02 1.04400000000000006e+02 5.46314180025011219e-03 2.83256737877058042e-06
 1.04400000000000006e+02 1.04533333333333331e+02 5.46365929843125892e-03 2.93751346606638004e-06
 1.04533333333333331e+02 1.04666666666666657e+02 5.45944087183782446e-03 2.89439007433173365e-06
 1.04666666666666657e+02 1.04799999999999997e+02 5.44978008220526645e-03 2.81520481775557601e-06
 1.04799999999999997e+02 1.04933333333333337e+02 5.44770351311675820e-03 2.93718118938114859e-06
 1.04933333333333337e+02 1.05066666666666663e+02 5.44956579719847126e-03 2.84844358250461144e-06
 1.05066666666666663e+02 1.05200000000000003e+02 5.44170823234458537e-03 2.82651131179500820e-06
 1.05200000000000003e+02 1.05333333333333343e+02 5.43432935548869827e-03 2.91577913483611555e-06
 1.05333333333333343e+02 1.05466666666666669e+02 5.43730223366043625e-03 3.17711139835126847e-06
 1.05466666666666669e+02 1.05599999999999994e+02 5.42906175985190167e-03 2.90456966767538710e-06
 1.05599999999999994e+02 1.05733333333333334e+02 5.42225349930353703e-03 2.87831898232594555e-06
 1.05733333333333334e+02 1.05866666666666674e+02 5.42104836090268483e-03 2.86861729722477365e-06
 1.05866666666666674e+02 1.06000000000000000e+02 5.40498144843365360e-03 2.78836765831713639e-06
 1.06000000000000000e+02 1.06133333333333326e+02 5.40742092195036113e-03 2.86101940696753492e-06
 1.06133333333333326e+02 1.06266666666666666e+02 5.39752827177655044e-03 2.80006498323092089e-06
 1.06266666666666666e+02 1.06400000000000006e+02 5.39064135739283912e-03 2.84471731402045878e-06
 1.06400000000000006e+02 1.06533333333333331e+02 5.37896800794639834e-03 2.94143248338718141e-06
 1.06533333333333331e+02 1.06666666666666657e+02 5.37910109393548164e-03 2.85942942549659383e-06
 1.06666666666666657e+02 1.06799999999999997e+02 5.37430737108700665e-03 2.82495460297210659e-06
 1.06799999999999997e+02 1.06933333333333337e+02 5.36616662022815390e-03 2.82327352792742562e-06
 1.06933333333333337e+02 1.07066666666666663e+02 5.35803806142955488e-03 3.03139183610806947e-06
 1.07066666666666663e+02 1.07200000000000003e+02 5.35275932107419795e-03 2.79574410773728521e-06
 1.07200000000000003e+02 1.07333333333333343e+02 5.34449720939766861e-03 2.81797303018547751e-06
 1.07333333333333343e+02 1.07466666666666669e+02 5.33538452619428984e-03 2.81817145460332079e-06
 1.07466666666666669e+02 1.07599999999999994e+02 5.32858411185000314e-03 2.76153853964351114e-06
 1.07599999999999994e+02 1.07733333333333334e+02 5.31713878061806054e-03 2.85731870653273209e-06
 1.07733333333333334e+02 1.07866666666666674e+02 5.31672473885525659e-03 2.80657980661230928e-06
 1.07866666666666674e+02 1.08000000000000000e+02 5.30377372046586353e-03 2.77007382087069213e-06
 1.08000000000000000e+02 1.08133333333333326e+02 5.29733843282624225e-03 2.84242991852420623e-06
 1.08133333333333326e+02 1.08266666666666666e+02 5.29096862021065720e-03 2.86587373882467697e-06
 1.08266666666666666e+02 1.08400000000000006e+02 5.27925684520589352e-03 2.95928831771295659e-06
 1.08400000000000006e+02 1.08533333333333331e+02 5.26664852341564207e-03 3.15096703270951401e-06
 1.08533333333333331e+02 1.08666666666666657e+02 5.25568071078940605e-03 3.01563565672777340e-06
 1.08666666666666657e+02 1.08799999999999997e+02 5.24557486891332175e-03 2.74926756874643229e-06
 1.08799999999999997e+02 1.08933333333333337e+02 5.23098857059353661e-03 2.77705691721306516e-06
 1.08933333333333337e+02 1.09066666666666663e+02 5.21949820122745347e-03 2.81868972976462185e-06
 1.09066666666666663e+02 1.09200000000000003e+02 5.21348164906060806e-03 2.94315332521587739e-06
 1.09200000000000003e+02 1.09333333333333343e+02 5.19697641962355798e-03 2.75725547818191294e-06
 1.09333333333333343e+02 1.09466666666666669e+02 5.19190268254302988e-03 2.77463125061029035e-06
 1.09466666666666669e+02 1.09599999999999994e+02 5.18355132410280427e-03 2.75040430223944954e-06
 1.09599999999999994e+02 1.09733333333333334e+02 5.17038519330216724e-03 2.77536955420233883e-06
 1.09733333333333334e+02 1.09866666666666674e+02 5.15573263314888369e-03 2.73467406575024132e-06
 1.09866666666666674e+02 1.10000000000000000e+02 5.14143333480340976e-03 2.70173401820856477e-06
 1.10000000000000000e+02 1.10133333333333326e+02 5.12743528557607197e-03 2.67177364966691732e-06
 1.10133333333333326e+02 1.10266666666666666e+02 5.12099682381764090e-03 2.82242309055453593e-06
 1.10266666666666666e+02 1.10400000000000006e+02 5.10122387831343869e-03 2.68831185447847045e-06
 1.10400000000000006e+02 1.10533333333333331e+02 5.09031396780601237e-03 2.68715028071312544e-06
 1.10533333333333331e+02 1.10666666666666657e+02 5.08127784322012777e-03 2.65078870162427862e-06
 1.10666666666666657e+02 1.10799999999999997e+02 5.06272155243538136e-03 2.77931706295089874e-06
 1.10799999999999997e+02 1.10933333333333337e+02 5.04760448351739780e-03 2.69228665407204239e-06
 1.10933333333333337e+02 1.11066666666666663e+02 5.03281283048955669e-03 2.67583312299834177e-06
 1.11066666666666663e+02 1.11200000000000003e+02 5.02176033194236780e-03 2.66433767499774608e-06
 1.11200000000000003e+02 1.11333333333333343e+02 5.00713484667050616e-03 2.74452250223725333e-06
 1.11333333333333343e+02 1.11466666666666669e+02 4.99327263600445569e-03 3.26042380502876906e-06
 1.11466666666666669e+02 1.11599999999999994e+02 4.97886496239990407e-03 2.61709916503117689e-06
 1.11599999999999994e+02 1.11733333333333334e+02 4.95900215086376994e-03 2.76229821581278549e-06
 1.11733333333333334e+02 1.11866666666666674e+02 4.94951297692470486e-03 2.69145763769201781e-06
 1.11866666666666674e+02 1.12000000000000000e+02 4.93289174195716412e-03 2.69375972801457317e-06
 1.12000000000000000e+02 1.12133333333333326e+02 4.91595789611086985e-03 2.61562939023481626e-06
 1.12133333333333326e+02 1.12266666666666666e+02 4.89956740106708803e-03 2.58202418620952448e-06
 1.12266666666666666e+02 1.12400000000000006e+02 4.88374388753689929e-03 2.57748198469430038e-06
 1.12400000000000006e+02 1.12533333333333331e+02 4.86833949784398583e-03 3.46935074011055200e-06
 1.12533333333333331e+02 1.12666666666666657e+02 4.85097094846824364e-03 2.60959310672208558e-06
 1.12666666666666657e+02 1.12799999999999997e+02 4.83328257030971823e-03 2.59521200020389064e-06
 1.12799999999999997e+02 1.12933333333333337e+02 4.81962280756959537e-03 2.70367976378943642e-06
 1.12933333333333337e+02 1.13066666666666663e+02 4.80480709122168594e-03 2.62914119152780272e-06
 1.13066666666666663e+02 1.13200000000000003e+02 4.77857854465175112e-03 2.57858060020905377e-06
 1.13200000000000003e+02 1.13333333333333343e+02 4.76041207242829285e-03 2.54193027753449663e-06
 1.13333333333333343e+02 1.13466666666666669e+02 4.74723216799953062e-03 2.66789595729617053e-06
 1.13466666666666669e+02 1.13599999999999994e+02 4.72535693412662848e-03 2.72271940003524786e-06
 1.13599999999999994e+02 1.13733333333333334e+02 4.70938315547115519e-03 2.83220323853118903e-06
 1.13733333333333334e+02 1.13866666666666674e+02 4.68695870257751501e-03 2.51817660213187236e-06
 1.13866666666666674e+02 1.14000000000000000e+02 4.66986817615816681e-03 2.55854307807504917e-06
 1.14000000000000000e+02 1.14133333333333340e+02 4.65109284419180750e-03 2.52283191502948654e-06
 1.14133333333333340e+02 1.14266666666666666e+02 4.63055231147893077e-03 2.54135716845366829e-06
 1.14266666666666666e+02 1.14400000000000006e+02 4.61248429230889847e-03 2.56491538831991727e-06
 1.14400000000000006e+02 1.14533333333333331e+02 4.59854843030085836e-03 2.54371293906257660e-06
 1.14533333333333331e+02 1.14666666666666671e+02 4.57159474833478824e-03 2.51757711656326954e-06
 1.14666666666666671e+02 1.14799999999999997e+02 4.54654500328095530e-03 2.52704665555376140e-06
 1.14799999999999997e+02 1.14933333333333337e+02 4.53180654980434982e-03 2.57746371737055223e-06
 1.14933333333333337e+02 1.15066666666666663e+02 4.51332334782497159e-03 2.59085134343469799e-06
 1.15066666666666663e+02 1.15200000000000003e+02 4.48861540756980652e-03 2.50035980323952546e-06
 1.15200000000000003e+02 1.15333333333333329e+02 4.46780225474494117e-03 2.48848270845275047e-06
 1.15333333333333329e+02 1.15466666666666669e+02 4.44775725616766010e-03 2.56099612627332213e-06
 1.15466666666666669e+02 1.15599999999999994e+02 4.42019060749633194e-03 2.57124977416256847e-06
 1.15599999999999994e+02 1.15733333333333334e+02 4.40017498341969439e-03 2.41033364346802487e-06
 1.15733333333333334e+02 1.15866666666666660e+02 4.37577397102861983e-03 2.42633330387846482e-06
 1.15866666666666660e+02 1.16000000000000000e+02 4.35627680546641586e-03 2.42380777026062696e-06
 1.16000000000000000e+02 1.16133333333333340e+02 4.33423064577389237e-03 2.38758753580865347e-06
 1.16133333333333340e+02 1.16266666666666666e+02 4.31578095619053297e-03 2.60574337995873776e-06
 1.16266666666666666e+02 1.16400000000000006e+02 4.28739284821022439e-03 2.55876046272960486e-06
 1.16400000000000006e+02 1.16533333333333331e+02 4.26791949782298272e-03 2.45186165190711225e-06
 1.16533333333333331e+02 1.16666666666666671e+02 4.24805423108264978e-03 2.39778282852941138e-06
 1.16666666666666671e+02 1.16799999999999997e+02 4.21741959948921264e-03 2.34181475997220624e-06
 1.16799999999999997e+02 1.16933333333333337e+02 4.19465013405701231e-03 2.98655290945228350e-06
 1.16933333333333337e+02 1.17066666666666663e+02 4.16683462493108552e-03 2.36045409493312730e-06
 1.17066666666666663e+02 1.17200000000000003e+02 4.14321817592507198e-03 2.99908435910914096e-06
 1.17200000000000003e+02 1.17333333333333329e+02 4.11624738399088506e-03 2.44681296823143274e-06
 1.17333333333333329e+02 1.17466666666666669e+02 4.09698316567975139e-03 2.50532990246456815e-06
 1.17466666666666669e+02 1.17599999999999994e+02 4.06865031287347370e-03 2.33016413530484141e-06
 1.17599999999999994e+02 1.17733333333333334e+02 4.04212498493798558e-03 2.33154222863781953e-06
 1.17733333333333334e+02 1.17866666666666660e+02 4.01022798732619118e-03 2.42496804511435801e-06
 1.17866666666666660e+02 1.18000000000000000e+02 3.98957523885155613e-03 3.05745009779314691e-06
 1.18000000000000000e+02 1.18133333333333340e+02 3.95962212208952197e-03 2.42647565872180503e-06
 1.18133333333333340e+02 1.18266666666666666e+02 3.93087206026639449e-03 2.31483163579652092e-06
 1.18266666666666666e+02 1.18400000000000006e+02 3.90665084466085537e-03 2.29647533011717434e-06
 1.18400000000000006e+02 1.18533333333333331e+02 3.87477552104672487e-03 2.30125203072717709e-06
 1.18533333333333331e+02 1.18666666666666671e+02 3.84858868415311915e-03 2.31268087985998249e-06
 1.18666666666666671e+02 1.18799999999999997e+02 3.82117395927771084e-03 2.26611672118090356e-06
 1.18799999999999997e+02 1.18933333333333337e+02 3.79691980862097980e-03 2.31667189271901227e-06
 1.18933333333333337e+02 1.19066666666666663e+02 3.76130134026975540e-03 2.21874508893917076e-06
 1.19066666666666663e+02 1.19200000000000003e+02 3.72966576628480694e-03 2.26230378669600729e-06
 1.19200000000000003e+02 1.19333333333333329e+02 3.70210191172279336e-03 2.26738311948473700e-06
 1.19333333333333329e+02 1.19466666666666669e+02 3.67283346455537585e-03 2.23716668729822962e-06
 1.19466666666666669e+02 1.19599999999999994e+02 3.64188816329722711e-03 2.17270620738656353e-06
 1.19599999999999994e+02 1.19733333333333334e+02 3.60820097823824192e-03 2.22194469175001451e-06
 1.19733333333333334e+02 1.19866666666666660e+02 3.57930959571645980e-03 2.30261707145217030e-06
 1.19866666666666660e+02 1.20000000000000000e+02 3.54434571913958942e-03 2.21019551063878105e-06
 1.20000000000000000e+02 1.20133333333333340e+02 3.51265275896641077e-03 2.20731839505845157e-06
 1.20133333333333340e+02 1.20266666666666666e+02 3.47810644271287148e-03 2.18774317103180719e-06
 1.20266666666666666e+02 1.20400000000000006e+02 3.44819229492460610e-03 2.16270132860985463e-06
 1.20400000000000006e+02 1.20533333333333331e+02 3.41576909084602507e-03 2.13714056720808648e-06
 1.20533333333333331e+02 1.20666666666666671e+02 3.37806735466937395e-03 2.23512320094692088e-06
 1.20666666666666671e+02 1.20799999999999997e+02 3.34294578202046612e-03 2.11963506352506792e-06
 1.20799999999999997e+02 1.20933333333333337e+02 3.31437333765117158e-03 2.13966177793320179e-06
 1.20933333333333337e+02 1.21066666666666663e+02 3.27713780764487487e-03 2.15417127285352845e-06
 1.21066666666666663e+02 1.21200000000000003e+02 3.24338583522855656e-03 2.11889752456010654e-06
 1.21200000000000003e+02 1.21333333333333329e+02 3.20566971438374787e-03 2.17191442669744009e-06
 1.21333333333333329e+02 1.21466666666666669e+02 3.16760090356299354e-03 2.14847024345837061e-06
 1.21466666666666669e+02 1.21599999999999994e+02 3.13579776083897869e-03 2.09985545588572148e-06
 1.21599999999999994e+02 1.21733333333333334e+02 3.09406269914496617e-03 2.13323615234391658e-06
 1.21733333333333334e+02 1.21866666666666660e+02 3.05629066091895859e-03 2.10032550855698454e-06
 1.21866666666666660e+02 1.22000000000000000e+02 3.01961805499793021e-03 2.21577973498719826e-06
 1.22000000000000000e+02 1.22133333333333340e+02 2.97621452464548464e-03 1.99088472787435192e-06
 1.22133333333333340e+02 1.22266666666666666e+02 2.93714261547085289e-03 2.07028194021610143e-06
 1.22266666666666666e+02 1.22400000000000006e+02 2.90083999833061924e-03 2.01382547387583934e-06
 1.22400000000000006e+02 1.22533333333333331e+02 2.86226250160546416e-03 5.08385203361330829e-06
 1.22533333333333331e+02 1.22666666666666671e+02 2.81545641778509301e-03 2.02224811324436967e-06
 1.22666666666666671e+02 1.22799999999999997e+02 2.77746964644116434e-03 2.10971301434040167e-06
 1.22799999999999997e+02 1.22933333333333337e+02 2.73283377156090463e-03 2.65961918436814640e-06
 1.22933333333333337e+02 1.23066666666666663e+02 2.68650705766790635e-03 2.21673236564688909e-06
 1.23066666666666663e+02 1.23200000000000003e+02 2.64419574709847663e-03 1.95048423829221959e-06
 1.23200000000000003e+02 1.23333333333333329e+02 2.59774797505396516e-03 1.90387131854787386e-06
 1.23333333333333329e+02 1.23466666666666669e+02 2.55281004607222674e-03 1.89527573388101193e-06
 1.23466666666666669e+02 1.23599999999999994e+02 2.50170106471329446e-03 1.94814820000781257e-06
 1.23599999999999994e+02 1.23733333333333334e+02 2.45722073840576836e-03 1.94575037118942975e-06
 1.23733333333333334e+02 1.23866666666666660e+02 2.40644565930835152e-03 1.89033148343888471e-06
 1.23866666666666660e+02 1.24000000000000000e+02 2.35913530977707774e-03 1.95565681300011192e-06
 1.24000000000000000e+02 1.24133333333333340e+02 2.30518631694193350e-03 1.78886798860276544e-06
 1.24133333333333340e+02 1.24266666666666666e+02 2.25842687057776657e-03 1.88483829486463529e-06
 1.24266666666666666e+02 1.24400000000000006e+02 2.20687107434334052e-03 2.03692422151774298e-06
 1.24400000000000006e+02 1.24533333333333331e+02 2.14881515809745970e-03 1.75919974906779892e-06
 1.24533333333333331e+02 1.24666666666666671e+02 2.09932281642784269e-03 1.79624358248314332e-06
 1.24666666666666671e+02 1.24799999999999997e+02 2.04617140316661452e-03 1.80697403705784914e-06
 1.24799999999999997e+02 1.24933333333333337e+02 1.99371412227207327e-03 2.10063202617626944e-06
 1.24933333333333337e+02 1.25066666666666663e+02 1.93432678640273492e-03 1.72237275588222227e-06
 1.25066666666666663e+02 1.25200000000000003e+02 1.88014042146953785e-03 1.77592058485284416e-06
 1.25200000000000003e+02 1.25333333333333329e+02 1.82796644516855034e-03 1.66308182649292653e-06
 1.25333333333333329e+02 1.25466666666666669e+02 1.77223762402061043e-03 1.62991335650437446e-06
 1.25466666666666669e+02 1.25599999999999994e+02 1.72301714467034263e-03 1.82295753549728179e-06
 1.25599999999999994e+02 1.25733333333333334e+02 1.66802085371092041e-03 1.73800655046637969e-06
 1.25733333333333334e+02 1.25866666666666660e+02 1.61169051060934760e-03 1.79691888945502517e-06
 1.25866666666666660e+02 1.26000000000000000e+02 1.55660363423145592e-03 1.58213486145117887e-06
 1.26000000000000000e+02 1.26133333333333340e+02 1.50132020155018019e-03 1.56204957835188829e-06
 1.26133333333333340e+02 1.26266666666666666e+02 1.44715817105825614e-03 1.53874146439998149e-06
 1.26266666666666666e+02 1.26400000000000006e+02 1.39467703755172950e-03 1.67222592172039005e-06
 1.26400000000000006e+02 1.26533333333333331e+02 1.34106031260658519e-03 1.86519678422170339e-06
 1.26533333333333331e+02 1.26666666666666671e+02 1.28624346098922364e-03 1.44727323592067494e-06
 1.26666666666666671e+02 1.26799999999999997e+02 1.23625948257067176e-03 1.89055795109168982e-06
 1.26799999999999997e+02 1.26933333333333337e+02 1.18124159611341078e-03 1.48995003187811083e-06
 1.26933333333333337e+02 1.27066666666666663e+02 1.12756341027913818e-03 1.38471376912651933e-06
 1.27066666666666663e+02 1.27200000000000003e+02 1.07808811207099121e-03 1.47966628978265209e-06
 1.27200000000000003e+02 1.27333333333333329e+02 1.02261254694609237e-03 1.31842541300304224e-06
 1.27333333333333329e+02 1.27466666666666669e+02 9.69409917286293541e-04 1.31362321488397051e-06
 1.27466666666666669e+02 1.27599999999999994e+02 9.16401157496332880e-04 1.25873412406657068e-06
 1.27599999999999994e+02 1.27733333333333334e+02 8.67458315688336571e-04 1.23380272068902749e-06
 1.27733333333333334e+02 1.27866666666666660e+02 8.14301345931530188e-04 1.24809122238816416e-06
 1.27866666666666660e+02 1.28000000000000000e+02 7.64533673213382142e-04 1.19517949129969174e-06
 1.28000000000000000e+02 1.28133333333333326e+02 7.12425022965027053e-04 1.25439055341235824e-06
 1.28133333333333326e+02 1.28266666666666652e+02 6.62870306426524536e-04 1.22648364432901512e-06
 1.28266666666666652e+02 1.28400000000000006e+02 6.11161083854140142e-04 1.14401084154310780e-06
 1.28400000000000006e+02 1.28533333333333331e+02 5.61679292941907643e-04 1.14516480676704623e-06
 1.28533333333333331e+02 1.28666666666666686e+02 5.11681880475818498e-04 1.08932402096619014e-06
 1.28666666666666686e+02 1.28800000000000011e+02 4.61998782441706780e-04 1.02629220932349250e-06
 1.28800000000000011e+02 1.28933333333333337e+02 4.12576925402346984e-04 9.58089999874483612e-07
 1.28933333333333337e+02 1.29066666666666663e+02 3.64119657804195705e-04 1.09898290588156215e-06
 1.29066666666666663e+02 1.29199999999999989e+02 3.12647102342034577e-04 9.01166327662207691e-07
 1.29199999999999989e+02 1.29333333333333314e+02 2.65378859452493907e-04 8.24342009619663592e-07
 1.29333333333333314e+02 1.29466666666666669e+02 2.17196577786783518e-04 8.08006876096250038e-07
 1.29466666666666669e+02 1.29599999999999994e+02 1.68841526496245749e-04 7.31353527062054034e-07
 1.29599999999999994e+02 1.29733333333333348e+02 1.19638318711437499e-04 5.76452205237098559e-07
 1.29733333333333348e+02 1.29866666666666674e+02 7.18768620144382786e-05 5.23201459834903672e-07
 1.29866666666666674e+02 1.30000000000000000e+02 2.39808766699890450e-05 3.00829026553795635e-07

Histogram:leg
 2.00000000000000000e+01 2.07416666666666671e+01 8.26124769459641857e-04 5.47488444014127512e-07
 2.07416666666666671e+01 2.14833333333333343e+01 8.01496866499745611e-04 5.72334005920581996e-07
 2.14833333333333343e+01 2.22250000000000014e+01 7.78441569977491037e-04 5.26385391306985599e-07
 2.22250000000000014e+01 2.29666666666666686e+01 7.58041325271798850e-04 5.50189081068280100e-07
 2.29666666666666686e+01 2.37083333333333321e+01 7.39065002138031410e-04 5.13768458303551931e-07
 2.37083333333333321e+01 2.44499999999999993e+01 7.19382113882695447e-04 4.95606822923510111e-07
 2.44499999999999993e+01 2.51916666666666664e+01 7.02199681429345490e-04 4.78275585795727729e-07
 2.51916666666666664e+01 2.59333333333333336e+01 6.85251924709689682e-04 4.64833012298538438e-07
 2.59333333333333336e+01 2.66750000000000007e+01 6.70312603648182603e-04 4.68797141613400105e-07
 2.66750000000000007e+01 2.74166666666666679e+01 6.55506962685683918e-04 4.49687211345037647e-07
 2.74166666666666679e+01 2.81583333333333314e+01 6.43444922041251687e-04 7.11720223150305770e-07
 2.81583333333333314e+01 2.88999999999999986e+01 6.30232613431705381e-04 4.66876632187562655e-07
 2.88999999999999986e+01 2.96416666666666657e+01 6.15999104516809916e-04 4.28274856579524374e-07
 2.96416666666666657e+01 3.03833333333333329e+01 6.06144651053045977e-04 4.56193706424809053e-07
 3.03833333333333329e+01 3.11250000000000000e+01 5.94732518266439039e-04 4.23745709332388081e-07
 3.11250000000000000e+01 3.18666666666666671e+01 5.85061175684266073e-04 4.38960529280790967e-07
 3.18666666666666671e+01 3.26083333333333343e+01 5.75119101437247186e-04 4.29617566777161639e-07
 3.26083333333333343e+01 3.33500000000000014e+01 5.65835593194581122e-04 5.02691088778894374e-07
 3.33500000000000014e+01 3.40916666666666686e+01 5.56251812236019123e-04 4.14830417688504160e-07
 3.40916666666666686e+01 3.48333333333333357e+01 5.47776331092937282e-04 4.03110538679558235e-07
 3.48333333333333357e+01 3.55750000000000028e+01 5.39969978240644908e-04 3.99350047554211008e-07
 3.55750000000000028e+01 3.63166666666666629e+01 5.32737192251346928e-04 4.01129237620050171e-07
 3.63166666666666629e+01 3.70583333333333371e+01 5.25309136630833446e-04 3.99313371801836797e-07
 3.70583333333333371e+01 3.77999999999999972e+01 5.18252394160481460e-04 4.13756950695041482e-07
 3.77999999999999972e+01 3.85416666666666714e+01 5.11283496061979543e-04 3.79562109496497328e-07
 3.85416666666666714e+01 3.92833333333333314e+01 5.05354947707365235e-04 3.75120479786243329e-07
 3.92833333333333314e+01 4.00249999999999986e+01 4.99356105614000897e-04 4.12990560655506371e-07
 4.00249999999999986e+01 4.07666666666666657e+01 4.93753894715921889e-04 3.67949723656920965e-07
 4.07666666666666657e+01 4.15083333333333329e+01 4.88261325125702761e-04 3.85645020709529116e-07
 4.15083333333333329e+01 4.22500000000000000e+01 4.83238562785980779e-04 3.65832713333949286e-07
 4.22500000000000000e+01 4.29916666666666671e+01 4.78994792066664320e-04 3.76664565672033586e-07
 4.29916666666666671e+01 4.37333333333333343e+01 4.73277475745232138e-04 3.69856626915328732e-07
 4.37333333333333343e+01 4.44750000000000014e+01 4.69622218632424608e-04 3.72304035905770279e-07
 4.44750000000000014e+01 4.52166666666666686e+01 4.64950727115467498e-04 3.78002387832429993e-07
 4.52166666666666686e+01 4.59583333333333286e+01 4.60978193786250844e-04 4.02990267504048872e-07
 4.59583333333333286e+01 4.67000000000000028e+01 4.56848117775269830e-04 3.70887437479601835e-07
 4.67000000000000028e+01 4.74416666666666629e+01 4.53478627840418866e-04 3.75862651999412070e-07
 4.74416666666666629e+01 4.81833333333333371e+01 4.50819358428410360e-04 5.04555559059742554e-07
 4.81833333333333371e+01 4.89249999999999972e+01 4.48830257769277600e-04 4.74190014105034081e-07
 4.89249999999999972e+01 4.96666666666666714e+01 4.47531809833878053e-04 3.65663698955979146e-07
 4.96666666666666714e+01 5.04083333333333314e+01 4.46934894737584004e-04 3.51563999328957428e-07
 5.04083333333333314e+01 5.11499999999999986e+01 4.46689201527003044e-04 3.47180552834767652e-07
 5.11499999999999986e+01 5.18916666666666657e+01 4.45853400636561702e-04 3.65298821839965232e-07
 5.18916666666666657e+01 5.26333333333333329e+01 4.45223706000973899e-04 3.51234988065197176e-07
 5.26333333333333329e+01 5.33750000000000000e+01 4.45018419489237496e-04 3.81430262737866804e-07
 5.33750000000000000e+01 5.41166666666666671e+01 4.44446600582327881e-04 3.78451831332032762e-07
 5.41166666666666671e+01 5.48583333333333343e+01 4.44401990138982932e-04 3.49552449445867390e-07
 5.48583333333333343e+01 5.56000000000000014e+01 4.44786443533615997e-04 3.52738146342852751e-07
 5.56000000000000014e+01 5.63416666666666686e+01 4.45327169566311649e-04 5.04732201649115478e-07
 5.63416666666666686e+01 5.70833333333333357e+01 4.44079055992622161e-04 3.40841609061249522e-07
 5.70833333333333357e+01 5.78250000000000028e+01 4.44098015394412066e-04 3.43276157193629478e-07
 5.78250000000000028e+01 5.85666666666666700e+01 4.45360005946300586e-04 9.39082483695782108e-07
 5.85666666666666700e+01 5.93083333333333300e+01 4.45051938996353293e-04 3.38837395627403666e-07
 5.93083333333333300e+01 6.00499999999999972e+01 4.46085796572414566e-04 3.40791234816596353e-07
 6.00499999999999972e+01 6.07916666666666643e+01 4.46301263891964238e-04 3.34691051084983122e-07
 6.07916666666666643e+01 6.15333333333333314e+01 4.47129777333437467e-04 3.46906440328538223e-07
 6.15333333333333314e+01 6.22749999999999986e+01 4.47643580094003984e-04 3.48162719456850693e-07
 6.22749999999999986e+01 6.30166666666666657e+01 4.48697168911868396e-04 3.99705696801951023e-07
 6.30166666666666657e+01 6.37583333333333329e+01 4.50073404114648265e-04 3.39249811381012122e-07
 6.37583333333333329e+01 6.45000000000000000e+01 4.51825978536389333e-04 3.52289753060361359e-07
 6.45000000000000000e+01 6.52416666666666742e+01 4.52332904005707699e-04 3.32997314971666303e-07
 6.52416666666666742e+01 6.59833333333333343e+01 4.54145742103152783e-04 3.41960205428461745e-07
 6.59833333333333343e+01 6.67249999999999943e+01 4.55327826646175827e-04 3.45440404658972665e-07
 6.67249999999999943e+01 6.74666666666666686e+01 4.56796974961436002e-04 3.57142132954941436e-07
 6.74666666666666686e+01 6.82083333333333428e+01 4.59152020662521333e-04 3.39984992005827488e-07
 6.82083333333333428e+01 6.89500000000000028e+01 4.60732948040747461e-04 3.44633873801711182e-07
 6.89500000000000028e+01 6.96916666666666629e+01 4.62533996348438539e-04 3.43515438824661024e-07
 6.96916666666666629e+01 7.04333333333333371e+01 4.64986685600029246e-04 3.45212830660046984e-07
 7.04333333333333371e+01 7.11749999999999972e+01 4.67781951507159751e-04 3.73531939785511227e-07
 7.11749999999999972e+01 7.19166666666666572e+01 4.70018567951683728e-04 3.44429166407229314e-07
 7.19166666666666572e+01 7.26583333333333314e+01 4.72374762700680784e-04 3.50368317087231387e-07
 7.26583333333333314e+01 7.34000000000000057e+01 4.75558326950352753e-04 3.43902631791946230e-07
 7.34000000000000057e+01 7.41416666666666657e+01 4.78799555771398542e-04 3.46084519632527062e-07
 7.41416666666666657e+01 7.48833333333333258e+01 4.82519306582685880e-04 3.43579152856682616e-07
 7.48833333333333258e+01 7.56250000000000000e+01 4.86556890552755584e-04 3.45922238665407837e-07
 7.56250000000000000e+01 7.63666666666666742e+01 4.89527372525273559e-04 3.46139821035725296e-07
 7.63666666666666742e+01 7.71083333333333343e+01 4.94902729055758119e-04 3.49458001639538895e-07
 7.71083333333333343e+01 7.78499999999999943e+01 4.99823821835069116e-04 3.49033721050505869e-07
 7.78499999999999943e+01 7.85916666666666686e+01 5.04628666344389301e-04 3.55484446080211041e-07
 7.85916666666666686e+01 7.93333333333333428e+01 5.09822455278371913e-04 3.50780818830270507e-07
 7.93333333333333428e+01 8.00750000000000028e+01 5.16629323973260440e-04 3.55065118145903054e-07
 8.00750000000000028e+01 8.08166666666666629e+01 5.22274105437314242e-04 3.67443482978100911e-07
 8.08166666666666629e+01 8.15583333333333371e+01 5.29384239097555921e-04 3.57898612558727750e-07
 8.15583333333333371e+01 8.22999999999999972e+01 5.37128306401742192e-04 3.57190609274636480e-07
 8.22999999999999972e+01 8.30416666666666572e+01 5.45610098841700750e-04 3.74584193492600295e-07
 8.30416666666666572e+01 8.37833333333333314e+01 5.53326696393767773e-04 3.78810052856728370e-07
 8.37833333333333314e+01 8.45250000000000057e+01 5.64775741985690661e-04 4.03302394303722848e-07
 8.45250000000000057e+01 8.52666666666666657e+01 5.75609611489724129e-04 3.91319591286703062e-07
 8.52666666666666657e+01 8.60083333333333400e+01 5.87747566140977857e-04 3.90461842750202287e-07
 8.60083333333333400e+01 8.67500000000000000e+01 6.01791049796342355e-04 3.81462132689631760e-07
 8.67500000000000000e+01 8.74916666666666600e+01 6.18188594345911663e-04 3.91728176876039884e-07
 8.74916666666666600e+01 8.82333333333333343e+01 6.36567453886641588e-04 3.90826909903057000e-07
 8.82333333333333343e+01 8.89749999999999943e+01 6.58206217432483523e-04 4.54133827771902888e-07
 8.89749999999999943e+01 8.97166666666666686e+01 6.83774973626688010e-04 3.95109500604543119e-07
 8.97166666666666686e+01 9.04583333333333286e+01 7.16150931641530448e-04 4.20026541153072389e-07
 9.04583333333333286e+01 9.12000000000000028e+01 7.58247989036670792e-04 4.38195873584851267e-07
 9.12000000000000028e+01 9.19416666666666629e+01 8.16284780605603505e-04 4.50711671811171654e-07
 9.19416666666666629e+01 9.26833333333333371e+01 9.11920428719231540e-04 5.26749716086284180e-07
 9.26833333333333371e+01 9.34249999999999972e+01 1.29165614437717511e-03 1.01255153711156474e-06
 9.34249999999999972e+01 9.41666666666666714e+01 2.19638789368868832e-03 1.79029365974204111e-06
 9.41666666666666714e+01 9.49083333333333314e+01 2.17389972239068630e-03 1.17157519597219864e-06
 9.49083333333333314e+01 9.56500000000000057e+01 2.15486689216888485e-03 8.28452762154448567e-07
 9.56500000000000057e+01 9.63916666666666657e+01 2.13487952154078767e-03 7.28929543158192018e-07
 9.63916666666666657e+01 9.71333333333333400e+01 2.11538921900799931e-03 7.00070049043921795e-07
 9.71333333333333400e+01 9.78750000000000000e+01 2.09676094787700175e-03 6.92680595170304306e-07
 9.78750000000000000e+01 9.86166666666666600e+01 2.07718771821849019e-03 6.74251783243896204e-07
 9.86166666666666600e+01 9.93583333333333343e+01 2.05741980706724073e-03 6.86882824011335836e-07
 9.93583333333333343e+01 1.00099999999999994e+02 2.03935361724430280e-03 6.63610203459917337e-07
 1.00099999999999994e+02 1.00841666666666669e+02 2.02113395158023479e-03 6.62498713946527131e-07
 1.00841666666666669e+02 1.01583333333333329e+02 2.00391284904759661e-03 6.62117913800208068e-07
 1.01583333333333329e+02 1.02325000000000003e+02 1.98493439205463034e-03 6.54376523204442414e-07
 1.02325000000000003e+02 1.03066666666666663e+02 1.96909283532668237e-03 7.42558625865429697e-07
 1.03066666666666663e+02 1.03808333333333337e+02 1.95172950673681107e-03 1.11174077643702007e-06
 1.03808333333333337e+02 1.04549999999999997e+02 1.93490431808450761e-03 6.35757392319283073e-07
 1.04549999999999997e+02 1.05291666666666671e+02 1.91777033370394367e-03 6.35851310233907096e-07
 1.05291666666666671e+02 1.06033333333333331e+02 1.90019513801176947e-03 6.60453655731995906e-07
 1.06033333333333331e+02 1.06775000000000006e+02 1.88425985211667095e-03 6.28430347093508796e-07
 1.06775000000000006e+02 1.07516666666666666e+02 1.86812291955125269e-03 6.36469184353090964e-07
 1.07516666666666666e+02 1.08258333333333340e+02 1.85246265657629033e-03 6.24502912884493604e-07
 1.08258333333333340e+02 1.09000000000000000e+02 1.83776240736684224e-03 7.06687897864218271e-07
 1.09000000000000000e+02 1.09741666666666660e+02 1.82193821229737732e-03 6.25885578066341210e-07
 1.09741666666666660e+02 1.10483333333333334e+02 1.80670963034663783e-03 6.23705262535306700e-07
 1.10483333333333334e+02 1.11224999999999994e+02 1.79259578057177943e-03 6.23042907159041351e-07
 1.11224999999999994e+02 1.11966666666666669e+02 1.77721568721182473e-03 1.19302380035771302e-06
 1.11966666666666669e+02 1.12708333333333329e+02 1.76183685390868348e-03 6.09622117330881488e-07
 1.12708333333333329e+02 1.13450000000000003e+02 1.74713699427283056e-03 6.00592895169696460e-07
 1.13450000000000003e+02 1.14191666666666663e+02 1.73235084244190976e-03 6.02821954810218872e-07
 1.14191666666666663e+02 1.14933333333333337e+02 1.72093183234446178e-03 6.44073255437102960e-07
 1.14933333333333337e+02 1.15674999999999997e+02 1.70598208464742165e-03 5.95455412294711131e-07
 1.15674999999999997e+02 1.16416666666666671e+02 1.69285553999352673e-03 7.01326484374704610e-07
 1.16416666666666671e+02 1.17158333333333331e+02 1.67780411557606366e-03 5.97279929873892381e-07
 1.17158333333333331e+02 1.17900000000000006e+02 1.66353561345276521e-03 5.90517328821211113e-07
 1.17900000000000006e+02 1.18641666666666666e+02 1.65159249535911713e-03 5.95799292798266667e-07
 1.18641666666666666e+02 1.19383333333333340e+02 1.63832275067051728e-03 7.57878284488928040e-07
 1.19383333333333340e+02 1.20125000000000000e+02 1.62591093618491209e-03 5.96504761647887283e-07
 1.20125000000000000e+02 1.20866666666666660e+02 1.61323770603166695e-03 5.79677301447885469e-07
 1.20866666666666660e+02 1.21608333333333334e+02 1.60073172596096060e-03 5.80376198992403109e-07
 1.21608333333333334e+02 1.22349999999999994e+02 1.58828293695115826e-03 5.82205316760505910e-07
 1.22349999999999994e+02 1.23091666666666669e+02 1.57579652161210829e-03 5.76586110605852625e-07
 1.23091666666666669e+02 1.23833333333333329e+02 1.56283334743981261e-03 5.71467096086915767e-07
 1.23833333333333329e+02 1.24575000000000003e+02 1.55172309327323470e-03 5.84722346084122492e-07
 1.24575000000000003e+02 1.25316666666666663e+02 1.54094943067702769e-03 6.52063539171906664e-07
 1.25316666666666663e+02 1.26058333333333337e+02 1.52763890546344207e-03 5.57586441251933445e-07
 1.26058333333333337e+02 1.26799999999999997e+02 1.51822617441033244e-03 6.21661273842901685e-07
 1.26799999999999997e+02 1.27541666666666671e+02 1.50518291675317412e-03 5.60903368041702755e-07
 1.27541666666666671e+02 1.28283333333333331e+02 1.49426228169485115e-03 5.65043842229547831e-07
 1.28283333333333331e+02 1.29025000000000006e+02 1.48365052166131092e-03 5.66108311750464461e-07
 1.29025000000000006e+02 1.29766666666666652e+02 1.47377626982038413e-03 6.01638674147834341e-07
 1.29766666666666652e+02 1.30508333333333326e+02 1.46187226440872334e-03 5.81336189934382938e-07
 1.30508333333333326e+02 1.31250000000000000e+02 1.45097857521899625e-03 5.58235018232632604e-07
 1.31250000000000000e+02 1.31991666666666674e+02 1.43982468233092280e-03 5.65435516338273407e-07
 1.31991666666666674e+02 1.32733333333333348e+02 1.42907855590363093e-03 5.54142039009574697e-07
 1.32733333333333348e+02 1.33474999999999994e+02 1.41911358630687529e-03 5.37239677940969700e-07
 1.33474999999999994e+02 1.34216666666666669e+02 1.40896617835976055e-03 5.47909738068741319e-07
 1.34216666666666669e+02 1.34958333333333314e+02 1.39902445878275117e-03 5.37121597183806577e-07
 1.34958333333333314e+02 1.35699999999999989e+02 1.38899746543280373e-03 5.39891835095035970e-07
 1.35699999999999989e+02 1.36441666666666663e+02 1.37923606141791746e-03 5.76442868014450137e-07
 1.36441666666666663e+02 1.37183333333333337e+02 1.36828110250916441e-03 5.41375524779423370e-07
 1.37183333333333337e+02 1.37925000000000011e+02 1.35920893294613635e-03 5.35200847811141491e-07
 1.37925000000000011e+02 1.38666666666666686e+02 1.34908610195915444e-03 5.56413406442449153e-07
 1.38666666666666686e+02 1.39408333333333331e+02 1.33960450340526809e-03 5.32788129156529502e-07
 1.39408333333333331e+02 1.40150000000000006e+02 1.33159291491375667e-03 5.34390114304951395e-07
 1.40150000000000006e+02 1.40891666666666652e+02 1.32131435610533757e-03 5.20191442148992557e-07
 1.40891666666666652e+02 1.41633333333333326e+02 1.31215315324468315e-03 5.24277231942592552e-07
 1.41633333333333326e+02 1.42375000000000000e+02 1.30340116196527825e-03 5.21600220652374151e-07
 1.42375000000000000e+02 1.43116666666666674e+02 1.29439834599509433e-03 5.18954244538127616e-07
 1.43116666666666674e+02 1.43858333333333348e+02 1.28521000109759679e-03 5.21524306295242734e-07
 1.43858333333333348e+02 1.44599999999999994e+02 1.27645321224125873e-03 5.20132064770809996e-07
 1.44599999999999994e+02 1.45341666666666669e+02 1.26702751686210867e-03 5.61156286816972758e-07
 1.45341666666666669e+02 1.46083333333333314e+02 1.25940667166896808e-03 5.16344376180144501e-07
 1.46083333333333314e+02 1.46824999999999989e+02 1.25068808799732125e-03 5.23481253551086219e-07
 1.46824999999999989e+02 1.47566666666666663e+02 1.24268676323678129e-03 5.42792110152661366e-07
 1.47566666666666663e+02 1.48308333333333337e+02 1.23362565001401019e-03 5.22175542437885285e-07
 1.48308333333333337e+02 1.49050000000000011e+02 1.22594242758613798e-03 5.31691378733365878e-07
 1.49050000000000011e+02 1.49791666666666657e+02 1.21739246996855634e-03 5.22675953206555022e-07
 1.49791666666666657e+02 1.50533333333333331e+02 1.20935219628598455e-03 5.07603853420616782e-07
 1.50533333333333331e+02 1.51275000000000006e+02 1.20042423225732607e-03 5.16016853288675238e-07
 1.51275000000000006e+02 1.52016666666666680e+02 1.19313903396207357e-03 5.06833546987511236e-07
 1.52016666666666680e+02 1.52758333333333326e+02 1.18577760846442148e-03 4.96258358181382945e-07
 1.52758333333333326e+02 1.53500000000000000e+02 1.17811089135327657e-03 5.03745646381380955e-07
 1.53500000000000000e+02 1.54241666666666674e+02 1.16957878796058318e-03 5.01216832895487500e-07
 1.54241666666666674e+02 1.54983333333333320e+02 1.16283956043524415e-03 4.96687784112183682e-07
 1.54983333333333320e+02 1.55724999999999994e+02 1.15543642626254797e-03 4.98536157318677563e-07
 1.55724999999999994e+02 1.56466666666666669e+02 1.14695392349024178e-03 5.11052934269170252e-07
 1.56466666666666669e+02 1.57208333333333343e+02 1.13990645187346420e-03 4.90086042912412514e-07
 1.57208333333333343e+02 1.57949999999999989e+02 1.13181503557757213e-03 4.86259768869782102e-07
 1.57949999999999989e+02 1.58691666666666663e+02 1.12544521849390557e-03 5.09230190382296319e-07
 1.58691666666666663e+02 1.59433333333333337e+02 1.11810304813671517e-03 4.86770458379317372e-07
 1.59433333333333337e+02 1.60175000000000011e+02 1.11157984585021747e-03 4.85376386422004985e-07
 1.60175000000000011e+02 1.60916666666666657e+02 1.10359316201818635e-03 4.80709967734745767e-07
 1.60916666666666657e+02 1.61658333333333331e+02 1.09705922571006918e-03 5.64353097411394750e-07
 1.61658333333333331e+02 1.62400000000000006e+02 1.08963295676625378e-03 4.89732631843053739e-07
 1.62400000000000006e+02 1.63141666666666680e+02 1.08244087187913340e-03 4.81193764495084278e-07
 1.63141666666666680e+02 1.63883333333333326e+02 1.07601412520472021e-03 4.85133625229913036e-07
 1.63883333333333326e+02 1.64625000000000000e+02 1.06900887003458581e-03 4.84428228640633129e-07
 1.64625000000000000e+02 1.65366666666666674e+02 1.06311746410381151e-03 6.93131437861254721e-07
 1.65366666666666674e+02 1.66108333333333320e+02 1.05510727415800338e-03 4.73960889580937321e-07
 1.66108333333333320e+02 1.66849999999999994e+02 1.04904169007094192e-03 4.76259765586131022e-07
 1.66849999999999994e+02 1.67591666666666669e+02 1.04250892602595398e-03 4.64694443392494459e-07
 1.67591666666666669e+02 1.68333333333333343e+02 1.03565078670301083e-03 4.72827880985723917e-07
 1.68333333333333343e+02 1.69074999999999989e+02 1.03041608704446011e-03 4.73532627349761430e-07
 1.69074999999999989e+02 1.69816666666666663e+02 1.02283879330701695e-03 4.73948456584067694e-07
 1.69816666666666663e+02 1.70558333333333337e+02 1.01669996812539976e-03 4.81104810608936133e-07
 1.70558333333333337e+02 1.71300000000000011e+02 1.01106080689181165e-03 4.65218748730640023e-07
 1.71300000000000011e+02 1.72041666666666657e+02 1.00495027741072016e-03 4.65028743745615756e-07
 1.72041666666666657e+02 1.72783333333333331e+02 9.98210476950515567e-04 4.56052304602393266e-07
 1.72783333333333331e+02 1.73525000000000006e+02 9.92374197603209047e-04 4.66449181359201624e-07
 1.73525000000000006e+02 1.74266666666666680e+02 9.86293484876903884e-04 4.56157892205714822e-07
 1.74266666666666680e+02 1.75008333333333326e+02 9.79829695253015085e-04 4.64995877244131168e-07
 1.75008333333333326e+02 1.75750000000000000e+02 9.74578979429670646e-04 4.63380657694712665e-07
 1.75750000000000000e+02 1.76491666666666674e+02 9.68294893499087295e-04 4.58722701180016602e-07
 1.76491666666666674e+02 1.77233333333333320e+02 9.62793122666759328e-04 4.71910095880248519e-07
 1.77233333333333320e+02 1.77974999999999994e+02 9.57090797602559913e-04 4.52802095081126864e-07
 1.77974999999999994e+02 1.78716666666666669e+02 9.51742002662685715e-04 4.84181690888514508e-07
 1.78716666666666669e+02 1.79458333333333343e+02 9.46381229669835604e-04 4.65960495178759495e-07
 1.79458333333333343e+02 1.80199999999999989e+02 9.39390719950314334e-04 4.53944901472767566e-07
 1.80199999999999989e+02 1.80941666666666663e+02 9.33936498320103942e-04 4.55864894879869369e-07
 1.80941666666666663e+02 1.81683333333333337e+02 9.28086057735339354e-04 4.49687942565456059e-07
 1.81683333333333337e+02 1.82425000000000011e+02 9.23530709991390430e-04 4.47911770167034216e-07
 1.82425000000000011e+02 1.83166666666666657e+02 9.18033356539695185e-04 4.45246671626007999e-07
 1.83166666666666657e+02 1.83908333333333331e+02 9.12111322502867357e-04 4.40740839342993380e-07
 1.83908333333333331e+02 1.84650000000000006e+02 9.06819758227853556e-04 4.48223633337055343e-07
 1.84650000000000006e+02 1.85391666666666680e+02 9.02132753982426232e-04 4.46957133639049727e-07
 1.85391666666666680e+02 1.86133333333333326e+02 8.95693650288395321e-04 4.79226342715019424e-07
 1.86133333333333326e+02 1.86875000000000000e+02 8.91673352113347864e-04 4.42568035716117537e-07
 1.86875000000000000e+02 1.87616666666666674e+02 8.86214827383034341e-04 4.37513902191879351e-07
 1.87616666666666674e+02 1.88358333333333320e+02 8.81827379657492360e-04 4.53416101190774674e-07
 1.88358333333333320e+02 1.89099999999999994e+02 8.75683102251655966e-04 4.51016959350073798e-07
 1.89099999999999994e+02 1.89841666666666669e+02 8.71152884007543745e-04 4.40613483714305751e-07
 1.89841666666666669e+02 1.90583333333333343e+02 8.65561399806352022e-04 4.22984907760123190e-07
 1.90583333333333343e+02 1.91324999999999989e+02 8.61156463981728980e-04 4.26667673812958742e-07
 1.91324999999999989e+02 1.92066666666666663e+02 8.56195894185196398e-04 4.30697811048421974e-07
 1.92066666666666663e+02 1.92808333333333337e+02 8.50674098042111912e-04 4.38936506279431103e-07
 1.92808333333333337e+02 1.93550000000000011e+02 8.46214657600825870e-04 4.31812441408962026e-07
 1.93550000000000011e+02 1.94291666666666657e+02 8.40716938110880135e-04 4.26600145811344291e-07
 1.94291666666666657e+02 1.95033333333333331e+02 8.36408419700821696e-04 4.23684579709294041e-07
 1.95033333333333331e+02 1.95775000000000006e+02 8.32994245380410531e-04 4.31408551408929356e-07
 1.95775000000000006e+02 1.96516666666666680e+02 8.26623497679305173e-04 4.32391503976883173e-07
 1.96516666666666680e+02 1.97258333333333326e+02 8.22713546468036277e-04 4.23560306024104666e-07
 1.97258333333333326e+02 1.98000000000000000e+02 8.17669818917628622e-04 4.29447577242517414e-07
 1.98000000000000000e+02 1.98741666666666674e+02 8.12859258934336515e-04 4.37024920780874365e-07
 1.98741666666666674e+02 1.99483333333333320e+02 8.09075396441686473e-04 4.32272338145215331e-07
 1.99483333333333320e+02 2.00224999999999994e+02 8.03819192351086878e-04 4.19046058847508587e-07
 2.00224999999999994e+02 2.00966666666666669e+02 7.99732347888254817e-04 4.37755169874212616e-07
 2.00966666666666669e+02 2.01708333333333343e+02 7.95184852608198990e-04 4.14017084912607281e-07
 2.01708333333333343e+02 2.02449999999999989e+02 7.90367245399165551e-04 4.12228603050740973e-07
 2.02449999999999989e+02 2.03191666666666663e+02 7.85834459558852681e-04 4.17004926731953056e-07
 2.03191666666666663e+02 2.03933333333333337e+02 7.82164070109456666e-04 4.41276147104332162e-07
 2.03933333333333337e+02 2.04675000000000011e+02 7.77535549032669793e-04 4.38822984844965584e-07
 2.04675000000000011e+02 2.05416666666666657e+02 7.73837334538993171e-04 4.16940178961798272e-07
 2.05416666666666657e+02 2.06158333333333331e+02 7.70152639906910956e-04 6.66090209330263567e-07
 2.06158333333333331e+02 2.06900000000000006e+02 7.65600328011906985e-04 4.26245481679011588e-07
 2.06900000000000006e+02 2.07641666666666680e+02 7.61005340793683349e-04 4.11900750054741777e-07
 2.07641666666666680e+02 2.08383333333333326e+02 7.56822801505276088e-04 4.02216968033763498e-07
 2.08383333333333326e+02 2.09125000000000000e+02 7.52654517508529472e-04 4.12907319184492748e-07
 2.09125000000000000e+02 2.09866666666666674e+02 7.48236618188095437e-04 4.11476489214520304e-07
 2.09866666666666674e+02 2.10608333333333320e+02 7.44278233648489355e-04 4.07436174337607579e-07
 2.10608333333333320e+02 2.11349999999999994e+02 7.39285414190837993e-04 4.09676001055420941e-07
 2.11349999999999994e+02 2.12091666666666669e+02 7.36338632242343558e-04 4.03668162106867782e-07
 2.12091666666666669e+02 2.12833333333333343e+02 7.31806785125188488e-04 4.16797510492909694e-07
 2.12833333333333343e+02 2.13574999999999989e+02 7.28045183703199001e-04 4.16903789266297167e-07
 2.13574999999999989e+02 2.14316666666666663e+02 7.23840608106503095e-04 4.01423474332553453e-07
 2.14316666666666663e+02 2.15058333333333337e+02 7.20372694074152367e-04 3.96778767894970735e-07
 2.15058333333333337e+02 2.15800000000000011e+02 7.15974209762952206e-04 3.99505991630534633e-07
 2.15800000000000011e+02 2.16541666666666657e+02 7.12027547538273461e-04 4.02385568393321187e-07
 2.16541666666666657e+02 2.17283333333333331e+02 7.08845146691910186e-04 5.05249566487921856e-07
 2.17283333333333331e+02 2.18025000000000006e+02 7.04890014860600064e-04 3.97512980761513405e-07
 2.18025000000000006e+02 2.18766666666666680e+02 7.01620875980242466e-04 3.96063734320943596e-07
 2.18766666666666680e+02 2.19508333333333326e+02 6.97298642780604843e-04 3.99993263649813291e-07
 2.19508333333333326e+02 2.20250000000000000e+02 6.93489735709807678e-04 3.93404457898628090e-07
 2.20250000000000000e+02 2.20991666666666674e+02 6.90125806138689639e-04 3.93894358078421826e-07
 2.20991666666666674e+02 2.21733333333333320e+02 6.86140906992338778e-04 4.07046305461447481e-07
 2.21733333333333320e+02 2.22474999999999994e+02 6.82369872604510295e-04 3.95021232637061548e-07
 2.22474999999999994e+02 2.23216666666666669e+02 6.79029375882005798e-04 3.94563022156848649e-07
 2.23216666666666669e+02 2.23958333333333343e+02 6.75814654660973060e-04 4.23608040258573222e-07
 2.23958333333333343e+02 2.24699999999999989e+02 6.72346021346574129e-04 4.39372576731624784e-07
 2.24699999999999989e+02 2.25441666666666663e+02 6.67988138716786974e-04 3.90429716029678881e-07
 2.25441666666666663e+02 2.26183333333333337e+02 6.64850855173248221e-04 3.85768380147566049e-07
 2.26183333333333337e+02 2.26925000000000011e+02 6.61349069186265644e-04 3.89335538918021804e-07
 2.26925000000000011e+02 2.27666666666666657e+02 6.58354539279782281e-04 3.93368218384728958e-07
 2.27666666666666657e+02 2.28408333333333331e+02 6.54750436217119884e-04 4.50127434064162723e-07
 2.28408333333333331e+02 2.29150000000000006e+02 6.51230381098244471e-04 3.84018405442041989e-07
 2.29150000000000006e+02 2.29891666666666680e+02 6.47507953950874206e-04 3.88989539712202362e-07
 2.29891666666666680e+02 2.30633333333333326e+02 6.44551980678097582e-04 3.86982518932715799e-07
 2.30633333333333326e+02 2.31375000000000000e+02 6.40516593222781815e-04 3.88567653807522091e-07
 2.31375000000000000e+02 2.32116666666666674e+02 6.35934701175779873e-04 1.29557582707552655e-06
 2.32116666666666674e+02 2.32858333333333320e+02 6.33758520804908422e-04 3.75186916337257546e-07
 2.32858333333333320e+02 2.33599999999999994e+02 6.30830375488524689e-04 3.80964614753435489e-07
 2.33599999999999994e+02 2.34341666666666669e+02 6.27434946601922671e-04 3.83403170775575782e-07
 2.34341666666666669e+02 2.35083333333333343e+02 6.24135265242274379e-04 3.88554112533942791e-07
 2.35083333333333343e+02 2.35824999999999989e+02 6.20524404940350359e-04 3.86561375521894110e-07
 2.35824999999999989e+02 2.36566666666666663e+02 6.17480780992646968e-04 3.71073896406231970e-07
 2.36566666666666663e+02 2.37308333333333337e+02 6.14115593775888848e-04 3.83162979112320914e-07
 2.37308333333333337e+02 2.38050000000000011e+02 6.11182244520856624e-04 3.72522801507771158e-07
 2.38050000000000011e+02 2.38791666666666657e+02 6.08588506648763275e-04 3.76407825821037895e-07
 2.38791666666666657e+02 2.39533333333333331e+02 6.05700353213090318e-04 4.27130664863331622e-07
 2.39533333333333331e+02 2.40275000000000006e+02 6.00865601487634020e-04 3.70905415817217038e-07
 2.40275000000000006e+02 2.41016666666666680e+02 5.99513815417425724e-04 3.77797990246727538e-07
 2.41016666666666680e+02 2.41758333333333326e+02 5.95780546005568738e-04 3.78351884537540186e-07
 2.41758333333333326e+02 2.42500000000000000e+02 5.93203417336000114e-04 3.70865677761920615e-07
 2.42500000000000000e+02 2.43241666666666674e+02 5.90226711593843539e-04 3.91126680641380504e-07
 2.43241666666666674e+02 2.43983333333333320e+02 5.86870865597111427e-04 3.78319032959627870e-07
 2.43983333333333320e+02 2.44724999999999994e+02 5.82725239750582101e-04 3.75351115947273901e-07
 2.44724999999999994e+02 2.45466666666666669e+02 5.80370429468209559e-04 3.61387236023578076e-07
 2.45466666666666669e+02 2.46208333333333343e+02 5.77660669901087641e-04 3.64100816255797048e-07
 2.46208333333333343e+02 2.46949999999999989e+02 5.74255517230249594e-04 3.59223304399661727e-07
 2.46949999999999989e+02 2.47691666666666663e+02 5.71551822394361490e-04 3.65913417631245037e-07
 2.47691666666666663e+02 2.48433333333333337e+02 5.69158580761875712e-04 3.62526434871568725e-07
 2.48433333333333337e+02 2.49175000000000011e+02 5.65797533187493008e-04 3.82049011088557476e-07
 2.49175000000000011e+02 2.49916666666666657e+02 5.62843259539991540e-04 3.61561921618114878e-07
 2.49916666666666657e+02 2.50658333333333331e+02 5.59533993198580424e-04 3.57748422593387797e-07
 2.50658333333333331e+02 2.51400000000000006e+02 5.57201300657644296e-04 3.66989284920776724e-07
 2.51400000000000006e+02 2.52141666666666680e+02 5.54882689744556424e-04 3.75998296688056554e-07
 2.52141666666666680e+02 2.52883333333333326e+02 5.51267681148414723e-04 3.62438636332878585e-07
 2.52883333333333326e+02 2.53625000000000000e+02 5.48984791960077244e-04 3.55945109785037653e-07
 2.53625000000000000e+02 2.54366666666666674e+02 5.46071212788849336e-04 3.59541198864537737e-07
 2.54366666666666674e+02 2.55108333333333320e+02 5.44155618861322048e-04 3.57530057301612545e-07
 2.55108333333333320e+02 2.55849999999999994e+02 5.41074901834228284e-04 3.82296080773479938e-07
 2.55849999999999994e+02 2.56591666666666697e+02 5.37760548099057109e-04 3.57274416424545301e-07
 2.56591666666666697e+02 2.57333333333333371e+02 5.35444361636063480e-04 3.84785125847181487e-07
 2.57333333333333371e+02 2.58074999999999989e+02 5.32637447939346940e-04 3.50328078651187552e-07
 2.58074999999999989e+02 2.58816666666666663e+02 5.29537980945753400e-04 3.46954496773298488e-07
 2.58816666666666663e+02 2.59558333333333337e+02 5.27471138423698019e-04 3.66552009495443009e-07
 2.59558333333333337e+02 2.60300000000000011e+02 5.25045082384401085e-04 3.60574595175665472e-07
 2.60300000000000011e+02 2.61041666666666629e+02 5.21368499356413234e-04 3.55714287775603546e-07
 2.61041666666666629e+02 2.61783333333333303e+02 5.19434058443966505e-04 3.56972926751469181e-07
 2.61783333333333303e+02 2.62524999999999977e+02 5.17029505622995092e-04 3.58248313128687112e-07
 2.62524999999999977e+02 2.63266666666666652e+02 5.13761450137156231e-04 3.58103664441541507e-07
 2.63266666666666652e+02 2.64008333333333326e+02 5.11529428683105440e-04 3.57739926269438132e-07
 2.64008333333333326e+02 2.64750000000000000e+02 5.09151535276135920e-04 3.53416109525739445e-07
 2.64750000000000000e+02 2.65491666666666674e+02 5.06456323023716571e-04 3.63968736394447167e-07
 2.65491666666666674e+02 2.66233333333333348e+02 5.04340488834869542e-04 4.48993338185832025e-07
 2.66233333333333348e+02 2.66975000000000023e+02 5.01401524265504984e-04 3.57334846183550492e-07
 2.66975000000000023e+02 2.67716666666666697e+02 4.99061470714380639e-04 3.49470871456227723e-07
 2.67716666666666697e+02 2.68458333333333371e+02 4.96169861266106040e-04 3.60200499585184854e-07
 2.68458333333333371e+02 2.69199999999999989e+02 4.93857877352256490e-04 3.46775555183490850e-07
 2.69199999999999989e+02 2.69941666666666663e+02 4.91727668384395753e-04 3.43818754100671981e-07
 2.69941666666666663e+02 2.70683333333333337e+02 4.88540681067487327e-04 3.46614273762051290e-07
 2.70683333333333337e+02 2.71425000000000011e+02 4.86563755665268122e-04 3.51607874448734736e-07
 2.71425000000000011e+02 2.72166666666666629e+02 4.83823822831367094e-04 4.02363322355366682e-07
 2.72166666666666629e+02 2.72908333333333303e+02 4.81376348190248654e-04 3.52424251073878469e-07
 2.72908333333333303e+02 2.73649999999999977e+02 4.79511089349046076e-04 3.46546561983980925e-07
 2.73649999999999977e+02 2.74391666666666652e+02 4.76983228701286963e-04 3.66257704546321145e-07
 2.74391666666666652e+02 2.75133333333333326e+02 4.74067944404903618e-04 3.38790801848325704e-07
 2.75133333333333326e+02 2.75875000000000000e+02 4.71841973853342502e-04 3.48727052003198952e-07
 2.75875000000000000e+02 2.76616666666666674e+02 4.69467762491857031e-04 3.42404597121272826e-07
 2.76616666666666674e+02 2.77358333333333348e+02 4.67711069286898154e-04 3.43886845615486890e-07
 2.77358333333333348e+02 2.78100000000000023e+02 4.64808834812416554e-04 3.37209350158911651e-07
 2.78100000000000023e+02 2.78841666666666640e+02 4.62832665240569109e-04 3.34700307913369393e-07
 2.78841666666666640e+02 2.79583333333333314e+02 4.59805518044799149e-04 3.37797205126083653e-07
 2.79583333333333314e+02 2.80324999999999989e+02 4.57731079991288399e-04 3.36684015649215735e-07
 2.80324999999999989e+02 2.81066666666666663e+02 4.55769544591128886e-04 3.41252866445094832e-07
 2.81066666666666663e+02 2.81808333333333337e+02 4.53907625397011009e-04 3.32417273207826643e-07
 2.81808333333333337e+02 2.82550000000000011e+02 4.50913172297326469e-04 3.31389991471937719e-07
 2.82550000000000011e+02 2.83291666666666686e+02 4.49120213950361452e-04 3.42211032750766730e-07
 2.83291666666666686e+02 2.84033333333333360e+02 4.46829675825608571e-04 3.33945986051022188e-07
 2.84033333333333360e+02 2.84774999999999977e+02 4.45204150160206414e-04 3.38740143570635737e-07
 2.84774999999999977e+02 2.85516666666666652e+02 4.42107507087074060e-04 3.44850343900601688e-07
 2.85516666666666652e+02 2.86258333333333326e+02 4.40450096482335629e-04 3.40068592426356074e-07
 2.86258333333333326e+02 2.87000000000000000e+02 4.37777051275951997e-04 3.41810660867925200e-07
 2.87000000000000000e+02 2.87741666666666674e+02 4.35680112277119706e-04 3.94257449516389344e-07
 2.87741666666666674e+02 2.88483333333333348e+02 4.32929242537460359e-04 3.30933526796117630e-07
 2.88483333333333348e+02 2.89225000000000023e+02 4.31137621160375254e-04 3.30097552338421570e-07
 2.89225000000000023e+02 2.89966666666666640e+02 4.29236695595290835e-04 3.32813650133399410e-07
 2.89966666666666640e+02 2.90708333333333314e+02 4.26647818854107509e-04 3.41272509174596341e-07
 2.90708333333333314e+02 2.91449999999999989e+02 4.24594956510234442e-04 3.45588054575764870e-07
 2.91449999999999989e+02 2.92191666666666663e+02 4.22408671199709838e-04 3.26099610386352059e-07
 2.92191666666666663e+02 2.92933333333333337e+02 4.20178626686036074e-04 3.28868667166560547e-07
 2.92933333333333337e+02 2.93675000000000011e+02 4.17769027143873267e-04 3.36452841096981574e-07
 2.93675000000000011e+02 2.94416666666666686e+02 4.15716243584138647e-04 3.32130422563046139e-07
 2.94416666666666686e+02 2.95158333333333360e+02 4.13424277901835134e-04 3.68274103939619110e-07
 2.95158333333333360e+02 2.95899999999999977e+02 4.11437036947890885e-04 3.53472955499708385e-07
 2.95899999999999977e+02 2.96641666666666652e+02 4.08687426504013827e-04 3.22550501432838340e-07
 2.96641666666666652e+02 2.97383333333333326e+02 4.06737108754132170e-04 3.19377944000962439e-07
 2.97383333333333326e+02 2.98125000000000000e+02 4.03850604627944802e-04 3.26988275423378812e-07
 2.98125000000000000e+02 2.98866666666666674e+02 4.02194716576329556e-04 3.31484560171068811e-07
 2.98866666666666674e+02 2.99608333333333348e+02 3.99639032334065249e-04 8.29940626111488038e-07
 2.99608333333333348e+02 3.00350000000000023e+02 3.96997408459641389e-04 3.29991743313115181e-07
 3.00350000000000023e+02 3.01091666666666640e+02 3.94803253696541904e-04 4.15999679150904710e-07
 3.01091666666666640e+02 3.01833333333333314e+02 3.92231630196712569e-04 3.36324142528404643e-07
 3.01833333333333314e+02 3.02574999999999989e+02 3.90081797217061159e-04 3.26616058894693575e-07
 3.02574999999999989e+02 3.03316666666666663e+02 3.87389843542018761e-04 3.25402837710804225e-07
 3.03316666666666663e+02 3.04058333333333337e+02 3.84643440433562502e-04 3.26706463739322728e-07
 3.04058333333333337e+02 3.04800000000000011e+02 3.81771915232800017e-04 3.17380149054307794e-07
 3.04800000000000011e+02 3.05541666666666686e+02 3.79799327888321529e-04 3.57011771749709190e-07
 3.05541666666666686e+02 3.06283333333333360e+02 3.77199742786316278e-04 3.19300899985559878e-07
 3.06283333333333360e+02 3.07024999999999977e+02 3.74322642653417961e-04 3.53417794583190961e-07
 3.07024999999999977e+02 3.07766666666666652e+02 3.72164753492857975e-04 3.28825862644153771e-07
 3.07766666666666652e+02 3.08508333333333326e+02 3.68877835633618547e-04 3.25370649535148408e-07
 3.08508333333333326e+02 3.09250000000000000e+02 3.65843503873972955e-04 3.25355425495631241e-07
 3.09250000000000000e+02 3.09991666666666674e+02 3.63061079360941835e-04 3.23451607719917238e-07
 3.09991666666666674e+02 3.10733333333333348e+02 3.60049527833386843e-04 3.23821977185585999e-07
 3.10733333333333348e+02 3.11475000000000023e+02 3.57422772759527572e-04 3.20991002242829258e-07
 3.11475000000000023e+02 3.12216666666666640e+02 3.54212306784393261e-04 3.19420006875231315e-07
 3.12216666666666640e+02 3.12958333333333314e+02 3.50624372222269401e-04 3.21293159222442087e-07
 3.12958333333333314e+02 3.13699999999999989e+02 3.47787032481535266e-04 3.15876688466896786e-07
 3.13699999999999989e+02 3.14441666666666663e+02 3.44386387096568035e-04 3.44544147979292796e-07
 3.14441666666666663e+02 3.15183333333333337e+02 3.40351999276171976e-04 3.23130012019993842e-07
 3.15183333333333337e+02 3.15925000000000011e+02 3.36885964030210787e-04 3.06979147688275563e-07
 3.15925000000000011e+02 3.16666666666666686e+02 3.33788397475966430e-04 3.14209629438149428e-07
 3.16666666666666686e+02 3.17408333333333360e+02 3.30004822082423626e-04 3.06653076087869978e-07
 3.17408333333333360e+02 3.18149999999999977e+02 3.26260845956735472e-04 3.06938472259487204e-07
 3.18149999999999977e+02 3.18891666666666652e+02 3.22969766653438044e-04 3.10375472108043436e-07
 3.18891666666666652e+02 3.19633333333333326e+02 3.20263061932443162e-04 3.09808748036252855e-07
 3.19633333333333326e+02 3.20375000000000000e+02 3.16966086396024030e-04 4.33064276256550439e-07
 3.20375000000000000e+02 3.21116666666666674e+02 3.13368922363217663e-04 5.06381961094600695e-07
 3.21116666666666674e+02 3.21858333333333348e+02 3.09760325558737157e-04 3.17325382918383483e-07
 3.21858333333333348e+02 3.22600000000000023e+02 3.06105975031759634e-04 3.14426016322104598e-07
 3.22600000000000023e+02 3.23341666666666640e+02 3.02522612714160118e-04 3.12931084674835171e-07
 3.23341666666666640e+02 3.24083333333333314e+02 2.99636094872247362e-04 3.01761825431524932e-07
 3.24083333333333314e+02 3.24824999999999989e+02 2.96756708194337608e-04 3.00788407066958617e-07
 3.24824999999999989e+02 3.25566666666666663e+02 2.92665578633022523e-04 3.01087426879793361e-07
 3.25566666666666663e+02 3.26308333333333337e+02 2.90216168531443346e-04 3.04132474913740166e-07
 3.26308333333333337e+02 3.27050000000000011e+02 2.87051964050056120e-04 3.05034234537991738e-07
 3.27050000000000011e+02 3.27791666666666686e+02 2.83437506071479743e-04 4.15302957508885324e-07
 3.27791666666666686e+02 3.28533333333333360e+02 2.80628920908373753e-04 2.99449917449885206e-07
 3.28533333333333360e+02 3.29274999999999977e+02 2.77992823888361361e-04 3.23453542281356326e-07
 3.29274999999999977e+02 3.30016666666666652e+02 2.74311851278064055e-04 3.03717634573087103e-07
 3.30016666666666652e+02 3.30758333333333326e+02 2.71519020767956921e-04 2.94670518812321753e-07
 3.30758333333333326e+02 3.31500000000000000e+02 2.68324477321596271e-04 2.91449692062956862e-07
 3.31500000000000000e+02 3.32241666666666674e+02 2.65468896135392007e-04 3.07333180646562888e-07
 3.32241666666666674e+02 3.32983333333333348e+02 2.62620885392189011e-04 2.86443630892173188e-07
 3.32983333333333348e+02 3.33725000000000023e+02 2.59983488709106584e-04 2.85687282799102635e-07
 3.33725000000000023e+02 3.34466666666666640e+02 2.57050471356984464e-04 2.84205965012026547e-07
 3.34466666666666640e+02 3.35208333333333314e+02 2.54331766680995926e-04 2.99248757468368960e-07
 3.35208333333333314e+02 3.35949999999999989e+02 2.52443021598316541e-04 3.01725541388997460e-07
 3.35949999999999989e+02 3.36691666666666663e+02 2.50697812470368248e-04 4.29872177783226359e-07
 3.36691666666666663e+02 3.37433333333333337e+02 2.47491735442881744e-04 2.87229058625495063e-07
 3.37433333333333337e+02 3.38175000000000011e+02 2.45391980925337616e-04 3.05990096249129681e-07
 3.38175000000000011e+02 3.38916666666666686e+02 2.43439455944005531e-04 2.86013089866474776e-07
 3.38916666666666686e+02 3.39658333333333360e+02 2.40421941637664592e-04 2.77758699740521743e-07
 3.39658333333333360e+02 3.40399999999999977e+02 2.38492753642559878e-04 3.06226340315916788e-07
 3.40399999999999977e+02 3.41141666666666652e+02 2.36237756471284466e-04 3.66659858921087440e-07
 3.41141666666666652e+02 3.41883333333333326e+02 2.33744122306341084e-04 2.76425717268702113e-07
 3.41883333333333326e+02 3.42625000000000000e+02 2.31922946590384384e-04 2.78821163125280555e-07
 3.42625000000000000e+02 3.43366666666666674e+02 2.29817233584637877e-04 2.86487657832971662e-07
 3.43366666666666674e+02 3.44108333333333348e+02 2.27870672541869579e-04 2.87658412020384092e-07
 3.44108333333333348e+02 3.44850000000000023e+02 2.25530533972097676e-04 2.72712652053241417e-07
 3.44850000000000023e+02 3.45591666666666640e+02 2.23647968981000738e-04 2.86808693174039524e-07
 3.45591666666666640e+02 3.46333333333333314e+02 2.21527983752543113e-04 3.19028690972116292e-07
 3.46333333333333314e+02 3.47074999999999989e+02 2.19738897961864699e-04 2.82103454663181747e-07
 3.47074999999999989e+02 3.47816666666666663e+02 2.18380585605443836e-04 2.90139267395917510e-07
 3.47816666666666663e+02 3.48558333333333337e+02 2.15881998273807248e-04 2.75669441344595042e-07
 3.48558333333333337e+02 3.49300000000000011e+02 2.13912032901966953e-04 2.81287154598323744e-07
 3.49300000000000011e+02 3.50041666666666686e+02 2.12131640876847311e-04 2.75110855071451846e-07
 3.50041666666666686e+02 3.50783333333333360e+02 2.10274086898216744e-04 2.69432560976264784e-07
 3.50783333333333360e+02 3.51524999999999977e+02 2.08215351330304758e-04 2.74575091991805113e-07
 3.51524999999999977e+02 3.52266666666666652e+02 2.06865550900356236e-04 2.76647601464212289e-07
 3.52266666666666652e+02 3.53008333333333326e+02 2.04521970382253761e-04 2.75817773203653361e-07
 3.53008333333333326e+02 3.53750000000000000e+02 2.03492267194430016e-04 2.78334261738282893e-07
 3.53750000000000000e+02 3.54491666666666674e+02 2.01762513317700544e-04 2.78839931441822168e-07
 3.54491666666666674e+02 3.55233333333333348e+02 2.00167344340510217e-04 2.71738094682974833e-07
 3.55233333333333348e+02 3.55975000000000023e+02 1.98048806425646351e-04 2.73965507273994000e-07
 3.55975000000000023e+02 3.56716666666666640e+02 1.96715256187374106e-04 2.69235252277766485e-07
 3.56716666666666640e+02 3.57458333333333314e+02 1.94743891133765184e-04 2.80264511646023190e-07
 3.57458333333333314e+02 3.58199999999999989e+02 1.93044705803178425e-04 2.86159680327309380e-07
 3.58199999999999989e+02 3.58941666666666663e+02 1.91634738666351191e-04 2.73829983561191517e-07
 3.58941666666666663e+02 3.59683333333333337e+02 1.90156260682377784e-04 2.68860005500312985e-07
 3.59683333333333337e+02 3.60425000000000011e+02 1.88558971096329400e-04 2.74623179935331842e-07
 3.60425000000000011e+02 3.61166666666666686e+02 1.87116206307173685e-04 3.18659292694859556e-07
 3.61166666666666686e+02 3.61908333333333360e+02 1.85454929953052326e-04 2.81464495464989940e-07
 3.61908333333333360e+02 3.62649999999999977e+02 1.83944081000893478e-04 2.70342881560643954e-07
 3.62649999999999977e+02 3.63391666666666652e+02 1.82956251582325137e-04 2.83711961345748113e-07
 3.63391666666666652e+02 3.64133333333333326e+02 1.81185601978264837e-04 2.77635889476040252e-07
 3.64133333333333326e+02 3.64875000000000000e+02 1.79846760411529071e-04 2.72296138858101910e-07
 3.64875000000000000e+02 3.65616666666666674e+02 1.78811234760770278e-04 3.64833068356550079e-07
 3.65616666666666674e+02 3.66358333333333348e+02 1.77151122978242998e-04 2.64773084216117411e-07
 3.66358333333333348e+02 3.67100000000000023e+02 1.75258793851461206e-04 2.62468582335920017e-07
 3.67100000000000023e+02 3.67841666666666640e+02 1.74654465881438244e-04 2.98782544694343767e-07
 3.67841666666666640e+02 3.68583333333333314e+02 1.72643297684591299e-04 2.76288966225521836e-07
 3.68583333333333314e+02 3.69324999999999989e+02 1.71433784355047570e-04 2.80131226820240086e-07
 3.69324999999999989e+02 3.70066666666666663e+02 1.70205994244499381e-04 2.61785339316874969e-07
 3.70066666666666663e+02 3.70808333333333337e+02 1.69039358666380564e-04 2.74602138833816067e-07
 3.70808333333333337e+02 3.71550000000000011e+02 1.67640428861895311e-04 2.74566581086477182e-07
 3.71550000000000011e+02 3.72291666666666686e+02 1.66339328160536852e-04 2.73288901415596574e-07
 3.72291666666666686e+02 3.73033333333333360e+02 1.65051313054579942e-04 2.67460911910821473e-07
 3.73033333333333360e+02 3.73774999999999977e+02 1.64578891520952652e-04 3.24657707929543635e-07
 3.73774999999999977e+02 3.74516666666666652e+02 1.62507696873434251e-04 2.65016160251173823e-07
 3.74516666666666652e+02 3.75258333333333326e+02 1.61638945727550281e-04 2.74815419283570670e-07
 3.75258333333333326e+02 3.76000000000000000e+02 1.60141157161809781e-04 2.62499879106440661e-07
 3.76000000000000000e+02 3.76741666666666674e+02 1.59561756403633778e-04 2.67924620540931555e-07
 3.76741666666666674e+02 3.77483333333333348e+02 1.58809678581936915e-04 2.84253414256861329e-07
 3.77483333333333348e+02 3.78225000000000023e+02 1.56637157929342236e-04 2.66982289807568429e-07
 3.78225000000000023e+02 3.78966666666666640e+02 1.55862567824876277e-04 2.88556362824357633e-07
 3.78966666666666640e+02 3.79708333333333314e+02 1.55249343530541406e-04 5.11707132953331181e-07
 3.79708333333333314e+02 3.80449999999999989e+02 1.53695817673041659e-04 2.63490739058527032e-07
 3.80449999999999989e+02 3.81191666666666663e+02 1.52888165462215764e-04 2.76068934456457698e-07
 3.81191666666666663e+02 3.81933333333333337e+02 1.51559825598717108e-04 2.56069071529856809e-07
 3.81933333333333337e+02 3.82675000000000011e+02 1.50505498141524446e-04 2.81530336663648787e-07
 3.82675000000000011e+02 3.83416666666666686e+02 1.49929227634837907e-04 2.92552955371766130e-07
 3.83416666666666686e+02 3.84158333333333360e+02 1.48391640300050390e-04 2.63792273743702440e-07
 3.84158333333333360e+02 3.84899999999999977e+02 1.47241838990365187e-04 2.84513344325622181e-07
 3.84899999999999977e+02 3.85641666666666652e+02 1.46579581286641252e-04 2.74167780991347264e-07
 3.85641666666666652e+02 3.86383333333333326e+02 1.46284289609544677e-04 3.25732281524546072e-07
 3.86383333333333326e+02 3.87125000000000000e+02 1.44997106198026265e-04 2.78445819949753992e-07
 3.87125000000000000e+02 3.87866666666666674e+02 1.43201061833945516e-04 2.56930291934566664e-07
 3.87866666666666674e+02 3.88608333333333348e+02 1.42872401913042991e-04 2.74719393665497993e-07
 3.88608333333333348e+02 3.89350000000000023e+02 1.41401905964877184e-04 2.58009536181098903e-07
 3.89350000000000023e+02 3.90091666666666640e+02 1.41324944431194481e-04 2.78325039277344033e-07
 3.90091666666666640e+02 3.90833333333333314e+02 1.40119963351248509e-04 3.16149864233687673e-07
 3.90833333333333314e+02 3.91574999999999989e+02 1.39371592176781628e-04 2.80457809012731863e-07
 3.91574999999999989e+02 3.92316666666666663e+02 1.38280174325887802e-04 2.75130928381573077e-07
 3.92316666666666663e+02 3.93058333333333337e+02 1.37433916894658163e-04 2.90433085837659636e-07
 3.93058333333333337e+02 3.93800000000000011e+02 1.36816672966680672e-04 3.82621909534019608e-07
 3.93800000000000011e+02 3.94541666666666686e+02 1.35729695332011059e-04 2.68882904291745102e-07
 3.94541666666666686e+02 3.95283333333333360e+02 1.34347714767193397e-04 2.81000709885955454e-07
 3.95283333333333360e+02 3.96024999999999977e+02 1.33907186503754393e-04 2.76035176282786184e-07
 3.96024999999999977e+02 3.96766666666666652e+02 1.33093691276880500e-04 2.77301983195942989e-07
 3.96766666666666652e+02 3.97508333333333326e+02 1.32587423544718486e-04 2.68952651723002460e-07
 3.97508333333333326e+02 3.98250000000000000e+02 1.31068301792063263e-04 2.89144094359773626e-07
 3.98250000000000000e+02 3.98991666666666674e+02 1.30561172996944690e-04 2.98261436195910191e-07
 3.98991666666666674e+02 3.99733333333333348e+02 1.28912848696834397e-04 2.72716103418068326e-07
 3.99733333333333348e+02 4.00475000000000023e+02 1.29412774289902323e-04 2.98970269055660235e-07
 4.00475000000000023e+02 4.01216666666666640e+02 1.27586884889879803e-04 2.84229858160376701e-07
 4.01216666666666640e+02 4.01958333333333314e+02 1.27137898440774074e-04 2.70344999204203761e-07
 4.01958333333333314e+02 4.02699999999999989e+02 1.26367095626149338e-04 2.92732172195290268e-07
 4.02699999999999989e+02 4.03441666666666663e+02 1.25973567896574392e-04 2.78450601242440859e-07
 4.03441666666666663e+02 4.04183333333333337e+02 1.24790091655409610e-04 2.97172378943968037e-07
 4.04183333333333337e+02 4.04925000000000011e+02 1.24841470887358152e-04 2.98574763572486566e-07
 4.04925000000000011e+02 4.05666666666666686e+02 1.23484105060538759e-04 2.97352297760581873e-07
 4.05666666666666686e+02 4.06408333333333360e+02 1.22856114214268621e-04 2.67678467930830946e-07
 4.06408333333333360e+02 4.07149999999999977e+02 1.22190860325131740e-04 3.27105949152576460e-07
 4.07149999999999977e+02 4.07891666666666652e+02 1.21908438060851278e-04 2.83091608706852156e-07
 4.07891666666666652e+02 4.08633333333333326e+02 1.20992732828517348e-04 2.79124550359759736e-07
 4.08633333333333326e+02 4.09375000000000000e+02 1.20385686835628336e-04 2.91828752276396869e-07
 4.09375000000000000e+02 4.10116666666666674e+02 1.19459979221953316e-04 2.77479925287420474e-07
 4.10116666666666674e+02 4.10858333333333348e+02 1.19029570563475320e-04 2.80126780607073146e-07
 4.10858333333333348e+02 4.11600000000000023e+02 1.17903337376025038e-04 2.83826694532418804e-07
 4.11600000000000023e+02 4.12341666666666640e+02 1.18362014045804155e-04 4.20148907857718658e-07
 4.12341666666666640e+02 4.13083333333333314e+02 1.17412369263839822e-04 2.76243361361210166e-07
 4.13083333333333314e+02 4.13824999999999989e+02 1.16219593113851022e-04 2.88172190024775948e-07
 4.13824999999999989e+02 4.14566666666666663e+02 1.15507044232097020e-04 3.22210570703901718e-07
 4.14566666666666663e+02 4.15308333333333337e+02 1.15417133990671568e-04 2.93111319848997722e-07
 4.15308333333333337e+02 4.16050000000000011e+02 1.14474337955593864e-04 2.85110339829723408e-07
 4.16050000000000011e+02 4.16791666666666686e+02 1.14073650602472358e-04 2.89280730838886881e-07
 4.16791666666666686e+02 4.17533333333333360e+02 1.13008757378695363e-04 2.80207928289393882e-07
 4.17533333333333360e+02 4.18274999999999977e+02 1.13107734120498603e-04 2.96176816335668397e-07
 4.18274999999999977e+02 4.19016666666666652e+02 1.12599523420418631e-04 3.16979134813249414e-07
 4.19016666666666652e+02 4.19758333333333326e+02 1.12179748730272468e-04 2.98022310480712936e-07
 4.19758333333333326e+02 4.20500000000000000e+02 1.11275593012139036e-04 2.86735877240358421e-07
 4.20500000000000000e+02 4.21241666666666674e+02 1.10755249540519886e-04 2.96335276877814689e-07
 4.21241666666666674e+02 4.21983333333333348e+02 1.10557379393296692e-04 3.15503728398693495e-07
 4.21983333333333348e+02 4.22725000000000023e+02 1.09476128770344153e-04 2.90644009729435073e-07
 4.22725000000000023e+02 4.23466666666666640e+02 1.08957675160976233e-04 2.88847886323386754e-07
 4.23466666666666640e+02 4.24208333333333314e+02 1.09176706721791006e-04 3.19519041248644729e-07
 4.24208333333333314e+02 4.24949999999999989e+02 1.07610116957037338e-04 3.03623039224707863e-07
 4.24949999999999989e+02 4.25691666666666663e+02 1.07702594327650753e-04 2.88240405410327091e-07
 4.25691666666666663e+02 4.26433333333333337e+02 1.06709518134775141e-04 2.91376810720083806e-07
 4.26433333333333337e+02 4.27175000000000011e+02 1.06376123028592223e-04 2.88902192797859518e-07
 4.27175000000000011e+02 4.27916666666666686e+02 1.05821272255482863e-04 3.40208598647382355e-07
 4.27916666666666686e+02 4.28658333333333360e+02 1.05207267298028977e-04 2.93949614072781926e-07
 4.28658333333333360e+02 4.29399999999999977e+02 1.04245754603727800e-04 2.95267086801777235e-07
 4.29399999999999977e+02 4.30141666666666652e+02 1.03725131322689011e-04 2.99927484954134538e-07
 4.30141666666666652e+02 4.30883333333333326e+02 1.03615940997094051e-04 3.31041994495727315e-07
 4.30883333333333326e+02 4.31625000000000000e+02 1.02819291827282316e-04 3.18583936516415046e-07
 4.31625000000000000e+02 4.32366666666666674e+02 1.02049409275263689e-04 3.02265943324393204e-07
 4.32366666666666674e+02 4.33108333333333348e+02 1.01755587138660449e-04 3.24449931527337181e-07
 4.33108333333333348e+02 4.33850000000000023e+02 1.00887241610988091e-04 3.18533123326184322e-07
 4.33850000000000023e+02 4.34591666666666640e+02 9.99743985308637075e-05 3.28695954487411887e-07
 4.34591666666666640e+02 4.35333333333333314e+02 9.92211185668562343e-05 3.25421064820918240e-07
 4.35333333333333314e+02 4.36074999999999989e+02 9.93974409680815050e-05 3.27616684426111577e-07
 4.36074999999999989e+02 4.36816666666666663e+02 9.79435458414452113e-05 3.29348487531076673e-07
 4.36816666666666663e+02 4.37558333333333337e+02 9.77690147812400529e-05 3.31624095787362579e-07
 4.37558333333333337e+02 4.38300000000000011e+02 9.66295927078656021e-05 3.43948233779006516e-07
 4.38300000000000011e+02 4.39041666666666686e+02 9.56185926388617504e-05 3.11094521649629752e-07
 4.39041666666666686e+02 4.39783333333333360e+02 9.58337886974340922e-05 3.25974352938146598e-07
 4.39783333333333360e+02 4.40524999999999977e+02 9.43517904214040746e-05 3.23384262901548600e-07
 4.40524999999999977e+02 4.41266666666666652e+02 9.43520139128799023e-05 3.34001969829073727e-07
 4.41266666666666652e+02 4.42008333333333326e+02 9.36125559674132044e-05 4.31783353516450446e-07
 4.42008333333333326e+02 4.42750000000000000e+02 9.24713412463543512e-05 3.48474104733951092e-07
 4.42750000000000000e+02 4.43491666666666674e+02 9.19512078694353837e-05 3.88632748438910949e-07
 4.43491666666666674e+02 4.44233333333333348e+02 9.06399512308988966e-05 3.65546634073436757e-07
 4.44233333333333348e+02 4.44975000000000023e+02 8.95423991237366692e-05 3.43141874648384831e-07
 4.44975000000000023e+02 4.45716666666666640e+02 8.87831860187023340e-05 3.48749259493480238e-07
 4.45716666666666640e+02 4.46458333333333314e+02 8.81943452435025583e-05 3.73270566294316151e-07
 4.46458333333333314e+02 4.47199999999999989e+02 8.66915798463292910e-05 3.60417880847948835e-07
 4.47199999999999989e+02 4.47941666666666663e+02 8.57250606189954292e-05 3.69684745612343642e-07
 4.47941666666666663e+02 4.48683333333333337e+02 8.42198009970699291e-05 3.60031056458606343e-07
 4.48683333333333337e+02 4.49425000000000011e+02 8.38206748214329799e-05 3.74738518997775434e-07
 4.49425000000000011e+02 4.50166666666666686e+02 8.30683350892385408e-05 3.77925430313190368e-07
 4.50166666666666686e+02 4.50908333333333360e+02 8.16493965268956051e-05 3.67676453948014116e-07
 4.50908333333333360e+02 4.51649999999999977e+02 7.96499321953018897e-05 3.76197296450816642e-07
 4.51649999999999977e+02 4.52391666666666652e+02 7.89294461197456943e-05 3.60319420027985916e-07
 4.52391666666666652e+02 4.53133333333333326e+02 7.79712690643466521e-05 4.05983301587849226e-07
 4.53133333333333326e+02 4.53875000000000000e+02 7.68454808272270063e-05 3.86462655058858391e-07
 4.53875000000000000e+02 4.54616666666666674e+02 7.50954524468480249e-05 4.02706236808066826e-07
 4.54616666666666674e+02 4.55358333333333348e+02 7.26361850321908636e-05 3.91840553898931544e-07
 4.55358333333333348e+02 4.56100000000000023e+02 7.11048738437359260e-05 4.12825862046618519e-07
 4.56100000000000023e+02 4.56841666666666640e+02 6.93430116404946019e-05 4.07866388827467636e-07
 4.56841666666666640e+02 4.57583333333333314e+02 6.64992552020552904e-05 4.64638106752831153e-07
 4.57583333333333314e+02 4.58324999999999989e+02 6.44987469224701137e-05 4.71857228668920177e-07
 4.58324999999999989e+02 4.59066666666666663e+02 6.15521143614241489e-05 4.28371864152296367e-07
 4.59066666666666663e+02 4.59808333333333337e+02 5.72107405737748401e-05 4.05075503854489819e-07
 4.59808333333333337e+02 4.60550000000000011e+02 5.23167038682030534e-05 4.60558320378380824e-07
 4.60550000000000011e+02 4.61291666666666686e+02 2.52278881643934351e-05 3.15448234081651629e-07
 4.61291666666666686e+02 4.62033333333333360e+02 0.00000000000000000e+00 0.00000000000000000e+00
 4.62033333333333360e+02 4.62774999999999977e+02 0.00000000000000000e+00 0.00000000000000000e+00
 4.62774999999999977e+02 4.63516666666666652e+02 0.00000000000000000e+00 0.00000000000000000e+00
 4.63516666666666652e+02 4.64258333333333326e+02 0.00000000000000000e+00 0.00000000000000000e+00
 4.64258333333333326e+02 4.65000000000000000e+02 0.00000000000000000e+00 0.00000000000000000e+00

Histogram:lthg
 5.00000000000000000e+01 5.01333333333333329e+01 3.33006991085815773e-03 4.05117290496120730e-06
 5.01333333333333329e+01 5.02666666666666657e+01 3.33396232481721544e-03 3.84395636711994555e-06
 5.02666666666666657e+01 5.03999999999999986e+01 3.33465149014341338e-03 3.67599419117317402e-06
 5.03999999999999986e+01 5.05333333333333314e+01 3.33452309303187196e-03 3.58627942327318028e-06
 5.05333333333333314e+01 5.06666666666666643e+01 3.33724458157500176e-03 3.60458079948944834e-06
 5.06666666666666643e+01 5.07999999999999972e+01 3.33714440224942236e-03 4.44208435423400047e-06
 5.07999999999999972e+01 5.09333333333333300e+01 3.33151839637003825e-03 3.24353617800455502e-06
 5.09333333333333300e+01 5.10666666666666700e+01 3.33648725737753591e-03 3.41795140526087804e-06
 5.10666666666666700e+01 5.12000000000000028e+01 3.32786445055763356e-03 3.12771807629902514e-06
 5.12000000000000028e+01 5.13333333333333357e+01 3.33163590584742691e-03 3.08834019357566153e-06
 5.13333333333333357e+01 5.14666666666666686e+01 3.33736050696365827e-03 3.16721881094901294e-06
 5.14666666666666686e+01 5.16000000000000014e+01 3.33217083617914391e-03 2.95460769659446172e-06
 5.16000000000000014e+01 5.17333333333333343e+01 3.33728336377774482e-03 3.04743784911234771e-06
 5.17333333333333343e+01 5.18666666666666671e+01 3.32893593115023406e-03 2.96909132744445562e-06
 5.18666666666666671e+01 5.20000000000000000e+01 3.33233423905126593e-03 2.88080884031111764e-06
 5.20000000000000000e+01 5.21333333333333329e+01 3.33231650857508882e-03 3.18516829238916185e-06
 5.21333333333333329e+01 5.22666666666666657e+01 3.33176826896705233e-03 2.82920069638517461e-06
 5.22666666666666657e+01 5.23999999999999986e+01 3.33091608987922706e-03 2.78511252949852659e-06
 5.23999999999999986e+01 5.25333333333333314e+01 3.33184906747506461e-03 2.70456804650299552e-06
 5.25333333333333314e+01 5.26666666666666643e+01 3.32746885494461433e-03 2.57132607145536033e-06
 5.26666666666666643e+01 5.27999999999999972e+01 3.32955501968166525e-03 2.64527452151373153e-06
 5.27999999999999972e+01 5.29333333333333300e+01 3.32490734512274093e-03 2.62187778096137828e-06
 5.29333333333333300e+01 5.30666666666666700e+01 3.33167895843715584e-03 2.61164349402056440e-06
 5.30666666666666700e+01 5.32000000000000028e+01 3.33053416326773441e-03 2.55556754811601276e-06
 5.32000000000000028e+01 5.33333333333333357e+01 3.32565319745261549e-03 2.84926699071794331e-06
 5.33333333333333357e+01 5.34666666666666686e+01 3.33074882036516568e-03 2.54908207702233284e-06
 5.34666666666666686e+01 5.36000000000000014e+01 3.32579201693670307e-03 2.48640570311725908e-06
 5.36000000000000014e+01 5.37333333333333343e+01 3.32802285164592515e-03 2.71060037815895530e-06
 5.37333333333333343e+01 5.38666666666666671e+01 3.32711114539435172e-03 2.52608669136240553e-06
 5.38666666666666671e+01 5.40000000000000000e+01 3.31897675046902195e-03 2.45207186474925464e-06
 5.40000000000000000e+01 5.41333333333333329e+01 3.32206569831545355e-03 2.47054612156084658e-06
 5.41333333333333329e+01 5.42666666666666657e+01 3.32814785078782219e-03 2.57230323452684984e-06
 5.42666666666666657e+01 5.43999999999999986e+01 3.31847797311497902e-03 2.47575563731982396e-06
 5.43999999999999986e+01 5.45333333333333314e+01 3.32583249167822583e-03 2.47951411080783129e-06
 5.45333333333333314e+01 5.46666666666666643e+01 3.32499769017601497e-03 2.88507992366712255e-06
 5.46666666666666643e+01 5.47999999999999972e+01 3.32443385551839301e-03 2.47738487019034286e-06
 5.47999999999999972e+01 5.49333333333333371e+01 3.32330448197065481e-03 2.50251399233764735e-06
 5.49333333333333371e+01 5.50666666666666629e+01 3.31928415594231292e-03 2.59096696975433301e-06
 5.50666666666666629e+01 5.52000000000000028e+01 3.32437869118781164e-03 2.54615996663969084e-06
 5.52000000000000028e+01 5.53333333333333357e+01 3.32111450222965891e-03 2.53122011638431380e-06
 5.53333333333333357e+01 5.54666666666666686e+01 3.32389616794494117e-03 2.71825226942890726e-06
 5.54666666666666686e+01 5.56000000000000014e+01 3.32393609135130542e-03 2.43342251905066943e-06
 5.56000000000000014e+01 5.57333333333333343e+01 3.32842797028964519e-03 2.49754289736501983e-06
 5.57333333333333343e+01 5.58666666666666671e+01 3.32205934113675603e-03 2.54054826099569889e-06
 5.58666666666666671e+01 5.60000000000000000e+01 3.32640923384783238e-03 2.47057052733236856e-06
 5.60000000000000000e+01 5.61333333333333329e+01 3.32405466571414907e-03 2.33705640542221519e-06
 5.61333333333333329e+01 5.62666666666666657e+01 3.32170822368667469e-03 2.48657701844456938e-06
 5.62666666666666657e+01 5.63999999999999986e+01 3.32057122632875047e-03 2.33814229503095388e-06
 5.63999999999999986e+01 5.65333333333333314e+01 3.32392631366478257e-03 2.43566717739872983e-06
 5.65333333333333314e+01 5.66666666666666643e+01 3.32201015304552311e-03 2.88650698237663906e-06
 5.66666666666666643e+01 5.67999999999999972e+01 3.32597793603598866e-03 2.60335217922402687e-06
 5.67999999999999972e+01 5.69333333333333371e+01 3.32199415036013839e-03 2.37719713587996957e-06
 5.69333333333333371e+01 5.70666666666666629e+01 3.32585726039584051e-03 3.74055245041146480e-06
 5.70666666666666629e+01 5.72000000000000028e+01 3.31926467847128148e-03 2.38403633811578417e-06
 5.72000000000000028e+01 5.73333333333333357e+01 3.31812456693470099e-03 2.36958275356009096e-06
 5.73333333333333357e+01 5.74666666666666686e+01 3.32230875052259497e-03 3.25767310642627930e-06
 5.74666666666666686e+01 5.76000000000000014e+01 3.31956815557758094e-03 2.38102025636035995e-06
 5.76000000000000014e+01 5.77333333333333343e+01 3.32240255389018883e-03 2.43528920234664252e-06
 5.77333333333333343e+01 5.78666666666666671e+01 3.31968229181560685e-03 2.40705337082226723e-06
 5.78666666666666671e+01 5.80000000000000000e+01 3.32033488788596384e-03 2.44200886694631352e-06
 5.80000000000000000e+01 5.81333333333333329e+01 3.32548032950475986e-03 2.59383762106283803e-06
 5.81333333333333329e+01 5.82666666666666657e+01 3.32241254178607809e-03 2.37055597620011257e-06
 5.82666666666666657e+01 5.83999999999999986e+01 3.32397937094040677e-03 2.48437468452077613e-06
 5.83999999999999986e+01 5.85333333333333314e+01 3.32148487444572545e-03 2.41805174701643812e-06
 5.85333333333333314e+01 5.86666666666666643e+01 3.32341154852466673e-03 2.39497197077236287e-06
 5.86666666666666643e+01 5.87999999999999972e+01 3.32310248103684803e-03 2.48462247123860599e-06
 5.87999999999999972e+01 5.89333333333333371e+01 3.32065342301241483e-03 2.31213313818206845e-06
 5.89333333333333371e+01 5.90666666666666629e+01 3.32281032815000266e-03 2.39741799269819460e-06
 5.90666666666666629e+01 5.92000000000000028e+01 3.32356522684781408e-03 2.34194662179158448e-06
 5.92000000000000028e+01 5.93333333333333357e+01 3.32451136714843800e-03 2.59087490426996175e-06
 5.93333333333333357e+01 5.94666666666666686e+01 3.31782383189873622e-03 2.35630587123173849e-06
 5.94666666666666686e+01 5.96000000000000014e+01 3.32441863796940993e-03 2.50657576313391435e-06
 5.96000000000000014e+01 5.97333333333333343e+01 3.32202823526169758e-03 2.27736785846658395e-06
 5.97333333333333343e+01 5.98666666666666671e+01 3.32497644341354145e-03 2.33667719360087095e-06
 5.98666666666666671e+01 6.00000000000000000e+01 3.32445452744037882e-03 2.35172256022486434e-06
 6.00000000000000000e+01 6.01333333333333329e+01 3.32235700046795311e-03 2.36289501733149428e-06
 6.01333333333333329e+01 6.02666666666666657e+01 3.32795082298446756e-03 2.32222887777476241e-06
 6.02666666666666657e+01 6.03999999999999986e+01 3.32373485345548126e-03 2.32972090530184552e-06
 6.03999999999999986e+01 6.05333333333333314e+01 3.32424041826283106e-03 2.54996411505723751e-06
 6.05333333333333314e+01 6.06666666666666643e+01 3.32624714909983627e-03 2.40409307774304035e-06
 6.06666666666666643e+01 6.07999999999999972e+01 3.32073835547536545e-03 2.32611736044468672e-06
 6.07999999999999972e+01 6.09333333333333371e+01 3.32308502301291615e-03 2.37012010686229083e-06
 6.09333333333333371e+01 6.10666666666666629e+01 3.32172891357839471e-03 2.31497960864889881e-06
 6.10666666666666629e+01 6.12000000000000028e+01 3.32419906078869299e-03 2.45297060722464484e-06
 6.12000000000000028e+01 6.13333333333333357e+01 3.32263460770916954e-03 2.33547182329911008e-06
 6.13333333333333357e+01 6.14666666666666686e+01 3.32801574817077547e-03 2.52262146214923358e-06
 6.14666666666666686e+01 6.16000000000000014e+01 3.32612837709286239e-03 2.31553496322176719e-06
 6.16000000000000014e+01 6.17333333333333343e+01 3.32380578162154872e-03 2.37446350246877285e-06
 6.17333333333333343e+01 6.18666666666666671e+01 3.32164217234182666e-03 2.36797686963827816e-06
 6.18666666666666671e+01 6.20000000000000000e+01 3.32342635266248123e-03 2.31585151464555580e-06
 6.20000000000000000e+01 6.21333333333333329e+01 3.32705170021325948e-03 2.33705152245885103e-06
 6.21333333333333329e+01 6.22666666666666657e+01 3.32206295057159689e-03 2.30492076690829576e-06
 6.22666666666666657e+01 6.23999999999999986e+01 3.32356829910432101e-03 2.30244038614364486e-06
 6.23999999999999986e+01 6.25333333333333314e+01 3.32349821216358860e-03 2.29605266621284112e-06
 6.25333333333333314e+01 6.26666666666666643e+01 3.32467904482019799e-03 2.36065769204836003e-06
 6.26666666666666643e+01 6.27999999999999972e+01 3.32408386066517219e-03 2.41107615404245434e-06
 6.27999999999999972e+01 6.29333333333333371e+01 3.32576555035060759e-03 2.33064105848271501e-06
 6.29333333333333371e+01 6.30666666666666629e+01 3.32762925182114372e-03 2.29592913549357354e-06
 6.30666666666666629e+01 6.32000000000000028e+01 3.32527967311080147e-03 2.31606707051337854e-06
 6.32000000000000028e+01 6.33333333333333357e+01 3.32804849124606781e-03 2.29964787393155825e-06
 6.33333333333333357e+01 6.34666666666666686e+01 3.32747482176136205e-03 2.31333344972076749e-06
 6.34666666666666686e+01 6.36000000000000014e+01 3.33431176755100839e-03 2.45482370180480209e-06
 6.36000000000000014e+01 6.37333333333333343e+01 3.32917855462871396e-03 2.28399578777817100e-06
 6.37333333333333343e+01 6.38666666666666671e+01 3.32737731640098209e-03 2.36934748233708226e-06
 6.38666666666666671e+01 6.40000000000000000e+01 3.32978711305067804e-03 2.34304381915089392e-06
 6.40000000000000000e+01 6.41333333333333258e+01 3.32807520613731750e-03 2.31029616891141783e-06
 6.41333333333333258e+01 6.42666666666666657e+01 3.32797980966970282e-03 2.37574423440630998e-06
 6.42666666666666657e+01 6.44000000000000057e+01 3.33302339503394355e-03 3.26318461747075375e-06
 6.44000000000000057e+01 6.45333333333333314e+01 3.32973935842932308e-03 2.33066639586037302e-06
 6.45333333333333314e+01 6.46666666666666714e+01 3.32949071084574647e-03 2.31354689484010170e-06
 6.46666666666666714e+01 6.47999999999999972e+01 3.32841029323393102e-03 2.21724147141367343e-06
 6.47999999999999972e+01 6.49333333333333371e+01 3.33233268891273407e-03 2.37035045228339863e-06
 6.49333333333333371e+01 6.50666666666666629e+01 3.33419958054855794e-03 2.32134630324899216e-06
 6.50666666666666629e+01 6.52000000000000028e+01 3.33265735323664321e-03 2.35609203491779820e-06
 6.52000000000000028e+01 6.53333333333333286e+01 3.33105601733346083e-03 2.36081713869276287e-06
 6.53333333333333286e+01 6.54666666666666686e+01 3.33605929056433057e-03 2.31587831991089325e-06
 6.54666666666666686e+01 6.55999999999999943e+01 3.33563477111051884e-03 2.41972107453696584e-06
 6.55999999999999943e+01 6.57333333333333343e+01 3.33198222867918002e-03 2.32105693636631312e-06
 6.57333333333333343e+01 6.58666666666666742e+01 3.33733027309840663e-03 2.29501378473359244e-06
 6.58666666666666742e+01 6.60000000000000000e+01 3.33920620153215029e-03 2.35838400324306186e-06
 6.60000000000000000e+01 6.61333333333333258e+01 3.33719745588715059e-03 2.34520177572873229e-06
 6.61333333333333258e+01 6.62666666666666657e+01 3.33648106674283530e-03 2.30454539503350412e-06
 6.62666666666666657e+01 6.64000000000000057e+01 3.33764188544096937e-03 2.28304083756167751e-06
 6.64000000000000057e+01 6.65333333333333314e+01 3.33821070814284459e-03 2.34418019865053432e-06
 6.65333333333333314e+01 6.66666666666666714e+01 3.33953030609077366e-03 2.26270079252420738e-06
 6.66666666666666714e+01 6.67999999999999972e+01 3.33724574863934406e-03 2.29637391796652800e-06
 6.67999999999999972e+01 6.69333333333333371e+01 3.33855063136775498e-03 2.31310937566904057e-06
 6.69333333333333371e+01 6.70666666666666629e+01 3.34018459556097765e-03 2.32338696120891823e-06
 6.70666666666666629e+01 6.72000000000000028e+01 3.33911087971581989e-03 2.48532426907982481e-06
 6.72000000000000028e+01 6.73333333333333286e+01 3.33887416716765638e-03 2.27762352676409700e-06
 6.73333333333333286e+01 6.74666666666666686e+01 3.34160355932549722e-03 2.28518885740160868e-06
 6.74666666666666686e+01 6.75999999999999943e+01 3.33856858979824636e-03 2.26341749211349663e-06
 6.75999999999999943e+01 6.77333333333333343e+01 3.34215611488289334e-03 2.26063384758175374e-06
 6.77333333333333343e+01 6.78666666666666742e+01 3.34229099958451362e-03 2.41167410880427623e-06
 6.78666666666666742e+01 6.80000000000000000e+01 3.34235806094955110e-03 2.24097568657609285e-06
 6.80000000000000000e+01 6.81333333333333258e+01 3.33883642293876688e-03 2.24299492181547976e-06
 6.81333333333333258e+01 6.82666666666666657e+01 3.34496766963765296e-03 2.25937177309328873e-06
 6.82666666666666657e+01 6.84000000000000057e+01 3.34438342838747722e-03 2.25802360015675941e-06
 6.84000000000000057e+01 6.85333333333333314e+01 3.34452679886993939e-03 2.30144409356720446e-06
 6.85333333333333314e+01 6.86666666666666714e+01 3.34729982599882162e-03 2.21968313196553583e-06
 6.86666666666666714e+01 6.87999999999999972e+01 3.34534909695470475e-03 2.30210352527499468e-06
 6.87999999999999972e+01 6.89333333333333371e+01 3.34153050329079326e-03 2.29437757749641370e-06
 6.89333333333333371e+01 6.90666666666666629e+01 3.35022406499609722e-03 2.27538191505497752e-06
 6.90666666666666629e+01 6.92000000000000028e+01 3.34630281172889526e-03 2.38109772398390697e-06
 6.92000000000000028e+01 6.93333333333333286e+01 3.35020296930257054e-03 2.42477381814811658e-06
 6.93333333333333286e+01 6.94666666666666686e+01 3.35014223628543736e-03 2.30981669123934312e-06
 6.94666666666666686e+01 6.95999999999999943e+01 3.34855303877450031e-03 2.32975646637354785e-06
 6.95999999999999943e+01 6.97333333333333343e+01 3.35159941592417729e-03 2.66501278003028152e-06
 6.97333333333333343e+01 6.98666666666666742e+01 3.34397370108937804e-03 2.20328468849435816e-06
 6.98666666666666742e+01 7.00000000000000000e+01 3.35251059830463322e-03 2.26303429165151335e-06
 7.00000000000000000e+01 7.01333333333333258e+01 3.34872102402393890e-03 2.27030802371313661e-06
 7.01333333333333258e+01 7.02666666666666657e+01 3.34820600337690797e-03 2.25237818614729616e-06
 7.02666666666666657e+01 7.04000000000000057e+01 3.35021815371170902e-03 2.24653432795284357e-06
 7.04000000000000057e+01 7.05333333333333314e+01 3.34883846797042178e-03 2.29728578081240591e-06
 7.05333333333333314e+01 7.06666666666666714e+01 3.34911331755164028e-03 2.20959566718439319e-06
 7.06666666666666714e+01 7.07999999999999972e+01 3.35056679827053401e-03 2.29600062477845701e-06
 7.07999999999999972e+01 7.09333333333333371e+01 3.34795488636451801e-03 2.19330723247360133e-06
 7.09333333333333371e+01 7.10666666666666629e+01 3.34992719075379855e-03 2.35349958450842874e-06
 7.10666666666666629e+01 7.12000000000000028e+01 3.35405511904275514e-03 2.20995931480948697e-06
 7.12000000000000028e+01 7.13333333333333286e+01 3.35183465323482966e-03 2.29258242250494032e-06
 7.13333333333333286e+01 7.14666666666666686e+01 3.35359744600309843e-03 2.20812161165902871e-06
 7.14666666666666686e+01 7.15999999999999943e+01 3.35647788308610995e-03 2.18200682069639258e-06
 7.15999999999999943e+01 7.17333333333333343e+01 3.35216460623059430e-03 2.30878921802504791e-06
 7.17333333333333343e+01 7.18666666666666742e+01 3.35641039754055971e-03 2.30271214895260884e-06
 7.18666666666666742e+01 7.20000000000000000e+01 3.35922005235671402e-03 2.43881042248124617e-06
 7.20000000000000000e+01 7.21333333333333258e+01 3.35709757256591728e-03 2.25303940586395282e-06
 7.21333333333333258e+01 7.22666666666666657e+01 3.35803451997209118e-03 2.29297660958877818e-06
 7.22666666666666657e+01 7.24000000000000057e+01 3.35289963756907122e-03 2.24734397781991374e-06
 7.24000000000000057e+01 7.25333333333333314e+01 3.35440733712031279e-03 2.18446518174583010e-06
 7.25333333333333314e+01 7.26666666666666714e+01 3.36023648006806598e-03 2.31599715631726614e-06
 7.26666666666666714e+01 7.27999999999999972e+01 3.35580084190364525e-03 2.29610602089726978e-06
 7.27999999999999972e+01 7.29333333333333371e+01 3.35939198322270094e-03 2.37300528792970188e-06
 7.29333333333333371e+01 7.30666666666666629e+01 3.36337188504849975e-03 2.17913462318372689e-06
 7.30666666666666629e+01 7.32000000000000028e+01 3.36266734296320272e-03 2.21583450036452172e-06
 7.32000000000000028e+01 7.33333333333333286e+01 3.36279342551016333e-03 2.22554808717854879e-06
 7.33333333333333286e+01 7.34666666666666686e+01 3.36256110125112730e-03 2.24759409882112715e-06
 7.34666666666666686e+01 7.35999999999999943e+01 3.36153921291674866e-03 2.20111869368148748e-06
 7.35999999999999943e+01 7.37333333333333343e+01 3.36831315576871211e-03 2.86212168020349327e-06
 7.37333333333333343e+01 7.38666666666666742e+01 3.36528043966797868e-03 2.20422128648622056e-06
 7.38666666666666742e+01 7.40000000000000000e+01 3.36445618552022336e-03 2.21811509697674557e-06
 7.40000000000000000e+01 7.41333333333333258e+01 3.36561568083114902e-03 2.73473374224835392e-06
 7.41333333333333258e+01 7.42666666666666657e+01 3.36747465744655734e-03 2.23811644682355018e-06
 7.42666666666666657e+01 7.44000000000000057e+01 3.36917186852441451e-03 2.27348363450920111e-06
 7.44000000000000057e+01 7.45333333333333314e+01 3.36650721939297116e-03 2.28084203051783914e-06
 7.45333333333333314e+01 7.46666666666666714e+01 3.36799536844319472e-03 2.20953329991418272e-06
 7.46666666666666714e+01 7.47999999999999972e+01 3.37030604735722881e-03 2.34651123052240352e-06
 7.47999999999999972e+01 7.49333333333333371e+01 3.36514648631305565e-03 2.21356031119716385e-06
 7.49333333333333371e+01 7.50666666666666629e+01 3.36784939697015772e-03 2.25849369319403910e-06
 7.50666666666666629e+01 7.52000000000000028e+01 3.37057470657850218e-03 2.19525464771225210e-06
 7.52000000000000028e+01 7.53333333333333286e+01 3.37206805577197751e-03 2.16834588189738900e-06
 7.53333333333333286e+01 7.54666666666666686e+01 3.37118547811090640e-03 2.73839080306027624e-06
 7.54666666666666686e+01 7.55999999999999943e+01 3.37178893518075935e-03 2.23484813642905045e-06
 7.55999999999999943e+01 7.57333333333333343e+01 3.37027936752800792e-03 2.93440644787507525e-06
 7.57333333333333343e+01 7.58666666666666742e+01 3.36853803175815938e-03 2.20214365816203384e-06
 7.58666666666666742e+01 7.60000000000000000e+01 3.37127004742299912e-03 2.28431002806743763e-06
 7.60000000000000000e+01 7.61333333333333258e+01 3.37078142029200497e-03 2.19755088865268470e-06
 7.61333333333333258e+01 7.62666666666666657e+01 3.37155834213848224e-03 2.38854359735006447e-06
 7.62666666666666657e+01 7.64000000000000057e+01 3.37221181790237513e-03 2.20438635624240270e-06
 7.64000000000000057e+01 7.65333333333333314e+01 3.37426474060582285e-03 2.30773887772882340e-06
 7.65333333333333314e+01 7.66666666666666714e+01 3.36710592503538598e-03 7.18752723768750003e-06
 7.66666666666666714e+01 7.67999999999999972e+01 3.37351495807383661e-03 2.18899561658196998e-06
 7.67999999999999972e+01 7.69333333333333371e+01 3.37251155695348194e-03 2.20235517025793179e-06
 7.69333333333333371e+01 7.70666666666666629e+01 3.37381909886542422e-03 2.15763289479446692e-06
 7.70666666666666629e+01 7.72000000000000028e+01 3.37973794380199213e-03 2.19932745255186516e-06
 7.72000000000000028e+01 7.73333333333333286e+01 3.37456555745511847e-03 2.15571368385134365e-06
 7.73333333333333286e+01 7.74666666666666686e+01 3.38224380497491187e-03 2.34594349340248842e-06
 7.74666666666666686e+01 7.75999999999999943e+01 3.37719078445579673e-03 2.13639021090784340e-06
 7.75999999999999943e+01 7.77333333333333343e+01 3.37793074147185431e-03 2.16241162529238600e-06
 7.77333333333333343e+01 7.78666666666666742e+01 3.37940893608323824e-03 2.40808553163717588e-06
 7.78666666666666742e+01 7.80000000000000000e+01 3.37815093168830584e-03 2.28414578635392566e-06
 7.80000000000000000e+01 7.81333333333333258e+01 3.38047886983510685e-03 2.31760541398801660e-06
 7.81333333333333258e+01 7.82666666666666657e+01 3.37914776327161159e-03 2.23849026507942118e-06
 7.82666666666666657e+01 7.84000000000000057e+01 3.37894026939724104e-03 2.22931597872866743e-06
 7.84000000000000057e+01 7.85333333333333314e+01 3.38185215722178883e-03 2.22376431923058275e-06
 7.85333333333333314e+01 7.86666666666666714e+01 3.37867224973004794e-03 2.15994990094677322e-06
 7.86666666666666714e+01 7.87999999999999972e+01 3.38198840563277070e-03 2.60647418841090576e-06
 7.87999999999999972e+01 7.89333333333333371e+01 3.38135254711031431e-03 2.11735217740724529e-06
 7.89333333333333371e+01 7.90666666666666629e+01 3.38289575690668871e-03 2.20889650335043008e-06
 7.90666666666666629e+01 7.92000000000000028e+01 3.38091000846827555e-03 2.17716921017587326e-06
 7.92000000000000028e+01 7.93333333333333286e+01 3.38303677930575867e-03 2.20916909496612141e-06
 7.93333333333333286e+01 7.94666666666666686e+01 3.37925001874789157e-03 2.23555690237258139e-06
 7.94666666666666686e+01 7.95999999999999943e+01 3.38374071418646527e-03 2.20442559711888405e-06
 7.95999999999999943e+01 7.97333333333333343e+01 3.38339216415569060e-03 2.15147594856412867e-06
 7.97333333333333343e+01 7.98666666666666742e+01 3.38594654389082986e-03 2.21273368409511186e-06
 7.98666666666666742e+01 8.00000000000000000e+01 3.38458761442454953e-03 2.24441958318639092e-06
 8.00000000000000000e+01 8.01333333333333258e+01 3.38051361129402010e-03 2.15408378282264908e-06
 8.01333333333333258e+01 8.02666666666666657e+01 3.38297448704797093e-03 2.14442657591965809e-06
 8.02666666666666657e+01 8.04000000000000057e+01 3.38321856584589131e-03 2.23357490030977996e-06
 8.04000000000000057e+01 8.05333333333333314e+01 3.38358326034386399e-03 2.16178998543838294e-06
 8.05333333333333314e+01 8.06666666666666714e+01 3.38568542659377749e-03 2.81230108144232755e-06
 8.06666666666666714e+01 8.07999999999999972e+01 3.38479183511969936e-03 2.21710205597133573e-06
 8.07999999999999972e+01 8.09333333333333371e+01 3.38757513856818198e-03 2.19267127058067365e-06
 8.09333333333333371e+01 8.10666666666666629e+01 3.38597650494975406e-03 2.18661312148781518e-06
 8.10666666666666629e+01 8.12000000000000028e+01 3.39135070259328694e-03 2.19885780300402484e-06
 8.12000000000000028e+01 8.13333333333333286e+01 3.38266825235746535e-03 2.08797984713481293e-06
 8.13333333333333286e+01 8.14666666666666686e+01 3.38679294669176146e-03 2.31455710990027573e-06
 8.14666666666666686e+01 8.15999999999999943e+01 3.38902518329695134e-03 2.19554829965101890e-06
 8.15999999999999943e+01 8.17333333333333343e+01 3.38887833177745805e-03 2.21912591576624225e-06
 8.17333333333333343e+01 8.18666666666666742e+01 3.38591091231199874e-03 2.20034006683207709e-06
 8.18666666666666742e+01 8.20000000000000000e+01 3.38441841533435300e-03 2.15070487782820406e-06
 8.20000000000000000e+01 8.21333333333333258e+01 3.38775550104071293e-03 2.14953963411286027e-06
 8.21333333333333258e+01 8.22666666666666657e+01 3.38910390521826935e-03 2.24196568142589474e-06
 8.22666666666666657e+01 8.24000000000000057e+01 3.38879991390792596e-03 2.13527254135371158e-06
 8.24000000000000057e+01 8.25333333333333314e+01 3.39018132540991335e-03 2.55959641350491680e-06
 8.25333333333333314e+01 8.26666666666666572e+01 3.38809048853170973e-03 2.11548465784806002e-06
 8.26666666666666572e+01 8.27999999999999972e+01 3.39206525476863337e-03 2.22499406328498047e-06
 8.27999999999999972e+01 8.29333333333333371e+01 3.39105398671386447e-03 3.86833170018447964e-06
 8.29333333333333371e+01 8.30666666666666629e+01 3.39293456639798777e-03 2.18282752811998264e-06
 8.30666666666666629e+01 8.32000000000000028e+01 3.38699200372633274e-03 2.12132529654643598e-06
 8.32000000000000028e+01 8.33333333333333428e+01 3.39370901018314379e-03 2.18898847759119781e-06
 8.33333333333333428e+01 8.34666666666666686e+01 3.39090746107476590e-03 2.11430960010476433e-06
 8.34666666666666686e+01 8.35999999999999943e+01 3.39030768147624345e-03 2.16228630270098975e-06
 8.35999999999999943e+01 8.37333333333333343e+01 3.39570872977034690e-03 2.51617425485371745e-06
 8.37333333333333343e+01 8.38666666666666742e+01 3.39418548124515536e-03 2.12932388821480621e-06
 8.38666666666666742e+01 8.40000000000000000e+01 3.38964504049169566e-03 2.19145713589775682e-06
 8.40000000000000000e+01 8.41333333333333258e+01 3.39133932904018198e-03 2.16228273048276459e-06
 8.41333333333333258e+01 8.42666666666666657e+01 3.39027951051901460e-03 2.11175445855573537e-06
 8.42666666666666657e+01 8.44000000000000057e+01 3.38949211602884411e-03 2.24128853128803529e-06
 8.44000000000000057e+01 8.45333333333333314e+01 3.39292368098237981e-03 2.20419107142529473e-06
 8.45333333333333314e+01 8.46666666666666572e+01 3.39355958625873295e-03 2.13737422630633874e-06
 8.46666666666666572e+01 8.47999999999999972e+01 3.38865933204946304e-03 2.19971345054328880e-06
 8.47999999999999972e+01 8.49333333333333371e+01 3.39234500180539368e-03 2.15763856810508040e-06
 8.49333333333333371e+01 8.50666666666666629e+01 3.39150516742760732e-03 2.11823029748056584e-06
 8.50666666666666629e+01 8.52000000000000028e+01 3.39329413299788380e-03 2.10152457233983714e-06
 8.52000000000000028e+01 8.53333333333333428e+01 3.39566571790780435e-03 2.17917366158337646e-06
 8.53333333333333428e+01 8.54666666666666686e+01 3.39592520910809818e-03 2.20219791006177591e-06
 8.54666666666666686e+01 8.55999999999999943e+01 3.39324731250629716e-03 2.14203677895603316e-06
 8.55999999999999943e+01 8.57333333333333343e+01 3.39298130070011519e-03 2.17358775108409848e-06
 8.57333333333333343e+01 8.58666666666666742e+01 3.38910340051218253e-03 4.69831527313274468e-06
 8.58666666666666742e+01 8.60000000000000000e+01 3.39338169513600041e-03 2.29385016455854478e-06
 8.60000000000000000e+01 8.61333333333333258e+01 3.39533464126995106e-03 2.26463177930206473e-06
 8.61333333333333258e+01 8.62666666666666657e+01 3.39398541062049504e-03 2.10866071812598328e-06
 8.62666666666666657e+01 8.64000000000000057e+01 3.39218140392082840e-03 2.08630979852165753e-06
 8.64000000000000057e+01 8.65333333333333314e+01 3.39410383564354859e-03 2.31639215899132427e-06
 8.65333333333333314e+01 8.66666666666666572e+01 3.39545386859559789e-03 2.14791445553567659e-06
 8.66666666666666572e+01 8.67999999999999972e+01 3.39346842704240466e-03 2.08812382233666064e-06
 8.67999999999999972e+01 8.69333333333333371e+01 3.39488655956727116e-03 2.19497632152628627e-06
 8.69333333333333371e+01 8.70666666666666629e+01 3.39335469277882032e-03 2.13339260409854428e-06
 8.70666666666666629e+01 8.72000000000000028e+01 3.40545172211677771e-03 5.36050142732339967e-06
 8.72000000000000028e+01 8.73333333333333428e+01 3.39470454668452503e-03 2.12145778384685655e-06
 8.73333333333333428e+01 8.74666666666666686e+01 3.39574774033911354e-03 2.14800442764286591e-06
 8.74666666666666686e+01 8.75999999999999943e+01 3.39589474259691928e-03 2.12060561343328700e-06
 8.75999999999999943e+01 8.77333333333333343e+01 3.39550300318428901e-03 2.18889995587570317e-06
 8.77333333333333343e+01 8.78666666666666742e+01 3.39349184579214227e-03 2.16893539232644327e-06
 8.78666666666666742e+01 8.80000000000000000e+01 3.39843752359194739e-03 2.18291673978290889e-06
 8.80000000000000000e+01 8.81333333333333258e+01 3.39400410167331468e-03 2.13447819410333881e-06
 8.81333333333333258e+01 8.82666666666666657e+01 3.39607184021418823e-03 2.14028421340931499e-06
 8.82666666666666657e+01 8.84000000000000057e+01 3.39268403650050615e-03 2.15759168760593171e-06
 8.84000000000000057e+01 8.85333333333333314e+01 3.39503865537316455e-03 2.16338457838514638e-06
 8.85333333333333314e+01 8.86666666666666572e+01 3.39727102433546929e-03 2.11508175436732724e-06
 8.86666666666666572e+01 8.87999999999999972e+01 3.39398503513515777e-03 2.18028789966777489e-06
 8.87999999999999972e+01 8.89333333333333371e+01 3.39862327570880900e-03 2.38233880921477802e-06
 8.89333333333333371e+01 8.90666666666666629e+01 3.39363950758786665e-03 2.12578879001938629e-06
 8.90666666666666629e+01 8.92000000000000028e+01 3.39247401421318958e-03 2.12902476353390690e-06
 8.92000000000000028e+01 8.93333333333333428e+01 3.39864478218607517e-03 2.32963842486163298e-06
 8.93333333333333428e+01 8.94666666666666686e+01 3.39854211382438053e-03 2.12551650099773149e-06
 8.94666666666666686e+01 8.95999999999999943e+01 3.39741611705389208e-03 2.17355892024602865e-06
 8.95999999999999943e+01 8.97333333333333343e+01 3.39323997723091440e-03 2.26523979886946882e-06
 8.97333333333333343e+01 8.98666666666666742e+01 3.39516239841060287e-03 2.18383350690025917e-06
 8.98666666666666742e+01 9.00000000000000000e+01 3.39917518154960732e-03 2.11147373425351933e-06
 9.00000000000000000e+01 9.01333333333333258e+01 3.39316075072938067e-03 2.14671195013423277e-06
 9.01333333333333258e+01 9.02666666666666657e+01 3.39898528358772382e-03 2.23092115725739985e-06
 9.02666666666666657e+01 9.04000000000000057e+01 3.39241163414163429e-03 2.09870545926426318e-06
 9.04000000000000057e+01 9.05333333333333314e+01 3.39347473078427907e-03 2.05146529919256254e-06
 9.05333333333333314e+01 9.06666666666666572e+01 3.39427545154105323e-03 2.08450361372253180e-06
 9.06666666666666572e+01 9.07999999999999972e+01 3.39165839755027447e-03 2.11381617366973339e-06
 9.07999999999999972e+01 9.09333333333333371e+01 3.39669319289413263e-03 2.13524880406078003e-06
 9.09333333333333371e+01 9.10666666666666629e+01 3.39697233617358273e-03 2.09760731749162746e-06
 9.10666666666666629e+01 9.12000000000000028e+01 3.39520063414839235e-03 2.13708062719093009e-06
 9.12000000000000028e+01 9.13333333333333428e+01 3.39704924733491608e-03 2.08289716240752838e-06
 9.13333333333333428e+01 9.14666666666666686e+01 3.39605276084974268e-03 2.09867935876959994e-06
 9.14666666666666686e+01 9.15999999999999943e+01 3.39520321021002242e-03 2.19704275155724864e-06
 9.15999999999999943e+01 9.17333333333333343e+01 3.39503293740104403e-03 2.68646257179238439e-06
 9.17333333333333343e+01 9.18666666666666742e+01 3.39686408300610620e-03 2.14047032509779791e-06
 9.18666666666666742e+01 9.20000000000000000e+01 3.39568631993037188e-03 2.29716294692405392e-06
 9.20000000000000000e+01 9.21333333333333258e+01 3.39388451686015906e-03 2.25587370356807946e-06
 9.21333333333333258e+01 9.22666666666666657e+01 3.39105139003895509e-03 2.14261547067271741e-06
 9.22666666666666657e+01 9.24000000000000057e+01 3.39343264688952550e-03 2.19023470974692067e-06
 9.24000000000000057e+01 9.25333333333333314e+01 3.39362287526701056e-03 2.07856667943833556e-06
 9.25333333333333314e+01 9.26666666666666572e+01 3.39478542368668078e-03 2.18943973347636305e-06
 9.26666666666666572e+01 9.27999999999999972e+01 3.39516753683997714e-03 2.07181051110055331e-06
 9.27999999999999972e+01 9.29333333333333371e+01 3.39302161422666429e-03 2.15519549369396328e-06
 9.29333333333333371e+01 9.30666666666666629e+01 3.39678407430962434e-03 2.11879165009121860e-06
 9.30666666666666629e+01 9.32000000000000028e+01 3.39455797456056233e-03 2.14669199602344577e-06
 9.32000000000000028e+01 9.33333333333333428e+01 3.39281918442897431e-03 2.08837566123616877e-06
 9.33333333333333428e+01 9.34666666666666686e+01 3.39459055539673800e-03 2.12520674284457835e-06
 9.34666666666666686e+01 9.35999999999999943e+01 3.39372803421587399e-03 2.09573885806937648e-06
 9.35999999999999943e+01 9.37333333333333343e+01 3.39411663421263724e-03 2.07557838401300113e-06
 9.37333333333333343e+01 9.38666666666666742e+01 3.39698252651896796e-03 2.18078342295072137e-06
 9.38666666666666742e+01 9.40000000000000000e+01 3.39952310251540523e-03 2.40162463330097400e-06
 9.40000000000000000e+01 9.41333333333333258e+01 3.39268671289650594e-03 2.12859675071251364e-06
 9.41333333333333258e+01 9.42666666666666657e+01 3.38993566104485227e-03 2.06164859821768173e-06
 9.42666666666666657e+01 9.44000000000000057e+01 3.39271798166392285e-03 2.16198693899051700e-06
 9.44000000000000057e+01 9.45333333333333314e+01 3.39016181571205350e-03 2.11285672032079747e-06
 9.45333333333333314e+01 9.46666666666666572e+01 3.39394504880874892e-03 2.09434939330949687e-06
 9.46666666666666572e+01 9.47999999999999972e+01 3.39170168641140342e-03 2.08295012591559225e-06
 9.47999999999999972e+01 9.49333333333333371e+01 3.39042474965263810e-03 2.13658365704530770e-06
 9.49333333333333371e+01 9.50666666666666629e+01 3.39431642492481894e-03 2.09636092181672142e-06
 9.50666666666666629e+01 9.52000000000000028e+01 3.39190878562740808e-03 2.11548339621242509e-06
 9.52000000000000028e+01 9.53333333333333428e+01 3.39265171293900601e-03 2.15974272315543046e-06
 9.53333333333333428e+01 9.54666666666666686e+01 3.38995859836855890e-03 2.16681238142322263e-06
 9.54666666666666686e+01 9.55999999999999943e+01 3.39006977633738533e-03 2.10041644814300901e-06
 9.55999999999999943e+01 9.57333333333333343e+01 3.39218160215653663e-03 2.22487083846766506e-06
 9.57333333333333343e+01 9.58666666666666742e+01 3.39213186462204372e-03 2.12100981802452069e-06
 9.58666666666666742e+01 9.60000000000000000e+01 3.39141211323866921e-03 2.11364634125304542e-06
 9.60000000000000000e+01 9.61333333333333258e+01 3.39281411696986095e-03 2.09494052584552522e-06
 9.61333333333333258e+01 9.62666666666666657e+01 3.39130316848414029e-03 2.18250856189931129e-06
 9.62666666666666657e+01 9.64000000000000057e+01 3.39165927132900179e-03 2.30369521113381909e-06
 9.64000000000000057e+01 9.65333333333333314e+01 3.39086833077888346e-03 2.23792141187053224e-06
 9.65333333333333314e+01 9.66666666666666572e+01 3.38816281121216744e-03 2.09886595787397283e-06
 9.66666666666666572e+01 9.67999999999999972e+01 3.38779160835928333e-03 2.09195599739441706e-06
 9.67999999999999972e+01 9.69333333333333371e+01 3.39003636865877703e-03 2.10906058040039840e-06
 9.69333333333333371e+01 9.70666666666666629e+01 3.39191635344511435e-03 2.12900365836797928e-06
 9.70666666666666629e+01 9.72000000000000028e+01 3.38825073540884687e-03 2.08442132254574582e-06
 9.72000000000000028e+01 9.73333333333333428e+01 3.39136248843303987e-03 2.72424281882228963e-06
 9.73333333333333428e+01 9.74666666666666686e+01 3.38797312257432121e-03 2.25365937599843737e-06
 9.74666666666666686e+01 9.75999999999999943e+01 3.39007552979562208e-03 2.17239697214270025e-06
 9.75999999999999943e+01 9.77333333333333343e+01 3.38866804013636435e-03 2.18913680432982280e-06
 9.77333333333333343e+01 9.78666666666666742e+01 3.38355390662139870e-03 2.15716939333893527e-06
 9.78666666666666742e+01 9.80000000000000000e+01 3.38958793078671539e-03 2.12133438387262501e-06
 9.80000000000000000e+01 9.81333333333333258e+01 3.38659400541948185e-03 2.18387870740482533e-06
 9.81333333333333258e+01 9.82666666666666657e+01 3.38572064461227897e-03 2.08414518009667915e-06
 9.82666666666666657e+01 9.84000000000000057e+01 3.38777316328660403e-03 2.18729605064488861e-06
 9.84000000000000057e+01 9.85333333333333314e+01 3.38337190418990658e-03 2.09646629596644001e-06
 9.85333333333333314e+01 9.86666666666666572e+01 3.39053663430994093e-03 2.41543294711789637e-06
 9.86666666666666572e+01 9.87999999999999972e+01 3.38659025600198055e-03 2.16865725229964767e-06
 9.87999999999999972e+01 9.89333333333333371e+01 3.38538533119578551e-03 2.11158266890867794e-06
 9.89333333333333371e+01 9.90666666666666629e+01 3.38424821845464659e-03 2.10680996272703826e-06
 9.90666666666666629e+01 9.92000000000000028e+01 3.38500695531995929e-03 2.18288445990163052e-06
 9.92000000000000028e+01 9.93333333333333428e+01 3.38417621420209966e-03 2.10148987683580916e-06
 9.93333333333333428e+01 9.94666666666666686e+01 3.38642669743190400e-03 2.08781181547567711e-06
 9.94666666666666686e+01 9.95999999999999943e+01 3.38769628718655919e-03 2.14085336974296039e-06
 9.95999999999999943e+01 9.97333333333333343e+01 3.38303450905919588e-03 2.09478267960654526e-06
 9.97333333333333343e+01 9.98666666666666742e+01 3.38305973088803575e-03 2.15244106093814553e-06
 9.98666666666666742e+01 1.00000000000000000e+02 3.38409464685060545e-03 2.12933182571918373e-06
 1.00000000000000000e+02 1.00133333333333326e+02 3.38149753202347152e-03 2.06548511500065377e-06
 1.00133333333333326e+02 1.00266666666666666e+02 3.38378517632263991e-03 2.14725840805088092e-06
 1.00266666666666666e+02 1.00400000000000006e+02 3.38539274232730085e-03 2.14548328841029300e-06
 1.00400000000000006e+02 1.00533333333333331e+02 3.38118670525876372e-03 2.13002580730830904e-06
 1.00533333333333331e+02 1.00666666666666657e+02 3.38215769326500378e-03 2.19379199834733947e-06
 1.00666666666666657e+02 1.00799999999999997e+02 3.37942205774766731e-03 2.09996202931007845e-06
 1.00799999999999997e+02 1.00933333333333337e+02 3.37924110974793888e-03 2.10390246429278364e-06
 1.00933333333333337e+02 1.01066666666666663e+02 3.38065047305292172e-03 2.17679290706580753e-06
 1.01066666666666663e+02 1.01200000000000003e+02 3.37949820488690203e-03 2.11207580060425208e-06
 1.01200000000000003e+02 1.01333333333333343e+02 3.38160935870980301e-03 2.16059421005789224e-06
 1.01333333333333343e+02 1.01466666666666669e+02 3.38082386225133005e-03 2.11376766286929106e-06
 1.01466666666666669e+02 1.01599999999999994e+02 3.38053680056636533e-03 2.11636095720974178e-06
 1.01599999999999994e+02 1.01733333333333334e+02 3.38052061027851710e-03 2.22603311637165244e-06
 1.01733333333333334e+02 1.01866666666666674e+02 3.37672846624563179e-03 2.15973130597362562e-06
 1.01866666666666674e+02 1.02000000000000000e+02 3.37694109881857447e-03 2.11794815004484409e-06
 1.02000000000000000e+02 1.02133333333333326e+02 3.38103911923444845e-03 2.09291229652079613e-06
 1.02133333333333326e+02 1.02266666666666666e+02 3.37816769639125982e-03 2.15569202706422410e-06
 1.02266666666666666e+02 1.02400000000000006e+02 3.37742197812580195e-03 2.04782589255706267e-06
 1.02400000000000006e+02 1.02533333333333331e+02 3.37432467454058674e-03 2.09321844156085695e-06
 1.02533333333333331e+02 1.02666666666666657e+02 3.37732086225602402e-03 2.16255884354969404e-06
 1.02666666666666657e+02 1.02799999999999997e+02 3.37397687543562188e-03 2.09242319107243701e-06
 1.02799999999999997e+02 1.02933333333333337e+02 3.37280321334521710e-03 2.07327630608143114e-06
 1.02933333333333337e+02 1.03066666666666663e+02 3.37348243583595166e-03 2.15721914090115903e-06
 1.03066666666666663e+02 1.03200000000000003e+02 3.37837308861148756e-03 2.22977492390138409e-06
 1.03200000000000003e+02 1.03333333333333343e+02 3.37770927003237624e-03 2.12224586751153953e-06
 1.03333333333333343e+02 1.03466666666666669e+02 3.36997499771672301e-03 2.09819051707517321e-06
 1.03466666666666669e+02 1.03599999999999994e+02 3.37351217500453469e-03 2.13387314656013718e-06
 1.03599999999999994e+02 1.03733333333333334e+02 3.37390670190792965e-03 2.12838020038422853e-06
 1.03733333333333334e+02 1.03866666666666674e+02 3.37412777793036486e-03 2.11226538218342210e-06
 1.03866666666666674e+02 1.04000000000000000e+02 3.37202440573746874e-03 2.07757920393679247e-06
 1.04000000000000000e+02 1.04133333333333326e+02 3.37493010969894822e-03 2.62323575716777408e-06
 1.04133333333333326e+02 1.04266666666666666e+02 3.36929834692785207e-03 2.15720776961023047e-06
 1.04266666666666666e+02 1.04400000000000006e+02 3.36922589322781246e-03 2.18778434548659280e-06
 1.04400000000000006e+02 1.04533333333333331e+02 3.36973425952035626e-03 2.14442072394858210e-06
 1.04533333333333331e+02 1.04666666666666657e+02 3.36718802558647274e-03 2.27318530827307978e-06
 1.04666666666666657e+02 1.04799999999999997e+02 3.36888858879840544e-03 2.16169144621817460e-06
 1.04799999999999997e+02 1.04933333333333337e+02 3.36369050123441022e-03 2.14311479637263622e-06
 1.04933333333333337e+02 1.05066666666666663e+02 3.36570946367639170e-03 2.13556120838078137e-06
 1.05066666666666663e+02 1.05200000000000003e+02 3.36961889734057338e-03 2.29786042341905871e-06
 1.05200000000000003e+02 1.05333333333333343e+02 3.36618063663068207e-03 2.07690946969626861e-06
 1.05333333333333343e+02 1.05466666666666669e+02 3.36288130467285624e-03 2.05756872307395629e-06
 1.05466666666666669e+02 1.05599999999999994e+02 3.36634255364926839e-03 2.14232398450870129e-06
 1.05599999999999994e+02 1.05733333333333334e+02 3.36730196231364637e-03 2.22479022894878912e-06
 1.05733333333333334e+02 1.05866666666666674e+02 3.36250875895167034e-03 2.11109304193897547e-06
 1.05866666666666674e+02 1.06000000000000000e+02 3.36441272008046769e-03 2.40263556440063422e-06
 1.06000000000000000e+02 1.06133333333333326e+02 3.36695490598792543e-03 2.12127036836224592e-06
 1.06133333333333326e+02 1.06266666666666666e+02 3.36435270316306134e-03 2.11300353236972780e-06
 1.06266666666666666e+02 1.06400000000000006e+02 3.36486216374396298e-03 2.22100481584631571e-06
 1.06400000000000006e+02 1.06533333333333331e+02 3.35950528053847184e-03 2.13594768172069271e-06
 1.06533333333333331e+02 1.06666666666666657e+02 3.36179860370313093e-03 2.21612448232322685e-06
 1.06666666666666657e+02 1.06799999999999997e+02 3.36157063598825634e-03 2.45248682173252232e-06
 1.06799999999999997e+02 1.06933333333333337e+02 3.36190173811129738e-03 2.20782102082337942e-06
 1.06933333333333337e+02 1.07066666666666663e+02 3.36250448089282263e-03 2.13141829155259244e-06
 1.07066666666666663e+02 1.07200000000000003e+02 3.36338365576004886e-03 2.09518301613290676e-06
 1.07200000000000003e+02 1.07333333333333343e+02 3.35925830190705746e-03 2.28969427510259724e-06
 1.07333333333333343e+02 1.07466666666666669e+02 3.36246500047313783e-03 2.40446252950178818e-06
 1.07466666666666669e+02 1.07599999999999994e+02 3.35738887549851851e-03 2.12910055576140477e-06
 1.07599999999999994e+02 1.07733333333333334e+02 3.35991098960593780e-03 2.12057553476351005e-06
 1.07733333333333334e+02 1.07866666666666674e+02 3.35853140254559288e-03 2.11724131108001779e-06
 1.07866666666666674e+02 1.08000000000000000e+02 3.35456672903397188e-03 2.06204402356167945e-06
 1.08000000000000000e+02 1.08133333333333326e+02 3.35630166001305106e-03 2.11939571688154542e-06
 1.08133333333333326e+02 1.08266666666666666e+02 3.35746086570825079e-03 2.19031749750881128e-06
 1.08266666666666666e+02 1.08400000000000006e+02 3.35880046562561348e-03 2.21067623942330700e-06
 1.08400000000000006e+02 1.08533333333333331e+02 3.35536292679693886e-03 2.10611211335480415e-06
 1.08533333333333331e+02 1.08666666666666657e+02 3.34980362414044218e-03 2.09054562902299310e-06
 1.08666666666666657e+02 1.08799999999999997e+02 3.35754699459547400e-03 2.11552129299775066e-06
 1.08799999999999997e+02 1.08933333333333337e+02 3.35004930541321373e-03 2.13640247929647105e-06
 1.08933333333333337e+02 1.09066666666666663e+02 3.35161194195575905e-03 2.13482513940540660e-06
 1.09066666666666663e+02 1.09200000000000003e+02 3.35079828032841401e-03 2.13958940915552397e-06
 1.09200000000000003e+02 1.09333333333333343e+02 3.35011366780647206e-03 2.08816531155901700e-06
 1.09333333333333343e+02 1.09466666666666669e+02 3.35172748362774341e-03 2.13117149469900479e-06
 1.09466666666666669e+02 1.09599999999999994e+02 3.35131382045113528e-03 2.30737325102804884e-06
 1.09599999999999994e+02 1.09733333333333334e+02 3.34975891592345382e-03 2.20392970873933436e-06
 1.09733333333333334e+02 1.09866666666666674e+02 3.34890370801223291e-03 2.16506898050950255e-06
 1.09866666666666674e+02 1.10000000000000000e+02 3.35340927882269530e-03 2.26876244874405908e-06
 1.10000000000000000e+02 1.10133333333333326e+02 3.35087218217760109e-03 2.08944574623494151e-06
 1.10133333333333326e+02 1.10266666666666666e+02 3.34744598671468533e-03 2.12816362508717778e-06
 1.10266666666666666e+02 1.10400000000000006e+02 3.34910137891044398e-03 2.17268629136587196e-06
 1.10400000000000006e+02 1.10533333333333331e+02 3.34846777605927797e-03 2.03756899168761123e-06
 1.10533333333333331e+02 1.10666666666666657e+02 3.34795136110179739e-03 2.18417211736594720e-06
 1.10666666666666657e+02 1.10799999999999997e+02 3.34648060590732798e-03 2.11250430177512190e-06
 1.10799999999999997e+02 1.10933333333333337e+02 3.34711105701745526e-03 2.28752833399099666e-06
 1.10933333333333337e+02 1.11066666666666663e+02 3.35336513489405998e-03 2.42348696711999494e-06
 1.11066666666666663e+02 1.11200000000000003e+02 3.34575536267204881e-03 2.34096162122539687e-06
 1.11200000000000003e+02 1.11333333333333343e+02 3.34697473881224485e-03 2.10261220439426864e-06
 1.11333333333333343e+02 1.11466666666666669e+02 3.34130880035933813e-03 2.15961399814175456e-06
 1.11466666666666669e+02 1.11599999999999994e+02 3.34334837160461373e-03 2.10369267003679952e-06
 1.11599999999999994e+02 1.11733333333333334e+02 3.34886001256888815e-03 2.12005746583332754e-06
 1.11733333333333334e+02 1.11866666666666674e+02 3.34345262587165551e-03 2.14522441484520723e-06
 1.11866666666666674e+02 1.12000000000000000e+02 3.34323867001860451e-03 2.09980214160522689e-06
 1.12000000000000000e+02 1.12133333333333326e+02 3.34134613839266389e-03 2.10194520233953359e-06
 1.12133333333333326e+02 1.12266666666666666e+02 3.34507552700879585e-03 2.30331284633618891e-06
 1.12266666666666666e+02 1.12400000000000006e+02 3.34249384208092342e-03 2.15228404850286680e-06
 1.12400000000000006e+02 1.12533333333333331e+02 3.34189292594672116e-03 2.63736107280348039e-06
 1.12533333333333331e+02 1.12666666666666657e+02 3.34173679343760608e-03 2.15973219634599999e-06
 1.12666666666666657e+02 1.12799999999999997e+02 3.33937721045889264e-03 2.11352154604538465e-06
 1.12799999999999997e+02 1.12933333333333337e+02 3.34009112658912102e-03 2.22578001665252609e-06
 1.12933333333333337e+02 1.13066666666666663e+02 3.33773416495053042e-03 2.10377453793727747e-06
 1.13066666666666663e+02 1.13200000000000003e+02 3.33629857230634741e-03 2.08815788112241211e-06
 1.13200000000000003e+02 1.13333333333333343e+02 3.33808199506183557e-03 2.07010564080775477e-06
 1.13333333333333343e+02 1.13466666666666669e+02 3.34162422560983947e-03 3.16353311631937137e-06
 1.13466666666666669e+02 1.13599999999999994e+02 3.33813323489870429e-03 2.16411776531681290e-06
 1.13599999999999994e+02 1.13733333333333334e+02 3.34053205741776564e-03 2.06235522883423147e-06
 1.13733333333333334e+02 1.13866666666666674e+02 3.33770493682929463e-03 2.15161751909404352e-06
 1.13866666666666674e+02 1.14000000000000000e+02 3.33560239452227120e-03 2.18629508275605556e-06
 1.14000000000000000e+02 1.14133333333333340e+02 3.33551726960647265e-03 2.15203090851343219e-06
 1.14133333333333340e+02 1.14266666666666666e+02 3.33453172797167378e-03 2.11970575834290491e-06
 1.14266666666666666e+02 1.14400000000000006e+02 3.33760041464768861e-03 2.23249130423005925e-06
 1.14400000000000006e+02 1.14533333333333331e+02 3.33388335991681656e-03 2.13773985633020313e-06
 1.14533333333333331e+02 1.14666666666666671e+02 3.33014015699396523e-03 2.12234217637709535e-06
 1.14666666666666671e+02 1.14799999999999997e+02 3.33247011684326654e-03 2.17039973524370578e-06
 1.14799999999999997e+02 1.14933333333333337e+02 3.32891168892145020e-03 2.12373312880595269e-06
 1.14933333333333337e+02 1.15066666666666663e+02 3.33564675943493275e-03 2.13233066371376656e-06
 1.15066666666666663e+02 1.15200000000000003e+02 3.32842544912400175e-03 2.08382784141938035e-06
 1.15200000000000003e+02 1.15333333333333329e+02 3.33405236022213175e-03 2.12437219927566475e-06
 1.15333333333333329e+02 1.15466666666666669e+02 3.33059343424642719e-03 2.19658139859526843e-06
 1.15466666666666669e+02 1.15599999999999994e+02 3.32960052883046493e-03 2.08397940505277864e-06
 1.15599999999999994e+02 1.15733333333333334e+02 3.33054549172209606e-03 2.10759858755659383e-06
 1.15733333333333334e+02 1.15866666666666660e+02 3.33194880601869184e-03 2.10146799001619130e-06
 1.15866666666666660e+02 1.16000000000000000e+02 3.33112284805918641e-03 2.12584969370288297e-06
 1.16000000000000000e+02 1.16133333333333340e+02 3.32629577397803439e-03 2.07472511392445235e-06
 1.16133333333333340e+02 1.16266666666666666e+02 3.33187714357393444e-03 2.14717496846431572e-06
 1.16266666666666666e+02 1.16400000000000006e+02 3.32591572930380358e-03 2.10622907467898294e-06
 1.16400000000000006e+02 1.16533333333333331e+02 3.33079734616282272e-03 2.06751506573208594e-06
 1.16533333333333331e+02 1.16666666666666671e+02 3.32726761123157801e-03 2.13718425446581762e-06
 1.16666666666666671e+02 1.16799999999999997e+02 3.33173551835965831e-03 2.32888286480834677e-06
 1.16799999999999997e+02 1.16933333333333337e+02 3.32977749977595491e-03 2.14840368304058131e-06
 1.16933333333333337e+02 1.17066666666666663e+02 3.32856006407440284e-03 2.14273621244400906e-06
 1.17066666666666663e+02 1.17200000000000003e+02 3.32952075822775823e-03 2.08538546789228556e-06
 1.17200000000000003e+02 1.17333333333333329e+02 3.32736141285843758e-03 2.05645807484533918e-06
 1.17333333333333329e+02 1.17466666666666669e+02 3.32674226434978224e-03 2.11147055784683416e-06
 1.17466666666666669e+02 1.17599999999999994e+02 3.32916952934415649e-03 2.10403154126224697e-06
 1.17599999999999994e+02 1.17733333333333334e+02 3.32840013338734199e-03 2.12963416361660595e-06
 1.17733333333333334e+02 1.17866666666666660e+02 3.32461160405105646e-03 2.12849446556985854e-06
 1.17866666666666660e+02 1.18000000000000000e+02 3.32690369959287580e-03 2.16930538443470723e-06
 1.18000000000000000e+02 1.18133333333333340e+02 3.32755441533776715e-03 2.09924213959740580e-06
 1.18133333333333340e+02 1.18266666666666666e+02 3.32251631275083106e-03 2.15000397922970675e-06
 1.18266666666666666e+02 1.18400000000000006e+02 3.32444188139073950e-03 2.15932635751673543e-06
 1.18400000000000006e+02 1.18533333333333331e+02 3.32592154935280535e-03 2.13822184550750790e-06
 1.18533333333333331e+02 1.18666666666666671e+02 3.32417010334152066e-03 2.42236612829666973e-06
 1.18666666666666671e+02 1.18799999999999997e+02 3.32528672354164999e-03 2.11307105412343427e-06
 1.18799999999999997e+02 1.18933333333333337e+02 3.32269008508571332e-03 2.10266822118204435e-06
 1.18933333333333337e+02 1.19066666666666663e+02 3.32442342363662487e-03 2.21190415979172667e-06
 1.19066666666666663e+02 1.19200000000000003e+02 3.32412931602780147e-03 2.17004225968481815e-06
 1.19200000000000003e+02 1.19333333333333329e+02 3.32036465983484271e-03 2.10359258310985631e-06
 1.19333333333333329e+02 1.19466666666666669e+02 3.32195896172938262e-03 2.12404367387879355e-06
 1.19466666666666669e+02 1.19599999999999994e+02 3.32588624137622555e-03 2.27272043399279987e-06
 1.19599999999999994e+02 1.19733333333333334e+02 3.31864075497753435e-03 2.13572918774043156e-06
 1.19733333333333334e+02 1.19866666666666660e+02 3.32131020513982272e-03 3.39838576503038971e-06
 1.19866666666666660e+02 1.20000000000000000e+02 3.32319199664688055e-03 2.10951994432388064e-06
 1.20000000000000000e+02 1.20133333333333340e+02 3.32225521007082280e-03 2.10452883458529354e-06
 1.20133333333333340e+02 1.20266666666666666e+02 3.32155362125025663e-03 2.22360581466254271e-06
 1.20266666666666666e+02 1.20400000000000006e+02 3.32524833311536672e-03 2.13415964464203316e-06
 1.20400000000000006e+02 1.20533333333333331e+02 3.32290641036626618e-03 2.10683388847188036e-06
 1.20533333333333331e+02 1.20666666666666671e+02 3.31956545782648247e-03 2.17125967034623943e-06
 1.20666666666666671e+02 1.20799999999999997e+02 3.32283543765199982e-03 2.08475806749972611e-06
 1.20799999999999997e+02 1.20933333333333337e+02 3.32588038297869501e-03 2.94194305215067917e-06
 1.20933333333333337e+02 1.21066666666666663e+02 3.32408006189395099e-03 2.88133531377592107e-06
 1.21066666666666663e+02 1.21200000000000003e+02 3.31754840414114852e-03 2.05719811495846406e-06
 1.21200000000000003e+02 1.21333333333333329e+02 3.31871823660742377e-03 2.10216806231374010e-06
 1.21333333333333329e+02 1.21466666666666669e+02 3.31907104396810980e-03 2.09553738830283692e-06
 1.21466666666666669e+02 1.21599999999999994e+02 3.31982919627984334e-03 2.10512173713899381e-06
 1.21599999999999994e+02 1.21733333333333334e+02 3.32410707388473576e-03 2.42239105062698800e-06
 1.21733333333333334e+02 1.21866666666666660e+02 3.32335851003742484e-03 2.08720566919645640e-06
 1.21866666666666660e+02 1.22000000000000000e+02 3.31944465672502197e-03 2.13801902491039618e-06
 1.22000000000000000e+02 1.22133333333333340e+02 3.31953606434634693e-03 2.12465733359585960e-06
 1.22133333333333340e+02 1.22266666666666666e+02 3.32650952236502933e-03 2.18901703018608199e-06
 1.22266666666666666e+02 1.22400000000000006e+02 3.32029355892936263e-03 2.08076222692084640e-06
 1.22400000000000006e+02 1.22533333333333331e+02 3.32509592354733206e-03 2.20748527177664162e-06
 1.22533333333333331e+02 1.22666666666666671e+02 3.32498291033595655e-03 2.09521895955409775e-06
 1.22666666666666671e+02 1.22799999999999997e+02 3.32081845390415960e-03 2.13908117369467267e-06
 1.22799999999999997e+02 1.22933333333333337e+02 3.31853282440878810e-03 2.09627185103828569e-06
 1.22933333333333337e+02 1.23066666666666663e+02 3.32471917536320081e-03 2.12892282446997862e-06
 1.23066666666666663e+02 1.23200000000000003e+02 3.32330546552993917e-03 2.19381910650718906e-06
 1.23200000000000003e+02 1.23333333333333329e+02 3.32476120356044701e-03 2.22602898642367430e-06
 1.23333333333333329e+02 1.23466666666666669e+02 3.32389328452613493e-03 2.12807391275532832e-06
 1.23466666666666669e+02 1.23599999999999994e+02 3.32156241447648885e-03 2.08818997350923295e-06
 1.23599999999999994e+02 1.23733333333333334e+02 3.31892221027535114e-03 2.09114143654390626e-06
 1.23733333333333334e+02 1.23866666666666660e+02 3.32296163420267706e-03 2.10506063407820242e-06
 1.23866666666666660e+02 1.24000000000000000e+02 3.32293532502948375e-03 2.33169367303712702e-06
 1.24000000000000000e+02 1.24133333333333340e+02 3.32069082930955490e-03 2.04871669533252022e-06
 1.24133333333333340e+02 1.24266666666666666e+02 3.32124220089608522e-03 2.06107170061024774e-06
 1.24266666666666666e+02 1.24400000000000006e+02 3.32848500758481294e-03 2.17176670106060936e-06
 1.24400000000000006e+02 1.24533333333333331e+02 3.32202646156479642e-03 2.24597082744325988e-06
 1.24533333333333331e+02 1.24666666666666671e+02 3.32488766107952305e-03 2.11952378505397885e-06
 1.24666666666666671e+02 1.24799999999999997e+02 3.32245163456340760e-03 2.15676137566431440e-06
 1.24799999999999997e+02 1.24933333333333337e+02 3.32314802458700013e-03 2.25827939317962704e-06
 1.24933333333333337e+02 1.25066666666666663e+02 3.32401572688579899e-03 2.07277261080951303e-06
 1.25066666666666663e+02 1.25200000000000003e+02 3.32021183579580756e-03 2.20990756276420659e-06
 1.25200000000000003e+02 1.25333333333333329e+02 3.32438104857835180e-03 2.19676000933628348e-06
 1.25333333333333329e+02 1.25466666666666669e+02 3.32196027365562257e-03 2.31573859074613960e-06
 1.25466666666666669e+02 1.25599999999999994e+02 3.32379415789591523e-03 2.12497565678409859e-06
 1.25599999999999994e+02 1.25733333333333334e+02 3.32818164047596170e-03 2.41859253042992409e-06
 1.25733333333333334e+02 1.25866666666666660e+02 3.32206273503108654e-03 2.12469710936911299e-06
 1.25866666666666660e+02 1.26000000000000000e+02 3.32789911091930374e-03 2.29092989918228413e-06
 1.26000000000000000e+02 1.26133333333333340e+02 3.32647714722834366e-03 2.20400033289643607e-06
 1.26133333333333340e+02 1.26266666666666666e+02 3.32644263066641643e-03 2.26944895244922556e-06
 1.26266666666666666e+02 1.26400000000000006e+02 3.32958380665752127e-03 5.84814782310074304e-06
 1.26400000000000006e+02 1.26533333333333331e+02 3.32307627495187366e-03 2.22120480494729292e-06
 1.26533333333333331e+02 1.26666666666666671e+02 3.32889943933565658e-03 2.40104977457080100e-06
 1.26666666666666671e+02 1.26799999999999997e+02 3.32820140693643619e-03 2.37913353779221490e-06
 1.26799999999999997e+02 1.26933333333333337e+02 3.32635414485536176e-03 2.25600004885790149e-06
 1.26933333333333337e+02 1.27066666666666663e+02 3.32615966432626845e-03 2.32324301113905857e-06
 1.27066666666666663e+02 1.27200000000000003e+02 3.32560682837573481e-03 2.44311809299403122e-06
 1.27200000000000003e+02 1.27333333333333329e+02 3.33104153365389698e-03 2.46477700670746216e-06
 1.27333333333333329e+02 1.27466666666666669e+02 3.32994475802223357e-03 2.45516193071463660e-06
 1.27466666666666669e+02 1.27599999999999994e+02 3.33334041502828015e-03 2.40414296506908304e-06
 1.27599999999999994e+02 1.27733333333333334e+02 3.33423827058958091e-03 2.41185568752307124e-06
 1.27733333333333334e+02 1.27866666666666660e+02 3.32902342572470849e-03 2.44863885571818925e-06
 1.27866666666666660e+02 1.28000000000000000e+02 3.33583963954037785e-03 5.31912580274121209e-06
 1.28000000000000000e+02 1.28133333333333326e+02 3.32714145882630642e-03 2.50330818501977840e-06
 1.28133333333333326e+02 1.28266666666666652e+02 3.33280572743831997e-03 2.66916957188149199e-06
 1.28266666666666652e+02 1.28400000000000006e+02 3.33179545548054502e-03 2.74590231425786051e-06
 1.28400000000000006e+02 1.28533333333333331e+02 3.33030883316602720e-03 2.56440337171961972e-06
 1.28533333333333331e+02 1.28666666666666686e+02 3.33212201228300650e-03 2.64216412855896444e-06
 1.28666666666666686e+02 1.28800000000000011e+02 3.33317603780718900e-03 2.60261391785442654e-06
 1.28800000000000011e+02 1.28933333333333337e+02 3.33195163928995787e-03 2.70192732039147483e-06
 1.28933333333333337e+02 1.29066666666666663e+02 3.33287082831335794e-03 2.84661371332946582e-06
 1.29066666666666663e+02 1.29199999999999989e+02 3.33269554541953906e-03 2.80404127057620026e-06
 1.29199999999999989e+02 1.29333333333333314e+02 3.33150651146325383e-03 2.74779861502227224e-06
 1.29333333333333314e+02 1.29466666666666669e+02 3.33444846349189705e-03 2.81368049935232922e-06
 1.29466666666666669e+02 1.29599999999999994e+02 3.33529722602636048e-03 3.63156113405624503e-06
 1.29599999999999994e+02 1.29733333333333348e+02 3.33423898285437710e-03 2.97394788166276555e-06
 1.29733333333333348e+02 1.29866666666666674e+02 3.33493510402108886e-03 3.21718919897124935e-06
 1.29866666666666674e+02 1.30000000000000000e+02 3.33491244826435509e-03 3.15986413775326031e-06

