Histogram:sth+
 5.00000000000000000e+01 5.01333333333333329e+01 8.14135113455072279e-03 2.37642636980371728e-05
 5.01333333333333329e+01 5.02666666666666657e+01 8.13547761026287702e-03 2.23820670886751509e-05
 5.02666666666666657e+01 5.03999999999999986e+01 8.15371371994761882e-03 2.05932464841249239e-05
 5.03999999999999986e+01 5.05333333333333314e+01 8.19841675742442877e-03 2.46387530802556908e-05
 5.05333333333333314e+01 5.06666666666666643e+01 8.26384552281393160e-03 1.85972992311590652e-05
 5.06666666666666643e+01 5.07999999999999972e+01 8.28289492927164646e-03 1.85400384140006371e-05
 5.07999999999999972e+01 5.09333333333333300e+01 8.32202476175030771e-03 1.73289635676221263e-05
 5.09333333333333300e+01 5.10666666666666700e+01 8.35782943736418024e-03 1.72486678173644962e-05
 5.10666666666666700e+01 5.12000000000000028e+01 8.41159274553362514e-03 1.68965967888926354e-05
 5.12000000000000028e+01 5.13333333333333357e+01 8.41948955738134469e-03 1.71301969813398227e-05
 5.13333333333333357e+01 5.14666666666666686e+01 8.45577626952774900e-03 1.72196595618212076e-05
 5.14666666666666686e+01 5.16000000000000014e+01 8.46980919269770503e-03 1.64190327523597468e-05
 5.16000000000000014e+01 5.17333333333333343e+01 8.49885938961556127e-03 1.68889059484267862e-05
 5.17333333333333343e+01 5.18666666666666671e+01 8.53884927899211180e-03 1.63938577045591304e-05
 5.18666666666666671e+01 5.20000000000000000e+01 8.57915369217498655e-03 1.56603435169691621e-05
 5.20000000000000000e+01 5.21333333333333329e+01 8.61514900246825206e-03 1.61114336556818347e-05
 5.21333333333333329e+01 5.22666666666666657e+01 8.64437311101882121e-03 1.54922651663101300e-05
 5.22666666666666657e+01 5.23999999999999986e+01 8.66487333357398963e-03 1.55173974373221620e-05
 5.23999999999999986e+01 5.25333333333333314e+01 8.69621811632387623e-03 1.48962380072573618e-05
 5.25333333333333314e+01 5.26666666666666643e+01 8.75492237693684117e-03 1.44308169390143654e-05
 5.26666666666666643e+01 5.27999999999999972e+01 8.76614389274230077e-03 1.44794412620571889e-05
 5.27999999999999972e+01 5.29333333333333300e+01 8.77555543621917969e-03 1.41802182232511706e-05
 5.29333333333333300e+01 5.30666666666666700e+01 8.81423200378596630e-03 1.37716896154030843e-05
 5.30666666666666700e+01 5.32000000000000028e+01 8.85947473557158367e-03 1.41392542554926514e-05
 5.32000000000000028e+01 5.33333333333333357e+01 8.91057752270578603e-03 1.39910475566166735e-05
 5.33333333333333357e+01 5.34666666666666686e+01 8.91551936372389150e-03 1.39302826247818681e-05
 5.34666666666666686e+01 5.36000000000000014e+01 8.95957534326980234e-03 1.43980269252944678e-05
 5.36000000000000014e+01 5.37333333333333343e+01 9.00241114919712350e-03 1.35571319982577331e-05
 5.37333333333333343e+01 5.38666666666666671e+01 9.04093878667464046e-03 1.34141149167155670e-05
 5.38666666666666671e+01 5.40000000000000000e+01 9.07777689106947436e-03 1.37984484523768525e-05
 5.40000000000000000e+01 5.41333333333333329e+01 9.11402509799163346e-03 1.32474500621788198e-05
 5.41333333333333329e+01 5.42666666666666657e+01 9.15484263792459146e-03 1.35899115057425885e-05
 5.42666666666666657e+01 5.43999999999999986e+01 9.22944527096546813e-03 1.36683568449461265e-05
 5.43999999999999986e+01 5.45333333333333314e+01 9.29746469171493541e-03 1.33170179674414992e-05
 5.45333333333333314e+01 5.46666666666666643e+01 9.41453850114728347e-03 1.30529949620717229e-05
 5.46666666666666643e+01 5.47999999999999972e+01 9.47252490815358485e-03 1.33714767926512721e-05
 5.47999999999999972e+01 5.49333333333333371e+01 9.57842141486283175e-03 1.33056225851702471e-05
 5.49333333333333371e+01 5.50666666666666629e+01 9.64079766766987208e-03 1.33158671311325388e-05
 5.50666666666666629e+01 5.52000000000000028e+01 9.72600548197607474e-03 1.34722177681138586e-05
 5.52000000000000028e+01 5.53333333333333357e+01 9.80572149662482795e-03 1.32788469981763271e-05
 5.53333333333333357e+01 5.54666666666666686e+01 9.92089812193724593e-03 1.39130487526709833e-05
 5.54666666666666686e+01 5.56000000000000014e+01 9.95144774466464287e-03 1.36170373381683071e-05
 5.56000000000000014e+01 5.57333333333333343e+01 1.00690391622243192e-02 1.33626836739745838e-05
 5.57333333333333343e+01 5.58666666666666671e+01 1.01241156617999355e-02 1.32072926316810981e-05
 5.58666666666666671e+01 5.60000000000000000e+01 1.02016929598705060e-02 1.36516962647477921e-05
 5.60000000000000000e+01 5.61333333333333329e+01 1.02715587078669960e-02 1.35253522452458805e-05
 5.61333333333333329e+01 5.62666666666666657e+01 1.03493869638800369e-02 1.35440544591604235e-05
 5.62666666666666657e+01 5.63999999999999986e+01 1.04340769568125220e-02 1.38830613038687357e-05
 5.63999999999999986e+01 5.65333333333333314e+01 1.05106323886738698e-02 1.37239617922599118e-05
 5.65333333333333314e+01 5.66666666666666643e+01 1.05852799243779001e-02 1.36662164393212717e-05
 5.66666666666666643e+01 5.67999999999999972e+01 1.06602721444862564e-02 1.39807704529947851e-05
 5.67999999999999972e+01 5.69333333333333371e+01 1.07306817952980624e-02 1.39836297090868204e-05
 5.69333333333333371e+01 5.70666666666666629e+01 1.07863482030628160e-02 1.37635118949491163e-05
 5.70666666666666629e+01 5.72000000000000028e+01 1.08924633146039208e-02 1.41661473069522972e-05
 5.72000000000000028e+01 5.73333333333333357e+01 1.09511572110880476e-02 1.42346319862176356e-05
 5.73333333333333357e+01 5.74666666666666686e+01 1.09953662295906966e-02 1.39068930527899323e-05
 5.74666666666666686e+01 5.76000000000000014e+01 1.10652112470404525e-02 1.38790654649212041e-05
 5.76000000000000014e+01 5.77333333333333343e+01 1.11275592631140431e-02 1.40871383127137881e-05
 5.77333333333333343e+01 5.78666666666666671e+01 1.12259205783766507e-02 1.37046884769013722e-05
 5.78666666666666671e+01 5.80000000000000000e+01 1.12743537058770417e-02 1.41129386462438843e-05
 5.80000000000000000e+01 5.81333333333333329e+01 1.13517276412751118e-02 1.39920213001143916e-05
 5.81333333333333329e+01 5.82666666666666657e+01 1.13928078947473001e-02 1.43266659648740670e-05
 5.82666666666666657e+01 5.83999999999999986e+01 1.14827558170237203e-02 1.42511777505426525e-05
 5.83999999999999986e+01 5.85333333333333314e+01 1.15337593061272531e-02 1.42944639209322882e-05
 5.85333333333333314e+01 5.86666666666666643e+01 1.15790801390996054e-02 1.40844096571087887e-05
 5.86666666666666643e+01 5.87999999999999972e+01 1.16716574546944559e-02 1.40188324947205649e-05
 5.87999999999999972e+01 5.89333333333333371e+01 1.17155192620514315e-02 1.42089071387929650e-05
 5.89333333333333371e+01 5.90666666666666629e+01 1.17727511253631640e-02 1.46813321467822755e-05
 5.90666666666666629e+01 5.92000000000000028e+01 1.18435375733230170e-02 1.43879312523903155e-05
 5.92000000000000028e+01 5.93333333333333357e+01 1.19206626265750230e-02 1.39839425153458734e-05
 5.93333333333333357e+01 5.94666666666666686e+01 1.19757733336325160e-02 1.40483050518476517e-05
 5.94666666666666686e+01 5.96000000000000014e+01 1.20420337449865609e-02 1.48436462058591865e-05
 5.96000000000000014e+01 5.97333333333333343e+01 1.20909545292985868e-02 1.44493910245944889e-05
 5.97333333333333343e+01 5.98666666666666671e+01 1.21551833016756809e-02 1.41364492857378282e-05
 5.98666666666666671e+01 6.00000000000000000e+01 1.22159119729338805e-02 1.43090885790712288e-05
 6.00000000000000000e+01 6.01333333333333329e+01 1.22987373512577196e-02 1.45202681034916642e-05
 6.01333333333333329e+01 6.02666666666666657e+01 1.23353364124575357e-02 1.45186874441003126e-05
 6.02666666666666657e+01 6.03999999999999986e+01 1.23978817268751654e-02 1.44820699889300089e-05
 6.03999999999999986e+01 6.05333333333333314e+01 1.24667939560567220e-02 1.43883279078248014e-05
 6.05333333333333314e+01 6.06666666666666643e+01 1.25198822038154849e-02 1.48177761062794889e-05
 6.06666666666666643e+01 6.07999999999999972e+01 1.25612611192307856e-02 1.43439775498896158e-05
 6.07999999999999972e+01 6.09333333333333371e+01 1.26127257454920986e-02 1.43436680259085275e-05
 6.09333333333333371e+01 6.10666666666666629e+01 1.26759889339160114e-02 1.39231101291330032e-05
 6.10666666666666629e+01 6.12000000000000028e+01 1.27613969657967338e-02 1.48537616189808560e-05
 6.12000000000000028e+01 6.13333333333333357e+01 1.28042376836010139e-02 1.45286390885331950e-05
 6.13333333333333357e+01 6.14666666666666686e+01 1.28815613281017625e-02 1.45880046347436352e-05
 6.14666666666666686e+01 6.16000000000000014e+01 1.28863720506843943e-02 1.42582807540867419e-05
 6.16000000000000014e+01 6.17333333333333343e+01 1.29628378889500330e-02 1.48464992361835803e-05
 6.17333333333333343e+01 6.18666666666666671e+01 1.30535518744539988e-02 1.44909892100160600e-05
 6.18666666666666671e+01 6.20000000000000000e+01 1.30768223477449319e-02 1.48085181811514058e-05
 6.20000000000000000e+01 6.21333333333333329e+01 1.31515416720858185e-02 1.51045046179047109e-05
 6.21333333333333329e+01 6.22666666666666657e+01 1.31897160867804134e-02 1.41993394093605047e-05
 6.22666666666666657e+01 6.23999999999999986e+01 1.32396693273070642e-02 1.49873492671708751e-05
 6.23999999999999986e+01 6.25333333333333314e+01 1.33095944519198740e-02 1.46637084818967322e-05
 6.25333333333333314e+01 6.26666666666666643e+01 1.33540357618198054e-02 1.49525762170846502e-05
 6.26666666666666643e+01 6.27999999999999972e+01 1.34160299568600126e-02 1.47049177756792614e-05
 6.27999999999999972e+01 6.29333333333333371e+01 1.34680693916134180e-02 1.55690172582120709e-05
 6.29333333333333371e+01 6.30666666666666629e+01 1.35257453209624099e-02 1.46279877704749676e-05
 6.30666666666666629e+01 6.32000000000000028e+01 1.35647923144909550e-02 1.53687217437133607e-05
 6.32000000000000028e+01 6.33333333333333357e+01 1.36181046251880808e-02 1.50745441423277184e-05
 6.33333333333333357e+01 6.34666666666666686e+01 1.36751087886993923e-02 1.49856957480776939e-05
 6.34666666666666686e+01 6.36000000000000014e+01 1.37419967675975075e-02 1.53016110838374503e-05
 6.36000000000000014e+01 6.37333333333333343e+01 1.38003076089987554e-02 1.48766031822657226e-05
 6.37333333333333343e+01 6.38666666666666671e+01 1.38310206286494410e-02 1.46609488239140217e-05
 6.38666666666666671e+01 6.40000000000000000e+01 1.38693007778995861e-02 1.54437174022436366e-05
 6.40000000000000000e+01 6.41333333333333258e+01 1.39382674619524648e-02 1.50824049219304964e-05
 6.41333333333333258e+01 6.42666666666666657e+01 1.39821478917262869e-02 1.51044174803494761e-05
 6.42666666666666657e+01 6.44000000000000057e+01 1.40390609418785429e-02 1.49719518470459857e-05
 6.44000000000000057e+01 6.45333333333333314e+01 1.40638907422061480e-02 1.51661352879669848e-05
 6.45333333333333314e+01 6.46666666666666714e+01 1.41453485305811644e-02 1.50589069402303211e-05
 6.46666666666666714e+01 6.47999999999999972e+01 1.41527088551326851e-02 1.49068322241303882e-05
 6.47999999999999972e+01 6.49333333333333371e+01 1.42314213436635882e-02 1.55577188659718833e-05
 6.49333333333333371e+01 6.50666666666666629e+01 1.42474224789684700e-02 1.52417938651254164e-05
 6.50666666666666629e+01 6.52000000000000028e+01 1.43155950728447671e-02 1.49737553114338476e-05
 6.52000000000000028e+01 6.53333333333333286e+01 1.43403227786834848e-02 1.48581622650797847e-05
 6.53333333333333286e+01 6.54666666666666686e+01 1.43728629394920069e-02 1.52174577899976859e-05
 6.54666666666666686e+01 6.55999999999999943e+01 1.43905452412733514e-02 1.50680499410710205e-05
 6.55999999999999943e+01 6.57333333333333343e+01 1.44620981018642892e-02 1.48336358562658508e-05
 6.57333333333333343e+01 6.58666666666666742e+01 1.45075005618031227e-02 1.47034638467920676e-05
 6.58666666666666742e+01 6.60000000000000000e+01 1.45193272437565916e-02 1.47392282670389487e-05
 6.60000000000000000e+01 6.61333333333333258e+01 1.45715147052629251e-02 1.53118385118592710e-05
 6.61333333333333258e+01 6.62666666666666657e+01 1.46517328962153057e-02 1.56023396399599187e-05
 6.62666666666666657e+01 6.64000000000000057e+01 1.46644556572394606e-02 1.49422335121080131e-05
 6.64000000000000057e+01 6.65333333333333314e+01 1.46929959810641903e-02 1.51713273440562269e-05
 6.65333333333333314e+01 6.66666666666666714e+01 1.47290020689369375e-02 1.51230855929477370e-05
 6.66666666666666714e+01 6.67999999999999972e+01 1.47990247448743627e-02 1.57439548996428526e-05
 6.67999999999999972e+01 6.69333333333333371e+01 1.48105008456089343e-02 1.53773537087174620e-05
 6.69333333333333371e+01 6.70666666666666629e+01 1.48484220556284637e-02 1.45074766230949821e-05
 6.70666666666666629e+01 6.72000000000000028e+01 1.48877622409520453e-02 1.47589789586949344e-05
 6.72000000000000028e+01 6.73333333333333286e+01 1.49200920891285529e-02 1.46469855998694968e-05
 6.73333333333333286e+01 6.74666666666666686e+01 1.49798571114916623e-02 1.47959885348412015e-05
 6.74666666666666686e+01 6.75999999999999943e+01 1.49993073484094505e-02 1.52505927401156264e-05
 6.75999999999999943e+01 6.77333333333333343e+01 1.50301818380928053e-02 1.52910574462464053e-05
 6.77333333333333343e+01 6.78666666666666742e+01 1.50913085694996205e-02 1.52977986945387723e-05
 6.78666666666666742e+01 6.80000000000000000e+01 1.51124697272452743e-02 1.53583406043431554e-05
 6.80000000000000000e+01 6.81333333333333258e+01 1.51036363344637103e-02 1.49463764802464518e-05
 6.81333333333333258e+01 6.82666666666666657e+01 1.51695396036313455e-02 1.51355343716185929e-05
 6.82666666666666657e+01 6.84000000000000057e+01 1.52119572752146080e-02 1.64292138091861098e-05
 6.84000000000000057e+01 6.85333333333333314e+01 1.52418275194613970e-02 1.49035254066106825e-05
 6.85333333333333314e+01 6.86666666666666714e+01 1.52831220381009856e-02 1.58790240289309869e-05
 6.86666666666666714e+01 6.87999999999999972e+01 1.53382301595085292e-02 1.55622908815734848e-05
 6.87999999999999972e+01 6.89333333333333371e+01 1.53730917869893818e-02 1.51807502235552377e-05
 6.89333333333333371e+01 6.90666666666666629e+01 1.54054143956169603e-02 1.72874244872192454e-05
 6.90666666666666629e+01 6.92000000000000028e+01 1.53989604817573299e-02 1.59523699531802347e-05
 6.92000000000000028e+01 6.93333333333333286e+01 1.55027470484581445e-02 1.55573326112075958e-05
 6.93333333333333286e+01 6.94666666666666686e+01 1.54765211841042388e-02 1.53843481318328134e-05
 6.94666666666666686e+01 6.95999999999999943e+01 1.55379778152999123e-02 1.58744367486760440e-05
 6.95999999999999943e+01 6.97333333333333343e+01 1.55746058750007872e-02 1.53805874525009865e-05
 6.97333333333333343e+01 6.98666666666666742e+01 1.55967693841541286e-02 1.57168595163231561e-05
 6.98666666666666742e+01 7.00000000000000000e+01 1.56138793699116107e-02 1.54199783670931268e-05
 7.00000000000000000e+01 7.01333333333333258e+01 1.56456003670629833e-02 1.52927503089472785e-05
 7.01333333333333258e+01 7.02666666666666657e+01 1.56780666583397482e-02 1.52326753203663317e-05
 7.02666666666666657e+01 7.04000000000000057e+01 1.57257575745028341e-02 1.56747601256062667e-05
 7.04000000000000057e+01 7.05333333333333314e+01 1.57658967440297872e-02 1.57172562173946438e-05
 7.05333333333333314e+01 7.06666666666666714e+01 1.57990369971207772e-02 1.54023908627506561e-05
 7.06666666666666714e+01 7.07999999999999972e+01 1.58220802425583541e-02 1.60122264994712970e-05
 7.07999999999999972e+01 7.09333333333333371e+01 1.58426817376886055e-02 1.50077160448821726e-05
 7.09333333333333371e+01 7.10666666666666629e+01 1.58992391833696206e-02 1.55538726262021782e-05
 7.10666666666666629e+01 7.12000000000000028e+01 1.59048823169509190e-02 1.53865425318918361e-05
 7.12000000000000028e+01 7.13333333333333286e+01 1.59320356168453914e-02 1.51407554865076570e-05
 7.13333333333333286e+01 7.14666666666666686e+01 1.59501188887545171e-02 1.52941221027627724e-05
 7.14666666666666686e+01 7.15999999999999943e+01 1.59800407614210487e-02 1.51208892812788432e-05
 7.15999999999999943e+01 7.17333333333333343e+01 1.59983978415287609e-02 1.53075532966760718e-05
 7.17333333333333343e+01 7.18666666666666742e+01 1.60391176133249068e-02 1.56166380548332838e-05
 7.18666666666666742e+01 7.20000000000000000e+01 1.61058070192251976e-02 1.57098489668400702e-05
 7.20000000000000000e+01 7.21333333333333258e+01 1.60946551699209205e-02 1.50623922937759710e-05
 7.21333333333333258e+01 7.22666666666666657e+01 1.61396979021652433e-02 1.54911038580927273e-05
 7.22666666666666657e+01 7.24000000000000057e+01 1.62025056694991045e-02 1.63848880023370115e-05
 7.24000000000000057e+01 7.25333333333333314e+01 1.62039508539139690e-02 1.54198360928518765e-05
 7.25333333333333314e+01 7.26666666666666714e+01 1.62386737567516738e-02 1.59007953703360301e-05
 7.26666666666666714e+01 7.27999999999999972e+01 1.62664145355780124e-02 1.55168252582367323e-05
 7.27999999999999972e+01 7.29333333333333371e+01 1.62737286061683563e-02 1.59225095130271039e-05
 7.29333333333333371e+01 7.30666666666666629e+01 1.63144701042919303e-02 1.55601587251996200e-05
 7.30666666666666629e+01 7.32000000000000028e+01 1.63733173178475279e-02 1.54516921736275592e-05
 7.32000000000000028e+01 7.33333333333333286e+01 1.63761307955579555e-02 1.60170635882583527e-05
 7.33333333333333286e+01 7.34666666666666686e+01 1.64128178404101474e-02 1.57386544601273312e-05
 7.34666666666666686e+01 7.35999999999999943e+01 1.64241437866066743e-02 1.53005693008363575e-05
 7.35999999999999943e+01 7.37333333333333343e+01 1.64698298392711960e-02 1.59870473933911741e-05
 7.37333333333333343e+01 7.38666666666666742e+01 1.64825089646579333e-02 1.54868411805488108e-05
 7.38666666666666742e+01 7.40000000000000000e+01 1.65256380584289410e-02 1.58607094834491471e-05
 7.40000000000000000e+01 7.41333333333333258e+01 1.65437076187742900e-02 1.56713541208356717e-05
 7.41333333333333258e+01 7.42666666666666657e+01 1.65432228945959631e-02 1.56918995604880830e-05
 7.42666666666666657e+01 7.44000000000000057e+01 1.66212032523621080e-02 1.62644514977027049e-05
 7.44000000000000057e+01 7.45333333333333314e+01 1.65907729079970007e-02 1.55470113603410418e-05
 7.45333333333333314e+01 7.46666666666666714e+01 1.66353069268814248e-02 1.57966718817356175e-05
 7.46666666666666714e+01 7.47999999999999972e+01 1.66567074316289372e-02 1.56357067246752228e-05
 7.47999999999999972e+01 7.49333333333333371e+01 1.66862765836337697e-02 1.57361356020675790e-05
 7.49333333333333371e+01 7.50666666666666629e+01 1.67174613541245416e-02 1.58016385852073775e-05
 7.50666666666666629e+01 7.52000000000000028e+01 1.67433169751992246e-02 1.66660351139518151e-05
 7.52000000000000028e+01 7.53333333333333286e+01 1.67699527087107718e-02 1.53955097998266998e-05
 7.53333333333333286e+01 7.54666666666666686e+01 1.67808621850239689e-02 1.60800087960481779e-05
 7.54666666666666686e+01 7.55999999999999943e+01 1.68031840940552520e-02 1.58777041202018964e-05
 7.55999999999999943e+01 7.57333333333333343e+01 1.68458581262716407e-02 1.58085552095388986e-05
 7.57333333333333343e+01 7.58666666666666742e+01 1.68386476321985903e-02 1.56215895081998525e-05
 7.58666666666666742e+01 7.60000000000000000e+01 1.68927420581912978e-02 1.66517818760731568e-05
 7.60000000000000000e+01 7.61333333333333258e+01 1.69224861228008255e-02 1.67576356539850306e-05
 7.61333333333333258e+01 7.62666666666666657e+01 1.69127014433570859e-02 1.58451761528586790e-05
 7.62666666666666657e+01 7.64000000000000057e+01 1.69408571106836568e-02 1.66065385425291004e-05
 7.64000000000000057e+01 7.65333333333333314e+01 1.69537199496957273e-02 1.56973942421813158e-05
 7.65333333333333314e+01 7.66666666666666714e+01 1.69802281372178239e-02 1.62999018546859194e-05
 7.66666666666666714e+01 7.67999999999999972e+01 1.70037903703235578e-02 1.61732134655583934e-05
 7.67999999999999972e+01 7.69333333333333371e+01 1.70670712033683045e-02 1.61094246810601897e-05
 7.69333333333333371e+01 7.70666666666666629e+01 1.70770438663525037e-02 1.59947447537654971e-05
 7.70666666666666629e+01 7.72000000000000028e+01 1.70812310667414931e-02 1.60140898041370741e-05
 7.72000000000000028e+01 7.73333333333333286e+01 1.71082580765501771e-02 1.65759995733218626e-05
 7.73333333333333286e+01 7.74666666666666686e+01 1.71273122192289115e-02 1.58444683903073133e-05
 7.74666666666666686e+01 7.75999999999999943e+01 1.71431102492019607e-02 1.54687045050771820e-05
 7.75999999999999943e+01 7.77333333333333343e+01 1.71588421259414210e-02 1.59193015726141281e-05
 7.77333333333333343e+01 7.78666666666666742e+01 1.72049866241878006e-02 1.63506348466513541e-05
 7.78666666666666742e+01 7.80000000000000000e+01 1.72027945069623128e-02 1.65005759693519629e-05
 7.80000000000000000e+01 7.81333333333333258e+01 1.72287299005724967e-02 1.57801176207699977e-05
 7.81333333333333258e+01 7.82666666666666657e+01 1.72402501781337286e-02 1.59062447943357451e-05
 7.82666666666666657e+01 7.84000000000000057e+01 1.72847021542365253e-02 1.64183796239941504e-05
 7.84000000000000057e+01 7.85333333333333314e+01 1.72924866059451059e-02 1.64671493030598582e-05
 7.85333333333333314e+01 7.86666666666666714e+01 1.73504900445761480e-02 1.63808329948337913e-05
 7.86666666666666714e+01 7.87999999999999972e+01 1.73435792797962361e-02 1.60699966135661159e-05
 7.87999999999999972e+01 7.89333333333333371e+01 1.73566028130626576e-02 1.63948155670784602e-05
 7.89333333333333371e+01 7.90666666666666629e+01 1.73888044100946014e-02 1.63839972770101173e-05
 7.90666666666666629e+01 7.92000000000000028e+01 1.74079737106910444e-02 1.62415164687738818e-05
 7.92000000000000028e+01 7.93333333333333286e+01 1.74017687390640094e-02 1.60833031464909640e-05
 7.93333333333333286e+01 7.94666666666666686e+01 1.74383039987625714e-02 1.68224137718560820e-05
 7.94666666666666686e+01 7.95999999999999943e+01 1.74507389194459642e-02 1.63242417752022265e-05
 7.95999999999999943e+01 7.97333333333333343e+01 1.74495702373061966e-02 1.67574209758571595e-05
 7.97333333333333343e+01 7.98666666666666742e+01 1.74616175242664762e-02 1.62158376726944739e-05
 7.98666666666666742e+01 8.00000000000000000e+01 1.74943730933201438e-02 1.62107109173752976e-05
 8.00000000000000000e+01 8.01333333333333258e+01 1.75179027054516885e-02 1.59536829049578884e-05
 8.01333333333333258e+01 8.02666666666666657e+01 1.75129558300029138e-02 1.62015224114224499e-05
 8.02666666666666657e+01 8.04000000000000057e+01 1.75277641451814202e-02 1.60310757831501710e-05
 8.04000000000000057e+01 8.05333333333333314e+01 1.75722354600224839e-02 1.60774608454623792e-05
 8.05333333333333314e+01 8.06666666666666714e+01 1.75899860970075289e-02 1.56770456088879119e-05
 8.06666666666666714e+01 8.07999999999999972e+01 1.76140466069220486e-02 1.72061558759348548e-05
 8.07999999999999972e+01 8.09333333333333371e+01 1.75866946169195362e-02 1.60632385783626510e-05
 8.09333333333333371e+01 8.10666666666666629e+01 1.76186468210924492e-02 1.67834271962697343e-05
 8.10666666666666629e+01 8.12000000000000028e+01 1.76412795226283427e-02 1.62489679073482825e-05
 8.12000000000000028e+01 8.13333333333333286e+01 1.76549691887706653e-02 1.60536981481529028e-05
 8.13333333333333286e+01 8.14666666666666686e+01 1.76880156770381942e-02 1.64070701508663617e-05
 8.14666666666666686e+01 8.15999999999999943e+01 1.76841193404999909e-02 1.62225009341820116e-05
 8.15999999999999943e+01 8.17333333333333343e+01 1.77162372409826012e-02 1.62740242582170921e-05
 8.17333333333333343e+01 8.18666666666666742e+01 1.77245457714025299e-02 1.63696174796375053e-05
 8.18666666666666742e+01 8.20000000000000000e+01 1.77386190428715472e-02 1.67365590158064542e-05
 8.20000000000000000e+01 8.21333333333333258e+01 1.77772733589786729e-02 1.59073763671587914e-05
 8.21333333333333258e+01 8.22666666666666657e+01 1.77069587868910541e-02 1.67391341121327051e-05
 8.22666666666666657e+01 8.24000000000000057e+01 1.77709882373774178e-02 1.63697458383417589e-05
 8.24000000000000057e+01 8.25333333333333314e+01 1.77647424739169925e-02 1.63670829540226668e-05
 8.25333333333333314e+01 8.26666666666666572e+01 1.77955423625905836e-02 1.64090738426588230e-05
 8.26666666666666572e+01 8.27999999999999972e+01 1.78030113050091574e-02 1.61263408497617532e-05
 8.27999999999999972e+01 8.29333333333333371e+01 1.78317308768463599e-02 1.66520815596336492e-05
 8.29333333333333371e+01 8.30666666666666629e+01 1.78272803388317067e-02 1.63126075728109665e-05
 8.30666666666666629e+01 8.32000000000000028e+01 1.78619481620021850e-02 1.62139934924283588e-05
 8.32000000000000028e+01 8.33333333333333428e+01 1.78781936836864136e-02 1.66323394112957262e-05
 8.33333333333333428e+01 8.34666666666666686e+01 1.78753869369284585e-02 1.65633839874379263e-05
 8.34666666666666686e+01 8.35999999999999943e+01 1.78808412153584236e-02 1.65713996398167747e-05
 8.35999999999999943e+01 8.37333333333333343e+01 1.79411922198495707e-02 1.67367479472279871e-05
 8.37333333333333343e+01 8.38666666666666742e+01 1.79360005354169232e-02 1.66357575432287445e-05
 8.38666666666666742e+01 8.40000000000000000e+01 1.78957288054189083e-02 1.63895932829036958e-05
 8.40000000000000000e+01 8.41333333333333258e+01 1.79459269146077204e-02 1.62911347744433251e-05
 8.41333333333333258e+01 8.42666666666666657e+01 1.79577939863121393e-02 1.58243818373852438e-05
 8.42666666666666657e+01 8.44000000000000057e+01 1.79577781951535606e-02 1.70831926226135474e-05
 8.44000000000000057e+01 8.45333333333333314e+01 1.79825202868915159e-02 1.66168025073270383e-05
 8.45333333333333314e+01 8.46666666666666572e+01 1.79797166331907669e-02 1.66626202310422430e-05
 8.46666666666666572e+01 8.47999999999999972e+01 1.80025849262195545e-02 1.70642451359298668e-05
 8.47999999999999972e+01 8.49333333333333371e+01 1.80181720574334216e-02 1.66303459846110866e-05
 8.49333333333333371e+01 8.50666666666666629e+01 1.79978353271381085e-02 1.67760188127096400e-05
 8.50666666666666629e+01 8.52000000000000028e+01 1.80171422208400094e-02 1.62343391001710529e-05
 8.52000000000000028e+01 8.53333333333333428e+01 1.80186151821889497e-02 1.62031467008197868e-05
 8.53333333333333428e+01 8.54666666666666686e+01 1.80427722421750390e-02 1.68172318771763192e-05
 8.54666666666666686e+01 8.55999999999999943e+01 1.80575039886050857e-02 1.66812269789069138e-05
 8.55999999999999943e+01 8.57333333333333343e+01 1.80377349371140042e-02 1.58535647622078610e-05
 8.57333333333333343e+01 8.58666666666666742e+01 1.80538182508946099e-02 1.59506257779180821e-05
 8.58666666666666742e+01 8.60000000000000000e+01 1.80788617169289380e-02 1.62373307196867105e-05
 8.60000000000000000e+01 8.61333333333333258e+01 1.81060963140486260e-02 1.64172115500928144e-05
 8.61333333333333258e+01 8.62666666666666657e+01 1.81141644055442044e-02 1.74313302683164519e-05
 8.62666666666666657e+01 8.64000000000000057e+01 1.80995801260615298e-02 1.60908585205245453e-05
 8.64000000000000057e+01 8.65333333333333314e+01 1.81115350742504788e-02 1.66858332827510419e-05
 8.65333333333333314e+01 8.66666666666666572e+01 1.81277278140118993e-02 1.64266154945252147e-05
 8.66666666666666572e+01 8.67999999999999972e+01 1.81628770514547892e-02 1.69344034512518423e-05
 8.67999999999999972e+01 8.69333333333333371e+01 1.81157748489436735e-02 1.66806181164282667e-05
 8.69333333333333371e+01 8.70666666666666629e+01 1.81595310384770406e-02 1.61014492684883044e-05
 8.70666666666666629e+01 8.72000000000000028e+01 1.81442331218563610e-02 1.71704436504483554e-05
 8.72000000000000028e+01 8.73333333333333428e+01 1.81437747135439094e-02 1.67966612840907827e-05
 8.73333333333333428e+01 8.74666666666666686e+01 1.81748815123298248e-02 1.68626971003777127e-05
 8.74666666666666686e+01 8.75999999999999943e+01 1.81425811303565533e-02 1.63551058117828841e-05
 8.75999999999999943e+01 8.77333333333333343e+01 1.81646264228337920e-02 1.63718729723533234e-05
 8.77333333333333343e+01 8.78666666666666742e+01 1.81818933161719681e-02 1.66602298622407287e-05
 8.78666666666666742e+01 8.80000000000000000e+01 1.82022330771718609e-02 1.65528320644723424e-05
 8.80000000000000000e+01 8.81333333333333258e+01 1.81956789298444582e-02 1.62362104766168229e-05
 8.81333333333333258e+01 8.82666666666666657e+01 1.81801816333243028e-02 1.67033463026215912e-05
 8.82666666666666657e+01 8.84000000000000057e+01 1.81884611673937997e-02 1.73507566841877660e-05
 8.84000000000000057e+01 8.85333333333333314e+01 1.81754449134085803e-02 1.71674374163624932e-05
 8.85333333333333314e+01 8.86666666666666572e+01 1.82162706011369524e-02 1.61168050598873825e-05
 8.86666666666666572e+01 8.87999999999999972e+01 1.81957582453019968e-02 1.67848805399345059e-05
 8.87999999999999972e+01 8.89333333333333371e+01 1.82150338496688304e-02 1.68375285857937588e-05
 8.89333333333333371e+01 8.90666666666666629e+01 1.82377654957270770e-02 1.74011284614766940e-05
 8.90666666666666629e+01 8.92000000000000028e+01 1.82368196105002107e-02 1.64622650623495100e-05
 8.92000000000000028e+01 8.93333333333333428e+01 1.82388458513472636e-02 1.65123438959726631e-05
 8.93333333333333428e+01 8.94666666666666686e+01 1.82207906442105015e-02 1.64679671492272444e-05
 8.94666666666666686e+01 8.95999999999999943e+01 1.82327056938722878e-02 1.73449973248435652e-05
 8.95999999999999943e+01 8.97333333333333343e+01 1.82256085156497459e-02 1.67894063752479406e-05
 8.97333333333333343e+01 8.98666666666666742e+01 1.82345184531282518e-02 1.68170907024896188e-05
 8.98666666666666742e+01 9.00000000000000000e+01 1.82602567171700862e-02 1.67819012522844829e-05
 9.00000000000000000e+01 9.01333333333333258e+01 1.82477689694277995e-02 1.72320803451267143e-05
 9.01333333333333258e+01 9.02666666666666657e+01 1.82419797930267816e-02 1.63429002163329320e-05
 9.02666666666666657e+01 9.04000000000000057e+01 1.82163667654476370e-02 1.63791384911626265e-05
 9.04000000000000057e+01 9.05333333333333314e+01 1.82643889407274884e-02 1.64477512480205046e-05
 9.05333333333333314e+01 9.06666666666666572e+01 1.82419561256284800e-02 1.69839020644081318e-05
 9.06666666666666572e+01 9.07999999999999972e+01 1.82758179445621921e-02 1.68860725876741872e-05
 9.07999999999999972e+01 9.09333333333333371e+01 1.82108987256633000e-02 1.63889914724548157e-05
 9.09333333333333371e+01 9.10666666666666629e+01 1.82405897056966693e-02 1.77792809846999108e-05
 9.10666666666666629e+01 9.12000000000000028e+01 1.82259425731243555e-02 1.71718909794662402e-05
 9.12000000000000028e+01 9.13333333333333428e+01 1.82517197719303248e-02 1.69515858939824667e-05
 9.13333333333333428e+01 9.14666666666666686e+01 1.82485450031976380e-02 1.63902085610022364e-05
 9.14666666666666686e+01 9.15999999999999943e+01 1.82384489813956427e-02 1.75272918148960999e-05
 9.15999999999999943e+01 9.17333333333333343e+01 1.82537817273135637e-02 1.73384532694325999e-05
 9.17333333333333343e+01 9.18666666666666742e+01 1.82396587279684171e-02 1.64111564116825960e-05
 9.18666666666666742e+01 9.20000000000000000e+01 1.82109550570590320e-02 1.67018003336492628e-05
 9.20000000000000000e+01 9.21333333333333258e+01 1.82516249991713161e-02 1.67876309513741829e-05
 9.21333333333333258e+01 9.22666666666666657e+01 1.81974139550894302e-02 1.72886437150845197e-05
 9.22666666666666657e+01 9.24000000000000057e+01 1.82734819947113700e-02 1.63023483388662263e-05
 9.24000000000000057e+01 9.25333333333333314e+01 1.82223099816564704e-02 1.70443261338757934e-05
 9.25333333333333314e+01 9.26666666666666572e+01 1.82623913396870556e-02 1.66416676407449407e-05
 9.26666666666666572e+01 9.27999999999999972e+01 1.82143171626911009e-02 1.64724198254335668e-05
 9.27999999999999972e+01 9.29333333333333371e+01 1.82285001817039348e-02 1.65034039816057270e-05
 9.29333333333333371e+01 9.30666666666666629e+01 1.82433429894288401e-02 1.69607979512801318e-05
 9.30666666666666629e+01 9.32000000000000028e+01 1.82360445322948261e-02 1.71162702802805446e-05
 9.32000000000000028e+01 9.33333333333333428e+01 1.81990462248912237e-02 1.59106102189606601e-05
 9.33333333333333428e+01 9.34666666666666686e+01 1.82271048036329909e-02 1.67977656028232566e-05
 9.34666666666666686e+01 9.35999999999999943e+01 1.81891973827393652e-02 1.73090127622297290e-05
 9.35999999999999943e+01 9.37333333333333343e+01 1.81974810754112482e-02 1.73530727401174925e-05
 9.37333333333333343e+01 9.38666666666666742e+01 1.82233171446553842e-02 1.71355268513488376e-05
 9.38666666666666742e+01 9.40000000000000000e+01 1.82261840805909361e-02 1.72128406750112063e-05
 9.40000000000000000e+01 9.41333333333333258e+01 1.82113693291843237e-02 1.62854922630312485e-05
 9.41333333333333258e+01 9.42666666666666657e+01 1.82084557460778160e-02 1.71217582328700123e-05
 9.42666666666666657e+01 9.44000000000000057e+01 1.81777022923776850e-02 1.64713246247881867e-05
 9.44000000000000057e+01 9.45333333333333314e+01 1.81728326515847027e-02 1.61951884474518672e-05
 9.45333333333333314e+01 9.46666666666666572e+01 1.82017157334405690e-02 1.79026578515505700e-05
 9.46666666666666572e+01 9.47999999999999972e+01 1.81496829053492299e-02 1.68885672658437394e-05
 9.47999999999999972e+01 9.49333333333333371e+01 1.81770953128627989e-02 1.75190369175448737e-05
 9.49333333333333371e+01 9.50666666666666629e+01 1.81848858807217365e-02 1.64383808702456483e-05
 9.50666666666666629e+01 9.52000000000000028e+01 1.81387231725906213e-02 1.68786488475975685e-05
 9.52000000000000028e+01 9.53333333333333428e+01 1.81548042882381730e-02 1.65483487722349270e-05
 9.53333333333333428e+01 9.54666666666666686e+01 1.81201212825259084e-02 1.59923992094671416e-05
 9.54666666666666686e+01 9.55999999999999943e+01 1.81029497203083443e-02 1.66766979500394492e-05
 9.55999999999999943e+01 9.57333333333333343e+01 1.81671464911211007e-02 1.67641164178894217e-05
 9.57333333333333343e+01 9.58666666666666742e+01 1.81062737148945593e-02 1.68611804245635782e-05
 9.58666666666666742e+01 9.60000000000000000e+01 1.81106425407677948e-02 1.73055083894315501e-05
 9.60000000000000000e+01 9.61333333333333258e+01 1.81229113905149765e-02 1.71773936393801098e-05
 9.61333333333333258e+01 9.62666666666666657e+01 1.80993942312504576e-02 1.67442860772346596e-05
 9.62666666666666657e+01 9.64000000000000057e+01 1.81265814546588203e-02 1.75906590429119143e-05
 9.64000000000000057e+01 9.65333333333333314e+01 1.80578859763325453e-02 1.70850784730511399e-05
 9.65333333333333314e+01 9.66666666666666572e+01 1.80821207463769673e-02 1.66858287993322211e-05
 9.66666666666666572e+01 9.67999999999999972e+01 1.80499870789777167e-02 1.65506370276249207e-05
 9.67999999999999972e+01 9.69333333333333371e+01 1.80584396191495571e-02 1.61194619713559713e-05
 9.69333333333333371e+01 9.70666666666666629e+01 1.80697754707543033e-02 1.68763743746622513e-05
 9.70666666666666629e+01 9.72000000000000028e+01 1.80250412382959788e-02 1.71634921150590386e-05
 9.72000000000000028e+01 9.73333333333333428e+01 1.80301963198104404e-02 1.74792896775577045e-05
 9.73333333333333428e+01 9.74666666666666686e+01 1.79970107992986281e-02 1.64078840137260796e-05
 9.74666666666666686e+01 9.75999999999999943e+01 1.80332476245833838e-02 1.69272623508358755e-05
 9.75999999999999943e+01 9.77333333333333343e+01 1.80066159693823974e-02 1.76735269632212975e-05
 9.77333333333333343e+01 9.78666666666666742e+01 1.79677350169374431e-02 1.64965618420999330e-05
 9.78666666666666742e+01 9.80000000000000000e+01 1.80024008327823240e-02 1.64008123566111742e-05
 9.80000000000000000e+01 9.81333333333333258e+01 1.79745529149136912e-02 1.62775586894130990e-05
 9.81333333333333258e+01 9.82666666666666657e+01 1.79208376048328455e-02 1.66290667310769964e-05
 9.82666666666666657e+01 9.84000000000000057e+01 1.79561090041012172e-02 1.62959997376558285e-05
 9.84000000000000057e+01 9.85333333333333314e+01 1.78993042318135176e-02 1.67913251050222816e-05
 9.85333333333333314e+01 9.86666666666666572e+01 1.79227457794290460e-02 1.73286871380210779e-05
 9.86666666666666572e+01 9.87999999999999972e+01 1.79341775836721791e-02 1.70973854112463262e-05
 9.87999999999999972e+01 9.89333333333333371e+01 1.79201195392750603e-02 1.72494131708833576e-05
 9.89333333333333371e+01 9.90666666666666629e+01 1.79048487339210603e-02 1.73748644735560903e-05
 9.90666666666666629e+01 9.92000000000000028e+01 1.78671878994882266e-02 1.65561196991921496e-05
 9.92000000000000028e+01 9.93333333333333428e+01 1.79068469413790447e-02 1.73336669246138537e-05
 9.93333333333333428e+01 9.94666666666666686e+01 1.78366447716083835e-02 1.65410986408083439e-05
 9.94666666666666686e+01 9.95999999999999943e+01 1.78205320836398104e-02 1.67783385464666692e-05
 9.95999999999999943e+01 9.97333333333333343e+01 1.78117634200461138e-02 1.58951886838988506e-05
 9.97333333333333343e+01 9.98666666666666742e+01 1.78142620789355499e-02 1.64917761361477980e-05
 9.98666666666666742e+01 1.00000000000000000e+02 1.78128940947394378e-02 1.70250440475103059e-05
 1.00000000000000000e+02 1.00133333333333326e+02 1.77877599559214290e-02 1.67177003326040454e-05
 1.00133333333333326e+02 1.00266666666666666e+02 1.77698482132266876e-02 1.61153881412533611e-05
 1.00266666666666666e+02 1.00400000000000006e+02 1.77549516128714842e-02 1.79755866361201471e-05
 1.00400000000000006e+02 1.00533333333333331e+02 1.77528717630326231e-02 1.63991677291669779e-05
 1.00533333333333331e+02 1.00666666666666657e+02 1.77383397178979586e-02 1.73445001966157946e-05
 1.00666666666666657e+02 1.00799999999999997e+02 1.76956836984351086e-02 1.67596012549575378e-05
 1.00799999999999997e+02 1.00933333333333337e+02 1.77108907556958947e-02 1.73591561553298889e-05
 1.00933333333333337e+02 1.01066666666666663e+02 1.77043475504958525e-02 1.70885656598068160e-05
 1.01066666666666663e+02 1.01200000000000003e+02 1.76717569303571458e-02 1.79307101525434865e-05
 1.01200000000000003e+02 1.01333333333333343e+02 1.76600590190041547e-02 1.70600122806695124e-05
 1.01333333333333343e+02 1.01466666666666669e+02 1.76576107375520652e-02 1.64754429477805128e-05
 1.01466666666666669e+02 1.01599999999999994e+02 1.76104305538129467e-02 1.71332675495502299e-05
 1.01599999999999994e+02 1.01733333333333334e+02 1.76130886032447136e-02 1.65960555455959938e-05
 1.01733333333333334e+02 1.01866666666666674e+02 1.75784286397330861e-02 1.67467730420708591e-05
 1.01866666666666674e+02 1.02000000000000000e+02 1.75705643448359344e-02 1.78979667622289173e-05
 1.02000000000000000e+02 1.02133333333333326e+02 1.75770255743938619e-02 1.67326299517803914e-05
 1.02133333333333326e+02 1.02266666666666666e+02 1.75352044047777170e-02 1.66209852067430305e-05
 1.02266666666666666e+02 1.02400000000000006e+02 1.75585683595294931e-02 1.71232919174230805e-05
 1.02400000000000006e+02 1.02533333333333331e+02 1.75103579990185942e-02 1.73563808176050548e-05
 1.02533333333333331e+02 1.02666666666666657e+02 1.74705679282424926e-02 1.60502352046986102e-05
 1.02666666666666657e+02 1.02799999999999997e+02 1.74803403352625682e-02 1.73376583355141653e-05
 1.02799999999999997e+02 1.02933333333333337e+02 1.74302331279663943e-02 1.63391491773314516e-05
 1.02933333333333337e+02 1.03066666666666663e+02 1.74306835752705419e-02 1.70299020026791041e-05
 1.03066666666666663e+02 1.03200000000000003e+02 1.73931878366034715e-02 1.62349014334697194e-05
 1.03200000000000003e+02 1.03333333333333343e+02 1.74010361344562117e-02 1.78628370011127191e-05
 1.03333333333333343e+02 1.03466666666666669e+02 1.73781760878812669e-02 1.60036293759085562e-05
 1.03466666666666669e+02 1.03599999999999994e+02 1.73624433956877412e-02 1.67214412565501092e-05
 1.03599999999999994e+02 1.03733333333333334e+02 1.73216882406007390e-02 1.67736211716060381e-05
 1.03733333333333334e+02 1.03866666666666674e+02 1.73127350690719106e-02 1.64489052258177349e-05
 1.03866666666666674e+02 1.04000000000000000e+02 1.72737948275871397e-02 1.66185458344120852e-05
 1.04000000000000000e+02 1.04133333333333326e+02 1.72559286936049758e-02 1.69914407253405342e-05
 1.04133333333333326e+02 1.04266666666666666e+02 1.72373157819022127e-02 1.61979059565423031e-05
 1.04266666666666666e+02 1.04400000000000006e+02 1.72292615124066614e-02 1.70852553371417804e-05
 1.04400000000000006e+02 1.04533333333333331e+02 1.72341408231451408e-02 1.63779182663541558e-05
 1.04533333333333331e+02 1.04666666666666657e+02 1.72076191699989840e-02 1.87783297051690660e-05
 1.04666666666666657e+02 1.04799999999999997e+02 1.71542430553013776e-02 1.59556945730614964e-05
 1.04799999999999997e+02 1.04933333333333337e+02 1.71509791030437647e-02 1.74058069218137982e-05
 1.04933333333333337e+02 1.05066666666666663e+02 1.71425279339833363e-02 1.72515590606024838e-05
 1.05066666666666663e+02 1.05200000000000003e+02 1.70935741329426120e-02 1.63398835491365142e-05
 1.05200000000000003e+02 1.05333333333333343e+02 1.70894979032383126e-02 1.69833683968336210e-05
 1.05333333333333343e+02 1.05466666666666669e+02 1.70796742476265230e-02 1.65155402723770856e-05
 1.05466666666666669e+02 1.05599999999999994e+02 1.70598743762743373e-02 1.83525137658686576e-05
 1.05599999999999994e+02 1.05733333333333334e+02 1.70451807602273568e-02 1.79188379752199758e-05
 1.05733333333333334e+02 1.05866666666666674e+02 1.69805878323782029e-02 1.63055397591274496e-05
 1.05866666666666674e+02 1.06000000000000000e+02 1.69592632473076800e-02 1.67566517682955844e-05
 1.06000000000000000e+02 1.06133333333333326e+02 1.69330414255450014e-02 1.66984058351530794e-05
 1.06133333333333326e+02 1.06266666666666666e+02 1.69000618379316556e-02 1.66887225165040133e-05
 1.06266666666666666e+02 1.06400000000000006e+02 1.69198920177701835e-02 1.76385495239072366e-05
 1.06400000000000006e+02 1.06533333333333331e+02 1.68480812432773470e-02 1.61510862488491017e-05
 1.06533333333333331e+02 1.06666666666666657e+02 1.68407910995603295e-02 1.63140738917727766e-05
 1.06666666666666657e+02 1.06799999999999997e+02 1.68210388007066051e-02 1.68425046110310903e-05
 1.06799999999999997e+02 1.06933333333333337e+02 1.68037303162482977e-02 1.64348876256594688e-05
 1.06933333333333337e+02 1.07066666666666663e+02 1.67652852644372269e-02 1.60754731283697252e-05
 1.07066666666666663e+02 1.07200000000000003e+02 1.67595561492742198e-02 1.75670715368926812e-05
 1.07200000000000003e+02 1.07333333333333343e+02 1.67338180728345345e-02 1.69217101000232018e-05
 1.07333333333333343e+02 1.07466666666666669e+02 1.66959003307808850e-02 1.60253521076967354e-05
 1.07466666666666669e+02 1.07599999999999994e+02 1.66755614701878246e-02 1.75002044652088887e-05
 1.07599999999999994e+02 1.07733333333333334e+02 1.66474767373790550e-02 1.64360572932557786e-05
 1.07733333333333334e+02 1.07866666666666674e+02 1.66469852603631681e-02 1.74740959029570700e-05
 1.07866666666666674e+02 1.08000000000000000e+02 1.66134146636406944e-02 1.67139222103028880e-05
 1.08000000000000000e+02 1.08133333333333326e+02 1.65909946432239060e-02 1.76090782810345208e-05
 1.08133333333333326e+02 1.08266666666666666e+02 1.65168848173528164e-02 1.65536159576379924e-05
 1.08266666666666666e+02 1.08400000000000006e+02 1.65083413900576417e-02 1.64423303436439760e-05
 1.08400000000000006e+02 1.08533333333333331e+02 1.64885552195705165e-02 1.67214631340864653e-05
 1.08533333333333331e+02 1.08666666666666657e+02 1.64259849166317057e-02 1.62664866290908745e-05
 1.08666666666666657e+02 1.08799999999999997e+02 1.64102641714389610e-02 1.65243911095898674e-05
 1.08799999999999997e+02 1.08933333333333337e+02 1.63797270430654680e-02 1.76254642602501894e-05
 1.08933333333333337e+02 1.09066666666666663e+02 1.63599381903494767e-02 1.75891547919173961e-05
 1.09066666666666663e+02 1.09200000000000003e+02 1.63591033301427324e-02 1.72190584265734063e-05
 1.09200000000000003e+02 1.09333333333333343e+02 1.63174333983003676e-02 1.61272114964815015e-05
 1.09333333333333343e+02 1.09466666666666669e+02 1.62589795297396686e-02 1.60080051679648413e-05
 1.09466666666666669e+02 1.09599999999999994e+02 1.62619286601280166e-02 1.61073553740372824e-05
 1.09599999999999994e+02 1.09733333333333334e+02 1.62000067686600968e-02 1.60302023646913974e-05
 1.09733333333333334e+02 1.09866666666666674e+02 1.61741175890851782e-02 1.66727877451490953e-05
 1.09866666666666674e+02 1.10000000000000000e+02 1.61708940387337401e-02 1.73469112486732930e-05
 1.10000000000000000e+02 1.10133333333333326e+02 1.61326932074769037e-02 1.67902606457959046e-05
 1.10133333333333326e+02 1.10266666666666666e+02 1.61100279840878033e-02 1.63374972980338813e-05
 1.10266666666666666e+02 1.10400000000000006e+02 1.60573549244335395e-02 1.60518862150920463e-05
 1.10400000000000006e+02 1.10533333333333331e+02 1.60345513285155214e-02 1.64403850540897401e-05
 1.10533333333333331e+02 1.10666666666666657e+02 1.60556257857165652e-02 1.63332361470221682e-05
 1.10666666666666657e+02 1.10799999999999997e+02 1.59695338442053317e-02 1.60422455373054128e-05
 1.10799999999999997e+02 1.10933333333333337e+02 1.59595610272566420e-02 1.69665309923893301e-05
 1.10933333333333337e+02 1.11066666666666663e+02 1.59053946799075537e-02 1.62966900081262125e-05
 1.11066666666666663e+02 1.11200000000000003e+02 1.58648447933959352e-02 1.61517251639405147e-05
 1.11200000000000003e+02 1.11333333333333343e+02 1.58418393763374576e-02 1.65256906984463795e-05
 1.11333333333333343e+02 1.11466666666666669e+02 1.58371182300865235e-02 1.59963050267334660e-05
 1.11466666666666669e+02 1.11599999999999994e+02 1.57900460881252348e-02 1.62204363374219272e-05
 1.11599999999999994e+02 1.11733333333333334e+02 1.57629676134225273e-02 1.65256842331394961e-05
 1.11733333333333334e+02 1.11866666666666674e+02 1.57224540427773549e-02 1.64625400717867942e-05
 1.11866666666666674e+02 1.12000000000000000e+02 1.56844510302850612e-02 1.63684356469911715e-05
 1.12000000000000000e+02 1.12133333333333326e+02 1.56733315559059554e-02 1.59682957826506986e-05
 1.12133333333333326e+02 1.12266666666666666e+02 1.56113600123658214e-02 1.58646442739566463e-05
 1.12266666666666666e+02 1.12400000000000006e+02 1.55878201460581348e-02 1.78094412629303243e-05
 1.12400000000000006e+02 1.12533333333333331e+02 1.55623124211497921e-02 1.58872606416121704e-05
 1.12533333333333331e+02 1.12666666666666657e+02 1.54983839597471300e-02 1.61632255535910066e-05
 1.12666666666666657e+02 1.12799999999999997e+02 1.54921228605337871e-02 1.63207146829365355e-05
 1.12799999999999997e+02 1.12933333333333337e+02 1.54571242138092195e-02 1.75734269021893285e-05
 1.12933333333333337e+02 1.13066666666666663e+02 1.53900695905024691e-02 1.56262224180743172e-05
 1.13066666666666663e+02 1.13200000000000003e+02 1.53608338844661158e-02 1.61105196184410178e-05
 1.13200000000000003e+02 1.13333333333333343e+02 1.53553040431457163e-02 1.62219858664132954e-05
 1.13333333333333343e+02 1.13466666666666669e+02 1.53131464954795512e-02 1.63096257739581093e-05
 1.13466666666666669e+02 1.13599999999999994e+02 1.52610190325396036e-02 1.62607651727542868e-05
 1.13599999999999994e+02 1.13733333333333334e+02 1.52091089159065562e-02 1.60926574789409378e-05
 1.13733333333333334e+02 1.13866666666666674e+02 1.51732451781158763e-02 1.62537026111016018e-05
 1.13866666666666674e+02 1.14000000000000000e+02 1.51635100789809137e-02 1.64856524160179407e-05
 1.14000000000000000e+02 1.14133333333333340e+02 1.51194574160784176e-02 1.67514436879062253e-05
 1.14133333333333340e+02 1.14266666666666666e+02 1.50572415952077293e-02 1.56144482941638585e-05
 1.14266666666666666e+02 1.14400000000000006e+02 1.50797692557397556e-02 1.75173273801060144e-05
 1.14400000000000006e+02 1.14533333333333331e+02 1.49460386202029290e-02 1.59516122697008615e-05
 1.14533333333333331e+02 1.14666666666666671e+02 1.49674161233402155e-02 1.64709503993327905e-05
 1.14666666666666671e+02 1.14799999999999997e+02 1.49120668947983984e-02 1.55757411469321587e-05
 1.14799999999999997e+02 1.14933333333333337e+02 1.48512827688154943e-02 1.63203647396272234e-05
 1.14933333333333337e+02 1.15066666666666663e+02 1.48446178219508798e-02 1.67281464191756762e-05
 1.15066666666666663e+02 1.15200000000000003e+02 1.47771854911986147e-02 1.62782129509580985e-05
 1.15200000000000003e+02 1.15333333333333329e+02 1.47584784775498194e-02 1.58902878523202662e-05
 1.15333333333333329e+02 1.15466666666666669e+02 1.47083189196051175e-02 1.71824082562027995e-05
 1.15466666666666669e+02 1.15599999999999994e+02 1.46291072551078798e-02 1.56708214271442106e-05
 1.15599999999999994e+02 1.15733333333333334e+02 1.45900072456677677e-02 1.55083053619343177e-05
 1.15733333333333334e+02 1.15866666666666660e+02 1.45619300123165010e-02 1.60969384381055681e-05
 1.15866666666666660e+02 1.16000000000000000e+02 1.45354490412174815e-02 1.64703338290348633e-05
 1.16000000000000000e+02 1.16133333333333340e+02 1.44511953984061015e-02 1.71366569447358271e-05
 1.16133333333333340e+02 1.16266666666666666e+02 1.44055200515411045e-02 1.61513963056944905e-05
 1.16266666666666666e+02 1.16400000000000006e+02 1.43894872731412399e-02 1.58298554932630597e-05
 1.16400000000000006e+02 1.16533333333333331e+02 1.43043023546790236e-02 1.62730580108186743e-05
 1.16533333333333331e+02 1.16666666666666671e+02 1.42306667714389590e-02 1.54748366242413759e-05
 1.16666666666666671e+02 1.16799999999999997e+02 1.41838231667767954e-02 1.63033858035293040e-05
 1.16799999999999997e+02 1.16933333333333337e+02 1.41666217123228629e-02 1.62190840647939190e-05
 1.16933333333333337e+02 1.17066666666666663e+02 1.40993601969335546e-02 1.57804748755143705e-05
 1.17066666666666663e+02 1.17200000000000003e+02 1.40541671760638157e-02 1.70500322280634672e-05
 1.17200000000000003e+02 1.17333333333333329e+02 1.40150219826974901e-02 1.62350726103476115e-05
 1.17333333333333329e+02 1.17466666666666669e+02 1.39131998153370681e-02 1.60460718155665095e-05
 1.17466666666666669e+02 1.17599999999999994e+02 1.38784694382963862e-02 1.54305395816359466e-05
 1.17599999999999994e+02 1.17733333333333334e+02 1.38240910507103736e-02 1.51767192493409059e-05
 1.17733333333333334e+02 1.17866666666666660e+02 1.37861117232553551e-02 1.70190630729570652e-05
 1.17866666666666660e+02 1.18000000000000000e+02 1.37347342808074018e-02 1.73759275284012275e-05
 1.18000000000000000e+02 1.18133333333333340e+02 1.36497797808817298e-02 1.59344935135014208e-05
 1.18133333333333340e+02 1.18266666666666666e+02 1.36302823306660246e-02 1.62587605142952458e-05
 1.18266666666666666e+02 1.18400000000000006e+02 1.35553350570652206e-02 1.55293100972091513e-05
 1.18400000000000006e+02 1.18533333333333331e+02 1.34868721570959322e-02 1.59285295917469928e-05
 1.18533333333333331e+02 1.18666666666666671e+02 1.34356544784257712e-02 1.57155360867734304e-05
 1.18666666666666671e+02 1.18799999999999997e+02 1.33608918281394491e-02 1.62811481913737116e-05
 1.18799999999999997e+02 1.18933333333333337e+02 1.33133082194431488e-02 1.54257873992131994e-05
 1.18933333333333337e+02 1.19066666666666663e+02 1.32921921267119443e-02 1.74197386340288699e-05
 1.19066666666666663e+02 1.19200000000000003e+02 1.31928643373402585e-02 1.63494853647632789e-05
 1.19200000000000003e+02 1.19333333333333329e+02 1.31690096555884088e-02 1.65005655409271631e-05
 1.19333333333333329e+02 1.19466666666666669e+02 1.31072358838282520e-02 1.56067531854391638e-05
 1.19466666666666669e+02 1.19599999999999994e+02 1.30643168870850541e-02 1.58253389284331926e-05
 1.19599999999999994e+02 1.19733333333333334e+02 1.29832575010548484e-02 1.55903815350309297e-05
 1.19733333333333334e+02 1.19866666666666660e+02 1.29377838976721272e-02 1.61748043055000514e-05
 1.19866666666666660e+02 1.20000000000000000e+02 1.28848855153767487e-02 1.66900270885841066e-05
 1.20000000000000000e+02 1.20133333333333340e+02 1.28189152091884844e-02 1.62116510069928349e-05
 1.20133333333333340e+02 1.20266666666666666e+02 1.27186290014834318e-02 1.51759783966753394e-05
 1.20266666666666666e+02 1.20400000000000006e+02 1.26681332932051163e-02 1.49450422778836138e-05
 1.20400000000000006e+02 1.20533333333333331e+02 1.26253147224421724e-02 1.69619243963157486e-05
 1.20533333333333331e+02 1.20666666666666671e+02 1.25481967872635939e-02 1.54672497138169795e-05
 1.20666666666666671e+02 1.20799999999999997e+02 1.24690290758001764e-02 1.53354592257345044e-05
 1.20799999999999997e+02 1.20933333333333337e+02 1.24104973978283739e-02 1.58514574227739049e-05
 1.20933333333333337e+02 1.21066666666666663e+02 1.23781145280719776e-02 1.49031593943431269e-05
 1.21066666666666663e+02 1.21200000000000003e+02 1.23031119991784191e-02 1.67537287378583236e-05
 1.21200000000000003e+02 1.21333333333333329e+02 1.22436296244479836e-02 1.56110923148956977e-05
 1.21333333333333329e+02 1.21466666666666669e+02 1.21758786469526002e-02 1.56340804694186750e-05
 1.21466666666666669e+02 1.21599999999999994e+02 1.21058890506892825e-02 1.53715632292828495e-05
 1.21599999999999994e+02 1.21733333333333334e+02 1.20556923788695414e-02 1.66853514915589798e-05
 1.21733333333333334e+02 1.21866666666666660e+02 1.19648012160659470e-02 1.53432849611120549e-05
 1.21866666666666660e+02 1.22000000000000000e+02 1.19123770650993652e-02 1.63160252141208990e-05
 1.22000000000000000e+02 1.22133333333333340e+02 1.18420937206974979e-02 1.60894664766771484e-05
 1.22133333333333340e+02 1.22266666666666666e+02 1.17723101328795939e-02 1.73369268441144997e-05
 1.22266666666666666e+02 1.22400000000000006e+02 1.17004176222430239e-02 1.54413266831038473e-05
 1.22400000000000006e+02 1.22533333333333331e+02 1.15923206429875084e-02 1.56314146078992450e-05
 1.22533333333333331e+02 1.22666666666666671e+02 1.15274105820899336e-02 1.49665321273476621e-05
 1.22666666666666671e+02 1.22799999999999997e+02 1.14868189217018132e-02 1.57971353800750310e-05
 1.22799999999999997e+02 1.22933333333333337e+02 1.13975348401692926e-02 1.49487569460479863e-05
 1.22933333333333337e+02 1.23066666666666663e+02 1.13334823676174441e-02 1.57503534894102487e-05
 1.23066666666666663e+02 1.23200000000000003e+02 1.12706857943076638e-02 1.48600152146514297e-05
 1.23200000000000003e+02 1.23333333333333329e+02 1.11710228654889419e-02 1.47201368080960794e-05
 1.23333333333333329e+02 1.23466666666666669e+02 1.11160790915478362e-02 1.49338354344066508e-05
 1.23466666666666669e+02 1.23599999999999994e+02 1.10582872970325322e-02 1.59034821408004219e-05
 1.23599999999999994e+02 1.23733333333333334e+02 1.09347154732615838e-02 1.56197366449329603e-05
 1.23733333333333334e+02 1.23866666666666660e+02 1.08856463494209563e-02 1.51664829604118922e-05
 1.23866666666666660e+02 1.24000000000000000e+02 1.08087000166354388e-02 1.51028373430162479e-05
 1.24000000000000000e+02 1.24133333333333340e+02 1.07211140378659121e-02 1.49981655504752698e-05
 1.24133333333333340e+02 1.24266666666666666e+02 1.06602157899306684e-02 1.56177766806913660e-05
 1.24266666666666666e+02 1.24400000000000006e+02 1.05453214295762356e-02 1.54533706001963975e-05
 1.24400000000000006e+02 1.24533333333333331e+02 1.04645305608380475e-02 1.49613470090693872e-05
 1.24533333333333331e+02 1.24666666666666671e+02 1.03997151419478115e-02 1.45615635683771885e-05
 1.24666666666666671e+02 1.24799999999999997e+02 1.03138197161763128e-02 1.51163264304362118e-05
 1.24799999999999997e+02 1.24933333333333337e+02 1.01854713292606671e-02 1.44606621450578512e-05
 1.24933333333333337e+02 1.25066666666666663e+02 1.00941230146901484e-02 1.43789855226662216e-05
 1.25066666666666663e+02 1.25200000000000003e+02 1.00108751396118054e-02 1.42708219340550859e-05
 1.25200000000000003e+02 1.25333333333333329e+02 9.94538444265323507e-03 1.45707875746165184e-05
 1.25333333333333329e+02 1.25466666666666669e+02 9.85576424820355790e-03 1.57837863428557703e-05
 1.25466666666666669e+02 1.25599999999999994e+02 9.77148050744396264e-03 1.47657951528525941e-05
 1.25599999999999994e+02 1.25733333333333334e+02 9.67948553460392866e-03 1.51156247597074964e-05
 1.25733333333333334e+02 1.25866666666666660e+02 9.59645654911965053e-03 1.38310272695186052e-05
 1.25866666666666660e+02 1.26000000000000000e+02 9.56603222683472497e-03 1.48994497152043281e-05
 1.26000000000000000e+02 1.26133333333333340e+02 9.53774397396335398e-03 1.44207497416180416e-05
 1.26133333333333340e+02 1.26266666666666666e+02 9.47131895218960435e-03 1.39533702456051386e-05
 1.26266666666666666e+02 1.26400000000000006e+02 9.43606793286438060e-03 1.42607613348574392e-05
 1.26400000000000006e+02 1.26533333333333331e+02 9.40342705828533382e-03 1.39526338275681686e-05
 1.26533333333333331e+02 1.26666666666666671e+02 9.36727365375435161e-03 1.43140538860902366e-05
 1.26666666666666671e+02 1.26799999999999997e+02 9.33100821213890194e-03 1.39038203847484044e-05
 1.26799999999999997e+02 1.26933333333333337e+02 9.29832444433415124e-03 1.42201295168341601e-05
 1.26933333333333337e+02 1.27066666666666663e+02 9.29163213498699313e-03 1.49824650849285244e-05
 1.27066666666666663e+02 1.27200000000000003e+02 9.21714264146702121e-03 1.42204058894243329e-05
 1.27200000000000003e+02 1.27333333333333329e+02 9.24477996585951547e-03 1.48216976012175426e-05
 1.27333333333333329e+02 1.27466666666666669e+02 9.18623799296421420e-03 1.49999670958865641e-05
 1.27466666666666669e+02 1.27599999999999994e+02 9.16392264373181234e-03 1.57527527527031313e-05
 1.27599999999999994e+02 1.27733333333333334e+02 9.10023648054705987e-03 1.60095393274024828e-05
 1.27733333333333334e+02 1.27866666666666660e+02 9.06756198950475767e-03 1.60136615676331348e-05
 1.27866666666666660e+02 1.28000000000000000e+02 9.04737546137096733e-03 1.65393295592244489e-05
 1.28000000000000000e+02 1.28133333333333326e+02 9.00897597835583624e-03 1.72376802953199188e-05
 1.28133333333333326e+02 1.28266666666666652e+02 9.00481670359410888e-03 1.70082119344624456e-05
 1.28266666666666652e+02 1.28400000000000006e+02 8.95504574076141577e-03 1.77192287519798023e-05
 1.28400000000000006e+02 1.28533333333333331e+02 8.94293227905181183e-03 2.01541731315251013e-05
 1.28533333333333331e+02 1.28666666666666686e+02 8.88787962573951186e-03 1.79343801672933685e-05
 1.28666666666666686e+02 1.28800000000000011e+02 8.84018676232146278e-03 1.81301779714375182e-05
 1.28800000000000011e+02 1.28933333333333337e+02 8.84824402109677180e-03 1.94465562536327750e-05
 1.28933333333333337e+02 1.29066666666666663e+02 8.78459176230022773e-03 1.84732192149029007e-05
 1.29066666666666663e+02 1.29199999999999989e+02 8.78725057260281404e-03 1.97445659235576085e-05
 1.29199999999999989e+02 1.29333333333333314e+02 8.75718770278434769e-03 2.03707736105557456e-05
 1.29333333333333314e+02 1.29466666666666669e+02 8.69795754784999375e-03 2.08418936866537896e-05
 1.29466666666666669e+02 1.29599999999999994e+02 8.68429016513245708e-03 2.27992371578136101e-05
 1.29599999999999994e+02 1.29733333333333348e+02 8.69868026589170132e-03 2.59652161843770706e-05
 1.29733333333333348e+02 1.29866666666666674e+02 8.61836848656327877e-03 2.55354295167513202e-05
 1.29866666666666674e+02 1.30000000000000000e+02 8.60325997583193808e-03 2.70008333478171063e-05

Histogram:sth-
 5.00000000000000000e+01 5.01333333333333329e+01 8.57688433844060183e-03 1.19922621735545417e-05
 5.01333333333333329e+01 5.02666666666666657e+01 8.60024716291036412e-03 1.18339211635375975e-05
 5.02666666666666657e+01 5.03999999999999986e+01 8.62453679037096695e-03 1.11273855091509373e-05
 5.03999999999999986e+01 5.05333333333333314e+01 8.64841271804268723e-03 1.14736458949923520e-05
 5.05333333333333314e+01 5.06666666666666643e+01 8.71653063915491313e-03 1.13507620896816318e-05
 5.06666666666666643e+01 5.07999999999999972e+01 8.74353282697599467e-03 1.13668759870979693e-05
 5.07999999999999972e+01 5.09333333333333300e+01 8.75843756661571354e-03 1.17991986978695829e-05
 5.09333333333333300e+01 5.10666666666666700e+01 8.79654571619658404e-03 1.15783707622484140e-05
 5.10666666666666700e+01 5.12000000000000028e+01 8.83420935574318576e-03 1.18279131724973750e-05
 5.12000000000000028e+01 5.13333333333333357e+01 8.84799019139764255e-03 1.15315495825245515e-05
 5.13333333333333357e+01 5.14666666666666686e+01 8.90851331994421160e-03 1.16770312932516307e-05
 5.14666666666666686e+01 5.16000000000000014e+01 8.93105944498076391e-03 1.14262935365584722e-05
 5.16000000000000014e+01 5.17333333333333343e+01 8.95747559994145882e-03 1.20071326894216777e-05
 5.17333333333333343e+01 5.18666666666666671e+01 8.98403733494820139e-03 1.15788013906857758e-05
 5.18666666666666671e+01 5.20000000000000000e+01 9.02681440934852142e-03 1.18291691142113802e-05
 5.20000000000000000e+01 5.21333333333333329e+01 9.07999389519993476e-03 1.23144958830258387e-05
 5.21333333333333329e+01 5.22666666666666657e+01 9.09673002198858362e-03 1.19775706583771613e-05
 5.22666666666666657e+01 5.23999999999999986e+01 9.11839719350240885e-03 1.26034603241074565e-05
 5.23999999999999986e+01 5.25333333333333314e+01 9.16593653093191081e-03 1.22053046958901914e-05
 5.25333333333333314e+01 5.26666666666666643e+01 9.19988208707990703e-03 1.27065448095427351e-05
 5.26666666666666643e+01 5.27999999999999972e+01 9.20278013671670982e-03 1.16309176195175248e-05
 5.27999999999999972e+01 5.29333333333333300e+01 9.21830020941063859e-03 1.17727374227157187e-05
 5.29333333333333300e+01 5.30666666666666700e+01 9.27811139395860046e-03 1.23352095640605269e-05
 5.30666666666666700e+01 5.32000000000000028e+01 9.31923998430343389e-03 1.19465934991859054e-05
 5.32000000000000028e+01 5.33333333333333357e+01 9.35103633253452256e-03 1.19455034647015678e-05
 5.33333333333333357e+01 5.34666666666666686e+01 9.39072535020427784e-03 1.23408965762979525e-05
 5.34666666666666686e+01 5.36000000000000014e+01 9.40486096468863379e-03 1.26748886554791128e-05
 5.36000000000000014e+01 5.37333333333333343e+01 9.45762398040216057e-03 1.28495275625555835e-05
 5.37333333333333343e+01 5.38666666666666671e+01 9.50044025243070543e-03 1.27071552644810770e-05
 5.38666666666666671e+01 5.40000000000000000e+01 9.50222636084508722e-03 1.25294037533159537e-05
 5.40000000000000000e+01 5.41333333333333329e+01 9.56455324616268046e-03 1.29388423471559558e-05
 5.41333333333333329e+01 5.42666666666666657e+01 9.61504752224873367e-03 1.30736064390453771e-05
 5.42666666666666657e+01 5.43999999999999986e+01 9.68638370061784132e-03 1.37766399044457395e-05
 5.43999999999999986e+01 5.45333333333333314e+01 9.75799616366547495e-03 1.29581610287852330e-05
 5.45333333333333314e+01 5.46666666666666643e+01 9.85088128257957316e-03 1.36968009373175241e-05
 5.46666666666666643e+01 5.47999999999999972e+01 9.94451975812272147e-03 1.34533116613801529e-05
 5.47999999999999972e+01 5.49333333333333371e+01 1.00368642216205096e-02 1.33780588463067418e-05
 5.49333333333333371e+01 5.50666666666666629e+01 1.01159344473383938e-02 1.30720956127517328e-05
 5.50666666666666629e+01 5.52000000000000028e+01 1.02092052636305018e-02 1.41953770618352314e-05
 5.52000000000000028e+01 5.53333333333333357e+01 1.02861275526946253e-02 1.35297361388325714e-05
 5.53333333333333357e+01 5.54666666666666686e+01 1.03836532273069247e-02 1.38661753844472545e-05
 5.54666666666666686e+01 5.56000000000000014e+01 1.04853366691063429e-02 1.65828257523589718e-05
 5.56000000000000014e+01 5.57333333333333343e+01 1.05626051236552016e-02 1.42984316364509309e-05
 5.57333333333333343e+01 5.58666666666666671e+01 1.06239970990351061e-02 1.39535632379945336e-05
 5.58666666666666671e+01 5.60000000000000000e+01 1.07445935471387321e-02 1.67959955413775230e-05
 5.60000000000000000e+01 5.61333333333333329e+01 1.07688369688050106e-02 1.40340474504216367e-05
 5.61333333333333329e+01 5.62666666666666657e+01 1.08576552936082236e-02 1.38440354967621966e-05
 5.62666666666666657e+01 5.63999999999999986e+01 1.09643717478451370e-02 1.41362379674096121e-05
 5.63999999999999986e+01 5.65333333333333314e+01 1.10333833994871490e-02 1.44733705812189929e-05
 5.65333333333333314e+01 5.66666666666666643e+01 1.11314300278067650e-02 1.44755015566330511e-05
 5.66666666666666643e+01 5.67999999999999972e+01 1.11949027408813524e-02 1.43347582551686183e-05
 5.67999999999999972e+01 5.69333333333333371e+01 1.12589431383206262e-02 1.42739812024548900e-05
 5.69333333333333371e+01 5.70666666666666629e+01 1.13277490644578416e-02 1.45582414148035991e-05
 5.70666666666666629e+01 5.72000000000000028e+01 1.14249444508563672e-02 1.51363439087153844e-05
 5.72000000000000028e+01 5.73333333333333357e+01 1.15030420291578322e-02 1.48244500457520544e-05
 5.73333333333333357e+01 5.74666666666666686e+01 1.15326343252899807e-02 1.51573060978022826e-05
 5.74666666666666686e+01 5.76000000000000014e+01 1.16213353595239575e-02 1.52699873191345865e-05
 5.76000000000000014e+01 5.77333333333333343e+01 1.16847043891301766e-02 1.44754946410560245e-05
 5.77333333333333343e+01 5.78666666666666671e+01 1.17973778309530299e-02 1.59697026545600542e-05
 5.78666666666666671e+01 5.80000000000000000e+01 1.18457896021040617e-02 1.53507399160288989e-05
 5.80000000000000000e+01 5.81333333333333329e+01 1.19061635308371355e-02 1.51387086487911724e-05
 5.81333333333333329e+01 5.82666666666666657e+01 1.19734196995355761e-02 1.55129645817042034e-05
 5.82666666666666657e+01 5.83999999999999986e+01 1.20407487748562560e-02 1.48972410205303972e-05
 5.83999999999999986e+01 5.85333333333333314e+01 1.20810826342139816e-02 1.55397807994326587e-05
 5.85333333333333314e+01 5.86666666666666643e+01 1.21569581731188828e-02 1.52169279793686219e-05
 5.86666666666666643e+01 5.87999999999999972e+01 1.22336124364650564e-02 1.60367172682226507e-05
 5.87999999999999972e+01 5.89333333333333371e+01 1.22961105174406813e-02 1.54200673724676323e-05
 5.89333333333333371e+01 5.90666666666666629e+01 1.23525246597514897e-02 1.51008423911494196e-05
 5.90666666666666629e+01 5.92000000000000028e+01 1.24277596382488410e-02 1.46910326860961838e-05
 5.92000000000000028e+01 5.93333333333333357e+01 1.25184756523361081e-02 1.64425121236858889e-05
 5.93333333333333357e+01 5.94666666666666686e+01 1.25439508951046847e-02 1.47099326414241819e-05
 5.94666666666666686e+01 5.96000000000000014e+01 1.26134154788996276e-02 1.56860217457107943e-05
 5.96000000000000014e+01 5.97333333333333343e+01 1.26518644089776301e-02 1.53206620606749486e-05
 5.97333333333333343e+01 5.98666666666666671e+01 1.27117130721529029e-02 1.52110438771179175e-05
 5.98666666666666671e+01 6.00000000000000000e+01 1.28105325435873239e-02 1.50530782957562069e-05
 6.00000000000000000e+01 6.01333333333333329e+01 1.28860241743386887e-02 1.52803224538367975e-05
 6.01333333333333329e+01 6.02666666666666657e+01 1.29109658665922528e-02 1.62429250353228850e-05
 6.02666666666666657e+01 6.03999999999999986e+01 1.29885457804557094e-02 1.66827861095588843e-05
 6.03999999999999986e+01 6.05333333333333314e+01 1.30392575543053432e-02 1.63282405159917429e-05
 6.05333333333333314e+01 6.06666666666666643e+01 1.30959596421467601e-02 1.56330763374133880e-05
 6.06666666666666643e+01 6.07999999999999972e+01 1.31475028640313345e-02 1.62823615411950373e-05
 6.07999999999999972e+01 6.09333333333333371e+01 1.32082736256864761e-02 1.54210229967060581e-05
 6.09333333333333371e+01 6.10666666666666629e+01 1.32747755175988118e-02 1.63906630976697573e-05
 6.10666666666666629e+01 6.12000000000000028e+01 1.33127359811961478e-02 1.55270434232109487e-05
 6.12000000000000028e+01 6.13333333333333357e+01 1.33919152875139075e-02 1.61449186524309370e-05
 6.13333333333333357e+01 6.14666666666666686e+01 1.34417116074192888e-02 1.62872131364516285e-05
 6.14666666666666686e+01 6.16000000000000014e+01 1.34964399029087450e-02 1.52963550979380372e-05
 6.16000000000000014e+01 6.17333333333333343e+01 1.35513993467410686e-02 1.57550772342273525e-05
 6.17333333333333343e+01 6.18666666666666671e+01 1.36151181202223779e-02 1.63355801976702749e-05
 6.18666666666666671e+01 6.20000000000000000e+01 1.36888475573521008e-02 1.66186398311188283e-05
 6.20000000000000000e+01 6.21333333333333329e+01 1.37267358138784303e-02 1.54343818329707643e-05
 6.21333333333333329e+01 6.22666666666666657e+01 1.37591030143091753e-02 1.84416625286530213e-05
 6.22666666666666657e+01 6.23999999999999986e+01 1.38002722193270311e-02 1.58720573365650136e-05
 6.23999999999999986e+01 6.25333333333333314e+01 1.38997296527482907e-02 1.69846653064138615e-05
 6.25333333333333314e+01 6.26666666666666643e+01 1.39543068375820867e-02 1.69885377291678040e-05
 6.26666666666666643e+01 6.27999999999999972e+01 1.40234487219043184e-02 1.65051028183215672e-05
 6.27999999999999972e+01 6.29333333333333371e+01 1.40266771571798919e-02 1.59826465253357810e-05
 6.29333333333333371e+01 6.30666666666666629e+01 1.41053025336285633e-02 1.74021401381240534e-05
 6.30666666666666629e+01 6.32000000000000028e+01 1.41370834999558388e-02 1.66834375881596528e-05
 6.32000000000000028e+01 6.33333333333333357e+01 1.41979308161216383e-02 1.68037315231576869e-05
 6.33333333333333357e+01 6.34666666666666686e+01 1.42682799884946108e-02 1.65125758740972525e-05
 6.34666666666666686e+01 6.36000000000000014e+01 1.42996994188573853e-02 1.67907077954357362e-05
 6.36000000000000014e+01 6.37333333333333343e+01 1.43562678947348147e-02 1.65405753659723455e-05
 6.37333333333333343e+01 6.38666666666666671e+01 1.44211509960629376e-02 1.69457520593237973e-05
 6.38666666666666671e+01 6.40000000000000000e+01 1.44546934704588657e-02 1.68610758893838951e-05
 6.40000000000000000e+01 6.41333333333333258e+01 1.45304742538804599e-02 1.67326253543648204e-05
 6.41333333333333258e+01 6.42666666666666657e+01 1.45388627160841378e-02 1.64495511880745639e-05
 6.42666666666666657e+01 6.44000000000000057e+01 1.46019019295410158e-02 1.62912373375663044e-05
 6.44000000000000057e+01 6.45333333333333314e+01 1.46536326562017316e-02 1.86994497141956805e-05
 6.45333333333333314e+01 6.46666666666666714e+01 1.47024194886816138e-02 1.74140163244882425e-05
 6.46666666666666714e+01 6.47999999999999972e+01 1.47117002867645785e-02 1.74779369229865163e-05
 6.47999999999999972e+01 6.49333333333333371e+01 1.47778067010500367e-02 1.66172996193968660e-05
 6.49333333333333371e+01 6.50666666666666629e+01 1.48355460907953415e-02 1.80880597597835545e-05
 6.50666666666666629e+01 6.52000000000000028e+01 1.48831444491341683e-02 1.67073526362511910e-05
 6.52000000000000028e+01 6.53333333333333286e+01 1.49320504323497243e-02 1.72291321688624233e-05
 6.53333333333333286e+01 6.54666666666666686e+01 1.49299311747429549e-02 1.71996291098583739e-05
 6.54666666666666686e+01 6.55999999999999943e+01 1.49589066639385700e-02 1.75635647431903575e-05
 6.55999999999999943e+01 6.57333333333333343e+01 1.50365707164966059e-02 1.82294020670393247e-05
 6.57333333333333343e+01 6.58666666666666742e+01 1.50718327186255326e-02 1.78187199650551754e-05
 6.58666666666666742e+01 6.60000000000000000e+01 1.51067957277165182e-02 1.69782412574592066e-05
 6.60000000000000000e+01 6.61333333333333258e+01 1.51643064157991996e-02 1.69206455543645902e-05
 6.61333333333333258e+01 6.62666666666666657e+01 1.52062220905640096e-02 1.76174765614751011e-05
 6.62666666666666657e+01 6.64000000000000057e+01 1.52182839126861306e-02 1.66837554907948790e-05
 6.64000000000000057e+01 6.65333333333333314e+01 1.52316345141638148e-02 1.70741596792112965e-05
 6.65333333333333314e+01 6.66666666666666714e+01 1.52727955062279593e-02 1.66181426688578025e-05
 6.66666666666666714e+01 6.67999999999999972e+01 1.53567769831101028e-02 1.78418367841650821e-05
 6.67999999999999972e+01 6.69333333333333371e+01 1.53745493629395807e-02 1.83743815198257760e-05
 6.69333333333333371e+01 6.70666666666666629e+01 1.54341696763572612e-02 1.84552115195142302e-05
 6.70666666666666629e+01 6.72000000000000028e+01 1.54185322991961405e-02 1.71039001388807899e-05
 6.72000000000000028e+01 6.73333333333333286e+01 1.55114278861398069e-02 1.76407931198710928e-05
 6.73333333333333286e+01 6.74666666666666686e+01 1.55129408703195016e-02 1.75634846531069817e-05
 6.74666666666666686e+01 6.75999999999999943e+01 1.55198021180745181e-02 1.69532010704631547e-05
 6.75999999999999943e+01 6.77333333333333343e+01 1.55996299979749582e-02 1.81714848473595055e-05
 6.77333333333333343e+01 6.78666666666666742e+01 1.55904973435231266e-02 1.69407924259573078e-05
 6.78666666666666742e+01 6.80000000000000000e+01 1.56871867809448146e-02 1.81342492688509720e-05
 6.80000000000000000e+01 6.81333333333333258e+01 1.56570257869770094e-02 1.71708878934345840e-05
 6.81333333333333258e+01 6.82666666666666657e+01 1.57560716293610598e-02 1.68364407859296266e-05
 6.82666666666666657e+01 6.84000000000000057e+01 1.57511230928337569e-02 1.72459904432708336e-05
 6.84000000000000057e+01 6.85333333333333314e+01 1.57957785150005352e-02 1.67142799194303570e-05
 6.85333333333333314e+01 6.86666666666666714e+01 1.58457829274935846e-02 1.71779667817028588e-05
 6.86666666666666714e+01 6.87999999999999972e+01 1.58657393108962326e-02 1.68093184523749651e-05
 6.87999999999999972e+01 6.89333333333333371e+01 1.59006607196205997e-02 1.66973914544180710e-05
 6.89333333333333371e+01 6.90666666666666629e+01 1.59144062035793676e-02 1.77897182475503791e-05
 6.90666666666666629e+01 6.92000000000000028e+01 1.59384064625992805e-02 1.71795246511317426e-05
 6.92000000000000028e+01 6.93333333333333286e+01 1.60136694170017260e-02 1.76384906302086876e-05
 6.93333333333333286e+01 6.94666666666666686e+01 1.59991502261301183e-02 1.72097894032514364e-05
 6.94666666666666686e+01 6.95999999999999943e+01 1.60234311295051925e-02 1.74520240407559429e-05
 6.95999999999999943e+01 6.97333333333333343e+01 1.60436870559798953e-02 1.72706913508281643e-05
 6.97333333333333343e+01 6.98666666666666742e+01 1.61056876454333531e-02 1.77173719617270781e-05
 6.98666666666666742e+01 7.00000000000000000e+01 1.61379442485538697e-02 1.72620595453922800e-05
 7.00000000000000000e+01 7.01333333333333258e+01 1.61575058418232734e-02 1.68319428403522142e-05
 7.01333333333333258e+01 7.02666666666666657e+01 1.61927403240243462e-02 1.71838680084362405e-05
 7.02666666666666657e+01 7.04000000000000057e+01 1.62023555207361017e-02 1.80003821828780848e-05
 7.04000000000000057e+01 7.05333333333333314e+01 1.62811700401843708e-02 1.80044756661041094e-05
 7.05333333333333314e+01 7.06666666666666714e+01 1.62848439625586094e-02 1.69010408850751543e-05
 7.06666666666666714e+01 7.07999999999999972e+01 1.63415761275640323e-02 2.04991045898853887e-05
 7.07999999999999972e+01 7.09333333333333371e+01 1.63592980273437709e-02 1.79378651329958727e-05
 7.09333333333333371e+01 7.10666666666666629e+01 1.63689528901775488e-02 1.71605712781840923e-05
 7.10666666666666629e+01 7.12000000000000028e+01 1.64128612277940900e-02 1.68012203016086855e-05
 7.12000000000000028e+01 7.13333333333333286e+01 1.64443377788881309e-02 1.85196926632911549e-05
 7.13333333333333286e+01 7.14666666666666686e+01 1.64291778790255812e-02 1.77243947363158506e-05
 7.14666666666666686e+01 7.15999999999999943e+01 1.65039816879737622e-02 1.80714558081844570e-05
 7.15999999999999943e+01 7.17333333333333343e+01 1.65003176892872874e-02 1.73026783582140850e-05
 7.17333333333333343e+01 7.18666666666666742e+01 1.65201357471037487e-02 1.72818469071249275e-05
 7.18666666666666742e+01 7.20000000000000000e+01 1.65717732843014484e-02 1.80238051047852148e-05
 7.20000000000000000e+01 7.21333333333333258e+01 1.66158675034210994e-02 1.72319270894728363e-05
 7.21333333333333258e+01 7.22666666666666657e+01 1.66038641085987197e-02 1.80759787841523325e-05
 7.22666666666666657e+01 7.24000000000000057e+01 1.66381118106092817e-02 1.73765689011512491e-05
 7.24000000000000057e+01 7.25333333333333314e+01 1.66767158210530536e-02 1.84814902166482615e-05
 7.25333333333333314e+01 7.26666666666666714e+01 1.66911008847624720e-02 1.84946290829518746e-05
 7.26666666666666714e+01 7.27999999999999972e+01 1.67016495913800932e-02 1.71402796707880051e-05
 7.27999999999999972e+01 7.29333333333333371e+01 1.67641342865940089e-02 1.81691016493062191e-05
 7.29333333333333371e+01 7.30666666666666629e+01 1.67809661482167770e-02 1.77264347387588770e-05
 7.30666666666666629e+01 7.32000000000000028e+01 1.67800603287404926e-02 1.78512053612767161e-05
 7.32000000000000028e+01 7.33333333333333286e+01 1.68145121513528437e-02 1.70843382929970540e-05
 7.33333333333333286e+01 7.34666666666666686e+01 1.68317207896607514e-02 1.79097587795732928e-05
 7.34666666666666686e+01 7.35999999999999943e+01 1.68829243691837917e-02 1.89678891984199667e-05
 7.35999999999999943e+01 7.37333333333333343e+01 1.68924527535950636e-02 1.85230813299552508e-05
 7.37333333333333343e+01 7.38666666666666742e+01 1.69256596601860751e-02 1.74240630238188174e-05
 7.38666666666666742e+01 7.40000000000000000e+01 1.69990077508033778e-02 1.77246040392760815e-05
 7.40000000000000000e+01 7.41333333333333258e+01 1.69696606936570356e-02 1.79602711861319382e-05
 7.41333333333333258e+01 7.42666666666666657e+01 1.69813965508229213e-02 1.80710721239568790e-05
 7.42666666666666657e+01 7.44000000000000057e+01 1.70282941555874902e-02 1.89870940963734200e-05
 7.44000000000000057e+01 7.45333333333333314e+01 1.70344742127339632e-02 1.71880722208051542e-05
 7.45333333333333314e+01 7.46666666666666714e+01 1.70701238613895981e-02 1.74611703320566404e-05
 7.46666666666666714e+01 7.47999999999999972e+01 1.70710587234146477e-02 1.81346303601495928e-05
 7.47999999999999972e+01 7.49333333333333371e+01 1.70794205547515829e-02 1.74203406955925527e-05
 7.49333333333333371e+01 7.50666666666666629e+01 1.71354208778439418e-02 1.85064454445458480e-05
 7.50666666666666629e+01 7.52000000000000028e+01 1.71263922717245984e-02 1.80539974826314540e-05
 7.52000000000000028e+01 7.53333333333333286e+01 1.71448405968044303e-02 1.80662460281391756e-05
 7.53333333333333286e+01 7.54666666666666686e+01 1.71964591468325677e-02 1.84347818004972720e-05
 7.54666666666666686e+01 7.55999999999999943e+01 1.72189492550583086e-02 1.74064712601287656e-05
 7.55999999999999943e+01 7.57333333333333343e+01 1.72120343002964103e-02 1.76122204939946177e-05
 7.57333333333333343e+01 7.58666666666666742e+01 1.72198882377658721e-02 1.76155886335703091e-05
 7.58666666666666742e+01 7.60000000000000000e+01 1.72969177401856716e-02 1.77253078778536203e-05
 7.60000000000000000e+01 7.61333333333333258e+01 1.73196641000761195e-02 1.90346257850443596e-05
 7.61333333333333258e+01 7.62666666666666657e+01 1.73294540359998708e-02 1.88335183977682317e-05
 7.62666666666666657e+01 7.64000000000000057e+01 1.73339527403340125e-02 1.84286908118790111e-05
 7.64000000000000057e+01 7.65333333333333314e+01 1.73424526490365757e-02 1.87051274126693853e-05
 7.65333333333333314e+01 7.66666666666666714e+01 1.73925964430514460e-02 1.83027132182731016e-05
 7.66666666666666714e+01 7.67999999999999972e+01 1.73741611328686874e-02 1.78736266111591934e-05
 7.67999999999999972e+01 7.69333333333333371e+01 1.74406154062364573e-02 1.81318997814966823e-05
 7.69333333333333371e+01 7.70666666666666629e+01 1.74294249749039586e-02 1.87761448268370442e-05
 7.70666666666666629e+01 7.72000000000000028e+01 1.74343195473065926e-02 1.76617175477155193e-05
 7.72000000000000028e+01 7.73333333333333286e+01 1.74720329422724217e-02 1.80376816384552038e-05
 7.73333333333333286e+01 7.74666666666666686e+01 1.75102958250120261e-02 1.92334103948731247e-05
 7.74666666666666686e+01 7.75999999999999943e+01 1.75301631998831149e-02 1.89406635493193200e-05
 7.75999999999999943e+01 7.77333333333333343e+01 1.75132922292926714e-02 1.95391731050887422e-05
 7.77333333333333343e+01 7.78666666666666742e+01 1.75245571815088666e-02 1.77875460322061963e-05
 7.78666666666666742e+01 7.80000000000000000e+01 1.75623260833641451e-02 1.74814998946909774e-05
 7.80000000000000000e+01 7.81333333333333258e+01 1.75669762889095506e-02 1.86570732942721555e-05
 7.81333333333333258e+01 7.82666666666666657e+01 1.76142511073636363e-02 1.88769817123810721e-05
 7.82666666666666657e+01 7.84000000000000057e+01 1.76044366831796320e-02 1.72662517724436125e-05
 7.84000000000000057e+01 7.85333333333333314e+01 1.76223998501086020e-02 1.75666050614388530e-05
 7.85333333333333314e+01 7.86666666666666714e+01 1.76356685259800965e-02 1.85947406988834588e-05
 7.86666666666666714e+01 7.87999999999999972e+01 1.76562051283587623e-02 1.75784420568984345e-05
 7.87999999999999972e+01 7.89333333333333371e+01 1.76648867600450177e-02 1.77674791218849153e-05
 7.89333333333333371e+01 7.90666666666666629e+01 1.77079151490315279e-02 1.84465142072834349e-05
 7.90666666666666629e+01 7.92000000000000028e+01 1.76998557338104469e-02 1.76567407659909077e-05
 7.92000000000000028e+01 7.93333333333333286e+01 1.77044867796744346e-02 1.82123849133009408e-05
 7.93333333333333286e+01 7.94666666666666686e+01 1.77425427093647545e-02 1.82283455192344283e-05
 7.94666666666666686e+01 7.95999999999999943e+01 1.77587635146887017e-02 1.78305988683040752e-05
 7.95999999999999943e+01 7.97333333333333343e+01 1.77417867225673660e-02 1.85304444345143410e-05
 7.97333333333333343e+01 7.98666666666666742e+01 1.77665140430193387e-02 1.87856331949409216e-05
 7.98666666666666742e+01 8.00000000000000000e+01 1.77810914584642342e-02 1.82375820078454534e-05
 8.00000000000000000e+01 8.01333333333333258e+01 1.77859867096558551e-02 1.81075578930452965e-05
 8.01333333333333258e+01 8.02666666666666657e+01 1.78029748751388529e-02 1.83176938278314185e-05
 8.02666666666666657e+01 8.04000000000000057e+01 1.78218343626296884e-02 1.89822961924526164e-05
 8.04000000000000057e+01 8.05333333333333314e+01 1.78169895591994386e-02 1.91764357208753356e-05
 8.05333333333333314e+01 8.06666666666666714e+01 1.78377496749440694e-02 1.76844710424863092e-05
 8.06666666666666714e+01 8.07999999999999972e+01 1.78962058718203018e-02 1.89654983353691780e-05
 8.07999999999999972e+01 8.09333333333333371e+01 1.78813552964607533e-02 1.86130153096121624e-05
 8.09333333333333371e+01 8.10666666666666629e+01 1.79027868564359711e-02 1.84230338465289321e-05
 8.10666666666666629e+01 8.12000000000000028e+01 1.78975088874789995e-02 1.80829960554991050e-05
 8.12000000000000028e+01 8.13333333333333286e+01 1.78862014010965145e-02 1.86309032772678425e-05
 8.13333333333333286e+01 8.14666666666666686e+01 1.79383623256669546e-02 1.86141585150214367e-05
 8.14666666666666686e+01 8.15999999999999943e+01 1.79216030506557100e-02 1.86675717064535297e-05
 8.15999999999999943e+01 8.17333333333333343e+01 1.79409441700408151e-02 1.76997001631781590e-05
 8.17333333333333343e+01 8.18666666666666742e+01 1.79885836540506910e-02 1.85240612137034761e-05
 8.18666666666666742e+01 8.20000000000000000e+01 1.79526694732400245e-02 1.72967228330620842e-05
 8.20000000000000000e+01 8.21333333333333258e+01 1.79926587748086356e-02 1.84411670935678421e-05
 8.21333333333333258e+01 8.22666666666666657e+01 1.79972454352750125e-02 1.77585817189596897e-05
 8.22666666666666657e+01 8.24000000000000057e+01 1.79744203585588853e-02 1.94552529633118297e-05
 8.24000000000000057e+01 8.25333333333333314e+01 1.80281333748325973e-02 1.79339085640054562e-05
 8.25333333333333314e+01 8.26666666666666572e+01 1.80052983132465948e-02 1.85073368020358296e-05
 8.26666666666666572e+01 8.27999999999999972e+01 1.80565442809823007e-02 1.90104158023403256e-05
 8.27999999999999972e+01 8.29333333333333371e+01 1.80523044961051100e-02 1.83645533871363154e-05
 8.29333333333333371e+01 8.30666666666666629e+01 1.80380487987622622e-02 1.85923622348968945e-05
 8.30666666666666629e+01 8.32000000000000028e+01 1.80600022979191671e-02 1.81156130767922429e-05
 8.32000000000000028e+01 8.33333333333333428e+01 1.80628142757156933e-02 1.77434128812279957e-05
 8.33333333333333428e+01 8.34666666666666686e+01 1.80678130288823569e-02 1.97756060430161013e-05
 8.34666666666666686e+01 8.35999999999999943e+01 1.80725591676994778e-02 1.76220303450270300e-05
 8.35999999999999943e+01 8.37333333333333343e+01 1.81093749166721385e-02 1.74616102553016931e-05
 8.37333333333333343e+01 8.38666666666666742e+01 1.80932772681665945e-02 1.77254854790936500e-05
 8.38666666666666742e+01 8.40000000000000000e+01 1.81334526440605492e-02 1.80987459987461329e-05
 8.40000000000000000e+01 8.41333333333333258e+01 1.80761138404104266e-02 1.85654616275277644e-05
 8.41333333333333258e+01 8.42666666666666657e+01 1.81215127956337665e-02 1.81868992469242268e-05
 8.42666666666666657e+01 8.44000000000000057e+01 1.81315620668483744e-02 1.87994455225163374e-05
 8.44000000000000057e+01 8.45333333333333314e+01 1.81322981088294921e-02 1.88020953341799227e-05
 8.45333333333333314e+01 8.46666666666666572e+01 1.81334968793362694e-02 1.81368170387036344e-05
 8.46666666666666572e+01 8.47999999999999972e+01 1.81569164568549969e-02 1.87426428502320524e-05
 8.47999999999999972e+01 8.49333333333333371e+01 1.81768808443252515e-02 1.84171320182499596e-05
 8.49333333333333371e+01 8.50666666666666629e+01 1.81713387349737542e-02 1.82790309525969230e-05
 8.50666666666666629e+01 8.52000000000000028e+01 1.81873424687536804e-02 1.83589751065039270e-05
 8.52000000000000028e+01 8.53333333333333428e+01 1.82411647357053168e-02 1.88976195874791099e-05
 8.53333333333333428e+01 8.54666666666666686e+01 1.81626741877036861e-02 1.79506720372003597e-05
 8.54666666666666686e+01 8.55999999999999943e+01 1.81807906932290146e-02 1.86601642823139531e-05
 8.55999999999999943e+01 8.57333333333333343e+01 1.81913238996606469e-02 1.86343897520475727e-05
 8.57333333333333343e+01 8.58666666666666742e+01 1.82246172508459814e-02 1.82092045609290390e-05
 8.58666666666666742e+01 8.60000000000000000e+01 1.81872287494813968e-02 1.84395630403177290e-05
 8.60000000000000000e+01 8.61333333333333258e+01 1.82395677883056759e-02 1.76319408826553066e-05
 8.61333333333333258e+01 8.62666666666666657e+01 1.82152622050268803e-02 1.92684500409854884e-05
 8.62666666666666657e+01 8.64000000000000057e+01 1.82179668020093222e-02 1.78925526171599935e-05
 8.64000000000000057e+01 8.65333333333333314e+01 1.82515013008756888e-02 1.80926922656502221e-05
 8.65333333333333314e+01 8.66666666666666572e+01 1.82370161216217908e-02 1.90339540473608022e-05
 8.66666666666666572e+01 8.67999999999999972e+01 1.82099356840147442e-02 1.82600512176601566e-05
 8.67999999999999972e+01 8.69333333333333371e+01 1.82505506638083077e-02 1.78375747745614917e-05
 8.69333333333333371e+01 8.70666666666666629e+01 1.82200588019297213e-02 1.79318360457039041e-05
 8.70666666666666629e+01 8.72000000000000028e+01 1.82123194693381632e-02 1.76958686306617184e-05
 8.72000000000000028e+01 8.73333333333333428e+01 1.82343514753417375e-02 1.92205100078120467e-05
 8.73333333333333428e+01 8.74666666666666686e+01 1.82426597594890876e-02 1.81515646473459996e-05
 8.74666666666666686e+01 8.75999999999999943e+01 1.82256388844849355e-02 1.77552634295658522e-05
 8.75999999999999943e+01 8.77333333333333343e+01 1.82486931975623864e-02 1.81495537047128261e-05
 8.77333333333333343e+01 8.78666666666666742e+01 1.82249292867599465e-02 1.84339598875118026e-05
 8.78666666666666742e+01 8.80000000000000000e+01 1.82730940623256864e-02 1.77508319730114911e-05
 8.80000000000000000e+01 8.81333333333333258e+01 1.82525544799070107e-02 1.75762040575707225e-05
 8.81333333333333258e+01 8.82666666666666657e+01 1.82322531821039399e-02 1.76732165856733175e-05
 8.82666666666666657e+01 8.84000000000000057e+01 1.82434372799097737e-02 1.81831607996894632e-05
 8.84000000000000057e+01 8.85333333333333314e+01 1.82275091884343682e-02 1.85609946020140179e-05
 8.85333333333333314e+01 8.86666666666666572e+01 1.82602378022300241e-02 1.78967196234412396e-05
 8.86666666666666572e+01 8.87999999999999972e+01 1.82073240279380932e-02 1.78161969866142222e-05
 8.87999999999999972e+01 8.89333333333333371e+01 1.81962497533187870e-02 1.84020220651917497e-05
 8.89333333333333371e+01 8.90666666666666629e+01 1.82621469096782667e-02 1.75620949468855781e-05
 8.90666666666666629e+01 8.92000000000000028e+01 1.82622308210552559e-02 1.89897022893129065e-05
 8.92000000000000028e+01 8.93333333333333428e+01 1.82643793670245295e-02 1.77210063720815211e-05
 8.93333333333333428e+01 8.94666666666666686e+01 1.82477431518777260e-02 1.84088458504106152e-05
 8.94666666666666686e+01 8.95999999999999943e+01 1.82710455270648255e-02 1.78968327371030923e-05
 8.95999999999999943e+01 8.97333333333333343e+01 1.82371519157910958e-02 1.82422721910930011e-05
 8.97333333333333343e+01 8.98666666666666742e+01 1.82443051623829948e-02 1.83554842495801454e-05
 8.98666666666666742e+01 9.00000000000000000e+01 1.82353920856082388e-02 1.79308127871749151e-05
 9.00000000000000000e+01 9.01333333333333258e+01 1.82223629926880903e-02 1.77798589133278925e-05
 9.01333333333333258e+01 9.02666666666666657e+01 1.82122218370151245e-02 1.80176633906605373e-05
 9.02666666666666657e+01 9.04000000000000057e+01 1.82107333511185542e-02 1.77517221746183781e-05
 9.04000000000000057e+01 9.05333333333333314e+01 1.82348300575190317e-02 1.78422583722961223e-05
 9.05333333333333314e+01 9.06666666666666572e+01 1.82166011682257413e-02 1.91534330198925338e-05
 9.06666666666666572e+01 9.07999999999999972e+01 1.82351536408779311e-02 1.89390359715012728e-05
 9.07999999999999972e+01 9.09333333333333371e+01 1.82360388621777454e-02 1.85447046478404745e-05
 9.09333333333333371e+01 9.10666666666666629e+01 1.82106503999642684e-02 1.85078018452221216e-05
 9.10666666666666629e+01 9.12000000000000028e+01 1.81938339615655177e-02 1.81026712142786640e-05
 9.12000000000000028e+01 9.13333333333333428e+01 1.82254051330770737e-02 1.76779596385845123e-05
 9.13333333333333428e+01 9.14666666666666686e+01 1.82364836493181109e-02 1.79720093429872333e-05
 9.14666666666666686e+01 9.15999999999999943e+01 1.81781815522325668e-02 1.78770149335474763e-05
 9.15999999999999943e+01 9.17333333333333343e+01 1.82159837781142031e-02 1.78926989168047623e-05
 9.17333333333333343e+01 9.18666666666666742e+01 1.81933835750883940e-02 1.78622812133553460e-05
 9.18666666666666742e+01 9.20000000000000000e+01 1.81871909120370351e-02 1.82961657181259917e-05
 9.20000000000000000e+01 9.21333333333333258e+01 1.81825434708121486e-02 1.80707255374090401e-05
 9.21333333333333258e+01 9.22666666666666657e+01 1.81556871770739182e-02 1.76811047590865905e-05
 9.22666666666666657e+01 9.24000000000000057e+01 1.81420003888255292e-02 1.84913569259626792e-05
 9.24000000000000057e+01 9.25333333333333314e+01 1.81532575652351216e-02 1.77920339617697013e-05
 9.25333333333333314e+01 9.26666666666666572e+01 1.81600212560716519e-02 1.76268813680470780e-05
 9.26666666666666572e+01 9.27999999999999972e+01 1.81214158935219041e-02 1.77483208788299429e-05
 9.27999999999999972e+01 9.29333333333333371e+01 1.81409715621663296e-02 1.78050619444099047e-05
 9.29333333333333371e+01 9.30666666666666629e+01 1.81435672330495200e-02 1.85405596151095473e-05
 9.30666666666666629e+01 9.32000000000000028e+01 1.81279512444647815e-02 1.73192206735893004e-05
 9.32000000000000028e+01 9.33333333333333428e+01 1.81204559903602874e-02 1.76520923222562137e-05
 9.33333333333333428e+01 9.34666666666666686e+01 1.80861757188986658e-02 1.79564107734882448e-05
 9.34666666666666686e+01 9.35999999999999943e+01 1.81226080620151345e-02 1.77265587758238724e-05
 9.35999999999999943e+01 9.37333333333333343e+01 1.81036900296176438e-02 1.75191058318446166e-05
 9.37333333333333343e+01 9.38666666666666742e+01 1.80957213414922741e-02 1.81482117343291457e-05
 9.38666666666666742e+01 9.40000000000000000e+01 1.80921666595344373e-02 1.77912088510763965e-05
 9.40000000000000000e+01 9.41333333333333258e+01 1.80703275141417888e-02 1.80290004495359702e-05
 9.41333333333333258e+01 9.42666666666666657e+01 1.80584970286860914e-02 1.79228576755600885e-05
 9.42666666666666657e+01 9.44000000000000057e+01 1.80710596448352516e-02 1.74565486558568819e-05
 9.44000000000000057e+01 9.45333333333333314e+01 1.80620936229183987e-02 1.92032643877495870e-05
 9.45333333333333314e+01 9.46666666666666572e+01 1.80367504622142572e-02 1.75191068170032401e-05
 9.46666666666666572e+01 9.47999999999999972e+01 1.80049921121091284e-02 1.78420348570913611e-05
 9.47999999999999972e+01 9.49333333333333371e+01 1.80062654530421772e-02 1.72167244639191216e-05
 9.49333333333333371e+01 9.50666666666666629e+01 1.80121149910754015e-02 1.85424560960992256e-05
 9.50666666666666629e+01 9.52000000000000028e+01 1.80014689655042387e-02 1.81089507571997826e-05
 9.52000000000000028e+01 9.53333333333333428e+01 1.79697466311565905e-02 1.73436053408241450e-05
 9.53333333333333428e+01 9.54666666666666686e+01 1.79818971368659250e-02 1.81272532139093886e-05
 9.54666666666666686e+01 9.55999999999999943e+01 1.79775990280530325e-02 1.72917891691168696e-05
 9.55999999999999943e+01 9.57333333333333343e+01 1.79703576938856982e-02 1.71652389607409610e-05
 9.57333333333333343e+01 9.58666666666666742e+01 1.79633305311803770e-02 1.79710655446802972e-05
 9.58666666666666742e+01 9.60000000000000000e+01 1.79391135039709063e-02 1.79317770921561957e-05
 9.60000000000000000e+01 9.61333333333333258e+01 1.79005845497759546e-02 1.73932634818373115e-05
 9.61333333333333258e+01 9.62666666666666657e+01 1.79318153686102606e-02 1.74278974645183788e-05
 9.62666666666666657e+01 9.64000000000000057e+01 1.79109258366429956e-02 1.75690700748605742e-05
 9.64000000000000057e+01 9.65333333333333314e+01 1.78706080136334725e-02 1.77007884261741942e-05
 9.65333333333333314e+01 9.66666666666666572e+01 1.78775243479083468e-02 1.73929625157425225e-05
 9.66666666666666572e+01 9.67999999999999972e+01 1.78330175122121959e-02 1.77885925421884145e-05
 9.67999999999999972e+01 9.69333333333333371e+01 1.78580816385614481e-02 1.73160702933730086e-05
 9.69333333333333371e+01 9.70666666666666629e+01 1.78168756582308407e-02 1.82046156814717141e-05
 9.70666666666666629e+01 9.72000000000000028e+01 1.78527342521450569e-02 1.68838134984790535e-05
 9.72000000000000028e+01 9.73333333333333428e+01 1.78389984308789384e-02 1.71379743799266536e-05
 9.73333333333333428e+01 9.74666666666666686e+01 1.78131234377208181e-02 1.70772401308239295e-05
 9.74666666666666686e+01 9.75999999999999943e+01 1.78101382864729527e-02 1.72274351800565985e-05
 9.75999999999999943e+01 9.77333333333333343e+01 1.78032847512070748e-02 1.78470890272486981e-05
 9.77333333333333343e+01 9.78666666666666742e+01 1.77535509342032043e-02 1.78693799601658979e-05
 9.78666666666666742e+01 9.80000000000000000e+01 1.77646885580876983e-02 1.71707843627840567e-05
 9.80000000000000000e+01 9.81333333333333258e+01 1.77334853067135888e-02 1.69847140453226546e-05
 9.81333333333333258e+01 9.82666666666666657e+01 1.77205870635469970e-02 1.75226579177064624e-05
 9.82666666666666657e+01 9.84000000000000057e+01 1.76775746460682108e-02 1.74081612935167474e-05
 9.84000000000000057e+01 9.85333333333333314e+01 1.77080438541965431e-02 1.73033976399022745e-05
 9.85333333333333314e+01 9.86666666666666572e+01 1.76539131349660663e-02 1.69273300995445741e-05
 9.86666666666666572e+01 9.87999999999999972e+01 1.76616499590603118e-02 1.74059491175872884e-05
 9.87999999999999972e+01 9.89333333333333371e+01 1.76397078955841113e-02 1.72893671959026412e-05
 9.89333333333333371e+01 9.90666666666666629e+01 1.76171892609176227e-02 1.77269467117298699e-05
 9.90666666666666629e+01 9.92000000000000028e+01 1.76075956918168679e-02 1.66082143260663796e-05
 9.92000000000000028e+01 9.93333333333333428e+01 1.76151333512653413e-02 1.75932502861650122e-05
 9.93333333333333428e+01 9.94666666666666686e+01 1.75397049978360010e-02 1.69082687005142057e-05
 9.94666666666666686e+01 9.95999999999999943e+01 1.75691984759763671e-02 1.75278786209161791e-05
 9.95999999999999943e+01 9.97333333333333343e+01 1.74988593313906773e-02 1.69477613246075899e-05
 9.97333333333333343e+01 9.98666666666666742e+01 1.75303055428413616e-02 1.68981244854341237e-05
 9.98666666666666742e+01 1.00000000000000000e+02 1.75509235637051515e-02 1.90800778267994520e-05
 1.00000000000000000e+02 1.00133333333333326e+02 1.75025130977814608e-02 1.79573219751196830e-05
 1.00133333333333326e+02 1.00266666666666666e+02 1.74879982609890024e-02 1.71910369117218296e-05
 1.00266666666666666e+02 1.00400000000000006e+02 1.74630949901726888e-02 1.70085485238772769e-05
 1.00400000000000006e+02 1.00533333333333331e+02 1.74367846899960016e-02 1.65754894546257177e-05
 1.00533333333333331e+02 1.00666666666666657e+02 1.74259239962995909e-02 1.69562880404866801e-05
 1.00666666666666657e+02 1.00799999999999997e+02 1.74203881983471774e-02 1.75358130122116346e-05
 1.00799999999999997e+02 1.00933333333333337e+02 1.73775915876192427e-02 1.67477701676077629e-05
 1.00933333333333337e+02 1.01066666666666663e+02 1.74020183179916799e-02 1.81361707864867668e-05
 1.01066666666666663e+02 1.01200000000000003e+02 1.73240845365517926e-02 1.65049139714225721e-05
 1.01200000000000003e+02 1.01333333333333343e+02 1.73651729255776682e-02 1.82196042472100877e-05
 1.01333333333333343e+02 1.01466666666666669e+02 1.73239100467135893e-02 1.76951728697396708e-05
 1.01466666666666669e+02 1.01599999999999994e+02 1.72890084417867407e-02 1.69109265449907311e-05
 1.01599999999999994e+02 1.01733333333333334e+02 1.72777964688596054e-02 1.79311957736004237e-05
 1.01733333333333334e+02 1.01866666666666674e+02 1.72114095359574872e-02 1.65192759504481022e-05
 1.01866666666666674e+02 1.02000000000000000e+02 1.72228885228659506e-02 1.65261631946500211e-05
 1.02000000000000000e+02 1.02133333333333326e+02 1.72281151309069888e-02 1.69511996007416670e-05
 1.02133333333333326e+02 1.02266666666666666e+02 1.71739756573398676e-02 1.72317450560870958e-05
 1.02266666666666666e+02 1.02400000000000006e+02 1.71823229183198783e-02 1.67778709313282384e-05
 1.02400000000000006e+02 1.02533333333333331e+02 1.71538113724547144e-02 1.71349739108708429e-05
 1.02533333333333331e+02 1.02666666666666657e+02 1.71423758416128780e-02 1.71580950028374424e-05
 1.02666666666666657e+02 1.02799999999999997e+02 1.71192262133397291e-02 1.65141508651349376e-05
 1.02799999999999997e+02 1.02933333333333337e+02 1.70843389722328994e-02 1.69005148999723847e-05
 1.02933333333333337e+02 1.03066666666666663e+02 1.70801676089742741e-02 1.68916324888043843e-05
 1.03066666666666663e+02 1.03200000000000003e+02 1.70472664803107306e-02 1.59480474522573508e-05
 1.03200000000000003e+02 1.03333333333333343e+02 1.70120300936322764e-02 1.64842681674650475e-05
 1.03333333333333343e+02 1.03466666666666669e+02 1.69977762500635593e-02 1.68839168104776682e-05
 1.03466666666666669e+02 1.03599999999999994e+02 1.69709443384171502e-02 1.71638574163756225e-05
 1.03599999999999994e+02 1.03733333333333334e+02 1.69548652710580540e-02 1.63375424326747520e-05
 1.03733333333333334e+02 1.03866666666666674e+02 1.69222052349099761e-02 1.72167437546853377e-05
 1.03866666666666674e+02 1.04000000000000000e+02 1.68881549348434759e-02 1.62884560852882367e-05
 1.04000000000000000e+02 1.04133333333333326e+02 1.68752235985556893e-02 1.68717856517092458e-05
 1.04133333333333326e+02 1.04266666666666666e+02 1.68490960730120071e-02 1.64950218712685296e-05
 1.04266666666666666e+02 1.04400000000000006e+02 1.68317593881812493e-02 1.68911349370659033e-05
 1.04400000000000006e+02 1.04533333333333331e+02 1.68349513415293819e-02 1.67675063982078285e-05
 1.04533333333333331e+02 1.04666666666666657e+02 1.67874806439572491e-02 1.61556333095655363e-05
 1.04666666666666657e+02 1.04799999999999997e+02 1.67772283811005556e-02 1.71418117481247432e-05
 1.04799999999999997e+02 1.04933333333333337e+02 1.67292570774863411e-02 1.70775332919962456e-05
 1.04933333333333337e+02 1.05066666666666663e+02 1.67155303256074153e-02 1.65203859819440903e-05
 1.05066666666666663e+02 1.05200000000000003e+02 1.66773983618848862e-02 1.64096258638490157e-05
 1.05200000000000003e+02 1.05333333333333343e+02 1.66572907298679317e-02 1.68569996634612788e-05
 1.05333333333333343e+02 1.05466666666666669e+02 1.66233423281451874e-02 1.60590785910530616e-05
 1.05466666666666669e+02 1.05599999999999994e+02 1.66164755804542978e-02 1.62956637449335229e-05
 1.05599999999999994e+02 1.05733333333333334e+02 1.65540798865461795e-02 1.62532943091903218e-05
 1.05733333333333334e+02 1.05866666666666674e+02 1.65696094183994287e-02 1.70964017411835230e-05
 1.05866666666666674e+02 1.06000000000000000e+02 1.65467642807683793e-02 1.65235776457281364e-05
 1.06000000000000000e+02 1.06133333333333326e+02 1.64903226531061160e-02 1.63604747635741430e-05
 1.06133333333333326e+02 1.06266666666666666e+02 1.64911374722887805e-02 1.63655269786975872e-05
 1.06266666666666666e+02 1.06400000000000006e+02 1.64673006842735933e-02 1.57417748340584230e-05
 1.06400000000000006e+02 1.06533333333333331e+02 1.64368920013877352e-02 1.65426328684570946e-05
 1.06533333333333331e+02 1.06666666666666657e+02 1.64099070087511158e-02 1.68199691860246679e-05
 1.06666666666666657e+02 1.06799999999999997e+02 1.63868617691617265e-02 1.62338437970352635e-05
 1.06799999999999997e+02 1.06933333333333337e+02 1.63705293793072332e-02 1.64859663169036601e-05
 1.06933333333333337e+02 1.07066666666666663e+02 1.63062779690683959e-02 1.67552399879352502e-05
 1.07066666666666663e+02 1.07200000000000003e+02 1.62596494226604910e-02 1.58146467948202492e-05
 1.07200000000000003e+02 1.07333333333333343e+02 1.62550104522852790e-02 1.65600839825653790e-05
 1.07333333333333343e+02 1.07466666666666669e+02 1.62156890559121934e-02 1.62447892811248453e-05
 1.07466666666666669e+02 1.07599999999999994e+02 1.62174399482229240e-02 1.68844266059566893e-05
 1.07599999999999994e+02 1.07733333333333334e+02 1.61904087742675978e-02 1.63243553055721156e-05
 1.07733333333333334e+02 1.07866666666666674e+02 1.61097042232631119e-02 1.58316158319902761e-05
 1.07866666666666674e+02 1.08000000000000000e+02 1.61127173155834434e-02 1.62218142593589738e-05
 1.08000000000000000e+02 1.08133333333333326e+02 1.60645764996517268e-02 1.59989290914567219e-05
 1.08133333333333326e+02 1.08266666666666666e+02 1.60744983211133646e-02 1.61878793347249580e-05
 1.08266666666666666e+02 1.08400000000000006e+02 1.60347739554997960e-02 1.58994265324547803e-05
 1.08400000000000006e+02 1.08533333333333331e+02 1.60160473707230827e-02 1.63616807191603624e-05
 1.08533333333333331e+02 1.08666666666666657e+02 1.59636110669230530e-02 1.55655862705375365e-05
 1.08666666666666657e+02 1.08799999999999997e+02 1.59295324777141353e-02 1.58995243969479891e-05
 1.08799999999999997e+02 1.08933333333333337e+02 1.58965712436296529e-02 1.61601577480293924e-05
 1.08933333333333337e+02 1.09066666666666663e+02 1.58869010784408390e-02 1.58103229520860157e-05
 1.09066666666666663e+02 1.09200000000000003e+02 1.58492309193768166e-02 1.58510992307324782e-05
 1.09200000000000003e+02 1.09333333333333343e+02 1.58087207762645683e-02 1.67471179709611019e-05
 1.09333333333333343e+02 1.09466666666666669e+02 1.57821935155696910e-02 1.59714115106544944e-05
 1.09466666666666669e+02 1.09599999999999994e+02 1.57410061881318036e-02 1.56507471944035458e-05
 1.09599999999999994e+02 1.09733333333333334e+02 1.57352101004464770e-02 1.55722333916345431e-05
 1.09733333333333334e+02 1.09866666666666674e+02 1.56805696354998490e-02 1.57278241581199917e-05
 1.09866666666666674e+02 1.10000000000000000e+02 1.56685379966918954e-02 1.58615900139423148e-05
 1.10000000000000000e+02 1.10133333333333326e+02 1.56172221791207235e-02 1.55533411294247381e-05
 1.10133333333333326e+02 1.10266666666666666e+02 1.55958622436329422e-02 1.54123905393840597e-05
 1.10266666666666666e+02 1.10400000000000006e+02 1.55592129958919342e-02 1.53115360329752120e-05
 1.10400000000000006e+02 1.10533333333333331e+02 1.55375053965383265e-02 1.60559951138176261e-05
 1.10533333333333331e+02 1.10666666666666657e+02 1.55020349872866895e-02 1.55299382908466712e-05
 1.10666666666666657e+02 1.10799999999999997e+02 1.54735891270406361e-02 1.54335497102805668e-05
 1.10799999999999997e+02 1.10933333333333337e+02 1.54453495546380895e-02 1.63528457303355614e-05
 1.10933333333333337e+02 1.11066666666666663e+02 1.54023445465328052e-02 1.56336540889860830e-05
 1.11066666666666663e+02 1.11200000000000003e+02 1.53520562423621852e-02 1.55613324614551713e-05
 1.11200000000000003e+02 1.11333333333333343e+02 1.53234781791526734e-02 1.53286035190735121e-05
 1.11333333333333343e+02 1.11466666666666669e+02 1.52727555522773149e-02 1.58243824325061643e-05
 1.11466666666666669e+02 1.11599999999999994e+02 1.52523595749548286e-02 1.58000737982011226e-05
 1.11599999999999994e+02 1.11733333333333334e+02 1.51951131517580346e-02 1.51144457663231048e-05
 1.11733333333333334e+02 1.11866666666666674e+02 1.51799828950131364e-02 1.53517304241598048e-05
 1.11866666666666674e+02 1.12000000000000000e+02 1.51757521207820968e-02 1.55024544053617219e-05
 1.12000000000000000e+02 1.12133333333333326e+02 1.51391005398660294e-02 1.51295378322673361e-05
 1.12133333333333326e+02 1.12266666666666666e+02 1.50866120207139680e-02 1.58494382448254798e-05
 1.12266666666666666e+02 1.12400000000000006e+02 1.50308415642081555e-02 1.51864123219686924e-05
 1.12400000000000006e+02 1.12533333333333331e+02 1.49965269549773642e-02 1.56919175322679124e-05
 1.12533333333333331e+02 1.12666666666666657e+02 1.49663444205409332e-02 1.59058833528089209e-05
 1.12666666666666657e+02 1.12799999999999997e+02 1.49174351982790856e-02 1.50327502348556032e-05
 1.12799999999999997e+02 1.12933333333333337e+02 1.48946385909604542e-02 1.65167328861621541e-05
 1.12933333333333337e+02 1.13066666666666663e+02 1.48279022018113042e-02 1.51418584987963506e-05
 1.13066666666666663e+02 1.13200000000000003e+02 1.47867296054872074e-02 1.55720584301431424e-05
 1.13200000000000003e+02 1.13333333333333343e+02 1.47864817984524975e-02 1.52856565469016062e-05
 1.13333333333333343e+02 1.13466666666666669e+02 1.47338068068435628e-02 1.58592224801788467e-05
 1.13466666666666669e+02 1.13599999999999994e+02 1.46903095749179730e-02 1.53227060284296559e-05
 1.13599999999999994e+02 1.13733333333333334e+02 1.46498365620521057e-02 1.53578983987674333e-05
 1.13733333333333334e+02 1.13866666666666674e+02 1.46321475113917639e-02 1.49212357670535039e-05
 1.13866666666666674e+02 1.14000000000000000e+02 1.45967238057271090e-02 1.55548486013737856e-05
 1.14000000000000000e+02 1.14133333333333340e+02 1.44910010416026344e-02 1.49840908806732372e-05
 1.14133333333333340e+02 1.14266666666666666e+02 1.45177666272668336e-02 1.50683110830358370e-05
 1.14266666666666666e+02 1.14400000000000006e+02 1.44615757761445834e-02 1.54174696186466452e-05
 1.14400000000000006e+02 1.14533333333333331e+02 1.44547397212870937e-02 1.57849843360211601e-05
 1.14533333333333331e+02 1.14666666666666671e+02 1.43749835344054791e-02 1.51392655414330552e-05
 1.14666666666666671e+02 1.14799999999999997e+02 1.43328728306029024e-02 1.53148902602381276e-05
 1.14799999999999997e+02 1.14933333333333337e+02 1.42971691270858663e-02 1.53371109306854196e-05
 1.14933333333333337e+02 1.15066666666666663e+02 1.42456716018492403e-02 1.50562857578288913e-05
 1.15066666666666663e+02 1.15200000000000003e+02 1.42185129920232023e-02 1.52516235737450202e-05
 1.15200000000000003e+02 1.15333333333333329e+02 1.41645574319271359e-02 1.60495448849041289e-05
 1.15333333333333329e+02 1.15466666666666669e+02 1.41353869986144218e-02 1.48585990914245377e-05
 1.15466666666666669e+02 1.15599999999999994e+02 1.40950801611889331e-02 1.49088583442807925e-05
 1.15599999999999994e+02 1.15733333333333334e+02 1.39929101581343016e-02 1.59100620294668919e-05
 1.15733333333333334e+02 1.15866666666666660e+02 1.39907031234060841e-02 1.52232835499707276e-05
 1.15866666666666660e+02 1.16000000000000000e+02 1.39376573782019134e-02 1.49002463038659218e-05
 1.16000000000000000e+02 1.16133333333333340e+02 1.38569998328158649e-02 1.57217459944359369e-05
 1.16133333333333340e+02 1.16266666666666666e+02 1.38144049510285083e-02 1.44261111736314296e-05
 1.16266666666666666e+02 1.16400000000000006e+02 1.37976217541186802e-02 1.48210212799548228e-05
 1.16400000000000006e+02 1.16533333333333331e+02 1.37116183043276552e-02 1.49845499708584349e-05
 1.16533333333333331e+02 1.16666666666666671e+02 1.36956102740765206e-02 1.44831014982325449e-05
 1.16666666666666671e+02 1.16799999999999997e+02 1.36160775383806672e-02 1.43823076401946712e-05
 1.16799999999999997e+02 1.16933333333333337e+02 1.35618565418865068e-02 1.42102459883690830e-05
 1.16933333333333337e+02 1.17066666666666663e+02 1.35141524605368931e-02 1.42074254662922462e-05
 1.17066666666666663e+02 1.17200000000000003e+02 1.34698339225821240e-02 1.42208510329986407e-05
 1.17200000000000003e+02 1.17333333333333329e+02 1.34110011282322465e-02 1.44741215114950381e-05
 1.17333333333333329e+02 1.17466666666666669e+02 1.33637362827393625e-02 1.40754053941465662e-05
 1.17466666666666669e+02 1.17599999999999994e+02 1.33133847212265378e-02 1.42226776518660672e-05
 1.17599999999999994e+02 1.17733333333333334e+02 1.32438735914761629e-02 1.43931319859853337e-05
 1.17733333333333334e+02 1.17866666666666660e+02 1.31840598161813462e-02 1.39476663822951144e-05
 1.17866666666666660e+02 1.18000000000000000e+02 1.31144580855739115e-02 1.39875533379362435e-05
 1.18000000000000000e+02 1.18133333333333340e+02 1.30936144978791632e-02 1.45320657829849154e-05
 1.18133333333333340e+02 1.18266666666666666e+02 1.30523787092960940e-02 1.41840370272553616e-05
 1.18266666666666666e+02 1.18400000000000006e+02 1.29734981860190005e-02 1.36111805911060060e-05
 1.18400000000000006e+02 1.18533333333333331e+02 1.29322009870709385e-02 1.42241256037584762e-05
 1.18533333333333331e+02 1.18666666666666671e+02 1.28665164287950443e-02 1.39586679350425847e-05
 1.18666666666666671e+02 1.18799999999999997e+02 1.28289309438070816e-02 1.41026457997558228e-05
 1.18799999999999997e+02 1.18933333333333337e+02 1.27253370767982446e-02 1.36420902806669661e-05
 1.18933333333333337e+02 1.19066666666666663e+02 1.26817532989130094e-02 1.37965927013654565e-05
 1.19066666666666663e+02 1.19200000000000003e+02 1.26147711529541132e-02 1.43498201704335686e-05
 1.19200000000000003e+02 1.19333333333333329e+02 1.25833139224740334e-02 1.39968981389419968e-05
 1.19333333333333329e+02 1.19466666666666669e+02 1.25016422554298443e-02 1.34269832757891424e-05
 1.19466666666666669e+02 1.19599999999999994e+02 1.24772967519320571e-02 1.37758867815975054e-05
 1.19599999999999994e+02 1.19733333333333334e+02 1.23826050817525280e-02 1.31805890088843155e-05
 1.19733333333333334e+02 1.19866666666666660e+02 1.23418171646648561e-02 1.32712863623902609e-05
 1.19866666666666660e+02 1.20000000000000000e+02 1.22889546608084925e-02 1.32405000374873520e-05
 1.20000000000000000e+02 1.20133333333333340e+02 1.22132870245094116e-02 1.36868363010478839e-05
 1.20133333333333340e+02 1.20266666666666666e+02 1.21371612107900664e-02 1.31161659665795428e-05
 1.20266666666666666e+02 1.20400000000000006e+02 1.21344747592864819e-02 1.33769596280145407e-05
 1.20400000000000006e+02 1.20533333333333331e+02 1.20446442497318031e-02 1.34647092708947751e-05
 1.20533333333333331e+02 1.20666666666666671e+02 1.19727743358901892e-02 1.30216418763503987e-05
 1.20666666666666671e+02 1.20799999999999997e+02 1.19179288388922052e-02 1.30498387198233020e-05
 1.20799999999999997e+02 1.20933333333333337e+02 1.18749523924418388e-02 2.16148772991930323e-05
 1.20933333333333337e+02 1.21066666666666663e+02 1.17960255126297354e-02 1.27514902446343137e-05
 1.21066666666666663e+02 1.21200000000000003e+02 1.17756520867177729e-02 1.34433118402214020e-05
 1.21200000000000003e+02 1.21333333333333329e+02 1.16778898835400609e-02 1.27960354313298120e-05
 1.21333333333333329e+02 1.21466666666666669e+02 1.16051504952862251e-02 1.30419074398255581e-05
 1.21466666666666669e+02 1.21599999999999994e+02 1.15343295656031453e-02 1.26697084324213956e-05
 1.21599999999999994e+02 1.21733333333333334e+02 1.14641034154005800e-02 1.30600986438635585e-05
 1.21733333333333334e+02 1.21866666666666660e+02 1.14038751463856856e-02 1.34031495617491381e-05
 1.21866666666666660e+02 1.22000000000000000e+02 1.13288678330247042e-02 1.30530658886978166e-05
 1.22000000000000000e+02 1.22133333333333340e+02 1.12795542314511367e-02 1.30429442351570786e-05
 1.22133333333333340e+02 1.22266666666666666e+02 1.11930231054592714e-02 1.25378299428517721e-05
 1.22266666666666666e+02 1.22400000000000006e+02 1.11429759069894135e-02 1.40859195491315380e-05
 1.22400000000000006e+02 1.22533333333333331e+02 1.10779735751451655e-02 1.36609881429065528e-05
 1.22533333333333331e+02 1.22666666666666671e+02 1.10192204364534911e-02 1.26259958104962408e-05
 1.22666666666666671e+02 1.22799999999999997e+02 1.09308983011479604e-02 1.25167428247161073e-05
 1.22799999999999997e+02 1.22933333333333337e+02 1.08791709261262630e-02 1.24295942690923611e-05
 1.22933333333333337e+02 1.23066666666666663e+02 1.07892360722147869e-02 1.26679097614100652e-05
 1.23066666666666663e+02 1.23200000000000003e+02 1.07475505406541202e-02 1.25962294789012094e-05
 1.23200000000000003e+02 1.23333333333333329e+02 1.06419604279189041e-02 1.22669742646233505e-05
 1.23333333333333329e+02 1.23466666666666669e+02 1.05685182100256556e-02 1.22630750670736722e-05
 1.23466666666666669e+02 1.23599999999999994e+02 1.04859335317254061e-02 1.21838765175922960e-05
 1.23599999999999994e+02 1.23733333333333334e+02 1.04165203943712703e-02 1.19822591886281234e-05
 1.23733333333333334e+02 1.23866666666666660e+02 1.03568585363911832e-02 1.22201980739652648e-05
 1.23866666666666660e+02 1.24000000000000000e+02 1.02912582249293609e-02 1.22153938523559623e-05
 1.24000000000000000e+02 1.24133333333333340e+02 1.01892130497226920e-02 1.17933364031403706e-05
 1.24133333333333340e+02 1.24266666666666666e+02 1.01355715059006975e-02 1.18164637553652899e-05
 1.24266666666666666e+02 1.24400000000000006e+02 1.00524003762325134e-02 1.16990182994282562e-05
 1.24400000000000006e+02 1.24533333333333331e+02 9.97765229046002240e-03 1.17196596397966807e-05
 1.24533333333333331e+02 1.24666666666666671e+02 9.89435183874378538e-03 1.16981695532300737e-05
 1.24666666666666671e+02 1.24799999999999997e+02 9.80016558094070657e-03 1.18619230948733621e-05
 1.24799999999999997e+02 1.24933333333333337e+02 9.73395243901115439e-03 1.19330579686958911e-05
 1.24933333333333337e+02 1.25066666666666663e+02 9.63673724970274224e-03 1.15682947322918662e-05
 1.25066666666666663e+02 1.25200000000000003e+02 9.55226376046959882e-03 1.10346856906462878e-05
 1.25200000000000003e+02 1.25333333333333329e+02 9.49402821968208660e-03 1.13680474458856453e-05
 1.25333333333333329e+02 1.25466666666666669e+02 9.39916696003187738e-03 1.16846916894029860e-05
 1.25466666666666669e+02 1.25599999999999994e+02 9.32251711479076088e-03 1.12866628814049099e-05
 1.25599999999999994e+02 1.25733333333333334e+02 9.23403926069112611e-03 1.11195283491956877e-05
 1.25733333333333334e+02 1.25866666666666660e+02 9.17076042511990631e-03 1.08883044090030178e-05
 1.25866666666666660e+02 1.26000000000000000e+02 9.11975334969668781e-03 1.11242252019915143e-05
 1.26000000000000000e+02 1.26133333333333340e+02 9.07376517678573809e-03 1.08173208608977063e-05
 1.26133333333333340e+02 1.26266666666666666e+02 9.03028182823751788e-03 1.05900336952509100e-05
 1.26266666666666666e+02 1.26400000000000006e+02 9.02034160678866735e-03 1.09738570191724814e-05
 1.26400000000000006e+02 1.26533333333333331e+02 8.97876391780545735e-03 1.07299158434272683e-05
 1.26533333333333331e+02 1.26666666666666671e+02 8.93619236308617650e-03 1.04881879019186732e-05
 1.26666666666666671e+02 1.26799999999999997e+02 8.90884100579266910e-03 1.04919878780632064e-05
 1.26799999999999997e+02 1.26933333333333337e+02 8.86637241173838381e-03 1.07413698063909804e-05
 1.26933333333333337e+02 1.27066666666666663e+02 8.82525351156064272e-03 1.04238468215280763e-05
 1.27066666666666663e+02 1.27200000000000003e+02 8.81420446569646833e-03 1.01386019172942447e-05
 1.27200000000000003e+02 1.27333333333333329e+02 8.74922827711429804e-03 1.04433873319864373e-05
 1.27333333333333329e+02 1.27466666666666669e+02 8.72280948488882851e-03 1.04224227061759359e-05
 1.27466666666666669e+02 1.27599999999999994e+02 8.68964351130259785e-03 1.01303385581097167e-05
 1.27599999999999994e+02 1.27733333333333334e+02 8.66416640489527969e-03 1.03902963383065805e-05
 1.27733333333333334e+02 1.27866666666666660e+02 8.62177681929303559e-03 1.01343029464775673e-05
 1.27866666666666660e+02 1.28000000000000000e+02 8.61102490794292928e-03 1.03746177029828333e-05
 1.28000000000000000e+02 1.28133333333333326e+02 8.56975436985656439e-03 1.01131965038313083e-05
 1.28133333333333326e+02 1.28266666666666652e+02 8.54355393329108044e-03 9.92354139380050253e-06
 1.28266666666666652e+02 1.28400000000000006e+02 8.52220118551479805e-03 1.03406605374866808e-05
 1.28400000000000006e+02 1.28533333333333331e+02 8.47321772848725480e-03 1.00951864550857807e-05
 1.28533333333333331e+02 1.28666666666666686e+02 8.44061243770959264e-03 9.80732316854204632e-06
 1.28666666666666686e+02 1.28800000000000011e+02 8.38719912825228696e-03 1.01017665928164258e-05
 1.28800000000000011e+02 1.28933333333333337e+02 8.39517993766932154e-03 1.00226359845688382e-05
 1.28933333333333337e+02 1.29066666666666663e+02 8.35853610898026206e-03 9.90046078801708886e-06
 1.29066666666666663e+02 1.29199999999999989e+02 8.30760743967850698e-03 1.04589145382787729e-05
 1.29199999999999989e+02 1.29333333333333314e+02 8.27589593180291620e-03 9.61304977711026395e-06
 1.29333333333333314e+02 1.29466666666666669e+02 8.25998482024861182e-03 1.00671123837918262e-05
 1.29466666666666669e+02 1.29599999999999994e+02 8.22000750684591386e-03 9.96471095499834373e-06
 1.29599999999999994e+02 1.29733333333333348e+02 8.18626507122889591e-03 9.59424969687929245e-06
 1.29733333333333348e+02 1.29866666666666674e+02 8.15796212896142785e-03 9.37517180544153259e-06
 1.29866666666666674e+02 1.30000000000000000e+02 8.12917053721283651e-03 9.77381029917839499e-06

Histogram:sp+
 2.15000000000000000e+02 2.15500000000000000e+02 2.95810990331991524e-09 2.53192956975318865e-09
 2.15500000000000000e+02 2.16000000000000000e+02 2.56431060429609030e-09 1.39255160687872769e-09
 2.16000000000000000e+02 2.16500000000000000e+02 3.96998652651116343e-09 1.59208177069981007e-09
 2.16500000000000000e+02 2.17000000000000000e+02 8.71735902993997584e-09 2.91612574915180345e-09
 2.17000000000000000e+02 2.17500000000000000e+02 9.75758657766493828e-09 3.03778430883615046e-09
 2.17500000000000000e+02 2.18000000000000000e+02 1.37731541884595068e-08 3.21368387483973335e-09
 2.18000000000000000e+02 2.18500000000000000e+02 2.27421512903324950e-08 4.62651640825386825e-09
 2.18500000000000000e+02 2.19000000000000000e+02 1.86578773692288362e-08 3.37623305482342475e-09
 2.19000000000000000e+02 2.19500000000000000e+02 3.63580171117819413e-08 5.37786831127402800e-09
 2.19500000000000000e+02 2.20000000000000000e+02 2.94195993466417942e-08 5.06594139297188145e-09
 2.20000000000000000e+02 2.20500000000000000e+02 4.99603933418616917e-08 6.49204636850193031e-09
 2.20500000000000000e+02 2.21000000000000000e+02 5.88993805012573285e-08 8.09271845745739932e-09
 2.21000000000000000e+02 2.21500000000000000e+02 5.75463727195252304e-08 6.69463544797813913e-09
 2.21500000000000000e+02 2.22000000000000000e+02 7.57462311653657390e-08 7.67133919087778795e-09
 2.22000000000000000e+02 2.22500000000000000e+02 8.86102547828512812e-08 9.10462166177430271e-09
 2.22500000000000000e+02 2.23000000000000000e+02 9.94043709881409734e-08 1.12716198874561828e-08
 2.23000000000000000e+02 2.23500000000000000e+02 1.02762206897929036e-07 9.53650695824677114e-09
 2.23500000000000000e+02 2.24000000000000000e+02 1.20588912972081209e-07 9.92245038854657012e-09
 2.24000000000000000e+02 2.24500000000000000e+02 1.55078004033850052e-07 1.16298427162249410e-08
 2.24500000000000000e+02 2.25000000000000000e+02 1.64839480599034120e-07 1.19220924341173974e-08
 2.25000000000000000e+02 2.25500000000000000e+02 2.08429691872462900e-07 1.39277291869180447e-08
 2.25500000000000000e+02 2.26000000000000000e+02 2.02774115843890118e-07 1.22527290242243286e-08
 2.26000000000000000e+02 2.26500000000000000e+02 2.31592613837745205e-07 1.47456598825551291e-08
 2.26500000000000000e+02 2.27000000000000000e+02 2.76882280881941492e-07 1.58360195597402328e-08
 2.27000000000000000e+02 2.27500000000000000e+02 3.07401357549655679e-07 1.60504623699930207e-08
 2.27500000000000000e+02 2.28000000000000000e+02 3.82567223044535883e-07 2.59770193912771136e-08
 2.28000000000000000e+02 2.28500000000000000e+02 4.12042576090589541e-07 2.04534502048566677e-08
 2.28500000000000000e+02 2.29000000000000000e+02 4.85489856199006257e-07 2.70663751178461813e-08
 2.29000000000000000e+02 2.29500000000000000e+02 5.27541756673782828e-07 2.47700970219080115e-08
 2.29500000000000000e+02 2.30000000000000000e+02 5.43214826770713414e-07 2.19033401443922343e-08
 2.30000000000000000e+02 2.30500000000000000e+02 7.06460325578252137e-07 4.19524184633970661e-08
 2.30500000000000000e+02 2.31000000000000000e+02 8.10079733305991231e-07 3.71071034457267089e-08
 2.31000000000000000e+02 2.31500000000000000e+02 8.44518810702322205e-07 3.84079190219547031e-08
 2.31500000000000000e+02 2.32000000000000000e+02 1.15896109726681628e-06 8.76763965451156675e-08
 2.32000000000000000e+02 2.32500000000000000e+02 1.16119513116728669e-06 6.10419079271669145e-08
 2.32500000000000000e+02 2.33000000000000000e+02 2.28210022564273623e-06 1.01837061646854812e-06
 2.33000000000000000e+02 2.33500000000000000e+02 1.57448189430605915e-06 8.63565020396892280e-08
 2.33500000000000000e+02 2.34000000000000000e+02 1.54118547777649279e-06 7.51008611291796355e-08
 2.34000000000000000e+02 2.34500000000000000e+02 1.74332347309710409e-06 7.81664547591634491e-08
 2.34500000000000000e+02 2.35000000000000000e+02 1.90266494450705987e-06 7.51295956604352137e-08
 2.35000000000000000e+02 2.35500000000000000e+02 2.06071193857339675e-06 8.85543103832150294e-08
 2.35500000000000000e+02 2.36000000000000000e+02 2.38587965524667240e-06 1.14451245773767680e-07
 2.36000000000000000e+02 2.36500000000000000e+02 2.54907892262382353e-06 1.00625253069824361e-07
 2.36500000000000000e+02 2.37000000000000000e+02 2.90509785631159567e-06 1.74945125305116924e-07
 2.37000000000000000e+02 2.37500000000000000e+02 3.22659986049266578e-06 1.24473102168062644e-07
 2.37500000000000000e+02 2.38000000000000000e+02 3.46208068534402199e-06 1.27800675622235597e-07
 2.38000000000000000e+02 2.38500000000000000e+02 3.75175093716107054e-06 1.22110290123985049e-07
 2.38500000000000000e+02 2.39000000000000000e+02 4.14633497791453781e-06 1.24322188968761310e-07
 2.39000000000000000e+02 2.39500000000000000e+02 4.48628437341024908e-06 1.35928260759510450e-07
 2.39500000000000000e+02 2.40000000000000000e+02 4.80190720261544843e-06 1.37100906652691065e-07
 2.40000000000000000e+02 2.40500000000000000e+02 5.28547763100567714e-06 1.96619618878893629e-07
 2.40500000000000000e+02 2.41000000000000000e+02 5.71991772506360868e-06 1.39730317785093060e-07
 2.41000000000000000e+02 2.41500000000000000e+02 6.33974333205178220e-06 1.59158141279346844e-07
 2.41500000000000000e+02 2.42000000000000000e+02 6.69526607024778767e-06 1.51103966212155214e-07
 2.42000000000000000e+02 2.42500000000000000e+02 7.50048306910930696e-06 1.86428212059881135e-07
 2.42500000000000000e+02 2.43000000000000000e+02 8.30689812235705128e-06 1.99946677588549412e-07
 2.43000000000000000e+02 2.43500000000000000e+02 8.45458153491239557e-06 1.79536163436279867e-07
 2.43500000000000000e+02 2.44000000000000000e+02 9.59412837182262048e-06 2.44974716177947286e-07
 2.44000000000000000e+02 2.44500000000000000e+02 1.01736703214750160e-05 2.39694086390323102e-07
 2.44500000000000000e+02 2.45000000000000000e+02 1.10835580869221773e-05 2.21927998492977960e-07
 2.45000000000000000e+02 2.45500000000000000e+02 1.15246276813369147e-05 2.06184677991731568e-07
 2.45500000000000000e+02 2.46000000000000000e+02 1.26374321184105164e-05 2.07582680402087934e-07
 2.46000000000000000e+02 2.46500000000000000e+02 1.38254347115074753e-05 3.63716229534187690e-07
 2.46500000000000000e+02 2.47000000000000000e+02 1.43697647698556189e-05 2.27294371562511026e-07
 2.47000000000000000e+02 2.47500000000000000e+02 1.47905962098196861e-05 2.21082691707422025e-07
 2.47500000000000000e+02 2.48000000000000000e+02 1.61169602340561680e-05 2.81605367736583577e-07
 2.48000000000000000e+02 2.48500000000000000e+02 1.73366989046708296e-05 2.88326106333185013e-07
 2.48500000000000000e+02 2.49000000000000000e+02 1.79686818046321425e-05 2.53275060536251982e-07
 2.49000000000000000e+02 2.49500000000000000e+02 1.95797922692206639e-05 2.80906537130774029e-07
 2.49500000000000000e+02 2.50000000000000000e+02 2.02387478843670138e-05 2.69204354965770946e-07
 2.50000000000000000e+02 2.50500000000000000e+02 2.18040634725336390e-05 3.06176879494468679e-07
 2.50500000000000000e+02 2.51000000000000000e+02 2.29554351947859153e-05 3.31688191939945874e-07
 2.51000000000000000e+02 2.51500000000000000e+02 2.35618657100365012e-05 2.73533779443822168e-07
 2.51500000000000000e+02 2.52000000000000000e+02 2.53421211358373557e-05 3.79869172384760786e-07
 2.52000000000000000e+02 2.52500000000000000e+02 2.64386786078021027e-05 2.94921983396564564e-07
 2.52500000000000000e+02 2.53000000000000000e+02 2.81371637269758434e-05 3.17859289471244905e-07
 2.53000000000000000e+02 2.53500000000000000e+02 3.10344877670488189e-05 8.82953345660193691e-07
 2.53500000000000000e+02 2.54000000000000000e+02 3.08260234362778743e-05 3.33805366982261937e-07
 2.54000000000000000e+02 2.54500000000000000e+02 3.25869212042426715e-05 3.68725193141534309e-07
 2.54500000000000000e+02 2.55000000000000000e+02 3.41534800649688123e-05 7.37557880983339111e-07
 2.55000000000000000e+02 2.55500000000000000e+02 3.57896242925034679e-05 3.59350636533389381e-07
 2.55500000000000000e+02 2.56000000000000000e+02 3.72296939595208009e-05 5.41295153649272462e-07
 2.56000000000000000e+02 2.56500000000000000e+02 3.97347333585971118e-05 4.01634161166530737e-07
 2.56500000000000000e+02 2.57000000000000000e+02 4.10231825187936817e-05 3.97570212114796688e-07
 2.57000000000000000e+02 2.57500000000000000e+02 4.28780177388384524e-05 3.74118500051581583e-07
 2.57500000000000000e+02 2.58000000000000000e+02 4.45395836212054150e-05 4.96204466005983557e-07
 2.58000000000000000e+02 2.58500000000000000e+02 4.54997217798040759e-05 3.60971468918780146e-07
 2.58500000000000000e+02 2.59000000000000000e+02 4.91526167913417013e-05 5.33553997913938971e-07
 2.59000000000000000e+02 2.59500000000000000e+02 5.07144815923242837e-05 3.97701968395974787e-07
 2.59500000000000000e+02 2.60000000000000000e+02 5.29313043194996929e-05 4.40874689288183233e-07
 2.60000000000000000e+02 2.60500000000000000e+02 5.60122134856608629e-05 5.08304472913383038e-07
 2.60500000000000000e+02 2.61000000000000000e+02 5.74995224413105022e-05 4.59246819700926316e-07
 2.61000000000000000e+02 2.61500000000000000e+02 6.08093350614884897e-05 5.88248438886433732e-07
 2.61500000000000000e+02 2.62000000000000000e+02 6.26059500081630935e-05 4.71748358617786549e-07
 2.62000000000000000e+02 2.62500000000000000e+02 6.55404391961022153e-05 5.05796390644140098e-07
 2.62500000000000000e+02 2.63000000000000000e+02 6.78144372323776482e-05 5.31141130441419150e-07
 2.63000000000000000e+02 2.63500000000000000e+02 7.05902946170572316e-05 5.54546044061459647e-07
 2.63500000000000000e+02 2.64000000000000000e+02 7.34294850461584891e-05 6.12478882455069414e-07
 2.64000000000000000e+02 2.64500000000000000e+02 7.59948842901775324e-05 5.60201262455480928e-07
 2.64500000000000000e+02 2.65000000000000000e+02 7.78186257674313411e-05 5.31149544633680305e-07
 2.65000000000000000e+02 2.65500000000000000e+02 8.25874315186496302e-05 8.50918781242439276e-07
 2.65500000000000000e+02 2.66000000000000000e+02 8.44736917509282022e-05 5.74567693919836049e-07
 2.66000000000000000e+02 2.66500000000000000e+02 8.70942270074271009e-05 5.92098530796468233e-07
 2.66500000000000000e+02 2.67000000000000000e+02 9.05647595495304175e-05 5.66001657790878516e-07
 2.67000000000000000e+02 2.67500000000000000e+02 9.37914963310599480e-05 5.83262386892135674e-07
 2.67500000000000000e+02 2.68000000000000000e+02 9.78156977241086167e-05 6.78618146329540943e-07
 2.68000000000000000e+02 2.68500000000000000e+02 9.97041475792279243e-05 6.23119409542966235e-07
 2.68500000000000000e+02 2.69000000000000000e+02 1.03234689613014745e-04 6.12653977079176296e-07
 2.69000000000000000e+02 2.69500000000000000e+02 1.06594689085748399e-04 6.27778683889777420e-07
 2.69500000000000000e+02 2.70000000000000000e+02 1.10895185869265767e-04 6.70448011280425778e-07
 2.70000000000000000e+02 2.70500000000000000e+02 1.13475538965747175e-04 6.55275022686392219e-07
 2.70500000000000000e+02 2.71000000000000000e+02 1.18169637674906829e-04 6.66239567826609639e-07
 2.71000000000000000e+02 2.71500000000000000e+02 1.22190899182652402e-04 7.03270090098518434e-07
 2.71500000000000000e+02 2.72000000000000000e+02 1.27079202727081508e-04 7.49944314043510848e-07
 2.72000000000000000e+02 2.72500000000000000e+02 1.31442733579825906e-04 7.50690689427857589e-07
 2.72500000000000000e+02 2.73000000000000000e+02 1.34526806922778263e-04 7.74770470424071710e-07
 2.73000000000000000e+02 2.73500000000000000e+02 1.38903867658343917e-04 7.37965627263816566e-07
 2.73500000000000000e+02 2.74000000000000000e+02 1.46354548476684766e-04 1.09433628541331763e-06
 2.74000000000000000e+02 2.74500000000000000e+02 1.49078912743297933e-04 8.45423063112847979e-07
 2.74500000000000000e+02 2.75000000000000000e+02 1.52868035132152789e-04 8.04248981272091627e-07
 2.75000000000000000e+02 2.75500000000000000e+02 1.59949978573438261e-04 8.86289407731449687e-07
 2.75500000000000000e+02 2.76000000000000000e+02 1.64577591962229052e-04 8.28583017935892643e-07
 2.76000000000000000e+02 2.76500000000000000e+02 1.68897705039083938e-04 9.00804927235883216e-07
 2.76500000000000000e+02 2.77000000000000000e+02 1.75180658248110655e-04 8.80430955973290963e-07
 2.77000000000000000e+02 2.77500000000000000e+02 1.82170101323077830e-04 9.41661744279862600e-07
 2.77500000000000000e+02 2.78000000000000000e+02 1.87069440677905727e-04 9.60375121409914618e-07
 2.78000000000000000e+02 2.78500000000000000e+02 1.95503895068895630e-04 9.03217213978822128e-07
 2.78500000000000000e+02 2.79000000000000000e+02 2.02433788510105399e-04 9.52015555480890508e-07
 2.79000000000000000e+02 2.79500000000000000e+02 2.09633350973777388e-04 1.29922761996199407e-06
 2.79500000000000000e+02 2.80000000000000000e+02 2.18061710109342664e-04 1.01404335706585405e-06
 2.80000000000000000e+02 2.80500000000000000e+02 2.23895137398694226e-04 9.85721347841185433e-07
 2.80500000000000000e+02 2.81000000000000000e+02 2.34824723330855756e-04 1.02121335984756947e-06
 2.81000000000000000e+02 2.81500000000000000e+02 2.42345916418186736e-04 1.05685545395684216e-06
 2.81500000000000000e+02 2.82000000000000000e+02 2.53576545091417952e-04 1.17708625954230029e-06
 2.82000000000000000e+02 2.82500000000000000e+02 2.63753542656533187e-04 1.30495464477811581e-06
 2.82500000000000000e+02 2.83000000000000000e+02 2.73234252702271780e-04 1.14297856598313692e-06
 2.83000000000000000e+02 2.83500000000000000e+02 2.87755538577793798e-04 1.19666544555284213e-06
 2.83500000000000000e+02 2.84000000000000000e+02 3.03063504362979775e-04 1.23634711843962106e-06
 2.84000000000000000e+02 2.84500000000000000e+02 3.21043494915483022e-04 1.39315612790932295e-06
 2.84500000000000000e+02 2.85000000000000000e+02 3.40742190275704533e-04 1.36688617659332565e-06
 2.85000000000000000e+02 2.85500000000000000e+02 3.70270241681864047e-04 1.54293371649078867e-06
 2.85500000000000000e+02 2.86000000000000000e+02 4.04421373788182992e-04 1.61667234839405432e-06
 2.86000000000000000e+02 2.86500000000000000e+02 4.36770006333325799e-04 1.71003563316564970e-06
 2.86500000000000000e+02 2.87000000000000000e+02 4.67958811381250525e-04 1.69726575296725350e-06
 2.87000000000000000e+02 2.87500000000000000e+02 5.00769755692983425e-04 1.81220908613430652e-06
 2.87500000000000000e+02 2.88000000000000000e+02 5.34421924881851103e-04 1.88198894659677608e-06
 2.88000000000000000e+02 2.88500000000000000e+02 5.60397013983839065e-04 1.93735467261050384e-06
 2.88500000000000000e+02 2.89000000000000000e+02 5.89603547326417328e-04 1.96395918894309827e-06
 2.89000000000000000e+02 2.89500000000000000e+02 6.16624243828839576e-04 2.03099965623485273e-06
 2.89500000000000000e+02 2.90000000000000000e+02 6.47099512204650810e-04 2.03203175355228843e-06
 2.90000000000000000e+02 2.90500000000000000e+02 6.70588853297942244e-04 2.11797631447467275e-06
 2.90500000000000000e+02 2.91000000000000000e+02 7.01065253979688257e-04 2.12338848797856671e-06
 2.91000000000000000e+02 2.91500000000000000e+02 7.27319839383345416e-04 2.20334576480465560e-06
 2.91500000000000000e+02 2.92000000000000000e+02 7.49722723804669496e-04 2.17906983329062777e-06
 2.92000000000000000e+02 2.92500000000000000e+02 7.74694373990662583e-04 2.18342634065894205e-06
 2.92500000000000000e+02 2.93000000000000000e+02 7.97961469847180828e-04 2.26116194752362748e-06
 2.93000000000000000e+02 2.93500000000000000e+02 8.24457100888962560e-04 2.33948323902195433e-06
 2.93500000000000000e+02 2.94000000000000000e+02 8.49520644837309944e-04 2.32676472167445309e-06
 2.94000000000000000e+02 2.94500000000000000e+02 8.75179573992339679e-04 2.35873001360304288e-06
 2.94500000000000000e+02 2.95000000000000000e+02 8.98063882505505356e-04 2.37655617948299450e-06
 2.95000000000000000e+02 2.95500000000000000e+02 9.25466792229084423e-04 2.34759521819196477e-06
 2.95500000000000000e+02 2.96000000000000000e+02 9.44898410559987705e-04 2.49719592591789438e-06
 2.96000000000000000e+02 2.96500000000000000e+02 9.74768843585876706e-04 2.46716643652992252e-06
 2.96500000000000000e+02 2.97000000000000000e+02 9.89903449137632344e-04 2.45946572054915060e-06
 2.97000000000000000e+02 2.97500000000000000e+02 1.02022761492931327e-03 2.63979546234175023e-06
 2.97500000000000000e+02 2.98000000000000000e+02 1.04306499327257510e-03 2.49796739676273702e-06
 2.98000000000000000e+02 2.98500000000000000e+02 1.06338322090437768e-03 2.53049309085223106e-06
 2.98500000000000000e+02 2.99000000000000000e+02 1.09061368941756171e-03 2.57690960811602739e-06
 2.99000000000000000e+02 2.99500000000000000e+02 1.11069657856632548e-03 2.68927227340171420e-06
 2.99500000000000000e+02 3.00000000000000000e+02 1.13585789480150990e-03 2.64614026771080423e-06
 3.00000000000000000e+02 3.00500000000000000e+02 1.16143208719160268e-03 2.62870694121548349e-06
 3.00500000000000000e+02 3.01000000000000000e+02 1.17981873604579811e-03 2.66519028470938356e-06
 3.01000000000000000e+02 3.01500000000000000e+02 1.20293562690370563e-03 2.67464250169601766e-06
 3.01500000000000000e+02 3.02000000000000000e+02 1.22961795045352569e-03 2.73690639138220202e-06
 3.02000000000000000e+02 3.02500000000000000e+02 1.24853364290746080e-03 2.75819771438839815e-06
 3.02500000000000000e+02 3.03000000000000000e+02 1.27446049040472295e-03 2.74147397075652890e-06
 3.03000000000000000e+02 3.03500000000000000e+02 1.29636708330207063e-03 2.79734563689394231e-06
 3.03500000000000000e+02 3.04000000000000000e+02 1.31942207482696255e-03 2.78275167637593006e-06
 3.04000000000000000e+02 3.04500000000000000e+02 1.34029258553735198e-03 2.85559531467050913e-06
 3.04500000000000000e+02 3.05000000000000000e+02 1.36398990346196141e-03 2.85930478471645845e-06
 3.05000000000000000e+02 3.05500000000000000e+02 1.38505302059549625e-03 2.90536237289039515e-06
 3.05500000000000000e+02 3.06000000000000000e+02 1.40424296463114513e-03 2.81271587741711553e-06
 3.06000000000000000e+02 3.06500000000000000e+02 1.43068934815078898e-03 2.88472357923134352e-06
 3.06500000000000000e+02 3.07000000000000000e+02 1.45199615717224624e-03 2.98649823765778755e-06
 3.07000000000000000e+02 3.07500000000000000e+02 1.47049755606010408e-03 2.88241967306467460e-06
 3.07500000000000000e+02 3.08000000000000000e+02 1.49894536348570877e-03 2.93981692920503544e-06
 3.08000000000000000e+02 3.08500000000000000e+02 1.51979313544394162e-03 2.98484111889004493e-06
 3.08500000000000000e+02 3.09000000000000000e+02 1.54845626023363729e-03 3.01775148807220694e-06
 3.09000000000000000e+02 3.09500000000000000e+02 1.56550205818591624e-03 3.01142789218483068e-06
 3.09500000000000000e+02 3.10000000000000000e+02 1.59036151148465995e-03 3.10762389376876993e-06
 3.10000000000000000e+02 3.10500000000000000e+02 1.60888937328458560e-03 3.06895094056560126e-06
 3.10500000000000000e+02 3.11000000000000000e+02 1.63252345103374235e-03 3.03477740520046965e-06
 3.11000000000000000e+02 3.11500000000000000e+02 1.65986786429099683e-03 3.07532735865087912e-06
 3.11500000000000000e+02 3.12000000000000000e+02 1.67698241396271766e-03 3.09453670857897872e-06
 3.12000000000000000e+02 3.12500000000000000e+02 1.70183303803097749e-03 3.12675032171844484e-06
 3.12500000000000000e+02 3.13000000000000000e+02 1.72275389718059353e-03 3.10837043289140780e-06
 3.13000000000000000e+02 3.13500000000000000e+02 1.74868346552221063e-03 3.19338705757670127e-06
 3.13500000000000000e+02 3.14000000000000000e+02 1.76755054659708498e-03 3.27727607235838681e-06
 3.14000000000000000e+02 3.14500000000000000e+02 1.79464560959261411e-03 3.26145279482324413e-06
 3.14500000000000000e+02 3.15000000000000000e+02 1.81658682354045049e-03 3.28077828944681402e-06
 3.15000000000000000e+02 3.15500000000000000e+02 1.84164327918332491e-03 3.27627478524018613e-06
 3.15500000000000000e+02 3.16000000000000000e+02 1.86646272393915878e-03 3.18519043618218667e-06
 3.16000000000000000e+02 3.16500000000000000e+02 1.88737115063364390e-03 3.31282781926076341e-06
 3.16500000000000000e+02 3.17000000000000000e+02 1.90898627235026874e-03 3.33161107588496017e-06
 3.17000000000000000e+02 3.17500000000000000e+02 1.93016416800922811e-03 3.38476213122725442e-06
 3.17500000000000000e+02 3.18000000000000000e+02 1.95107363223169929e-03 3.25474975080307129e-06
 3.18000000000000000e+02 3.18500000000000000e+02 1.97317452659108179e-03 3.35417496375955766e-06
 3.18500000000000000e+02 3.19000000000000000e+02 1.99520086336821235e-03 3.34444405268203753e-06
 3.19000000000000000e+02 3.19500000000000000e+02 2.01867905858030446e-03 3.45730253722613843e-06
 3.19500000000000000e+02 3.20000000000000000e+02 2.04244896349557638e-03 3.61169199148765417e-06
 3.20000000000000000e+02 3.20500000000000000e+02 2.06455476144395446e-03 3.34096396127864790e-06
 3.20500000000000000e+02 3.21000000000000000e+02 2.08463528361815592e-03 3.36010785653311146e-06
 3.21000000000000000e+02 3.21500000000000000e+02 2.10723818302845827e-03 3.41338542902014730e-06
 3.21500000000000000e+02 3.22000000000000000e+02 2.13341850242274120e-03 3.51347792992366210e-06
 3.22000000000000000e+02 3.22500000000000000e+02 2.15852523848000235e-03 3.65179076551118542e-06
 3.22500000000000000e+02 3.23000000000000000e+02 2.17989920569195425e-03 3.49204153131935701e-06
 3.23000000000000000e+02 3.23500000000000000e+02 2.19870137502623832e-03 3.57091598613196874e-06
 3.23500000000000000e+02 3.24000000000000000e+02 2.22562445095026654e-03 3.68429676004695371e-06
 3.24000000000000000e+02 3.24500000000000000e+02 2.24361637134391691e-03 3.57373731403309635e-06
 3.24500000000000000e+02 3.25000000000000000e+02 2.27376158418034257e-03 3.62443393034190826e-06
 3.25000000000000000e+02 3.25500000000000000e+02 2.28622739762229191e-03 3.64486566539330905e-06
 3.25500000000000000e+02 3.26000000000000000e+02 2.31392608490531239e-03 3.54394625065097692e-06
 3.26000000000000000e+02 3.26500000000000000e+02 2.33754919097011382e-03 3.68396068727197933e-06
 3.26500000000000000e+02 3.27000000000000000e+02 2.36219452880043895e-03 3.62672779666949651e-06
 3.27000000000000000e+02 3.27500000000000000e+02 2.38469340407725930e-03 3.75063273738103120e-06
 3.27500000000000000e+02 3.28000000000000000e+02 2.40622328091147537e-03 3.65717100202085348e-06
 3.28000000000000000e+02 3.28500000000000000e+02 2.42799656884233822e-03 3.65672802573933650e-06
 3.28500000000000000e+02 3.29000000000000000e+02 2.45710092883866986e-03 3.76306369138804752e-06
 3.29000000000000000e+02 3.29500000000000000e+02 2.48176849223096137e-03 3.77932047089762697e-06
 3.29500000000000000e+02 3.30000000000000000e+02 2.49813425703882507e-03 3.76777822974826199e-06
 3.30000000000000000e+02 3.30500000000000000e+02 2.52170472265806148e-03 3.76990201303806619e-06
 3.30500000000000000e+02 3.31000000000000000e+02 2.54612016627127520e-03 3.75798019258416219e-06
 3.31000000000000000e+02 3.31500000000000000e+02 2.56906969886558064e-03 3.87186122533413882e-06
 3.31500000000000000e+02 3.32000000000000000e+02 2.59756800931462868e-03 3.86713432817883895e-06
 3.32000000000000000e+02 3.32500000000000000e+02 2.61776265798859421e-03 3.95945139383625543e-06
 3.32500000000000000e+02 3.33000000000000000e+02 2.63792578674995224e-03 3.86011375345244002e-06
 3.33000000000000000e+02 3.33500000000000000e+02 2.65487921585738770e-03 3.88888051367147699e-06
 3.33500000000000000e+02 3.34000000000000000e+02 2.67998414011417097e-03 4.10695390749550623e-06
 3.34000000000000000e+02 3.34500000000000000e+02 2.70668391282006052e-03 4.02293180376690057e-06
 3.34500000000000000e+02 3.35000000000000000e+02 2.73393715761423078e-03 4.11685825980016557e-06
 3.35000000000000000e+02 3.35500000000000000e+02 2.75183915439750938e-03 4.01919551745657631e-06
 3.35500000000000000e+02 3.36000000000000000e+02 2.77262867150067328e-03 4.06043497768091904e-06
 3.36000000000000000e+02 3.36500000000000000e+02 2.80282741059256898e-03 4.18548408995937681e-06
 3.36500000000000000e+02 3.37000000000000000e+02 2.81847326832222137e-03 4.16313770096828906e-06
 3.37000000000000000e+02 3.37500000000000000e+02 2.83437251138274771e-03 4.20481107923927582e-06
 3.37500000000000000e+02 3.38000000000000000e+02 2.85996598807828619e-03 4.02558131706534514e-06
 3.38000000000000000e+02 3.38500000000000000e+02 2.87844199787564391e-03 4.14271920042737168e-06
 3.38500000000000000e+02 3.39000000000000000e+02 2.89765163459480878e-03 4.17867980853573132e-06
 3.39000000000000000e+02 3.39500000000000000e+02 2.91645717003353446e-03 4.22298641379231017e-06
 3.39500000000000000e+02 3.40000000000000000e+02 2.93842773663902145e-03 4.01996167653045687e-06
 3.40000000000000000e+02 3.40500000000000000e+02 2.95866079757782464e-03 4.13548403653930307e-06
 3.40500000000000000e+02 3.41000000000000000e+02 2.96771710291111011e-03 4.08421391090793849e-06
 3.41000000000000000e+02 3.41500000000000000e+02 2.99100047489201520e-03 4.02072733404561076e-06
 3.41500000000000000e+02 3.42000000000000000e+02 3.01577750587398059e-03 4.19643676267846441e-06
 3.42000000000000000e+02 3.42500000000000000e+02 3.03189336710336281e-03 4.16486940003711581e-06
 3.42500000000000000e+02 3.43000000000000000e+02 3.05069563784576012e-03 4.04441442564655200e-06
 3.43000000000000000e+02 3.43500000000000000e+02 3.07505154128229034e-03 4.10898957675595176e-06
 3.43500000000000000e+02 3.44000000000000000e+02 3.09270106961842713e-03 4.10603314805844497e-06
 3.44000000000000000e+02 3.44500000000000000e+02 3.11089348036405668e-03 4.10326191936352768e-06
 3.44500000000000000e+02 3.45000000000000000e+02 3.13525295910929876e-03 4.14982600773633131e-06
 3.45000000000000000e+02 3.45500000000000000e+02 3.15000726445854992e-03 4.17709583826121028e-06
 3.45500000000000000e+02 3.46000000000000000e+02 3.17212071158530333e-03 4.14967123892503908e-06
 3.46000000000000000e+02 3.46500000000000000e+02 3.19399581355027948e-03 4.11219136052042825e-06
 3.46500000000000000e+02 3.47000000000000000e+02 3.21685952423179022e-03 4.17599318607142179e-06
 3.47000000000000000e+02 3.47500000000000000e+02 3.22358365369397907e-03 4.14441198432758738e-06
 3.47500000000000000e+02 3.48000000000000000e+02 3.24950299707477954e-03 4.06207959391965546e-06
 3.48000000000000000e+02 3.48500000000000000e+02 3.27073479533894354e-03 3.99422229672815717e-06
 3.48500000000000000e+02 3.49000000000000000e+02 3.29343045017294403e-03 4.20940877835983586e-06
 3.49000000000000000e+02 3.49500000000000000e+02 3.31510886890606666e-03 4.11605028046702127e-06
 3.49500000000000000e+02 3.50000000000000000e+02 3.32571623552594536e-03 4.21935044765630244e-06
 3.50000000000000000e+02 3.50500000000000000e+02 3.35294006407324020e-03 4.09483539115319386e-06
 3.50500000000000000e+02 3.51000000000000000e+02 3.37499887143712877e-03 4.17110394105951886e-06
 3.51000000000000000e+02 3.51500000000000000e+02 3.39580077611508499e-03 4.23933113028780598e-06
 3.51500000000000000e+02 3.52000000000000000e+02 3.41350513375845988e-03 4.20144172373185422e-06
 3.52000000000000000e+02 3.52500000000000000e+02 3.43999021878797946e-03 4.04572550887263437e-06
 3.52500000000000000e+02 3.53000000000000000e+02 3.45629227023741981e-03 4.12771777152177110e-06
 3.53000000000000000e+02 3.53500000000000000e+02 3.46964496972474628e-03 4.18358836286290802e-06
 3.53500000000000000e+02 3.54000000000000000e+02 3.49663820766623907e-03 4.21797310755192673e-06
 3.54000000000000000e+02 3.54500000000000000e+02 3.51373733166036178e-03 4.29497823011790823e-06
 3.54500000000000000e+02 3.55000000000000000e+02 3.53921771750050464e-03 4.12870322166313076e-06
 3.55000000000000000e+02 3.55500000000000000e+02 3.55538907408188640e-03 3.95254685640833297e-06
 3.55500000000000000e+02 3.56000000000000000e+02 3.58181566280224139e-03 4.11660321649586952e-06
 3.56000000000000000e+02 3.56500000000000000e+02 3.61124250669996039e-03 4.14972832963345190e-06
 3.56500000000000000e+02 3.57000000000000000e+02 3.62376474130230624e-03 4.14764073725619165e-06
 3.57000000000000000e+02 3.57500000000000000e+02 3.64949076099996576e-03 4.19491057652769697e-06
 3.57500000000000000e+02 3.58000000000000000e+02 3.66293285897563523e-03 4.19636044060923335e-06
 3.58000000000000000e+02 3.58500000000000000e+02 3.68853370399938518e-03 4.31579231080537639e-06
 3.58500000000000000e+02 3.59000000000000000e+02 3.70720742151332177e-03 4.19927024594585557e-06
 3.59000000000000000e+02 3.59500000000000000e+02 3.72185699509774330e-03 4.12091271522658838e-06
 3.59500000000000000e+02 3.60000000000000000e+02 3.75283120979070205e-03 4.27620530096586573e-06
 3.60000000000000000e+02 3.60500000000000000e+02 3.77515243389612469e-03 4.19510654169600166e-06
 3.60500000000000000e+02 3.61000000000000000e+02 3.80035998565476972e-03 4.15677970223659072e-06
 3.61000000000000000e+02 3.61500000000000000e+02 3.81902902697163829e-03 4.29980851975393046e-06
 3.61500000000000000e+02 3.62000000000000000e+02 3.84037889302097984e-03 4.24519000859258827e-06
 3.62000000000000000e+02 3.62500000000000000e+02 3.87006065678727803e-03 4.32869718473867933e-06
 3.62500000000000000e+02 3.63000000000000000e+02 3.88702396855941310e-03 4.27683909463619714e-06
 3.63000000000000000e+02 3.63500000000000000e+02 3.91067134887323076e-03 4.35498284949611033e-06
 3.63500000000000000e+02 3.64000000000000000e+02 3.94084681865085069e-03 4.32668728107615370e-06
 3.64000000000000000e+02 3.64500000000000000e+02 3.96342437509977948e-03 4.34986192416543232e-06
 3.64500000000000000e+02 3.65000000000000000e+02 3.97885321560294616e-03 4.38205074428325712e-06
 3.65000000000000000e+02 3.65500000000000000e+02 4.00341975949766032e-03 4.30599886911156098e-06
 3.65500000000000000e+02 3.66000000000000000e+02 4.03937286733832470e-03 4.23038348840054706e-06
 3.66000000000000000e+02 3.66500000000000000e+02 4.05185238627308372e-03 4.22145076504854448e-06
 3.66500000000000000e+02 3.67000000000000000e+02 4.07814559250331901e-03 4.42432177033667286e-06
 3.67000000000000000e+02 3.67500000000000000e+02 4.10360084246564304e-03 4.41547525413287886e-06
 3.67500000000000000e+02 3.68000000000000000e+02 4.12617800032266061e-03 4.35383955857355254e-06
 3.68000000000000000e+02 3.68500000000000000e+02 4.14326166243228836e-03 4.38455703248734666e-06
 3.68500000000000000e+02 3.69000000000000000e+02 4.16694971387045025e-03 4.29117175064880850e-06
 3.69000000000000000e+02 3.69500000000000000e+02 4.19608890971768199e-03 4.37039139220326485e-06
 3.69500000000000000e+02 3.70000000000000000e+02 4.21511318115256033e-03 4.33229520396900704e-06
 3.70000000000000000e+02 3.70500000000000000e+02 4.24595927042865917e-03 4.38402518968402874e-06
 3.70500000000000000e+02 3.71000000000000000e+02 4.27281452755424659e-03 4.33899635116634317e-06
 3.71000000000000000e+02 3.71500000000000000e+02 4.29471296813202248e-03 4.43110828088861060e-06
 3.71500000000000000e+02 3.72000000000000000e+02 4.32783057202422959e-03 4.42705580630964509e-06
 3.72000000000000000e+02 3.72500000000000000e+02 4.35143310343776707e-03 4.46878393370968523e-06
 3.72500000000000000e+02 3.73000000000000000e+02 4.37943893311555903e-03 4.53270175107349020e-06
 3.73000000000000000e+02 3.73500000000000000e+02 4.39447399035430061e-03 4.47784417930994121e-06
 3.73500000000000000e+02 3.74000000000000000e+02 4.43033867122831233e-03 4.34478083339453241e-06
 3.74000000000000000e+02 3.74500000000000000e+02 4.44743458755112939e-03 4.46195314949998830e-06
 3.74500000000000000e+02 3.75000000000000000e+02 4.48181448882201995e-03 4.39876123794934862e-06
 3.75000000000000000e+02 3.75500000000000000e+02 4.50881336675459151e-03 4.54635318300899496e-06
 3.75500000000000000e+02 3.76000000000000000e+02 4.53524420488261686e-03 4.49688654288020422e-06
 3.76000000000000000e+02 3.76500000000000000e+02 4.56323783137703356e-03 4.56030689364832633e-06
 3.76500000000000000e+02 3.77000000000000000e+02 4.58129764440937809e-03 4.53331252074421666e-06
 3.77000000000000000e+02 3.77500000000000000e+02 4.60717923126644207e-03 4.43079271449605429e-06
 3.77500000000000000e+02 3.78000000000000000e+02 4.63666978446546432e-03 4.52606593060825312e-06
 3.78000000000000000e+02 3.78500000000000000e+02 4.67115867951512897e-03 4.60249679057174214e-06
 3.78500000000000000e+02 3.79000000000000000e+02 4.69430615947729907e-03 4.53283159426688238e-06
 3.79000000000000000e+02 3.79500000000000000e+02 4.72639471842462803e-03 4.60494188779182817e-06
 3.79500000000000000e+02 3.80000000000000000e+02 4.74349832255996709e-03 4.59403893834754438e-06
 3.80000000000000000e+02 3.80500000000000000e+02 4.78175305845262612e-03 4.74069458081566607e-06
 3.80500000000000000e+02 3.81000000000000000e+02 4.80338731881987079e-03 4.73672012714713445e-06
 3.81000000000000000e+02 3.81500000000000000e+02 4.84116866939216742e-03 4.67289016387567259e-06
 3.81500000000000000e+02 3.82000000000000000e+02 4.86423879059687866e-03 4.66587667657467307e-06
 3.82000000000000000e+02 3.82500000000000000e+02 4.90090669690052688e-03 4.73493743959229472e-06
 3.82500000000000000e+02 3.83000000000000000e+02 4.92445784733419253e-03 4.68293665912325492e-06
 3.83000000000000000e+02 3.83500000000000000e+02 4.95494226607308061e-03 4.55700191829408319e-06
 3.83500000000000000e+02 3.84000000000000000e+02 4.98469000744269745e-03 4.69064849293116002e-06
 3.84000000000000000e+02 3.84500000000000000e+02 5.01963718487348411e-03 4.73313637347338317e-06
 3.84500000000000000e+02 3.85000000000000000e+02 5.03991078358328581e-03 4.93206454674544119e-06
 3.85000000000000000e+02 3.85500000000000000e+02 5.07502346357437736e-03 4.75029933888394071e-06
 3.85500000000000000e+02 3.86000000000000000e+02 5.10777327473249838e-03 4.71282515680135097e-06
 3.86000000000000000e+02 3.86500000000000000e+02 5.15210314482806003e-03 4.79677967379252789e-06
 3.86500000000000000e+02 3.87000000000000000e+02 5.17337313220683076e-03 4.68693634229423794e-06
 3.87000000000000000e+02 3.87500000000000000e+02 5.20600717462278619e-03 4.62358855050684360e-06
 3.87500000000000000e+02 3.88000000000000000e+02 5.24383907000436356e-03 4.79704812987134319e-06
 3.88000000000000000e+02 3.88500000000000000e+02 5.26778884720562578e-03 4.65889024347908507e-06
 3.88500000000000000e+02 3.89000000000000000e+02 5.30418649791012786e-03 4.70000436663267163e-06
 3.89000000000000000e+02 3.89500000000000000e+02 5.33624595758007327e-03 4.79639330127408090e-06
 3.89500000000000000e+02 3.90000000000000000e+02 5.36840422234682868e-03 4.87781153177000432e-06
 3.90000000000000000e+02 3.90500000000000000e+02 5.40210907216051844e-03 4.86855744923838258e-06
 3.90500000000000000e+02 3.91000000000000000e+02 5.43729348730909775e-03 4.82991854618911054e-06
 3.91000000000000000e+02 3.91500000000000000e+02 5.47107642545385364e-03 4.84190949727254662e-06
 3.91500000000000000e+02 3.92000000000000000e+02 5.50723106331347818e-03 4.79132641164235629e-06
 3.92000000000000000e+02 3.92500000000000000e+02 5.53974914656553321e-03 4.96830390579575740e-06
 3.92500000000000000e+02 3.93000000000000000e+02 5.57247402324847867e-03 4.85828366822080982e-06
 3.93000000000000000e+02 3.93500000000000000e+02 5.61033862208115772e-03 4.94113397719123115e-06
 3.93500000000000000e+02 3.94000000000000000e+02 5.65857330635836930e-03 4.92938372745234495e-06
 3.94000000000000000e+02 3.94500000000000000e+02 5.67833370088406415e-03 4.87710663678373862e-06
 3.94500000000000000e+02 3.95000000000000000e+02 5.72303376112191092e-03 4.96699207219426116e-06
 3.95000000000000000e+02 3.95500000000000000e+02 5.75043902848969366e-03 4.94353715578421230e-06
 3.95500000000000000e+02 3.96000000000000000e+02 5.79190463775171565e-03 4.93459992800935198e-06
 3.96000000000000000e+02 3.96500000000000000e+02 5.82850970103635044e-03 4.90117678828274113e-06
 3.96500000000000000e+02 3.97000000000000000e+02 5.87045257720666437e-03 5.00567022832600624e-06
 3.97000000000000000e+02 3.97500000000000000e+02 5.90146310023280819e-03 5.03934828532319209e-06
 3.97500000000000000e+02 3.98000000000000000e+02 5.93793925458243558e-03 4.96605709694009052e-06
 3.98000000000000000e+02 3.98500000000000000e+02 5.98669859295190929e-03 5.25078957717670078e-06
 3.98500000000000000e+02 3.99000000000000000e+02 6.02338759203724025e-03 5.09399561881081111e-06
 3.99000000000000000e+02 3.99500000000000000e+02 6.06942011510656736e-03 5.10341884427695043e-06
 3.99500000000000000e+02 4.00000000000000000e+02 6.09626318495882190e-03 5.00661117395005951e-06
 4.00000000000000000e+02 4.00500000000000000e+02 6.13453312068338880e-03 5.04784059402231070e-06
 4.00500000000000000e+02 4.01000000000000000e+02 6.19069708021567373e-03 5.05677128333282691e-06
 4.01000000000000000e+02 4.01500000000000000e+02 6.22338286913415219e-03 5.00000179715778958e-06
 4.01500000000000000e+02 4.02000000000000000e+02 6.27459993256823841e-03 5.10559590232530516e-06
 4.02000000000000000e+02 4.02500000000000000e+02 6.32140428557917931e-03 5.06127094725510589e-06
 4.02500000000000000e+02 4.03000000000000000e+02 6.35354298599556232e-03 5.10512332303637207e-06
 4.03000000000000000e+02 4.03500000000000000e+02 6.40301571956630906e-03 5.08329107759527848e-06
 4.03500000000000000e+02 4.04000000000000000e+02 6.44744938771636428e-03 5.31116011644651662e-06
 4.04000000000000000e+02 4.04500000000000000e+02 6.48801322942694179e-03 5.26054510631624039e-06
 4.04500000000000000e+02 4.05000000000000000e+02 6.52582587437411377e-03 5.27976294093939307e-06
 4.05000000000000000e+02 4.05500000000000000e+02 6.56868245108868914e-03 5.16865709323897367e-06
 4.05500000000000000e+02 4.06000000000000000e+02 6.62075324257058347e-03 5.22952631603322215e-06
 4.06000000000000000e+02 4.06500000000000000e+02 6.67067266101777339e-03 5.31015461001785534e-06
 4.06500000000000000e+02 4.07000000000000000e+02 6.71521513424973293e-03 5.29812321566921805e-06
 4.07000000000000000e+02 4.07500000000000000e+02 6.76088838522363213e-03 5.14496941408904443e-06
 4.07500000000000000e+02 4.08000000000000000e+02 6.79888913550154728e-03 5.23756817015671210e-06
 4.08000000000000000e+02 4.08500000000000000e+02 6.85907357737825484e-03 5.26201060297686775e-06
 4.08500000000000000e+02 4.09000000000000000e+02 6.91002267532677111e-03 5.34282165566296782e-06
 4.09000000000000000e+02 4.09500000000000000e+02 6.95844258974653764e-03 5.20655382228862715e-06
 4.09500000000000000e+02 4.10000000000000000e+02 7.00916091628349218e-03 5.38464739011623350e-06
 4.10000000000000000e+02 4.10500000000000000e+02 7.04758883934329585e-03 5.36427320381943145e-06
 4.10500000000000000e+02 4.11000000000000000e+02 7.10091192146710369e-03 5.37483360308218571e-06
 4.11000000000000000e+02 4.11500000000000000e+02 7.15815378014925639e-03 5.49623571491007227e-06
 4.11500000000000000e+02 4.12000000000000000e+02 7.21153767308284170e-03 5.48074939741551565e-06
 4.12000000000000000e+02 4.12500000000000000e+02 7.25354237560218041e-03 5.43782750817967866e-06
 4.12500000000000000e+02 4.13000000000000000e+02 7.30707298554982270e-03 5.47600353024725533e-06
 4.13000000000000000e+02 4.13500000000000000e+02 7.36882650395930677e-03 5.51294582371073695e-06
 4.13500000000000000e+02 4.14000000000000000e+02 7.42325871995914554e-03 5.56643937409996140e-06
 4.14000000000000000e+02 4.14500000000000000e+02 7.48144164633105131e-03 5.69125576454001070e-06
 4.14500000000000000e+02 4.15000000000000000e+02 7.53078947803199634e-03 5.60313264601327028e-06
 4.15000000000000000e+02 4.15500000000000000e+02 7.59251794023369040e-03 5.56060935806664034e-06
 4.15500000000000000e+02 4.16000000000000000e+02 7.66012352301960898e-03 5.53123432347832689e-06
 4.16000000000000000e+02 4.16500000000000000e+02 7.70821195449926388e-03 5.63068606779578629e-06
 4.16500000000000000e+02 4.17000000000000000e+02 7.76864463108609560e-03 5.55449844217503173e-06
 4.17000000000000000e+02 4.17500000000000000e+02 7.81494850697142182e-03 5.62529160847386094e-06
 4.17500000000000000e+02 4.18000000000000000e+02 7.88700636750944324e-03 5.54640040576525578e-06
 4.18000000000000000e+02 4.18500000000000000e+02 7.95665674335343555e-03 5.74512763817901866e-06
 4.18500000000000000e+02 4.19000000000000000e+02 8.00167691492727380e-03 5.59069594298621189e-06
 4.19000000000000000e+02 4.19500000000000000e+02 8.07969658799702339e-03 5.77103306480495571e-06
 4.19500000000000000e+02 4.20000000000000000e+02 8.14031980445094859e-03 5.71692519357044330e-06
 4.20000000000000000e+02 4.20500000000000000e+02 8.19364983604680200e-03 5.69246782966186329e-06
 4.20500000000000000e+02 4.21000000000000000e+02 8.26363302524465299e-03 5.61110875387557058e-06
 4.21000000000000000e+02 4.21500000000000000e+02 8.33382923311858613e-03 5.81475664431844422e-06
 4.21500000000000000e+02 4.22000000000000000e+02 8.40948846494466752e-03 5.80240343725019511e-06
 4.22000000000000000e+02 4.22500000000000000e+02 8.47112807823211487e-03 5.90133237954569459e-06
 4.22500000000000000e+02 4.23000000000000000e+02 8.54063287184332262e-03 5.74140433811184907e-06
 4.23000000000000000e+02 4.23500000000000000e+02 8.59967354800832313e-03 5.93895594941202604e-06
 4.23500000000000000e+02 4.24000000000000000e+02 8.67836613411596125e-03 5.77928981346966292e-06
 4.24000000000000000e+02 4.24500000000000000e+02 8.74648794127978225e-03 5.97035073861598890e-06
 4.24500000000000000e+02 4.25000000000000000e+02 8.83120316422061208e-03 5.88994551561567878e-06
 4.25000000000000000e+02 4.25500000000000000e+02 8.89561567912558297e-03 5.99390412359004753e-06
 4.25500000000000000e+02 4.26000000000000000e+02 8.96870428989586521e-03 5.99786748193605768e-06
 4.26000000000000000e+02 4.26500000000000000e+02 9.05585053868950170e-03 5.98061960093945263e-06
 4.26500000000000000e+02 4.27000000000000000e+02 9.13092815342689788e-03 6.07305859192961332e-06
 4.27000000000000000e+02 4.27500000000000000e+02 9.21179016036636350e-03 6.12702510368729954e-06
 4.27500000000000000e+02 4.28000000000000000e+02 9.29124405563050600e-03 6.22126587866766625e-06
 4.28000000000000000e+02 4.28500000000000000e+02 9.36760967460210751e-03 6.00747573078389461e-06
 4.28500000000000000e+02 4.29000000000000000e+02 9.44255671038702650e-03 6.15987434811860728e-06
 4.29000000000000000e+02 4.29500000000000000e+02 9.53063395136560104e-03 6.25478955081512969e-06
 4.29500000000000000e+02 4.30000000000000000e+02 9.60158856957390311e-03 6.09138975912033336e-06
 4.30000000000000000e+02 4.30500000000000000e+02 9.71232868406980351e-03 6.11548703303810125e-06
 4.30500000000000000e+02 4.31000000000000000e+02 9.77700170499818527e-03 6.33935881181249815e-06
 4.31000000000000000e+02 4.31500000000000000e+02 9.88506145622975937e-03 6.23362666448366267e-06
 4.31500000000000000e+02 4.32000000000000000e+02 9.95564945315820758e-03 6.28165429823311994e-06
 4.32000000000000000e+02 4.32500000000000000e+02 1.00749899104713211e-02 6.31671394215752524e-06
 4.32500000000000000e+02 4.33000000000000000e+02 1.01644405102723472e-02 6.31614058182993824e-06
 4.33000000000000000e+02 4.33500000000000000e+02 1.02532407607470212e-02 6.29626443611756428e-06
 4.33500000000000000e+02 4.34000000000000000e+02 1.03554684270079061e-02 6.40170038622586173e-06
 4.34000000000000000e+02 4.34500000000000000e+02 1.04322029420104833e-02 6.43202603190617076e-06
 4.34500000000000000e+02 4.35000000000000000e+02 1.05400458500247395e-02 6.50835318912708431e-06
 4.35000000000000000e+02 4.35500000000000000e+02 1.06553932572905231e-02 6.53204428318758403e-06
 4.35500000000000000e+02 4.36000000000000000e+02 1.07462133837803748e-02 6.49252701287525379e-06
 4.36000000000000000e+02 4.36500000000000000e+02 1.08570052796802038e-02 6.49441163715417079e-06
 4.36500000000000000e+02 4.37000000000000000e+02 1.09607491594865322e-02 6.50976608562502860e-06
 4.37000000000000000e+02 4.37500000000000000e+02 1.10625477400285426e-02 6.63926296231975516e-06
 4.37500000000000000e+02 4.38000000000000000e+02 1.11760778493771272e-02 6.62338975317665589e-06
 4.38000000000000000e+02 4.38500000000000000e+02 1.13001347487265667e-02 6.77122194929379038e-06
 4.38500000000000000e+02 4.39000000000000000e+02 1.14065233844095441e-02 6.77597784349253292e-06
 4.39000000000000000e+02 4.39500000000000000e+02 1.15184428958833417e-02 6.65156409770532399e-06
 4.39500000000000000e+02 4.40000000000000000e+02 1.16339193087723891e-02 6.87874191967743918e-06
 4.40000000000000000e+02 4.40500000000000000e+02 1.17565911454109578e-02 6.84341238159068383e-06
 4.40500000000000000e+02 4.41000000000000000e+02 1.18931633355975619e-02 6.89481636302470943e-06
 4.41000000000000000e+02 4.41500000000000000e+02 1.20161133970394848e-02 7.05567942528880378e-06
 4.41500000000000000e+02 4.42000000000000000e+02 1.21340028753242502e-02 7.00558904804783997e-06
 4.42000000000000000e+02 4.42500000000000000e+02 1.22695669147128029e-02 6.93557172677090699e-06
 4.42500000000000000e+02 4.43000000000000000e+02 1.23948198871667824e-02 7.06766527084926119e-06
 4.43000000000000000e+02 4.43500000000000000e+02 1.25389726433066083e-02 7.04903455383807479e-06
 4.43500000000000000e+02 4.44000000000000000e+02 1.26780457447211690e-02 7.04526391022109833e-06
 4.44000000000000000e+02 4.44500000000000000e+02 1.28233812504749186e-02 7.08097435980454016e-06
 4.44500000000000000e+02 4.45000000000000000e+02 1.29543882839241956e-02 7.10423301501405366e-06
 4.45000000000000000e+02 4.45500000000000000e+02 1.31161197867661287e-02 7.13205419725260010e-06
 4.45500000000000000e+02 4.46000000000000000e+02 1.32731515996425218e-02 7.20675120957090753e-06
 4.46000000000000000e+02 4.46500000000000000e+02 1.34146128112406417e-02 7.32534138766166008e-06
 4.46500000000000000e+02 4.47000000000000000e+02 1.35695799761957857e-02 7.32012916210613251e-06
 4.47000000000000000e+02 4.47500000000000000e+02 1.37380556466032543e-02 7.43982627156095478e-06
 4.47500000000000000e+02 4.48000000000000000e+02 1.39031715090079666e-02 7.33174128529705634e-06
 4.48000000000000000e+02 4.48500000000000000e+02 1.40710167467708331e-02 7.58492863568969214e-06
 4.48500000000000000e+02 4.49000000000000000e+02 1.42263292255483693e-02 7.38595424918130110e-06
 4.49000000000000000e+02 4.49500000000000000e+02 1.44126496448684065e-02 7.61971781086546533e-06
 4.49500000000000000e+02 4.50000000000000000e+02 1.45871677745455265e-02 7.70109037422814395e-06
 4.50000000000000000e+02 4.50500000000000000e+02 1.47775015659005696e-02 7.50002886133698842e-06
 4.50500000000000000e+02 4.51000000000000000e+02 1.49613165536836672e-02 7.64729937444983134e-06
 4.51000000000000000e+02 4.51500000000000000e+02 1.51465731867514979e-02 7.53863633180604745e-06
 4.51500000000000000e+02 4.52000000000000000e+02 1.53330509404541755e-02 7.89557894065362621e-06
 4.52000000000000000e+02 4.52500000000000000e+02 1.55360492549206069e-02 8.11253505680198344e-06
 4.52500000000000000e+02 4.53000000000000000e+02 1.57143524978526697e-02 8.01261473864660975e-06
 4.53000000000000000e+02 4.53500000000000000e+02 1.59048320047812941e-02 8.66299424905874735e-06
 4.53500000000000000e+02 4.54000000000000000e+02 1.60724858504080852e-02 8.39403233387793005e-06
 4.54000000000000000e+02 4.54500000000000000e+02 1.61579085000126792e-02 8.44143101303255903e-06
 4.54500000000000000e+02 4.55000000000000000e+02 1.62196599776458193e-02 8.49572801738008837e-06
 4.55000000000000000e+02 4.55500000000000000e+02 1.62469684682092323e-02 8.67272665100527977e-06
 4.55500000000000000e+02 4.56000000000000000e+02 1.62607482062370780e-02 8.83924684772227199e-06
 4.56000000000000000e+02 4.56500000000000000e+02 1.62422153253083297e-02 8.52738220044595575e-06
 4.56500000000000000e+02 4.57000000000000000e+02 1.62221879435472845e-02 8.48469070960522571e-06
 4.57000000000000000e+02 4.57500000000000000e+02 1.61741819292752775e-02 8.61925457860520756e-06
 4.57500000000000000e+02 4.58000000000000000e+02 1.61264408928665885e-02 8.61821357841566770e-06
 4.58000000000000000e+02 4.58500000000000000e+02 1.60607547420406269e-02 8.74227958771107134e-06
 4.58500000000000000e+02 4.59000000000000000e+02 1.60011562338109904e-02 8.85389002070410869e-06
 4.59000000000000000e+02 4.59500000000000000e+02 1.59209811797228346e-02 8.66256782224629879e-06
 4.59500000000000000e+02 4.60000000000000000e+02 1.58280062909950323e-02 8.85095875424581461e-06
 4.60000000000000000e+02 4.60500000000000000e+02 1.57196336735133564e-02 8.54332915906278336e-06
 4.60500000000000000e+02 4.61000000000000000e+02 1.55892582596024211e-02 8.48154716490965961e-06
 4.61000000000000000e+02 4.61500000000000000e+02 1.54686298665534325e-02 8.96857795592690790e-06
 4.61500000000000000e+02 4.62000000000000000e+02 1.53160542517522171e-02 8.86998732545311547e-06
 4.62000000000000000e+02 4.62500000000000000e+02 1.51702485183071827e-02 8.78564843607268575e-06
 4.62500000000000000e+02 4.63000000000000000e+02 1.50082243217485121e-02 9.03102161697070238e-06
 4.63000000000000000e+02 4.63500000000000000e+02 1.47998535785427345e-02 8.52448909084982762e-06
 4.63500000000000000e+02 4.64000000000000000e+02 1.46157692519962353e-02 8.62525079457263604e-06
 4.64000000000000000e+02 4.64500000000000000e+02 1.43956788434490453e-02 8.49064457163234617e-06
 4.64500000000000000e+02 4.65000000000000000e+02 1.41669314911295370e-02 8.51578573088729959e-06
 4.65000000000000000e+02 4.65500000000000000e+02 1.39345836109512136e-02 8.33972238980537816e-06
 4.65500000000000000e+02 4.66000000000000000e+02 1.36566543750332413e-02 8.64780769897718485e-06
 4.66000000000000000e+02 4.66500000000000000e+02 1.33890375156514932e-02 8.51340439342962087e-06
 4.66500000000000000e+02 4.67000000000000000e+02 1.31054068553640244e-02 8.74706989748565485e-06
 4.67000000000000000e+02 4.67500000000000000e+02 1.27983943013339624e-02 8.64956364837083569e-06
 4.67500000000000000e+02 4.68000000000000000e+02 1.24644241646085212e-02 7.97208793919889250e-06
 4.68000000000000000e+02 4.68500000000000000e+02 1.21441723273849490e-02 7.84534546864651680e-06
 4.68500000000000000e+02 4.69000000000000000e+02 1.18088376020998049e-02 8.17146962633544640e-06
 4.69000000000000000e+02 4.69500000000000000e+02 1.14607572059402668e-02 8.22957305716608531e-06
 4.69500000000000000e+02 4.70000000000000000e+02 1.11222605804851930e-02 8.06686973504239889e-06
 4.70000000000000000e+02 4.70500000000000000e+02 1.07360492595630352e-02 7.59755383577987281e-06
 4.70500000000000000e+02 4.71000000000000000e+02 1.03693269873259570e-02 7.55045635616976789e-06
 4.71000000000000000e+02 4.71500000000000000e+02 1.00043460490923178e-02 7.80446946501384568e-06
 4.71500000000000000e+02 4.72000000000000000e+02 9.60462822193187786e-03 7.34587495778655050e-06
 4.72000000000000000e+02 4.72500000000000000e+02 9.21129349932234449e-03 7.27030694838858302e-06
 4.72500000000000000e+02 4.73000000000000000e+02 8.80622303327477721e-03 8.26892334261755214e-06
 4.73000000000000000e+02 4.73500000000000000e+02 8.36644175393094422e-03 6.88462738357826688e-06
 4.73500000000000000e+02 4.74000000000000000e+02 7.93013014319744573e-03 7.14777982940403808e-06
 4.74000000000000000e+02 4.74500000000000000e+02 7.49549935380562464e-03 6.85194983624871548e-06
 4.74500000000000000e+02 4.75000000000000000e+02 7.03299864525981384e-03 6.52856880111694503e-06
 4.75000000000000000e+02 4.75500000000000000e+02 6.56240239562264245e-03 6.44038978466129767e-06
 4.75500000000000000e+02 4.76000000000000000e+02 6.06034525791157054e-03 6.05283700005353529e-06
 4.76000000000000000e+02 4.76500000000000000e+02 5.57202480140075226e-03 5.78538234389340940e-06
 4.76500000000000000e+02 4.77000000000000000e+02 5.06980810930975166e-03 5.75258496670440836e-06
 4.77000000000000000e+02 4.77500000000000000e+02 4.53839877227515606e-03 5.85854027006735148e-06
 4.77500000000000000e+02 4.78000000000000000e+02 3.99602768490554643e-03 5.48358738276577588e-06
 4.78000000000000000e+02 4.78500000000000000e+02 3.46821709031448679e-03 5.06195885412037187e-06
 4.78500000000000000e+02 4.79000000000000000e+02 2.91692479082133506e-03 5.47418561706478855e-06
 4.79000000000000000e+02 4.79500000000000000e+02 2.35186794584557211e-03 5.46608516360746887e-06
 4.79500000000000000e+02 4.80000000000000000e+02 1.78479014019859998e-03 4.45893762247597840e-06
 4.80000000000000000e+02 4.80500000000000000e+02 1.22432408167561261e-03 3.97865408617482613e-06
 4.80500000000000000e+02 4.81000000000000000e+02 7.11635567059869722e-04 4.08254594047466422e-06
 4.81000000000000000e+02 4.81500000000000000e+02 3.62653374876112248e-04 2.80848211908295155e-06
 4.81500000000000000e+02 4.82000000000000000e+02 2.32423368249435848e-04 2.28872039355571584e-06
 4.82000000000000000e+02 4.82500000000000000e+02 1.50639292288796674e-04 2.08657895784378274e-06
 4.82500000000000000e+02 4.83000000000000000e+02 9.03254152232127873e-05 1.18040335679939227e-06
 4.83000000000000000e+02 4.83500000000000000e+02 4.70841142311674652e-05 1.00146635829162222e-06
 4.83500000000000000e+02 4.84000000000000000e+02 2.26847376078616625e-05 7.28130007165021468e-07
 4.84000000000000000e+02 4.84500000000000000e+02 7.68362559858732874e-06 4.24026500082656468e-07
 4.84500000000000000e+02 4.85000000000000000e+02 1.43518908916775250e-06 2.09333572972448268e-07
 4.85000000000000000e+02 4.85500000000000000e+02 1.04441269749476273e-08 7.56931123750728702e-09
 4.85500000000000000e+02 4.86000000000000000e+02 0.00000000000000000e+00 0.00000000000000000e+00
 4.86000000000000000e+02 4.86500000000000000e+02 0.00000000000000000e+00 0.00000000000000000e+00
 4.86500000000000000e+02 4.87000000000000000e+02 0.00000000000000000e+00 0.00000000000000000e+00
 4.87000000000000000e+02 4.87500000000000000e+02 0.00000000000000000e+00 0.00000000000000000e+00
 4.87500000000000000e+02 4.88000000000000000e+02 0.00000000000000000e+00 0.00000000000000000e+00
 4.88000000000000000e+02 4.88500000000000000e+02 0.00000000000000000e+00 0.00000000000000000e+00
 4.88500000000000000e+02 4.89000000000000000e+02 0.00000000000000000e+00 0.00000000000000000e+00
 4.89000000000000000e+02 4.89500000000000000e+02 0.00000000000000000e+00 0.00000000000000000e+00
 4.89500000000000000e+02 4.90000000000000000e+02 0.00000000000000000e+00 0.00000000000000000e+00
 4.90000000000000000e+02 4.90500000000000000e+02 0.00000000000000000e+00 0.00000000000000000e+00
 4.90500000000000000e+02 4.91000000000000000e+02 0.00000000000000000e+00 0.00000000000000000e+00
 4.91000000000000000e+02 4.91500000000000000e+02 0.00000000000000000e+00 0.00000000000000000e+00
 4.91500000000000000e+02 4.92000000000000000e+02 0.00000000000000000e+00 0.00000000000000000e+00
 4.92000000000000000e+02 4.92500000000000000e+02 0.00000000000000000e+00 0.00000000000000000e+00
 4.92500000000000000e+02 4.93000000000000000e+02 0.00000000000000000e+00 0.00000000000000000e+00
 4.93000000000000000e+02 4.93500000000000000e+02 0.00000000000000000e+00 0.00000000000000000e+00
 4.93500000000000000e+02 4.94000000000000000e+02 0.00000000000000000e+00 0.00000000000000000e+00
 4.94000000000000000e+02 4.94500000000000000e+02 0.00000000000000000e+00 0.00000000000000000e+00
 4.94500000000000000e+02 4.95000000000000000e+02 0.00000000000000000e+00 0.00000000000000000e+00
 4.95000000000000000e+02 4.95500000000000000e+02 0.00000000000000000e+00 0.00000000000000000e+00
 4.95500000000000000e+02 4.96000000000000000e+02 0.00000000000000000e+00 0.00000000000000000e+00
 4.96000000000000000e+02 4.96500000000000000e+02 0.00000000000000000e+00 0.00000000000000000e+00
 4.96500000000000000e+02 4.97000000000000000e+02 0.00000000000000000e+00 0.00000000000000000e+00
 4.97000000000000000e+02 4.97500000000000000e+02 0.00000000000000000e+00 0.00000000000000000e+00
 4.97500000000000000e+02 4.98000000000000000e+02 0.00000000000000000e+00 0.00000000000000000e+00
 4.98000000000000000e+02 4.98500000000000000e+02 0.00000000000000000e+00 0.00000000000000000e+00
 4.98500000000000000e+02 4.99000000000000000e+02 0.00000000000000000e+00 0.00000000000000000e+00
 4.99000000000000000e+02 4.99500000000000000e+02 0.00000000000000000e+00 0.00000000000000000e+00
 4.99500000000000000e+02 5.00000000000000000e+02 0.00000000000000000e+00 0.00000000000000000e+00
 5.00000000000000000e+02 5.00500000000000000e+02 0.00000000000000000e+00 0.00000000000000000e+00
 5.00500000000000000e+02 5.01000000000000000e+02 0.00000000000000000e+00 0.00000000000000000e+00
 5.01000000000000000e+02 5.01500000000000000e+02 0.00000000000000000e+00 0.00000000000000000e+00
 5.01500000000000000e+02 5.02000000000000000e+02 0.00000000000000000e+00 0.00000000000000000e+00
 5.02000000000000000e+02 5.02500000000000000e+02 0.00000000000000000e+00 0.00000000000000000e+00
 5.02500000000000000e+02 5.03000000000000000e+02 0.00000000000000000e+00 0.00000000000000000e+00
 5.03000000000000000e+02 5.03500000000000000e+02 0.00000000000000000e+00 0.00000000000000000e+00
 5.03500000000000000e+02 5.04000000000000000e+02 0.00000000000000000e+00 0.00000000000000000e+00
 5.04000000000000000e+02 5.04500000000000000e+02 0.00000000000000000e+00 0.00000000000000000e+00
 5.04500000000000000e+02 5.05000000000000000e+02 0.00000000000000000e+00 0.00000000000000000e+00
 5.05000000000000000e+02 5.05500000000000000e+02 0.00000000000000000e+00 0.00000000000000000e+00
 5.05500000000000000e+02 5.06000000000000000e+02 0.00000000000000000e+00 0.00000000000000000e+00
 5.06000000000000000e+02 5.06500000000000000e+02 0.00000000000000000e+00 0.00000000000000000e+00
 5.06500000000000000e+02 5.07000000000000000e+02 0.00000000000000000e+00 0.00000000000000000e+00
 5.07000000000000000e+02 5.07500000000000000e+02 0.00000000000000000e+00 0.00000000000000000e+00
 5.07500000000000000e+02 5.08000000000000000e+02 0.00000000000000000e+00 0.00000000000000000e+00
 5.08000000000000000e+02 5.08500000000000000e+02 0.00000000000000000e+00 0.00000000000000000e+00
 5.08500000000000000e+02 5.09000000000000000e+02 0.00000000000000000e+00 0.00000000000000000e+00
 5.09000000000000000e+02 5.09500000000000000e+02 0.00000000000000000e+00 0.00000000000000000e+00
 5.09500000000000000e+02 5.10000000000000000e+02 0.00000000000000000e+00 0.00000000000000000e+00
 5.10000000000000000e+02 5.10500000000000000e+02 0.00000000000000000e+00 0.00000000000000000e+00
 5.10500000000000000e+02 5.11000000000000000e+02 0.00000000000000000e+00 0.00000000000000000e+00
 5.11000000000000000e+02 5.11500000000000000e+02 0.00000000000000000e+00 0.00000000000000000e+00
 5.11500000000000000e+02 5.12000000000000000e+02 0.00000000000000000e+00 0.00000000000000000e+00
 5.12000000000000000e+02 5.12500000000000000e+02 0.00000000000000000e+00 0.00000000000000000e+00
 5.12500000000000000e+02 5.13000000000000000e+02 0.00000000000000000e+00 0.00000000000000000e+00
 5.13000000000000000e+02 5.13500000000000000e+02 0.00000000000000000e+00 0.00000000000000000e+00
 5.13500000000000000e+02 5.14000000000000000e+02 0.00000000000000000e+00 0.00000000000000000e+00
 5.14000000000000000e+02 5.14500000000000000e+02 0.00000000000000000e+00 0.00000000000000000e+00
 5.14500000000000000e+02 5.15000000000000000e+02 0.00000000000000000e+00 0.00000000000000000e+00

Histogram:sp-
 2.15000000000000000e+02 2.15500000000000000e+02 7.23459779736459175e-10 5.14620571546349928e-10
 2.15500000000000000e+02 2.16000000000000000e+02 3.21195463860710710e-09 3.21195463860710627e-09
 2.16000000000000000e+02 2.16500000000000000e+02 0.00000000000000000e+00 0.00000000000000000e+00
 2.16500000000000000e+02 2.17000000000000000e+02 1.73944687135271094e-09 1.26453486842097710e-09
 2.17000000000000000e+02 2.17500000000000000e+02 1.56652257590768117e-08 8.31092847568035677e-09
 2.17500000000000000e+02 2.18000000000000000e+02 2.78024220445357237e-08 2.10564676845511566e-08
 2.18000000000000000e+02 2.18500000000000000e+02 2.04903775640287356e-08 8.38902701659947197e-09
 2.18500000000000000e+02 2.19000000000000000e+02 7.10194188408404182e-09 4.13603483330747387e-09
 2.19000000000000000e+02 2.19500000000000000e+02 3.86752339085233888e-08 1.42882421509131765e-08
 2.19500000000000000e+02 2.20000000000000000e+02 4.05193098318465362e-08 1.29199250318620940e-08
 2.20000000000000000e+02 2.20500000000000000e+02 4.59653860874685188e-08 1.30616939306431008e-08
 2.20500000000000000e+02 2.21000000000000000e+02 4.62317450587542962e-08 1.58292823425699218e-08
 2.21000000000000000e+02 2.21500000000000000e+02 5.62625991401575560e-08 1.63029726635922310e-08
 2.21500000000000000e+02 2.22000000000000000e+02 5.24620530650670896e-08 1.35981829470607576e-08
 2.22000000000000000e+02 2.22500000000000000e+02 8.74428140934274540e-08 1.80676380041085900e-08
 2.22500000000000000e+02 2.23000000000000000e+02 1.17843483654597302e-07 2.76738313675377793e-08
 2.23000000000000000e+02 2.23500000000000000e+02 1.17227330811574918e-07 2.31310257734405726e-08
 2.23500000000000000e+02 2.24000000000000000e+02 1.07976617266128820e-07 1.81735557521540256e-08
 2.24000000000000000e+02 2.24500000000000000e+02 1.81698225499456616e-07 2.68714092662045494e-08
 2.24500000000000000e+02 2.25000000000000000e+02 1.59525796784694019e-07 2.17435293686829899e-08
 2.25000000000000000e+02 2.25500000000000000e+02 2.26257419648819558e-07 3.84434132608363827e-08
 2.25500000000000000e+02 2.26000000000000000e+02 1.93248288679222350e-07 2.83891478012597475e-08
 2.26000000000000000e+02 2.26500000000000000e+02 2.86273835000299291e-07 4.75882150667379457e-08
 2.26500000000000000e+02 2.27000000000000000e+02 2.91929780349751382e-07 3.11476820970176780e-08
 2.27000000000000000e+02 2.27500000000000000e+02 3.29929076125389120e-07 3.13864389631570363e-08
 2.27500000000000000e+02 2.28000000000000000e+02 3.91869490073874962e-07 4.51382213887687448e-08
 2.28000000000000000e+02 2.28500000000000000e+02 4.54032358718570052e-07 4.88589433903198422e-08
 2.28500000000000000e+02 2.29000000000000000e+02 4.37315744845328950e-07 4.15083887147715664e-08
 2.29000000000000000e+02 2.29500000000000000e+02 4.81601724589821101e-07 4.71843617732917347e-08
 2.29500000000000000e+02 2.30000000000000000e+02 5.11380468576122873e-07 4.18197592620243210e-08
 2.30000000000000000e+02 2.30500000000000000e+02 5.98260150182641294e-07 4.82566410592749170e-08
 2.30500000000000000e+02 2.31000000000000000e+02 8.01820078546365772e-07 1.13310849948935891e-07
 2.31000000000000000e+02 2.31500000000000000e+02 8.89813771462973935e-07 6.70551575243825741e-08
 2.31500000000000000e+02 2.32000000000000000e+02 1.09623274814663282e-06 1.69785979063780349e-07
 2.32000000000000000e+02 2.32500000000000000e+02 1.01726231775722223e-06 9.18590954079982901e-08
 2.32500000000000000e+02 2.33000000000000000e+02 1.17420691277122625e-06 1.72478084709790692e-07
 2.33000000000000000e+02 2.33500000000000000e+02 1.40291941182304132e-06 1.02848258888110914e-07
 2.33500000000000000e+02 2.34000000000000000e+02 1.65682339129041562e-06 1.92841505892241192e-07
 2.34000000000000000e+02 2.34500000000000000e+02 1.70981334233697282e-06 1.21154842360838138e-07
 2.34500000000000000e+02 2.35000000000000000e+02 1.76180625048766760e-06 1.29486475084262707e-07
 2.35000000000000000e+02 2.35500000000000000e+02 1.93484910865770958e-06 1.53431590259090665e-07
 2.35500000000000000e+02 2.36000000000000000e+02 2.22672572009082768e-06 1.48744614835960455e-07
 2.36000000000000000e+02 2.36500000000000000e+02 2.68060972705537227e-06 2.12141169132306385e-07
 2.36500000000000000e+02 2.37000000000000000e+02 2.92684213453669514e-06 2.00038036294548805e-07
 2.37000000000000000e+02 2.37500000000000000e+02 2.93562912039759056e-06 2.20536713918221887e-07
 2.37500000000000000e+02 2.38000000000000000e+02 3.31604931682575702e-06 1.87301615227727850e-07
 2.38000000000000000e+02 2.38500000000000000e+02 3.78448401946335464e-06 2.20646246786310685e-07
 2.38500000000000000e+02 2.39000000000000000e+02 4.63390521234374256e-06 3.29102870296393594e-07
 2.39000000000000000e+02 2.39500000000000000e+02 4.37766015910984369e-06 3.48800804094707923e-07
 2.39500000000000000e+02 2.40000000000000000e+02 5.24779532636592348e-06 3.29224801600129862e-07
 2.40000000000000000e+02 2.40500000000000000e+02 5.87473976928020824e-06 7.41138086244918170e-07
 2.40500000000000000e+02 2.41000000000000000e+02 5.60433094220766672e-06 2.88828892297833490e-07
 2.41000000000000000e+02 2.41500000000000000e+02 6.31939166967604258e-06 3.24973673548943114e-07
 2.41500000000000000e+02 2.42000000000000000e+02 6.85081701749543118e-06 3.59648869197053422e-07
 2.42000000000000000e+02 2.42500000000000000e+02 8.08129543044648183e-06 3.72940487498459907e-07
 2.42500000000000000e+02 2.43000000000000000e+02 7.54652440067853869e-06 3.00449913792242008e-07
 2.43000000000000000e+02 2.43500000000000000e+02 9.40392232460420973e-06 4.27676785090817986e-07
 2.43500000000000000e+02 2.44000000000000000e+02 8.80301984004234594e-06 2.91174758217276902e-07
 2.44000000000000000e+02 2.44500000000000000e+02 1.06140799125320296e-05 4.21647515979540140e-07
 2.44500000000000000e+02 2.45000000000000000e+02 1.03367557522980288e-05 4.35966893545929686e-07
 2.45000000000000000e+02 2.45500000000000000e+02 1.12214222672781777e-05 3.77821599390897772e-07
 2.45500000000000000e+02 2.46000000000000000e+02 1.21854266808443915e-05 3.95453906910525735e-07
 2.46000000000000000e+02 2.46500000000000000e+02 1.42367828194753399e-05 7.20017170190357118e-07
 2.46500000000000000e+02 2.47000000000000000e+02 1.36749205876277636e-05 4.13595254778791778e-07
 2.47000000000000000e+02 2.47500000000000000e+02 1.54534845338874212e-05 4.26078076362926271e-07
 2.47500000000000000e+02 2.48000000000000000e+02 1.61717758062714228e-05 5.92607716551115936e-07
 2.48000000000000000e+02 2.48500000000000000e+02 1.74629341187565550e-05 6.60622624838535604e-07
 2.48500000000000000e+02 2.49000000000000000e+02 2.00754118788164027e-05 1.08261587824824293e-06
 2.49000000000000000e+02 2.49500000000000000e+02 1.87873113688890172e-05 4.15282812311343881e-07
 2.49500000000000000e+02 2.50000000000000000e+02 1.93715438969245364e-05 4.53074902305152686e-07
 2.50000000000000000e+02 2.50500000000000000e+02 2.10081389253960346e-05 4.70134918496022482e-07
 2.50500000000000000e+02 2.51000000000000000e+02 2.40591680366457462e-05 6.13985899839456192e-07
 2.51000000000000000e+02 2.51500000000000000e+02 2.41072797053326239e-05 5.82289066491195950e-07
 2.51500000000000000e+02 2.52000000000000000e+02 2.49285420268038885e-05 5.74555528447729448e-07
 2.52000000000000000e+02 2.52500000000000000e+02 2.70390860555283003e-05 8.06082408192709130e-07
 2.52500000000000000e+02 2.53000000000000000e+02 2.83102822989962198e-05 8.08320456796704725e-07
 2.53000000000000000e+02 2.53500000000000000e+02 3.02067972709533363e-05 8.00361731354782272e-07
 2.53500000000000000e+02 2.54000000000000000e+02 3.11128229043759307e-05 5.60385797809752490e-07
 2.54000000000000000e+02 2.54500000000000000e+02 3.38459660627742702e-05 6.72413063267044465e-07
 2.54500000000000000e+02 2.55000000000000000e+02 3.39024700183766786e-05 6.18315696230374272e-07
 2.55000000000000000e+02 2.55500000000000000e+02 3.54755818036005445e-05 6.46624460756639055e-07
 2.55500000000000000e+02 2.56000000000000000e+02 3.75083741336069152e-05 6.16453144973955449e-07
 2.56000000000000000e+02 2.56500000000000000e+02 3.91740825477437544e-05 7.05056613771575954e-07
 2.56500000000000000e+02 2.57000000000000000e+02 4.01030748555381418e-05 6.87455139666876648e-07
 2.57000000000000000e+02 2.57500000000000000e+02 4.27965289627955570e-05 6.96111174410797719e-07
 2.57500000000000000e+02 2.58000000000000000e+02 4.48763372179819610e-05 7.14736415656696463e-07
 2.58000000000000000e+02 2.58500000000000000e+02 4.75255359458741570e-05 6.82654696511322479e-07
 2.58500000000000000e+02 2.59000000000000000e+02 4.90124561844264064e-05 7.59672347893186994e-07
 2.59000000000000000e+02 2.59500000000000000e+02 5.09481741704696328e-05 8.26452703282991805e-07
 2.59500000000000000e+02 2.60000000000000000e+02 5.34541639771392944e-05 7.44351542255353752e-07
 2.60000000000000000e+02 2.60500000000000000e+02 5.40091088803005724e-05 7.08372370958042336e-07
 2.60500000000000000e+02 2.61000000000000000e+02 5.93107740134496739e-05 8.42808138566153523e-07
 2.61000000000000000e+02 2.61500000000000000e+02 6.01846200800818841e-05 7.72119960792863041e-07
 2.61500000000000000e+02 2.62000000000000000e+02 6.13499272564278618e-05 7.25353770489406833e-07
 2.62000000000000000e+02 2.62500000000000000e+02 6.56304065762314563e-05 8.02032076698309528e-07
 2.62500000000000000e+02 2.63000000000000000e+02 6.75024115394495778e-05 9.06214617461080988e-07
 2.63000000000000000e+02 2.63500000000000000e+02 7.16163434652537968e-05 1.04043639254071545e-06
 2.63500000000000000e+02 2.64000000000000000e+02 7.04336011641936289e-05 8.77774654681915467e-07
 2.64000000000000000e+02 2.64500000000000000e+02 7.59003757967625524e-05 1.15600289128945554e-06
 2.64500000000000000e+02 2.65000000000000000e+02 7.91010903742131048e-05 1.00349736303116581e-06
 2.65000000000000000e+02 2.65500000000000000e+02 8.00861527590304874e-05 8.68683397889957673e-07
 2.65500000000000000e+02 2.66000000000000000e+02 8.37179071482680007e-05 9.00532699042376662e-07
 2.66000000000000000e+02 2.66500000000000000e+02 8.66702905298176061e-05 9.02838094390311906e-07
 2.66500000000000000e+02 2.67000000000000000e+02 9.01863915485941458e-05 9.80208167395449860e-07
 2.67000000000000000e+02 2.67500000000000000e+02 9.39846575174614710e-05 9.79852634819185100e-07
 2.67500000000000000e+02 2.68000000000000000e+02 9.63048666481920311e-05 9.12577991870862156e-07
 2.68000000000000000e+02 2.68500000000000000e+02 9.92695965884999703e-05 9.80094960693494332e-07
 2.68500000000000000e+02 2.69000000000000000e+02 1.03551254816624383e-04 9.43401443512334321e-07
 2.69000000000000000e+02 2.69500000000000000e+02 1.08563154019357974e-04 1.20821363561285581e-06
 2.69500000000000000e+02 2.70000000000000000e+02 1.09846129292707608e-04 1.05794742924877237e-06
 2.70000000000000000e+02 2.70500000000000000e+02 1.13519114357160238e-04 1.16054835521242900e-06
 2.70500000000000000e+02 2.71000000000000000e+02 1.19592274118291762e-04 1.12848611519706328e-06
 2.71000000000000000e+02 2.71500000000000000e+02 1.22491414589156751e-04 1.08979429424506419e-06
 2.71500000000000000e+02 2.72000000000000000e+02 1.25144809149581153e-04 1.04436241181445079e-06
 2.72000000000000000e+02 2.72500000000000000e+02 1.30987833920833969e-04 1.23123247520867347e-06
 2.72500000000000000e+02 2.73000000000000000e+02 1.33734327543811725e-04 1.15426218531439539e-06
 2.73000000000000000e+02 2.73500000000000000e+02 1.40041580228593697e-04 1.25876405732884877e-06
 2.73500000000000000e+02 2.74000000000000000e+02 1.45624173069360886e-04 1.26465582905330347e-06
 2.74000000000000000e+02 2.74500000000000000e+02 1.51342632474143780e-04 1.34640144472590860e-06
 2.74500000000000000e+02 2.75000000000000000e+02 1.54488409756014210e-04 1.34443635434347943e-06
 2.75000000000000000e+02 2.75500000000000000e+02 1.57867178759740285e-04 1.22061676417195727e-06
 2.75500000000000000e+02 2.76000000000000000e+02 1.66879111983338115e-04 1.38337668979213187e-06
 2.76000000000000000e+02 2.76500000000000000e+02 1.73206307126039114e-04 2.08850841409770633e-06
 2.76500000000000000e+02 2.77000000000000000e+02 1.74807426457477860e-04 1.36551127059634963e-06
 2.77000000000000000e+02 2.77500000000000000e+02 1.81584703812652488e-04 1.41513519376670086e-06
 2.77500000000000000e+02 2.78000000000000000e+02 1.90138185843962115e-04 1.72961512105808426e-06
 2.78000000000000000e+02 2.78500000000000000e+02 1.95617576908499008e-04 1.47933464334745033e-06
 2.78500000000000000e+02 2.79000000000000000e+02 2.00562017496506382e-04 1.49010308924758902e-06
 2.79000000000000000e+02 2.79500000000000000e+02 2.07758413171939315e-04 1.55604159059192367e-06
 2.79500000000000000e+02 2.80000000000000000e+02 2.19012349163999888e-04 1.96738741335105956e-06
 2.80000000000000000e+02 2.80500000000000000e+02 2.26355085583702150e-04 1.65075799128194880e-06
 2.80500000000000000e+02 2.81000000000000000e+02 2.33577624001730770e-04 1.61166767355559168e-06
 2.81000000000000000e+02 2.81500000000000000e+02 2.46435610677952306e-04 1.93449161527762949e-06
 2.81500000000000000e+02 2.82000000000000000e+02 2.52396304823465732e-04 1.79921023819158037e-06
 2.82000000000000000e+02 2.82500000000000000e+02 2.64056260243136917e-04 1.83941718213056164e-06
 2.82500000000000000e+02 2.83000000000000000e+02 2.74558637664355776e-04 1.95191976415125808e-06
 2.83000000000000000e+02 2.83500000000000000e+02 2.89491585198437082e-04 2.06018613883690296e-06
 2.83500000000000000e+02 2.84000000000000000e+02 3.04518089208097331e-04 2.05600877793247894e-06
 2.84000000000000000e+02 2.84500000000000000e+02 3.20012653821413349e-04 2.20564474960798174e-06
 2.84500000000000000e+02 2.85000000000000000e+02 3.38355492486063143e-04 2.33264167537311547e-06
 2.85000000000000000e+02 2.85500000000000000e+02 3.75971135474875684e-04 2.73276039471214763e-06
 2.85500000000000000e+02 2.86000000000000000e+02 4.03453816690607355e-04 3.10026970021225331e-06
 2.86000000000000000e+02 2.86500000000000000e+02 4.38870542208829922e-04 2.95372021526743450e-06
 2.86500000000000000e+02 2.87000000000000000e+02 4.68087125444107853e-04 3.02419680268127096e-06
 2.87000000000000000e+02 2.87500000000000000e+02 4.95855876229868626e-04 3.23411639174658494e-06
 2.87500000000000000e+02 2.88000000000000000e+02 5.34925993771318497e-04 3.26537876950466865e-06
 2.88000000000000000e+02 2.88500000000000000e+02 5.59761998910354372e-04 3.34103349903419762e-06
 2.88500000000000000e+02 2.89000000000000000e+02 5.86638997679114781e-04 3.32313706831398219e-06
 2.89000000000000000e+02 2.89500000000000000e+02 6.22832583061991621e-04 3.40485200284905265e-06
 2.89500000000000000e+02 2.90000000000000000e+02 6.43890757208832355e-04 3.47470077639834330e-06
 2.90000000000000000e+02 2.90500000000000000e+02 6.74936436884635027e-04 3.30912946146357122e-06
 2.90500000000000000e+02 2.91000000000000000e+02 7.00648518783615463e-04 3.63353234216514033e-06
 2.91000000000000000e+02 2.91500000000000000e+02 7.23600158149539062e-04 3.50026650732239929e-06
 2.91500000000000000e+02 2.92000000000000000e+02 7.50647997548844863e-04 3.38523161918756468e-06
 2.92000000000000000e+02 2.92500000000000000e+02 7.71567768277113173e-04 3.49296092885281944e-06
 2.92500000000000000e+02 2.93000000000000000e+02 8.01081982308447728e-04 3.35262294243295866e-06
 2.93000000000000000e+02 2.93500000000000000e+02 8.23486446264001457e-04 3.42585330437280981e-06
 2.93500000000000000e+02 2.94000000000000000e+02 8.54463796213700407e-04 3.43143732467775951e-06
 2.94000000000000000e+02 2.94500000000000000e+02 8.72101809417533667e-04 3.34504732448486653e-06
 2.94500000000000000e+02 2.95000000000000000e+02 8.97318900029451497e-04 3.51806775565683621e-06
 2.95000000000000000e+02 2.95500000000000000e+02 9.26448176046802967e-04 3.68016196495609693e-06
 2.95500000000000000e+02 2.96000000000000000e+02 9.38566246047616471e-04 3.42134215576438190e-06
 2.96000000000000000e+02 2.96500000000000000e+02 9.74158253072127524e-04 3.47607667693416272e-06
 2.96500000000000000e+02 2.97000000000000000e+02 9.91076660419405817e-04 3.58960599633431464e-06
 2.97000000000000000e+02 2.97500000000000000e+02 1.01620967694992007e-03 3.38471345009590091e-06
 2.97500000000000000e+02 2.98000000000000000e+02 1.04228839508544303e-03 3.54468080551534698e-06
 2.98000000000000000e+02 2.98500000000000000e+02 1.06324123497765336e-03 3.41119293497829260e-06
 2.98500000000000000e+02 2.99000000000000000e+02 1.09239644705225875e-03 3.47099392009742897e-06
 2.99000000000000000e+02 2.99500000000000000e+02 1.11536677830513715e-03 3.52272317021776809e-06
 2.99500000000000000e+02 3.00000000000000000e+02 1.13903639827764758e-03 3.49432426911984541e-06
 3.00000000000000000e+02 3.00500000000000000e+02 1.16388986255227091e-03 3.62095720751255025e-06
 3.00500000000000000e+02 3.01000000000000000e+02 1.18278183163651610e-03 3.60673431539514149e-06
 3.01000000000000000e+02 3.01500000000000000e+02 1.20146815781739785e-03 3.48501575257110186e-06
 3.01500000000000000e+02 3.02000000000000000e+02 1.22744026120610709e-03 3.53476036046833194e-06
 3.02000000000000000e+02 3.02500000000000000e+02 1.24903714696392100e-03 3.61272316790100210e-06
 3.02500000000000000e+02 3.03000000000000000e+02 1.27348771285400067e-03 3.51183487820366535e-06
 3.03000000000000000e+02 3.03500000000000000e+02 1.29583491891972617e-03 3.56970707037177369e-06
 3.03500000000000000e+02 3.04000000000000000e+02 1.31785526562864033e-03 3.54822107255262882e-06
 3.04000000000000000e+02 3.04500000000000000e+02 1.34220790285574198e-03 3.56778657001899445e-06
 3.04500000000000000e+02 3.05000000000000000e+02 1.36445884640139432e-03 3.51104615043428549e-06
 3.05000000000000000e+02 3.05500000000000000e+02 1.38827069443736096e-03 3.58723780628626946e-06
 3.05500000000000000e+02 3.06000000000000000e+02 1.40708027983911369e-03 3.50417921030240857e-06
 3.06000000000000000e+02 3.06500000000000000e+02 1.43136157504449415e-03 3.63013987086071526e-06
 3.06500000000000000e+02 3.07000000000000000e+02 1.45364546398002513e-03 3.71687568841893767e-06
 3.07000000000000000e+02 3.07500000000000000e+02 1.47427970647738744e-03 3.53421529972809141e-06
 3.07500000000000000e+02 3.08000000000000000e+02 1.49723017910261750e-03 3.68006252814943413e-06
 3.08000000000000000e+02 3.08500000000000000e+02 1.51661773238056033e-03 3.69116456349516170e-06
 3.08500000000000000e+02 3.09000000000000000e+02 1.54588935087543195e-03 3.69717564513751072e-06
 3.09000000000000000e+02 3.09500000000000000e+02 1.57056385826482127e-03 3.88397874189150838e-06
 3.09500000000000000e+02 3.10000000000000000e+02 1.58616859090426800e-03 3.70736835397459922e-06
 3.10000000000000000e+02 3.10500000000000000e+02 1.60884755560511579e-03 3.69745462847000918e-06
 3.10500000000000000e+02 3.11000000000000000e+02 1.63126300491163879e-03 3.75999622638466060e-06
 3.11000000000000000e+02 3.11500000000000000e+02 1.65525284536673870e-03 3.70470882411143111e-06
 3.11500000000000000e+02 3.12000000000000000e+02 1.68052804201114275e-03 3.76271225155517172e-06
 3.12000000000000000e+02 3.12500000000000000e+02 1.70354170626340414e-03 3.76690284604459061e-06
 3.12500000000000000e+02 3.13000000000000000e+02 1.72656851951647232e-03 3.65861821031546492e-06
 3.13000000000000000e+02 3.13500000000000000e+02 1.74876996105096934e-03 3.64525521655920885e-06
 3.13500000000000000e+02 3.14000000000000000e+02 1.76537024290589206e-03 3.73997488868481824e-06
 3.14000000000000000e+02 3.14500000000000000e+02 1.79627271167154506e-03 3.74140968252369003e-06
 3.14500000000000000e+02 3.15000000000000000e+02 1.80860689291853071e-03 3.77650958597635043e-06
 3.15000000000000000e+02 3.15500000000000000e+02 1.83503498539080577e-03 3.77161051024516970e-06
 3.15500000000000000e+02 3.16000000000000000e+02 1.85486526240648763e-03 3.81342573007305378e-06
 3.16000000000000000e+02 3.16500000000000000e+02 1.88078834524031831e-03 3.79579464261557228e-06
 3.16500000000000000e+02 3.17000000000000000e+02 1.90918931197406197e-03 3.95275228479842575e-06
 3.17000000000000000e+02 3.17500000000000000e+02 1.92497013905421565e-03 3.74601985870094437e-06
 3.17500000000000000e+02 3.18000000000000000e+02 1.95400507656065363e-03 3.84303286352179409e-06
 3.18000000000000000e+02 3.18500000000000000e+02 1.97042486622882491e-03 3.79120185976597346e-06
 3.18500000000000000e+02 3.19000000000000000e+02 1.99011475114757282e-03 3.85988357180018938e-06
 3.19000000000000000e+02 3.19500000000000000e+02 2.01854270762798346e-03 3.83801411218490632e-06
 3.19500000000000000e+02 3.20000000000000000e+02 2.04108918675265745e-03 3.94183860439315877e-06
 3.20000000000000000e+02 3.20500000000000000e+02 2.06326439104249221e-03 3.85209346150750808e-06
 3.20500000000000000e+02 3.21000000000000000e+02 2.08406825468813311e-03 3.83914659388489208e-06
 3.21000000000000000e+02 3.21500000000000000e+02 2.11069855996941702e-03 3.80438779887968177e-06
 3.21500000000000000e+02 3.22000000000000000e+02 2.13693261718016832e-03 3.92662628608653847e-06
 3.22000000000000000e+02 3.22500000000000000e+02 2.15706068734748679e-03 3.81433535437707977e-06
 3.22500000000000000e+02 3.23000000000000000e+02 2.17754600773534777e-03 3.95879981728109104e-06
 3.23000000000000000e+02 3.23500000000000000e+02 2.20159516815760480e-03 3.82881077453169782e-06
 3.23500000000000000e+02 3.24000000000000000e+02 2.21827140960804753e-03 3.90791386500902270e-06
 3.24000000000000000e+02 3.24500000000000000e+02 2.25134478231008885e-03 3.97128587924126687e-06
 3.24500000000000000e+02 3.25000000000000000e+02 2.27050839418520972e-03 3.82221968448943369e-06
 3.25000000000000000e+02 3.25500000000000000e+02 2.28512151551645915e-03 3.94469629921757558e-06
 3.25500000000000000e+02 3.26000000000000000e+02 2.31716520014968582e-03 3.99400041752525226e-06
 3.26000000000000000e+02 3.26500000000000000e+02 2.34068966122563844e-03 3.98270734100015951e-06
 3.26500000000000000e+02 3.27000000000000000e+02 2.36057626468269988e-03 3.99521630361205822e-06
 3.27000000000000000e+02 3.27500000000000000e+02 2.38611306499331589e-03 4.05613747018214828e-06
 3.27500000000000000e+02 3.28000000000000000e+02 2.40863735912586786e-03 3.96082367108879303e-06
 3.28000000000000000e+02 3.28500000000000000e+02 2.42382953723648421e-03 3.99666071987204045e-06
 3.28500000000000000e+02 3.29000000000000000e+02 2.44892356798738237e-03 3.98244906165977870e-06
 3.29000000000000000e+02 3.29500000000000000e+02 2.48052821424271219e-03 4.04083073366275576e-06
 3.29500000000000000e+02 3.30000000000000000e+02 2.49882143845852906e-03 3.93489599096417704e-06
 3.30000000000000000e+02 3.30500000000000000e+02 2.52651852965193836e-03 4.05559725710952335e-06
 3.30500000000000000e+02 3.31000000000000000e+02 2.55031952669934007e-03 4.05171999773457165e-06
 3.31000000000000000e+02 3.31500000000000000e+02 2.57064431265661931e-03 4.02227510742704439e-06
 3.31500000000000000e+02 3.32000000000000000e+02 2.58703344170647031e-03 3.99722984506712247e-06
 3.32000000000000000e+02 3.32500000000000000e+02 2.61482253287773298e-03 4.14277787010251380e-06
 3.32500000000000000e+02 3.33000000000000000e+02 2.63380047832864009e-03 4.00534984227925212e-06
 3.33000000000000000e+02 3.33500000000000000e+02 2.66161632122586351e-03 4.04809039242973383e-06
 3.33500000000000000e+02 3.34000000000000000e+02 2.68882046870446431e-03 4.12505217536219590e-06
 3.34000000000000000e+02 3.34500000000000000e+02 2.70690423916875771e-03 4.16350409793598662e-06
 3.34500000000000000e+02 3.35000000000000000e+02 2.73083503953060495e-03 4.13366688100034765e-06
 3.35000000000000000e+02 3.35500000000000000e+02 2.75318402622330488e-03 4.01083739648073897e-06
 3.35500000000000000e+02 3.36000000000000000e+02 2.76637718924599386e-03 4.06978448545812193e-06
 3.36000000000000000e+02 3.36500000000000000e+02 2.79892715207488143e-03 4.06288527523583403e-06
 3.36500000000000000e+02 3.37000000000000000e+02 2.81719625886000342e-03 4.08085197844449943e-06
 3.37000000000000000e+02 3.37500000000000000e+02 2.83889546067226219e-03 4.12105763283445606e-06
 3.37500000000000000e+02 3.38000000000000000e+02 2.85491253136041859e-03 4.02230609344042535e-06
 3.38000000000000000e+02 3.38500000000000000e+02 2.87095051507951131e-03 4.06072682894894059e-06
 3.38500000000000000e+02 3.39000000000000000e+02 2.90033837066386605e-03 4.26706821404962711e-06
 3.39000000000000000e+02 3.39500000000000000e+02 2.92609892711758173e-03 4.15854860249300112e-06
 3.39500000000000000e+02 3.40000000000000000e+02 2.93838815789659348e-03 4.12445942595059771e-06
 3.40000000000000000e+02 3.40500000000000000e+02 2.95899865435647310e-03 4.01861184105787863e-06
 3.40500000000000000e+02 3.41000000000000000e+02 2.98166531789661321e-03 4.16423241336249583e-06
 3.41000000000000000e+02 3.41500000000000000e+02 2.98841091540587821e-03 4.13377439758524503e-06
 3.41500000000000000e+02 3.42000000000000000e+02 3.01362606623610790e-03 4.19087401032660186e-06
 3.42000000000000000e+02 3.42500000000000000e+02 3.03971111607962080e-03 4.11239115745372739e-06
 3.42500000000000000e+02 3.43000000000000000e+02 3.05947235034898781e-03 4.02562094617420038e-06
 3.43000000000000000e+02 3.43500000000000000e+02 3.07220368112253632e-03 4.07651147843895215e-06
 3.43500000000000000e+02 3.44000000000000000e+02 3.09837841792810721e-03 4.08440295736158296e-06
 3.44000000000000000e+02 3.44500000000000000e+02 3.11340168040215044e-03 4.10512277270330491e-06
 3.44500000000000000e+02 3.45000000000000000e+02 3.13087498765029018e-03 4.14699272117472725e-06
 3.45000000000000000e+02 3.45500000000000000e+02 3.14407271843050165e-03 4.14488495107294484e-06
 3.45500000000000000e+02 3.46000000000000000e+02 3.16846318810698859e-03 4.09667073042376424e-06
 3.46000000000000000e+02 3.46500000000000000e+02 3.19516539993620419e-03 4.09558521670157787e-06
 3.46500000000000000e+02 3.47000000000000000e+02 3.21332810756073646e-03 4.17837800677366098e-06
 3.47000000000000000e+02 3.47500000000000000e+02 3.22720909129053371e-03 4.11600837154105420e-06
 3.47500000000000000e+02 3.48000000000000000e+02 3.24926971110757771e-03 4.19933607921150824e-06
 3.48000000000000000e+02 3.48500000000000000e+02 3.28078567821898101e-03 4.21542318640460429e-06
 3.48500000000000000e+02 3.49000000000000000e+02 3.28668864205484100e-03 4.08453241892528449e-06
 3.49000000000000000e+02 3.49500000000000000e+02 3.30939012571134037e-03 4.07903130413596179e-06
 3.49500000000000000e+02 3.50000000000000000e+02 3.33587023716508261e-03 4.14241520709276888e-06
 3.50000000000000000e+02 3.50500000000000000e+02 3.36178046828601411e-03 4.47266993817331181e-06
 3.50500000000000000e+02 3.51000000000000000e+02 3.36742953980190491e-03 4.10514265913927396e-06
 3.51000000000000000e+02 3.51500000000000000e+02 3.39016483004599785e-03 4.33595165859495366e-06
 3.51500000000000000e+02 3.52000000000000000e+02 3.41018500456620986e-03 4.19990096525210434e-06
 3.52000000000000000e+02 3.52500000000000000e+02 3.43269055505372039e-03 4.11388900139768952e-06
 3.52500000000000000e+02 3.53000000000000000e+02 3.45811393871561269e-03 4.07991968223441100e-06
 3.53000000000000000e+02 3.53500000000000000e+02 3.47353167285203730e-03 4.15399146028839132e-06
 3.53500000000000000e+02 3.54000000000000000e+02 3.49339629237773808e-03 4.03134817931384626e-06
 3.54000000000000000e+02 3.54500000000000000e+02 3.51779257511218276e-03 4.08856238473840779e-06
 3.54500000000000000e+02 3.55000000000000000e+02 3.54045857057662828e-03 4.13945509901773326e-06
 3.55000000000000000e+02 3.55500000000000000e+02 3.56156397122589811e-03 4.19686413988104983e-06
 3.55500000000000000e+02 3.56000000000000000e+02 3.58153451222999880e-03 4.13824843903396823e-06
 3.56000000000000000e+02 3.56500000000000000e+02 3.60870131443341612e-03 4.51462553173793035e-06
 3.56500000000000000e+02 3.57000000000000000e+02 3.62388485467914686e-03 4.26150874320442700e-06
 3.57000000000000000e+02 3.57500000000000000e+02 3.65014533816829505e-03 4.31193098785310874e-06
 3.57500000000000000e+02 3.58000000000000000e+02 3.66439616804748987e-03 4.17816834190317970e-06
 3.58000000000000000e+02 3.58500000000000000e+02 3.69188120319192091e-03 4.16170041294171653e-06
 3.58500000000000000e+02 3.59000000000000000e+02 3.70739585667480319e-03 4.27843967857936940e-06
 3.59000000000000000e+02 3.59500000000000000e+02 3.73111256362171351e-03 4.24533573472431064e-06
 3.59500000000000000e+02 3.60000000000000000e+02 3.74957380955343988e-03 4.62901329946208117e-06
 3.60000000000000000e+02 3.60500000000000000e+02 3.77049018843635944e-03 4.25631260736971538e-06
 3.60500000000000000e+02 3.61000000000000000e+02 3.80583518289811899e-03 4.37752593609903263e-06
 3.61000000000000000e+02 3.61500000000000000e+02 3.81705523893860000e-03 4.23282605329130046e-06
 3.61500000000000000e+02 3.62000000000000000e+02 3.84594219930366535e-03 4.23865305394803614e-06
 3.62000000000000000e+02 3.62500000000000000e+02 3.86457584651982546e-03 4.28336668501616446e-06
 3.62500000000000000e+02 3.63000000000000000e+02 3.89195482818877145e-03 4.18663784287179142e-06
 3.63000000000000000e+02 3.63500000000000000e+02 3.90880942250697999e-03 4.25002633200437258e-06
 3.63500000000000000e+02 3.64000000000000000e+02 3.93597208917433224e-03 4.29753547701945443e-06
 3.64000000000000000e+02 3.64500000000000000e+02 3.96034986945791641e-03 4.36988949633608773e-06
 3.64500000000000000e+02 3.65000000000000000e+02 3.98072752037028060e-03 4.30575130623045956e-06
 3.65000000000000000e+02 3.65500000000000000e+02 4.00261848406240333e-03 4.24545552335265705e-06
 3.65500000000000000e+02 3.66000000000000000e+02 4.03569023040501514e-03 4.33933405774682925e-06
 3.66000000000000000e+02 3.66500000000000000e+02 4.04524455548761069e-03 4.62634310303803373e-06
 3.66500000000000000e+02 3.67000000000000000e+02 4.07876529149526785e-03 4.38601478991457216e-06
 3.67000000000000000e+02 3.67500000000000000e+02 4.10062549924314693e-03 4.30453612365869421e-06
 3.67500000000000000e+02 3.68000000000000000e+02 4.11833971076197916e-03 4.32619576059949863e-06
 3.68000000000000000e+02 3.68500000000000000e+02 4.15389918688916990e-03 4.53587327389825302e-06
 3.68500000000000000e+02 3.69000000000000000e+02 4.17213734641403485e-03 4.54840463265541992e-06
 3.69000000000000000e+02 3.69500000000000000e+02 4.20200155091971471e-03 4.35035902175529440e-06
 3.69500000000000000e+02 3.70000000000000000e+02 4.22182759152887194e-03 4.45019020410335984e-06
 3.70000000000000000e+02 3.70500000000000000e+02 4.24405706902812076e-03 4.38250047510157460e-06
 3.70500000000000000e+02 3.71000000000000000e+02 4.27038420123739167e-03 4.27388010435499712e-06
 3.71000000000000000e+02 3.71500000000000000e+02 4.30128115070449804e-03 4.32457378790571365e-06
 3.71500000000000000e+02 3.72000000000000000e+02 4.32359605431799181e-03 4.44785639731201001e-06
 3.72000000000000000e+02 3.72500000000000000e+02 4.35177346472055519e-03 4.37945673422092919e-06
 3.72500000000000000e+02 3.73000000000000000e+02 4.37414331288908925e-03 4.36491467823186723e-06
 3.73000000000000000e+02 3.73500000000000000e+02 4.39742786000328362e-03 4.41381161328717347e-06
 3.73500000000000000e+02 3.74000000000000000e+02 4.42288758501996077e-03 4.36798113769844814e-06
 3.74000000000000000e+02 3.74500000000000000e+02 4.44380371837425556e-03 4.37997717868470205e-06
 3.74500000000000000e+02 3.75000000000000000e+02 4.47305432187338706e-03 4.44191238784444010e-06
 3.75000000000000000e+02 3.75500000000000000e+02 4.50371401534489877e-03 4.47626225325317900e-06
 3.75500000000000000e+02 3.76000000000000000e+02 4.52602062995599054e-03 4.50721417387863096e-06
 3.76000000000000000e+02 3.76500000000000000e+02 4.55689197312632733e-03 4.41337623692060765e-06
 3.76500000000000000e+02 3.77000000000000000e+02 4.58933667746969868e-03 4.46342116333111801e-06
 3.77000000000000000e+02 3.77500000000000000e+02 4.61058511715155359e-03 4.43249120285495903e-06
 3.77500000000000000e+02 3.78000000000000000e+02 4.64287189726107427e-03 4.44767851686271851e-06
 3.78000000000000000e+02 3.78500000000000000e+02 4.66322521480316311e-03 4.52421269231203308e-06
 3.78500000000000000e+02 3.79000000000000000e+02 4.69538006176493938e-03 4.40401630566194424e-06
 3.79000000000000000e+02 3.79500000000000000e+02 4.72246502816837076e-03 4.50526594642519764e-06
 3.79500000000000000e+02 3.80000000000000000e+02 4.75373152890180926e-03 4.59957954011251210e-06
 3.80000000000000000e+02 3.80500000000000000e+02 4.77158164011484524e-03 4.48100767884881602e-06
 3.80500000000000000e+02 3.81000000000000000e+02 4.80589016280958195e-03 4.63342737524965562e-06
 3.81000000000000000e+02 3.81500000000000000e+02 4.83643672861857905e-03 4.61183393548780924e-06
 3.81500000000000000e+02 3.82000000000000000e+02 4.86891405280911842e-03 4.55321888701993099e-06
 3.82000000000000000e+02 3.82500000000000000e+02 4.90107358629618493e-03 4.58325631658472903e-06
 3.82500000000000000e+02 3.83000000000000000e+02 4.92481386418888983e-03 4.57103345735119899e-06
 3.83000000000000000e+02 3.83500000000000000e+02 4.96078227217703217e-03 4.65277836034880140e-06
 3.83500000000000000e+02 3.84000000000000000e+02 4.98698303098814733e-03 4.67110406749407822e-06
 3.84000000000000000e+02 3.84500000000000000e+02 5.01246440225145556e-03 4.60387475290591357e-06
 3.84500000000000000e+02 3.85000000000000000e+02 5.04705565967427782e-03 4.69240747138559550e-06
 3.85000000000000000e+02 3.85500000000000000e+02 5.07510852707489593e-03 4.58700070018702644e-06
 3.85500000000000000e+02 3.86000000000000000e+02 5.11924516430700433e-03 4.73133799624063200e-06
 3.86000000000000000e+02 3.86500000000000000e+02 5.13698121261448645e-03 4.63642288403316535e-06
 3.86500000000000000e+02 3.87000000000000000e+02 5.17076855251771914e-03 4.74625572617124243e-06
 3.87000000000000000e+02 3.87500000000000000e+02 5.20315524806656132e-03 4.74513033645853666e-06
 3.87500000000000000e+02 3.88000000000000000e+02 5.24538634136969412e-03 4.72202494851140391e-06
 3.88000000000000000e+02 3.88500000000000000e+02 5.26727136955230848e-03 4.64557090363807421e-06
 3.88500000000000000e+02 3.89000000000000000e+02 5.30813811472617431e-03 4.71834445451290375e-06
 3.89000000000000000e+02 3.89500000000000000e+02 5.34109537872052426e-03 4.80095452845881792e-06
 3.89500000000000000e+02 3.90000000000000000e+02 5.36405823443743702e-03 4.64778614605727989e-06
 3.90000000000000000e+02 3.90500000000000000e+02 5.40191631263679806e-03 4.73695274745650791e-06
 3.90500000000000000e+02 3.91000000000000000e+02 5.43456354548023293e-03 4.72191923913464316e-06
 3.91000000000000000e+02 3.91500000000000000e+02 5.47566707092879239e-03 4.75227801753880062e-06
 3.91500000000000000e+02 3.92000000000000000e+02 5.51047126303009626e-03 4.73687602684766354e-06
 3.92000000000000000e+02 3.92500000000000000e+02 5.55591298513508688e-03 4.80403110080865201e-06
 3.92500000000000000e+02 3.93000000000000000e+02 5.57686840821291444e-03 4.78464711479990522e-06
 3.93000000000000000e+02 3.93500000000000000e+02 5.61411781857084138e-03 4.92789204761178598e-06
 3.93500000000000000e+02 3.94000000000000000e+02 5.64506824655477708e-03 4.89456911974529752e-06
 3.94000000000000000e+02 3.94500000000000000e+02 5.68598847907332648e-03 4.85327096959379108e-06
 3.94500000000000000e+02 3.95000000000000000e+02 5.71093050084568732e-03 4.78619225210634104e-06
 3.95000000000000000e+02 3.95500000000000000e+02 5.75725746179520451e-03 4.82457815647280140e-06
 3.95500000000000000e+02 3.96000000000000000e+02 5.79518929183052076e-03 4.87755409753536414e-06
 3.96000000000000000e+02 3.96500000000000000e+02 5.83242929435891146e-03 4.81851371673187278e-06
 3.96500000000000000e+02 3.97000000000000000e+02 5.87078778434293493e-03 4.98161818451149925e-06
 3.97000000000000000e+02 3.97500000000000000e+02 5.91057462686323323e-03 4.84409523855058392e-06
 3.97500000000000000e+02 3.98000000000000000e+02 5.94022977693747962e-03 4.88657774159361549e-06
 3.98000000000000000e+02 3.98500000000000000e+02 5.97836022524660636e-03 4.91491855089599728e-06
 3.98500000000000000e+02 3.99000000000000000e+02 6.02072367365428726e-03 4.88643507890564160e-06
 3.99000000000000000e+02 3.99500000000000000e+02 6.06377990622059861e-03 4.90718558660320458e-06
 3.99500000000000000e+02 4.00000000000000000e+02 6.10438330188934567e-03 4.99671366073039561e-06
 4.00000000000000000e+02 4.00500000000000000e+02 6.14532929667872558e-03 4.97964527149939807e-06
 4.00500000000000000e+02 4.01000000000000000e+02 6.18431108015553635e-03 4.93105617645710340e-06
 4.01000000000000000e+02 4.01500000000000000e+02 6.23153940862153453e-03 4.95631247396157819e-06
 4.01500000000000000e+02 4.02000000000000000e+02 6.26866792414565010e-03 5.12267518007740214e-06
 4.02000000000000000e+02 4.02500000000000000e+02 6.30719272456910143e-03 5.04681537895979865e-06
 4.02500000000000000e+02 4.03000000000000000e+02 6.35779672796957587e-03 4.94030789662545400e-06
 4.03000000000000000e+02 4.03500000000000000e+02 6.40061098643076622e-03 5.03990954791590925e-06
 4.03500000000000000e+02 4.04000000000000000e+02 6.44003217194426790e-03 5.14617086531921754e-06
 4.04000000000000000e+02 4.04500000000000000e+02 6.49137388902903782e-03 5.01881204807787684e-06
 4.04500000000000000e+02 4.05000000000000000e+02 6.53064502898123914e-03 5.13946504064345865e-06
 4.05000000000000000e+02 4.05500000000000000e+02 6.57810027685392512e-03 5.16160734321974397e-06
 4.05500000000000000e+02 4.06000000000000000e+02 6.62042145252592865e-03 5.19169704616185473e-06
 4.06000000000000000e+02 4.06500000000000000e+02 6.67209860123346883e-03 5.21804529253556901e-06
 4.06500000000000000e+02 4.07000000000000000e+02 6.71178353705456730e-03 5.06610236776077141e-06
 4.07000000000000000e+02 4.07500000000000000e+02 6.75813589192818774e-03 5.18599811904587746e-06
 4.07500000000000000e+02 4.08000000000000000e+02 6.81302463566699559e-03 5.23914340131701960e-06
 4.08000000000000000e+02 4.08500000000000000e+02 6.85206528789880122e-03 5.35988087755477451e-06
 4.08500000000000000e+02 4.09000000000000000e+02 6.90509935396355773e-03 5.17711924068987135e-06
 4.09000000000000000e+02 4.09500000000000000e+02 6.95340359539710785e-03 6.92966465389568516e-06
 4.09500000000000000e+02 4.10000000000000000e+02 7.00929859123095716e-03 5.32425663739084571e-06
 4.10000000000000000e+02 4.10500000000000000e+02 7.06369041769028001e-03 5.18721737051607195e-06
 4.10500000000000000e+02 4.11000000000000000e+02 7.09578393509886253e-03 5.26224031656812143e-06
 4.11000000000000000e+02 4.11500000000000000e+02 7.15126851601454502e-03 5.08763007993037819e-06
 4.11500000000000000e+02 4.12000000000000000e+02 7.20240387212949494e-03 5.21622549264272930e-06
 4.12000000000000000e+02 4.12500000000000000e+02 7.24263261923625921e-03 5.39454466431897482e-06
 4.12500000000000000e+02 4.13000000000000000e+02 7.31410829860051123e-03 5.32940079819393232e-06
 4.13000000000000000e+02 4.13500000000000000e+02 7.36724585498339628e-03 5.37620225434628168e-06
 4.13500000000000000e+02 4.14000000000000000e+02 7.43027005503668365e-03 5.59439358277512745e-06
 4.14000000000000000e+02 4.14500000000000000e+02 7.47193304119128220e-03 5.43392550974763773e-06
 4.14500000000000000e+02 4.15000000000000000e+02 7.53438460837416168e-03 5.52099827860034398e-06
 4.15000000000000000e+02 4.15500000000000000e+02 7.58103947500934298e-03 5.42620840547394005e-06
 4.15500000000000000e+02 4.16000000000000000e+02 7.64718849726407027e-03 5.45487641188613638e-06
 4.16000000000000000e+02 4.16500000000000000e+02 7.71531663185053007e-03 5.35392619665134065e-06
 4.16500000000000000e+02 4.17000000000000000e+02 7.76346602924485926e-03 5.39104776749885993e-06
 4.17000000000000000e+02 4.17500000000000000e+02 7.82508250489288154e-03 5.75216110414041276e-06
 4.17500000000000000e+02 4.18000000000000000e+02 7.88817354825281127e-03 5.54090908252123134e-06
 4.18000000000000000e+02 4.18500000000000000e+02 7.95015421485443206e-03 5.56004051450837936e-06
 4.18500000000000000e+02 4.19000000000000000e+02 8.01307268209880061e-03 5.45123707855618262e-06
 4.19000000000000000e+02 4.19500000000000000e+02 8.08056128481764863e-03 5.56494450225761886e-06
 4.19500000000000000e+02 4.20000000000000000e+02 8.13485275372662076e-03 5.55386928109682618e-06
 4.20000000000000000e+02 4.20500000000000000e+02 8.20156561186386954e-03 5.62330370690659176e-06
 4.20500000000000000e+02 4.21000000000000000e+02 8.26943235925800893e-03 5.55810199441634001e-06
 4.21000000000000000e+02 4.21500000000000000e+02 8.33265418859978346e-03 5.60514709717040183e-06
 4.21500000000000000e+02 4.22000000000000000e+02 8.39176792818116003e-03 5.69172627853487494e-06
 4.22000000000000000e+02 4.22500000000000000e+02 8.46420411603487563e-03 5.83020664282420949e-06
 4.22500000000000000e+02 4.23000000000000000e+02 8.54586339058743122e-03 5.78271482701780148e-06
 4.23000000000000000e+02 4.23500000000000000e+02 8.60621855798248021e-03 5.66348067311562058e-06
 4.23500000000000000e+02 4.24000000000000000e+02 8.68270004563360086e-03 5.75528741008324772e-06
 4.24000000000000000e+02 4.24500000000000000e+02 8.75620158512836755e-03 5.75123904315908248e-06
 4.24500000000000000e+02 4.25000000000000000e+02 8.82858207035301309e-03 5.85723095952769197e-06
 4.25000000000000000e+02 4.25500000000000000e+02 8.91209063053944109e-03 5.81406522878990610e-06
 4.25500000000000000e+02 4.26000000000000000e+02 8.97492051532225964e-03 5.80502011439725445e-06
 4.26000000000000000e+02 4.26500000000000000e+02 9.04441952829969538e-03 5.85995242803370558e-06
 4.26500000000000000e+02 4.27000000000000000e+02 9.12482759436528124e-03 5.89740229661261354e-06
 4.27000000000000000e+02 4.27500000000000000e+02 9.21114690689449345e-03 5.92662155572600685e-06
 4.27500000000000000e+02 4.28000000000000000e+02 9.28819143959338719e-03 5.97585604361132203e-06
 4.28000000000000000e+02 4.28500000000000000e+02 9.37000271324887890e-03 5.90761487146026864e-06
 4.28500000000000000e+02 4.29000000000000000e+02 9.44131583118401445e-03 5.86611750291220769e-06
 4.29000000000000000e+02 4.29500000000000000e+02 9.53388264331522621e-03 6.11105216918987202e-06
 4.29500000000000000e+02 4.30000000000000000e+02 9.63066423446788319e-03 6.14624193808577394e-06
 4.30000000000000000e+02 4.30500000000000000e+02 9.69915874653860116e-03 6.07497499285679943e-06
 4.30500000000000000e+02 4.31000000000000000e+02 9.79392236200139592e-03 6.33045152164890305e-06
 4.31000000000000000e+02 4.31500000000000000e+02 9.88441139550195677e-03 6.28215900540037809e-06
 4.31500000000000000e+02 4.32000000000000000e+02 9.96561213259416177e-03 6.05101620433501855e-06
 4.32000000000000000e+02 4.32500000000000000e+02 1.00576936132099250e-02 6.08378265898218264e-06
 4.32500000000000000e+02 4.33000000000000000e+02 1.01553153263734021e-02 6.36609976602316394e-06
 4.33000000000000000e+02 4.33500000000000000e+02 1.02462931509289881e-02 6.18983506180080150e-06
 4.33500000000000000e+02 4.34000000000000000e+02 1.03393549520240675e-02 6.34922829727756822e-06
 4.34000000000000000e+02 4.34500000000000000e+02 1.04288770658589654e-02 6.28831451778794270e-06
 4.34500000000000000e+02 4.35000000000000000e+02 1.05414407030578559e-02 6.30733864885291068e-06
 4.35000000000000000e+02 4.35500000000000000e+02 1.06447398204567584e-02 6.28193059272424531e-06
 4.35500000000000000e+02 4.36000000000000000e+02 1.07412812804214206e-02 6.31639783166435554e-06
 4.36000000000000000e+02 4.36500000000000000e+02 1.08477790761359449e-02 6.39471312265845875e-06
 4.36500000000000000e+02 4.37000000000000000e+02 1.09516287230383771e-02 6.36462041499659414e-06
 4.37000000000000000e+02 4.37500000000000000e+02 1.10688855783535964e-02 6.52958239795938733e-06
 4.37500000000000000e+02 4.38000000000000000e+02 1.11893507669175267e-02 6.38414160281054058e-06
 4.38000000000000000e+02 4.38500000000000000e+02 1.12782812430767317e-02 6.57554261422154208e-06
 4.38500000000000000e+02 4.39000000000000000e+02 1.13983304329691795e-02 6.52453461223600937e-06
 4.39000000000000000e+02 4.39500000000000000e+02 1.15258255245115088e-02 6.75348497350563402e-06
 4.39500000000000000e+02 4.40000000000000000e+02 1.16479318799781045e-02 6.63970758680940724e-06
 4.40000000000000000e+02 4.40500000000000000e+02 1.17540759672623372e-02 6.82929368607651519e-06
 4.40500000000000000e+02 4.41000000000000000e+02 1.18824423146391116e-02 6.67640653916639734e-06
 4.41000000000000000e+02 4.41500000000000000e+02 1.20236822230194128e-02 6.79850652352229857e-06
 4.41500000000000000e+02 4.42000000000000000e+02 1.21290492707718349e-02 6.82671548471245217e-06
 4.42000000000000000e+02 4.42500000000000000e+02 1.22737709690411770e-02 6.98599145608571723e-06
 4.42500000000000000e+02 4.43000000000000000e+02 1.23974478680343673e-02 6.70774790650490288e-06
 4.43000000000000000e+02 4.43500000000000000e+02 1.25365776382346007e-02 6.93164641319820440e-06
 4.43500000000000000e+02 4.44000000000000000e+02 1.26654484319536770e-02 6.91685618457506347e-06
 4.44000000000000000e+02 4.44500000000000000e+02 1.28257709273024243e-02 7.05390927964556766e-06
 4.44500000000000000e+02 4.45000000000000000e+02 1.29526465710499313e-02 7.02264465599074585e-06
 4.45000000000000000e+02 4.45500000000000000e+02 1.31090552669403063e-02 7.05996624390964287e-06
 4.45500000000000000e+02 4.46000000000000000e+02 1.32612240227356053e-02 6.93136700139397734e-06
 4.46000000000000000e+02 4.46500000000000000e+02 1.34156867183033834e-02 7.20916015749541320e-06
 4.46500000000000000e+02 4.47000000000000000e+02 1.35742571435156847e-02 7.31257896180503314e-06
 4.47000000000000000e+02 4.47500000000000000e+02 1.37350354512436774e-02 7.19083101290923406e-06
 4.47500000000000000e+02 4.48000000000000000e+02 1.38993590041108506e-02 7.15185949398543178e-06
 4.48000000000000000e+02 4.48500000000000000e+02 1.40775783566341427e-02 7.24382205894091064e-06
 4.48500000000000000e+02 4.49000000000000000e+02 1.42368639294715889e-02 7.33083665550715151e-06
 4.49000000000000000e+02 4.49500000000000000e+02 1.44085394622822660e-02 7.18936800831960431e-06
 4.49500000000000000e+02 4.50000000000000000e+02 1.45937473270212770e-02 7.61255316717761838e-06
 4.50000000000000000e+02 4.50500000000000000e+02 1.47817331007063599e-02 7.30440103461683400e-06
 4.50500000000000000e+02 4.51000000000000000e+02 1.49529460149345535e-02 7.44256969737017477e-06
 4.51000000000000000e+02 4.51500000000000000e+02 1.51489106547616041e-02 7.60363277659797204e-06
 4.51500000000000000e+02 4.52000000000000000e+02 1.53444660803930683e-02 7.91956329074220921e-06
 4.52000000000000000e+02 4.52500000000000000e+02 1.55267143891676777e-02 7.72052389796513793e-06
 4.52500000000000000e+02 4.53000000000000000e+02 1.57302195444777894e-02 7.86081059154465591e-06
 4.53000000000000000e+02 4.53500000000000000e+02 1.59168607534802206e-02 8.39994592917520103e-06
 4.53500000000000000e+02 4.54000000000000000e+02 1.60747769881268154e-02 8.15363179866902188e-06
 4.54000000000000000e+02 4.54500000000000000e+02 1.61616690214463239e-02 8.31207335748776755e-06
 4.54500000000000000e+02 4.55000000000000000e+02 1.62191092152202641e-02 8.28610675974035912e-06
 4.55000000000000000e+02 4.55500000000000000e+02 1.62604292357381268e-02 8.57498154676356022e-06
 4.55500000000000000e+02 4.56000000000000000e+02 1.62499582683625528e-02 8.75485548868507106e-06
 4.56000000000000000e+02 4.56500000000000000e+02 1.62497120262652048e-02 8.96266226633373086e-06
 4.56500000000000000e+02 4.57000000000000000e+02 1.62179763861336687e-02 8.46828348761886664e-06
 4.57000000000000000e+02 4.57500000000000000e+02 1.61724857343089508e-02 8.42569267930625565e-06
 4.57500000000000000e+02 4.58000000000000000e+02 1.61245568662000231e-02 8.40983180071083480e-06
 4.58000000000000000e+02 4.58500000000000000e+02 1.60846046438286247e-02 8.49869805410149866e-06
 4.58500000000000000e+02 4.59000000000000000e+02 1.60029902516961274e-02 8.14617069424393260e-06
 4.59000000000000000e+02 4.59500000000000000e+02 1.59145858151125384e-02 8.61356647110022520e-06
 4.59500000000000000e+02 4.60000000000000000e+02 1.58300954976179527e-02 8.62641592390660177e-06
 4.60000000000000000e+02 4.60500000000000000e+02 1.57073707773736186e-02 8.53931023695526681e-06
 4.60500000000000000e+02 4.61000000000000000e+02 1.55994351822907485e-02 8.86173497981347111e-06
 4.61000000000000000e+02 4.61500000000000000e+02 1.54628382907611994e-02 8.54340792843704293e-06
 4.61500000000000000e+02 4.62000000000000000e+02 1.53086181035983811e-02 8.32785819780166523e-06
 4.62000000000000000e+02 4.62500000000000000e+02 1.51708125854462961e-02 8.44340947259403773e-06
 4.62500000000000000e+02 4.63000000000000000e+02 1.49881299838207690e-02 8.63159679972179617e-06
 4.63000000000000000e+02 4.63500000000000000e+02 1.48200747093095685e-02 8.48953331633030805e-06
 4.63500000000000000e+02 4.64000000000000000e+02 1.46030583932757647e-02 8.71277964481358541e-06
 4.64000000000000000e+02 4.64500000000000000e+02 1.44056326596613219e-02 8.13940380379180034e-06
 4.64500000000000000e+02 4.65000000000000000e+02 1.41805321545084660e-02 8.45901881058091729e-06
 4.65000000000000000e+02 4.65500000000000000e+02 1.39192580821391292e-02 8.27421422486881720e-06
 4.65500000000000000e+02 4.66000000000000000e+02 1.36655769682484905e-02 8.05597641930673831e-06
 4.66000000000000000e+02 4.66500000000000000e+02 1.34013466194673990e-02 8.45259097443018924e-06
 4.66500000000000000e+02 4.67000000000000000e+02 1.30921628913670991e-02 7.97477944787057449e-06
 4.67000000000000000e+02 4.67500000000000000e+02 1.27814448188302409e-02 7.62691516618342831e-06
 4.67500000000000000e+02 4.68000000000000000e+02 1.24732571671040265e-02 7.93688328184625452e-06
 4.68000000000000000e+02 4.68500000000000000e+02 1.21390493106472257e-02 7.92110458057414133e-06
 4.68500000000000000e+02 4.69000000000000000e+02 1.17996698019910105e-02 7.73215277693435788e-06
 4.69000000000000000e+02 4.69500000000000000e+02 1.14573279112412402e-02 7.23080337254934346e-06
 4.69500000000000000e+02 4.70000000000000000e+02 1.11025935613227583e-02 7.00430660538855872e-06
 4.70000000000000000e+02 4.70500000000000000e+02 1.07530036907075872e-02 7.28370316767910992e-06
 4.70500000000000000e+02 4.71000000000000000e+02 1.03792503341129626e-02 7.28884591322668507e-06
 4.71000000000000000e+02 4.71500000000000000e+02 9.99238060739406943e-03 6.77589863480001385e-06
 4.71500000000000000e+02 4.72000000000000000e+02 9.60756501400003397e-03 6.77433012717300077e-06
 4.72000000000000000e+02 4.72500000000000000e+02 9.22080878069029240e-03 7.49099323012141725e-06
 4.72500000000000000e+02 4.73000000000000000e+02 8.79942878459029527e-03 6.82493552270536116e-06
 4.73000000000000000e+02 4.73500000000000000e+02 8.38332082945439372e-03 6.43955758244806922e-06
 4.73500000000000000e+02 4.74000000000000000e+02 7.92989003123503386e-03 6.30686688409192538e-06
 4.74000000000000000e+02 4.74500000000000000e+02 7.48582611111513804e-03 6.33206427098258034e-06
 4.74500000000000000e+02 4.75000000000000000e+02 7.03261871766243905e-03 5.81684352554974150e-06
 4.75000000000000000e+02 4.75500000000000000e+02 6.56153104791359475e-03 5.80673036807093210e-06
 4.75500000000000000e+02 4.76000000000000000e+02 6.07656269403762661e-03 5.52058243316314812e-06
 4.76000000000000000e+02 4.76500000000000000e+02 5.57642049893126643e-03 5.65130066443343552e-06
 4.76500000000000000e+02 4.77000000000000000e+02 5.06892043120028574e-03 5.07894725996890256e-06
 4.77000000000000000e+02 4.77500000000000000e+02 4.54201884780756036e-03 4.88770617580639471e-06
 4.77500000000000000e+02 4.78000000000000000e+02 4.00458306096072424e-03 4.44750369319614312e-06
 4.78000000000000000e+02 4.78500000000000000e+02 3.45590025477721195e-03 4.10656338320177642e-06
 4.78500000000000000e+02 4.79000000000000000e+02 2.90814785833062557e-03 4.28457527408950884e-06
 4.79000000000000000e+02 4.79500000000000000e+02 2.35702870535126107e-03 4.41965412136381010e-06
 4.79500000000000000e+02 4.80000000000000000e+02 1.78998041949166584e-03 3.77447832399715711e-06
 4.80000000000000000e+02 4.80500000000000000e+02 1.22695122955113699e-03 3.06878961365473325e-06
 4.80500000000000000e+02 4.81000000000000000e+02 7.12255841331901787e-04 3.19752218287966964e-06
 4.81000000000000000e+02 4.81500000000000000e+02 3.65531028366469378e-04 2.25044325836917728e-06
 4.81500000000000000e+02 4.82000000000000000e+02 2.30125345639252757e-04 2.15517622709594975e-06
 4.82000000000000000e+02 4.82500000000000000e+02 1.47576277963028609e-04 1.26643019585316738e-06
 4.82500000000000000e+02 4.83000000000000000e+02 8.85583559625868413e-05 1.02319011066798873e-06
 4.83000000000000000e+02 4.83500000000000000e+02 4.83251761337483087e-05 7.26669917353691840e-07
 4.83500000000000000e+02 4.84000000000000000e+02 2.35396742115451807e-05 8.88489343599085687e-07
 4.84000000000000000e+02 4.84500000000000000e+02 8.75268771523195878e-06 5.40888323819213500e-07
 4.84500000000000000e+02 4.85000000000000000e+02 1.24332961694252817e-06 1.37018515815956108e-07
 4.85000000000000000e+02 4.85500000000000000e+02 1.55306843765175573e-08 1.27844279986761996e-08
 4.85500000000000000e+02 4.86000000000000000e+02 0.00000000000000000e+00 0.00000000000000000e+00
 4.86000000000000000e+02 4.86500000000000000e+02 0.00000000000000000e+00 0.00000000000000000e+00
 4.86500000000000000e+02 4.87000000000000000e+02 0.00000000000000000e+00 0.00000000000000000e+00
 4.87000000000000000e+02 4.87500000000000000e+02 0.00000000000000000e+00 0.00000000000000000e+00
 4.87500000000000000e+02 4.88000000000000000e+02 0.00000000000000000e+00 0.00000000000000000e+00
 4.88000000000000000e+02 4.88500000000000000e+02 0.00000000000000000e+00 0.00000000000000000e+00
 4.88500000000000000e+02 4.89000000000000000e+02 0.00000000000000000e+00 0.00000000000000000e+00
 4.89000000000000000e+02 4.89500000000000000e+02 0.00000000000000000e+00 0.00000000000000000e+00
 4.89500000000000000e+02 4.90000000000000000e+02 0.00000000000000000e+00 0.00000000000000000e+00
 4.90000000000000000e+02 4.90500000000000000e+02 0.00000000000000000e+00 0.00000000000000000e+00
 4.90500000000000000e+02 4.91000000000000000e+02 0.00000000000000000e+00 0.00000000000000000e+00
 4.91000000000000000e+02 4.91500000000000000e+02 0.00000000000000000e+00 0.00000000000000000e+00
 4.91500000000000000e+02 4.92000000000000000e+02 0.00000000000000000e+00 0.00000000000000000e+00
 4.92000000000000000e+02 4.92500000000000000e+02 0.00000000000000000e+00 0.00000000000000000e+00
 4.92500000000000000e+02 4.93000000000000000e+02 0.00000000000000000e+00 0.00000000000000000e+00
 4.93000000000000000e+02 4.93500000000000000e+02 0.00000000000000000e+00 0.00000000000000000e+00
 4.93500000000000000e+02 4.94000000000000000e+02 0.00000000000000000e+00 0.00000000000000000e+00
 4.94000000000000000e+02 4.94500000000000000e+02 0.00000000000000000e+00 0.00000000000000000e+00
 4.94500000000000000e+02 4.95000000000000000e+02 0.00000000000000000e+00 0.00000000000000000e+00
 4.95000000000000000e+02 4.95500000000000000e+02 0.00000000000000000e+00 0.00000000000000000e+00
 4.95500000000000000e+02 4.96000000000000000e+02 0.00000000000000000e+00 0.00000000000000000e+00
 4.96000000000000000e+02 4.96500000000000000e+02 0.00000000000000000e+00 0.00000000000000000e+00
 4.96500000000000000e+02 4.97000000000000000e+02 0.00000000000000000e+00 0.00000000000000000e+00
 4.97000000000000000e+02 4.97500000000000000e+02 0.00000000000000000e+00 0.00000000000000000e+00
 4.97500000000000000e+02 4.98000000000000000e+02 0.00000000000000000e+00 0.00000000000000000e+00
 4.98000000000000000e+02 4.98500000000000000e+02 0.00000000000000000e+00 0.00000000000000000e+00
 4.98500000000000000e+02 4.99000000000000000e+02 0.00000000000000000e+00 0.00000000000000000e+00
 4.99000000000000000e+02 4.99500000000000000e+02 0.00000000000000000e+00 0.00000000000000000e+00
 4.99500000000000000e+02 5.00000000000000000e+02 0.00000000000000000e+00 0.00000000000000000e+00
 5.00000000000000000e+02 5.00500000000000000e+02 0.00000000000000000e+00 0.00000000000000000e+00
 5.00500000000000000e+02 5.01000000000000000e+02 0.00000000000000000e+00 0.00000000000000000e+00
 5.01000000000000000e+02 5.01500000000000000e+02 0.00000000000000000e+00 0.00000000000000000e+00
 5.01500000000000000e+02 5.02000000000000000e+02 0.00000000000000000e+00 0.00000000000000000e+00
 5.02000000000000000e+02 5.02500000000000000e+02 0.00000000000000000e+00 0.00000000000000000e+00
 5.02500000000000000e+02 5.03000000000000000e+02 0.00000000000000000e+00 0.00000000000000000e+00
 5.03000000000000000e+02 5.03500000000000000e+02 0.00000000000000000e+00 0.00000000000000000e+00
 5.03500000000000000e+02 5.04000000000000000e+02 0.00000000000000000e+00 0.00000000000000000e+00
 5.04000000000000000e+02 5.04500000000000000e+02 0.00000000000000000e+00 0.00000000000000000e+00
 5.04500000000000000e+02 5.05000000000000000e+02 0.00000000000000000e+00 0.00000000000000000e+00
 5.05000000000000000e+02 5.05500000000000000e+02 0.00000000000000000e+00 0.00000000000000000e+00
 5.05500000000000000e+02 5.06000000000000000e+02 0.00000000000000000e+00 0.00000000000000000e+00
 5.06000000000000000e+02 5.06500000000000000e+02 0.00000000000000000e+00 0.00000000000000000e+00
 5.06500000000000000e+02 5.07000000000000000e+02 0.00000000000000000e+00 0.00000000000000000e+00
 5.07000000000000000e+02 5.07500000000000000e+02 0.00000000000000000e+00 0.00000000000000000e+00
 5.07500000000000000e+02 5.08000000000000000e+02 0.00000000000000000e+00 0.00000000000000000e+00
 5.08000000000000000e+02 5.08500000000000000e+02 0.00000000000000000e+00 0.00000000000000000e+00
 5.08500000000000000e+02 5.09000000000000000e+02 0.00000000000000000e+00 0.00000000000000000e+00
 5.09000000000000000e+02 5.09500000000000000e+02 0.00000000000000000e+00 0.00000000000000000e+00
 5.09500000000000000e+02 5.10000000000000000e+02 0.00000000000000000e+00 0.00000000000000000e+00
 5.10000000000000000e+02 5.10500000000000000e+02 0.00000000000000000e+00 0.00000000000000000e+00
 5.10500000000000000e+02 5.11000000000000000e+02 0.00000000000000000e+00 0.00000000000000000e+00
 5.11000000000000000e+02 5.11500000000000000e+02 0.00000000000000000e+00 0.00000000000000000e+00
 5.11500000000000000e+02 5.12000000000000000e+02 0.00000000000000000e+00 0.00000000000000000e+00
 5.12000000000000000e+02 5.12500000000000000e+02 0.00000000000000000e+00 0.00000000000000000e+00
 5.12500000000000000e+02 5.13000000000000000e+02 0.00000000000000000e+00 0.00000000000000000e+00
 5.13000000000000000e+02 5.13500000000000000e+02 0.00000000000000000e+00 0.00000000000000000e+00
 5.13500000000000000e+02 5.14000000000000000e+02 0.00000000000000000e+00 0.00000000000000000e+00
 5.14000000000000000e+02 5.14500000000000000e+02 0.00000000000000000e+00 0.00000000000000000e+00
 5.14500000000000000e+02 5.15000000000000000e+02 0.00000000000000000e+00 0.00000000000000000e+00

Histogram:spz+
 0.00000000000000000e+00 6.25000000000000000e-01 5.12477354477679312e-03 4.16693778314114387e-06
 6.25000000000000000e-01 1.25000000000000000e+00 5.11639158181182406e-03 4.00313250087121023e-06
 1.25000000000000000e+00 1.87500000000000000e+00 5.11473457267515308e-03 4.01252063088661458e-06
 1.87500000000000000e+00 2.50000000000000000e+00 5.11465474742414487e-03 4.07111823575566948e-06
 2.50000000000000000e+00 3.12500000000000000e+00 5.11623056452487675e-03 3.94243316999560007e-06
 3.12500000000000000e+00 3.75000000000000000e+00 5.12183683752409982e-03 4.09817414708455625e-06
 3.75000000000000000e+00 4.37500000000000000e+00 5.11579767988637208e-03 4.00604731686935011e-06
 4.37500000000000000e+00 5.00000000000000000e+00 5.11548283769173388e-03 3.99343859598603030e-06
 5.00000000000000000e+00 5.62500000000000000e+00 5.12002032345234854e-03 4.13510265009458615e-06
 5.62500000000000000e+00 6.25000000000000000e+00 5.11414898610061241e-03 4.06016141165980012e-06
 6.25000000000000000e+00 6.87500000000000000e+00 5.12103454534774960e-03 3.92466060807554954e-06
 6.87500000000000000e+00 7.50000000000000000e+00 5.11146827875459675e-03 3.99926923429110487e-06
 7.50000000000000000e+00 8.12500000000000000e+00 5.11529926759340947e-03 4.05383863285171831e-06
 8.12500000000000000e+00 8.75000000000000000e+00 5.11094703295834115e-03 4.31745320590130249e-06
 8.75000000000000000e+00 9.37500000000000000e+00 5.11108587234125784e-03 3.91673464673307887e-06
 9.37500000000000000e+00 1.00000000000000000e+01 5.11451106645144284e-03 4.17163945391120064e-06
 1.00000000000000000e+01 1.06250000000000000e+01 5.11648788825496813e-03 4.03421484045233073e-06
 1.06250000000000000e+01 1.12500000000000000e+01 5.11645190197074738e-03 4.02862633865723096e-06
 1.12500000000000000e+01 1.18750000000000000e+01 5.10945829733652507e-03 4.08608318797485767e-06
 1.18750000000000000e+01 1.25000000000000000e+01 5.10770466470921152e-03 4.18259604318551348e-06
 1.25000000000000000e+01 1.31250000000000000e+01 5.10956884567274894e-03 4.16322337051027814e-06
 1.31250000000000000e+01 1.37500000000000000e+01 5.11412652773454105e-03 4.28626772379913309e-06
 1.37500000000000000e+01 1.43750000000000000e+01 5.11452224395409286e-03 4.04280189150537527e-06
 1.43750000000000000e+01 1.50000000000000000e+01 5.11308871371984799e-03 3.99324441339784313e-06
 1.50000000000000000e+01 1.56250000000000000e+01 5.10993367277571761e-03 3.90820365958387077e-06
 1.56250000000000000e+01 1.62500000000000000e+01 5.11712753103050425e-03 3.96433344388916921e-06
 1.62500000000000000e+01 1.68750000000000000e+01 5.11299794819313792e-03 4.00560080913631905e-06
 1.68750000000000000e+01 1.75000000000000000e+01 5.10849505746490632e-03 4.10781356369465685e-06
 1.75000000000000000e+01 1.81250000000000000e+01 5.11431082374596158e-03 4.16156783907612540e-06
 1.81250000000000000e+01 1.87500000000000000e+01 5.10738003875608939e-03 3.95722746196437960e-06
 1.87500000000000000e+01 1.93750000000000000e+01 5.11046475956997842e-03 4.03630019521096771e-06
 1.93750000000000000e+01 2.00000000000000000e+01 5.09848995860128201e-03 3.99057898421428193e-06
 2.00000000000000000e+01 2.06250000000000000e+01 5.11003319656573932e-03 4.09719548351599315e-06
 2.06250000000000000e+01 2.12500000000000000e+01 5.10626677467527178e-03 3.95882773422912508e-06
 2.12500000000000000e+01 2.18750000000000000e+01 5.11018075014140795e-03 4.07410574225426188e-06
 2.18750000000000000e+01 2.25000000000000000e+01 5.10677404926342809e-03 4.06784620616958229e-06
 2.25000000000000000e+01 2.31250000000000000e+01 5.10200480176682160e-03 4.21408576448792872e-06
 2.31250000000000000e+01 2.37500000000000000e+01 5.10790864767038996e-03 4.05292899602852418e-06
 2.37500000000000000e+01 2.43750000000000000e+01 5.10545472280630325e-03 3.99462535076619519e-06
 2.43750000000000000e+01 2.50000000000000000e+01 5.10470147685010509e-03 4.08102665009336535e-06
 2.50000000000000000e+01 2.56250000000000000e+01 5.10655426912283352e-03 4.15926350493024451e-06
 2.56250000000000000e+01 2.62500000000000000e+01 5.10233209267352706e-03 4.09516301476860200e-06
 2.62500000000000000e+01 2.68750000000000000e+01 5.10605207565767872e-03 4.08923699279304825e-06
 2.68750000000000000e+01 2.75000000000000000e+01 5.09650806475926005e-03 3.94123014629054960e-06
 2.75000000000000000e+01 2.81250000000000000e+01 5.09839938176965494e-03 4.04392985523066140e-06
 2.81250000000000000e+01 2.87500000000000000e+01 5.09718124293633956e-03 4.03432922898027906e-06
 2.87500000000000000e+01 2.93750000000000000e+01 5.09180764494240618e-03 4.15553346140815426e-06
 2.93750000000000000e+01 3.00000000000000000e+01 5.09568782804212944e-03 4.01299777875422920e-06
 3.00000000000000000e+01 3.06250000000000000e+01 5.09881182584892654e-03 4.15026439892558479e-06
 3.06250000000000000e+01 3.12500000000000000e+01 5.09652780025549642e-03 4.01064967313780492e-06
 3.12500000000000000e+01 3.18750000000000000e+01 5.09413457877296461e-03 4.14565505478860269e-06
 3.18750000000000000e+01 3.25000000000000000e+01 5.09447414420760841e-03 4.02209259410123825e-06
 3.25000000000000000e+01 3.31250000000000000e+01 5.09763656679348975e-03 4.15009105688343084e-06
 3.31250000000000000e+01 3.37500000000000000e+01 5.10056175351251279e-03 3.99495555314240815e-06
 3.37500000000000000e+01 3.43750000000000000e+01 5.08922435369732647e-03 3.98001103524235848e-06
 3.43750000000000000e+01 3.50000000000000000e+01 5.08873238355735287e-03 4.00473027515436306e-06
 3.50000000000000000e+01 3.56250000000000000e+01 5.08180534431514584e-03 3.92015725245825637e-06
 3.56250000000000000e+01 3.62500000000000000e+01 5.08176002058559426e-03 4.03555821362960032e-06
 3.62500000000000000e+01 3.68750000000000000e+01 5.09252868947489886e-03 4.04907732316538056e-06
 3.68750000000000000e+01 3.75000000000000000e+01 5.08825864113179611e-03 4.05202363618687251e-06
 3.75000000000000000e+01 3.81250000000000000e+01 5.08064459000759708e-03 4.25916213905632410e-06
 3.81250000000000000e+01 3.87500000000000000e+01 5.08856813238095333e-03 4.05505040218512986e-06
 3.87500000000000000e+01 3.93750000000000000e+01 5.08283726976694380e-03 4.02118844598379748e-06
 3.93750000000000000e+01 4.00000000000000000e+01 5.08412721538351129e-03 4.16781652018131411e-06
 4.00000000000000000e+01 4.06250000000000000e+01 5.07791179977913447e-03 4.03344499360284462e-06
 4.06250000000000000e+01 4.12500000000000000e+01 5.08320358790009721e-03 4.01083263514896568e-06
 4.12500000000000000e+01 4.18750000000000000e+01 5.07645963981023362e-03 4.06643819447285614e-06
 4.18750000000000000e+01 4.25000000000000000e+01 5.07907896486366889e-03 3.92479039574559576e-06
 4.25000000000000000e+01 4.31250000000000000e+01 5.08101223349098369e-03 4.05628808683882923e-06
 4.31250000000000000e+01 4.37500000000000000e+01 5.06908028635590004e-03 3.93155155225474790e-06
 4.37500000000000000e+01 4.43750000000000000e+01 5.06419693704331184e-03 4.06475644453586904e-06
 4.43750000000000000e+01 4.50000000000000000e+01 5.06634932149763878e-03 4.07358593048989235e-06
 4.50000000000000000e+01 4.56250000000000000e+01 5.07122835650023959e-03 4.11835550076574168e-06
 4.56250000000000000e+01 4.62500000000000000e+01 5.07322288363811630e-03 4.02786020385349894e-06
 4.62500000000000000e+01 4.68750000000000000e+01 5.06823646610918364e-03 4.00829079673973535e-06
 4.68750000000000000e+01 4.75000000000000000e+01 5.06284610867822372e-03 3.90537675106721541e-06
 4.75000000000000000e+01 4.81250000000000000e+01 5.06404336390456865e-03 4.05743697086438988e-06
 4.81250000000000000e+01 4.87500000000000000e+01 5.06779851100794959e-03 4.02257396218906667e-06
 4.87500000000000000e+01 4.93750000000000000e+01 5.06584687468262813e-03 4.25811531294969800e-06
 4.93750000000000000e+01 5.00000000000000000e+01 5.07220579549045713e-03 4.22476322605498005e-06
 5.00000000000000000e+01 5.06250000000000000e+01 5.06411681339759712e-03 4.05607469853384116e-06
 5.06250000000000000e+01 5.12500000000000000e+01 5.06061474616712609e-03 3.98195234796866623e-06
 5.12500000000000000e+01 5.18750000000000000e+01 5.05755140431640975e-03 4.00748027481534923e-06
 5.18750000000000000e+01 5.25000000000000000e+01 5.05626548672830165e-03 4.18579556077423195e-06
 5.25000000000000000e+01 5.31250000000000000e+01 5.04989847232903150e-03 4.11394126375202717e-06
 5.31250000000000000e+01 5.37500000000000000e+01 5.05086165941546605e-03 4.19699422598082722e-06
 5.37500000000000000e+01 5.43750000000000000e+01 5.05707425137890462e-03 4.09901960432940393e-06
 5.43750000000000000e+01 5.50000000000000000e+01 5.04928032367077482e-03 4.05364774823260332e-06
 5.50000000000000000e+01 5.56250000000000000e+01 5.04672972366344494e-03 3.97180418823063116e-06
 5.56250000000000000e+01 5.62500000000000000e+01 5.04421035896214075e-03 4.02570768072996893e-06
 5.62500000000000000e+01 5.68750000000000000e+01 5.04918767879754607e-03 4.18821303530073729e-06
 5.68750000000000000e+01 5.75000000000000000e+01 5.04244810986191703e-03 4.14205177554437515e-06
 5.75000000000000000e+01 5.81250000000000000e+01 5.04668765579942107e-03 4.21769701886376466e-06
 5.81250000000000000e+01 5.87500000000000000e+01 5.03902639130737739e-03 4.19352896081704944e-06
 5.87500000000000000e+01 5.93750000000000000e+01 5.03554140366659162e-03 3.92901423408844438e-06
 5.93750000000000000e+01 6.00000000000000000e+01 5.03500039708967492e-03 4.14757192368869688e-06
 6.00000000000000000e+01 6.06250000000000000e+01 5.03622918377842881e-03 3.94300602817859651e-06
 6.06250000000000000e+01 6.12500000000000000e+01 5.03786088841221870e-03 4.11964345761321872e-06
 6.12500000000000000e+01 6.18750000000000000e+01 5.03209241953746569e-03 4.10887784921699985e-06
 6.18750000000000000e+01 6.25000000000000000e+01 5.03254644626395607e-03 3.99930121102564755e-06
 6.25000000000000000e+01 6.31250000000000000e+01 5.03803382851085012e-03 4.21257380349918707e-06
 6.31250000000000000e+01 6.37500000000000000e+01 5.02320175135295439e-03 3.99367118461292326e-06
 6.37500000000000000e+01 6.43750000000000000e+01 5.02326122114438688e-03 4.00041715089890738e-06
 6.43750000000000000e+01 6.50000000000000000e+01 5.02483214628571349e-03 4.02133784249909277e-06
 6.50000000000000000e+01 6.56250000000000000e+01 5.01442670267568912e-03 4.06060853682701097e-06
 6.56250000000000000e+01 6.62500000000000000e+01 5.02215581839118505e-03 4.03214825723458994e-06
 6.62500000000000000e+01 6.68750000000000000e+01 5.01805577150885290e-03 3.99881154457257913e-06
 6.68750000000000000e+01 6.75000000000000000e+01 5.01889973931890759e-03 3.96647744495232758e-06
 6.75000000000000000e+01 6.81250000000000000e+01 5.01718431606580206e-03 4.21800113582923645e-06
 6.81250000000000000e+01 6.87500000000000000e+01 5.00822612971007792e-03 3.98786161705962389e-06
 6.87500000000000000e+01 6.93750000000000000e+01 5.02155225100550228e-03 4.15109076235719221e-06
 6.93750000000000000e+01 7.00000000000000000e+01 5.01489532099655671e-03 4.20206698414896901e-06
 7.00000000000000000e+01 7.06250000000000000e+01 5.00615012114322740e-03 4.04398380736877525e-06
 7.06250000000000000e+01 7.12500000000000000e+01 5.00435646319809940e-03 3.99358396329319255e-06
 7.12500000000000000e+01 7.18750000000000000e+01 5.00586640107125291e-03 3.98051059809300840e-06
 7.18750000000000000e+01 7.25000000000000000e+01 5.00394674787139546e-03 4.26809207174575278e-06
 7.25000000000000000e+01 7.31250000000000000e+01 5.00659799203729758e-03 4.04576446449781919e-06
 7.31250000000000000e+01 7.37500000000000000e+01 4.99494616256556702e-03 4.11904291103235008e-06
 7.37500000000000000e+01 7.43750000000000000e+01 4.99193450323748549e-03 4.01591754386488137e-06
 7.43750000000000000e+01 7.50000000000000000e+01 4.99714190311166019e-03 4.26635991110220414e-06
 7.50000000000000000e+01 7.56250000000000000e+01 4.98802767100557914e-03 4.13941792920741788e-06
 7.56250000000000000e+01 7.62500000000000000e+01 4.99575920903553520e-03 4.07173284113125742e-06
 7.62500000000000000e+01 7.68750000000000000e+01 4.99265681907245466e-03 4.07229424480800743e-06
 7.68750000000000000e+01 7.75000000000000000e+01 4.98649956085947879e-03 4.09625110215131559e-06
 7.75000000000000000e+01 7.81250000000000000e+01 4.98302608924383345e-03 3.98141145671951103e-06
 7.81250000000000000e+01 7.87500000000000000e+01 4.98829163518581600e-03 4.05503358519660005e-06
 7.87500000000000000e+01 7.93750000000000000e+01 4.97358740910043215e-03 3.88465283232526007e-06
 7.93750000000000000e+01 8.00000000000000000e+01 4.97835225657532188e-03 4.11766603522190158e-06
 8.00000000000000000e+01 8.06250000000000000e+01 4.97614333387163578e-03 4.03000055359710418e-06
 8.06250000000000000e+01 8.12500000000000000e+01 4.97010431177933015e-03 4.12114039187802155e-06
 8.12500000000000000e+01 8.18750000000000000e+01 4.96415980165692931e-03 4.23349079584538881e-06
 8.18750000000000000e+01 8.25000000000000000e+01 4.96028038530241938e-03 4.07783904213046691e-06
 8.25000000000000000e+01 8.31250000000000000e+01 4.96139120829621784e-03 4.33478585683254183e-06
 8.31250000000000000e+01 8.37500000000000000e+01 4.96465189845719020e-03 4.11902217797831559e-06
 8.37500000000000000e+01 8.43750000000000000e+01 4.95947491628142591e-03 4.04754415317911631e-06
 8.43750000000000000e+01 8.50000000000000000e+01 4.96582073498617708e-03 4.28693739977677518e-06
 8.50000000000000000e+01 8.56250000000000000e+01 4.95340981235550901e-03 4.03212659880843962e-06
 8.56250000000000000e+01 8.62500000000000000e+01 4.95730541704845866e-03 4.13264696084063968e-06
 8.62500000000000000e+01 8.68750000000000000e+01 4.95322020483280299e-03 4.26452495768991617e-06
 8.68750000000000000e+01 8.75000000000000000e+01 4.95223789264089085e-03 4.18735194903386353e-06
 8.75000000000000000e+01 8.81250000000000000e+01 4.95403335547137027e-03 4.34705720056597304e-06
 8.81250000000000000e+01 8.87500000000000000e+01 4.94789043936799330e-03 4.01032735671923270e-06
 8.87500000000000000e+01 8.93750000000000000e+01 4.94170062710948266e-03 4.07850185010794221e-06
 8.93750000000000000e+01 9.00000000000000000e+01 4.94357533198586021e-03 4.30116889800965368e-06
 9.00000000000000000e+01 9.06250000000000000e+01 4.93676980384106980e-03 4.10302997896164036e-06
 9.06250000000000000e+01 9.12500000000000000e+01 4.93744203239241970e-03 4.07624902436291719e-06
 9.12500000000000000e+01 9.18750000000000000e+01 4.92569098448400119e-03 4.08824466705068520e-06
 9.18750000000000000e+01 9.25000000000000000e+01 4.92434042693026819e-03 4.14743894353278860e-06
 9.25000000000000000e+01 9.31250000000000000e+01 4.92402489491406727e-03 4.03252723232984779e-06
 9.31250000000000000e+01 9.37500000000000000e+01 4.92233830523094041e-03 4.17989338559038581e-06
 9.37500000000000000e+01 9.43750000000000000e+01 4.92480753560533592e-03 4.11489462340554991e-06
 9.43750000000000000e+01 9.50000000000000000e+01 4.92307598385362602e-03 3.97298853185158397e-06
 9.50000000000000000e+01 9.56250000000000000e+01 4.92014797377559286e-03 3.99905937221125930e-06
 9.56250000000000000e+01 9.62500000000000000e+01 4.90929627256685066e-03 4.10961490135859072e-06
 9.62500000000000000e+01 9.68750000000000000e+01 4.89673620194751996e-03 4.03412694807073908e-06
 9.68750000000000000e+01 9.75000000000000000e+01 4.90490926258183718e-03 4.27931987216743632e-06
 9.75000000000000000e+01 9.81250000000000000e+01 4.90239906165390159e-03 4.11522283726694979e-06
 9.81250000000000000e+01 9.87500000000000000e+01 4.89613487160800356e-03 4.05960397291736005e-06
 9.87500000000000000e+01 9.93750000000000000e+01 4.89798927070561694e-03 3.96261347743890584e-06
 9.93750000000000000e+01 1.00000000000000000e+02 4.89073552191061130e-03 4.06972174346144065e-06
 1.00000000000000000e+02 1.00625000000000000e+02 4.89587372583561668e-03 4.01498333671205592e-06
 1.00625000000000000e+02 1.01250000000000000e+02 4.88722582793470455e-03 4.15162697147022514e-06
 1.01250000000000000e+02 1.01875000000000000e+02 4.87932600956662507e-03 4.11254041189086369e-06
 1.01875000000000000e+02 1.02500000000000000e+02 4.87758109998587871e-03 4.20127744239898897e-06
 1.02500000000000000e+02 1.03125000000000000e+02 4.87766513746560031e-03 4.10094337145334715e-06
 1.03125000000000000e+02 1.03750000000000000e+02 4.87711335267384995e-03 4.14417871687505231e-06
 1.03750000000000000e+02 1.04375000000000000e+02 4.87313733772541148e-03 4.02003042636262379e-06
 1.04375000000000000e+02 1.05000000000000000e+02 4.86554992292997403e-03 3.94881132153772879e-06
 1.05000000000000000e+02 1.05625000000000000e+02 4.86019369135898445e-03 4.01949651287903752e-06
 1.05625000000000000e+02 1.06250000000000000e+02 4.86047237543252991e-03 4.55267866913993669e-06
 1.06250000000000000e+02 1.06875000000000000e+02 4.85582638985279386e-03 4.08470277498455144e-06
 1.06875000000000000e+02 1.07500000000000000e+02 4.85615939463692609e-03 4.02888186566569701e-06
 1.07500000000000000e+02 1.08125000000000000e+02 4.85752591445375546e-03 4.18569774345258196e-06
 1.08125000000000000e+02 1.08750000000000000e+02 4.85018978985781845e-03 4.13475849110238181e-06
 1.08750000000000000e+02 1.09375000000000000e+02 4.84576516029601705e-03 4.06775655054777068e-06
 1.09375000000000000e+02 1.10000000000000000e+02 4.84537391109285832e-03 4.13294734908256494e-06
 1.10000000000000000e+02 1.10625000000000000e+02 4.83727931703893579e-03 4.20232612322267520e-06
 1.10625000000000000e+02 1.11250000000000000e+02 4.83392899438448830e-03 4.02710275427259425e-06
 1.11250000000000000e+02 1.11875000000000000e+02 4.82825610829420385e-03 4.05358468359102831e-06
 1.11875000000000000e+02 1.12500000000000000e+02 4.82775043705810630e-03 4.16880311417851376e-06
 1.12500000000000000e+02 1.13125000000000000e+02 4.82287544105750293e-03 4.04348631753526102e-06
 1.13125000000000000e+02 1.13750000000000000e+02 4.82015015431406721e-03 4.08990220498515560e-06
 1.13750000000000000e+02 1.14375000000000000e+02 4.81324858945055174e-03 4.16890469579340115e-06
 1.14375000000000000e+02 1.15000000000000000e+02 4.81435678750168679e-03 4.31793658877575337e-06
 1.15000000000000000e+02 1.15625000000000000e+02 4.80555753423491609e-03 4.18390990052810280e-06
 1.15625000000000000e+02 1.16250000000000000e+02 4.80898932806916608e-03 4.12149477669622715e-06
 1.16250000000000000e+02 1.16875000000000000e+02 4.79447985198771468e-03 4.01844948182830479e-06
 1.16875000000000000e+02 1.17500000000000000e+02 4.79516566085511336e-03 4.00030505063202629e-06
 1.17500000000000000e+02 1.18125000000000000e+02 4.79756572110261442e-03 4.11480002286478872e-06
 1.18125000000000000e+02 1.18750000000000000e+02 4.78519209411354656e-03 4.13126642055249365e-06
 1.18750000000000000e+02 1.19375000000000000e+02 4.78321763450352978e-03 4.20016822607909909e-06
 1.19375000000000000e+02 1.20000000000000000e+02 4.78143669184775185e-03 4.09476302909400604e-06
 1.20000000000000000e+02 1.20625000000000000e+02 4.77669072586826577e-03 4.28783807590595256e-06
 1.20625000000000000e+02 1.21250000000000000e+02 4.77119305032797439e-03 4.12833945674902775e-06
 1.21250000000000000e+02 1.21875000000000000e+02 4.76752530025346434e-03 4.24438335095045856e-06
 1.21875000000000000e+02 1.22500000000000000e+02 4.75768169568339602e-03 4.18069465350674215e-06
 1.22500000000000000e+02 1.23125000000000000e+02 4.74973214939166961e-03 4.13297822179251764e-06
 1.23125000000000000e+02 1.23750000000000000e+02 4.74840898907165528e-03 4.23032859437965979e-06
 1.23750000000000000e+02 1.24375000000000000e+02 4.74951633276440507e-03 4.25809170142015990e-06
 1.24375000000000000e+02 1.25000000000000000e+02 4.73360093807065774e-03 4.43466825986429572e-06
 1.25000000000000000e+02 1.25625000000000000e+02 4.72627113262199215e-03 4.00521702359976944e-06
 1.25625000000000000e+02 1.26250000000000000e+02 4.72455617131092766e-03 4.02154709625392450e-06
 1.26250000000000000e+02 1.26875000000000000e+02 4.72075439402777630e-03 4.44613679987519664e-06
 1.26875000000000000e+02 1.27500000000000000e+02 4.70825579756126503e-03 4.07681767563039277e-06
 1.27500000000000000e+02 1.28125000000000000e+02 4.70603611970662767e-03 3.99545598478546012e-06
 1.28125000000000000e+02 1.28750000000000000e+02 4.69633559193551823e-03 4.11974222507199429e-06
 1.28750000000000000e+02 1.29375000000000000e+02 4.70038876859248805e-03 4.08314063767971244e-06
 1.29375000000000000e+02 1.30000000000000000e+02 4.68386482355188146e-03 4.24596620915939319e-06
 1.30000000000000000e+02 1.30625000000000000e+02 4.68343747043292128e-03 4.21362920751938573e-06
 1.30625000000000000e+02 1.31250000000000000e+02 4.67946696936656810e-03 4.17371046858669633e-06
 1.31250000000000000e+02 1.31875000000000000e+02 4.66213258216634924e-03 4.09064126132474134e-06
 1.31875000000000000e+02 1.32500000000000000e+02 4.66173447989239736e-03 3.99599054858945908e-06
 1.32500000000000000e+02 1.33125000000000000e+02 4.64616246559838939e-03 4.24778214947939836e-06
 1.33125000000000000e+02 1.33750000000000000e+02 4.64667807018885864e-03 4.10493202018207140e-06
 1.33750000000000000e+02 1.34375000000000000e+02 4.63667305109729741e-03 3.94884888519342207e-06
 1.34375000000000000e+02 1.35000000000000000e+02 4.63496795526001891e-03 4.08237891300006367e-06
 1.35000000000000000e+02 1.35625000000000000e+02 4.62532892741905274e-03 4.10682467453991377e-06
 1.35625000000000000e+02 1.36250000000000000e+02 4.61833134242729294e-03 4.21207193948548269e-06
 1.36250000000000000e+02 1.36875000000000000e+02 4.61196382027240052e-03 4.05252711052828263e-06
 1.36875000000000000e+02 1.37500000000000000e+02 4.60445293644322264e-03 4.01670827799688861e-06
 1.37500000000000000e+02 1.38125000000000000e+02 4.58467739018159157e-03 4.10406636735978305e-06
 1.38125000000000000e+02 1.38750000000000000e+02 4.58741070732759069e-03 4.14881621317022846e-06
 1.38750000000000000e+02 1.39375000000000000e+02 4.58346463362693454e-03 4.49656306569355272e-06
 1.39375000000000000e+02 1.40000000000000000e+02 4.58009739376809884e-03 4.11061295476376649e-06
 1.40000000000000000e+02 1.40625000000000000e+02 4.56577581801050850e-03 4.17393800242162035e-06
 1.40625000000000000e+02 1.41250000000000000e+02 4.55925101136256134e-03 4.30574494142530836e-06
 1.41250000000000000e+02 1.41875000000000000e+02 4.55459517481860299e-03 4.05176326985145315e-06
 1.41875000000000000e+02 1.42500000000000000e+02 4.54626634707378744e-03 4.29704486945607528e-06
 1.42500000000000000e+02 1.43125000000000000e+02 4.54270419909561136e-03 4.30475223263757292e-06
 1.43125000000000000e+02 1.43750000000000000e+02 4.52821843003504889e-03 4.09010741033177223e-06
 1.43750000000000000e+02 1.44375000000000000e+02 4.52092183470902045e-03 4.05388917925438356e-06
 1.44375000000000000e+02 1.45000000000000000e+02 4.51314002109393445e-03 4.12922329401603794e-06
 1.45000000000000000e+02 1.45625000000000000e+02 4.50899671109491161e-03 4.01344835910238867e-06
 1.45625000000000000e+02 1.46250000000000000e+02 4.49707147264651660e-03 4.07009164682278979e-06
 1.46250000000000000e+02 1.46875000000000000e+02 4.49289399210233125e-03 4.12976323588664146e-06
 1.46875000000000000e+02 1.47500000000000000e+02 4.48398149605738674e-03 4.02955018993122206e-06
 1.47500000000000000e+02 1.48125000000000000e+02 4.48031989851486231e-03 4.01826250870771136e-06
 1.48125000000000000e+02 1.48750000000000000e+02 4.47841937978967885e-03 4.09919976009007396e-06
 1.48750000000000000e+02 1.49375000000000000e+02 4.46503307860388401e-03 3.97618079282765784e-06
 1.49375000000000000e+02 1.50000000000000000e+02 4.45645256807741634e-03 4.01181712485591084e-06
 1.50000000000000000e+02 1.50625000000000000e+02 4.44995333184104464e-03 4.00827885470012945e-06
 1.50625000000000000e+02 1.51250000000000000e+02 4.44494591585942265e-03 4.10104632651476385e-06
 1.51250000000000000e+02 1.51875000000000000e+02 4.43914116988691765e-03 4.13587604699719601e-06
 1.51875000000000000e+02 1.52500000000000000e+02 4.43669953984610066e-03 4.31432500722818994e-06
 1.52500000000000000e+02 1.53125000000000000e+02 4.42412983648509794e-03 4.07416057232339592e-06
 1.53125000000000000e+02 1.53750000000000000e+02 4.41451946260840947e-03 4.13656902046572347e-06
 1.53750000000000000e+02 1.54375000000000000e+02 4.40665843452358198e-03 4.19834411064677257e-06
 1.54375000000000000e+02 1.55000000000000000e+02 4.39139405382104296e-03 4.29383992971369871e-06
 1.55000000000000000e+02 1.55625000000000000e+02 4.38427721708365813e-03 4.01305463599079692e-06
 1.55625000000000000e+02 1.56250000000000000e+02 4.38520516369592713e-03 4.07209270398486029e-06
 1.56250000000000000e+02 1.56875000000000000e+02 4.37335639639020810e-03 4.03706693752284854e-06
 1.56875000000000000e+02 1.57500000000000000e+02 4.37157555555003387e-03 4.11603727360493151e-06
 1.57500000000000000e+02 1.58125000000000000e+02 4.36028157282731046e-03 3.91249573142762045e-06
 1.58125000000000000e+02 1.58750000000000000e+02 4.34854088995277263e-03 4.11759651834219162e-06
 1.58750000000000000e+02 1.59375000000000000e+02 4.33573941602550302e-03 3.99870301897875004e-06
 1.59375000000000000e+02 1.60000000000000000e+02 4.33786783989250930e-03 4.02641631972901639e-06
 1.60000000000000000e+02 1.60625000000000000e+02 4.33967655967976325e-03 4.08248397914899976e-06
 1.60625000000000000e+02 1.61250000000000000e+02 4.32370722379462735e-03 4.13133759598983661e-06
 1.61250000000000000e+02 1.61875000000000000e+02 4.31603539905129306e-03 4.08743316815929393e-06
 1.61875000000000000e+02 1.62500000000000000e+02 4.30895515118697153e-03 3.96571160357187159e-06
 1.62500000000000000e+02 1.63125000000000000e+02 4.30257921158770477e-03 4.61013559170144933e-06
 1.63125000000000000e+02 1.63750000000000000e+02 4.28362890229385881e-03 4.04147054919537236e-06
 1.63750000000000000e+02 1.64375000000000000e+02 4.27848545356428536e-03 4.06745888703964206e-06
 1.64375000000000000e+02 1.65000000000000000e+02 4.27595017992239874e-03 4.16773041723059926e-06
 1.65000000000000000e+02 1.65625000000000000e+02 4.26586545738147967e-03 4.06647806933790337e-06
 1.65625000000000000e+02 1.66250000000000000e+02 4.26476289241813078e-03 4.06493310008448395e-06
 1.66250000000000000e+02 1.66875000000000000e+02 4.25409612442881682e-03 4.15058398847114816e-06
 1.66875000000000000e+02 1.67500000000000000e+02 4.23544979239859516e-03 4.15615249633600586e-06
 1.67500000000000000e+02 1.68125000000000000e+02 4.23530949564929725e-03 4.08587952876717340e-06
 1.68125000000000000e+02 1.68750000000000000e+02 4.21893049317052446e-03 4.09020053070669679e-06
 1.68750000000000000e+02 1.69375000000000000e+02 4.21158626570194462e-03 3.91335964045349277e-06
 1.69375000000000000e+02 1.70000000000000000e+02 4.21232854690982601e-03 4.02873763433966276e-06
 1.70000000000000000e+02 1.70625000000000000e+02 4.19569973741954101e-03 4.17069128760781220e-06
 1.70625000000000000e+02 1.71250000000000000e+02 4.19729306519853271e-03 4.04840246603966942e-06
 1.71250000000000000e+02 1.71875000000000000e+02 4.18947383862581287e-03 4.17849809194774501e-06
 1.71875000000000000e+02 1.72500000000000000e+02 4.16862959076812374e-03 3.98997509363436339e-06
 1.72500000000000000e+02 1.73125000000000000e+02 4.16470338803300727e-03 4.03463993687897827e-06
 1.73125000000000000e+02 1.73750000000000000e+02 4.15334318069684235e-03 4.13281992405000069e-06
 1.73750000000000000e+02 1.74375000000000000e+02 4.15340177653384778e-03 4.04927786130100965e-06
 1.74375000000000000e+02 1.75000000000000000e+02 4.14393526208440763e-03 3.98947725535000487e-06
 1.75000000000000000e+02 1.75625000000000000e+02 4.13411153354020788e-03 4.02187601953421005e-06
 1.75625000000000000e+02 1.76250000000000000e+02 4.12445157747369940e-03 3.89930181366367974e-06
 1.76250000000000000e+02 1.76875000000000000e+02 4.11809035287577247e-03 3.94337763603036443e-06
 1.76875000000000000e+02 1.77500000000000000e+02 4.10853383174347893e-03 3.88549713970444279e-06
 1.77500000000000000e+02 1.78125000000000000e+02 4.09263806925607744e-03 3.98481124600069359e-06
 1.78125000000000000e+02 1.78750000000000000e+02 4.09359233163784225e-03 3.82092569526014060e-06
 1.78750000000000000e+02 1.79375000000000000e+02 4.08005110899905491e-03 3.94755152149859400e-06
 1.79375000000000000e+02 1.80000000000000000e+02 4.07095900792896030e-03 4.01702266683769578e-06
 1.80000000000000000e+02 1.80625000000000000e+02 4.06210894274723448e-03 4.02228603110085563e-06
 1.80625000000000000e+02 1.81250000000000000e+02 4.06367759526230030e-03 4.12726480692558412e-06
 1.81250000000000000e+02 1.81875000000000000e+02 4.05355062514487895e-03 3.99642559482096621e-06
 1.81875000000000000e+02 1.82500000000000000e+02 4.04223910435997334e-03 3.98506809152055230e-06
 1.82500000000000000e+02 1.83125000000000000e+02 4.02438355196722483e-03 3.94279306763112099e-06
 1.83125000000000000e+02 1.83750000000000000e+02 4.01825448621337660e-03 3.94788493380394799e-06
 1.83750000000000000e+02 1.84375000000000000e+02 4.01801807348515106e-03 3.88626058766412447e-06
 1.84375000000000000e+02 1.85000000000000000e+02 3.99834035595543306e-03 3.89677338287955468e-06
 1.85000000000000000e+02 1.85625000000000000e+02 3.99600189206609537e-03 4.12699372285590936e-06
 1.85625000000000000e+02 1.86250000000000000e+02 3.99094589030146198e-03 3.88862170360204305e-06
 1.86250000000000000e+02 1.86875000000000000e+02 3.97626552034896063e-03 3.88983149994701124e-06
 1.86875000000000000e+02 1.87500000000000000e+02 3.96617562247612767e-03 4.00572238414441607e-06
 1.87500000000000000e+02 1.88125000000000000e+02 3.96641990924342068e-03 4.01276327617528258e-06
 1.88125000000000000e+02 1.88750000000000000e+02 3.95288808671535354e-03 4.08708395093765512e-06
 1.88750000000000000e+02 1.89375000000000000e+02 3.94385244392405840e-03 3.97005311069892485e-06
 1.89375000000000000e+02 1.90000000000000000e+02 3.93272596262316497e-03 4.04706676585548317e-06
 1.90000000000000000e+02 1.90625000000000000e+02 3.92567323448917132e-03 3.89734516466701545e-06
 1.90625000000000000e+02 1.91250000000000000e+02 3.91633909734114428e-03 3.87564592433450172e-06
 1.91250000000000000e+02 1.91875000000000000e+02 3.90637353110874930e-03 3.82875298033346479e-06
 1.91875000000000000e+02 1.92500000000000000e+02 3.89345939623573101e-03 4.03199729619694367e-06
 1.92500000000000000e+02 1.93125000000000000e+02 3.88869248927667215e-03 3.96790460060006388e-06
 1.93125000000000000e+02 1.93750000000000000e+02 3.87795788274166017e-03 3.99551204001773492e-06
 1.93750000000000000e+02 1.94375000000000000e+02 3.86789529669406698e-03 4.03031671552373566e-06
 1.94375000000000000e+02 1.95000000000000000e+02 3.86664524927425850e-03 4.15034628563429212e-06
 1.95000000000000000e+02 1.95625000000000000e+02 3.85288844222571531e-03 3.94022761806132943e-06
 1.95625000000000000e+02 1.96250000000000000e+02 3.84192119863806768e-03 4.03129949161609514e-06
 1.96250000000000000e+02 1.96875000000000000e+02 3.83195178182722720e-03 3.85832170659758062e-06
 1.96875000000000000e+02 1.97500000000000000e+02 3.81915616195228121e-03 3.92351949676812780e-06
 1.97500000000000000e+02 1.98125000000000000e+02 3.80854636126135753e-03 3.85768946377608031e-06
 1.98125000000000000e+02 1.98750000000000000e+02 3.80189943715878971e-03 3.95062245380060448e-06
 1.98750000000000000e+02 1.99375000000000000e+02 3.79085467754190124e-03 3.97856604323054974e-06
 1.99375000000000000e+02 2.00000000000000000e+02 3.77705878392637457e-03 4.04056978268505884e-06
 2.00000000000000000e+02 2.00625000000000000e+02 3.77374378651704765e-03 3.89876490145275213e-06
 2.00625000000000000e+02 2.01250000000000000e+02 3.76718070346874481e-03 3.88768973374778100e-06
 2.01250000000000000e+02 2.01875000000000000e+02 3.75561632037768253e-03 3.96618540793046351e-06
 2.01875000000000000e+02 2.02500000000000000e+02 3.74757300169041964e-03 3.84442911644497959e-06
 2.02500000000000000e+02 2.03125000000000000e+02 3.73523953693780629e-03 4.08356598236457972e-06
 2.03125000000000000e+02 2.03750000000000000e+02 3.72071559642019696e-03 3.91944198434975256e-06
 2.03750000000000000e+02 2.04375000000000000e+02 3.71276393539137113e-03 4.00193692145725057e-06
 2.04375000000000000e+02 2.05000000000000000e+02 3.70128599413750443e-03 3.95560150285089926e-06
 2.05000000000000000e+02 2.05625000000000000e+02 3.69025074422685544e-03 3.96287991527712449e-06
 2.05625000000000000e+02 2.06250000000000000e+02 3.67825070298519966e-03 3.88983919340724390e-06
 2.06250000000000000e+02 2.06875000000000000e+02 3.66758376297549689e-03 4.00505575322080529e-06
 2.06875000000000000e+02 2.07500000000000000e+02 3.65624112159651906e-03 3.93419764766123966e-06
 2.07500000000000000e+02 2.08125000000000000e+02 3.65420448619995690e-03 4.05304555924839726e-06
 2.08125000000000000e+02 2.08750000000000000e+02 3.63373726135452369e-03 4.00487583027193587e-06
 2.08750000000000000e+02 2.09375000000000000e+02 3.62394506373175983e-03 3.95348049433453916e-06
 2.09375000000000000e+02 2.10000000000000000e+02 3.61371616411821934e-03 3.94925296924239161e-06
 2.10000000000000000e+02 2.10625000000000000e+02 3.60688384961717476e-03 4.01633204521448068e-06
 2.10625000000000000e+02 2.11250000000000000e+02 3.59192946718051671e-03 3.85834129654393391e-06
 2.11250000000000000e+02 2.11875000000000000e+02 3.58554274969259028e-03 4.13091942816297706e-06
 2.11875000000000000e+02 2.12500000000000000e+02 3.57592036183393717e-03 4.10576873968577813e-06
 2.12500000000000000e+02 2.13125000000000000e+02 3.55997825150721099e-03 3.95857245680600238e-06
 2.13125000000000000e+02 2.13750000000000000e+02 3.54345547086104117e-03 4.10660406689824363e-06
 2.13750000000000000e+02 2.14375000000000000e+02 3.53369304274220005e-03 3.99914852656742358e-06
 2.14375000000000000e+02 2.15000000000000000e+02 3.52660053544084267e-03 4.12920408172444703e-06
 2.15000000000000000e+02 2.15625000000000000e+02 3.51263562956316208e-03 3.94399257497683928e-06
 2.15625000000000000e+02 2.16250000000000000e+02 3.49991356729200363e-03 4.16791505529000166e-06
 2.16250000000000000e+02 2.16875000000000000e+02 3.48222502286974671e-03 4.11554524683142704e-06
 2.16875000000000000e+02 2.17500000000000000e+02 3.46770931828845573e-03 3.89603037621148096e-06
 2.17500000000000000e+02 2.18125000000000000e+02 3.44693718107944502e-03 4.10425896268928643e-06
 2.18125000000000000e+02 2.18750000000000000e+02 3.44009819922216388e-03 4.04149399694089775e-06
 2.18750000000000000e+02 2.19375000000000000e+02 3.41042433684510043e-03 4.08060957842861663e-06
 2.19375000000000000e+02 2.20000000000000000e+02 3.40117584516563300e-03 4.10494078141113020e-06
 2.20000000000000000e+02 2.20625000000000000e+02 3.39087615300362162e-03 3.96270545614415026e-06
 2.20625000000000000e+02 2.21250000000000000e+02 3.36941971833255643e-03 3.98389089000918848e-06
 2.21250000000000000e+02 2.21875000000000000e+02 3.34986705722991511e-03 3.80689889245432744e-06
 2.21875000000000000e+02 2.22500000000000000e+02 3.32932824112403903e-03 3.84976045740271927e-06
 2.22500000000000000e+02 2.23125000000000000e+02 3.31536720104324851e-03 3.76800982523945169e-06
 2.23125000000000000e+02 2.23750000000000000e+02 3.29958314572088504e-03 3.89428666117632762e-06
 2.23750000000000000e+02 2.24375000000000000e+02 3.27950223936425899e-03 3.94289416301672814e-06
 2.24375000000000000e+02 2.25000000000000000e+02 3.26453552764111293e-03 3.81966417870656048e-06
 2.25000000000000000e+02 2.25625000000000000e+02 3.23764452271723107e-03 3.86457726339467545e-06
 2.25625000000000000e+02 2.26250000000000000e+02 3.22529352025016083e-03 3.71431626815211049e-06
 2.26250000000000000e+02 2.26875000000000000e+02 3.20667070447780466e-03 4.01263738157427425e-06
 2.26875000000000000e+02 2.27500000000000000e+02 3.18705121265784770e-03 3.71153796029428128e-06
 2.27500000000000000e+02 2.28125000000000000e+02 3.16843755329455131e-03 3.69701072768490828e-06
 2.28125000000000000e+02 2.28750000000000000e+02 3.15107644696572447e-03 3.75241625267884390e-06
 2.28750000000000000e+02 2.29375000000000000e+02 3.13042009171494908e-03 3.67988568101079433e-06
 2.29375000000000000e+02 2.30000000000000000e+02 3.11478356758844487e-03 3.88218277963026638e-06
 2.30000000000000000e+02 2.30625000000000000e+02 3.08689999091229465e-03 3.66529729207752956e-06
 2.30625000000000000e+02 2.31250000000000000e+02 3.07573680531903664e-03 3.55839005056274561e-06
 2.31250000000000000e+02 2.31875000000000000e+02 3.05947036016121195e-03 3.91294094802594561e-06
 2.31875000000000000e+02 2.32500000000000000e+02 3.03721221481383563e-03 3.77410214549668111e-06
 2.32500000000000000e+02 2.33125000000000000e+02 3.01999485829866675e-03 3.73291104979309096e-06
 2.33125000000000000e+02 2.33750000000000000e+02 2.99853200377096655e-03 3.59516881494517829e-06
 2.33750000000000000e+02 2.34375000000000000e+02 2.98370578178206976e-03 3.78358620635074514e-06
 2.34375000000000000e+02 2.35000000000000000e+02 2.95938688356123985e-03 3.68574205539707074e-06
 2.35000000000000000e+02 2.35625000000000000e+02 2.94477200255327662e-03 3.83399487484635944e-06
 2.35625000000000000e+02 2.36250000000000000e+02 2.91213273334594994e-03 3.50480271847474778e-06
 2.36250000000000000e+02 2.36875000000000000e+02 2.89262997575178652e-03 3.56607151896718315e-06
 2.36875000000000000e+02 2.37500000000000000e+02 2.87814393168327187e-03 3.61439945807532877e-06
 2.37500000000000000e+02 2.38125000000000000e+02 2.86131334152735619e-03 3.56329410126516952e-06
 2.38125000000000000e+02 2.38750000000000000e+02 2.84168031913957205e-03 3.49432626881043662e-06
 2.38750000000000000e+02 2.39375000000000000e+02 2.80815549795343337e-03 3.43445700945785743e-06
 2.39375000000000000e+02 2.40000000000000000e+02 2.79469777102135794e-03 3.41752539413645690e-06
 2.40000000000000000e+02 2.40625000000000000e+02 2.77270975768679692e-03 3.57898378731101071e-06
 2.40625000000000000e+02 2.41250000000000000e+02 2.75693273375375537e-03 3.57499563231798623e-06
 2.41250000000000000e+02 2.41875000000000000e+02 2.73761529076950059e-03 3.42754282013053255e-06
 2.41875000000000000e+02 2.42500000000000000e+02 2.71277545178731563e-03 3.35365681269964647e-06
 2.42500000000000000e+02 2.43125000000000000e+02 2.68946048113537575e-03 3.41758061093901170e-06
 2.43125000000000000e+02 2.43750000000000000e+02 2.67187239909878532e-03 3.35625740344626959e-06
 2.43750000000000000e+02 2.44375000000000000e+02 2.64701190551880046e-03 3.31490483004880537e-06
 2.44375000000000000e+02 2.45000000000000000e+02 2.63234071723837237e-03 3.31781593014291034e-06
 2.45000000000000000e+02 2.45625000000000000e+02 2.60966699793993518e-03 3.49618420548755922e-06
 2.45625000000000000e+02 2.46250000000000000e+02 2.58579227981238155e-03 3.33379805141553952e-06
 2.46250000000000000e+02 2.46875000000000000e+02 2.56552140693754906e-03 3.33585101044469533e-06
 2.46875000000000000e+02 2.47500000000000000e+02 2.54847560597123209e-03 3.35058246836399386e-06
 2.47500000000000000e+02 2.48125000000000000e+02 2.52566588460253561e-03 3.32172621971842140e-06
 2.48125000000000000e+02 2.48750000000000000e+02 2.50590248928280347e-03 3.41962066627219494e-06
 2.48750000000000000e+02 2.49375000000000000e+02 2.47573774829677046e-03 3.12565184625960756e-06
 2.49375000000000000e+02 2.50000000000000000e+02 2.45976498976406078e-03 3.24797589228218000e-06
 2.50000000000000000e+02 2.50625000000000000e+02 2.43503033442448369e-03 3.22027080003742643e-06
 2.50625000000000000e+02 2.51250000000000000e+02 2.41785400439816162e-03 3.28222561140022131e-06
 2.51250000000000000e+02 2.51875000000000000e+02 2.39485328253825902e-03 3.21272073503604560e-06
 2.51875000000000000e+02 2.52500000000000000e+02 2.36747516040672693e-03 3.18383113982099208e-06
 2.52500000000000000e+02 2.53125000000000000e+02 2.34473879267745912e-03 3.40602896486330584e-06
 2.53125000000000000e+02 2.53750000000000000e+02 2.32558662833735842e-03 3.07628420018526469e-06
 2.53750000000000000e+02 2.54375000000000000e+02 2.29986635864629649e-03 3.16377763025833325e-06
 2.54375000000000000e+02 2.55000000000000000e+02 2.27701026974534704e-03 3.17081032231343878e-06
 2.55000000000000000e+02 2.55625000000000000e+02 2.25895825054919308e-03 3.08925379852032442e-06
 2.55625000000000000e+02 2.56250000000000000e+02 2.23537365271361506e-03 3.72553027592811303e-06
 2.56250000000000000e+02 2.56875000000000000e+02 2.21077692889254515e-03 3.15275821624784201e-06
 2.56875000000000000e+02 2.57500000000000000e+02 2.18708478139700803e-03 3.00508238509681521e-06
 2.57500000000000000e+02 2.58125000000000000e+02 2.16223683012219331e-03 2.93320077361086436e-06
 2.58125000000000000e+02 2.58750000000000000e+02 2.13788360453461565e-03 3.01833925178330023e-06
 2.58750000000000000e+02 2.59375000000000000e+02 2.11175355800657678e-03 3.12249271007702387e-06
 2.59375000000000000e+02 2.60000000000000000e+02 2.09011081790251010e-03 3.12777489373159741e-06
 2.60000000000000000e+02 2.60625000000000000e+02 2.06750754268789777e-03 2.99952569379337570e-06
 2.60625000000000000e+02 2.61250000000000000e+02 2.04083375959743327e-03 2.96458653825809479e-06
 2.61250000000000000e+02 2.61875000000000000e+02 2.02225389900413579e-03 3.01981302538922985e-06
 2.61875000000000000e+02 2.62500000000000000e+02 1.99476914302220039e-03 2.90624341722130098e-06
 2.62500000000000000e+02 2.63125000000000000e+02 1.96708095118126305e-03 2.88286519189405175e-06
 2.63125000000000000e+02 2.63750000000000000e+02 1.93923379445058914e-03 2.90407971713534769e-06
 2.63750000000000000e+02 2.64375000000000000e+02 1.91943938618156437e-03 3.02060095934964347e-06
 2.64375000000000000e+02 2.65000000000000000e+02 1.89239460575318561e-03 2.99556865123050144e-06
 2.65000000000000000e+02 2.65625000000000000e+02 1.87191172107740566e-03 2.84051245518029745e-06
 2.65625000000000000e+02 2.66250000000000000e+02 1.85426864792436288e-03 3.00544634199128004e-06
 2.66250000000000000e+02 2.66875000000000000e+02 1.84382720448773635e-03 2.89534991538230404e-06
 2.66875000000000000e+02 2.67500000000000000e+02 1.81782024848660450e-03 2.94637879108121744e-06
 2.67500000000000000e+02 2.68125000000000000e+02 1.79942074968305514e-03 2.81513408017078716e-06
 2.68125000000000000e+02 2.68750000000000000e+02 1.78449922387846106e-03 2.71321564684413983e-06
 2.68750000000000000e+02 2.69375000000000000e+02 1.76385805343657579e-03 3.09179291009704085e-06
 2.69375000000000000e+02 2.70000000000000000e+02 1.74760640343897588e-03 2.82740150548097419e-06
 2.70000000000000000e+02 2.70625000000000000e+02 1.73490726725284241e-03 2.94352193426808552e-06
 2.70625000000000000e+02 2.71250000000000000e+02 1.71023858144683750e-03 2.86142810058722815e-06
 2.71250000000000000e+02 2.71875000000000000e+02 1.69744869225242623e-03 2.77026938292825247e-06
 2.71875000000000000e+02 2.72500000000000000e+02 1.67448846756883089e-03 2.76756140291650102e-06
 2.72500000000000000e+02 2.73125000000000000e+02 1.65919299243909996e-03 2.72175863476497410e-06
 2.73125000000000000e+02 2.73750000000000000e+02 1.63642009948325516e-03 2.62857162957565589e-06
 2.73750000000000000e+02 2.74375000000000000e+02 1.61941848637904735e-03 2.65811874396934316e-06
 2.74375000000000000e+02 2.75000000000000000e+02 1.60181831084834974e-03 2.62799231169729090e-06
 2.75000000000000000e+02 2.75625000000000000e+02 1.58709973183528748e-03 2.75621471862115700e-06
 2.75625000000000000e+02 2.76250000000000000e+02 1.56425575601730569e-03 2.67401473927451484e-06
 2.76250000000000000e+02 2.76875000000000000e+02 1.54914670718094938e-03 2.66309050228354219e-06
 2.76875000000000000e+02 2.77500000000000000e+02 1.52796381121461287e-03 2.79775352809909704e-06
 2.77500000000000000e+02 2.78125000000000000e+02 1.51775157966511334e-03 2.67069937785544088e-06
 2.78125000000000000e+02 2.78750000000000000e+02 1.49016208653436036e-03 2.56241210567925647e-06
 2.78750000000000000e+02 2.79375000000000000e+02 1.47619059909327526e-03 2.69662735320102522e-06
 2.79375000000000000e+02 2.80000000000000000e+02 1.45246706696832394e-03 2.66222053936613483e-06
 2.80000000000000000e+02 2.80625000000000000e+02 1.43493135109280844e-03 2.55773795014336997e-06
 2.80625000000000000e+02 2.81250000000000000e+02 1.41499956883022783e-03 2.55954628578138481e-06
 2.81250000000000000e+02 2.81875000000000000e+02 1.39266145208770138e-03 2.67451103169671792e-06
 2.81875000000000000e+02 2.82500000000000000e+02 1.37127904457376416e-03 2.48687833941176871e-06
 2.82500000000000000e+02 2.83125000000000000e+02 1.35353847989581498e-03 2.67752182978029361e-06
 2.83125000000000000e+02 2.83750000000000000e+02 1.33588049956179060e-03 2.56550195400346218e-06
 2.83750000000000000e+02 2.84375000000000000e+02 1.31195365516336717e-03 2.52002434503917794e-06
 2.84375000000000000e+02 2.85000000000000000e+02 1.29692430599535305e-03 2.55005984243107938e-06
 2.85000000000000000e+02 2.85625000000000000e+02 1.26870988642780336e-03 2.72064069034628936e-06
 2.85625000000000000e+02 2.86250000000000000e+02 1.24475790635619039e-03 2.47304366996325962e-06
 2.86250000000000000e+02 2.86875000000000000e+02 1.22534444768890543e-03 2.54715447252043902e-06
 2.86875000000000000e+02 2.87500000000000000e+02 1.20360337086146472e-03 2.51282959033413362e-06
 2.87500000000000000e+02 2.88125000000000000e+02 1.18550600775067750e-03 2.77450921512959174e-06
 2.88125000000000000e+02 2.88750000000000000e+02 1.15748742352630865e-03 2.42577712584782752e-06
 2.88750000000000000e+02 2.89375000000000000e+02 1.13561233005446296e-03 2.61092268027757054e-06
 2.89375000000000000e+02 2.90000000000000000e+02 1.10843006861637548e-03 2.38610877402202177e-06
 2.90000000000000000e+02 2.90625000000000000e+02 1.09222959148057384e-03 2.37634003326549091e-06
 2.90625000000000000e+02 2.91250000000000000e+02 1.06832277203458190e-03 2.37309350633837626e-06
 2.91250000000000000e+02 2.91875000000000000e+02 1.04080705950068252e-03 2.38629107129419639e-06
 2.91875000000000000e+02 2.92500000000000000e+02 1.01261604494208373e-03 2.34255676037567402e-06
 2.92500000000000000e+02 2.93125000000000000e+02 9.90843223470593741e-04 2.29578510251094008e-06
 2.93125000000000000e+02 2.93750000000000000e+02 9.64589851079151778e-04 2.34859075950986078e-06
 2.93750000000000000e+02 2.94375000000000000e+02 9.38645596900192789e-04 2.30931891446995152e-06
 2.94375000000000000e+02 2.95000000000000000e+02 9.10446238285458399e-04 2.51826277339517269e-06
 2.95000000000000000e+02 2.95625000000000000e+02 8.84729259640872176e-04 2.35820287893238443e-06
 2.95625000000000000e+02 2.96250000000000000e+02 8.56697718621371625e-04 2.27591341107306351e-06
 2.96250000000000000e+02 2.96875000000000000e+02 8.31831716321115161e-04 2.66218113078195546e-06
 2.96875000000000000e+02 2.97500000000000000e+02 8.03343606314308530e-04 2.53263037163856783e-06
 2.97500000000000000e+02 2.98125000000000000e+02 7.70465168980681895e-04 2.24241942837626482e-06
 2.98125000000000000e+02 2.98750000000000000e+02 7.40407537098493394e-04 2.35671656947537828e-06
 2.98750000000000000e+02 2.99375000000000000e+02 7.09066298892540550e-04 2.84665392487554697e-06
 2.99375000000000000e+02 3.00000000000000000e+02 6.72096958687898338e-04 2.18314101165798421e-06
 3.00000000000000000e+02 3.00625000000000000e+02 6.40545220135152146e-04 2.06073849636684861e-06
 3.00625000000000000e+02 3.01250000000000000e+02 6.05040708666749029e-04 2.04545034008733291e-06
 3.01250000000000000e+02 3.01875000000000000e+02 5.74564078043773765e-04 4.22797900342531660e-06
 3.01875000000000000e+02 3.02500000000000000e+02 5.31291916345328209e-04 1.96341765136573939e-06
 3.02500000000000000e+02 3.03125000000000000e+02 4.96685019560767034e-04 1.94062315961318446e-06
 3.03125000000000000e+02 3.03750000000000000e+02 4.55386145568039942e-04 1.91727534238020129e-06
 3.03750000000000000e+02 3.04375000000000000e+02 4.15116646242028574e-04 2.17169594737121231e-06
 3.04375000000000000e+02 3.05000000000000000e+02 3.71835214709728451e-04 1.71901180330131706e-06
 3.05000000000000000e+02 3.05625000000000000e+02 3.29149339440843423e-04 1.82867962716260434e-06
 3.05625000000000000e+02 3.06250000000000000e+02 2.78973354191835760e-04 1.61211974745105176e-06
 3.06250000000000000e+02 3.06875000000000000e+02 2.32343185120589032e-04 1.63405625508215031e-06
 3.06875000000000000e+02 3.07500000000000000e+02 1.84511881027716462e-04 1.47301345132914483e-06
 3.07500000000000000e+02 3.08125000000000000e+02 1.29211266921859920e-04 1.30514695653327255e-06
 3.08125000000000000e+02 3.08750000000000000e+02 7.84311590409103869e-05 1.07864419622268534e-06
 3.08750000000000000e+02 3.09375000000000000e+02 3.03404948515981081e-05 7.61820180407497909e-07
 3.09375000000000000e+02 3.10000000000000000e+02 9.89053359742381146e-06 4.73190754722189555e-07
 3.10000000000000000e+02 3.10625000000000000e+02 3.57722458339319328e-06 2.88034684949766361e-07
 3.10625000000000000e+02 3.11250000000000000e+02 8.34028325192529236e-07 1.02638030522930876e-07
 3.11250000000000000e+02 3.11875000000000000e+02 4.59614075203032404e-08 1.33238902137365637e-08
 3.11875000000000000e+02 3.12500000000000000e+02 0.00000000000000000e+00 0.00000000000000000e+00
 3.12500000000000000e+02 3.13125000000000000e+02 0.00000000000000000e+00 0.00000000000000000e+00
 3.13125000000000000e+02 3.13750000000000000e+02 0.00000000000000000e+00 0.00000000000000000e+00
 3.13750000000000000e+02 3.14375000000000000e+02 0.00000000000000000e+00 0.00000000000000000e+00
 3.14375000000000000e+02 3.15000000000000000e+02 0.00000000000000000e+00 0.00000000000000000e+00
 3.15000000000000000e+02 3.15625000000000000e+02 0.00000000000000000e+00 0.00000000000000000e+00
 3.15625000000000000e+02 3.16250000000000000e+02 0.00000000000000000e+00 0.00000000000000000e+00
 3.16250000000000000e+02 3.16875000000000000e+02 0.00000000000000000e+00 0.00000000000000000e+00
 3.16875000000000000e+02 3.17500000000000000e+02 0.00000000000000000e+00 0.00000000000000000e+00
 3.17500000000000000e+02 3.18125000000000000e+02 0.00000000000000000e+00 0.00000000000000000e+00
 3.18125000000000000e+02 3.18750000000000000e+02 0.00000000000000000e+00 0.00000000000000000e+00
 3.18750000000000000e+02 3.19375000000000000e+02 0.00000000000000000e+00 0.00000000000000000e+00
 3.19375000000000000e+02 3.20000000000000000e+02 0.00000000000000000e+00 0.00000000000000000e+00
 3.20000000000000000e+02 3.20625000000000000e+02 0.00000000000000000e+00 0.00000000000000000e+00
 3.20625000000000000e+02 3.21250000000000000e+02 0.00000000000000000e+00 0.00000000000000000e+00
 3.21250000000000000e+02 3.21875000000000000e+02 0.00000000000000000e+00 0.00000000000000000e+00
 3.21875000000000000e+02 3.22500000000000000e+02 0.00000000000000000e+00 0.00000000000000000e+00
 3.22500000000000000e+02 3.23125000000000000e+02 0.00000000000000000e+00 0.00000000000000000e+00
 3.23125000000000000e+02 3.23750000000000000e+02 0.00000000000000000e+00 0.00000000000000000e+00
 3.23750000000000000e+02 3.24375000000000000e+02 0.00000000000000000e+00 0.00000000000000000e+00
 3.24375000000000000e+02 3.25000000000000000e+02 0.00000000000000000e+00 0.00000000000000000e+00
 3.25000000000000000e+02 3.25625000000000000e+02 0.00000000000000000e+00 0.00000000000000000e+00
 3.25625000000000000e+02 3.26250000000000000e+02 0.00000000000000000e+00 0.00000000000000000e+00
 3.26250000000000000e+02 3.26875000000000000e+02 0.00000000000000000e+00 0.00000000000000000e+00
 3.26875000000000000e+02 3.27500000000000000e+02 0.00000000000000000e+00 0.00000000000000000e+00
 3.27500000000000000e+02 3.28125000000000000e+02 0.00000000000000000e+00 0.00000000000000000e+00
 3.28125000000000000e+02 3.28750000000000000e+02 0.00000000000000000e+00 0.00000000000000000e+00
 3.28750000000000000e+02 3.29375000000000000e+02 0.00000000000000000e+00 0.00000000000000000e+00
 3.29375000000000000e+02 3.30000000000000000e+02 0.00000000000000000e+00 0.00000000000000000e+00
 3.30000000000000000e+02 3.30625000000000000e+02 0.00000000000000000e+00 0.00000000000000000e+00
 3.30625000000000000e+02 3.31250000000000000e+02 0.00000000000000000e+00 0.00000000000000000e+00
 3.31250000000000000e+02 3.31875000000000000e+02 0.00000000000000000e+00 0.00000000000000000e+00
 3.31875000000000000e+02 3.32500000000000000e+02 0.00000000000000000e+00 0.00000000000000000e+00
 3.32500000000000000e+02 3.33125000000000000e+02 0.00000000000000000e+00 0.00000000000000000e+00
 3.33125000000000000e+02 3.33750000000000000e+02 0.00000000000000000e+00 0.00000000000000000e+00
 3.33750000000000000e+02 3.34375000000000000e+02 0.00000000000000000e+00 0.00000000000000000e+00
 3.34375000000000000e+02 3.35000000000000000e+02 0.00000000000000000e+00 0.00000000000000000e+00
 3.35000000000000000e+02 3.35625000000000000e+02 0.00000000000000000e+00 0.00000000000000000e+00
 3.35625000000000000e+02 3.36250000000000000e+02 0.00000000000000000e+00 0.00000000000000000e+00
 3.36250000000000000e+02 3.36875000000000000e+02 0.00000000000000000e+00 0.00000000000000000e+00
 3.36875000000000000e+02 3.37500000000000000e+02 0.00000000000000000e+00 0.00000000000000000e+00
 3.37500000000000000e+02 3.38125000000000000e+02 0.00000000000000000e+00 0.00000000000000000e+00
 3.38125000000000000e+02 3.38750000000000000e+02 0.00000000000000000e+00 0.00000000000000000e+00
 3.38750000000000000e+02 3.39375000000000000e+02 0.00000000000000000e+00 0.00000000000000000e+00
 3.39375000000000000e+02 3.40000000000000000e+02 0.00000000000000000e+00 0.00000000000000000e+00
 3.40000000000000000e+02 3.40625000000000000e+02 0.00000000000000000e+00 0.00000000000000000e+00
 3.40625000000000000e+02 3.41250000000000000e+02 0.00000000000000000e+00 0.00000000000000000e+00
 3.41250000000000000e+02 3.41875000000000000e+02 0.00000000000000000e+00 0.00000000000000000e+00
 3.41875000000000000e+02 3.42500000000000000e+02 0.00000000000000000e+00 0.00000000000000000e+00
 3.42500000000000000e+02 3.43125000000000000e+02 0.00000000000000000e+00 0.00000000000000000e+00
 3.43125000000000000e+02 3.43750000000000000e+02 0.00000000000000000e+00 0.00000000000000000e+00
 3.43750000000000000e+02 3.44375000000000000e+02 0.00000000000000000e+00 0.00000000000000000e+00
 3.44375000000000000e+02 3.45000000000000000e+02 0.00000000000000000e+00 0.00000000000000000e+00
 3.45000000000000000e+02 3.45625000000000000e+02 0.00000000000000000e+00 0.00000000000000000e+00
 3.45625000000000000e+02 3.46250000000000000e+02 0.00000000000000000e+00 0.00000000000000000e+00
 3.46250000000000000e+02 3.46875000000000000e+02 0.00000000000000000e+00 0.00000000000000000e+00
 3.46875000000000000e+02 3.47500000000000000e+02 0.00000000000000000e+00 0.00000000000000000e+00
 3.47500000000000000e+02 3.48125000000000000e+02 0.00000000000000000e+00 0.00000000000000000e+00
 3.48125000000000000e+02 3.48750000000000000e+02 0.00000000000000000e+00 0.00000000000000000e+00
 3.48750000000000000e+02 3.49375000000000000e+02 0.00000000000000000e+00 0.00000000000000000e+00
 3.49375000000000000e+02 3.50000000000000000e+02 0.00000000000000000e+00 0.00000000000000000e+00
 3.50000000000000000e+02 3.50625000000000000e+02 0.00000000000000000e+00 0.00000000000000000e+00
 3.50625000000000000e+02 3.51250000000000000e+02 0.00000000000000000e+00 0.00000000000000000e+00
 3.51250000000000000e+02 3.51875000000000000e+02 0.00000000000000000e+00 0.00000000000000000e+00
 3.51875000000000000e+02 3.52500000000000000e+02 0.00000000000000000e+00 0.00000000000000000e+00
 3.52500000000000000e+02 3.53125000000000000e+02 0.00000000000000000e+00 0.00000000000000000e+00
 3.53125000000000000e+02 3.53750000000000000e+02 0.00000000000000000e+00 0.00000000000000000e+00
 3.53750000000000000e+02 3.54375000000000000e+02 0.00000000000000000e+00 0.00000000000000000e+00
 3.54375000000000000e+02 3.55000000000000000e+02 0.00000000000000000e+00 0.00000000000000000e+00
 3.55000000000000000e+02 3.55625000000000000e+02 0.00000000000000000e+00 0.00000000000000000e+00
 3.55625000000000000e+02 3.56250000000000000e+02 0.00000000000000000e+00 0.00000000000000000e+00
 3.56250000000000000e+02 3.56875000000000000e+02 0.00000000000000000e+00 0.00000000000000000e+00
 3.56875000000000000e+02 3.57500000000000000e+02 0.00000000000000000e+00 0.00000000000000000e+00
 3.57500000000000000e+02 3.58125000000000000e+02 0.00000000000000000e+00 0.00000000000000000e+00
 3.58125000000000000e+02 3.58750000000000000e+02 0.00000000000000000e+00 0.00000000000000000e+00
 3.58750000000000000e+02 3.59375000000000000e+02 0.00000000000000000e+00 0.00000000000000000e+00
 3.59375000000000000e+02 3.60000000000000000e+02 0.00000000000000000e+00 0.00000000000000000e+00
 3.60000000000000000e+02 3.60625000000000000e+02 0.00000000000000000e+00 0.00000000000000000e+00
 3.60625000000000000e+02 3.61250000000000000e+02 0.00000000000000000e+00 0.00000000000000000e+00
 3.61250000000000000e+02 3.61875000000000000e+02 0.00000000000000000e+00 0.00000000000000000e+00
 3.61875000000000000e+02 3.62500000000000000e+02 0.00000000000000000e+00 0.00000000000000000e+00
 3.62500000000000000e+02 3.63125000000000000e+02 0.00000000000000000e+00 0.00000000000000000e+00
 3.63125000000000000e+02 3.63750000000000000e+02 0.00000000000000000e+00 0.00000000000000000e+00
 3.63750000000000000e+02 3.64375000000000000e+02 0.00000000000000000e+00 0.00000000000000000e+00
 3.64375000000000000e+02 3.65000000000000000e+02 0.00000000000000000e+00 0.00000000000000000e+00
 3.65000000000000000e+02 3.65625000000000000e+02 0.00000000000000000e+00 0.00000000000000000e+00
 3.65625000000000000e+02 3.66250000000000000e+02 0.00000000000000000e+00 0.00000000000000000e+00
 3.66250000000000000e+02 3.66875000000000000e+02 0.00000000000000000e+00 0.00000000000000000e+00
 3.66875000000000000e+02 3.67500000000000000e+02 0.00000000000000000e+00 0.00000000000000000e+00
 3.67500000000000000e+02 3.68125000000000000e+02 0.00000000000000000e+00 0.00000000000000000e+00
 3.68125000000000000e+02 3.68750000000000000e+02 0.00000000000000000e+00 0.00000000000000000e+00
 3.68750000000000000e+02 3.69375000000000000e+02 0.00000000000000000e+00 0.00000000000000000e+00
 3.69375000000000000e+02 3.70000000000000000e+02 0.00000000000000000e+00 0.00000000000000000e+00
 3.70000000000000000e+02 3.70625000000000000e+02 0.00000000000000000e+00 0.00000000000000000e+00
 3.70625000000000000e+02 3.71250000000000000e+02 0.00000000000000000e+00 0.00000000000000000e+00
 3.71250000000000000e+02 3.71875000000000000e+02 0.00000000000000000e+00 0.00000000000000000e+00
 3.71875000000000000e+02 3.72500000000000000e+02 0.00000000000000000e+00 0.00000000000000000e+00
 3.72500000000000000e+02 3.73125000000000000e+02 0.00000000000000000e+00 0.00000000000000000e+00
 3.73125000000000000e+02 3.73750000000000000e+02 0.00000000000000000e+00 0.00000000000000000e+00
 3.73750000000000000e+02 3.74375000000000000e+02 0.00000000000000000e+00 0.00000000000000000e+00
 3.74375000000000000e+02 3.75000000000000000e+02 0.00000000000000000e+00 0.00000000000000000e+00

Histogram:spz-
 2.00000000000000000e+02 2.00500000000000000e+02 3.77131869268968779e-03 4.00572006549619601e-06
 2.00500000000000000e+02 2.01000000000000000e+02 3.76594063590462253e-03 3.98013852836883141e-06
 2.01000000000000000e+02 2.01500000000000000e+02 3.75528015769557681e-03 4.03756273532594095e-06
 2.01500000000000000e+02 2.02000000000000000e+02 3.74474874521787873e-03 4.02517887896892422e-06
 2.02000000000000000e+02 2.02500000000000000e+02 3.74424772411360201e-03 4.06416244349185193e-06
 2.02500000000000000e+02 2.03000000000000000e+02 3.73596132269075508e-03 3.99329721092027609e-06
 2.03000000000000000e+02 2.03500000000000000e+02 3.72457900912440219e-03 4.12491252931738083e-06
 2.03500000000000000e+02 2.04000000000000000e+02 3.71487510689701844e-03 4.03565096867235037e-06
 2.04000000000000000e+02 2.04500000000000000e+02 3.71430613197710428e-03 4.04457354351085367e-06
 2.04500000000000000e+02 2.05000000000000000e+02 3.71450534327370276e-03 4.07914524159207745e-06
 2.05000000000000000e+02 2.05500000000000000e+02 3.68857527530692562e-03 4.04316944620195300e-06
 2.05500000000000000e+02 2.06000000000000000e+02 3.67881653512100925e-03 3.94163423462268438e-06
 2.06000000000000000e+02 2.06500000000000000e+02 3.68506860126552836e-03 4.18141531218820051e-06
 2.06500000000000000e+02 2.07000000000000000e+02 3.65904231929319989e-03 3.90245282713445165e-06
 2.07000000000000000e+02 2.07500000000000000e+02 3.65944737070638803e-03 4.18387579387206917e-06
 2.07500000000000000e+02 2.08000000000000000e+02 3.64216849895934985e-03 3.98610198486627864e-06
 2.08000000000000000e+02 2.08500000000000000e+02 3.63709822963323827e-03 3.81049520996325399e-06
 2.08500000000000000e+02 2.09000000000000000e+02 3.64280392518698867e-03 4.32662922142490414e-06
 2.09000000000000000e+02 2.09500000000000000e+02 3.62922683128323034e-03 4.10858796283689406e-06
 2.09500000000000000e+02 2.10000000000000000e+02 3.62680367595592541e-03 6.21661427563374679e-06
 2.10000000000000000e+02 2.10500000000000000e+02 3.61367519291180134e-03 3.84258349844316798e-06
 2.10500000000000000e+02 2.11000000000000000e+02 3.59935996678971892e-03 4.10588893841445263e-06
 2.11000000000000000e+02 2.11500000000000000e+02 3.58731593613337459e-03 3.97036471825092785e-06
 2.11500000000000000e+02 2.12000000000000000e+02 3.57834695493399911e-03 4.57103017342617618e-06
 2.12000000000000000e+02 2.12500000000000000e+02 3.56903069340606645e-03 3.80395264760518322e-06
 2.12500000000000000e+02 2.13000000000000000e+02 3.56998636154532301e-03 4.10957133279592402e-06
 2.13000000000000000e+02 2.13500000000000000e+02 3.55230038924295166e-03 3.78849121882194037e-06
 2.13500000000000000e+02 2.14000000000000000e+02 3.53943613831632017e-03 3.88419116893252669e-06
 2.14000000000000000e+02 2.14500000000000000e+02 3.52967915520143328e-03 3.95239981639136461e-06
 2.14500000000000000e+02 2.15000000000000000e+02 3.52056688034128830e-03 3.89401348008980422e-06
 2.15000000000000000e+02 2.15500000000000000e+02 3.51760829968471083e-03 3.76532877200173255e-06
 2.15500000000000000e+02 2.16000000000000000e+02 3.50159551465756020e-03 3.97937086063096599e-06
 2.16000000000000000e+02 2.16500000000000000e+02 3.49155586324196004e-03 3.81427429597100012e-06
 2.16500000000000000e+02 2.17000000000000000e+02 3.48345794544195403e-03 3.84667184089567580e-06
 2.17000000000000000e+02 2.17500000000000000e+02 3.46754994318216204e-03 4.04389941734982063e-06
 2.17500000000000000e+02 2.18000000000000000e+02 3.45106983973718319e-03 3.74204719608614539e-06
 2.18000000000000000e+02 2.18500000000000000e+02 3.44257493316353245e-03 3.80730090048204755e-06
 2.18500000000000000e+02 2.19000000000000000e+02 3.42657020640468619e-03 3.84998603448142508e-06
 2.19000000000000000e+02 2.19500000000000000e+02 3.41065803975330178e-03 3.66885990991691854e-06
 2.19500000000000000e+02 2.20000000000000000e+02 3.40371670661482675e-03 3.70907034736170371e-06
 2.20000000000000000e+02 2.20500000000000000e+02 3.38999003070338282e-03 3.80204927140381606e-06
 2.20500000000000000e+02 2.21000000000000000e+02 3.37467367085241606e-03 3.65400188944853873e-06
 2.21000000000000000e+02 2.21500000000000000e+02 3.36828286726785584e-03 3.76705987866631872e-06
 2.21500000000000000e+02 2.22000000000000000e+02 3.34848991620151316e-03 3.51183206358560929e-06
 2.22000000000000000e+02 2.22500000000000000e+02 3.32710878317156325e-03 3.69401448247101674e-06
 2.22500000000000000e+02 2.23000000000000000e+02 3.31245278955073818e-03 3.64144048512461060e-06
 2.23000000000000000e+02 2.23500000000000000e+02 3.30319775087928487e-03 3.56862645762682403e-06
 2.23500000000000000e+02 2.24000000000000000e+02 3.28316596072750167e-03 3.46661959677852272e-06
 2.24000000000000000e+02 2.24500000000000000e+02 3.27652138887994226e-03 3.58962358769106837e-06
 2.24500000000000000e+02 2.25000000000000000e+02 3.25928629347258881e-03 3.74933970397405355e-06
 2.25000000000000000e+02 2.25500000000000000e+02 3.24315177950323117e-03 3.67751454414972130e-06
 2.25500000000000000e+02 2.26000000000000000e+02 3.23243498214608339e-03 3.80837611952651623e-06
 2.26000000000000000e+02 2.26500000000000000e+02 3.21064770471667180e-03 3.43507294966557220e-06
 2.26500000000000000e+02 2.27000000000000000e+02 3.20003718644412639e-03 3.64271590981127702e-06
 2.27000000000000000e+02 2.27500000000000000e+02 3.18602150246850716e-03 3.52795676683132855e-06
 2.27500000000000000e+02 2.28000000000000000e+02 3.17242008066834528e-03 3.66114740571830627e-06
 2.28000000000000000e+02 2.28500000000000000e+02 3.15471405074345748e-03 3.50235786403054672e-06
 2.28500000000000000e+02 2.29000000000000000e+02 3.13591182036715953e-03 3.48355522606274649e-06
 2.29000000000000000e+02 2.29500000000000000e+02 3.12504472375414516e-03 3.40035059738027324e-06
 2.29500000000000000e+02 2.30000000000000000e+02 3.11213182411897941e-03 3.50036727814539540e-06
 2.30000000000000000e+02 2.30500000000000000e+02 3.09551088869079206e-03 3.42173481370600891e-06
 2.30500000000000000e+02 2.31000000000000000e+02 3.07721529371819073e-03 3.41200235942682063e-06
 2.31000000000000000e+02 2.31500000000000000e+02 3.05997576394833899e-03 3.36604606837659580e-06
 2.31500000000000000e+02 2.32000000000000000e+02 3.04748128437969112e-03 3.39635261801544995e-06
 2.32000000000000000e+02 2.32500000000000000e+02 3.03240893310148573e-03 3.45279765661958869e-06
 2.32500000000000000e+02 2.33000000000000000e+02 3.02158674319659513e-03 3.65536514569131638e-06
 2.33000000000000000e+02 2.33500000000000000e+02 3.00652451905687994e-03 3.60769880525915227e-06
 2.33500000000000000e+02 2.34000000000000000e+02 2.98894774865819191e-03 3.29276540452429722e-06
 2.34000000000000000e+02 2.34500000000000000e+02 2.97176445178306669e-03 3.62447632893840311e-06
 2.34500000000000000e+02 2.35000000000000000e+02 2.95691084005296218e-03 3.42601970093701516e-06
 2.35000000000000000e+02 2.35500000000000000e+02 2.94027358473646517e-03 3.46163325095675521e-06
 2.35500000000000000e+02 2.36000000000000000e+02 2.92916467105841559e-03 3.39247167996269741e-06
 2.36000000000000000e+02 2.36500000000000000e+02 2.90322739135799547e-03 3.19350260261749117e-06
 2.36500000000000000e+02 2.37000000000000000e+02 2.89407092321332165e-03 3.47966365716511986e-06
 2.37000000000000000e+02 2.37500000000000000e+02 2.87350672075856791e-03 3.27286708793666912e-06
 2.37500000000000000e+02 2.38000000000000000e+02 2.86164796218459213e-03 3.25476867364155792e-06
 2.38000000000000000e+02 2.38500000000000000e+02 2.84400361362994623e-03 3.44355003111440668e-06
 2.38500000000000000e+02 2.39000000000000000e+02 2.82377029758512860e-03 3.34020416918596438e-06
 2.39000000000000000e+02 2.39500000000000000e+02 2.81155273495799522e-03 3.28871593351339773e-06
 2.39500000000000000e+02 2.40000000000000000e+02 2.80233536092718396e-03 3.20810581873137565e-06
 2.40000000000000000e+02 2.40500000000000000e+02 2.78126461390424892e-03 3.29746153265972854e-06
 2.40500000000000000e+02 2.41000000000000000e+02 2.76118268667325476e-03 3.08299984390634465e-06
 2.41000000000000000e+02 2.41500000000000000e+02 2.75010840109912377e-03 3.36142180295222577e-06
 2.41500000000000000e+02 2.42000000000000000e+02 2.72848810842338035e-03 3.22929892304658909e-06
 2.42000000000000000e+02 2.42500000000000000e+02 2.71496553573858648e-03 3.17094574039894183e-06
 2.42500000000000000e+02 2.43000000000000000e+02 2.69760011107018569e-03 3.08257785472372089e-06
 2.43000000000000000e+02 2.43500000000000000e+02 2.68363814059432906e-03 3.34679404558814260e-06
 2.43500000000000000e+02 2.44000000000000000e+02 2.66109739555615539e-03 3.41703808169725595e-06
 2.44000000000000000e+02 2.44500000000000000e+02 2.64268145571030458e-03 3.23209072952470565e-06
 2.44500000000000000e+02 2.45000000000000000e+02 2.62941230841802530e-03 3.16816916837129983e-06
 2.45000000000000000e+02 2.45500000000000000e+02 2.61091828068884006e-03 3.20756035460387178e-06
 2.45500000000000000e+02 2.46000000000000000e+02 2.59715058603441577e-03 3.42514521132459471e-06
 2.46000000000000000e+02 2.46500000000000000e+02 2.58231427173088914e-03 3.07752573432223604e-06
 2.46500000000000000e+02 2.47000000000000000e+02 2.55766157398007671e-03 3.04533885695834685e-06
 2.47000000000000000e+02 2.47500000000000000e+02 2.53631836579167654e-03 3.07316496510703906e-06
 2.47500000000000000e+02 2.48000000000000000e+02 2.53175995875908619e-03 3.03607149090180777e-06
 2.48000000000000000e+02 2.48500000000000000e+02 2.50954777865917359e-03 3.18767914239103269e-06
 2.48500000000000000e+02 2.49000000000000000e+02 2.49401726811786717e-03 3.01932682582050879e-06
 2.49000000000000000e+02 2.49500000000000000e+02 2.47449744829124178e-03 2.91872250310984546e-06
 2.49500000000000000e+02 2.50000000000000000e+02 2.45571072916095021e-03 3.19400593622523726e-06
 2.50000000000000000e+02 2.50500000000000000e+02 2.43413754134461568e-03 2.99022459870640245e-06
 2.50500000000000000e+02 2.51000000000000000e+02 2.41988519100579894e-03 3.09828629500499071e-06
 2.51000000000000000e+02 2.51500000000000000e+02 2.39882828999224028e-03 2.97320521936469994e-06
 2.51500000000000000e+02 2.52000000000000000e+02 2.38894307952941878e-03 2.91475047168263278e-06
 2.52000000000000000e+02 2.52500000000000000e+02 2.36681884654064674e-03 3.14348060053233013e-06
 2.52500000000000000e+02 2.53000000000000000e+02 2.34982455215817197e-03 2.92730229178793404e-06
 2.53000000000000000e+02 2.53500000000000000e+02 2.32867275112775369e-03 2.97046846397020237e-06
 2.53500000000000000e+02 2.54000000000000000e+02 2.31642777541047435e-03 2.93257239406915909e-06
 2.54000000000000000e+02 2.54500000000000000e+02 2.29944414386680333e-03 3.83455049515306837e-06
 2.54500000000000000e+02 2.55000000000000000e+02 2.27708292564262477e-03 2.91229032007401849e-06
 2.55000000000000000e+02 2.55500000000000000e+02 2.25180539572493021e-03 2.78470877262171609e-06
 2.55500000000000000e+02 2.56000000000000000e+02 2.23935551465667378e-03 2.80247837771423393e-06
 2.56000000000000000e+02 2.56500000000000000e+02 2.22280235227025492e-03 3.20746556302876133e-06
 2.56500000000000000e+02 2.57000000000000000e+02 2.19951916261322674e-03 2.84053211930380986e-06
 2.57000000000000000e+02 2.57500000000000000e+02 2.18500512969223726e-03 2.95933719506622201e-06
 2.57500000000000000e+02 2.58000000000000000e+02 2.16283062405347960e-03 2.69141905983547642e-06
 2.58000000000000000e+02 2.58500000000000000e+02 2.14920930968964330e-03 2.67713371299550518e-06
 2.58500000000000000e+02 2.59000000000000000e+02 2.12746296032524868e-03 2.79599357061696331e-06
 2.59000000000000000e+02 2.59500000000000000e+02 2.10863575565063991e-03 2.88969629868910319e-06
 2.59500000000000000e+02 2.60000000000000000e+02 2.09489203388820702e-03 3.14391841452083354e-06
 2.60000000000000000e+02 2.60500000000000000e+02 2.06393800279369797e-03 2.65727646069759019e-06
 2.60500000000000000e+02 2.61000000000000000e+02 2.04930068108143040e-03 2.75868030695864550e-06
 2.61000000000000000e+02 2.61500000000000000e+02 2.03068565721013653e-03 2.59242749048358501e-06
 2.61500000000000000e+02 2.62000000000000000e+02 2.00852977752768308e-03 2.68467377226420571e-06
 2.62000000000000000e+02 2.62500000000000000e+02 1.98921391624061949e-03 2.66283627914918044e-06
 2.62500000000000000e+02 2.63000000000000000e+02 1.97386315284158462e-03 2.60243145545267699e-06
 2.63000000000000000e+02 2.63500000000000000e+02 1.94489944356007098e-03 2.44768882071861129e-06
 2.63500000000000000e+02 2.64000000000000000e+02 1.93449844971391367e-03 2.70333567424638965e-06
 2.64000000000000000e+02 2.64500000000000000e+02 1.91174899206342469e-03 2.46395217751273625e-06
 2.64500000000000000e+02 2.65000000000000000e+02 1.89001354033867296e-03 2.38747910435191383e-06
 2.65000000000000000e+02 2.65500000000000000e+02 1.87525826750914101e-03 2.43552232845127831e-06
 2.65500000000000000e+02 2.66000000000000000e+02 1.86358460316243205e-03 2.42168567655893138e-06
 2.66000000000000000e+02 2.66500000000000000e+02 1.84665238742181496e-03 2.40546023153264983e-06
 2.66500000000000000e+02 2.67000000000000000e+02 1.83093669998229697e-03 2.31208031383603710e-06
 2.67000000000000000e+02 2.67500000000000000e+02 1.81256860141862266e-03 2.38763401532773108e-06
 2.67500000000000000e+02 2.68000000000000000e+02 1.80240297233312356e-03 2.52864945990408249e-06
 2.68000000000000000e+02 2.68500000000000000e+02 1.78642086502849560e-03 2.33107059941495189e-06
 2.68500000000000000e+02 2.69000000000000000e+02 1.77775712270188038e-03 2.33012169068124155e-06
 2.69000000000000000e+02 2.69500000000000000e+02 1.76284593583321656e-03 2.33186924641404506e-06
 2.69500000000000000e+02 2.70000000000000000e+02 1.74790475627509549e-03 2.47447875390964699e-06
 2.70000000000000000e+02 2.70500000000000000e+02 1.73106509907880479e-03 2.27592330077979327e-06
 2.70500000000000000e+02 2.71000000000000000e+02 1.71641773215373285e-03 2.25787185037635640e-06
 2.71000000000000000e+02 2.71500000000000000e+02 1.70267064014073414e-03 2.28640466520769049e-06
 2.71500000000000000e+02 2.72000000000000000e+02 1.68792761788170097e-03 2.79003569173995226e-06
 2.72000000000000000e+02 2.72500000000000000e+02 1.67121582472688746e-03 2.18781460958190951e-06
 2.72500000000000000e+02 2.73000000000000000e+02 1.66137276001193440e-03 2.87036401489823374e-06
 2.73000000000000000e+02 2.73500000000000000e+02 1.64591477694771065e-03 2.27757141551268170e-06
 2.73500000000000000e+02 2.74000000000000000e+02 1.63360063713458340e-03 2.20629106103792381e-06
 2.74000000000000000e+02 2.74500000000000000e+02 1.61730176337141125e-03 2.15502845564201847e-06
 2.74500000000000000e+02 2.75000000000000000e+02 1.60048063726933327e-03 2.18241666898574853e-06
 2.75000000000000000e+02 2.75500000000000000e+02 1.58960622950118902e-03 2.19468644474120749e-06
 2.75500000000000000e+02 2.76000000000000000e+02 1.57235660282951462e-03 2.25503707440055767e-06
 2.76000000000000000e+02 2.76500000000000000e+02 1.55834002898334011e-03 2.12864014332280793e-06
 2.76500000000000000e+02 2.77000000000000000e+02 1.54502942608176694e-03 2.14192073115126368e-06
 2.77000000000000000e+02 2.77500000000000000e+02 1.52771438982672093e-03 2.26442750559134886e-06
 2.77500000000000000e+02 2.78000000000000000e+02 1.51609616068524395e-03 2.52043559313438504e-06
 2.78000000000000000e+02 2.78500000000000000e+02 1.49995552684600072e-03 2.63439062636545513e-06
 2.78500000000000000e+02 2.79000000000000000e+02 1.48664287417956190e-03 2.19097353851376805e-06
 2.79000000000000000e+02 2.79500000000000000e+02 1.46636855980125528e-03 2.26997808275310354e-06
 2.79500000000000000e+02 2.80000000000000000e+02 1.44980884101588510e-03 2.59768126682049217e-06
 2.80000000000000000e+02 2.80500000000000000e+02 1.43539876880163135e-03 2.14827309958836409e-06
 2.80500000000000000e+02 2.81000000000000000e+02 1.41943336086399721e-03 2.09444817641936100e-06
 2.81000000000000000e+02 2.81500000000000000e+02 1.39940585804918796e-03 2.12743272637101999e-06
 2.81500000000000000e+02 2.82000000000000000e+02 1.38548249370116258e-03 2.19613548147585198e-06
 2.82000000000000000e+02 2.82500000000000000e+02 1.36950710226644190e-03 1.97207428645052776e-06
 2.82500000000000000e+02 2.83000000000000000e+02 1.35402853391680287e-03 1.95608162317331537e-06
 2.83000000000000000e+02 2.83500000000000000e+02 1.33930907557430192e-03 2.11651161644070000e-06
 2.83500000000000000e+02 2.84000000000000000e+02 1.32210595059419045e-03 1.99293736285225640e-06
 2.84000000000000000e+02 2.84500000000000000e+02 1.30750888487835243e-03 2.19336661017759723e-06
 2.84500000000000000e+02 2.85000000000000000e+02 1.29103073944526118e-03 2.13117547663408294e-06
 2.85000000000000000e+02 2.85500000000000000e+02 1.27384006529143701e-03 2.26643654524598464e-06
 2.85500000000000000e+02 2.86000000000000000e+02 1.25394093610589424e-03 1.96924628498570950e-06
 2.86000000000000000e+02 2.86500000000000000e+02 1.23939124852629140e-03 2.05030220660127083e-06
 2.86500000000000000e+02 2.87000000000000000e+02 1.21707198801532528e-03 2.03989622500269051e-06
 2.87000000000000000e+02 2.87500000000000000e+02 1.20302119269391082e-03 1.93129188671955072e-06
 2.87500000000000000e+02 2.88000000000000000e+02 1.18222157777132840e-03 1.83838595473187154e-06
 2.88000000000000000e+02 2.88500000000000000e+02 1.16486567192891351e-03 1.85805211291739489e-06
 2.88500000000000000e+02 2.89000000000000000e+02 1.14609281378823301e-03 1.83822165188138343e-06
 2.89000000000000000e+02 2.89500000000000000e+02 1.12602999431401238e-03 1.80209119765223253e-06
 2.89500000000000000e+02 2.90000000000000000e+02 1.10960419870088770e-03 1.88399094134976886e-06
 2.90000000000000000e+02 2.90500000000000000e+02 1.09111186099405803e-03 1.75270297652119077e-06
 2.90500000000000000e+02 2.91000000000000000e+02 1.07361644978700007e-03 1.81331604329467464e-06
 2.91000000000000000e+02 2.91500000000000000e+02 1.05317778814464696e-03 1.76675732027397359e-06
 2.91500000000000000e+02 2.92000000000000000e+02 1.03164662905563288e-03 1.81906675139967108e-06
 2.92000000000000000e+02 2.92500000000000000e+02 1.01779466066127182e-03 1.96318399690235020e-06
 2.92500000000000000e+02 2.93000000000000000e+02 9.93853517903306666e-04 1.67351656370796876e-06
 2.93000000000000000e+02 2.93500000000000000e+02 9.72901763324597515e-04 1.82575218764318202e-06
 2.93500000000000000e+02 2.94000000000000000e+02 9.52357854344302690e-04 1.70729346363019638e-06
 2.94000000000000000e+02 2.94500000000000000e+02 9.31535571894502178e-04 1.66156523972917626e-06
 2.94500000000000000e+02 2.95000000000000000e+02 9.10119548504581522e-04 1.63429347885672747e-06
 2.95000000000000000e+02 2.95500000000000000e+02 8.86088032699931241e-04 1.85122366990538584e-06
 2.95500000000000000e+02 2.96000000000000000e+02 8.64777085532190222e-04 1.73730910996913315e-06
 2.96000000000000000e+02 2.96500000000000000e+02 8.42451541207242028e-04 1.77846495359788734e-06
 2.96500000000000000e+02 2.97000000000000000e+02 8.20638709431402024e-04 1.54497085889805015e-06
 2.97000000000000000e+02 2.97500000000000000e+02 7.93524133078363420e-04 1.57200079510231541e-06
 2.97500000000000000e+02 2.98000000000000000e+02 7.73462294513681281e-04 1.55715776663064610e-06
 2.98000000000000000e+02 2.98500000000000000e+02 7.48077775908924229e-04 1.57020324704820744e-06
 2.98500000000000000e+02 2.99000000000000000e+02 7.21109356473762886e-04 1.49620062054874171e-06
 2.99000000000000000e+02 2.99500000000000000e+02 6.93172137761985884e-04 1.43270536787649757e-06
 2.99500000000000000e+02 3.00000000000000000e+02 6.73156668224499013e-04 1.43403273100077736e-06
 3.00000000000000000e+02 3.00500000000000000e+02 6.43828322481781231e-04 1.55647353808961268e-06
 3.00500000000000000e+02 3.01000000000000000e+02 6.17334946343846801e-04 1.43220247758925542e-06
 3.01000000000000000e+02 3.01500000000000000e+02 5.90572133352193474e-04 1.40196848541853445e-06
 3.01500000000000000e+02 3.02000000000000000e+02 5.59836563012231858e-04 1.39622997414328490e-06
 3.02000000000000000e+02 3.02500000000000000e+02 5.29721667611022270e-04 1.33007768434491512e-06
 3.02500000000000000e+02 3.03000000000000000e+02 5.00631533439971528e-04 1.28800867594070062e-06
 3.03000000000000000e+02 3.03500000000000000e+02 4.67422277678364024e-04 1.25168655202958828e-06
 3.03500000000000000e+02 3.04000000000000000e+02 4.36404270163560351e-04 1.44225710637956307e-06
 3.04000000000000000e+02 3.04500000000000000e+02 4.03227508291402058e-04 1.26220023157225912e-06
 3.04500000000000000e+02 3.05000000000000000e+02 3.68556651160597149e-04 1.13164423006118927e-06
 3.05000000000000000e+02 3.05500000000000000e+02 3.31014386549907506e-04 1.33579673433510275e-06
 3.05500000000000000e+02 3.06000000000000000e+02 2.95056556473739893e-04 1.01449711557001993e-06
 3.06000000000000000e+02 3.06500000000000000e+02 2.56063337741026394e-04 9.79028189126118065e-07
 3.06500000000000000e+02 3.07000000000000000e+02 2.16763434344512828e-04 8.74810209863296562e-07
 3.07000000000000000e+02 3.07500000000000000e+02 1.77550685066376978e-04 7.84789793468307912e-07
 3.07500000000000000e+02 3.08000000000000000e+02 1.35936955664763925e-04 7.86646541520562381e-07
 3.08000000000000000e+02 3.08500000000000000e+02 9.39923669077594143e-05 7.88835553747384898e-07
 3.08500000000000000e+02 3.09000000000000000e+02 5.36002490471203984e-05 1.19014424392447730e-06
 3.09000000000000000e+02 3.09500000000000000e+02 2.01632655030698773e-05 5.04948889166259781e-07
 3.09500000000000000e+02 3.10000000000000000e+02 8.80977671605290117e-06 2.47453101605615463e-07
 3.10000000000000000e+02 3.10500000000000000e+02 4.18839694989091121e-06 2.62315639616129852e-07
 3.10500000000000000e+02 3.11000000000000000e+02 1.39018189410190866e-06 9.90446227919760073e-08
 3.11000000000000000e+02 3.11500000000000000e+02 4.63601244370180829e-07 1.25091864629338865e-07
 3.11500000000000000e+02 3.12000000000000000e+02 2.48317992699646724e-08 1.69928907228094974e-08
 3.12000000000000000e+02 3.12500000000000000e+02 0.00000000000000000e+00 0.00000000000000000e+00
 3.12500000000000000e+02 3.13000000000000000e+02 0.00000000000000000e+00 0.00000000000000000e+00
 3.13000000000000000e+02 3.13500000000000000e+02 0.00000000000000000e+00 0.00000000000000000e+00
 3.13500000000000000e+02 3.14000000000000000e+02 0.00000000000000000e+00 0.00000000000000000e+00
 3.14000000000000000e+02 3.14500000000000000e+02 0.00000000000000000e+00 0.00000000000000000e+00
 3.14500000000000000e+02 3.15000000000000000e+02 0.00000000000000000e+00 0.00000000000000000e+00
 3.15000000000000000e+02 3.15500000000000000e+02 0.00000000000000000e+00 0.00000000000000000e+00
 3.15500000000000000e+02 3.16000000000000000e+02 0.00000000000000000e+00 0.00000000000000000e+00
 3.16000000000000000e+02 3.16500000000000000e+02 0.00000000000000000e+00 0.00000000000000000e+00
 3.16500000000000000e+02 3.17000000000000000e+02 0.00000000000000000e+00 0.00000000000000000e+00
 3.17000000000000000e+02 3.17500000000000000e+02 0.00000000000000000e+00 0.00000000000000000e+00
 3.17500000000000000e+02 3.18000000000000000e+02 0.00000000000000000e+00 0.00000000000000000e+00
 3.18000000000000000e+02 3.18500000000000000e+02 0.00000000000000000e+00 0.00000000000000000e+00
 3.18500000000000000e+02 3.19000000000000000e+02 0.00000000000000000e+00 0.00000000000000000e+00
 3.19000000000000000e+02 3.19500000000000000e+02 0.00000000000000000e+00 0.00000000000000000e+00
 3.19500000000000000e+02 3.20000000000000000e+02 0.00000000000000000e+00 0.00000000000000000e+00
 3.20000000000000000e+02 3.20500000000000000e+02 0.00000000000000000e+00 0.00000000000000000e+00
 3.20500000000000000e+02 3.21000000000000000e+02 0.00000000000000000e+00 0.00000000000000000e+00
 3.21000000000000000e+02 3.21500000000000000e+02 0.00000000000000000e+00 0.00000000000000000e+00
 3.21500000000000000e+02 3.22000000000000000e+02 0.00000000000000000e+00 0.00000000000000000e+00
 3.22000000000000000e+02 3.22500000000000000e+02 0.00000000000000000e+00 0.00000000000000000e+00
 3.22500000000000000e+02 3.23000000000000000e+02 0.00000000000000000e+00 0.00000000000000000e+00
 3.23000000000000000e+02 3.23500000000000000e+02 0.00000000000000000e+00 0.00000000000000000e+00
 3.23500000000000000e+02 3.24000000000000000e+02 0.00000000000000000e+00 0.00000000000000000e+00
 3.24000000000000000e+02 3.24500000000000000e+02 0.00000000000000000e+00 0.00000000000000000e+00
 3.24500000000000000e+02 3.25000000000000000e+02 0.00000000000000000e+00 0.00000000000000000e+00
 3.25000000000000000e+02 3.25500000000000000e+02 0.00000000000000000e+00 0.00000000000000000e+00
 3.25500000000000000e+02 3.26000000000000000e+02 0.00000000000000000e+00 0.00000000000000000e+00
 3.26000000000000000e+02 3.26500000000000000e+02 0.00000000000000000e+00 0.00000000000000000e+00
 3.26500000000000000e+02 3.27000000000000000e+02 0.00000000000000000e+00 0.00000000000000000e+00
 3.27000000000000000e+02 3.27500000000000000e+02 0.00000000000000000e+00 0.00000000000000000e+00
 3.27500000000000000e+02 3.28000000000000000e+02 0.00000000000000000e+00 0.00000000000000000e+00
 3.28000000000000000e+02 3.28500000000000000e+02 0.00000000000000000e+00 0.00000000000000000e+00
 3.28500000000000000e+02 3.29000000000000000e+02 0.00000000000000000e+00 0.00000000000000000e+00
 3.29000000000000000e+02 3.29500000000000000e+02 0.00000000000000000e+00 0.00000000000000000e+00
 3.29500000000000000e+02 3.30000000000000000e+02 0.00000000000000000e+00 0.00000000000000000e+00
 3.30000000000000000e+02 3.30500000000000000e+02 0.00000000000000000e+00 0.00000000000000000e+00
 3.30500000000000000e+02 3.31000000000000000e+02 0.00000000000000000e+00 0.00000000000000000e+00
 3.31000000000000000e+02 3.31500000000000000e+02 0.00000000000000000e+00 0.00000000000000000e+00
 3.31500000000000000e+02 3.32000000000000000e+02 0.00000000000000000e+00 0.00000000000000000e+00
 3.32000000000000000e+02 3.32500000000000000e+02 0.00000000000000000e+00 0.00000000000000000e+00
 3.32500000000000000e+02 3.33000000000000000e+02 0.00000000000000000e+00 0.00000000000000000e+00
 3.33000000000000000e+02 3.33500000000000000e+02 0.00000000000000000e+00 0.00000000000000000e+00
 3.33500000000000000e+02 3.34000000000000000e+02 0.00000000000000000e+00 0.00000000000000000e+00
 3.34000000000000000e+02 3.34500000000000000e+02 0.00000000000000000e+00 0.00000000000000000e+00
 3.34500000000000000e+02 3.35000000000000000e+02 0.00000000000000000e+00 0.00000000000000000e+00
 3.35000000000000000e+02 3.35500000000000000e+02 0.00000000000000000e+00 0.00000000000000000e+00
 3.35500000000000000e+02 3.36000000000000000e+02 0.00000000000000000e+00 0.00000000000000000e+00
 3.36000000000000000e+02 3.36500000000000000e+02 0.00000000000000000e+00 0.00000000000000000e+00
 3.36500000000000000e+02 3.37000000000000000e+02 0.00000000000000000e+00 0.00000000000000000e+00
 3.37000000000000000e+02 3.37500000000000000e+02 0.00000000000000000e+00 0.00000000000000000e+00
 3.37500000000000000e+02 3.38000000000000000e+02 0.00000000000000000e+00 0.00000000000000000e+00
 3.38000000000000000e+02 3.38500000000000000e+02 0.00000000000000000e+00 0.00000000000000000e+00
 3.38500000000000000e+02 3.39000000000000000e+02 0.00000000000000000e+00 0.00000000000000000e+00
 3.39000000000000000e+02 3.39500000000000000e+02 0.00000000000000000e+00 0.00000000000000000e+00
 3.39500000000000000e+02 3.40000000000000000e+02 0.00000000000000000e+00 0.00000000000000000e+00
 3.40000000000000000e+02 3.40500000000000000e+02 0.00000000000000000e+00 0.00000000000000000e+00
 3.40500000000000000e+02 3.41000000000000000e+02 0.00000000000000000e+00 0.00000000000000000e+00
 3.41000000000000000e+02 3.41500000000000000e+02 0.00000000000000000e+00 0.00000000000000000e+00
 3.41500000000000000e+02 3.42000000000000000e+02 0.00000000000000000e+00 0.00000000000000000e+00
 3.42000000000000000e+02 3.42500000000000000e+02 0.00000000000000000e+00 0.00000000000000000e+00
 3.42500000000000000e+02 3.43000000000000000e+02 0.00000000000000000e+00 0.00000000000000000e+00
 3.43000000000000000e+02 3.43500000000000000e+02 0.00000000000000000e+00 0.00000000000000000e+00
 3.43500000000000000e+02 3.44000000000000000e+02 0.00000000000000000e+00 0.00000000000000000e+00
 3.44000000000000000e+02 3.44500000000000000e+02 0.00000000000000000e+00 0.00000000000000000e+00
 3.44500000000000000e+02 3.45000000000000000e+02 0.00000000000000000e+00 0.00000000000000000e+00
 3.45000000000000000e+02 3.45500000000000000e+02 0.00000000000000000e+00 0.00000000000000000e+00
 3.45500000000000000e+02 3.46000000000000000e+02 0.00000000000000000e+00 0.00000000000000000e+00
 3.46000000000000000e+02 3.46500000000000000e+02 0.00000000000000000e+00 0.00000000000000000e+00
 3.46500000000000000e+02 3.47000000000000000e+02 0.00000000000000000e+00 0.00000000000000000e+00
 3.47000000000000000e+02 3.47500000000000000e+02 0.00000000000000000e+00 0.00000000000000000e+00
 3.47500000000000000e+02 3.48000000000000000e+02 0.00000000000000000e+00 0.00000000000000000e+00
 3.48000000000000000e+02 3.48500000000000000e+02 0.00000000000000000e+00 0.00000000000000000e+00
 3.48500000000000000e+02 3.49000000000000000e+02 0.00000000000000000e+00 0.00000000000000000e+00
 3.49000000000000000e+02 3.49500000000000000e+02 0.00000000000000000e+00 0.00000000000000000e+00
 3.49500000000000000e+02 3.50000000000000000e+02 0.00000000000000000e+00 0.00000000000000000e+00
 3.50000000000000000e+02 3.50500000000000000e+02 0.00000000000000000e+00 0.00000000000000000e+00
 3.50500000000000000e+02 3.51000000000000000e+02 0.00000000000000000e+00 0.00000000000000000e+00
 3.51000000000000000e+02 3.51500000000000000e+02 0.00000000000000000e+00 0.00000000000000000e+00
 3.51500000000000000e+02 3.52000000000000000e+02 0.00000000000000000e+00 0.00000000000000000e+00
 3.52000000000000000e+02 3.52500000000000000e+02 0.00000000000000000e+00 0.00000000000000000e+00
 3.52500000000000000e+02 3.53000000000000000e+02 0.00000000000000000e+00 0.00000000000000000e+00
 3.53000000000000000e+02 3.53500000000000000e+02 0.00000000000000000e+00 0.00000000000000000e+00
 3.53500000000000000e+02 3.54000000000000000e+02 0.00000000000000000e+00 0.00000000000000000e+00
 3.54000000000000000e+02 3.54500000000000000e+02 0.00000000000000000e+00 0.00000000000000000e+00
 3.54500000000000000e+02 3.55000000000000000e+02 0.00000000000000000e+00 0.00000000000000000e+00
 3.55000000000000000e+02 3.55500000000000000e+02 0.00000000000000000e+00 0.00000000000000000e+00
 3.55500000000000000e+02 3.56000000000000000e+02 0.00000000000000000e+00 0.00000000000000000e+00
 3.56000000000000000e+02 3.56500000000000000e+02 0.00000000000000000e+00 0.00000000000000000e+00
 3.56500000000000000e+02 3.57000000000000000e+02 0.00000000000000000e+00 0.00000000000000000e+00
 3.57000000000000000e+02 3.57500000000000000e+02 0.00000000000000000e+00 0.00000000000000000e+00
 3.57500000000000000e+02 3.58000000000000000e+02 0.00000000000000000e+00 0.00000000000000000e+00
 3.58000000000000000e+02 3.58500000000000000e+02 0.00000000000000000e+00 0.00000000000000000e+00
 3.58500000000000000e+02 3.59000000000000000e+02 0.00000000000000000e+00 0.00000000000000000e+00
 3.59000000000000000e+02 3.59500000000000000e+02 0.00000000000000000e+00 0.00000000000000000e+00
 3.59500000000000000e+02 3.60000000000000000e+02 0.00000000000000000e+00 0.00000000000000000e+00
 3.60000000000000000e+02 3.60500000000000000e+02 0.00000000000000000e+00 0.00000000000000000e+00
 3.60500000000000000e+02 3.61000000000000000e+02 0.00000000000000000e+00 0.00000000000000000e+00
 3.61000000000000000e+02 3.61500000000000000e+02 0.00000000000000000e+00 0.00000000000000000e+00
 3.61500000000000000e+02 3.62000000000000000e+02 0.00000000000000000e+00 0.00000000000000000e+00
 3.62000000000000000e+02 3.62500000000000000e+02 0.00000000000000000e+00 0.00000000000000000e+00
 3.62500000000000000e+02 3.63000000000000000e+02 0.00000000000000000e+00 0.00000000000000000e+00
 3.63000000000000000e+02 3.63500000000000000e+02 0.00000000000000000e+00 0.00000000000000000e+00
 3.63500000000000000e+02 3.64000000000000000e+02 0.00000000000000000e+00 0.00000000000000000e+00
 3.64000000000000000e+02 3.64500000000000000e+02 0.00000000000000000e+00 0.00000000000000000e+00
 3.64500000000000000e+02 3.65000000000000000e+02 0.00000000000000000e+00 0.00000000000000000e+00
 3.65000000000000000e+02 3.65500000000000000e+02 0.00000000000000000e+00 0.00000000000000000e+00
 3.65500000000000000e+02 3.66000000000000000e+02 0.00000000000000000e+00 0.00000000000000000e+00
 3.66000000000000000e+02 3.66500000000000000e+02 0.00000000000000000e+00 0.00000000000000000e+00
 3.66500000000000000e+02 3.67000000000000000e+02 0.00000000000000000e+00 0.00000000000000000e+00
 3.67000000000000000e+02 3.67500000000000000e+02 0.00000000000000000e+00 0.00000000000000000e+00
 3.67500000000000000e+02 3.68000000000000000e+02 0.00000000000000000e+00 0.00000000000000000e+00
 3.68000000000000000e+02 3.68500000000000000e+02 0.00000000000000000e+00 0.00000000000000000e+00
 3.68500000000000000e+02 3.69000000000000000e+02 0.00000000000000000e+00 0.00000000000000000e+00
 3.69000000000000000e+02 3.69500000000000000e+02 0.00000000000000000e+00 0.00000000000000000e+00
 3.69500000000000000e+02 3.70000000000000000e+02 0.00000000000000000e+00 0.00000000000000000e+00
 3.70000000000000000e+02 3.70500000000000000e+02 0.00000000000000000e+00 0.00000000000000000e+00
 3.70500000000000000e+02 3.71000000000000000e+02 0.00000000000000000e+00 0.00000000000000000e+00
 3.71000000000000000e+02 3.71500000000000000e+02 0.00000000000000000e+00 0.00000000000000000e+00
 3.71500000000000000e+02 3.72000000000000000e+02 0.00000000000000000e+00 0.00000000000000000e+00
 3.72000000000000000e+02 3.72500000000000000e+02 0.00000000000000000e+00 0.00000000000000000e+00
 3.72500000000000000e+02 3.73000000000000000e+02 0.00000000000000000e+00 0.00000000000000000e+00
 3.73000000000000000e+02 3.73500000000000000e+02 0.00000000000000000e+00 0.00000000000000000e+00
 3.73500000000000000e+02 3.74000000000000000e+02 0.00000000000000000e+00 0.00000000000000000e+00
 3.74000000000000000e+02 3.74500000000000000e+02 0.00000000000000000e+00 0.00000000000000000e+00
 3.74500000000000000e+02 3.75000000000000000e+02 0.00000000000000000e+00 0.00000000000000000e+00
 3.75000000000000000e+02 3.75500000000000000e+02 0.00000000000000000e+00 0.00000000000000000e+00
 3.75500000000000000e+02 3.76000000000000000e+02 0.00000000000000000e+00 0.00000000000000000e+00
 3.76000000000000000e+02 3.76500000000000000e+02 0.00000000000000000e+00 0.00000000000000000e+00
 3.76500000000000000e+02 3.77000000000000000e+02 0.00000000000000000e+00 0.00000000000000000e+00
 3.77000000000000000e+02 3.77500000000000000e+02 0.00000000000000000e+00 0.00000000000000000e+00
 3.77500000000000000e+02 3.78000000000000000e+02 0.00000000000000000e+00 0.00000000000000000e+00
 3.78000000000000000e+02 3.78500000000000000e+02 0.00000000000000000e+00 0.00000000000000000e+00
 3.78500000000000000e+02 3.79000000000000000e+02 0.00000000000000000e+00 0.00000000000000000e+00
 3.79000000000000000e+02 3.79500000000000000e+02 0.00000000000000000e+00 0.00000000000000000e+00
 3.79500000000000000e+02 3.80000000000000000e+02 0.00000000000000000e+00 0.00000000000000000e+00
 3.80000000000000000e+02 3.80500000000000000e+02 0.00000000000000000e+00 0.00000000000000000e+00
 3.80500000000000000e+02 3.81000000000000000e+02 0.00000000000000000e+00 0.00000000000000000e+00
 3.81000000000000000e+02 3.81500000000000000e+02 0.00000000000000000e+00 0.00000000000000000e+00
 3.81500000000000000e+02 3.82000000000000000e+02 0.00000000000000000e+00 0.00000000000000000e+00
 3.82000000000000000e+02 3.82500000000000000e+02 0.00000000000000000e+00 0.00000000000000000e+00
 3.82500000000000000e+02 3.83000000000000000e+02 0.00000000000000000e+00 0.00000000000000000e+00
 3.83000000000000000e+02 3.83500000000000000e+02 0.00000000000000000e+00 0.00000000000000000e+00
 3.83500000000000000e+02 3.84000000000000000e+02 0.00000000000000000e+00 0.00000000000000000e+00
 3.84000000000000000e+02 3.84500000000000000e+02 0.00000000000000000e+00 0.00000000000000000e+00
 3.84500000000000000e+02 3.85000000000000000e+02 0.00000000000000000e+00 0.00000000000000000e+00
 3.85000000000000000e+02 3.85500000000000000e+02 0.00000000000000000e+00 0.00000000000000000e+00
 3.85500000000000000e+02 3.86000000000000000e+02 0.00000000000000000e+00 0.00000000000000000e+00
 3.86000000000000000e+02 3.86500000000000000e+02 0.00000000000000000e+00 0.00000000000000000e+00
 3.86500000000000000e+02 3.87000000000000000e+02 0.00000000000000000e+00 0.00000000000000000e+00
 3.87000000000000000e+02 3.87500000000000000e+02 0.00000000000000000e+00 0.00000000000000000e+00
 3.87500000000000000e+02 3.88000000000000000e+02 0.00000000000000000e+00 0.00000000000000000e+00
 3.88000000000000000e+02 3.88500000000000000e+02 0.00000000000000000e+00 0.00000000000000000e+00
 3.88500000000000000e+02 3.89000000000000000e+02 0.00000000000000000e+00 0.00000000000000000e+00
 3.89000000000000000e+02 3.89500000000000000e+02 0.00000000000000000e+00 0.00000000000000000e+00
 3.89500000000000000e+02 3.90000000000000000e+02 0.00000000000000000e+00 0.00000000000000000e+00
 3.90000000000000000e+02 3.90500000000000000e+02 0.00000000000000000e+00 0.00000000000000000e+00
 3.90500000000000000e+02 3.91000000000000000e+02 0.00000000000000000e+00 0.00000000000000000e+00
 3.91000000000000000e+02 3.91500000000000000e+02 0.00000000000000000e+00 0.00000000000000000e+00
 3.91500000000000000e+02 3.92000000000000000e+02 0.00000000000000000e+00 0.00000000000000000e+00
 3.92000000000000000e+02 3.92500000000000000e+02 0.00000000000000000e+00 0.00000000000000000e+00
 3.92500000000000000e+02 3.93000000000000000e+02 0.00000000000000000e+00 0.00000000000000000e+00
 3.93000000000000000e+02 3.93500000000000000e+02 0.00000000000000000e+00 0.00000000000000000e+00
 3.93500000000000000e+02 3.94000000000000000e+02 0.00000000000000000e+00 0.00000000000000000e+00
 3.94000000000000000e+02 3.94500000000000000e+02 0.00000000000000000e+00 0.00000000000000000e+00
 3.94500000000000000e+02 3.95000000000000000e+02 0.00000000000000000e+00 0.00000000000000000e+00
 3.95000000000000000e+02 3.95500000000000000e+02 0.00000000000000000e+00 0.00000000000000000e+00
 3.95500000000000000e+02 3.96000000000000000e+02 0.00000000000000000e+00 0.00000000000000000e+00
 3.96000000000000000e+02 3.96500000000000000e+02 0.00000000000000000e+00 0.00000000000000000e+00
 3.96500000000000000e+02 3.97000000000000000e+02 0.00000000000000000e+00 0.00000000000000000e+00
 3.97000000000000000e+02 3.97500000000000000e+02 0.00000000000000000e+00 0.00000000000000000e+00
 3.97500000000000000e+02 3.98000000000000000e+02 0.00000000000000000e+00 0.00000000000000000e+00
 3.98000000000000000e+02 3.98500000000000000e+02 0.00000000000000000e+00 0.00000000000000000e+00
 3.98500000000000000e+02 3.99000000000000000e+02 0.00000000000000000e+00 0.00000000000000000e+00
 3.99000000000000000e+02 3.99500000000000000e+02 0.00000000000000000e+00 0.00000000000000000e+00
 3.99500000000000000e+02 4.00000000000000000e+02 0.00000000000000000e+00 0.00000000000000000e+00
 4.00000000000000000e+02 4.00500000000000000e+02 0.00000000000000000e+00 0.00000000000000000e+00
 4.00500000000000000e+02 4.01000000000000000e+02 0.00000000000000000e+00 0.00000000000000000e+00
 4.01000000000000000e+02 4.01500000000000000e+02 0.00000000000000000e+00 0.00000000000000000e+00
 4.01500000000000000e+02 4.02000000000000000e+02 0.00000000000000000e+00 0.00000000000000000e+00
 4.02000000000000000e+02 4.02500000000000000e+02 0.00000000000000000e+00 0.00000000000000000e+00
 4.02500000000000000e+02 4.03000000000000000e+02 0.00000000000000000e+00 0.00000000000000000e+00
 4.03000000000000000e+02 4.03500000000000000e+02 0.00000000000000000e+00 0.00000000000000000e+00
 4.03500000000000000e+02 4.04000000000000000e+02 0.00000000000000000e+00 0.00000000000000000e+00
 4.04000000000000000e+02 4.04500000000000000e+02 0.00000000000000000e+00 0.00000000000000000e+00
 4.04500000000000000e+02 4.05000000000000000e+02 0.00000000000000000e+00 0.00000000000000000e+00
 4.05000000000000000e+02 4.05500000000000000e+02 0.00000000000000000e+00 0.00000000000000000e+00
 4.05500000000000000e+02 4.06000000000000000e+02 0.00000000000000000e+00 0.00000000000000000e+00
 4.06000000000000000e+02 4.06500000000000000e+02 0.00000000000000000e+00 0.00000000000000000e+00
 4.06500000000000000e+02 4.07000000000000000e+02 0.00000000000000000e+00 0.00000000000000000e+00
 4.07000000000000000e+02 4.07500000000000000e+02 0.00000000000000000e+00 0.00000000000000000e+00
 4.07500000000000000e+02 4.08000000000000000e+02 0.00000000000000000e+00 0.00000000000000000e+00
 4.08000000000000000e+02 4.08500000000000000e+02 0.00000000000000000e+00 0.00000000000000000e+00
 4.08500000000000000e+02 4.09000000000000000e+02 0.00000000000000000e+00 0.00000000000000000e+00
 4.09000000000000000e+02 4.09500000000000000e+02 0.00000000000000000e+00 0.00000000000000000e+00
 4.09500000000000000e+02 4.10000000000000000e+02 0.00000000000000000e+00 0.00000000000000000e+00
 4.10000000000000000e+02 4.10500000000000000e+02 0.00000000000000000e+00 0.00000000000000000e+00
 4.10500000000000000e+02 4.11000000000000000e+02 0.00000000000000000e+00 0.00000000000000000e+00
 4.11000000000000000e+02 4.11500000000000000e+02 0.00000000000000000e+00 0.00000000000000000e+00
 4.11500000000000000e+02 4.12000000000000000e+02 0.00000000000000000e+00 0.00000000000000000e+00
 4.12000000000000000e+02 4.12500000000000000e+02 0.00000000000000000e+00 0.00000000000000000e+00
 4.12500000000000000e+02 4.13000000000000000e+02 0.00000000000000000e+00 0.00000000000000000e+00
 4.13000000000000000e+02 4.13500000000000000e+02 0.00000000000000000e+00 0.00000000000000000e+00
 4.13500000000000000e+02 4.14000000000000000e+02 0.00000000000000000e+00 0.00000000000000000e+00
 4.14000000000000000e+02 4.14500000000000000e+02 0.00000000000000000e+00 0.00000000000000000e+00
 4.14500000000000000e+02 4.15000000000000000e+02 0.00000000000000000e+00 0.00000000000000000e+00
 4.15000000000000000e+02 4.15500000000000000e+02 0.00000000000000000e+00 0.00000000000000000e+00
 4.15500000000000000e+02 4.16000000000000000e+02 0.00000000000000000e+00 0.00000000000000000e+00
 4.16000000000000000e+02 4.16500000000000000e+02 0.00000000000000000e+00 0.00000000000000000e+00
 4.16500000000000000e+02 4.17000000000000000e+02 0.00000000000000000e+00 0.00000000000000000e+00
 4.17000000000000000e+02 4.17500000000000000e+02 0.00000000000000000e+00 0.00000000000000000e+00
 4.17500000000000000e+02 4.18000000000000000e+02 0.00000000000000000e+00 0.00000000000000000e+00
 4.18000000000000000e+02 4.18500000000000000e+02 0.00000000000000000e+00 0.00000000000000000e+00
 4.18500000000000000e+02 4.19000000000000000e+02 0.00000000000000000e+00 0.00000000000000000e+00
 4.19000000000000000e+02 4.19500000000000000e+02 0.00000000000000000e+00 0.00000000000000000e+00
 4.19500000000000000e+02 4.20000000000000000e+02 0.00000000000000000e+00 0.00000000000000000e+00
 4.20000000000000000e+02 4.20500000000000000e+02 0.00000000000000000e+00 0.00000000000000000e+00
 4.20500000000000000e+02 4.21000000000000000e+02 0.00000000000000000e+00 0.00000000000000000e+00
 4.21000000000000000e+02 4.21500000000000000e+02 0.00000000000000000e+00 0.00000000000000000e+00
 4.21500000000000000e+02 4.22000000000000000e+02 0.00000000000000000e+00 0.00000000000000000e+00
 4.22000000000000000e+02 4.22500000000000000e+02 0.00000000000000000e+00 0.00000000000000000e+00
 4.22500000000000000e+02 4.23000000000000000e+02 0.00000000000000000e+00 0.00000000000000000e+00
 4.23000000000000000e+02 4.23500000000000000e+02 0.00000000000000000e+00 0.00000000000000000e+00
 4.23500000000000000e+02 4.24000000000000000e+02 0.00000000000000000e+00 0.00000000000000000e+00
 4.24000000000000000e+02 4.24500000000000000e+02 0.00000000000000000e+00 0.00000000000000000e+00
 4.24500000000000000e+02 4.25000000000000000e+02 0.00000000000000000e+00 0.00000000000000000e+00
 4.25000000000000000e+02 4.25500000000000000e+02 0.00000000000000000e+00 0.00000000000000000e+00
 4.25500000000000000e+02 4.26000000000000000e+02 0.00000000000000000e+00 0.00000000000000000e+00
 4.26000000000000000e+02 4.26500000000000000e+02 0.00000000000000000e+00 0.00000000000000000e+00
 4.26500000000000000e+02 4.27000000000000000e+02 0.00000000000000000e+00 0.00000000000000000e+00
 4.27000000000000000e+02 4.27500000000000000e+02 0.00000000000000000e+00 0.00000000000000000e+00
 4.27500000000000000e+02 4.28000000000000000e+02 0.00000000000000000e+00 0.00000000000000000e+00
 4.28000000000000000e+02 4.28500000000000000e+02 0.00000000000000000e+00 0.00000000000000000e+00
 4.28500000000000000e+02 4.29000000000000000e+02 0.00000000000000000e+00 0.00000000000000000e+00
 4.29000000000000000e+02 4.29500000000000000e+02 0.00000000000000000e+00 0.00000000000000000e+00
 4.29500000000000000e+02 4.30000000000000000e+02 0.00000000000000000e+00 0.00000000000000000e+00
 4.30000000000000000e+02 4.30500000000000000e+02 0.00000000000000000e+00 0.00000000000000000e+00
 4.30500000000000000e+02 4.31000000000000000e+02 0.00000000000000000e+00 0.00000000000000000e+00
 4.31000000000000000e+02 4.31500000000000000e+02 0.00000000000000000e+00 0.00000000000000000e+00
 4.31500000000000000e+02 4.32000000000000000e+02 0.00000000000000000e+00 0.00000000000000000e+00
 4.32000000000000000e+02 4.32500000000000000e+02 0.00000000000000000e+00 0.00000000000000000e+00
 4.32500000000000000e+02 4.33000000000000000e+02 0.00000000000000000e+00 0.00000000000000000e+00
 4.33000000000000000e+02 4.33500000000000000e+02 0.00000000000000000e+00 0.00000000000000000e+00
 4.33500000000000000e+02 4.34000000000000000e+02 0.00000000000000000e+00 0.00000000000000000e+00
 4.34000000000000000e+02 4.34500000000000000e+02 0.00000000000000000e+00 0.00000000000000000e+00
 4.34500000000000000e+02 4.35000000000000000e+02 0.00000000000000000e+00 0.00000000000000000e+00
 4.35000000000000000e+02 4.35500000000000000e+02 0.00000000000000000e+00 0.00000000000000000e+00
 4.35500000000000000e+02 4.36000000000000000e+02 0.00000000000000000e+00 0.00000000000000000e+00
 4.36000000000000000e+02 4.36500000000000000e+02 0.00000000000000000e+00 0.00000000000000000e+00
 4.36500000000000000e+02 4.37000000000000000e+02 0.00000000000000000e+00 0.00000000000000000e+00
 4.37000000000000000e+02 4.37500000000000000e+02 0.00000000000000000e+00 0.00000000000000000e+00
 4.37500000000000000e+02 4.38000000000000000e+02 0.00000000000000000e+00 0.00000000000000000e+00
 4.38000000000000000e+02 4.38500000000000000e+02 0.00000000000000000e+00 0.00000000000000000e+00
 4.38500000000000000e+02 4.39000000000000000e+02 0.00000000000000000e+00 0.00000000000000000e+00
 4.39000000000000000e+02 4.39500000000000000e+02 0.00000000000000000e+00 0.00000000000000000e+00
 4.39500000000000000e+02 4.40000000000000000e+02 0.00000000000000000e+00 0.00000000000000000e+00
 4.40000000000000000e+02 4.40500000000000000e+02 0.00000000000000000e+00 0.00000000000000000e+00
 4.40500000000000000e+02 4.41000000000000000e+02 0.00000000000000000e+00 0.00000000000000000e+00
 4.41000000000000000e+02 4.41500000000000000e+02 0.00000000000000000e+00 0.00000000000000000e+00
 4.41500000000000000e+02 4.42000000000000000e+02 0.00000000000000000e+00 0.00000000000000000e+00
 4.42000000000000000e+02 4.42500000000000000e+02 0.00000000000000000e+00 0.00000000000000000e+00
 4.42500000000000000e+02 4.43000000000000000e+02 0.00000000000000000e+00 0.00000000000000000e+00
 4.43000000000000000e+02 4.43500000000000000e+02 0.00000000000000000e+00 0.00000000000000000e+00
 4.43500000000000000e+02 4.44000000000000000e+02 0.00000000000000000e+00 0.00000000000000000e+00
 4.44000000000000000e+02 4.44500000000000000e+02 0.00000000000000000e+00 0.00000000000000000e+00
 4.44500000000000000e+02 4.45000000000000000e+02 0.00000000000000000e+00 0.00000000000000000e+00
 4.45000000000000000e+02 4.45500000000000000e+02 0.00000000000000000e+00 0.00000000000000000e+00
 4.45500000000000000e+02 4.46000000000000000e+02 0.00000000000000000e+00 0.00000000000000000e+00
 4.46000000000000000e+02 4.46500000000000000e+02 0.00000000000000000e+00 0.00000000000000000e+00
 4.46500000000000000e+02 4.47000000000000000e+02 0.00000000000000000e+00 0.00000000000000000e+00
 4.47000000000000000e+02 4.47500000000000000e+02 0.00000000000000000e+00 0.00000000000000000e+00
 4.47500000000000000e+02 4.48000000000000000e+02 0.00000000000000000e+00 0.00000000000000000e+00
 4.48000000000000000e+02 4.48500000000000000e+02 0.00000000000000000e+00 0.00000000000000000e+00
 4.48500000000000000e+02 4.49000000000000000e+02 0.00000000000000000e+00 0.00000000000000000e+00
 4.49000000000000000e+02 4.49500000000000000e+02 0.00000000000000000e+00 0.00000000000000000e+00
 4.49500000000000000e+02 4.50000000000000000e+02 0.00000000000000000e+00 0.00000000000000000e+00
 4.50000000000000000e+02 4.50500000000000000e+02 0.00000000000000000e+00 0.00000000000000000e+00
 4.50500000000000000e+02 4.51000000000000000e+02 0.00000000000000000e+00 0.00000000000000000e+00
 4.51000000000000000e+02 4.51500000000000000e+02 0.00000000000000000e+00 0.00000000000000000e+00
 4.51500000000000000e+02 4.52000000000000000e+02 0.00000000000000000e+00 0.00000000000000000e+00
 4.52000000000000000e+02 4.52500000000000000e+02 0.00000000000000000e+00 0.00000000000000000e+00
 4.52500000000000000e+02 4.53000000000000000e+02 0.00000000000000000e+00 0.00000000000000000e+00
 4.53000000000000000e+02 4.53500000000000000e+02 0.00000000000000000e+00 0.00000000000000000e+00
 4.53500000000000000e+02 4.54000000000000000e+02 0.00000000000000000e+00 0.00000000000000000e+00
 4.54000000000000000e+02 4.54500000000000000e+02 0.00000000000000000e+00 0.00000000000000000e+00
 4.54500000000000000e+02 4.55000000000000000e+02 0.00000000000000000e+00 0.00000000000000000e+00
 4.55000000000000000e+02 4.55500000000000000e+02 0.00000000000000000e+00 0.00000000000000000e+00
 4.55500000000000000e+02 4.56000000000000000e+02 0.00000000000000000e+00 0.00000000000000000e+00
 4.56000000000000000e+02 4.56500000000000000e+02 0.00000000000000000e+00 0.00000000000000000e+00
 4.56500000000000000e+02 4.57000000000000000e+02 0.00000000000000000e+00 0.00000000000000000e+00
 4.57000000000000000e+02 4.57500000000000000e+02 0.00000000000000000e+00 0.00000000000000000e+00
 4.57500000000000000e+02 4.58000000000000000e+02 0.00000000000000000e+00 0.00000000000000000e+00
 4.58000000000000000e+02 4.58500000000000000e+02 0.00000000000000000e+00 0.00000000000000000e+00
 4.58500000000000000e+02 4.59000000000000000e+02 0.00000000000000000e+00 0.00000000000000000e+00
 4.59000000000000000e+02 4.59500000000000000e+02 0.00000000000000000e+00 0.00000000000000000e+00
 4.59500000000000000e+02 4.60000000000000000e+02 0.00000000000000000e+00 0.00000000000000000e+00
 4.60000000000000000e+02 4.60500000000000000e+02 0.00000000000000000e+00 0.00000000000000000e+00
 4.60500000000000000e+02 4.61000000000000000e+02 0.00000000000000000e+00 0.00000000000000000e+00
 4.61000000000000000e+02 4.61500000000000000e+02 0.00000000000000000e+00 0.00000000000000000e+00
 4.61500000000000000e+02 4.62000000000000000e+02 0.00000000000000000e+00 0.00000000000000000e+00
 4.62000000000000000e+02 4.62500000000000000e+02 0.00000000000000000e+00 0.00000000000000000e+00
 4.62500000000000000e+02 4.63000000000000000e+02 0.00000000000000000e+00 0.00000000000000000e+00
 4.63000000000000000e+02 4.63500000000000000e+02 0.00000000000000000e+00 0.00000000000000000e+00
 4.63500000000000000e+02 4.64000000000000000e+02 0.00000000000000000e+00 0.00000000000000000e+00
 4.64000000000000000e+02 4.64500000000000000e+02 0.00000000000000000e+00 0.00000000000000000e+00
 4.64500000000000000e+02 4.65000000000000000e+02 0.00000000000000000e+00 0.00000000000000000e+00
 4.65000000000000000e+02 4.65500000000000000e+02 0.00000000000000000e+00 0.00000000000000000e+00
 4.65500000000000000e+02 4.66000000000000000e+02 0.00000000000000000e+00 0.00000000000000000e+00
 4.66000000000000000e+02 4.66500000000000000e+02 0.00000000000000000e+00 0.00000000000000000e+00
 4.66500000000000000e+02 4.67000000000000000e+02 0.00000000000000000e+00 0.00000000000000000e+00
 4.67000000000000000e+02 4.67500000000000000e+02 0.00000000000000000e+00 0.00000000000000000e+00
 4.67500000000000000e+02 4.68000000000000000e+02 0.00000000000000000e+00 0.00000000000000000e+00
 4.68000000000000000e+02 4.68500000000000000e+02 0.00000000000000000e+00 0.00000000000000000e+00
 4.68500000000000000e+02 4.69000000000000000e+02 0.00000000000000000e+00 0.00000000000000000e+00
 4.69000000000000000e+02 4.69500000000000000e+02 0.00000000000000000e+00 0.00000000000000000e+00
 4.69500000000000000e+02 4.70000000000000000e+02 0.00000000000000000e+00 0.00000000000000000e+00
 4.70000000000000000e+02 4.70500000000000000e+02 0.00000000000000000e+00 0.00000000000000000e+00
 4.70500000000000000e+02 4.71000000000000000e+02 0.00000000000000000e+00 0.00000000000000000e+00
 4.71000000000000000e+02 4.71500000000000000e+02 0.00000000000000000e+00 0.00000000000000000e+00
 4.71500000000000000e+02 4.72000000000000000e+02 0.00000000000000000e+00 0.00000000000000000e+00
 4.72000000000000000e+02 4.72500000000000000e+02 0.00000000000000000e+00 0.00000000000000000e+00
 4.72500000000000000e+02 4.73000000000000000e+02 0.00000000000000000e+00 0.00000000000000000e+00
 4.73000000000000000e+02 4.73500000000000000e+02 0.00000000000000000e+00 0.00000000000000000e+00
 4.73500000000000000e+02 4.74000000000000000e+02 0.00000000000000000e+00 0.00000000000000000e+00
 4.74000000000000000e+02 4.74500000000000000e+02 0.00000000000000000e+00 0.00000000000000000e+00
 4.74500000000000000e+02 4.75000000000000000e+02 0.00000000000000000e+00 0.00000000000000000e+00
 4.75000000000000000e+02 4.75500000000000000e+02 0.00000000000000000e+00 0.00000000000000000e+00
 4.75500000000000000e+02 4.76000000000000000e+02 0.00000000000000000e+00 0.00000000000000000e+00
 4.76000000000000000e+02 4.76500000000000000e+02 0.00000000000000000e+00 0.00000000000000000e+00
 4.76500000000000000e+02 4.77000000000000000e+02 0.00000000000000000e+00 0.00000000000000000e+00
 4.77000000000000000e+02 4.77500000000000000e+02 0.00000000000000000e+00 0.00000000000000000e+00
 4.77500000000000000e+02 4.78000000000000000e+02 0.00000000000000000e+00 0.00000000000000000e+00
 4.78000000000000000e+02 4.78500000000000000e+02 0.00000000000000000e+00 0.00000000000000000e+00
 4.78500000000000000e+02 4.79000000000000000e+02 0.00000000000000000e+00 0.00000000000000000e+00
 4.79000000000000000e+02 4.79500000000000000e+02 0.00000000000000000e+00 0.00000000000000000e+00
 4.79500000000000000e+02 4.80000000000000000e+02 0.00000000000000000e+00 0.00000000000000000e+00
 4.80000000000000000e+02 4.80500000000000000e+02 0.00000000000000000e+00 0.00000000000000000e+00
 4.80500000000000000e+02 4.81000000000000000e+02 0.00000000000000000e+00 0.00000000000000000e+00
 4.81000000000000000e+02 4.81500000000000000e+02 0.00000000000000000e+00 0.00000000000000000e+00
 4.81500000000000000e+02 4.82000000000000000e+02 0.00000000000000000e+00 0.00000000000000000e+00
 4.82000000000000000e+02 4.82500000000000000e+02 0.00000000000000000e+00 0.00000000000000000e+00
 4.82500000000000000e+02 4.83000000000000000e+02 0.00000000000000000e+00 0.00000000000000000e+00
 4.83000000000000000e+02 4.83500000000000000e+02 0.00000000000000000e+00 0.00000000000000000e+00
 4.83500000000000000e+02 4.84000000000000000e+02 0.00000000000000000e+00 0.00000000000000000e+00
 4.84000000000000000e+02 4.84500000000000000e+02 0.00000000000000000e+00 0.00000000000000000e+00
 4.84500000000000000e+02 4.85000000000000000e+02 0.00000000000000000e+00 0.00000000000000000e+00
 4.85000000000000000e+02 4.85500000000000000e+02 0.00000000000000000e+00 0.00000000000000000e+00
 4.85500000000000000e+02 4.86000000000000000e+02 0.00000000000000000e+00 0.00000000000000000e+00
 4.86000000000000000e+02 4.86500000000000000e+02 0.00000000000000000e+00 0.00000000000000000e+00
 4.86500000000000000e+02 4.87000000000000000e+02 0.00000000000000000e+00 0.00000000000000000e+00
 4.87000000000000000e+02 4.87500000000000000e+02 0.00000000000000000e+00 0.00000000000000000e+00
 4.87500000000000000e+02 4.88000000000000000e+02 0.00000000000000000e+00 0.00000000000000000e+00
 4.88000000000000000e+02 4.88500000000000000e+02 0.00000000000000000e+00 0.00000000000000000e+00
 4.88500000000000000e+02 4.89000000000000000e+02 0.00000000000000000e+00 0.00000000000000000e+00
 4.89000000000000000e+02 4.89500000000000000e+02 0.00000000000000000e+00 0.00000000000000000e+00
 4.89500000000000000e+02 4.90000000000000000e+02 0.00000000000000000e+00 0.00000000000000000e+00
 4.90000000000000000e+02 4.90500000000000000e+02 0.00000000000000000e+00 0.00000000000000000e+00
 4.90500000000000000e+02 4.91000000000000000e+02 0.00000000000000000e+00 0.00000000000000000e+00
 4.91000000000000000e+02 4.91500000000000000e+02 0.00000000000000000e+00 0.00000000000000000e+00
 4.91500000000000000e+02 4.92000000000000000e+02 0.00000000000000000e+00 0.00000000000000000e+00
 4.92000000000000000e+02 4.92500000000000000e+02 0.00000000000000000e+00 0.00000000000000000e+00
 4.92500000000000000e+02 4.93000000000000000e+02 0.00000000000000000e+00 0.00000000000000000e+00
 4.93000000000000000e+02 4.93500000000000000e+02 0.00000000000000000e+00 0.00000000000000000e+00
 4.93500000000000000e+02 4.94000000000000000e+02 0.00000000000000000e+00 0.00000000000000000e+00
 4.94000000000000000e+02 4.94500000000000000e+02 0.00000000000000000e+00 0.00000000000000000e+00
 4.94500000000000000e+02 4.95000000000000000e+02 0.00000000000000000e+00 0.00000000000000000e+00
 4.95000000000000000e+02 4.95500000000000000e+02 0.00000000000000000e+00 0.00000000000000000e+00
 4.95500000000000000e+02 4.96000000000000000e+02 0.00000000000000000e+00 0.00000000000000000e+00
 4.96000000000000000e+02 4.96500000000000000e+02 0.00000000000000000e+00 0.00000000000000000e+00
 4.96500000000000000e+02 4.97000000000000000e+02 0.00000000000000000e+00 0.00000000000000000e+00
 4.97000000000000000e+02 4.97500000000000000e+02 0.00000000000000000e+00 0.00000000000000000e+00
 4.97500000000000000e+02 4.98000000000000000e+02 0.00000000000000000e+00 0.00000000000000000e+00
 4.98000000000000000e+02 4.98500000000000000e+02 0.00000000000000000e+00 0.00000000000000000e+00
 4.98500000000000000e+02 4.99000000000000000e+02 0.00000000000000000e+00 0.00000000000000000e+00
 4.99000000000000000e+02 4.99500000000000000e+02 0.00000000000000000e+00 0.00000000000000000e+00
 4.99500000000000000e+02 5.00000000000000000e+02 0.00000000000000000e+00 0.00000000000000000e+00

Histogram:spp+
 2.00000000000000000e+02 2.00500000000000000e+02 0.00000000000000000e+00 0.00000000000000000e+00
 2.00500000000000000e+02 2.01000000000000000e+02 3.90814855676473355e-10 3.90814855676473355e-10
 2.01000000000000000e+02 2.01500000000000000e+02 0.00000000000000000e+00 0.00000000000000000e+00
 2.01500000000000000e+02 2.02000000000000000e+02 1.26298410461837661e-09 1.26298410461837661e-09
 2.02000000000000000e+02 2.02500000000000000e+02 1.59269979996843978e-09 9.82083800707211047e-10
 2.02500000000000000e+02 2.03000000000000000e+02 3.30571714241473016e-09 1.31829718448154269e-09
 2.03000000000000000e+02 2.03500000000000000e+02 6.40109117531570282e-09 2.02096384581892502e-09
 2.03500000000000000e+02 2.04000000000000000e+02 4.96499153802567298e-09 2.16090591486383515e-09
 2.04000000000000000e+02 2.04500000000000000e+02 1.08075432225303996e-08 2.65190362653882336e-09
 2.04500000000000000e+02 2.05000000000000000e+02 1.96991263134918043e-08 3.53362313298216326e-09
 2.05000000000000000e+02 2.05500000000000000e+02 1.83180704544426836e-08 3.11125569323588082e-09
 2.05500000000000000e+02 2.06000000000000000e+02 2.46723096112330766e-08 3.76734395406945436e-09
 2.06000000000000000e+02 2.06500000000000000e+02 2.08213650164701409e-08 3.65028964272529569e-09
 2.06500000000000000e+02 2.07000000000000000e+02 3.99038108638816470e-08 4.48489132367527833e-09
 2.07000000000000000e+02 2.07500000000000000e+02 5.16475726948597290e-08 5.58312919950344439e-09
 2.07500000000000000e+02 2.08000000000000000e+02 6.62380192849320400e-08 6.42672733692674313e-09
 2.08000000000000000e+02 2.08500000000000000e+02 7.87971713279241856e-08 8.31886894163850135e-09
 2.08500000000000000e+02 2.09000000000000000e+02 9.73441603127939805e-08 1.02768951434913067e-08
 2.09000000000000000e+02 2.09500000000000000e+02 1.10593362615154574e-07 7.79111151542103971e-09
 2.09500000000000000e+02 2.10000000000000000e+02 1.35849127376186389e-07 1.04335556675017148e-08
 2.10000000000000000e+02 2.10500000000000000e+02 1.58225092816110069e-07 1.00998862937465208e-08
 2.10500000000000000e+02 2.11000000000000000e+02 1.74761526188852310e-07 1.04278513097219130e-08
 2.11000000000000000e+02 2.11500000000000000e+02 1.92343074193378490e-07 1.15391892543536814e-08
 2.11500000000000000e+02 2.12000000000000000e+02 2.33074597542996170e-07 1.36185301473596289e-08
 2.12000000000000000e+02 2.12500000000000000e+02 2.45672045402817009e-07 1.31491605150534057e-08
 2.12500000000000000e+02 2.13000000000000000e+02 2.44783115337110983e-07 1.13842696519170245e-08
 2.13000000000000000e+02 2.13500000000000000e+02 3.01833117846161060e-07 1.43426576627904116e-08
 2.13500000000000000e+02 2.14000000000000000e+02 3.26181865965089238e-07 1.46562217599403777e-08
 2.14000000000000000e+02 2.14500000000000000e+02 4.04978031161226549e-07 1.69199091592324625e-08
 2.14500000000000000e+02 2.15000000000000000e+02 4.19213066592980937e-07 1.70545874646239787e-08
 2.15000000000000000e+02 2.15500000000000000e+02 5.02576624847940093e-07 1.81178998663839788e-08
 2.15500000000000000e+02 2.16000000000000000e+02 5.19950961853709247e-07 1.84428989408072459e-08
 2.16000000000000000e+02 2.16500000000000000e+02 6.46858942655037296e-07 3.65201873935176591e-08
 2.16500000000000000e+02 2.17000000000000000e+02 7.43972804733593760e-07 3.50507482360849963e-08
 2.17000000000000000e+02 2.17500000000000000e+02 8.13413919083179063e-07 3.86389434030936468e-08
 2.17500000000000000e+02 2.18000000000000000e+02 1.95016409452132079e-06 1.01799244261904401e-06
 2.18000000000000000e+02 2.18500000000000000e+02 1.11553554157249604e-06 7.70010460714610833e-08
 2.18500000000000000e+02 2.19000000000000000e+02 1.18493621584310192e-06 6.68434058438343111e-08
 2.19000000000000000e+02 2.19500000000000000e+02 1.35062963026189555e-06 5.98396989965773700e-08
 2.19500000000000000e+02 2.20000000000000000e+02 1.68287828211751312e-06 1.66443155961360409e-07
 2.20000000000000000e+02 2.20500000000000000e+02 2.01590811180313836e-06 1.47672073077069040e-07
 2.20500000000000000e+02 2.21000000000000000e+02 2.17825904493156604e-06 1.22277036191144183e-07
 2.21000000000000000e+02 2.21500000000000000e+02 2.48953669441630141e-06 1.52920885911902360e-07
 2.21500000000000000e+02 2.22000000000000000e+02 3.44579199340578317e-06 2.35834140532440250e-07
 2.22000000000000000e+02 2.22500000000000000e+02 3.45772408066875501e-06 1.61943957208257807e-07
 2.22500000000000000e+02 2.23000000000000000e+02 3.85223086325816969e-06 2.09420303066946565e-07
 2.23000000000000000e+02 2.23500000000000000e+02 4.40347175841837213e-06 2.08592135581393283e-07
 2.23500000000000000e+02 2.24000000000000000e+02 5.45147100668696605e-06 3.74885517858621027e-07
 2.24000000000000000e+02 2.24500000000000000e+02 5.43874371891098107e-06 2.48961796999966788e-07
 2.24500000000000000e+02 2.25000000000000000e+02 6.02256354194981482e-06 2.80753975100204993e-07
 2.25000000000000000e+02 2.25500000000000000e+02 7.41323362840447944e-06 3.62019166123563896e-07
 2.25500000000000000e+02 2.26000000000000000e+02 7.51015872574624343e-06 3.13082378507508041e-07
 2.26000000000000000e+02 2.26500000000000000e+02 8.36683591125539697e-06 4.52269861244162261e-07
 2.26500000000000000e+02 2.27000000000000000e+02 9.87086997635085730e-06 7.47080509824747547e-07
 2.27000000000000000e+02 2.27500000000000000e+02 1.03125251758709789e-05 4.38609532926754449e-07
 2.27500000000000000e+02 2.28000000000000000e+02 1.06688381450135966e-05 4.39903463896934335e-07
 2.28000000000000000e+02 2.28500000000000000e+02 1.27625171663087477e-05 8.42821494768702350e-07
 2.28500000000000000e+02 2.29000000000000000e+02 1.27471161382426065e-05 3.44879828036623388e-07
 2.29000000000000000e+02 2.29500000000000000e+02 1.35344384099729023e-05 4.08177905972520154e-07
 2.29500000000000000e+02 2.30000000000000000e+02 1.48984283872012738e-05 4.27634762380994349e-07
 2.30000000000000000e+02 2.30500000000000000e+02 1.78432484264316156e-05 6.22928831318640852e-07
 2.30500000000000000e+02 2.31000000000000000e+02 1.80356411386428469e-05 6.52599601885564095e-07
 2.31000000000000000e+02 2.31500000000000000e+02 2.00023234012892410e-05 7.26000678427798795e-07
 2.31500000000000000e+02 2.32000000000000000e+02 1.98126054579117586e-05 4.26200300813487711e-07
 2.32000000000000000e+02 2.32500000000000000e+02 2.11893678327591721e-05 5.06415910133849355e-07
 2.32500000000000000e+02 2.33000000000000000e+02 2.20964344811386618e-05 5.83831982032997225e-07
 2.33000000000000000e+02 2.33500000000000000e+02 2.43190313587795583e-05 5.20880645902558445e-07
 2.33500000000000000e+02 2.34000000000000000e+02 2.64005181596903202e-05 5.22375551254843419e-07
 2.34000000000000000e+02 2.34500000000000000e+02 2.89076778662716860e-05 6.22557082227095397e-07
 2.34500000000000000e+02 2.35000000000000000e+02 2.97064740112606896e-05 8.09234924368193650e-07
 2.35000000000000000e+02 2.35500000000000000e+02 3.15681691840172257e-05 6.37633187502193598e-07
 2.35500000000000000e+02 2.36000000000000000e+02 3.32928897441199528e-05 6.42671398706698447e-07
 2.36000000000000000e+02 2.36500000000000000e+02 3.42350467969789778e-05 6.17803314894340681e-07
 2.36500000000000000e+02 2.37000000000000000e+02 3.64884593514322783e-05 6.08087940629312478e-07
 2.37000000000000000e+02 2.37500000000000000e+02 3.95157507658426457e-05 7.09714907552008651e-07
 2.37500000000000000e+02 2.38000000000000000e+02 4.29337167300450890e-05 1.11872581403055906e-06
 2.38000000000000000e+02 2.38500000000000000e+02 4.45400238201788451e-05 6.98754209367628077e-07
 2.38500000000000000e+02 2.39000000000000000e+02 4.62426858160585610e-05 7.61393345049985771e-07
 2.39000000000000000e+02 2.39500000000000000e+02 4.89307523540292088e-05 7.53599023753947654e-07
 2.39500000000000000e+02 2.40000000000000000e+02 5.20643475440803151e-05 8.63186024454219478e-07
 2.40000000000000000e+02 2.40500000000000000e+02 5.46321939300884675e-05 7.44194063580644226e-07
 2.40500000000000000e+02 2.41000000000000000e+02 5.75137042638341228e-05 7.48277555899910460e-07
 2.41000000000000000e+02 2.41500000000000000e+02 6.11921481706200534e-05 1.03241117874469353e-06
 2.41500000000000000e+02 2.42000000000000000e+02 6.35317706287069509e-05 8.63366054575327926e-07
 2.42000000000000000e+02 2.42500000000000000e+02 6.68986990310275564e-05 9.17766086017206980e-07
 2.42500000000000000e+02 2.43000000000000000e+02 7.11172346154796356e-05 9.30254988110157691e-07
 2.43000000000000000e+02 2.43500000000000000e+02 7.17399541549355619e-05 7.82081911740405921e-07
 2.43500000000000000e+02 2.44000000000000000e+02 7.75497264771712793e-05 8.87442752742319917e-07
 2.44000000000000000e+02 2.44500000000000000e+02 7.95420572439203973e-05 9.38680323121509727e-07
 2.44500000000000000e+02 2.45000000000000000e+02 8.52070288393098592e-05 9.62621316810565991e-07
 2.45000000000000000e+02 2.45500000000000000e+02 9.09407304904241926e-05 1.06678036966421014e-06
 2.45500000000000000e+02 2.46000000000000000e+02 9.33216252316173032e-05 1.00435349061823720e-06
 2.46000000000000000e+02 2.46500000000000000e+02 9.97076801001422586e-05 1.04025455401279477e-06
 2.46500000000000000e+02 2.47000000000000000e+02 1.03166817568791578e-04 1.08355933241686574e-06
 2.47000000000000000e+02 2.47500000000000000e+02 1.06659908742304466e-04 9.65299458109048756e-07
 2.47500000000000000e+02 2.48000000000000000e+02 1.12920029934566297e-04 1.23823989669109074e-06
 2.48000000000000000e+02 2.48500000000000000e+02 1.19903795562760059e-04 1.14858452794370777e-06
 2.48500000000000000e+02 2.49000000000000000e+02 1.26300950116291341e-04 1.32058713368963403e-06
 2.49000000000000000e+02 2.49500000000000000e+02 1.31023212505183639e-04 1.12444856975044735e-06
 2.49500000000000000e+02 2.50000000000000000e+02 1.37568259118710072e-04 1.19920140918845215e-06
 2.50000000000000000e+02 2.50500000000000000e+02 1.45580117731482060e-04 1.25691910901320731e-06
 2.50500000000000000e+02 2.51000000000000000e+02 1.50345362489128935e-04 1.27513181256073800e-06
 2.51000000000000000e+02 2.51500000000000000e+02 1.57257286920214857e-04 1.20770281867982753e-06
 2.51500000000000000e+02 2.52000000000000000e+02 1.66487488319155369e-04 1.33413671372791295e-06
 2.52000000000000000e+02 2.52500000000000000e+02 1.74142016827081951e-04 1.34735806543624170e-06
 2.52500000000000000e+02 2.53000000000000000e+02 1.86637876521172967e-04 1.60971956414626824e-06
 2.53000000000000000e+02 2.53500000000000000e+02 1.95512229166160801e-04 1.49537238123175646e-06
 2.53500000000000000e+02 2.54000000000000000e+02 2.04262714548278948e-04 1.48260943636227295e-06
 2.54000000000000000e+02 2.54500000000000000e+02 2.20902706496730673e-04 1.60888479948962928e-06
 2.54500000000000000e+02 2.55000000000000000e+02 2.34319281094230361e-04 1.63206551176480145e-06
 2.55000000000000000e+02 2.55500000000000000e+02 2.42596759873105606e-04 1.61774101972350380e-06
 2.55500000000000000e+02 2.56000000000000000e+02 2.59024824668921589e-04 1.80669150662055846e-06
 2.56000000000000000e+02 2.56500000000000000e+02 2.77865024131989562e-04 1.79919705082585475e-06
 2.56500000000000000e+02 2.57000000000000000e+02 3.00449181046436844e-04 1.93921953751753293e-06
 2.57000000000000000e+02 2.57500000000000000e+02 3.24104000245720300e-04 2.04034200651125034e-06
 2.57500000000000000e+02 2.58000000000000000e+02 3.61191870775100482e-04 2.39002321049533355e-06
 2.58000000000000000e+02 2.58500000000000000e+02 4.04878280485642045e-04 2.54693557127403685e-06
 2.58500000000000000e+02 2.59000000000000000e+02 4.57760649195040805e-04 2.86190357020013367e-06
 2.59000000000000000e+02 2.59500000000000000e+02 5.19523992696197629e-04 3.23752354267882828e-06
 2.59500000000000000e+02 2.60000000000000000e+02 5.77624054587223194e-04 3.47834857148931602e-06
 2.60000000000000000e+02 2.60500000000000000e+02 6.52754096964312195e-04 3.60022142919035369e-06
 2.60500000000000000e+02 2.61000000000000000e+02 7.44534798518995213e-04 3.97861876682247493e-06
 2.61000000000000000e+02 2.61500000000000000e+02 8.04457607994497697e-04 4.12105563199743033e-06
 2.61500000000000000e+02 2.62000000000000000e+02 8.49464275940405261e-04 4.18634101049751703e-06
 2.62000000000000000e+02 2.62500000000000000e+02 8.85437889046803935e-04 4.25474364984135989e-06
 2.62500000000000000e+02 2.63000000000000000e+02 9.14735443195451763e-04 4.04290352272392321e-06
 2.63000000000000000e+02 2.63500000000000000e+02 9.39299872634904976e-04 3.96721320430574664e-06
 2.63500000000000000e+02 2.64000000000000000e+02 9.57210327794363923e-04 3.93906350150302043e-06
 2.64000000000000000e+02 2.64500000000000000e+02 9.86160840758610767e-04 4.11880115413404128e-06
 2.64500000000000000e+02 2.65000000000000000e+02 1.00894872133812505e-03 3.99467395373264190e-06
 2.65000000000000000e+02 2.65500000000000000e+02 1.02679534918827101e-03 3.98829518644402706e-06
 2.65500000000000000e+02 2.66000000000000000e+02 1.04648790989219308e-03 3.85717644983694024e-06
 2.66000000000000000e+02 2.66500000000000000e+02 1.06259176317086753e-03 3.66180869859711993e-06
 2.66500000000000000e+02 2.67000000000000000e+02 1.08294910112442214e-03 3.68561350966818756e-06
 2.67000000000000000e+02 2.67500000000000000e+02 1.09301400782117709e-03 3.79213635503547621e-06
 2.67500000000000000e+02 2.68000000000000000e+02 1.12474100811685166e-03 3.67133309642128464e-06
 2.68000000000000000e+02 2.68500000000000000e+02 1.14261346124066025e-03 3.72866419144304587e-06
 2.68500000000000000e+02 2.69000000000000000e+02 1.15511888020705883e-03 3.70226562642677558e-06
 2.69000000000000000e+02 2.69500000000000000e+02 1.17442249211263000e-03 3.50065550155742735e-06
 2.69500000000000000e+02 2.70000000000000000e+02 1.19293973955293003e-03 3.50440405783338265e-06
 2.70000000000000000e+02 2.70500000000000000e+02 1.21150794411474462e-03 3.44525598589247645e-06
 2.70500000000000000e+02 2.71000000000000000e+02 1.22973465931229065e-03 3.54375340567454794e-06
 2.71000000000000000e+02 2.71500000000000000e+02 1.24340022981468744e-03 3.47472134095861246e-06
 2.71500000000000000e+02 2.72000000000000000e+02 1.25895799193823143e-03 3.46096485843285097e-06
 2.72000000000000000e+02 2.72500000000000000e+02 1.28500261167633950e-03 3.52122169326339556e-06
 2.72500000000000000e+02 2.73000000000000000e+02 1.29679336059948958e-03 3.56514819395720460e-06
 2.73000000000000000e+02 2.73500000000000000e+02 1.31122196782569567e-03 3.56608759916519732e-06
 2.73500000000000000e+02 2.74000000000000000e+02 1.33166401616872303e-03 3.45409028848609995e-06
 2.74000000000000000e+02 2.74500000000000000e+02 1.34743380191111530e-03 3.49933249675830099e-06
 2.74500000000000000e+02 2.75000000000000000e+02 1.36579920544392251e-03 3.51029232448122883e-06
 2.75000000000000000e+02 2.75500000000000000e+02 1.37520633050037546e-03 3.47604998045072559e-06
 2.75500000000000000e+02 2.76000000000000000e+02 1.39737033265654054e-03 3.65205447142241306e-06
 2.76000000000000000e+02 2.76500000000000000e+02 1.41996255878141012e-03 3.71194896532420402e-06
 2.76500000000000000e+02 2.77000000000000000e+02 1.43516002615913041e-03 3.54255319840391701e-06
 2.77000000000000000e+02 2.77500000000000000e+02 1.45136778753849434e-03 3.49771663084436730e-06
 2.77500000000000000e+02 2.78000000000000000e+02 1.46800938151552527e-03 3.46589818604348425e-06
 2.78000000000000000e+02 2.78500000000000000e+02 1.48295535998615676e-03 3.67765911669319682e-06
 2.78500000000000000e+02 2.79000000000000000e+02 1.50181309986272406e-03 3.65134353891531974e-06
 2.79000000000000000e+02 2.79500000000000000e+02 1.52071573560482332e-03 3.55238932125523959e-06
 2.79500000000000000e+02 2.80000000000000000e+02 1.53720715117135155e-03 3.52540368490126802e-06
 2.80000000000000000e+02 2.80500000000000000e+02 1.55509509842626935e-03 3.47392466834040265e-06
 2.80500000000000000e+02 2.81000000000000000e+02 1.56720204534661358e-03 3.47220480526636893e-06
 2.81000000000000000e+02 2.81500000000000000e+02 1.58670488341758624e-03 3.55537850079533537e-06
 2.81500000000000000e+02 2.82000000000000000e+02 1.60523992546076689e-03 3.54444944642840672e-06
 2.82000000000000000e+02 2.82500000000000000e+02 1.62151933993503095e-03 3.51594946911374410e-06
 2.82500000000000000e+02 2.83000000000000000e+02 1.64204685718121108e-03 3.49238774775368773e-06
 2.83000000000000000e+02 2.83500000000000000e+02 1.64856912881276071e-03 3.47705481347790405e-06
 2.83500000000000000e+02 2.84000000000000000e+02 1.66912764091077179e-03 3.61139751724906247e-06
 2.84000000000000000e+02 2.84500000000000000e+02 1.69474258401882479e-03 3.60890725971288585e-06
 2.84500000000000000e+02 2.85000000000000000e+02 1.70760591465036831e-03 3.55743003769542213e-06
 2.85000000000000000e+02 2.85500000000000000e+02 1.72160760691702293e-03 3.60656203198013351e-06
 2.85500000000000000e+02 2.86000000000000000e+02 1.74166582740504063e-03 3.61765030389494911e-06
 2.86000000000000000e+02 2.86500000000000000e+02 1.75680777528443061e-03 3.65570092349262807e-06
 2.86500000000000000e+02 2.87000000000000000e+02 1.77378162477172360e-03 3.46171531502943355e-06
 2.87000000000000000e+02 2.87500000000000000e+02 1.80177450430936328e-03 3.63367177165757224e-06
 2.87500000000000000e+02 2.88000000000000000e+02 1.81283837271609865e-03 3.54831418138115007e-06
 2.88000000000000000e+02 2.88500000000000000e+02 1.83369257413633726e-03 3.72837609317443982e-06
 2.88500000000000000e+02 2.89000000000000000e+02 1.85180162266127403e-03 3.61828552578443219e-06
 2.89000000000000000e+02 2.89500000000000000e+02 1.86944874299162385e-03 3.63369023472206380e-06
 2.89500000000000000e+02 2.90000000000000000e+02 1.87837190987963538e-03 3.56355395215070865e-06
 2.90000000000000000e+02 2.90500000000000000e+02 1.90092205596772241e-03 3.64177273741587127e-06
 2.90500000000000000e+02 2.91000000000000000e+02 1.91526672802887644e-03 3.60091389514704896e-06
 2.91000000000000000e+02 2.91500000000000000e+02 1.93326873904400907e-03 3.55735307208988422e-06
 2.91500000000000000e+02 2.92000000000000000e+02 1.95833375992322464e-03 3.54518278073045809e-06
 2.92000000000000000e+02 2.92500000000000000e+02 1.97452720840194567e-03 3.70228363763741510e-06
 2.92500000000000000e+02 2.93000000000000000e+02 1.98957617080186425e-03 3.69429788783957524e-06
 2.93000000000000000e+02 2.93500000000000000e+02 2.01123835414675255e-03 3.55883267061623325e-06
 2.93500000000000000e+02 2.94000000000000000e+02 2.03197726877495403e-03 3.67264037917763323e-06
 2.94000000000000000e+02 2.94500000000000000e+02 2.05052675154274557e-03 3.60940216235526438e-06
 2.94500000000000000e+02 2.95000000000000000e+02 2.06407630810468519e-03 3.56154522893438647e-06
 2.95000000000000000e+02 2.95500000000000000e+02 2.08724015872125855e-03 3.66527304472908819e-06
 2.95500000000000000e+02 2.96000000000000000e+02 2.10655720433854674e-03 3.57684372925312682e-06
 2.96000000000000000e+02 2.96500000000000000e+02 2.12534528452221379e-03 3.89716717837876337e-06
 2.96500000000000000e+02 2.97000000000000000e+02 2.13915219134187904e-03 3.63145649250324389e-06
 2.97000000000000000e+02 2.97500000000000000e+02 2.16423651327962447e-03 3.55146794467225022e-06
 2.97500000000000000e+02 2.98000000000000000e+02 2.18168341784566065e-03 3.69991883641968330e-06
 2.98000000000000000e+02 2.98500000000000000e+02 2.20098427724483995e-03 3.65065921635987668e-06
 2.98500000000000000e+02 2.99000000000000000e+02 2.21477155687495450e-03 3.59791019900648927e-06
 2.99000000000000000e+02 2.99500000000000000e+02 2.23928562544326200e-03 3.58153185542608549e-06
 2.99500000000000000e+02 3.00000000000000000e+02 2.25795264787769607e-03 3.67096521030674482e-06
 3.00000000000000000e+02 3.00500000000000000e+02 2.27518857565972002e-03 3.69269772892880301e-06
 3.00500000000000000e+02 3.01000000000000000e+02 2.30225088945724748e-03 3.74812000795335464e-06
 3.01000000000000000e+02 3.01500000000000000e+02 2.30989970256638161e-03 3.67638935332229211e-06
 3.01500000000000000e+02 3.02000000000000000e+02 2.33548152143584712e-03 3.72041687022380091e-06
 3.02000000000000000e+02 3.02500000000000000e+02 2.35084184176576061e-03 3.59548978565375086e-06
 3.02500000000000000e+02 3.03000000000000000e+02 2.37740156392757295e-03 3.60629586852604000e-06
 3.03000000000000000e+02 3.03500000000000000e+02 2.39925615204529845e-03 3.74108198457368815e-06
 3.03500000000000000e+02 3.04000000000000000e+02 2.41624379246593553e-03 3.70363560599677512e-06
 3.04000000000000000e+02 3.04500000000000000e+02 2.43320250440758924e-03 3.96969131112986943e-06
 3.04500000000000000e+02 3.05000000000000000e+02 2.45201404753390192e-03 3.72696477356030855e-06
 3.05000000000000000e+02 3.05500000000000000e+02 2.47660724545903984e-03 3.65766846846993738e-06
 3.05500000000000000e+02 3.06000000000000000e+02 2.49505920269119498e-03 3.75335326689604102e-06
 3.06000000000000000e+02 3.06500000000000000e+02 2.50893242807492464e-03 3.73962389037178288e-06
 3.06500000000000000e+02 3.07000000000000000e+02 2.53079108723826491e-03 3.71911857092374355e-06
 3.07000000000000000e+02 3.07500000000000000e+02 2.55357042775732632e-03 3.68846655385611360e-06
 3.07500000000000000e+02 3.08000000000000000e+02 2.57914650870711207e-03 3.79883595130611519e-06
 3.08000000000000000e+02 3.08500000000000000e+02 2.59975690068237281e-03 3.75147665996696278e-06
 3.08500000000000000e+02 3.09000000000000000e+02 2.61971961181090354e-03 3.77710136632032911e-06
 3.09000000000000000e+02 3.09500000000000000e+02 2.64659108065788641e-03 4.20685779371861768e-06
 3.09500000000000000e+02 3.10000000000000000e+02 2.66091840873338000e-03 3.84377318674186224e-06
 3.10000000000000000e+02 3.10500000000000000e+02 2.68300513694685232e-03 3.78652663769758250e-06
 3.10500000000000000e+02 3.11000000000000000e+02 2.70519435517734561e-03 3.79951340507548464e-06
 3.11000000000000000e+02 3.11500000000000000e+02 2.73171620965979986e-03 3.77568210443609788e-06
 3.11500000000000000e+02 3.12000000000000000e+02 2.76131644264349151e-03 3.84599065861132305e-06
 3.12000000000000000e+02 3.12500000000000000e+02 2.76880400830026730e-03 3.80341608618696896e-06
 3.12500000000000000e+02 3.13000000000000000e+02 2.79569997901743831e-03 3.91617890995952181e-06
 3.13000000000000000e+02 3.13500000000000000e+02 2.82425707470880267e-03 3.90504573575092465e-06
 3.13500000000000000e+02 3.14000000000000000e+02 2.84606975462142709e-03 3.99467743288573932e-06
 3.14000000000000000e+02 3.14500000000000000e+02 2.86701523054983063e-03 3.95312151572657185e-06
 3.14500000000000000e+02 3.15000000000000000e+02 2.88974150185666943e-03 3.81874908406527334e-06
 3.15000000000000000e+02 3.15500000000000000e+02 2.91044329906028692e-03 3.88885882080660773e-06
 3.15500000000000000e+02 3.16000000000000000e+02 2.93828201632188781e-03 3.87810937768459215e-06
 3.16000000000000000e+02 3.16500000000000000e+02 2.95319882984265139e-03 4.02327479216418476e-06
 3.16500000000000000e+02 3.17000000000000000e+02 2.97717670478932651e-03 3.83988850526806685e-06
 3.17000000000000000e+02 3.17500000000000000e+02 3.00771104600833618e-03 3.92982548484915112e-06
 3.17500000000000000e+02 3.18000000000000000e+02 3.02902698361246685e-03 4.06446541271544225e-06
 3.18000000000000000e+02 3.18500000000000000e+02 3.05562648755251494e-03 4.00360158056971044e-06
 3.18500000000000000e+02 3.19000000000000000e+02 3.07568159275556710e-03 3.93119252476619481e-06
 3.19000000000000000e+02 3.19500000000000000e+02 3.10155142463529191e-03 3.94823163475028139e-06
 3.19500000000000000e+02 3.20000000000000000e+02 3.12767488481619860e-03 3.90606032873454257e-06
 3.20000000000000000e+02 3.20500000000000000e+02 3.15735091670383888e-03 3.99373451932221551e-06
 3.20500000000000000e+02 3.21000000000000000e+02 3.17072322668831164e-03 4.06035215848159372e-06
 3.21000000000000000e+02 3.21500000000000000e+02 3.20512807819092445e-03 4.05470587350665523e-06
 3.21500000000000000e+02 3.22000000000000000e+02 3.22120200685125421e-03 4.03113064647604335e-06
 3.22000000000000000e+02 3.22500000000000000e+02 3.25340251099119496e-03 3.97403418924904867e-06
 3.22500000000000000e+02 3.23000000000000000e+02 3.27420883495613746e-03 4.05027331855369356e-06
 3.23000000000000000e+02 3.23500000000000000e+02 3.29678547927771907e-03 4.16981975770486510e-06
 3.23500000000000000e+02 3.24000000000000000e+02 3.32742035196370058e-03 4.01329421831185992e-06
 3.24000000000000000e+02 3.24500000000000000e+02 3.35675133227676366e-03 4.18654318525600884e-06
 3.24500000000000000e+02 3.25000000000000000e+02 3.38293711209251011e-03 4.10074557403957329e-06
 3.25000000000000000e+02 3.25500000000000000e+02 3.40874808835786537e-03 4.15015474198145086e-06
 3.25500000000000000e+02 3.26000000000000000e+02 3.43343435541683221e-03 4.16383224481875086e-06
 3.26000000000000000e+02 3.26500000000000000e+02 3.45442274765231936e-03 4.05753608045454173e-06
 3.26500000000000000e+02 3.27000000000000000e+02 3.49484744025870507e-03 4.13050755424981603e-06
 3.27000000000000000e+02 3.27500000000000000e+02 3.51661039033317928e-03 4.18170305834768331e-06
 3.27500000000000000e+02 3.28000000000000000e+02 3.55237749637107554e-03 4.13908415537246084e-06
 3.28000000000000000e+02 3.28500000000000000e+02 3.56886899025220120e-03 4.18773948004644854e-06
 3.28500000000000000e+02 3.29000000000000000e+02 3.60548358049168254e-03 4.16571425336286353e-06
 3.29000000000000000e+02 3.29500000000000000e+02 3.62716081081210923e-03 4.21042556246226626e-06
 3.29500000000000000e+02 3.30000000000000000e+02 3.65809568367500689e-03 4.19392824447467997e-06
 3.30000000000000000e+02 3.30500000000000000e+02 3.69404658134309160e-03 4.19231244511722069e-06
 3.30500000000000000e+02 3.31000000000000000e+02 3.71577017050758523e-03 4.20060482515332238e-06
 3.31000000000000000e+02 3.31500000000000000e+02 3.75638279243483602e-03 4.23748710197475216e-06
 3.31500000000000000e+02 3.32000000000000000e+02 3.78368365510913180e-03 4.29639496291549036e-06
 3.32000000000000000e+02 3.32500000000000000e+02 3.80701220215512838e-03 4.23394126523791409e-06
 3.32500000000000000e+02 3.33000000000000000e+02 3.84543744005766018e-03 4.19728898289645783e-06
 3.33000000000000000e+02 3.33500000000000000e+02 3.87252357324750730e-03 4.29152298297402526e-06
 3.33500000000000000e+02 3.34000000000000000e+02 3.90349889313284853e-03 4.18905600327052539e-06
 3.34000000000000000e+02 3.34500000000000000e+02 3.94407559555775764e-03 4.31538767933483816e-06
 3.34500000000000000e+02 3.35000000000000000e+02 3.97169969773650874e-03 4.22056437406685422e-06
 3.35000000000000000e+02 3.35500000000000000e+02 4.00136288772522629e-03 4.17032774796600601e-06
 3.35500000000000000e+02 3.36000000000000000e+02 4.03610874275907566e-03 4.22688448882870716e-06
 3.36000000000000000e+02 3.36500000000000000e+02 4.06651569000811980e-03 4.28238926962758090e-06
 3.36500000000000000e+02 3.37000000000000000e+02 4.10087587554869900e-03 4.54199619068663523e-06
 3.37000000000000000e+02 3.37500000000000000e+02 4.13969464817680495e-03 4.30222835154907905e-06
 3.37500000000000000e+02 3.38000000000000000e+02 4.17275199677654470e-03 4.33160268089612840e-06
 3.38000000000000000e+02 3.38500000000000000e+02 4.20453166414010236e-03 4.31318784531607237e-06
 3.38500000000000000e+02 3.39000000000000000e+02 4.23914420059231124e-03 4.28269581435042849e-06
 3.39000000000000000e+02 3.39500000000000000e+02 4.27835159728987349e-03 4.37119145315968010e-06
 3.39500000000000000e+02 3.40000000000000000e+02 4.31921572793743120e-03 4.64618328784592050e-06
 3.40000000000000000e+02 3.40500000000000000e+02 4.35751154258970201e-03 4.47444185905656846e-06
 3.40500000000000000e+02 3.41000000000000000e+02 4.39426187171124572e-03 4.41951856633432603e-06
 3.41000000000000000e+02 3.41500000000000000e+02 4.42461855716508399e-03 4.41164548555097796e-06
 3.41500000000000000e+02 3.42000000000000000e+02 4.46243343905514817e-03 4.49073866483940850e-06
 3.42000000000000000e+02 3.42500000000000000e+02 4.51131611687509773e-03 4.42366420264112522e-06
 3.42500000000000000e+02 3.43000000000000000e+02 4.54437549912489660e-03 4.57683209741188822e-06
 3.43000000000000000e+02 3.43500000000000000e+02 4.58813647660740332e-03 4.54573313905120186e-06
 3.43500000000000000e+02 3.44000000000000000e+02 4.63322551364760398e-03 4.58598593866089093e-06
 3.44000000000000000e+02 3.44500000000000000e+02 4.66206422700305226e-03 4.58349500196673756e-06
 3.44500000000000000e+02 3.45000000000000000e+02 4.70567757314143721e-03 4.58805413763818356e-06
 3.45000000000000000e+02 3.45500000000000000e+02 4.74435730385159432e-03 4.66390641706132881e-06
 3.45500000000000000e+02 3.46000000000000000e+02 4.78421652310045357e-03 4.56342559475098332e-06
 3.46000000000000000e+02 3.46500000000000000e+02 4.82241323763317985e-03 4.57015086261714623e-06
 3.46500000000000000e+02 3.47000000000000000e+02 4.87798434878850863e-03 4.79492558570479789e-06
 3.47000000000000000e+02 3.47500000000000000e+02 4.91413022309196163e-03 4.72951241334000265e-06
 3.47500000000000000e+02 3.48000000000000000e+02 4.95402126477044891e-03 4.62789551292092387e-06
 3.48000000000000000e+02 3.48500000000000000e+02 5.01520773577581336e-03 4.84389916553132910e-06
 3.48500000000000000e+02 3.49000000000000000e+02 5.05241208439942673e-03 4.71625175052067766e-06
 3.49000000000000000e+02 3.49500000000000000e+02 5.10291365867314266e-03 4.82076100382197577e-06
 3.49500000000000000e+02 3.50000000000000000e+02 5.14827563656196710e-03 4.80050140824889984e-06
 3.50000000000000000e+02 3.50500000000000000e+02 5.20247431428196971e-03 4.80185876222528180e-06
 3.50500000000000000e+02 3.51000000000000000e+02 5.24594048861459685e-03 4.79892671558779295e-06
 3.51000000000000000e+02 3.51500000000000000e+02 5.29715560592743367e-03 4.88177848530350820e-06
 3.51500000000000000e+02 3.52000000000000000e+02 5.34733112760187902e-03 4.83579139860348288e-06
 3.52000000000000000e+02 3.52500000000000000e+02 5.39970557323899130e-03 4.76542215228617689e-06
 3.52500000000000000e+02 3.53000000000000000e+02 5.44498916205617481e-03 4.87925438326077374e-06
 3.53000000000000000e+02 3.53500000000000000e+02 5.51168647597735217e-03 4.85933633821326479e-06
 3.53500000000000000e+02 3.54000000000000000e+02 5.56927191295650444e-03 4.94969955973618345e-06
 3.54000000000000000e+02 3.54500000000000000e+02 5.61864624307696885e-03 4.87789280804684651e-06
 3.54500000000000000e+02 3.55000000000000000e+02 5.67645821243555233e-03 5.09700303183480619e-06
 3.55000000000000000e+02 3.55500000000000000e+02 5.73151988122376325e-03 4.97160942341885351e-06
 3.55500000000000000e+02 3.56000000000000000e+02 5.79123563796170131e-03 4.84099686101207895e-06
 3.56000000000000000e+02 3.56500000000000000e+02 5.86145379416415282e-03 5.03241520616717104e-06
 3.56500000000000000e+02 3.57000000000000000e+02 5.91642999050135624e-03 5.02961180009656315e-06
 3.57000000000000000e+02 3.57500000000000000e+02 5.97647990869159054e-03 5.17773536763080965e-06
 3.57500000000000000e+02 3.58000000000000000e+02 6.03639243287072951e-03 5.06880631073251651e-06
 3.58000000000000000e+02 3.58500000000000000e+02 6.10078776723030954e-03 5.01734681421850486e-06
 3.58500000000000000e+02 3.59000000000000000e+02 6.18048901963523523e-03 5.11617472805440328e-06
 3.59000000000000000e+02 3.59500000000000000e+02 6.24555301863084777e-03 5.23540428228672908e-06
 3.59500000000000000e+02 3.60000000000000000e+02 6.30692203931446180e-03 5.44554009708069585e-06
 3.60000000000000000e+02 3.60500000000000000e+02 6.38855808887524215e-03 5.19086267089586020e-06
 3.60500000000000000e+02 3.61000000000000000e+02 6.46274695631254142e-03 5.47458917706778220e-06
 3.61000000000000000e+02 3.61500000000000000e+02 6.54858496117116402e-03 5.27314811149502140e-06
 3.61500000000000000e+02 3.62000000000000000e+02 6.62094111951770561e-03 5.17497590318760080e-06
 3.62000000000000000e+02 3.62500000000000000e+02 6.69189159221795105e-03 5.30009537971862842e-06
 3.62500000000000000e+02 3.63000000000000000e+02 6.78523930031767458e-03 5.47281013960796041e-06
 3.63000000000000000e+02 3.63500000000000000e+02 6.86142326382752771e-03 5.47058911056138662e-06
 3.63500000000000000e+02 3.64000000000000000e+02 6.94338699379211995e-03 5.53101632629983717e-06
 3.64000000000000000e+02 3.64500000000000000e+02 7.05232065816395557e-03 7.10192006947146234e-06
 3.64500000000000000e+02 3.65000000000000000e+02 7.13387769983531150e-03 5.48371431356235475e-06
 3.65000000000000000e+02 3.65500000000000000e+02 7.22139070724556707e-03 5.55773392373620343e-06
 3.65500000000000000e+02 3.66000000000000000e+02 7.32381436101112691e-03 5.51693264676858638e-06
 3.66000000000000000e+02 3.66500000000000000e+02 7.41900439321160465e-03 5.64347125796957624e-06
 3.66500000000000000e+02 3.67000000000000000e+02 7.52272788902367574e-03 5.55538177709357222e-06
 3.67000000000000000e+02 3.67500000000000000e+02 7.61626080278998956e-03 5.63824350645326822e-06
 3.67500000000000000e+02 3.68000000000000000e+02 7.70296207202750358e-03 5.62242859650470005e-06
 3.68000000000000000e+02 3.68500000000000000e+02 7.80667760359233034e-03 5.74064685914362585e-06
 3.68500000000000000e+02 3.69000000000000000e+02 7.86798578107957697e-03 5.75958615969443505e-06
 3.69000000000000000e+02 3.69500000000000000e+02 7.89809834102342748e-03 5.77688979513662647e-06
 3.69500000000000000e+02 3.70000000000000000e+02 7.93514456572400398e-03 5.82046249491481349e-06
 3.70000000000000000e+02 3.70500000000000000e+02 7.95926474650901668e-03 5.58437304375980126e-06
 3.70500000000000000e+02 3.71000000000000000e+02 7.97963086503616047e-03 5.70406449769154270e-06
 3.71000000000000000e+02 3.71500000000000000e+02 7.99310797423198605e-03 5.75778488439657148e-06
 3.71500000000000000e+02 3.72000000000000000e+02 8.01982088669379693e-03 5.75705973137774032e-06
 3.72000000000000000e+02 3.72500000000000000e+02 8.04004336878839931e-03 5.88248859673820841e-06
 3.72500000000000000e+02 3.73000000000000000e+02 8.05233760292612191e-03 5.75552924503303036e-06
 3.73000000000000000e+02 3.73500000000000000e+02 8.07421682049420074e-03 5.62584094829060036e-06
 3.73500000000000000e+02 3.74000000000000000e+02 8.08579272697775020e-03 5.66754677051455768e-06
 3.74000000000000000e+02 3.74500000000000000e+02 8.09847884703715146e-03 5.59126363597939927e-06
 3.74500000000000000e+02 3.75000000000000000e+02 8.12453608199579895e-03 5.67181378223927566e-06
 3.75000000000000000e+02 3.75500000000000000e+02 8.13482950469774854e-03 5.70869061763102369e-06
 3.75500000000000000e+02 3.76000000000000000e+02 8.14616303063060536e-03 5.63221356575470214e-06
 3.76000000000000000e+02 3.76500000000000000e+02 8.15697841001435109e-03 5.79059824645778814e-06
 3.76500000000000000e+02 3.77000000000000000e+02 8.18459304107994022e-03 5.87864209883081561e-06
 3.77000000000000000e+02 3.77500000000000000e+02 8.19280457121336105e-03 5.50430883656318992e-06
 3.77500000000000000e+02 3.78000000000000000e+02 8.20307833214913538e-03 5.48886409385937438e-06
 3.78000000000000000e+02 3.78500000000000000e+02 8.21286657519306601e-03 5.67705510216786521e-06
 3.78500000000000000e+02 3.79000000000000000e+02 8.22648866535695411e-03 5.61878168982401002e-06
 3.79000000000000000e+02 3.79500000000000000e+02 8.23474518702448262e-03 5.76851936348156614e-06
 3.79500000000000000e+02 3.80000000000000000e+02 8.24988878793822024e-03 5.79358208381830605e-06
 3.80000000000000000e+02 3.80500000000000000e+02 8.27477714959745994e-03 5.70826049880459459e-06
 3.80500000000000000e+02 3.81000000000000000e+02 8.28980395069709233e-03 5.51576504233480567e-06
 3.81000000000000000e+02 3.81500000000000000e+02 8.30674353408947762e-03 5.71976267683377221e-06
 3.81500000000000000e+02 3.82000000000000000e+02 8.32060850108698978e-03 5.69475861183469251e-06
 3.82000000000000000e+02 3.82500000000000000e+02 8.31795288492545581e-03 5.46360611111897543e-06
 3.82500000000000000e+02 3.83000000000000000e+02 8.34125044061346729e-03 5.50674704071611099e-06
 3.83000000000000000e+02 3.83500000000000000e+02 8.35812250214447092e-03 5.76147604722016997e-06
 3.83500000000000000e+02 3.84000000000000000e+02 8.37388988941161101e-03 5.52531422829263443e-06
 3.84000000000000000e+02 3.84500000000000000e+02 8.37849106159874006e-03 5.65679499706459235e-06
 3.84500000000000000e+02 3.85000000000000000e+02 8.40232215661310296e-03 5.79281545785152338e-06
 3.85000000000000000e+02 3.85500000000000000e+02 8.41319448915939759e-03 5.80370381152340069e-06
 3.85500000000000000e+02 3.86000000000000000e+02 8.43867462757408836e-03 5.75827389905801823e-06
 3.86000000000000000e+02 3.86500000000000000e+02 8.44607789754110196e-03 5.66305794412240383e-06
 3.86500000000000000e+02 3.87000000000000000e+02 8.46817655174613923e-03 5.76239332364871681e-06
 3.87000000000000000e+02 3.87500000000000000e+02 8.47996182278726134e-03 5.70811374192759871e-06
 3.87500000000000000e+02 3.88000000000000000e+02 8.48601869849637674e-03 5.76765256626501368e-06
 3.88000000000000000e+02 3.88500000000000000e+02 8.49329070219942243e-03 5.94085117844902729e-06
 3.88500000000000000e+02 3.89000000000000000e+02 8.51235497569316490e-03 5.84332395683741033e-06
 3.89000000000000000e+02 3.89500000000000000e+02 8.52209529952224938e-03 5.75606071961452596e-06
 3.89500000000000000e+02 3.90000000000000000e+02 8.53655404194448957e-03 6.12065823776803413e-06
 3.90000000000000000e+02 3.90500000000000000e+02 8.55600831119689154e-03 5.89073657875543280e-06
 3.90500000000000000e+02 3.91000000000000000e+02 8.55937900415061799e-03 6.13068000145252672e-06
 3.91000000000000000e+02 3.91500000000000000e+02 8.58305987037988501e-03 5.76485443233440728e-06
 3.91500000000000000e+02 3.92000000000000000e+02 8.58624142116220200e-03 5.76120735855250922e-06
 3.92000000000000000e+02 3.92500000000000000e+02 8.60795926735441821e-03 5.75655079413361022e-06
 3.92500000000000000e+02 3.93000000000000000e+02 8.63191513564464177e-03 5.67156290018932090e-06
 3.93000000000000000e+02 3.93500000000000000e+02 8.63906378725883863e-03 5.81567303278057270e-06
 3.93500000000000000e+02 3.94000000000000000e+02 8.65132715807974753e-03 5.80660302326826135e-06
 3.94000000000000000e+02 3.94500000000000000e+02 8.65443236662247380e-03 5.72581767008321445e-06
 3.94500000000000000e+02 3.95000000000000000e+02 8.66886676491021753e-03 5.95006767673126055e-06
 3.95000000000000000e+02 3.95500000000000000e+02 8.67412855024506449e-03 5.79224561450735905e-06
 3.95500000000000000e+02 3.96000000000000000e+02 8.71761589792194660e-03 5.82606823399753913e-06
 3.96000000000000000e+02 3.96500000000000000e+02 8.71226844586861678e-03 5.78085503855624543e-06
 3.96500000000000000e+02 3.97000000000000000e+02 8.72880440643793512e-03 5.79999023221490971e-06
 3.97000000000000000e+02 3.97500000000000000e+02 8.73363199745331824e-03 5.67952797714993389e-06
 3.97500000000000000e+02 3.98000000000000000e+02 8.75195809640041782e-03 5.78712113212266396e-06
 3.98000000000000000e+02 3.98500000000000000e+02 8.75880630805824997e-03 5.87700975125502396e-06
 3.98500000000000000e+02 3.99000000000000000e+02 8.78075493199771857e-03 5.78097881422374017e-06
 3.99000000000000000e+02 3.99500000000000000e+02 8.79004664881053062e-03 5.71783527173917628e-06
 3.99500000000000000e+02 4.00000000000000000e+02 8.79757017092635575e-03 5.89674661444176380e-06
 4.00000000000000000e+02 4.00500000000000000e+02 8.82445485259285983e-03 5.89827711217852735e-06
 4.00500000000000000e+02 4.01000000000000000e+02 8.82616090909282489e-03 6.02939425237742701e-06
 4.01000000000000000e+02 4.01500000000000000e+02 8.82762185259991332e-03 5.77856467269784482e-06
 4.01500000000000000e+02 4.02000000000000000e+02 8.85336364547160103e-03 5.93095687348289284e-06
 4.02000000000000000e+02 4.02500000000000000e+02 8.86636626948815280e-03 6.01833142681647699e-06
 4.02500000000000000e+02 4.03000000000000000e+02 8.88665382220991604e-03 5.96994858215889624e-06
 4.03000000000000000e+02 4.03500000000000000e+02 8.89378981669925600e-03 5.81111006639952091e-06
 4.03500000000000000e+02 4.04000000000000000e+02 8.90379802435076542e-03 5.73180307522066749e-06
 4.04000000000000000e+02 4.04500000000000000e+02 8.91815914617269563e-03 5.79262348897383960e-06
 4.04500000000000000e+02 4.05000000000000000e+02 8.92796243515805478e-03 5.73585125836908064e-06
 4.05000000000000000e+02 4.05500000000000000e+02 8.94089525948458044e-03 5.79298019788542843e-06
 4.05500000000000000e+02 4.06000000000000000e+02 8.94490957683895423e-03 5.92985677698283232e-06
 4.06000000000000000e+02 4.06500000000000000e+02 8.95417666487595930e-03 5.88724161072704152e-06
 4.06500000000000000e+02 4.07000000000000000e+02 8.96114892360818163e-03 6.50730780790678306e-06
 4.07000000000000000e+02 4.07500000000000000e+02 8.99893294535337833e-03 6.06752416966947265e-06
 4.07500000000000000e+02 4.08000000000000000e+02 8.98515345780753066e-03 5.85807245066713552e-06
 4.08000000000000000e+02 4.08500000000000000e+02 8.99633262883973474e-03 5.73760663766168368e-06
 4.08500000000000000e+02 4.09000000000000000e+02 9.02162424541503791e-03 6.01956202616714081e-06
 4.09000000000000000e+02 4.09500000000000000e+02 9.03743146465673351e-03 6.05313762581894800e-06
 4.09500000000000000e+02 4.10000000000000000e+02 9.04826184171455584e-03 5.98392721969459090e-06
 4.10000000000000000e+02 4.10500000000000000e+02 9.04491368386392894e-03 6.16632373750650174e-06
 4.10500000000000000e+02 4.11000000000000000e+02 9.05474086568728090e-03 6.02734424404405573e-06
 4.11000000000000000e+02 4.11500000000000000e+02 9.07864786526937743e-03 5.98989789561123307e-06
 4.11500000000000000e+02 4.12000000000000000e+02 9.08061526255090137e-03 6.00836332973510792e-06
 4.12000000000000000e+02 4.12500000000000000e+02 9.09023010033498113e-03 6.03624081682529189e-06
 4.12500000000000000e+02 4.13000000000000000e+02 9.09522696229099134e-03 5.98706596926324718e-06
 4.13000000000000000e+02 4.13500000000000000e+02 9.11783273119707270e-03 6.03125386899943971e-06
 4.13500000000000000e+02 4.14000000000000000e+02 9.12526916492400683e-03 6.31392084065382306e-06
 4.14000000000000000e+02 4.14500000000000000e+02 9.11916346099450603e-03 6.07291242849574604e-06
 4.14500000000000000e+02 4.15000000000000000e+02 9.14171554693526782e-03 6.19328059898604862e-06
 4.15000000000000000e+02 4.15500000000000000e+02 9.15404791999368389e-03 5.90200231919337258e-06
 4.15500000000000000e+02 4.16000000000000000e+02 9.15586780169421605e-03 6.29714612408646030e-06
 4.16000000000000000e+02 4.16500000000000000e+02 9.15752553588623959e-03 5.85734973565120943e-06
 4.16500000000000000e+02 4.17000000000000000e+02 9.18616695753780334e-03 6.16441695674147983e-06
 4.17000000000000000e+02 4.17500000000000000e+02 9.18361240593156165e-03 5.89600558396853939e-06
 4.17500000000000000e+02 4.18000000000000000e+02 9.18634826595794360e-03 6.04050279349966589e-06
 4.18000000000000000e+02 4.18500000000000000e+02 9.20393482985860240e-03 6.55398112023143351e-06
 4.18500000000000000e+02 4.19000000000000000e+02 9.20279825359793247e-03 6.05175199828187135e-06
 4.19000000000000000e+02 4.19500000000000000e+02 9.20494056552678512e-03 5.87532773884825599e-06
 4.19500000000000000e+02 4.20000000000000000e+02 9.22470395750643428e-03 6.17798424751757874e-06
 4.20000000000000000e+02 4.20500000000000000e+02 9.22554756490282478e-03 6.21500434954338201e-06
 4.20500000000000000e+02 4.21000000000000000e+02 9.23230584357606458e-03 5.95904035981023149e-06
 4.21000000000000000e+02 4.21500000000000000e+02 9.24663051775037256e-03 6.28587629267466111e-06
 4.21500000000000000e+02 4.22000000000000000e+02 9.24941023034899640e-03 6.19100015230433239e-06
 4.22000000000000000e+02 4.22500000000000000e+02 9.24404436515012876e-03 6.22003656566104244e-06
 4.22500000000000000e+02 4.23000000000000000e+02 9.24329426064678973e-03 6.01918220301782817e-06
 4.23000000000000000e+02 4.23500000000000000e+02 9.26935103928092259e-03 6.25184204910521036e-06
 4.23500000000000000e+02 4.24000000000000000e+02 9.27444868315344118e-03 6.21290133021049765e-06
 4.24000000000000000e+02 4.24500000000000000e+02 9.27027774255088401e-03 6.30128140617027461e-06
 4.24500000000000000e+02 4.25000000000000000e+02 9.27779241945738374e-03 6.25347393879710082e-06
 4.25000000000000000e+02 4.25500000000000000e+02 9.29816032107512805e-03 6.20025037128203002e-06
 4.25500000000000000e+02 4.26000000000000000e+02 9.28030553754057019e-03 6.14808710883868786e-06
 4.26000000000000000e+02 4.26500000000000000e+02 9.28222461001553846e-03 6.31556548907769897e-06
 4.26500000000000000e+02 4.27000000000000000e+02 9.28819565131520052e-03 6.13191164144949994e-06
 4.27000000000000000e+02 4.27500000000000000e+02 9.28726361770718101e-03 6.32798635799444016e-06
 4.27500000000000000e+02 4.28000000000000000e+02 9.29034116769151576e-03 6.02033232473093748e-06
 4.28000000000000000e+02 4.28500000000000000e+02 9.30240341439951893e-03 6.16614915609848806e-06
 4.28500000000000000e+02 4.29000000000000000e+02 9.29900810269253600e-03 6.22286674638003364e-06
 4.29000000000000000e+02 4.29500000000000000e+02 9.29879240121744832e-03 6.07650164610576012e-06
 4.29500000000000000e+02 4.30000000000000000e+02 9.29500578746094049e-03 6.29787329481904463e-06
 4.30000000000000000e+02 4.30500000000000000e+02 9.29799275480993649e-03 6.39320553557357038e-06
 4.30500000000000000e+02 4.31000000000000000e+02 9.29231071989905164e-03 6.13481670152484324e-06
 4.31000000000000000e+02 4.31500000000000000e+02 9.28740193279857518e-03 6.21904554246788354e-06
 4.31500000000000000e+02 4.32000000000000000e+02 9.28890526682466834e-03 6.27795145446271393e-06
 4.32000000000000000e+02 4.32500000000000000e+02 9.29670801643018088e-03 6.27167484844681819e-06
 4.32500000000000000e+02 4.33000000000000000e+02 9.27909341242803484e-03 6.21024039974570914e-06
 4.33000000000000000e+02 4.33500000000000000e+02 9.28887694738857357e-03 6.36976210793115630e-06
 4.33500000000000000e+02 4.34000000000000000e+02 9.27753045644359904e-03 6.19073321992068943e-06
 4.34000000000000000e+02 4.34500000000000000e+02 9.27751790318879534e-03 6.07932677012267481e-06
 4.34500000000000000e+02 4.35000000000000000e+02 9.26026144966641228e-03 6.12939292954616960e-06
 4.35000000000000000e+02 4.35500000000000000e+02 9.26745397399343813e-03 6.33969869975268797e-06
 4.35500000000000000e+02 4.36000000000000000e+02 9.26229226716419017e-03 6.20984706664063270e-06
 4.36000000000000000e+02 4.36500000000000000e+02 9.25228681447526173e-03 6.28984287354729625e-06
 4.36500000000000000e+02 4.37000000000000000e+02 9.23822097029027706e-03 6.60649432705492039e-06
 4.37000000000000000e+02 4.37500000000000000e+02 9.23248990976665261e-03 6.45692187642131261e-06
 4.37500000000000000e+02 4.38000000000000000e+02 9.22654324257450587e-03 6.10200408465731977e-06
 4.38000000000000000e+02 4.38500000000000000e+02 9.20879558579984665e-03 6.22225212009285903e-06
 4.38500000000000000e+02 4.39000000000000000e+02 9.19986848452101526e-03 6.27684179121999252e-06
 4.39000000000000000e+02 4.39500000000000000e+02 9.18723086103553216e-03 6.34323789749182146e-06
 4.39500000000000000e+02 4.40000000000000000e+02 9.16628914967920413e-03 6.27600081684853402e-06
 4.40000000000000000e+02 4.40500000000000000e+02 9.15957845427528734e-03 6.28963851313269548e-06
 4.40500000000000000e+02 4.41000000000000000e+02 9.13868712213534301e-03 6.13098561875319987e-06
 4.41000000000000000e+02 4.41500000000000000e+02 9.12819001175561168e-03 6.37884018321478510e-06
 4.41500000000000000e+02 4.42000000000000000e+02 9.11105233620499756e-03 6.42446990079058978e-06
 4.42000000000000000e+02 4.42500000000000000e+02 9.08565363142422276e-03 6.30831495151884828e-06
 4.42500000000000000e+02 4.43000000000000000e+02 9.06352532356256152e-03 6.44836283132070480e-06
 4.43000000000000000e+02 4.43500000000000000e+02 9.05410975938519651e-03 6.47920614191506567e-06
 4.43500000000000000e+02 4.44000000000000000e+02 9.01272899691075817e-03 6.43234269530364585e-06
 4.44000000000000000e+02 4.44500000000000000e+02 8.98276418904466606e-03 6.35395678528405833e-06
 4.44500000000000000e+02 4.45000000000000000e+02 8.97432014324373549e-03 6.32116853101229894e-06
 4.45000000000000000e+02 4.45500000000000000e+02 8.94994374341371614e-03 6.13934597584666474e-06
 4.45500000000000000e+02 4.46000000000000000e+02 8.90925892175323079e-03 6.17141201028582878e-06
 4.46000000000000000e+02 4.46500000000000000e+02 8.86303004484717896e-03 6.20932453510776096e-06
 4.46500000000000000e+02 4.47000000000000000e+02 8.84388491427182642e-03 6.58055001249686241e-06
 4.47000000000000000e+02 4.47500000000000000e+02 8.81472282630783519e-03 6.54871375157751055e-06
 4.47500000000000000e+02 4.48000000000000000e+02 8.76348477156431611e-03 6.34128316798081861e-06
 4.48000000000000000e+02 4.48500000000000000e+02 8.72863704277202467e-03 6.80426581933917741e-06
 4.48500000000000000e+02 4.49000000000000000e+02 8.68713926402166388e-03 6.27989004212538786e-06
 4.49000000000000000e+02 4.49500000000000000e+02 8.65211773197089098e-03 6.28644969755552214e-06
 4.49500000000000000e+02 4.50000000000000000e+02 8.60459884305794440e-03 6.38147440752133759e-06
 4.50000000000000000e+02 4.50500000000000000e+02 8.54858207470421232e-03 6.25997255207888561e-06
 4.50500000000000000e+02 4.51000000000000000e+02 8.50143180205517601e-03 6.15728863846303054e-06
 4.51000000000000000e+02 4.51500000000000000e+02 8.44340998376612133e-03 6.30113644567402951e-06
 4.51500000000000000e+02 4.52000000000000000e+02 8.38513329863012011e-03 6.34815839324651518e-06
 4.52000000000000000e+02 4.52500000000000000e+02 8.32969479722093196e-03 6.40916496056250392e-06
 4.52500000000000000e+02 4.53000000000000000e+02 8.26100170208491844e-03 6.32398373674635145e-06
 4.53000000000000000e+02 4.53500000000000000e+02 8.19575080848094009e-03 6.30404759731702483e-06
 4.53500000000000000e+02 4.54000000000000000e+02 8.11222402210910916e-03 6.45016443332301489e-06
 4.54000000000000000e+02 4.54500000000000000e+02 8.03229170968097414e-03 6.19721645722651823e-06
 4.54500000000000000e+02 4.55000000000000000e+02 7.96610731732643428e-03 6.94408000778734946e-06
 4.55000000000000000e+02 4.55500000000000000e+02 7.87035733442004344e-03 6.43719690170388909e-06
 4.55500000000000000e+02 4.56000000000000000e+02 7.78867722406253495e-03 5.91611982728648350e-06
 4.56000000000000000e+02 4.56500000000000000e+02 7.66414279323385586e-03 5.98527002178156968e-06
 4.56500000000000000e+02 4.57000000000000000e+02 7.57140124645502930e-03 6.49929688398971860e-06
 4.57000000000000000e+02 4.57500000000000000e+02 7.45733042226085028e-03 6.12055571109750902e-06
 4.57500000000000000e+02 4.58000000000000000e+02 7.33525829099870331e-03 6.16753522521826600e-06
 4.58000000000000000e+02 4.58500000000000000e+02 7.21079421168467193e-03 6.00542994900419560e-06
 4.58500000000000000e+02 4.59000000000000000e+02 7.07043301593395217e-03 6.20664642592421899e-06
 4.59000000000000000e+02 4.59500000000000000e+02 6.91235616287879349e-03 6.30781083959089613e-06
 4.59500000000000000e+02 4.60000000000000000e+02 6.75807150759494529e-03 6.16445482682028814e-06
 4.60000000000000000e+02 4.60500000000000000e+02 6.60401561462412110e-03 5.93401353643884378e-06
 4.60500000000000000e+02 4.61000000000000000e+02 6.42191461182788689e-03 5.99252483903252417e-06
 4.61000000000000000e+02 4.61500000000000000e+02 6.22318931990547327e-03 6.19325901181862445e-06
 4.61500000000000000e+02 4.62000000000000000e+02 5.98203006210066245e-03 6.20070732518281849e-06
 4.62000000000000000e+02 4.62500000000000000e+02 5.74646913018262394e-03 5.80681733731182388e-06
 4.62500000000000000e+02 4.63000000000000000e+02 5.47311129640118063e-03 5.86044781946516738e-06
 4.63000000000000000e+02 4.63500000000000000e+02 5.17316743362542832e-03 5.55742331636372423e-06
 4.63500000000000000e+02 4.64000000000000000e+02 4.85790260042068094e-03 5.95839358448543290e-06
 4.64000000000000000e+02 4.64500000000000000e+02 4.48298936468485842e-03 5.57961692147996083e-06
 4.64500000000000000e+02 4.65000000000000000e+02 4.07233501431583742e-03 5.32633051816531213e-06
 4.65000000000000000e+02 4.65500000000000000e+02 3.59833462663483247e-03 5.44945234256376247e-06
 4.65500000000000000e+02 4.66000000000000000e+02 3.06206085753912231e-03 5.81847200447098669e-06
 4.66000000000000000e+02 4.66500000000000000e+02 2.38961117555259572e-03 6.02666359778107388e-06
 4.66500000000000000e+02 4.67000000000000000e+02 1.50450508843365510e-03 5.89905687863359721e-06
 4.67000000000000000e+02 4.67500000000000000e+02 7.40998149627357470e-04 3.20613050394705219e-06
 4.67500000000000000e+02 4.68000000000000000e+02 4.94436457811070528e-04 2.72396229310833763e-06
 4.68000000000000000e+02 4.68500000000000000e+02 3.52776100820294887e-04 2.89588862349780635e-06
 4.68500000000000000e+02 4.69000000000000000e+02 2.46625934951164114e-04 1.60491260086794412e-06
 4.69000000000000000e+02 4.69500000000000000e+02 1.73042996613792565e-04 1.43282847220730836e-06
 4.69500000000000000e+02 4.70000000000000000e+02 1.15532826750703506e-04 1.41246897020130174e-06
 4.70000000000000000e+02 4.70500000000000000e+02 7.51573835304003628e-05 1.77201941051862518e-06
 4.70500000000000000e+02 4.71000000000000000e+02 4.42263780106866763e-05 8.59901256713815861e-07
 4.71000000000000000e+02 4.71500000000000000e+02 2.37022349248942431e-05 1.08234698357947712e-06
 4.71500000000000000e+02 4.72000000000000000e+02 8.47163813787132001e-06 3.51250792755683713e-07
 4.72000000000000000e+02 4.72500000000000000e+02 1.53887507200163053e-06 1.17187477214308414e-07
 4.72500000000000000e+02 4.73000000000000000e+02 6.45430100266295587e-08 2.65416232507515534e-08
 4.73000000000000000e+02 4.73500000000000000e+02 0.00000000000000000e+00 0.00000000000000000e+00
 4.73500000000000000e+02 4.74000000000000000e+02 0.00000000000000000e+00 0.00000000000000000e+00
 4.74000000000000000e+02 4.74500000000000000e+02 0.00000000000000000e+00 0.00000000000000000e+00
 4.74500000000000000e+02 4.75000000000000000e+02 0.00000000000000000e+00 0.00000000000000000e+00
 4.75000000000000000e+02 4.75500000000000000e+02 0.00000000000000000e+00 0.00000000000000000e+00
 4.75500000000000000e+02 4.76000000000000000e+02 0.00000000000000000e+00 0.00000000000000000e+00
 4.76000000000000000e+02 4.76500000000000000e+02 0.00000000000000000e+00 0.00000000000000000e+00
 4.76500000000000000e+02 4.77000000000000000e+02 0.00000000000000000e+00 0.00000000000000000e+00
 4.77000000000000000e+02 4.77500000000000000e+02 0.00000000000000000e+00 0.00000000000000000e+00
 4.77500000000000000e+02 4.78000000000000000e+02 0.00000000000000000e+00 0.00000000000000000e+00
 4.78000000000000000e+02 4.78500000000000000e+02 0.00000000000000000e+00 0.00000000000000000e+00
 4.78500000000000000e+02 4.79000000000000000e+02 0.00000000000000000e+00 0.00000000000000000e+00
 4.79000000000000000e+02 4.79500000000000000e+02 0.00000000000000000e+00 0.00000000000000000e+00
 4.79500000000000000e+02 4.80000000000000000e+02 0.00000000000000000e+00 0.00000000000000000e+00
 4.80000000000000000e+02 4.80500000000000000e+02 0.00000000000000000e+00 0.00000000000000000e+00
 4.80500000000000000e+02 4.81000000000000000e+02 0.00000000000000000e+00 0.00000000000000000e+00
 4.81000000000000000e+02 4.81500000000000000e+02 0.00000000000000000e+00 0.00000000000000000e+00
 4.81500000000000000e+02 4.82000000000000000e+02 0.00000000000000000e+00 0.00000000000000000e+00
 4.82000000000000000e+02 4.82500000000000000e+02 0.00000000000000000e+00 0.00000000000000000e+00
 4.82500000000000000e+02 4.83000000000000000e+02 0.00000000000000000e+00 0.00000000000000000e+00
 4.83000000000000000e+02 4.83500000000000000e+02 0.00000000000000000e+00 0.00000000000000000e+00
 4.83500000000000000e+02 4.84000000000000000e+02 0.00000000000000000e+00 0.00000000000000000e+00
 4.84000000000000000e+02 4.84500000000000000e+02 0.00000000000000000e+00 0.00000000000000000e+00
 4.84500000000000000e+02 4.85000000000000000e+02 0.00000000000000000e+00 0.00000000000000000e+00
 4.85000000000000000e+02 4.85500000000000000e+02 0.00000000000000000e+00 0.00000000000000000e+00
 4.85500000000000000e+02 4.86000000000000000e+02 0.00000000000000000e+00 0.00000000000000000e+00
 4.86000000000000000e+02 4.86500000000000000e+02 0.00000000000000000e+00 0.00000000000000000e+00
 4.86500000000000000e+02 4.87000000000000000e+02 0.00000000000000000e+00 0.00000000000000000e+00
 4.87000000000000000e+02 4.87500000000000000e+02 0.00000000000000000e+00 0.00000000000000000e+00
 4.87500000000000000e+02 4.88000000000000000e+02 0.00000000000000000e+00 0.00000000000000000e+00
 4.88000000000000000e+02 4.88500000000000000e+02 0.00000000000000000e+00 0.00000000000000000e+00
 4.88500000000000000e+02 4.89000000000000000e+02 0.00000000000000000e+00 0.00000000000000000e+00
 4.89000000000000000e+02 4.89500000000000000e+02 0.00000000000000000e+00 0.00000000000000000e+00
 4.89500000000000000e+02 4.90000000000000000e+02 0.00000000000000000e+00 0.00000000000000000e+00
 4.90000000000000000e+02 4.90500000000000000e+02 0.00000000000000000e+00 0.00000000000000000e+00
 4.90500000000000000e+02 4.91000000000000000e+02 0.00000000000000000e+00 0.00000000000000000e+00
 4.91000000000000000e+02 4.91500000000000000e+02 0.00000000000000000e+00 0.00000000000000000e+00
 4.91500000000000000e+02 4.92000000000000000e+02 0.00000000000000000e+00 0.00000000000000000e+00
 4.92000000000000000e+02 4.92500000000000000e+02 0.00000000000000000e+00 0.00000000000000000e+00
 4.92500000000000000e+02 4.93000000000000000e+02 0.00000000000000000e+00 0.00000000000000000e+00
 4.93000000000000000e+02 4.93500000000000000e+02 0.00000000000000000e+00 0.00000000000000000e+00
 4.93500000000000000e+02 4.94000000000000000e+02 0.00000000000000000e+00 0.00000000000000000e+00
 4.94000000000000000e+02 4.94500000000000000e+02 0.00000000000000000e+00 0.00000000000000000e+00
 4.94500000000000000e+02 4.95000000000000000e+02 0.00000000000000000e+00 0.00000000000000000e+00
 4.95000000000000000e+02 4.95500000000000000e+02 0.00000000000000000e+00 0.00000000000000000e+00
 4.95500000000000000e+02 4.96000000000000000e+02 0.00000000000000000e+00 0.00000000000000000e+00
 4.96000000000000000e+02 4.96500000000000000e+02 0.00000000000000000e+00 0.00000000000000000e+00
 4.96500000000000000e+02 4.97000000000000000e+02 0.00000000000000000e+00 0.00000000000000000e+00
 4.97000000000000000e+02 4.97500000000000000e+02 0.00000000000000000e+00 0.00000000000000000e+00
 4.97500000000000000e+02 4.98000000000000000e+02 0.00000000000000000e+00 0.00000000000000000e+00
 4.98000000000000000e+02 4.98500000000000000e+02 0.00000000000000000e+00 0.00000000000000000e+00
 4.98500000000000000e+02 4.99000000000000000e+02 0.00000000000000000e+00 0.00000000000000000e+00
 4.99000000000000000e+02 4.99500000000000000e+02 0.00000000000000000e+00 0.00000000000000000e+00
 4.99500000000000000e+02 5.00000000000000000e+02 0.00000000000000000e+00 0.00000000000000000e+00

Histogram:spp-
 2.00000000000000000e+02 2.00500000000000000e+02 0.00000000000000000e+00 0.00000000000000000e+00
 2.00500000000000000e+02 2.01000000000000000e+02 0.00000000000000000e+00 0.00000000000000000e+00
 2.01000000000000000e+02 2.01500000000000000e+02 5.69915773176880002e-10 5.69915773176880002e-10
 2.01500000000000000e+02 2.02000000000000000e+02 1.26298410461837661e-09 1.26298410461837661e-09
 2.02000000000000000e+02 2.02500000000000000e+02 3.90814855676473355e-10 3.90814855676473355e-10
 2.02500000000000000e+02 2.03000000000000000e+02 4.20567655225055417e-09 1.63176857468692207e-09
 2.03000000000000000e+02 2.03500000000000000e+02 3.59290194577317373e-09 1.63097973455145081e-09
 2.03500000000000000e+02 2.04000000000000000e+02 5.21737553685914849e-09 1.92410920025186827e-09
 2.04000000000000000e+02 2.04500000000000000e+02 1.59029225781766878e-08 3.79987311272585132e-09
 2.04500000000000000e+02 2.05000000000000000e+02 1.27637386068913992e-08 2.97685687954560421e-09
 2.05000000000000000e+02 2.05500000000000000e+02 1.67123608215723975e-08 3.09627981971253407e-09
 2.05500000000000000e+02 2.06000000000000000e+02 2.64640206802895462e-08 4.39153624111940048e-09
 2.06000000000000000e+02 2.06500000000000000e+02 3.86721469739507931e-08 5.13997037834795821e-09
 2.06500000000000000e+02 2.07000000000000000e+02 4.12772484377580150e-08 5.22150919662016426e-09
 2.07000000000000000e+02 2.07500000000000000e+02 5.27192579836867939e-08 6.18557056842325233e-09
 2.07500000000000000e+02 2.08000000000000000e+02 6.28273414308600543e-08 7.91816814315117779e-09
 2.08000000000000000e+02 2.08500000000000000e+02 8.59084064737993614e-08 9.23369233789897021e-09
 2.08500000000000000e+02 2.09000000000000000e+02 1.09702339598115240e-07 1.13830236942044692e-08
 2.09000000000000000e+02 2.09500000000000000e+02 1.20571091275291677e-07 9.69905530401193098e-09
 2.09500000000000000e+02 2.10000000000000000e+02 1.18897205570628387e-07 9.26813043790161507e-09
 2.10000000000000000e+02 2.10500000000000000e+02 1.33103012006154000e-07 9.47765454032319994e-09
 2.10500000000000000e+02 2.11000000000000000e+02 1.56298658230890533e-07 9.94405953245754353e-09
 2.11000000000000000e+02 2.11500000000000000e+02 1.83922850703377149e-07 1.22053586696068508e-08
 2.11500000000000000e+02 2.12000000000000000e+02 2.08335516000737856e-07 1.21262509951454369e-08
 2.12000000000000000e+02 2.12500000000000000e+02 2.62200229918367722e-07 1.37031989416362859e-08
 2.12500000000000000e+02 2.13000000000000000e+02 2.89211270114280714e-07 1.48705057430132769e-08
 2.13000000000000000e+02 2.13500000000000000e+02 3.03100532991992027e-07 1.39935474405257726e-08
 2.13500000000000000e+02 2.14000000000000000e+02 3.36054855991417314e-07 1.45840899117445111e-08
 2.14000000000000000e+02 2.14500000000000000e+02 3.59693738996193776e-07 1.70457720329202260e-08
 2.14500000000000000e+02 2.15000000000000000e+02 4.05105278105116447e-07 1.69375535581413779e-08
 2.15000000000000000e+02 2.15500000000000000e+02 4.58941144639639391e-07 1.85839297021215283e-08
 2.15500000000000000e+02 2.16000000000000000e+02 5.68313313895436472e-07 2.49673234472491274e-08
 2.16000000000000000e+02 2.16500000000000000e+02 6.33474450107292621e-07 3.62697061316479307e-08
 2.16500000000000000e+02 2.17000000000000000e+02 6.75800166192142353e-07 3.63385383893183955e-08
 2.17000000000000000e+02 2.17500000000000000e+02 7.13969283184221963e-07 2.31296864886247217e-08
 2.17500000000000000e+02 2.18000000000000000e+02 8.79054287057686292e-07 5.28176175332007458e-08
 2.18000000000000000e+02 2.18500000000000000e+02 1.00613199044144392e-06 6.61722086794994309e-08
 2.18500000000000000e+02 2.19000000000000000e+02 1.14954151594521645e-06 1.06154472673537707e-07
 2.19000000000000000e+02 2.19500000000000000e+02 1.41942115517832192e-06 1.68364405608639996e-07
 2.19500000000000000e+02 2.20000000000000000e+02 1.62431440939284130e-06 1.83370463564368437e-07
 2.20000000000000000e+02 2.20500000000000000e+02 1.61041201807499317e-06 9.60787499263920454e-08
 2.20500000000000000e+02 2.21000000000000000e+02 2.09170406786351648e-06 1.64108845376034160e-07
 2.21000000000000000e+02 2.21500000000000000e+02 2.69164174979113335e-06 2.51837023961867015e-07
 2.21500000000000000e+02 2.22000000000000000e+02 3.08933891096685562e-06 2.80489574579410011e-07
 2.22000000000000000e+02 2.22500000000000000e+02 3.05193746887394183e-06 1.76565357630080590e-07
 2.22500000000000000e+02 2.23000000000000000e+02 4.09083320332534210e-06 2.43834586779805629e-07
 2.23000000000000000e+02 2.23500000000000000e+02 3.95564968593418883e-06 2.45000713018971238e-07
 2.23500000000000000e+02 2.24000000000000000e+02 4.91821497581027975e-06 3.36540294722275876e-07
 2.24000000000000000e+02 2.24500000000000000e+02 5.37402685613952976e-06 2.93037664941677105e-07
 2.24500000000000000e+02 2.25000000000000000e+02 6.61240467073853628e-06 5.49852806195730816e-07
 2.25000000000000000e+02 2.25500000000000000e+02 6.90222631593947094e-06 3.93902805824777538e-07
 2.25500000000000000e+02 2.26000000000000000e+02 8.99890448109800763e-06 8.65216511260279630e-07
 2.26000000000000000e+02 2.26500000000000000e+02 9.16170371355704879e-06 5.45180935218745272e-07
 2.26500000000000000e+02 2.27000000000000000e+02 9.09874613010200655e-06 4.67745812564951803e-07
 2.27000000000000000e+02 2.27500000000000000e+02 1.07554716704778703e-05 5.92850249439108466e-07
 2.27500000000000000e+02 2.28000000000000000e+02 1.12463402726034599e-05 4.79839422871134219e-07
 2.28000000000000000e+02 2.28500000000000000e+02 1.16788989054330048e-05 4.58194152259580528e-07
 2.28500000000000000e+02 2.29000000000000000e+02 1.21097999960748329e-05 4.86023092665285405e-07
 2.29000000000000000e+02 2.29500000000000000e+02 1.45214754956224366e-05 6.09963578122717074e-07
 2.29500000000000000e+02 2.30000000000000000e+02 1.39659765737045690e-05 4.97325564068059384e-07
 2.30000000000000000e+02 2.30500000000000000e+02 1.76378350328825117e-05 8.34515756825801638e-07
 2.30500000000000000e+02 2.31000000000000000e+02 1.74367210450553861e-05 6.56123248084750416e-07
 2.31000000000000000e+02 2.31500000000000000e+02 1.92111175563071362e-05 6.53116450415467227e-07
 2.31500000000000000e+02 2.32000000000000000e+02 2.14656605196355404e-05 8.22048627051275167e-07
 2.32000000000000000e+02 2.32500000000000000e+02 2.18699230028707793e-05 6.67584967667625828e-07
 2.32500000000000000e+02 2.33000000000000000e+02 2.28449530580994438e-05 8.21424559111604770e-07
 2.33000000000000000e+02 2.33500000000000000e+02 2.43111020315674277e-05 6.55886398622891660e-07
 2.33500000000000000e+02 2.34000000000000000e+02 2.61701264057682601e-05 7.02764061789745292e-07
 2.34000000000000000e+02 2.34500000000000000e+02 2.85890936707146143e-05 8.23378839545306923e-07
 2.34500000000000000e+02 2.35000000000000000e+02 2.98055138721610504e-05 7.80102389491453427e-07
 2.35000000000000000e+02 2.35500000000000000e+02 3.05902865979874723e-05 8.34579554635695020e-07
 2.35500000000000000e+02 2.36000000000000000e+02 3.46928444557759280e-05 8.94107360014639862e-07
 2.36000000000000000e+02 2.36500000000000000e+02 3.72810810103710706e-05 1.02838119732480500e-06
 2.36500000000000000e+02 2.37000000000000000e+02 3.65160798059383342e-05 8.37425157528284824e-07
 2.37000000000000000e+02 2.37500000000000000e+02 3.81800489297163615e-05 8.01531649261021783e-07
 2.37500000000000000e+02 2.38000000000000000e+02 4.19789322803447847e-05 8.62513449242930296e-07
 2.38000000000000000e+02 2.38500000000000000e+02 4.42542276759921816e-05 8.70823253964088725e-07
 2.38500000000000000e+02 2.39000000000000000e+02 4.58128143631960873e-05 8.49207555778032204e-07
 2.39000000000000000e+02 2.39500000000000000e+02 4.89929884308108881e-05 8.54760762203157594e-07
 2.39500000000000000e+02 2.40000000000000000e+02 5.13219514067150739e-05 8.58338353813817400e-07
 2.40000000000000000e+02 2.40500000000000000e+02 5.30111436986527537e-05 8.21241271415485402e-07
 2.40500000000000000e+02 2.41000000000000000e+02 5.78333133422319153e-05 1.00240396582738645e-06
 2.41000000000000000e+02 2.41500000000000000e+02 6.02721294508220862e-05 9.13958136344108009e-07
 2.41500000000000000e+02 2.42000000000000000e+02 6.52370495000340484e-05 1.07456243768923945e-06
 2.42000000000000000e+02 2.42500000000000000e+02 6.74333026879752191e-05 9.86557077700871323e-07
 2.42500000000000000e+02 2.43000000000000000e+02 7.00708656635691052e-05 9.69250042452923572e-07
 2.43000000000000000e+02 2.43500000000000000e+02 7.38750252443662829e-05 9.63217917729173851e-07
 2.43500000000000000e+02 2.44000000000000000e+02 7.78230141660793916e-05 9.95841984583669545e-07
 2.44000000000000000e+02 2.44500000000000000e+02 8.09729245952772768e-05 1.18867589407309233e-06
 2.44500000000000000e+02 2.45000000000000000e+02 8.58703230585870461e-05 1.35834097082650759e-06
 2.45000000000000000e+02 2.45500000000000000e+02 8.92616513753569167e-05 1.16133247928999738e-06
 2.45500000000000000e+02 2.46000000000000000e+02 9.40807166404340007e-05 1.31819711224582023e-06
 2.46000000000000000e+02 2.46500000000000000e+02 1.00756300247359577e-04 1.59826342886324210e-06
 2.46500000000000000e+02 2.47000000000000000e+02 1.02633003713256527e-04 1.18772911742157670e-06
 2.47000000000000000e+02 2.47500000000000000e+02 1.06547388486075308e-04 1.48298752728280270e-06
 2.47500000000000000e+02 2.48000000000000000e+02 1.13977488909847567e-04 1.32738024365419213e-06
 2.48000000000000000e+02 2.48500000000000000e+02 1.19477256344057019e-04 1.31469435595937032e-06
 2.48500000000000000e+02 2.49000000000000000e+02 1.22600572926743562e-04 1.26062425423568686e-06
 2.49000000000000000e+02 2.49500000000000000e+02 1.31498188236225971e-04 1.39846741891350810e-06
 2.49500000000000000e+02 2.50000000000000000e+02 1.38401220683102941e-04 1.28689543276595417e-06
 2.50000000000000000e+02 2.50500000000000000e+02 1.43462758313087579e-04 1.33471970193553911e-06
 2.50500000000000000e+02 2.51000000000000000e+02 1.52766717721059784e-04 1.43408777576510578e-06
 2.51000000000000000e+02 2.51500000000000000e+02 1.60694355453227768e-04 1.50629625812493721e-06
 2.51500000000000000e+02 2.52000000000000000e+02 1.66877757720717261e-04 1.43404592705973255e-06
 2.52000000000000000e+02 2.52500000000000000e+02 1.78397749906167226e-04 1.80354848102808208e-06
 2.52500000000000000e+02 2.53000000000000000e+02 1.86050846786504762e-04 1.52670068434211351e-06
 2.53000000000000000e+02 2.53500000000000000e+02 1.95357423254766203e-04 1.62474273371918538e-06
 2.53500000000000000e+02 2.54000000000000000e+02 2.07777566179999151e-04 1.71480819857575324e-06
 2.54000000000000000e+02 2.54500000000000000e+02 2.18864252102521026e-04 1.70514718759246541e-06
 2.54500000000000000e+02 2.55000000000000000e+02 2.32364290025835853e-04 1.82106047706582474e-06
 2.55000000000000000e+02 2.55500000000000000e+02 2.47352272190815405e-04 1.76271988221747909e-06
 2.55500000000000000e+02 2.56000000000000000e+02 2.62213720125609607e-04 1.97322408704005898e-06
 2.56000000000000000e+02 2.56500000000000000e+02 2.78894011459446039e-04 2.10428727452381080e-06
 2.56500000000000000e+02 2.57000000000000000e+02 2.98909901197330120e-04 2.01131241221421023e-06
 2.57000000000000000e+02 2.57500000000000000e+02 3.26277499485028784e-04 2.19186381853630015e-06
 2.57500000000000000e+02 2.58000000000000000e+02 3.59643222263848967e-04 2.41708992131806667e-06
 2.58000000000000000e+02 2.58500000000000000e+02 4.06903696845009881e-04 2.66725694258696434e-06
 2.58500000000000000e+02 2.59000000000000000e+02 4.61435146617963541e-04 2.99754451534085443e-06
 2.59000000000000000e+02 2.59500000000000000e+02 5.14708881157881475e-04 3.26553461755343990e-06
 2.59500000000000000e+02 2.60000000000000000e+02 5.83658878584977260e-04 3.41961080160554338e-06
 2.60000000000000000e+02 2.60500000000000000e+02 6.58878064385838135e-04 3.63462863868228739e-06
 2.60500000000000000e+02 2.61000000000000000e+02 7.39884310495795964e-04 3.95070063320309076e-06
 2.61000000000000000e+02 2.61500000000000000e+02 8.06049243179865873e-04 4.10372356999977971e-06
 2.61500000000000000e+02 2.62000000000000000e+02 8.50014458044048610e-04 4.24576337560091301e-06
 2.62000000000000000e+02 2.62500000000000000e+02 8.89712334979431314e-04 4.23759180484916854e-06
 2.62500000000000000e+02 2.63000000000000000e+02 9.05931655869515176e-04 4.10430769051981859e-06
 2.63000000000000000e+02 2.63500000000000000e+02 9.35516243086369670e-04 4.02434778702077896e-06
 2.63500000000000000e+02 2.64000000000000000e+02 9.54299395336761298e-04 3.87541418098475666e-06
 2.64000000000000000e+02 2.64500000000000000e+02 9.78993562721196513e-04 3.94512232739750063e-06
 2.64500000000000000e+02 2.65000000000000000e+02 1.00997614523633586e-03 3.97818819046247578e-06
 2.65000000000000000e+02 2.65500000000000000e+02 1.02471047762558738e-03 3.86969896678211151e-06
 2.65500000000000000e+02 2.66000000000000000e+02 1.04834027496667880e-03 3.93367055887122024e-06
 2.66000000000000000e+02 2.66500000000000000e+02 1.06296930579610348e-03 3.83840445215254726e-06
 2.66500000000000000e+02 2.67000000000000000e+02 1.08013819839952187e-03 3.72613220820821525e-06
 2.67000000000000000e+02 2.67500000000000000e+02 1.10302827896612541e-03 3.76357648652178912e-06
 2.67500000000000000e+02 2.68000000000000000e+02 1.12076090609900892e-03 3.63848406484264381e-06
 2.68000000000000000e+02 2.68500000000000000e+02 1.13769275544308790e-03 3.75909838293947346e-06
 2.68500000000000000e+02 2.69000000000000000e+02 1.16109783179469957e-03 3.72550788192003178e-06
 2.69000000000000000e+02 2.69500000000000000e+02 1.17112279440938910e-03 3.54423321008374685e-06
 2.69500000000000000e+02 2.70000000000000000e+02 1.19506397725205934e-03 3.63038626039892386e-06
 2.70000000000000000e+02 2.70500000000000000e+02 1.21204997807656547e-03 3.55947444793546332e-06
 2.70500000000000000e+02 2.71000000000000000e+02 1.22307366311429056e-03 3.43443130605229576e-06
 2.71000000000000000e+02 2.71500000000000000e+02 1.24264170154086105e-03 3.47598292690427792e-06
 2.71500000000000000e+02 2.72000000000000000e+02 1.26077975485056754e-03 3.46057122709756663e-06
 2.72000000000000000e+02 2.72500000000000000e+02 1.28344687763162313e-03 3.86307775905094545e-06
 2.72500000000000000e+02 2.73000000000000000e+02 1.29353235999531786e-03 3.48849254685042065e-06
 2.73000000000000000e+02 2.73500000000000000e+02 1.31947418147367870e-03 3.52083847837083299e-06
 2.73500000000000000e+02 2.74000000000000000e+02 1.32881031437147887e-03 3.51860426494962672e-06
 2.74000000000000000e+02 2.74500000000000000e+02 1.35307098809306142e-03 3.60907494262661194e-06
 2.74500000000000000e+02 2.75000000000000000e+02 1.36241246227010926e-03 3.47564200797391492e-06
 2.75000000000000000e+02 2.75500000000000000e+02 1.38126714041008941e-03 3.55838684368230443e-06
 2.75500000000000000e+02 2.76000000000000000e+02 1.40066291278054429e-03 3.46529904890977271e-06
 2.76000000000000000e+02 2.76500000000000000e+02 1.41582238329175506e-03 3.52851635628803886e-06
 2.76500000000000000e+02 2.77000000000000000e+02 1.43238313585589594e-03 3.49448797799450442e-06
 2.77000000000000000e+02 2.77500000000000000e+02 1.45294493069311379e-03 3.47244066478161967e-06
 2.77500000000000000e+02 2.78000000000000000e+02 1.46933150025627774e-03 3.46305360880159830e-06
 2.78000000000000000e+02 2.78500000000000000e+02 1.48335295046603949e-03 3.72627511946652993e-06
 2.78500000000000000e+02 2.79000000000000000e+02 1.50490725437413004e-03 3.55260976483801621e-06
 2.79000000000000000e+02 2.79500000000000000e+02 1.51864915840187404e-03 3.47681420951166728e-06
 2.79500000000000000e+02 2.80000000000000000e+02 1.53413291199957016e-03 3.48536896088387948e-06
 2.80000000000000000e+02 2.80500000000000000e+02 1.55234631894782824e-03 3.46566525939876193e-06
 2.80500000000000000e+02 2.81000000000000000e+02 1.56390129526603680e-03 3.56147879747877285e-06
 2.81000000000000000e+02 2.81500000000000000e+02 1.58905637154750277e-03 3.67984108698428031e-06
 2.81500000000000000e+02 2.82000000000000000e+02 1.60199257995061141e-03 3.55615653813526739e-06
 2.82000000000000000e+02 2.82500000000000000e+02 1.61868589809273855e-03 3.57041256104856027e-06
 2.82500000000000000e+02 2.83000000000000000e+02 1.63238552458536265e-03 3.47955811697575464e-06
 2.83000000000000000e+02 2.83500000000000000e+02 1.65461301294804550e-03 3.53379309859775676e-06
 2.83500000000000000e+02 2.84000000000000000e+02 1.67089770512272927e-03 3.61936693398716294e-06
 2.84000000000000000e+02 2.84500000000000000e+02 1.68662749926940816e-03 3.52137761370142234e-06
 2.84500000000000000e+02 2.85000000000000000e+02 1.70855579653058634e-03 3.44650726310256991e-06
 2.85000000000000000e+02 2.85500000000000000e+02 1.72103161960105474e-03 3.50177935194822610e-06
 2.85500000000000000e+02 2.86000000000000000e+02 1.73813521898305502e-03 3.50631822627228217e-06
 2.86000000000000000e+02 2.86500000000000000e+02 1.75668356487285486e-03 3.54039455772832093e-06
 2.86500000000000000e+02 2.87000000000000000e+02 1.77968458953656618e-03 3.58632905051505660e-06
 2.87000000000000000e+02 2.87500000000000000e+02 1.79769661659389215e-03 3.53505537351935661e-06
 2.87500000000000000e+02 2.88000000000000000e+02 1.81175373815435745e-03 3.72314462319813473e-06
 2.88000000000000000e+02 2.88500000000000000e+02 1.82999670655062765e-03 3.59637746775354051e-06
 2.88500000000000000e+02 2.89000000000000000e+02 1.84608859156290203e-03 3.51531777028373562e-06
 2.89000000000000000e+02 2.89500000000000000e+02 1.86539706415906259e-03 3.69102218324741663e-06
 2.89500000000000000e+02 2.90000000000000000e+02 1.88702670586836374e-03 3.67599854141062817e-06
 2.90000000000000000e+02 2.90500000000000000e+02 1.91117137666153175e-03 3.67791256756141675e-06
 2.90500000000000000e+02 2.91000000000000000e+02 1.92120945575715023e-03 3.54203819726986861e-06
 2.91000000000000000e+02 2.91500000000000000e+02 1.93504797352921911e-03 3.67805647634959344e-06
 2.91500000000000000e+02 2.92000000000000000e+02 1.95132536860963312e-03 3.58703759349330100e-06
 2.92000000000000000e+02 2.92500000000000000e+02 1.97204102410508892e-03 3.71171950771621348e-06
 2.92500000000000000e+02 2.93000000000000000e+02 1.99129964102175367e-03 3.51468815783331664e-06
 2.93000000000000000e+02 2.93500000000000000e+02 2.01181486086011042e-03 3.58479690728458218e-06
 2.93500000000000000e+02 2.94000000000000000e+02 2.02947606970393024e-03 3.59844968472098254e-06
 2.94000000000000000e+02 2.94500000000000000e+02 2.05107242069365800e-03 3.50240636124497782e-06
 2.94500000000000000e+02 2.95000000000000000e+02 2.06330323426253629e-03 3.58241873740378642e-06
 2.95000000000000000e+02 2.95500000000000000e+02 2.08574586747012304e-03 3.55191475584756243e-06
 2.95500000000000000e+02 2.96000000000000000e+02 2.10353955327916790e-03 3.58515307548202287e-06
 2.96000000000000000e+02 2.96500000000000000e+02 2.12317009300437738e-03 3.53479391444199044e-06
 2.96500000000000000e+02 2.97000000000000000e+02 2.13759194732741084e-03 3.57191283707497420e-06
 2.97000000000000000e+02 2.97500000000000000e+02 2.16152173843390345e-03 3.61821132982786655e-06
 2.97500000000000000e+02 2.98000000000000000e+02 2.18461637623301600e-03 3.61584085616345040e-06
 2.98000000000000000e+02 2.98500000000000000e+02 2.20527120979088775e-03 3.64014244276432918e-06
 2.98500000000000000e+02 2.99000000000000000e+02 2.21850090334003124e-03 3.55952336136387255e-06
 2.99000000000000000e+02 2.99500000000000000e+02 2.23894068786577088e-03 3.64580176314255695e-06
 2.99500000000000000e+02 3.00000000000000000e+02 2.25676454323737747e-03 3.71416660754186650e-06
 3.00000000000000000e+02 3.00500000000000000e+02 2.28213421926157884e-03 3.60928214976988460e-06
 3.00500000000000000e+02 3.01000000000000000e+02 2.29389513585601590e-03 3.69790947532900661e-06
 3.01000000000000000e+02 3.01500000000000000e+02 2.31437841097340306e-03 3.60681916121630201e-06
 3.01500000000000000e+02 3.02000000000000000e+02 2.33842227476693722e-03 3.79577679946891485e-06
 3.02000000000000000e+02 3.02500000000000000e+02 2.35897424512925740e-03 3.54981489967935116e-06
 3.02500000000000000e+02 3.03000000000000000e+02 2.36530980886619962e-03 3.59023243498438831e-06
 3.03000000000000000e+02 3.03500000000000000e+02 2.39151159741900514e-03 3.67576385719705766e-06
 3.03500000000000000e+02 3.04000000000000000e+02 2.41954428707501007e-03 3.74080525161025540e-06
 3.04000000000000000e+02 3.04500000000000000e+02 2.43325027053329767e-03 3.98602381387955766e-06
 3.04500000000000000e+02 3.05000000000000000e+02 2.45017858057968796e-03 3.64257386596258394e-06
 3.05000000000000000e+02 3.05500000000000000e+02 2.47002458826404937e-03 3.71252770313074953e-06
 3.05500000000000000e+02 3.06000000000000000e+02 2.50402661269687275e-03 3.66906527455879968e-06
 3.06000000000000000e+02 3.06500000000000000e+02 2.51254318486736046e-03 3.75183960114535741e-06
 3.06500000000000000e+02 3.07000000000000000e+02 2.53830122613191026e-03 3.67653436150976846e-06
 3.07000000000000000e+02 3.07500000000000000e+02 2.55662292148443144e-03 3.74797838148416041e-06
 3.07500000000000000e+02 3.08000000000000000e+02 2.57293404318151200e-03 3.70392032708477610e-06
 3.08000000000000000e+02 3.08500000000000000e+02 2.60555513402351609e-03 3.92937583822147608e-06
 3.08500000000000000e+02 3.09000000000000000e+02 2.62535281563855546e-03 3.82204444939519400e-06
 3.09000000000000000e+02 3.09500000000000000e+02 2.64054529460752176e-03 3.73559420811915511e-06
 3.09500000000000000e+02 3.10000000000000000e+02 2.66766400475945773e-03 4.00403608930216890e-06
 3.10000000000000000e+02 3.10500000000000000e+02 2.68634561607572356e-03 3.73351222411623685e-06
 3.10500000000000000e+02 3.11000000000000000e+02 2.70396357679610110e-03 3.85635768844415684e-06
 3.11000000000000000e+02 3.11500000000000000e+02 2.72869796099121670e-03 3.87510344714736836e-06
 3.11500000000000000e+02 3.12000000000000000e+02 2.75029022362412254e-03 3.91755783562750405e-06
 3.12000000000000000e+02 3.12500000000000000e+02 2.77929363120514627e-03 3.94065912860997912e-06
 3.12500000000000000e+02 3.13000000000000000e+02 2.79533026939535753e-03 3.82263318669853996e-06
 3.13000000000000000e+02 3.13500000000000000e+02 2.81830250280400759e-03 3.88398789908402804e-06
 3.13500000000000000e+02 3.14000000000000000e+02 2.84245900621834559e-03 3.81845843670338161e-06
 3.14000000000000000e+02 3.14500000000000000e+02 2.86520795885941574e-03 3.90108445947556270e-06
 3.14500000000000000e+02 3.15000000000000000e+02 2.88886093836312379e-03 3.91180069228665622e-06
 3.15000000000000000e+02 3.15500000000000000e+02 2.91582100594023081e-03 3.82249429740458211e-06
 3.15500000000000000e+02 3.16000000000000000e+02 2.92943861936898874e-03 3.80508775062638386e-06
 3.16000000000000000e+02 3.16500000000000000e+02 2.95591334383138319e-03 3.77051730875766742e-06
 3.16500000000000000e+02 3.17000000000000000e+02 2.98297278585651785e-03 3.80508973149869225e-06
 3.17000000000000000e+02 3.17500000000000000e+02 3.00089416105826312e-03 3.88714906316122871e-06
 3.17500000000000000e+02 3.18000000000000000e+02 3.02912957084377566e-03 3.90622435432292624e-06
 3.18000000000000000e+02 3.18500000000000000e+02 3.05519286272180890e-03 4.03540403329560101e-06
 3.18500000000000000e+02 3.19000000000000000e+02 3.07677553234566182e-03 4.01644835291356680e-06
 3.19000000000000000e+02 3.19500000000000000e+02 3.09199451671341059e-03 3.89536579151186636e-06
 3.19500000000000000e+02 3.20000000000000000e+02 3.12846411803572319e-03 3.97774771042398118e-06
 3.20000000000000000e+02 3.20500000000000000e+02 3.14744333027284140e-03 4.11119264885256591e-06
 3.20500000000000000e+02 3.21000000000000000e+02 3.18035535125557210e-03 4.08423417653549517e-06
 3.21000000000000000e+02 3.21500000000000000e+02 3.20026533495156506e-03 4.05678902417461061e-06
 3.21500000000000000e+02 3.22000000000000000e+02 3.22645328267919581e-03 4.03606131310994143e-06
 3.22000000000000000e+02 3.22500000000000000e+02 3.25945874054275365e-03 4.31670697598742537e-06
 3.22500000000000000e+02 3.23000000000000000e+02 3.27432490476438874e-03 3.91568102977612967e-06
 3.23000000000000000e+02 3.23500000000000000e+02 3.29893695569573970e-03 4.09832929945820320e-06
 3.23500000000000000e+02 3.24000000000000000e+02 3.32008474318417788e-03 3.97252401796185743e-06
 3.24000000000000000e+02 3.24500000000000000e+02 3.36346191539374072e-03 4.04447578514250792e-06
 3.24500000000000000e+02 3.25000000000000000e+02 3.38053932631578961e-03 4.35761037361079106e-06
 3.25000000000000000e+02 3.25500000000000000e+02 3.41384061047485645e-03 4.08686723811476762e-06
 3.25500000000000000e+02 3.26000000000000000e+02 3.43510443613589652e-03 4.02754758453760991e-06
 3.26000000000000000e+02 3.26500000000000000e+02 3.46206603098435069e-03 4.09264283506112873e-06
 3.26500000000000000e+02 3.27000000000000000e+02 3.49271925125042458e-03 4.16353177195112248e-06
 3.27000000000000000e+02 3.27500000000000000e+02 3.51426918072801891e-03 4.21234303514288497e-06
 3.27500000000000000e+02 3.28000000000000000e+02 3.53790605315148663e-03 4.04759256859011615e-06
 3.28000000000000000e+02 3.28500000000000000e+02 3.57257062416348843e-03 4.13264739391073693e-06
 3.28500000000000000e+02 3.29000000000000000e+02 3.59684340040213654e-03 4.24755909956737885e-06
 3.29000000000000000e+02 3.29500000000000000e+02 3.63825607460636479e-03 4.23044030768789406e-06
 3.29500000000000000e+02 3.30000000000000000e+02 3.66267495953984546e-03 4.13936545996240718e-06
 3.30000000000000000e+02 3.30500000000000000e+02 3.68778010861468050e-03 4.14887718024129768e-06
 3.30500000000000000e+02 3.31000000000000000e+02 3.71357830010043011e-03 4.13884952115156854e-06
 3.31000000000000000e+02 3.31500000000000000e+02 3.75362606852996375e-03 4.24475615787098163e-06
 3.31500000000000000e+02 3.32000000000000000e+02 3.79222897721747223e-03 4.24205026705395655e-06
 3.32000000000000000e+02 3.32500000000000000e+02 3.81023333031465855e-03 4.12368201688794039e-06
 3.32500000000000000e+02 3.33000000000000000e+02 3.84271125706066525e-03 4.26244652089456360e-06
 3.33000000000000000e+02 3.33500000000000000e+02 3.88126399735343663e-03 4.27065805766033528e-06
 3.33500000000000000e+02 3.34000000000000000e+02 3.89655434741029757e-03 4.31318336123520130e-06
 3.34000000000000000e+02 3.34500000000000000e+02 3.94583703553453603e-03 4.30576128106244748e-06
 3.34500000000000000e+02 3.35000000000000000e+02 3.97557695736270710e-03 4.35309910207779596e-06
 3.35000000000000000e+02 3.35500000000000000e+02 4.00864019564027910e-03 4.29122060295170724e-06
 3.35500000000000000e+02 3.36000000000000000e+02 4.03879688406615870e-03 4.32520834837540405e-06
 3.36000000000000000e+02 3.36500000000000000e+02 4.06314618965263573e-03 4.20188218324844473e-06
 3.36500000000000000e+02 3.37000000000000000e+02 4.10108244419298256e-03 4.27618619035970515e-06
 3.37000000000000000e+02 3.37500000000000000e+02 4.13902377219579985e-03 4.31816644506375336e-06
 3.37500000000000000e+02 3.38000000000000000e+02 4.17002120477272167e-03 4.22942509038878459e-06
 3.38000000000000000e+02 3.38500000000000000e+02 4.20975810167834377e-03 4.31361002722216206e-06
 3.38500000000000000e+02 3.39000000000000000e+02 4.24149342299618305e-03 4.34857448339287849e-06
 3.39000000000000000e+02 3.39500000000000000e+02 4.28017258383933327e-03 4.45037374863514495e-06
 3.39500000000000000e+02 3.40000000000000000e+02 4.32196199256479428e-03 4.42063350696971621e-06
 3.40000000000000000e+02 3.40500000000000000e+02 4.35430521111307336e-03 4.32309916090366015e-06
 3.40500000000000000e+02 3.41000000000000000e+02 4.38954974156790557e-03 4.56253823885587761e-06
 3.41000000000000000e+02 3.41500000000000000e+02 4.43100450970514235e-03 4.48354716386708690e-06
 3.41500000000000000e+02 3.42000000000000000e+02 4.47136900979037879e-03 4.38267682254119008e-06
 3.42000000000000000e+02 3.42500000000000000e+02 4.49611391529326949e-03 4.53511015315605892e-06
 3.42500000000000000e+02 3.43000000000000000e+02 4.54441530155398621e-03 4.45491680977583114e-06
 3.43000000000000000e+02 3.43500000000000000e+02 4.58511801086810417e-03 4.60451854914976810e-06
 3.43500000000000000e+02 3.44000000000000000e+02 4.61818855944928341e-03 4.47324111179506870e-06
 3.44000000000000000e+02 3.44500000000000000e+02 4.66203094286075405e-03 4.58951038395379460e-06
 3.44500000000000000e+02 3.45000000000000000e+02 4.69404626189511443e-03 4.52954380692165177e-06
 3.45000000000000000e+02 3.45500000000000000e+02 4.73458923566792006e-03 4.56266382087301823e-06
 3.45500000000000000e+02 3.46000000000000000e+02 4.79218428477649980e-03 4.70717273572289296e-06
 3.46000000000000000e+02 3.46500000000000000e+02 4.82797656187560886e-03 4.63867564290417093e-06
 3.46500000000000000e+02 3.47000000000000000e+02 4.86616572613018765e-03 4.68182958516362630e-06
 3.47000000000000000e+02 3.47500000000000000e+02 4.92288485806245419e-03 4.73676556535386711e-06
 3.47500000000000000e+02 3.48000000000000000e+02 4.96929209792185654e-03 4.69732403150909003e-06
 3.48000000000000000e+02 3.48500000000000000e+02 5.00015660034423392e-03 4.60064853796996860e-06
 3.48500000000000000e+02 3.49000000000000000e+02 5.05073694904109756e-03 4.70345186709299738e-06
 3.49000000000000000e+02 3.49500000000000000e+02 5.10498988535976368e-03 4.79517964769165558e-06
 3.49500000000000000e+02 3.50000000000000000e+02 5.15319139492908650e-03 4.71491896953203838e-06
 3.50000000000000000e+02 3.50500000000000000e+02 5.20025607817476559e-03 4.72575489493474638e-06
 3.50500000000000000e+02 3.51000000000000000e+02 5.24743088800016817e-03 4.71389550200272562e-06
 3.51000000000000000e+02 3.51500000000000000e+02 5.28783695564374965e-03 4.85501727953964871e-06
 3.51500000000000000e+02 3.52000000000000000e+02 5.35095641919268884e-03 6.72337274191360718e-06
 3.52000000000000000e+02 3.52500000000000000e+02 5.40506249127427427e-03 4.80532130033741996e-06
 3.52500000000000000e+02 3.53000000000000000e+02 5.45313507099744101e-03 4.76958423953731550e-06
 3.53000000000000000e+02 3.53500000000000000e+02 5.50194496998633684e-03 4.86444776971103029e-06
 3.53500000000000000e+02 3.54000000000000000e+02 5.55982343020494044e-03 4.88352080173792778e-06
 3.54000000000000000e+02 3.54500000000000000e+02 5.62982051505440690e-03 4.93224558899189651e-06
 3.54500000000000000e+02 3.55000000000000000e+02 5.67876739087238951e-03 5.07198494345450772e-06
 3.55000000000000000e+02 3.55500000000000000e+02 5.73751158310926383e-03 4.97922504100788016e-06
 3.55500000000000000e+02 3.56000000000000000e+02 5.79383545773635555e-03 5.03811947054667400e-06
 3.56000000000000000e+02 3.56500000000000000e+02 5.84980959522594154e-03 5.09182518139962916e-06
 3.56500000000000000e+02 3.57000000000000000e+02 5.91691437357519563e-03 4.99793263459643279e-06
 3.57000000000000000e+02 3.57500000000000000e+02 5.96923474199850292e-03 4.94550874236514581e-06
 3.57500000000000000e+02 3.58000000000000000e+02 6.04349187358968129e-03 4.87828227997593203e-06
 3.58000000000000000e+02 3.58500000000000000e+02 6.11810186709555934e-03 5.09877463258182152e-06
 3.58500000000000000e+02 3.59000000000000000e+02 6.17195617206597099e-03 5.01013930043440121e-06
 3.59000000000000000e+02 3.59500000000000000e+02 6.24389519550717399e-03 5.10974524503283024e-06
 3.59500000000000000e+02 3.60000000000000000e+02 6.30780924737787876e-03 5.23328700518821042e-06
 3.60000000000000000e+02 3.60500000000000000e+02 6.38748101802574797e-03 5.25168274199732710e-06
 3.60500000000000000e+02 3.61000000000000000e+02 6.46388741037595433e-03 5.21337861600139534e-06
 3.61000000000000000e+02 3.61500000000000000e+02 6.54340652958930284e-03 5.22782019111960553e-06
 3.61500000000000000e+02 3.62000000000000000e+02 6.61835434222170574e-03 5.21973718195038988e-06
 3.62000000000000000e+02 3.62500000000000000e+02 6.68926072849344855e-03 5.29887489102610203e-06
 3.62500000000000000e+02 3.63000000000000000e+02 6.77765443642821142e-03 5.33047800359181342e-06
 3.63000000000000000e+02 3.63500000000000000e+02 6.86428439991387199e-03 5.35717293442021940e-06
 3.63500000000000000e+02 3.64000000000000000e+02 6.95722919533296562e-03 5.36497910816855480e-06
 3.64000000000000000e+02 3.64500000000000000e+02 7.04166388795428571e-03 5.46651351711143216e-06
 3.64500000000000000e+02 3.65000000000000000e+02 7.13023155647895483e-03 5.40727405780298480e-06
 3.65000000000000000e+02 3.65500000000000000e+02 7.22407618010233003e-03 5.46044712486102477e-06
 3.65500000000000000e+02 3.66000000000000000e+02 7.31084706399616913e-03 5.52854115779841473e-06
 3.66000000000000000e+02 3.66500000000000000e+02 7.42454343735794720e-03 5.54963240588049150e-06
 3.66500000000000000e+02 3.67000000000000000e+02 7.51274494309630940e-03 5.59052950406474505e-06
 3.67000000000000000e+02 3.67500000000000000e+02 7.61096461210479438e-03 5.72142220981781239e-06
 3.67500000000000000e+02 3.68000000000000000e+02 7.70690628067891535e-03 5.75175541809097514e-06
 3.68000000000000000e+02 3.68500000000000000e+02 7.80593872476147144e-03 5.69880617878385163e-06
 3.68500000000000000e+02 3.69000000000000000e+02 7.86452969165415093e-03 5.79824731483206347e-06
 3.69000000000000000e+02 3.69500000000000000e+02 7.91379550828287537e-03 5.69313237609435639e-06
 3.69500000000000000e+02 3.70000000000000000e+02 7.92610828003197619e-03 5.71208244021473699e-06
 3.70000000000000000e+02 3.70500000000000000e+02 7.96233420170549926e-03 5.80291353387327384e-06
 3.70500000000000000e+02 3.71000000000000000e+02 7.98286860442026618e-03 5.61993439910002456e-06
 3.71000000000000000e+02 3.71500000000000000e+02 7.99754543712521450e-03 5.71341397149829188e-06
 3.71500000000000000e+02 3.72000000000000000e+02 8.01050793027629875e-03 5.51243714362418334e-06
 3.72000000000000000e+02 3.72500000000000000e+02 8.04157241541139656e-03 5.83586661875670803e-06
 3.72500000000000000e+02 3.73000000000000000e+02 8.05121812111855503e-03 5.63262142741789978e-06
 3.73000000000000000e+02 3.73500000000000000e+02 8.08051558632265354e-03 5.52235711737442417e-06
 3.73500000000000000e+02 3.74000000000000000e+02 8.08547759588830114e-03 5.63291288466656796e-06
 3.74000000000000000e+02 3.74500000000000000e+02 8.09956919805921230e-03 5.69283983878118274e-06
 3.74500000000000000e+02 3.75000000000000000e+02 8.12251513310228296e-03 5.58579504783411684e-06
 3.75000000000000000e+02 3.75500000000000000e+02 8.12927426066508557e-03 5.90120981976288073e-06
 3.75500000000000000e+02 3.76000000000000000e+02 8.14538995021274123e-03 5.61145861029357227e-06
 3.76000000000000000e+02 3.76500000000000000e+02 8.16838025677244645e-03 5.65597681408852479e-06
 3.76500000000000000e+02 3.77000000000000000e+02 8.17425958398325381e-03 5.54709461469104501e-06
 3.77000000000000000e+02 3.77500000000000000e+02 8.18191587129160104e-03 5.70250922051728389e-06
 3.77500000000000000e+02 3.78000000000000000e+02 8.20532802857221535e-03 5.62811392122672568e-06
 3.78000000000000000e+02 3.78500000000000000e+02 8.21201533792189492e-03 5.75107081764705122e-06
 3.78500000000000000e+02 3.79000000000000000e+02 8.22286167766613646e-03 5.72106102805431581e-06
 3.79000000000000000e+02 3.79500000000000000e+02 8.24554457653534079e-03 5.81522806037689193e-06
 3.79500000000000000e+02 3.80000000000000000e+02 8.25928522591240846e-03 5.54521473976965148e-06
 3.80000000000000000e+02 3.80500000000000000e+02 8.26815371713822064e-03 5.55514567933303872e-06
 3.80500000000000000e+02 3.81000000000000000e+02 8.29159428169536257e-03 5.87218043672713972e-06
 3.81000000000000000e+02 3.81500000000000000e+02 8.30117496223681424e-03 5.61856247778254666e-06
 3.81500000000000000e+02 3.82000000000000000e+02 8.31631030470959126e-03 5.79432737076662551e-06
 3.82000000000000000e+02 3.82500000000000000e+02 8.33039402998502626e-03 5.61642168561026513e-06
 3.82500000000000000e+02 3.83000000000000000e+02 8.35139239208973656e-03 5.68011752118320600e-06
 3.83000000000000000e+02 3.83500000000000000e+02 8.35127723519992621e-03 5.61362525024227581e-06
 3.83500000000000000e+02 3.84000000000000000e+02 8.36234623342071125e-03 5.56021076694243006e-06
 3.84000000000000000e+02 3.84500000000000000e+02 8.38406178683004898e-03 5.59801912480812273e-06
 3.84500000000000000e+02 3.85000000000000000e+02 8.40467890382553054e-03 5.61033644416176376e-06
 3.85000000000000000e+02 3.85500000000000000e+02 8.41282662238038506e-03 5.63416453491686624e-06
 3.85500000000000000e+02 3.86000000000000000e+02 8.43593800673352566e-03 5.73535869556229854e-06
 3.86000000000000000e+02 3.86500000000000000e+02 8.44145633442830792e-03 5.94447454957581417e-06
 3.86500000000000000e+02 3.87000000000000000e+02 8.46838901013738030e-03 5.82753904901715092e-06
 3.87000000000000000e+02 3.87500000000000000e+02 8.46655753536473474e-03 5.71647025296063564e-06
 3.87500000000000000e+02 3.88000000000000000e+02 8.48433479301879782e-03 5.75265303336615136e-06
 3.88000000000000000e+02 3.88500000000000000e+02 8.49929044218281429e-03 5.65719963587663788e-06
 3.88500000000000000e+02 3.89000000000000000e+02 8.52129459617560932e-03 5.69521530423953642e-06
 3.89000000000000000e+02 3.89500000000000000e+02 8.52420926375184636e-03 5.82398303205697982e-06
 3.89500000000000000e+02 3.90000000000000000e+02 8.54324743091370957e-03 5.86772225313854314e-06
 3.90000000000000000e+02 3.90500000000000000e+02 8.55505012641439092e-03 5.93291164150338804e-06
 3.90500000000000000e+02 3.91000000000000000e+02 8.56941913877303472e-03 5.69346845673864717e-06
 3.91000000000000000e+02 3.91500000000000000e+02 8.57968151508015781e-03 5.89205159327870681e-06
 3.91500000000000000e+02 3.92000000000000000e+02 8.59460391923453325e-03 5.61643500624113276e-06
 3.92000000000000000e+02 3.92500000000000000e+02 8.61413651140870151e-03 5.87786117361890978e-06
 3.92500000000000000e+02 3.93000000000000000e+02 8.61631919166633113e-03 5.69426917716036721e-06
 3.93000000000000000e+02 3.93500000000000000e+02 8.63558004589485423e-03 5.79086865253677506e-06
 3.93500000000000000e+02 3.94000000000000000e+02 8.64103049492385110e-03 5.73684378928666919e-06
 3.94000000000000000e+02 3.94500000000000000e+02 8.66042919849630694e-03 5.69000809632314506e-06
 3.94500000000000000e+02 3.95000000000000000e+02 8.67753764965610748e-03 5.90899530614907124e-06
 3.95000000000000000e+02 3.95500000000000000e+02 8.67870862496214479e-03 5.78419611113178859e-06
 3.95500000000000000e+02 3.96000000000000000e+02 8.70027918228062636e-03 6.06064894074033487e-06
 3.96000000000000000e+02 3.96500000000000000e+02 8.69970865490198725e-03 6.01153005574510548e-06
 3.96500000000000000e+02 3.97000000000000000e+02 8.72831887271102898e-03 5.93032879613673447e-06
 3.97000000000000000e+02 3.97500000000000000e+02 8.74065497805682351e-03 5.76769171029166442e-06
 3.97500000000000000e+02 3.98000000000000000e+02 8.75362935558088306e-03 5.73739709360895300e-06
 3.98000000000000000e+02 3.98500000000000000e+02 8.75524754091416141e-03 5.92736186700721423e-06
 3.98500000000000000e+02 3.99000000000000000e+02 8.77116073272592167e-03 5.77256778932052272e-06
 3.99000000000000000e+02 3.99500000000000000e+02 8.78958351288591268e-03 5.73768044694993193e-06
 3.99500000000000000e+02 4.00000000000000000e+02 8.79504471436496835e-03 5.85707362315174842e-06
 4.00000000000000000e+02 4.00500000000000000e+02 8.82277560877240893e-03 6.06500469346806568e-06
 4.00500000000000000e+02 4.01000000000000000e+02 8.83626175251327542e-03 6.40290205917403487e-06
 4.01000000000000000e+02 4.01500000000000000e+02 8.84889038370984156e-03 5.83899869801131176e-06
 4.01500000000000000e+02 4.02000000000000000e+02 8.85321897313143605e-03 6.08642313096204617e-06
 4.02000000000000000e+02 4.02500000000000000e+02 8.86378251947104491e-03 5.84796435362087380e-06
 4.02500000000000000e+02 4.03000000000000000e+02 8.88633870997618779e-03 5.97412832894551700e-06
 4.03000000000000000e+02 4.03500000000000000e+02 8.90018348785718075e-03 5.79399230823579234e-06
 4.03500000000000000e+02 4.04000000000000000e+02 8.90079795909752905e-03 5.95973857862263259e-06
 4.04000000000000000e+02 4.04500000000000000e+02 8.91508290349064120e-03 6.04712243914927501e-06
 4.04500000000000000e+02 4.05000000000000000e+02 8.93194051996239191e-03 5.87116257232075441e-06
 4.05000000000000000e+02 4.05500000000000000e+02 8.93941329031548021e-03 5.88870315843820134e-06
 4.05500000000000000e+02 4.06000000000000000e+02 8.95241527592336404e-03 5.80974660166937753e-06
 4.06000000000000000e+02 4.06500000000000000e+02 8.95985754856601369e-03 5.78307283631595757e-06
 4.06500000000000000e+02 4.07000000000000000e+02 8.97335090264423166e-03 6.11253584850245650e-06
 4.07000000000000000e+02 4.07500000000000000e+02 8.98907538762678572e-03 6.06178235900016961e-06
 4.07500000000000000e+02 4.08000000000000000e+02 9.00165387066764050e-03 5.90856781942321652e-06
 4.08000000000000000e+02 4.08500000000000000e+02 9.01334977149865699e-03 5.90153648953010357e-06
 4.08500000000000000e+02 4.09000000000000000e+02 9.01017935114880111e-03 6.03534665704072428e-06
 4.09000000000000000e+02 4.09500000000000000e+02 9.02543515941811765e-03 5.89202540087909601e-06
 4.09500000000000000e+02 4.10000000000000000e+02 9.03926433059311883e-03 5.91695392531745090e-06
 4.10000000000000000e+02 4.10500000000000000e+02 9.05137504432295889e-03 6.00209433460049689e-06
 4.10500000000000000e+02 4.11000000000000000e+02 9.05967801620700779e-03 5.90575414893481814e-06
 4.11000000000000000e+02 4.11500000000000000e+02 9.06532302228670560e-03 5.98212856612570683e-06
 4.11500000000000000e+02 4.12000000000000000e+02 9.07827980105341097e-03 5.98538440072522247e-06
 4.12000000000000000e+02 4.12500000000000000e+02 9.08679196183269366e-03 6.08637009806168224e-06
 4.12500000000000000e+02 4.13000000000000000e+02 9.10944281974674676e-03 6.03817336978588004e-06
 4.13000000000000000e+02 4.13500000000000000e+02 9.11909761611567372e-03 5.98265231485766738e-06
 4.13500000000000000e+02 4.14000000000000000e+02 9.12179760953792801e-03 6.01558467739391252e-06
 4.14000000000000000e+02 4.14500000000000000e+02 9.11975739906767738e-03 6.02094107478985986e-06
 4.14500000000000000e+02 4.15000000000000000e+02 9.13859510647251592e-03 6.28670492647270766e-06
 4.15000000000000000e+02 4.15500000000000000e+02 9.14561910615691726e-03 6.04530857792105817e-06
 4.15500000000000000e+02 4.16000000000000000e+02 9.16502253240310955e-03 6.41357265329281812e-06
 4.16000000000000000e+02 4.16500000000000000e+02 9.17667086944289404e-03 6.17187380813516444e-06
 4.16500000000000000e+02 4.17000000000000000e+02 9.17317560666747363e-03 6.02932739807614285e-06
 4.17000000000000000e+02 4.17500000000000000e+02 9.17864644232856304e-03 5.92525876366580798e-06
 4.17500000000000000e+02 4.18000000000000000e+02 9.18591374404549577e-03 6.00319454239561380e-06
 4.18000000000000000e+02 4.18500000000000000e+02 9.20627180147585121e-03 6.08393888287158812e-06
 4.18500000000000000e+02 4.19000000000000000e+02 9.20564230807674813e-03 5.99151151423346196e-06
 4.19000000000000000e+02 4.19500000000000000e+02 9.21639099108839677e-03 6.11501818594246911e-06
 4.19500000000000000e+02 4.20000000000000000e+02 9.22207663541656578e-03 6.25268384968034411e-06
 4.20000000000000000e+02 4.20500000000000000e+02 9.20800002481736608e-03 6.15236492615496869e-06
 4.20500000000000000e+02 4.21000000000000000e+02 9.22543749781487392e-03 6.03961248599549244e-06
 4.21000000000000000e+02 4.21500000000000000e+02 9.23731409094280011e-03 5.98836752216960633e-06
 4.21500000000000000e+02 4.22000000000000000e+02 9.24096235766674011e-03 6.14138258428746827e-06
 4.22000000000000000e+02 4.22500000000000000e+02 9.25548010468858415e-03 6.08896193097238136e-06
 4.22500000000000000e+02 4.23000000000000000e+02 9.24683439775864958e-03 6.24689334745000486e-06
 4.23000000000000000e+02 4.23500000000000000e+02 9.26224072508180681e-03 6.15804065751591818e-06
 4.23500000000000000e+02 4.24000000000000000e+02 9.27218074604511250e-03 6.36837013622082823e-06
 4.24000000000000000e+02 4.24500000000000000e+02 9.27694707003002411e-03 6.18272730221846192e-06
 4.24500000000000000e+02 4.25000000000000000e+02 9.28472938619372481e-03 6.35147272048151983e-06
 4.25000000000000000e+02 4.25500000000000000e+02 9.28909429176642994e-03 6.31580215397383148e-06
 4.25500000000000000e+02 4.26000000000000000e+02 9.28037802245481463e-03 6.18971986657151946e-06
 4.26000000000000000e+02 4.26500000000000000e+02 9.28611837295123706e-03 6.38278770652147942e-06
 4.26500000000000000e+02 4.27000000000000000e+02 9.29617175324056431e-03 6.45277605393895352e-06
 4.27000000000000000e+02 4.27500000000000000e+02 9.30213512825529137e-03 5.93807716333438088e-06
 4.27500000000000000e+02 4.28000000000000000e+02 9.29699892719917063e-03 5.99253993216320739e-06
 4.28000000000000000e+02 4.28500000000000000e+02 9.29913399830807619e-03 6.24269056102789822e-06
 4.28500000000000000e+02 4.29000000000000000e+02 9.29834186638800117e-03 6.04182780506381660e-06
 4.29000000000000000e+02 4.29500000000000000e+02 9.30629583228777257e-03 6.00098459960335210e-06
 4.29500000000000000e+02 4.30000000000000000e+02 9.30030945852599635e-03 6.45027967776886681e-06
 4.30000000000000000e+02 4.30500000000000000e+02 9.28629837193378771e-03 6.24903206582262608e-06
 4.30500000000000000e+02 4.31000000000000000e+02 9.29084713429420908e-03 6.25780827040713504e-06
 4.31000000000000000e+02 4.31500000000000000e+02 9.28839407631991756e-03 6.16550931031144616e-06
 4.31500000000000000e+02 4.32000000000000000e+02 9.29523757422623040e-03 6.11234806794676588e-06
 4.32000000000000000e+02 4.32500000000000000e+02 9.30137582258074198e-03 6.62489228792712876e-06
 4.32500000000000000e+02 4.33000000000000000e+02 9.28768017700418516e-03 6.34036009111811161e-06
 4.33000000000000000e+02 4.33500000000000000e+02 9.28014364261345315e-03 6.41778487811877369e-06
 4.33500000000000000e+02 4.34000000000000000e+02 9.28416889248819682e-03 6.06891591477246732e-06
 4.34000000000000000e+02 4.34500000000000000e+02 9.26747214502465257e-03 6.23012598966080006e-06
 4.34500000000000000e+02 4.35000000000000000e+02 9.27362821016534077e-03 6.33455891209788854e-06
 4.35000000000000000e+02 4.35500000000000000e+02 9.25708767178510215e-03 6.26941550156454393e-06
 4.35500000000000000e+02 4.36000000000000000e+02 9.25413208463458578e-03 6.11991831144409142e-06
 4.36000000000000000e+02 4.36500000000000000e+02 9.24583637905905531e-03 6.20246704254442703e-06
 4.36500000000000000e+02 4.37000000000000000e+02 9.23879660031105658e-03 6.23618510650126274e-06
 4.37000000000000000e+02 4.37500000000000000e+02 9.24128457499628735e-03 6.41638218829925448e-06
 4.37500000000000000e+02 4.38000000000000000e+02 9.22131066799107210e-03 6.41748656403526954e-06
 4.38000000000000000e+02 4.38500000000000000e+02 9.20830846169843134e-03 6.42538743641082970e-06
 4.38500000000000000e+02 4.39000000000000000e+02 9.20501321080286102e-03 6.45550670048988703e-06
 4.39000000000000000e+02 4.39500000000000000e+02 9.18799669052653215e-03 6.26847784782108409e-06
 4.39500000000000000e+02 4.40000000000000000e+02 9.17106131880005351e-03 6.00334226989562775e-06
 4.40000000000000000e+02 4.40500000000000000e+02 9.15414553551127143e-03 6.29047935800090128e-06
 4.40500000000000000e+02 4.41000000000000000e+02 9.14165935212665065e-03 6.26532265471419381e-06
 4.41000000000000000e+02 4.41500000000000000e+02 9.12547642866726703e-03 6.31415390843909396e-06
 4.41500000000000000e+02 4.42000000000000000e+02 9.10295469304518712e-03 6.15875647120361272e-06
 4.42000000000000000e+02 4.42500000000000000e+02 9.07564099454669614e-03 6.32417541227717682e-06
 4.42500000000000000e+02 4.43000000000000000e+02 9.06904585424927849e-03 6.53963539030638524e-06
 4.43000000000000000e+02 4.43500000000000000e+02 9.03986071864157012e-03 6.31227282229940454e-06
 4.43500000000000000e+02 4.44000000000000000e+02 9.01765418748095779e-03 6.31814274005090938e-06
 4.44000000000000000e+02 4.44500000000000000e+02 8.98921900026485206e-03 6.13638455849698845e-06
 4.44500000000000000e+02 4.45000000000000000e+02 8.96702108457568710e-03 6.29377422194930219e-06
 4.45000000000000000e+02 4.45500000000000000e+02 8.95034553873179026e-03 6.35677696734247898e-06
 4.45500000000000000e+02 4.46000000000000000e+02 8.91498745911338368e-03 6.52241726814469946e-06
 4.46000000000000000e+02 4.46500000000000000e+02 8.87416438382017392e-03 6.26631689740137866e-06
 4.46500000000000000e+02 4.47000000000000000e+02 8.82752025195905968e-03 6.24930598052303916e-06
 4.47000000000000000e+02 4.47500000000000000e+02 8.80146596625070061e-03 6.10784633604479845e-06
 4.47500000000000000e+02 4.48000000000000000e+02 8.77681613432089273e-03 7.05580311883522186e-06
 4.48000000000000000e+02 4.48500000000000000e+02 8.72279211950111738e-03 6.24794775460520858e-06
 4.48500000000000000e+02 4.49000000000000000e+02 8.68910621583926339e-03 6.20639982313310814e-06
 4.49000000000000000e+02 4.49500000000000000e+02 8.64448586791742232e-03 6.22796550141860498e-06
 4.49500000000000000e+02 4.50000000000000000e+02 8.60382143642719061e-03 6.42673397711451179e-06
 4.50000000000000000e+02 4.50500000000000000e+02 8.55284605834480578e-03 6.22250743399017167e-06
 4.50500000000000000e+02 4.51000000000000000e+02 8.50000166328316806e-03 6.26156981564884226e-06
 4.51000000000000000e+02 4.51500000000000000e+02 8.44355594550442665e-03 6.34959746101424556e-06
 4.51500000000000000e+02 4.52000000000000000e+02 8.38314224348246650e-03 6.38441991092974384e-06
 4.52000000000000000e+02 4.52500000000000000e+02 8.32650830000655935e-03 6.75196039076141358e-06
 4.52500000000000000e+02 4.53000000000000000e+02 8.26215942745495494e-03 6.34074150273604718e-06
 4.53000000000000000e+02 4.53500000000000000e+02 8.19658926541403862e-03 6.27097636097676068e-06
 4.53500000000000000e+02 4.54000000000000000e+02 8.10990381263411268e-03 6.34052153822077458e-06
 4.54000000000000000e+02 4.54500000000000000e+02 8.04215052479914476e-03 6.45132467597866208e-06
 4.54500000000000000e+02 4.55000000000000000e+02 7.96024620513454545e-03 6.46308866393034294e-06
 4.55000000000000000e+02 4.55500000000000000e+02 7.86906419950471857e-03 6.23819915282008135e-06
 4.55500000000000000e+02 4.56000000000000000e+02 7.77689897493612399e-03 6.08884125511615817e-06
 4.56000000000000000e+02 4.56500000000000000e+02 7.68729257018065017e-03 6.29182689122071379e-06
 4.56500000000000000e+02 4.57000000000000000e+02 7.56805869829652988e-03 6.22543756105931171e-06
 4.57000000000000000e+02 4.57500000000000000e+02 7.45313132161522836e-03 5.71656171745341374e-06
 4.57500000000000000e+02 4.58000000000000000e+02 7.33772389663969217e-03 6.32184996751962323e-06
 4.58000000000000000e+02 4.58500000000000000e+02 7.21395552704816659e-03 6.48347034384601857e-06
 4.58500000000000000e+02 4.59000000000000000e+02 7.07641647350204864e-03 6.08039374228226590e-06
 4.59000000000000000e+02 4.59500000000000000e+02 6.92801980405775321e-03 6.34536849610782085e-06
 4.59500000000000000e+02 4.60000000000000000e+02 6.76491425733199980e-03 5.82031888880018684e-06
 4.60000000000000000e+02 4.60500000000000000e+02 6.60039118474315713e-03 5.77288240105184544e-06
 4.60500000000000000e+02 4.61000000000000000e+02 6.41438062290187409e-03 5.92752882506092820e-06
 4.61000000000000000e+02 4.61500000000000000e+02 6.21290877258615006e-03 5.98729170701473999e-06
 4.61500000000000000e+02 4.62000000000000000e+02 5.98913812850760448e-03 6.02072431796158211e-06
 4.62000000000000000e+02 4.62500000000000000e+02 5.75372454436650152e-03 6.22624406353958885e-06
 4.62500000000000000e+02 4.63000000000000000e+02 5.47186074720680884e-03 6.10160369796120486e-06
 4.63000000000000000e+02 4.63500000000000000e+02 5.17197421562558182e-03 5.76062343341887234e-06
 4.63500000000000000e+02 4.64000000000000000e+02 4.85348770026440644e-03 6.03132047371873309e-06
 4.64000000000000000e+02 4.64500000000000000e+02 4.48262170556887416e-03 5.37452570826835829e-06
 4.64500000000000000e+02 4.65000000000000000e+02 4.06495450525094348e-03 5.65339185393289407e-06
 4.65000000000000000e+02 4.65500000000000000e+02 3.60463786441935418e-03 5.40447237505153173e-06
 4.65500000000000000e+02 4.66000000000000000e+02 3.05606902201769346e-03 5.57404023823684478e-06
 4.66000000000000000e+02 4.66500000000000000e+02 2.38913847836389392e-03 6.50021794233892595e-06
 4.66500000000000000e+02 4.67000000000000000e+02 1.51474297019006687e-03 6.34695981193538820e-06
 4.67000000000000000e+02 4.67500000000000000e+02 7.39972519918419714e-04 2.95383247391677801e-06
 4.67500000000000000e+02 4.68000000000000000e+02 4.94900917857889026e-04 2.58586615728867607e-06
 4.68000000000000000e+02 4.68500000000000000e+02 3.47558860727898496e-04 1.96276813692024381e-06
 4.68500000000000000e+02 4.69000000000000000e+02 2.45523035244059123e-04 1.87918012707483193e-06
 4.69000000000000000e+02 4.69500000000000000e+02 1.72295417862864715e-04 1.95940343447425438e-06
 4.69500000000000000e+02 4.70000000000000000e+02 1.17971953979938623e-04 1.53391028099428948e-06
 4.70000000000000000e+02 4.70500000000000000e+02 7.63325727616583603e-05 1.74767207695682720e-06
 4.70500000000000000e+02 4.71000000000000000e+02 4.37862963308516590e-05 8.17069473403305306e-07
 4.71000000000000000e+02 4.71500000000000000e+02 2.29510240633239493e-05 8.46866796506558138e-07
 4.71500000000000000e+02 4.72000000000000000e+02 9.36717350322435784e-06 7.15986284260411612e-07
 4.72000000000000000e+02 4.72500000000000000e+02 2.01945791038891253e-06 3.08307435945322702e-07
 4.72500000000000000e+02 4.73000000000000000e+02 1.87171120109789970e-08 1.01189082640458569e-08
 4.73000000000000000e+02 4.73500000000000000e+02 0.00000000000000000e+00 0.00000000000000000e+00
 4.73500000000000000e+02 4.74000000000000000e+02 0.00000000000000000e+00 0.00000000000000000e+00
 4.74000000000000000e+02 4.74500000000000000e+02 0.00000000000000000e+00 0.00000000000000000e+00
 4.74500000000000000e+02 4.75000000000000000e+02 0.00000000000000000e+00 0.00000000000000000e+00
 4.75000000000000000e+02 4.75500000000000000e+02 0.00000000000000000e+00 0.00000000000000000e+00
 4.75500000000000000e+02 4.76000000000000000e+02 0.00000000000000000e+00 0.00000000000000000e+00
 4.76000000000000000e+02 4.76500000000000000e+02 0.00000000000000000e+00 0.00000000000000000e+00
 4.76500000000000000e+02 4.77000000000000000e+02 0.00000000000000000e+00 0.00000000000000000e+00
 4.77000000000000000e+02 4.77500000000000000e+02 0.00000000000000000e+00 0.00000000000000000e+00
 4.77500000000000000e+02 4.78000000000000000e+02 0.00000000000000000e+00 0.00000000000000000e+00
 4.78000000000000000e+02 4.78500000000000000e+02 0.00000000000000000e+00 0.00000000000000000e+00
 4.78500000000000000e+02 4.79000000000000000e+02 0.00000000000000000e+00 0.00000000000000000e+00
 4.79000000000000000e+02 4.79500000000000000e+02 0.00000000000000000e+00 0.00000000000000000e+00
 4.79500000000000000e+02 4.80000000000000000e+02 0.00000000000000000e+00 0.00000000000000000e+00
 4.80000000000000000e+02 4.80500000000000000e+02 0.00000000000000000e+00 0.00000000000000000e+00
 4.80500000000000000e+02 4.81000000000000000e+02 0.00000000000000000e+00 0.00000000000000000e+00
 4.81000000000000000e+02 4.81500000000000000e+02 0.00000000000000000e+00 0.00000000000000000e+00
 4.81500000000000000e+02 4.82000000000000000e+02 0.00000000000000000e+00 0.00000000000000000e+00
 4.82000000000000000e+02 4.82500000000000000e+02 0.00000000000000000e+00 0.00000000000000000e+00
 4.82500000000000000e+02 4.83000000000000000e+02 0.00000000000000000e+00 0.00000000000000000e+00
 4.83000000000000000e+02 4.83500000000000000e+02 0.00000000000000000e+00 0.00000000000000000e+00
 4.83500000000000000e+02 4.84000000000000000e+02 0.00000000000000000e+00 0.00000000000000000e+00
 4.84000000000000000e+02 4.84500000000000000e+02 0.00000000000000000e+00 0.00000000000000000e+00
 4.84500000000000000e+02 4.85000000000000000e+02 0.00000000000000000e+00 0.00000000000000000e+00
 4.85000000000000000e+02 4.85500000000000000e+02 0.00000000000000000e+00 0.00000000000000000e+00
 4.85500000000000000e+02 4.86000000000000000e+02 0.00000000000000000e+00 0.00000000000000000e+00
 4.86000000000000000e+02 4.86500000000000000e+02 0.00000000000000000e+00 0.00000000000000000e+00
 4.86500000000000000e+02 4.87000000000000000e+02 0.00000000000000000e+00 0.00000000000000000e+00
 4.87000000000000000e+02 4.87500000000000000e+02 0.00000000000000000e+00 0.00000000000000000e+00
 4.87500000000000000e+02 4.88000000000000000e+02 0.00000000000000000e+00 0.00000000000000000e+00
 4.88000000000000000e+02 4.88500000000000000e+02 0.00000000000000000e+00 0.00000000000000000e+00
 4.88500000000000000e+02 4.89000000000000000e+02 0.00000000000000000e+00 0.00000000000000000e+00
 4.89000000000000000e+02 4.89500000000000000e+02 0.00000000000000000e+00 0.00000000000000000e+00
 4.89500000000000000e+02 4.90000000000000000e+02 0.00000000000000000e+00 0.00000000000000000e+00
 4.90000000000000000e+02 4.90500000000000000e+02 0.00000000000000000e+00 0.00000000000000000e+00
 4.90500000000000000e+02 4.91000000000000000e+02 0.00000000000000000e+00 0.00000000000000000e+00
 4.91000000000000000e+02 4.91500000000000000e+02 0.00000000000000000e+00 0.00000000000000000e+00
 4.91500000000000000e+02 4.92000000000000000e+02 0.00000000000000000e+00 0.00000000000000000e+00
 4.92000000000000000e+02 4.92500000000000000e+02 0.00000000000000000e+00 0.00000000000000000e+00
 4.92500000000000000e+02 4.93000000000000000e+02 0.00000000000000000e+00 0.00000000000000000e+00
 4.93000000000000000e+02 4.93500000000000000e+02 0.00000000000000000e+00 0.00000000000000000e+00
 4.93500000000000000e+02 4.94000000000000000e+02 0.00000000000000000e+00 0.00000000000000000e+00
 4.94000000000000000e+02 4.94500000000000000e+02 0.00000000000000000e+00 0.00000000000000000e+00
 4.94500000000000000e+02 4.95000000000000000e+02 0.00000000000000000e+00 0.00000000000000000e+00
 4.95000000000000000e+02 4.95500000000000000e+02 0.00000000000000000e+00 0.00000000000000000e+00
 4.95500000000000000e+02 4.96000000000000000e+02 0.00000000000000000e+00 0.00000000000000000e+00
 4.96000000000000000e+02 4.96500000000000000e+02 0.00000000000000000e+00 0.00000000000000000e+00
 4.96500000000000000e+02 4.97000000000000000e+02 0.00000000000000000e+00 0.00000000000000000e+00
 4.97000000000000000e+02 4.97500000000000000e+02 0.00000000000000000e+00 0.00000000000000000e+00
 4.97500000000000000e+02 4.98000000000000000e+02 0.00000000000000000e+00 0.00000000000000000e+00
 4.98000000000000000e+02 4.98500000000000000e+02 0.00000000000000000e+00 0.00000000000000000e+00
 4.98500000000000000e+02 4.99000000000000000e+02 0.00000000000000000e+00 0.00000000000000000e+00
 4.99000000000000000e+02 4.99500000000000000e+02 0.00000000000000000e+00 0.00000000000000000e+00
 4.99500000000000000e+02 5.00000000000000000e+02 0.00000000000000000e+00 0.00000000000000000e+00

Histogram:smxx
 5.91000000000000000e+02 5.91639999999999986e+02 2.60722516605998440e-05 7.19583588196754035e-07
 5.91639999999999986e+02 5.92279999999999973e+02 5.20268855466331291e-04 3.43299047295219140e-06
 5.92279999999999973e+02 5.92919999999999959e+02 5.30717252694552018e-04 3.49439239606868664e-06
 5.92919999999999959e+02 5.93559999999999945e+02 5.31665060646447133e-04 3.55492351392629332e-06
 5.93559999999999945e+02 5.94200000000000045e+02 5.37358033147587689e-04 3.48491919792173612e-06
 5.94200000000000045e+02 5.94840000000000032e+02 5.48553846022603337e-04 3.32407834366489754e-06
 5.94840000000000032e+02 5.95480000000000018e+02 5.53450389821303528e-04 3.38050310028909901e-06
 5.95480000000000018e+02 5.96120000000000005e+02 5.50738823611905291e-04 3.12034827648708185e-06
 5.96120000000000005e+02 5.96759999999999991e+02 5.58544817635046485e-04 3.21657870623027299e-06
 5.96759999999999991e+02 5.97399999999999977e+02 5.62507078305930709e-04 2.98411455654557965e-06
 5.97399999999999977e+02 5.98039999999999964e+02 5.64377502021129115e-04 3.02717284679112789e-06
 5.98039999999999964e+02 5.98679999999999950e+02 5.71321026239035102e-04 3.05531561206677170e-06
 5.98679999999999950e+02 5.99320000000000050e+02 5.77588494237748248e-04 2.94229499440945914e-06
 5.99320000000000050e+02 5.99960000000000036e+02 5.77121919905149985e-04 2.87546953055048125e-06
 5.99960000000000036e+02 6.00600000000000023e+02 5.81888541306228922e-04 2.87553980407488598e-06
 6.00600000000000023e+02 6.01240000000000009e+02 5.83072848954898693e-04 2.83016306408444101e-06
 6.01240000000000009e+02 6.01879999999999995e+02 5.93421804558992572e-04 2.93199079521134807e-06
 6.01879999999999995e+02 6.02519999999999982e+02 5.94506155760032222e-04 2.79525390816228456e-06
 6.02519999999999982e+02 6.03159999999999968e+02 6.01037398747086577e-04 2.79598899935661358e-06
 6.03159999999999968e+02 6.03799999999999955e+02 6.05435032368636722e-04 2.65790110272798201e-06
 6.03799999999999955e+02 6.04440000000000055e+02 6.10894389531567439e-04 2.73436219298422867e-06
 6.04440000000000055e+02 6.05080000000000041e+02 6.15074213896478397e-04 2.57068727224685441e-06
 6.05080000000000041e+02 6.05720000000000027e+02 6.18183497873337731e-04 2.65797381790491960e-06
 6.05720000000000027e+02 6.06360000000000014e+02 6.20865328453197541e-04 2.57698445850602999e-06
 6.06360000000000014e+02 6.07000000000000000e+02 6.28286291855422677e-04 2.50345739036737180e-06
 6.07000000000000000e+02 6.07639999999999986e+02 6.32963420629330362e-04 2.47546076348423214e-06
 6.07639999999999986e+02 6.08279999999999973e+02 6.36189734864757374e-04 2.55139050133746809e-06
 6.08279999999999973e+02 6.08919999999999959e+02 6.41897726774745526e-04 2.45612563132761243e-06
 6.08919999999999959e+02 6.09559999999999945e+02 6.43357875525239439e-04 2.42687331023329062e-06
 6.09559999999999945e+02 6.10200000000000045e+02 6.51651976007693230e-04 2.40411905347119719e-06
 6.10200000000000045e+02 6.10840000000000032e+02 6.54674442872143960e-04 2.31234749262075676e-06
 6.10840000000000032e+02 6.11480000000000018e+02 6.60300565345749873e-04 2.41502470553909740e-06
 6.11480000000000018e+02 6.12120000000000005e+02 6.63698807285209493e-04 2.32109943330225614e-06
 6.12120000000000005e+02 6.12759999999999991e+02 6.66406259898166386e-04 2.35233663793514908e-06
 6.12759999999999991e+02 6.13399999999999977e+02 6.67832324049137281e-04 2.29422870448408561e-06
 6.13399999999999977e+02 6.14039999999999964e+02 6.74593871019857827e-04 2.23285620534483611e-06
 6.14039999999999964e+02 6.14679999999999950e+02 6.83260868500536558e-04 2.35601308620016258e-06
 6.14679999999999950e+02 6.15320000000000050e+02 6.81613808441963189e-04 2.24166329713796877e-06
 6.15320000000000050e+02 6.15960000000000036e+02 6.89785245551930077e-04 2.17823161941408496e-06
 6.15960000000000036e+02 6.16600000000000023e+02 6.94008222974853181e-04 2.27782521000462459e-06
 6.16600000000000023e+02 6.17240000000000009e+02 7.02011222581969021e-04 2.22801189387215503e-06
 6.17240000000000009e+02 6.17879999999999995e+02 7.03804592671550657e-04 2.20159689114327061e-06
 6.17879999999999995e+02 6.18519999999999982e+02 7.06170934484163983e-04 2.17569992595466481e-06
 6.18519999999999982e+02 6.19159999999999968e+02 7.11643702581174855e-04 2.16894138799586891e-06
 6.19159999999999968e+02 6.19799999999999955e+02 7.14648353274095001e-04 2.14294844386751497e-06
 6.19799999999999955e+02 6.20440000000000055e+02 7.24096763902160306e-04 2.19990070378905821e-06
 6.20440000000000055e+02 6.21080000000000041e+02 7.25285271003760007e-04 2.16077937820696029e-06
 6.21080000000000041e+02 6.21720000000000027e+02 7.30753893218454823e-04 2.19818539878927435e-06
 6.21720000000000027e+02 6.22360000000000014e+02 7.36404314902683647e-04 2.26829073293391333e-06
 6.22360000000000014e+02 6.23000000000000000e+02 7.38708525281195523e-04 2.11957463789977198e-06
 6.23000000000000000e+02 6.23639999999999986e+02 7.43644802472781486e-04 2.20516875904749646e-06
 6.23639999999999986e+02 6.24279999999999973e+02 7.48800744277647963e-04 2.18252770959747618e-06
 6.24279999999999973e+02 6.24919999999999959e+02 7.50214609395609194e-04 2.19897340596459902e-06
 6.24919999999999959e+02 6.25559999999999945e+02 7.54992575855253575e-04 2.17532144189060508e-06
 6.25559999999999945e+02 6.26200000000000045e+02 7.62018376101448536e-04 2.22945024183791911e-06
 6.26200000000000045e+02 6.26840000000000032e+02 7.68943332081169326e-04 2.16770389829025444e-06
 6.26840000000000032e+02 6.27480000000000018e+02 7.72893093431934147e-04 2.19515560057937482e-06
 6.27480000000000018e+02 6.28120000000000005e+02 7.73260327413882145e-04 2.22676359229165851e-06
 6.28120000000000005e+02 6.28759999999999991e+02 7.77090677693168213e-04 2.18527116476793497e-06
 6.28759999999999991e+02 6.29399999999999977e+02 7.83773323253897044e-04 2.21545339047379626e-06
 6.29399999999999977e+02 6.30039999999999964e+02 7.86872239131919220e-04 2.17780378388702390e-06
 6.30039999999999964e+02 6.30679999999999950e+02 7.97274190322219624e-04 2.18616088965423367e-06
 6.30679999999999950e+02 6.31320000000000050e+02 7.98552491156836238e-04 2.21314166335734676e-06
 6.31320000000000050e+02 6.31960000000000036e+02 8.05745040054356714e-04 2.21659773100099316e-06
 6.31960000000000036e+02 6.32600000000000023e+02 8.06136337259364365e-04 2.21189219633734994e-06
 6.32600000000000023e+02 6.33240000000000009e+02 8.09950665382434083e-04 2.23168021590425984e-06
 6.33240000000000009e+02 6.33879999999999995e+02 8.18488611722373739e-04 2.22553008827837780e-06
 6.33879999999999995e+02 6.34519999999999982e+02 8.21568952237718424e-04 2.23820195551442091e-06
 6.34519999999999982e+02 6.35159999999999968e+02 8.26091760359114365e-04 2.28023047454215106e-06
 6.35159999999999968e+02 6.35799999999999955e+02 8.25804897356166990e-04 2.22198832492727965e-06
 6.35799999999999955e+02 6.36440000000000055e+02 8.35238864784527816e-04 2.22813792255374146e-06
 6.36440000000000055e+02 6.37080000000000041e+02 8.35081607086860921e-04 2.18226661350491524e-06
 6.37080000000000041e+02 6.37720000000000027e+02 8.42570787425263724e-04 2.26992288551830578e-06
 6.37720000000000027e+02 6.38360000000000014e+02 8.48664612377043230e-04 2.32286818772022294e-06
 6.38360000000000014e+02 6.39000000000000000e+02 8.52652127443196805e-04 2.22747699587208770e-06
 6.39000000000000000e+02 6.39639999999999986e+02 8.55353753272185616e-04 2.27127615514830972e-06
 6.39639999999999986e+02 6.40279999999999973e+02 8.60877520456316517e-04 2.17678816647223327e-06
 6.40279999999999973e+02 6.40919999999999959e+02 8.66128324323868406e-04 2.19896099383626578e-06
 6.40919999999999959e+02 6.41559999999999945e+02 8.66508147590550775e-04 2.23403783830940753e-06
 6.41559999999999945e+02 6.42200000000000045e+02 8.77683891254404458e-04 2.27629170257090941e-06
 6.42200000000000045e+02 6.42840000000000032e+02 8.80056135586134163e-04 2.21908819852404555e-06
 6.42840000000000032e+02 6.43480000000000018e+02 8.84536030540053128e-04 2.27095926485718377e-06
 6.43480000000000018e+02 6.44120000000000005e+02 8.86353827434545132e-04 2.22637489121894113e-06
 6.44120000000000005e+02 6.44759999999999991e+02 8.93949633873003676e-04 2.23971251385741068e-06
 6.44759999999999991e+02 6.45399999999999977e+02 8.96864881629072627e-04 2.23727854515480644e-06
 6.45399999999999977e+02 6.46039999999999964e+02 9.03347405229527434e-04 2.38798078666044156e-06
 6.46039999999999964e+02 6.46679999999999950e+02 9.05730102642343183e-04 2.21425624492581443e-06
 6.46679999999999950e+02 6.47320000000000050e+02 9.10653581428085565e-04 2.22119892368055500e-06
 6.47320000000000050e+02 6.47960000000000036e+02 9.18952642009309003e-04 2.28305469051176541e-06
 6.47960000000000036e+02 6.48600000000000023e+02 9.20281481770924485e-04 2.21462420398993647e-06
 6.48600000000000023e+02 6.49240000000000009e+02 9.20610326047252006e-04 2.39336889150200186e-06
 6.49240000000000009e+02 6.49879999999999995e+02 9.33859492599631649e-04 2.24983808803635183e-06
 6.49879999999999995e+02 6.50519999999999982e+02 9.35561003026934290e-04 2.23285335676262149e-06
 6.50519999999999982e+02 6.51159999999999968e+02 9.37403488892731159e-04 2.25178141075759928e-06
 6.51159999999999968e+02 6.51799999999999955e+02 9.45265033388001711e-04 2.21163875605319760e-06
 6.51799999999999955e+02 6.52440000000000055e+02 9.45024493383884675e-04 2.20194296718286356e-06
 6.52440000000000055e+02 6.53080000000000041e+02 9.52580973549326947e-04 2.55513390556368429e-06
 6.53080000000000041e+02 6.53720000000000027e+02 9.59162932588635063e-04 2.28975750526965123e-06
 6.53720000000000027e+02 6.54360000000000014e+02 9.61658375116492881e-04 2.19423858855434018e-06
 6.54360000000000014e+02 6.55000000000000000e+02 9.64920310935486530e-04 2.18539611772440721e-06
 6.55000000000000000e+02 6.55639999999999986e+02 9.72011018111649822e-04 2.27330507416659644e-06
 6.55639999999999986e+02 6.56279999999999973e+02 9.78775406774898575e-04 2.21674503853010667e-06
 6.56279999999999973e+02 6.56919999999999959e+02 9.82934662298488382e-04 2.34560487828299090e-06
 6.56919999999999959e+02 6.57559999999999945e+02 9.91865633023046936e-04 2.21636441610876724e-06
 6.57559999999999945e+02 6.58200000000000045e+02 9.93838654346143602e-04 2.21615969961997018e-06
 6.58200000000000045e+02 6.58840000000000032e+02 9.94552432300914576e-04 2.15795365544579222e-06
 6.58840000000000032e+02 6.59480000000000018e+02 9.96507848767147703e-04 2.10402874703052186e-06
 6.59480000000000018e+02 6.60120000000000005e+02 1.00364270123872628e-03 2.27154612935881768e-06
 6.60120000000000005e+02 6.60759999999999991e+02 1.00484955619943128e-03 2.14260885402621373e-06
 6.60759999999999991e+02 6.61399999999999977e+02 1.01327241396330196e-03 2.11731422387059282e-06
 6.61399999999999977e+02 6.62039999999999964e+02 1.01953307616115766e-03 2.16543894497697445e-06
 6.62039999999999964e+02 6.62680000000000064e+02 1.02187405258453187e-03 2.12744307586879898e-06
 6.62680000000000064e+02 6.63319999999999936e+02 1.03067205391888352e-03 2.10452862862958563e-06
 6.63319999999999936e+02 6.63960000000000036e+02 1.03214710196984877e-03 2.13844471365323946e-06
 6.63960000000000036e+02 6.64600000000000023e+02 1.03367561448488242e-03 2.08057552221845739e-06
 6.64600000000000023e+02 6.65240000000000009e+02 1.04599987643114655e-03 2.29704479590203181e-06
 6.65240000000000009e+02 6.65879999999999995e+02 1.04466908093440959e-03 2.25733353060219707e-06
 6.65879999999999995e+02 6.66519999999999982e+02 1.05297628253818074e-03 2.17880024005378895e-06
 6.66519999999999982e+02 6.67159999999999968e+02 1.05864876863642245e-03 2.17202319094076325e-06
 6.67159999999999968e+02 6.67799999999999955e+02 1.05914639476440775e-03 2.17351788344200868e-06
 6.67799999999999955e+02 6.68440000000000055e+02 1.06622237719477338e-03 2.13813755339056866e-06
 6.68440000000000055e+02 6.69080000000000041e+02 1.06985902276952741e-03 2.10766281002817712e-06
 6.69080000000000041e+02 6.69720000000000027e+02 1.07207128535802537e-03 2.16441096872415468e-06
 6.69720000000000027e+02 6.70360000000000014e+02 1.08103028337092565e-03 2.17594643611841149e-06
 6.70360000000000014e+02 6.71000000000000000e+02 1.08425979121046841e-03 2.21739007376131960e-06
 6.71000000000000000e+02 6.71639999999999986e+02 1.09085510173969171e-03 2.20009430627233190e-06
 6.71639999999999986e+02 6.72279999999999973e+02 1.09885864719459010e-03 2.17783755480680459e-06
 6.72279999999999973e+02 6.72919999999999959e+02 1.10124507759856130e-03 2.17043769937531698e-06
 6.72919999999999959e+02 6.73559999999999945e+02 1.10330792174072995e-03 2.17119438114242003e-06
 6.73559999999999945e+02 6.74200000000000045e+02 1.11214820353520939e-03 2.21958679385260404e-06
 6.74200000000000045e+02 6.74840000000000032e+02 1.11574721563871353e-03 2.18143271119721315e-06
 6.74840000000000032e+02 6.75480000000000018e+02 1.12047496774856661e-03 2.23955529628192365e-06
 6.75480000000000018e+02 6.76120000000000005e+02 1.12444086044582417e-03 2.24928107193749167e-06
 6.76120000000000005e+02 6.76759999999999991e+02 1.13095141873021938e-03 2.18251926631481935e-06
 6.76759999999999991e+02 6.77399999999999977e+02 1.13309367816200241e-03 2.21905670596341615e-06
 6.77399999999999977e+02 6.78039999999999964e+02 1.13950547914428899e-03 2.25743411900591480e-06
 6.78039999999999964e+02 6.78680000000000064e+02 1.14035058242719571e-03 2.17408554855057158e-06
 6.78680000000000064e+02 6.79319999999999936e+02 1.14610352170060209e-03 2.16186377345418350e-06
 6.79319999999999936e+02 6.79960000000000036e+02 1.15039963653715250e-03 2.11954606493884456e-06
 6.79960000000000036e+02 6.80600000000000023e+02 1.15732483286331493e-03 2.21373859694170191e-06
 6.80600000000000023e+02 6.81240000000000009e+02 1.16233833414269589e-03 2.21747956931992207e-06
 6.81240000000000009e+02 6.81879999999999995e+02 1.16905016265746718e-03 2.16509483935970466e-06
 6.81879999999999995e+02 6.82519999999999982e+02 1.17095734514617079e-03 2.22888805950071415e-06
 6.82519999999999982e+02 6.83159999999999968e+02 1.17570989635481463e-03 2.25527917779922809e-06
 6.83159999999999968e+02 6.83799999999999955e+02 1.18327446836429071e-03 2.24342170730230442e-06
 6.83799999999999955e+02 6.84440000000000055e+02 1.18850863641723576e-03 2.19251407753124329e-06
 6.84440000000000055e+02 6.85080000000000041e+02 1.19751249048138226e-03 2.35012945526931071e-06
 6.85080000000000041e+02 6.85720000000000027e+02 1.19968323920927175e-03 2.32259507611481144e-06
 6.85720000000000027e+02 6.86360000000000014e+02 1.20328226254237994e-03 2.29754909250971840e-06
 6.86360000000000014e+02 6.87000000000000000e+02 1.20964954778452188e-03 2.17186007287852046e-06
 6.87000000000000000e+02 6.87639999999999986e+02 1.21595854728583585e-03 2.44259876669084483e-06
 6.87639999999999986e+02 6.88279999999999973e+02 1.21609339777104496e-03 2.28424912544574080e-06
 6.88279999999999973e+02 6.88919999999999959e+02 1.22219525401510033e-03 2.22394098487794077e-06
 6.88919999999999959e+02 6.89559999999999945e+02 1.22538986518945080e-03 2.27025680605988852e-06
 6.89559999999999945e+02 6.90200000000000045e+02 1.23021702074652324e-03 2.34289649333996253e-06
 6.90200000000000045e+02 6.90840000000000032e+02 1.23651432353753788e-03 2.23389851992469246e-06
 6.90840000000000032e+02 6.91480000000000018e+02 1.24482253549620535e-03 2.28510642979001055e-06
 6.91480000000000018e+02 6.92120000000000005e+02 1.24592201792082628e-03 2.26550971615014362e-06
 6.92120000000000005e+02 6.92759999999999991e+02 1.25543097201408519e-03 2.30205243520955118e-06
 6.92759999999999991e+02 6.93399999999999977e+02 1.26005346046502735e-03 2.26870937054238006e-06
 6.93399999999999977e+02 6.94039999999999964e+02 1.26177148334181543e-03 2.27626775657089729e-06
 6.94039999999999964e+02 6.94680000000000064e+02 1.27163442384404710e-03 2.34824755111446976e-06
 6.94680000000000064e+02 6.95319999999999936e+02 1.27244283972763675e-03 2.32080485508741064e-06
 6.95319999999999936e+02 6.95960000000000036e+02 1.28016356295771318e-03 2.30196227892592888e-06
 6.95960000000000036e+02 6.96600000000000023e+02 1.28586577447084398e-03 2.34152581982961721e-06
 6.96600000000000023e+02 6.97240000000000009e+02 1.29167959255741633e-03 2.32406924019316049e-06
 6.97240000000000009e+02 6.97879999999999995e+02 1.29024011865366698e-03 2.29670582518574398e-06
 6.97879999999999995e+02 6.98519999999999982e+02 1.29666958706686482e-03 2.30881963790257100e-06
 6.98519999999999982e+02 6.99159999999999968e+02 1.30907351004074511e-03 2.31198823913471494e-06
 6.99159999999999968e+02 6.99799999999999955e+02 1.30716069048751127e-03 2.33667876913159331e-06
 6.99799999999999955e+02 7.00440000000000055e+02 1.31901755639782649e-03 2.29229996565769635e-06
 7.00440000000000055e+02 7.01080000000000041e+02 1.32275658912765271e-03 2.35598820895856175e-06
 7.01080000000000041e+02 7.01720000000000027e+02 1.32599505908250750e-03 2.31756405044279906e-06
 7.01720000000000027e+02 7.02360000000000014e+02 1.33326357623953298e-03 2.28218042518570813e-06
 7.02360000000000014e+02 7.03000000000000000e+02 1.33765500933857992e-03 2.29201635968684756e-06
 7.03000000000000000e+02 7.03639999999999986e+02 1.34169540874376123e-03 2.31320026711219412e-06
 7.03639999999999986e+02 7.04279999999999973e+02 1.34775306457835344e-03 2.31543030920148800e-06
 7.04279999999999973e+02 7.04919999999999959e+02 1.34930525737469564e-03 2.27329035540130448e-06
 7.04919999999999959e+02 7.05559999999999945e+02 1.35722015884983099e-03 2.36362452178959271e-06
 7.05559999999999945e+02 7.06200000000000045e+02 1.36514068195935936e-03 2.32378417472673232e-06
 7.06200000000000045e+02 7.06840000000000032e+02 1.36926530452813333e-03 2.28900675652236688e-06
 7.06840000000000032e+02 7.07480000000000018e+02 1.37443626815574320e-03 2.34598693588468801e-06
 7.07480000000000018e+02 7.08120000000000005e+02 1.37817615097828657e-03 2.39202225655655484e-06
 7.08120000000000005e+02 7.08759999999999991e+02 1.38751402093315415e-03 2.39272722521015348e-06
 7.08759999999999991e+02 7.09399999999999977e+02 1.39021054375810084e-03 2.36340793339401048e-06
 7.09399999999999977e+02 7.10039999999999964e+02 1.39641516412743064e-03 2.41313943207643384e-06
 7.10039999999999964e+02 7.10680000000000064e+02 1.39917486464097600e-03 2.31048923910561461e-06
 7.10680000000000064e+02 7.11319999999999936e+02 1.40413493070236850e-03 2.37617002088671718e-06
 7.11319999999999936e+02 7.11960000000000036e+02 1.40862428915100720e-03 2.27301017210894510e-06
 7.11960000000000036e+02 7.12600000000000023e+02 1.41685031140523828e-03 2.30921182887246636e-06
 7.12600000000000023e+02 7.13240000000000009e+02 1.42203415449432529e-03 2.35333041188136941e-06
 7.13240000000000009e+02 7.13879999999999995e+02 1.43179629832252157e-03 2.43215406280355029e-06
 7.13879999999999995e+02 7.14519999999999982e+02 1.43267724053825840e-03 2.37734031614997757e-06
 7.14519999999999982e+02 7.15159999999999968e+02 1.43953763087125699e-03 2.35744086273846394e-06
 7.15159999999999968e+02 7.15799999999999955e+02 1.44160197024783849e-03 2.40407726535731830e-06
 7.15799999999999955e+02 7.16440000000000055e+02 1.45032989602774244e-03 2.34875085849676333e-06
 7.16440000000000055e+02 7.17080000000000041e+02 1.45668282310772016e-03 2.39358259222438390e-06
 7.17080000000000041e+02 7.17720000000000027e+02 1.46037767660815482e-03 2.40564819301950389e-06
 7.17720000000000027e+02 7.18360000000000014e+02 1.46896616472960186e-03 2.36277817596733173e-06
 7.18360000000000014e+02 7.19000000000000000e+02 1.47179761363863074e-03 2.36998001519869042e-06
 7.19000000000000000e+02 7.19639999999999986e+02 1.47746829197908870e-03 2.38399968427485381e-06
 7.19639999999999986e+02 7.20279999999999973e+02 1.48183906479887697e-03 2.40298584163278983e-06
 7.20279999999999973e+02 7.20919999999999959e+02 1.49092517824018188e-03 2.37565814886122772e-06
 7.20919999999999959e+02 7.21559999999999945e+02 1.49197015953841830e-03 2.38255220398409411e-06
 7.21559999999999945e+02 7.22200000000000045e+02 1.50047252967075028e-03 2.39309001946502989e-06
 7.22200000000000045e+02 7.22840000000000032e+02 1.51067704917801863e-03 2.45049717717647117e-06
 7.22840000000000032e+02 7.23480000000000018e+02 1.51062378860930351e-03 2.40583831235653138e-06
 7.23480000000000018e+02 7.24120000000000005e+02 1.51871903338419750e-03 2.47665808814362370e-06
 7.24120000000000005e+02 7.24759999999999991e+02 1.52437305599697928e-03 2.35850920390498650e-06
 7.24759999999999991e+02 7.25399999999999977e+02 1.52877584280670963e-03 2.40332007311125842e-06
 7.25399999999999977e+02 7.26039999999999964e+02 1.53331427261290125e-03 2.40775872107576130e-06
 7.26039999999999964e+02 7.26680000000000064e+02 1.54071305746292047e-03 2.43679246910249375e-06
 7.26680000000000064e+02 7.27319999999999936e+02 1.54275935124172873e-03 2.58912596247795260e-06
 7.27319999999999936e+02 7.27960000000000036e+02 1.55041332282378273e-03 2.42913840193864213e-06
 7.27960000000000036e+02 7.28600000000000023e+02 1.56214678741950627e-03 2.52038058403988077e-06
 7.28600000000000023e+02 7.29240000000000009e+02 1.56490564964869390e-03 2.39804463349464116e-06
 7.29240000000000009e+02 7.29879999999999995e+02 1.57568311979920726e-03 2.39579958666697617e-06
 7.29879999999999995e+02 7.30519999999999982e+02 1.57758679777919965e-03 2.37150433840234567e-06
 7.30519999999999982e+02 7.31159999999999968e+02 1.58136529172913450e-03 2.41090711583516405e-06
 7.31159999999999968e+02 7.31799999999999955e+02 1.58562664129986513e-03 2.45085694433314165e-06
 7.31799999999999955e+02 7.32440000000000055e+02 1.59276525692771511e-03 2.46027990810035005e-06
 7.32440000000000055e+02 7.33080000000000041e+02 1.60172787227256023e-03 2.42950636845831937e-06
 7.33080000000000041e+02 7.33720000000000027e+02 1.61091951583803043e-03 2.47786323316920368e-06
 7.33720000000000027e+02 7.34360000000000014e+02 1.61104410389127455e-03 2.62325355898631548e-06
 7.34360000000000014e+02 7.35000000000000000e+02 1.61812309021988035e-03 2.39592614307109177e-06
 7.35000000000000000e+02 7.35639999999999986e+02 1.62301126297048864e-03 2.38643012716732188e-06
 7.35639999999999986e+02 7.36279999999999973e+02 1.62778785330769849e-03 2.45894165954476406e-06
 7.36279999999999973e+02 7.36919999999999959e+02 1.63503377596493785e-03 2.39307403321380567e-06
 7.36919999999999959e+02 7.37559999999999945e+02 1.63877148767896321e-03 2.45045578305425785e-06
 7.37559999999999945e+02 7.38200000000000045e+02 1.65017498583500837e-03 2.50124289282900981e-06
 7.38200000000000045e+02 7.38840000000000032e+02 1.65729590943490524e-03 2.47554103508849688e-06
 7.38840000000000032e+02 7.39480000000000018e+02 1.65787628175282156e-03 2.38588749472766446e-06
 7.39480000000000018e+02 7.40120000000000005e+02 1.66879545434702836e-03 2.43536879506740646e-06
 7.40120000000000005e+02 7.40759999999999991e+02 1.67565038815938386e-03 2.44878371477634229e-06
 7.40759999999999991e+02 7.41399999999999977e+02 1.67744838401896138e-03 2.49239588040205132e-06
 7.41399999999999977e+02 7.42039999999999964e+02 1.68428577167248805e-03 2.44360593972712806e-06
 7.42039999999999964e+02 7.42680000000000064e+02 1.69413568060409396e-03 2.52986095923984168e-06
 7.42680000000000064e+02 7.43319999999999936e+02 1.69731185198378101e-03 2.50425429860579026e-06
 7.43319999999999936e+02 7.43960000000000036e+02 1.69926377092661477e-03 2.42411697640304704e-06
 7.43960000000000036e+02 7.44600000000000023e+02 1.71312327036919686e-03 2.56427762641311502e-06
 7.44600000000000023e+02 7.45240000000000009e+02 1.72072511402450250e-03 2.55229756232354282e-06
 7.45240000000000009e+02 7.45879999999999995e+02 1.72524002512677356e-03 2.49909257274564277e-06
 7.45879999999999995e+02 7.46519999999999982e+02 1.72660890351670777e-03 2.47811454100154473e-06
 7.46519999999999982e+02 7.47159999999999968e+02 1.73252354729598363e-03 2.45019007596426395e-06
 7.47159999999999968e+02 7.47799999999999955e+02 1.74488579623604308e-03 2.58231606836606740e-06
 7.47799999999999955e+02 7.48440000000000055e+02 1.75187494361817931e-03 2.44715631750153656e-06
 7.48440000000000055e+02 7.49080000000000041e+02 1.75622726864103906e-03 2.50939953444528973e-06
 7.49080000000000041e+02 7.49720000000000027e+02 1.76583519824537985e-03 2.55828368953317690e-06
 7.49720000000000027e+02 7.50360000000000014e+02 1.76937170340675802e-03 2.50567758231418844e-06
 7.50360000000000014e+02 7.51000000000000000e+02 1.77086167694407359e-03 2.52890930273981691e-06
 7.51000000000000000e+02 7.51639999999999986e+02 1.78521195929033562e-03 2.54318899595306755e-06
 7.51639999999999986e+02 7.52279999999999973e+02 1.79070871991716474e-03 2.55852081481251853e-06
 7.52279999999999973e+02 7.52919999999999959e+02 1.79203929221438229e-03 2.51821011077788787e-06
 7.52919999999999959e+02 7.53559999999999945e+02 1.80342587925950894e-03 2.45106563451773934e-06
 7.53559999999999945e+02 7.54200000000000045e+02 1.81210620203949685e-03 2.50802544035183834e-06
 7.54200000000000045e+02 7.54840000000000032e+02 1.81464771518391704e-03 2.53843803205768932e-06
 7.54840000000000032e+02 7.55480000000000018e+02 1.82040568612594142e-03 2.52261405278699095e-06
 7.55480000000000018e+02 7.56120000000000005e+02 1.82604439022668211e-03 2.62522723160918744e-06
 7.56120000000000005e+02 7.56759999999999991e+02 1.83162035661255346e-03 2.58601603860981062e-06
 7.56759999999999991e+02 7.57399999999999977e+02 1.84574481430629716e-03 2.56928845760540416e-06
 7.57399999999999977e+02 7.58039999999999964e+02 1.84628760174438246e-03 2.61277563609911082e-06
 7.58039999999999964e+02 7.58680000000000064e+02 1.85603954449389949e-03 2.65400099571809529e-06
 7.58680000000000064e+02 7.59319999999999936e+02 1.86158205385787462e-03 2.57444168549587827e-06
 7.59319999999999936e+02 7.59960000000000036e+02 1.86753299490542745e-03 2.50011305683872899e-06
 7.59960000000000036e+02 7.60600000000000023e+02 1.87341459159308388e-03 2.51400425262585629e-06
 7.60600000000000023e+02 7.61240000000000009e+02 1.88427824627678984e-03 2.61066825974129952e-06
 7.61240000000000009e+02 7.61879999999999995e+02 1.88888088791752304e-03 2.59808516484551647e-06
 7.61879999999999995e+02 7.62519999999999982e+02 1.89377201839750504e-03 2.66732154642966454e-06
 7.62519999999999982e+02 7.63159999999999968e+02 1.90418584678934944e-03 2.57978291696418409e-06
 7.63159999999999968e+02 7.63799999999999955e+02 1.90920645697421724e-03 2.55765950373843977e-06
 7.63799999999999955e+02 7.64440000000000055e+02 1.91802612982590760e-03 2.63618025255410545e-06
 7.64440000000000055e+02 7.65080000000000041e+02 1.92866580086456453e-03 2.58258154868477917e-06
 7.65080000000000041e+02 7.65720000000000027e+02 1.93233916135115849e-03 2.64934296551127892e-06
 7.65720000000000027e+02 7.66360000000000014e+02 1.93918927678311576e-03 2.61707473378731335e-06
 7.66360000000000014e+02 7.67000000000000000e+02 1.94524381846984283e-03 2.64988331943063830e-06
 7.67000000000000000e+02 7.67639999999999986e+02 1.95882527605606470e-03 2.70623714234730879e-06
 7.67639999999999986e+02 7.68279999999999973e+02 1.96415590650237315e-03 2.64893266342671039e-06
 7.68279999999999973e+02 7.68919999999999959e+02 1.96874379757244495e-03 2.70844725832507969e-06
 7.68919999999999959e+02 7.69559999999999945e+02 1.97612533469703573e-03 2.60046298983607469e-06
 7.69559999999999945e+02 7.70200000000000045e+02 1.98166355486912226e-03 2.60444712155322744e-06
 7.70200000000000045e+02 7.70840000000000032e+02 1.98656040652939701e-03 2.57668409098547024e-06
 7.70840000000000032e+02 7.71480000000000018e+02 1.99949204410178024e-03 2.64256062646611801e-06
 7.71480000000000018e+02 7.72120000000000005e+02 2.00588393379973456e-03 2.55682285265862414e-06
 7.72120000000000005e+02 7.72759999999999991e+02 2.01386277371797939e-03 2.66118427978711920e-06
 7.72759999999999991e+02 7.73399999999999977e+02 2.02003348276425226e-03 2.63362097338758346e-06
 7.73399999999999977e+02 7.74039999999999964e+02 2.02843496990809825e-03 2.73983095591535056e-06
 7.74039999999999964e+02 7.74680000000000064e+02 2.03792739448531391e-03 2.69411467538059069e-06
 7.74680000000000064e+02 7.75319999999999936e+02 2.04407965610152410e-03 2.65014435717968757e-06
 7.75319999999999936e+02 7.75960000000000036e+02 2.05294662324005065e-03 2.63570413812487680e-06
 7.75960000000000036e+02 7.76600000000000023e+02 2.05394256349355911e-03 2.62660328740647601e-06
 7.76600000000000023e+02 7.77240000000000009e+02 2.06409846051642479e-03 2.61373509769538081e-06
 7.77240000000000009e+02 7.77879999999999995e+02 2.07774236883459008e-03 2.71481610161823759e-06
 7.77879999999999995e+02 7.78519999999999982e+02 2.08143970638307490e-03 2.78520242997505123e-06
 7.78519999999999982e+02 7.79159999999999968e+02 2.08662128039884898e-03 2.74484264139546015e-06
 7.79159999999999968e+02 7.79799999999999955e+02 2.09652911494831755e-03 2.68258218885999099e-06
 7.79799999999999955e+02 7.80440000000000055e+02 2.10242354001435568e-03 2.67515776666355050e-06
 7.80440000000000055e+02 7.81080000000000041e+02 2.11144124463403041e-03 2.68925456532296102e-06
 7.81080000000000041e+02 7.81720000000000027e+02 2.12186900285675408e-03 2.62254876381001703e-06
 7.81720000000000027e+02 7.82360000000000014e+02 2.13168008758452899e-03 2.67538510804068259e-06
 7.82360000000000014e+02 7.83000000000000000e+02 2.13903212662250710e-03 2.73946046699729039e-06
 7.83000000000000000e+02 7.83639999999999986e+02 2.14601528165579269e-03 2.69509106862449710e-06
 7.83639999999999986e+02 7.84279999999999973e+02 2.15190344030885810e-03 2.72848232188395462e-06
 7.84279999999999973e+02 7.84919999999999959e+02 2.16155789913346488e-03 2.65608472004521919e-06
 7.84919999999999959e+02 7.85559999999999945e+02 2.16975031794405630e-03 2.68530684872115560e-06
 7.85559999999999945e+02 7.86200000000000045e+02 2.17902499683935661e-03 2.70888145695670220e-06
 7.86200000000000045e+02 7.86840000000000032e+02 2.18820223105980344e-03 2.67850365121259348e-06
 7.86840000000000032e+02 7.87480000000000018e+02 2.19583929855031836e-03 2.68957244953586518e-06
 7.87480000000000018e+02 7.88120000000000005e+02 2.20247010059349902e-03 2.77651998972779485e-06
 7.88120000000000005e+02 7.88759999999999991e+02 2.20917389911719306e-03 2.70308043809467497e-06
 7.88759999999999991e+02 7.89399999999999977e+02 2.21769864115502636e-03 2.74844634164189013e-06
 7.89399999999999977e+02 7.90039999999999964e+02 2.22466098881762787e-03 2.72865043258290563e-06
 7.90039999999999964e+02 7.90680000000000064e+02 2.23526563821426763e-03 2.71361517256225510e-06
 7.90680000000000064e+02 7.91319999999999936e+02 2.24074613851966498e-03 2.74989040033346674e-06
 7.91319999999999936e+02 7.91960000000000036e+02 2.24862224164211217e-03 2.76874551794084577e-06
 7.91960000000000036e+02 7.92600000000000023e+02 2.25846186100748213e-03 2.69443454479634728e-06
 7.92600000000000023e+02 7.93240000000000009e+02 2.27078121315446276e-03 2.75517726118204802e-06
 7.93240000000000009e+02 7.93879999999999995e+02 2.27884232974641821e-03 2.81552682083426251e-06
 7.93879999999999995e+02 7.94519999999999982e+02 2.28452929152943339e-03 2.78508613579022247e-06
 7.94519999999999982e+02 7.95159999999999968e+02 2.29686464733803043e-03 2.80600847027012339e-06
 7.95159999999999968e+02 7.95799999999999955e+02 2.30847186839778368e-03 2.77058785703565637e-06
 7.95799999999999955e+02 7.96440000000000055e+02 2.31914514872275709e-03 2.77363089301002098e-06
 7.96440000000000055e+02 7.97080000000000041e+02 2.32702707779618677e-03 2.75726345301535897e-06
 7.97080000000000041e+02 7.97720000000000027e+02 2.33225676920526068e-03 2.78187923225649094e-06
 7.97720000000000027e+02 7.98360000000000014e+02 2.34148931306610037e-03 2.76089396492537865e-06
 7.98360000000000014e+02 7.99000000000000000e+02 2.34825993749690487e-03 2.82424977376018880e-06
 7.99000000000000000e+02 7.99639999999999986e+02 2.36062736609129542e-03 2.79212858826741366e-06
 7.99639999999999986e+02 8.00279999999999973e+02 2.37032025485773342e-03 2.88377456952109234e-06
 8.00279999999999973e+02 8.00919999999999959e+02 2.37749234112866149e-03 2.81104428280591773e-06
 8.00919999999999959e+02 8.01559999999999945e+02 2.38877081497562921e-03 2.83466516031606312e-06
 8.01559999999999945e+02 8.02200000000000045e+02 2.39370344803175586e-03 2.74407085459917846e-06
 8.02200000000000045e+02 8.02840000000000032e+02 2.40331713783111271e-03 2.75737265499506441e-06
 8.02840000000000032e+02 8.03480000000000018e+02 2.41335551654054715e-03 2.77551349487182896e-06
 8.03480000000000018e+02 8.04120000000000005e+02 2.42519704694536559e-03 2.81218735303272524e-06
 8.04120000000000005e+02 8.04759999999999991e+02 2.43332550417795293e-03 2.85897573105983295e-06
 8.04759999999999991e+02 8.05399999999999977e+02 2.44112791960292459e-03 2.91268600541106724e-06
 8.05399999999999977e+02 8.06039999999999964e+02 2.45624739445476871e-03 2.86968777192964071e-06
 8.06039999999999964e+02 8.06680000000000064e+02 2.46163623696201090e-03 2.84008484545791586e-06
 8.06680000000000064e+02 8.07319999999999936e+02 2.47361698214864549e-03 2.86294293965543638e-06
 8.07319999999999936e+02 8.07960000000000036e+02 2.48360850534538272e-03 2.87098740895034998e-06
 8.07960000000000036e+02 8.08600000000000023e+02 2.49098909775617499e-03 2.79402125024641211e-06
 8.08600000000000023e+02 8.09240000000000009e+02 2.50116906371162899e-03 2.89614943603911161e-06
 8.09240000000000009e+02 8.09879999999999995e+02 2.51200426764119173e-03 2.79692271989669851e-06
 8.09879999999999995e+02 8.10519999999999982e+02 2.51742963232716660e-03 2.85565664249251883e-06
 8.10519999999999982e+02 8.11159999999999968e+02 2.53804691524736961e-03 2.94459465405621294e-06
 8.11159999999999968e+02 8.11799999999999955e+02 2.53729059642735823e-03 2.89764992451652646e-06
 8.11799999999999955e+02 8.12440000000000055e+02 2.54745790548739073e-03 2.86665690740138782e-06
 8.12440000000000055e+02 8.13080000000000041e+02 2.55953035490942777e-03 2.88876893651485093e-06
 8.13080000000000041e+02 8.13720000000000027e+02 2.56803273465366997e-03 2.79096036092029561e-06
 8.13720000000000027e+02 8.14360000000000014e+02 2.58360578002682102e-03 2.95704146172678791e-06
 8.14360000000000014e+02 8.15000000000000000e+02 2.58719601201614323e-03 2.88664377231361817e-06
 8.15000000000000000e+02 8.15639999999999986e+02 2.60270835266134632e-03 2.97455030115589419e-06
 8.15639999999999986e+02 8.16279999999999973e+02 2.61238167868654185e-03 2.94647030863911468e-06
 8.16279999999999973e+02 8.16919999999999959e+02 2.62294988972724095e-03 2.96583186198216255e-06
 8.16919999999999959e+02 8.17559999999999945e+02 2.62752339319468177e-03 2.92952813899879443e-06
 8.17559999999999945e+02 8.18200000000000045e+02 2.64012764965176634e-03 2.95502269712451696e-06
 8.18200000000000045e+02 8.18840000000000032e+02 2.66008484628741000e-03 2.92065864914858617e-06
 8.18840000000000032e+02 8.19480000000000018e+02 2.65991547873987034e-03 3.03903337650095137e-06
 8.19480000000000018e+02 8.20120000000000005e+02 2.67561444433672127e-03 2.86450581763761346e-06
 8.20120000000000005e+02 8.20759999999999991e+02 2.68736338331761757e-03 2.93283105100112887e-06
 8.20759999999999991e+02 8.21399999999999977e+02 2.69441302704235761e-03 2.90068958273421762e-06
 8.21399999999999977e+02 8.22039999999999964e+02 2.70896902564892730e-03 2.95469852798858709e-06
 8.22039999999999964e+02 8.22680000000000064e+02 2.71663317810228594e-03 2.97335656995620203e-06
 8.22680000000000064e+02 8.23319999999999936e+02 2.72975775003122091e-03 2.96323036592784052e-06
 8.23319999999999936e+02 8.23960000000000036e+02 2.73912614868770899e-03 2.93629989143866511e-06
 8.23960000000000036e+02 8.24600000000000023e+02 2.75317368380369231e-03 3.01234545946405864e-06
 8.24600000000000023e+02 8.25240000000000009e+02 2.76233267954640411e-03 3.04548794893608810e-06
 8.25240000000000009e+02 8.25879999999999995e+02 2.77474589908080190e-03 3.01500250422107572e-06
 8.25879999999999995e+02 8.26519999999999982e+02 2.78754750679561375e-03 2.93570698577897421e-06
 8.26519999999999982e+02 8.27159999999999968e+02 2.80228913146884657e-03 3.01277875418048111e-06
 8.27159999999999968e+02 8.27799999999999955e+02 2.80744730287062075e-03 3.04895443548119004e-06
 8.27799999999999955e+02 8.28440000000000055e+02 2.81951015866653337e-03 2.99590692030910444e-06
 8.28440000000000055e+02 8.29080000000000041e+02 2.83164273362410427e-03 2.93760339763349931e-06
 8.29080000000000041e+02 8.29720000000000027e+02 2.84842649593178461e-03 3.00660429820987810e-06
 8.29720000000000027e+02 8.30360000000000014e+02 2.85206852433089785e-03 2.98183379799123191e-06
 8.30360000000000014e+02 8.31000000000000000e+02 2.86762835295759511e-03 2.99494745576866270e-06
 8.31000000000000000e+02 8.31639999999999986e+02 2.87920800162669126e-03 3.03104180281901997e-06
 8.31639999999999986e+02 8.32279999999999973e+02 2.89630095482310782e-03 3.06198982732328465e-06
 8.32279999999999973e+02 8.32919999999999959e+02 2.90103427383384127e-03 2.98804844369376836e-06
 8.32919999999999959e+02 8.33559999999999945e+02 2.91939334200716667e-03 3.06900024157905808e-06
 8.33559999999999945e+02 8.34200000000000045e+02 2.93147207149616540e-03 3.05052731454382484e-06
 8.34200000000000045e+02 8.34840000000000032e+02 2.93947634219634754e-03 2.99794177231104960e-06
 8.34840000000000032e+02 8.35480000000000018e+02 2.95211667065581980e-03 3.09110936417039340e-06
 8.35480000000000018e+02 8.36120000000000005e+02 2.96116011021560922e-03 3.07474473973299452e-06
 8.36120000000000005e+02 8.36759999999999991e+02 2.97804553612748390e-03 3.09177997075977941e-06
 8.36759999999999991e+02 8.37399999999999977e+02 2.99228521767158379e-03 3.11779024285985237e-06
 8.37399999999999977e+02 8.38039999999999964e+02 3.00102557016280721e-03 3.10569156843740494e-06
 8.38039999999999964e+02 8.38680000000000064e+02 3.01807322640127449e-03 3.10031643873298833e-06
 8.38680000000000064e+02 8.39319999999999936e+02 3.03054903168863262e-03 3.03944189497488135e-06
 8.39319999999999936e+02 8.39960000000000036e+02 3.04252890830768521e-03 3.04651771399187744e-06
 8.39960000000000036e+02 8.40600000000000023e+02 3.05543594991142383e-03 3.06396463207662667e-06
 8.40600000000000023e+02 8.41240000000000009e+02 3.06926256283489643e-03 3.10094140314772570e-06
 8.41240000000000009e+02 8.41879999999999995e+02 3.08680432062151747e-03 3.10812615041162639e-06
 8.41879999999999995e+02 8.42519999999999982e+02 3.09859323232548846e-03 3.16632044850930834e-06
 8.42519999999999982e+02 8.43159999999999968e+02 3.10322839569889940e-03 3.14674154131146641e-06
 8.43159999999999968e+02 8.43799999999999955e+02 3.12673537549330383e-03 3.20594690587772210e-06
 8.43799999999999955e+02 8.44440000000000055e+02 3.13179070471783028e-03 3.04412201097339185e-06
 8.44440000000000055e+02 8.45080000000000041e+02 3.14737116061477142e-03 3.17299061317208796e-06
 8.45080000000000041e+02 8.45720000000000027e+02 3.16023850996346176e-03 3.10838533888297396e-06
 8.45720000000000027e+02 8.46360000000000014e+02 3.17649190667904568e-03 3.10510877478869693e-06
 8.46360000000000014e+02 8.47000000000000000e+02 3.19248674686486641e-03 3.20660119739456990e-06
 8.47000000000000000e+02 8.47639999999999986e+02 3.19789302750037767e-03 3.09484696817598519e-06
 8.47639999999999986e+02 8.48279999999999973e+02 3.21232212012716439e-03 3.17632703140193819e-06
 8.48279999999999973e+02 8.48920000000000073e+02 3.23077580834474614e-03 3.21134384905650832e-06
 8.48920000000000073e+02 8.49559999999999945e+02 3.24431037115842759e-03 3.19886357166559222e-06
 8.49559999999999945e+02 8.50200000000000045e+02 3.26004422783290979e-03 3.17168656586543593e-06
 8.50200000000000045e+02 8.50839999999999918e+02 3.27865062340769453e-03 3.21330412106499477e-06
 8.50839999999999918e+02 8.51480000000000018e+02 3.28822715759729406e-03 3.21564279918622835e-06
 8.51480000000000018e+02 8.52120000000000005e+02 3.30388514719731760e-03 3.24173436736643160e-06
 8.52120000000000005e+02 8.52759999999999991e+02 3.32471687708036159e-03 3.15748689319978759e-06
 8.52759999999999991e+02 8.53399999999999977e+02 3.33723938269197109e-03 3.18401780994748898e-06
 8.53399999999999977e+02 8.54039999999999964e+02 3.35206153213097376e-03 3.31075829015866475e-06
 8.54039999999999964e+02 8.54680000000000064e+02 3.36296605522567842e-03 3.22588267583799198e-06
 8.54680000000000064e+02 8.55319999999999936e+02 3.38543539887972570e-03 3.27050683793563385e-06
 8.55319999999999936e+02 8.55960000000000036e+02 3.39456705730329733e-03 3.28756102585779540e-06
 8.55960000000000036e+02 8.56600000000000023e+02 3.41303169828456252e-03 3.19263740170232052e-06
 8.56600000000000023e+02 8.57240000000000009e+02 3.42926342895513237e-03 3.31325880034444483e-06
 8.57240000000000009e+02 8.57879999999999995e+02 3.44468253829016604e-03 3.23670908816108894e-06
 8.57879999999999995e+02 8.58519999999999982e+02 3.45964672039010676e-03 3.20606350067229327e-06
 8.58519999999999982e+02 8.59160000000000082e+02 3.47887289798171984e-03 3.30792565582398191e-06
 8.59160000000000082e+02 8.59799999999999955e+02 3.49128854976903753e-03 3.17339359629057977e-06
 8.59799999999999955e+02 8.60440000000000055e+02 3.50261497197047094e-03 3.28715103353149558e-06
 8.60440000000000055e+02 8.61079999999999927e+02 3.52287725800902712e-03 3.34589219636240864e-06
 8.61079999999999927e+02 8.61720000000000027e+02 3.55094411703820844e-03 3.63113072923947637e-06
 8.61720000000000027e+02 8.62360000000000014e+02 3.55849302456452731e-03 3.34598597909027242e-06
 8.62360000000000014e+02 8.63000000000000000e+02 3.58085028773217490e-03 3.37210566091330953e-06
 8.63000000000000000e+02 8.63639999999999986e+02 3.58758018306746954e-03 3.29573781327864579e-06
 8.63639999999999986e+02 8.64279999999999973e+02 3.60506412797201043e-03 3.43467225805323673e-06
 8.64279999999999973e+02 8.64920000000000073e+02 3.62392477849109249e-03 3.33289992073721684e-06
 8.64920000000000073e+02 8.65559999999999945e+02 3.64202901989632436e-03 3.29688101150159129e-06
 8.65559999999999945e+02 8.66200000000000045e+02 3.66103348600788385e-03 3.42404784746460370e-06
 8.66200000000000045e+02 8.66839999999999918e+02 3.68053408718051027e-03 3.38520392587019417e-06
 8.66839999999999918e+02 8.67480000000000018e+02 3.69864211513674674e-03 3.40403357045875723e-06
 8.67480000000000018e+02 8.68120000000000005e+02 3.71513301889321709e-03 3.34472848979812679e-06
 8.68120000000000005e+02 8.68759999999999991e+02 3.72904285554885367e-03 3.38325124080072737e-06
 8.68759999999999991e+02 8.69399999999999977e+02 3.74732829157950953e-03 3.38355397140161442e-06
 8.69399999999999977e+02 8.70039999999999964e+02 3.76847506690631585e-03 3.46774085339050773e-06
 8.70039999999999964e+02 8.70680000000000064e+02 3.78309079167495283e-03 3.36351582926519775e-06
 8.70680000000000064e+02 8.71319999999999936e+02 3.80083446945989577e-03 3.34103412449789526e-06
 8.71319999999999936e+02 8.71960000000000036e+02 3.82242779589723374e-03 3.31305095118843449e-06
 8.71960000000000036e+02 8.72600000000000023e+02 3.83409507922803303e-03 3.44993950025565056e-06
 8.72600000000000023e+02 8.73240000000000009e+02 3.85890718114965123e-03 3.42937295746547996e-06
 8.73240000000000009e+02 8.73879999999999995e+02 3.87850269131703035e-03 3.43223125702821099e-06
 8.73879999999999995e+02 8.74519999999999982e+02 3.89201926804854824e-03 3.42805320415599586e-06
 8.74519999999999982e+02 8.75160000000000082e+02 3.91209330703783283e-03 3.49875610100890164e-06
 8.75160000000000082e+02 8.75799999999999955e+02 3.94011243095451161e-03 3.41750243627932843e-06
 8.75799999999999955e+02 8.76440000000000055e+02 3.96125237844397945e-03 3.47414221504240019e-06
 8.76440000000000055e+02 8.77079999999999927e+02 3.97034021309419262e-03 3.43887757835304756e-06
 8.77079999999999927e+02 8.77720000000000027e+02 3.99783995108029134e-03 3.45779846079805843e-06
 8.77720000000000027e+02 8.78360000000000014e+02 4.01954933794175691e-03 3.45647500684905061e-06
 8.78360000000000014e+02 8.79000000000000000e+02 4.03729735687615842e-03 3.51099733108660540e-06
 8.79000000000000000e+02 8.79639999999999986e+02 4.06488812241323234e-03 3.44400112755204942e-06
 8.79639999999999986e+02 8.80279999999999973e+02 4.07965424975510055e-03 3.51677946391851457e-06
 8.80279999999999973e+02 8.80920000000000073e+02 4.09921667548342455e-03 3.43389203537784602e-06
 8.80920000000000073e+02 8.81559999999999945e+02 4.12339610480854692e-03 3.53041395840732854e-06
 8.81559999999999945e+02 8.82200000000000045e+02 4.13811317284995105e-03 3.54598937893331111e-06
 8.82200000000000045e+02 8.82839999999999918e+02 4.16446907014282781e-03 3.52954058989279137e-06
 8.82839999999999918e+02 8.83480000000000018e+02 4.18778624900044416e-03 3.51691218177131644e-06
 8.83480000000000018e+02 8.84120000000000005e+02 4.20820676710129907e-03 3.54075022556036165e-06
 8.84120000000000005e+02 8.84759999999999991e+02 4.23271875265047049e-03 3.60320676433123991e-06
 8.84759999999999991e+02 8.85399999999999977e+02 4.25337948899278187e-03 3.60881790296868255e-06
 8.85399999999999977e+02 8.86039999999999964e+02 4.27686437687138481e-03 3.54841289727363724e-06
 8.86039999999999964e+02 8.86680000000000064e+02 4.30071115106728848e-03 3.61835858228296856e-06
 8.86680000000000064e+02 8.87319999999999936e+02 4.32132169676123935e-03 3.68199913612637256e-06
 8.87319999999999936e+02 8.87960000000000036e+02 4.34272480516501632e-03 3.66581585322043347e-06
 8.87960000000000036e+02 8.88600000000000023e+02 4.36216026881084025e-03 3.62064238533220677e-06
 8.88600000000000023e+02 8.89240000000000009e+02 4.39349766043746655e-03 3.67885602187869257e-06
 8.89240000000000009e+02 8.89879999999999995e+02 4.41433779036018003e-03 3.69494278077900873e-06
 8.89879999999999995e+02 8.90519999999999982e+02 4.43569640988089337e-03 3.72228728020504714e-06
 8.90519999999999982e+02 8.91160000000000082e+02 4.46251659346045323e-03 3.53579243703215896e-06
 8.91160000000000082e+02 8.91799999999999955e+02 4.48472757249982097e-03 3.68324932923588328e-06
 8.91799999999999955e+02 8.92440000000000055e+02 4.51540472575919210e-03 3.75432512239580882e-06
 8.92440000000000055e+02 8.93079999999999927e+02 4.52761604278675324e-03 3.64854350809022399e-06
 8.93079999999999927e+02 8.93720000000000027e+02 4.55917649428425574e-03 3.75087442593647564e-06
 8.93720000000000027e+02 8.94360000000000014e+02 4.58294647496076176e-03 3.72495983222398208e-06
 8.94360000000000014e+02 8.95000000000000000e+02 4.61222321390213855e-03 3.74060280713656621e-06
 8.95000000000000000e+02 8.95639999999999986e+02 4.64251297316240798e-03 3.66888287289172098e-06
 8.95639999999999986e+02 8.96279999999999973e+02 4.65841402000487584e-03 3.58673366376226118e-06
 8.96279999999999973e+02 8.96920000000000073e+02 4.69485004279122844e-03 3.76195469106106410e-06
 8.96920000000000073e+02 8.97559999999999945e+02 4.72326595485289113e-03 3.79029712176112939e-06
 8.97559999999999945e+02 8.98200000000000045e+02 4.74909506444679691e-03 3.74019278000501344e-06
 8.98200000000000045e+02 8.98839999999999918e+02 4.77533694038297183e-03 3.84045917821741033e-06
 8.98839999999999918e+02 8.99480000000000018e+02 4.79711165144119326e-03 3.94510429038554296e-06
 8.99480000000000018e+02 9.00120000000000005e+02 4.82486078442987548e-03 3.79398897746574164e-06
 9.00120000000000005e+02 9.00759999999999991e+02 4.85818270370626162e-03 3.93607447129505687e-06
 9.00759999999999991e+02 9.01399999999999977e+02 4.87861590937592893e-03 3.91742555282809870e-06
 9.01399999999999977e+02 9.02039999999999964e+02 4.90797127059132941e-03 3.90710410103607999e-06
 9.02039999999999964e+02 9.02680000000000064e+02 4.94400404785933813e-03 3.81517374191035020e-06
 9.02680000000000064e+02 9.03319999999999936e+02 4.96832065390576550e-03 3.79614714214628097e-06
 9.03319999999999936e+02 9.03960000000000036e+02 4.99668820409216070e-03 3.77770411004393532e-06
 9.03960000000000036e+02 9.04600000000000023e+02 5.02770675824482875e-03 3.79015741257518390e-06
 9.04600000000000023e+02 9.05240000000000009e+02 5.05952102271732800e-03 3.90183411612269881e-06
 9.05240000000000009e+02 9.05879999999999995e+02 5.08837448467225253e-03 3.95353926354835573e-06
 9.05879999999999995e+02 9.06519999999999982e+02 5.12304528751636803e-03 3.96319357104526723e-06
 9.06519999999999982e+02 9.07160000000000082e+02 5.15266470321611592e-03 3.88625286267405851e-06
 9.07160000000000082e+02 9.07799999999999955e+02 5.18136067549799378e-03 3.87761362995454275e-06
 9.07799999999999955e+02 9.08440000000000055e+02 5.21135084380571021e-03 4.07326679351094866e-06
 9.08440000000000055e+02 9.09079999999999927e+02 5.25069784605051645e-03 4.00064918125972473e-06
 9.09079999999999927e+02 9.09720000000000027e+02 5.28125160008549501e-03 3.94412496646154507e-06
 9.09720000000000027e+02 9.10360000000000014e+02 5.31225272113665208e-03 3.83500034548119646e-06
 9.10360000000000014e+02 9.11000000000000000e+02 5.33886966840471482e-03 4.09523478822010635e-06
 9.11000000000000000e+02 9.11639999999999986e+02 5.37677347415023606e-03 3.94701117467467503e-06
 9.11639999999999986e+02 9.12279999999999973e+02 5.41374213838887331e-03 4.01608341466264885e-06
 9.12279999999999973e+02 9.12920000000000073e+02 5.45024016255239718e-03 4.12876637924290902e-06
 9.12920000000000073e+02 9.13559999999999945e+02 5.48661126694877706e-03 4.06505732954404498e-06
 9.13559999999999945e+02 9.14200000000000045e+02 5.51418770983097377e-03 4.07149212741783016e-06
 9.14200000000000045e+02 9.14839999999999918e+02 5.54678355089898226e-03 4.06767687194350798e-06
 9.14839999999999918e+02 9.15480000000000018e+02 5.58379338143184193e-03 4.04188859781550070e-06
 9.15480000000000018e+02 9.16120000000000005e+02 5.62611941512067455e-03 4.05924711099789887e-06
 9.16120000000000005e+02 9.16759999999999991e+02 5.64973851438012580e-03 4.04539330263516280e-06
 9.16759999999999991e+02 9.17399999999999977e+02 5.69601589284363802e-03 4.19972346547916452e-06
 9.17399999999999977e+02 9.18039999999999964e+02 5.73422693591128709e-03 4.03581833975126751e-06
 9.18039999999999964e+02 9.18680000000000064e+02 5.77490286435590298e-03 4.19103286867028808e-06
 9.18680000000000064e+02 9.19319999999999936e+02 5.81312801789053788e-03 4.19551187604692498e-06
 9.19319999999999936e+02 9.19960000000000036e+02 5.84636775520645628e-03 4.12985675442887023e-06
 9.19960000000000036e+02 9.20600000000000023e+02 5.88840294346521572e-03 5.57800991982313125e-06
 9.20600000000000023e+02 9.21240000000000009e+02 5.92842855877099249e-03 4.27022756361245091e-06
 9.21240000000000009e+02 9.21879999999999995e+02 5.96975525867848682e-03 4.19054076854253860e-06
 9.21879999999999995e+02 9.22519999999999982e+02 6.00908439251695951e-03 4.27584566865101836e-06
 9.22519999999999982e+02 9.23160000000000082e+02 6.05147576321083801e-03 4.16454390000393458e-06
 9.23160000000000082e+02 9.23799999999999955e+02 6.09429695093497391e-03 4.21983100009901946e-06
 9.23799999999999955e+02 9.24440000000000055e+02 6.13794685433337317e-03 4.21419332644665737e-06
 9.24440000000000055e+02 9.25079999999999927e+02 6.17247239358133248e-03 4.34993951397757526e-06
 9.25079999999999927e+02 9.25720000000000027e+02 6.22745616113986461e-03 4.28260802223970097e-06
 9.25720000000000027e+02 9.26360000000000014e+02 6.26936933461205020e-03 4.33730893248700134e-06
 9.26360000000000014e+02 9.27000000000000000e+02 6.31049094242691448e-03 4.30135143047217027e-06
 9.27000000000000000e+02 9.27639999999999986e+02 6.35730896819074100e-03 4.38832517817603424e-06
 9.27639999999999986e+02 9.28279999999999973e+02 6.40629936784843819e-03 4.33663811102520599e-06
 9.28279999999999973e+02 9.28920000000000073e+02 6.45349200581182142e-03 4.40182759802036637e-06
 9.28920000000000073e+02 9.29559999999999945e+02 6.50213718433206769e-03 4.40266107229507794e-06
 9.29559999999999945e+02 9.30200000000000045e+02 6.55280842884687752e-03 4.50135037904807622e-06
 9.30200000000000045e+02 9.30839999999999918e+02 6.58915444569888910e-03 4.38528578839190338e-06
 9.30839999999999918e+02 9.31480000000000018e+02 6.63942269574514018e-03 4.43445940562568088e-06
 9.31480000000000018e+02 9.32120000000000005e+02 6.68746013439120920e-03 4.49868147526715890e-06
 9.32120000000000005e+02 9.32759999999999991e+02 6.74283570129985497e-03 4.53310021022403130e-06
 9.32759999999999991e+02 9.33399999999999977e+02 6.78301041363751391e-03 4.47999279777912156e-06
 9.33399999999999977e+02 9.34039999999999964e+02 6.84791256998756870e-03 4.59881306676680165e-06
 9.34039999999999964e+02 9.34680000000000064e+02 6.89639593714264695e-03 4.51164978875782588e-06
 9.34680000000000064e+02 9.35319999999999936e+02 6.95078771493038480e-03 4.47261408324646595e-06
 9.35319999999999936e+02 9.35960000000000036e+02 7.00218598784463353e-03 4.59353021980304798e-06
 9.35960000000000036e+02 9.36600000000000023e+02 7.06087535878095144e-03 4.56697118785213235e-06
 9.36600000000000023e+02 9.37240000000000009e+02 7.11672963860304417e-03 4.69850765157813292e-06
 9.37240000000000009e+02 9.37879999999999995e+02 7.17180919292431662e-03 4.66430478883501225e-06
 9.37879999999999995e+02 9.38519999999999982e+02 7.23848011117988327e-03 4.78401648161417536e-06
 9.38519999999999982e+02 9.39160000000000082e+02 7.28629289549681709e-03 4.58461660408374593e-06
 9.39160000000000082e+02 9.39799999999999955e+02 7.35174036299161924e-03 4.88285863888524469e-06
 9.39799999999999955e+02 9.40440000000000055e+02 7.41324601253248727e-03 4.76163862313746952e-06
 9.40440000000000055e+02 9.41079999999999927e+02 7.46898284492436559e-03 4.77734758992391445e-06
 9.41079999999999927e+02 9.41720000000000027e+02 7.52976743428291490e-03 4.79474292557180800e-06
 9.41720000000000027e+02 9.42360000000000014e+02 7.59188101170572144e-03 4.74370255844120778e-06
 9.42360000000000014e+02 9.43000000000000000e+02 7.66837629483355532e-03 4.87482664016244099e-06
 9.43000000000000000e+02 9.43639999999999986e+02 7.72632398278955742e-03 4.88147320474844972e-06
 9.43639999999999986e+02 9.44279999999999973e+02 7.78185088519791918e-03 4.88298119849228651e-06
 9.44279999999999973e+02 9.44920000000000073e+02 7.85021795982627363e-03 4.84119076201929337e-06
 9.44920000000000073e+02 9.45559999999999945e+02 7.92756936379811032e-03 4.94198929560632322e-06
 9.45559999999999945e+02 9.46200000000000045e+02 7.99066808583758295e-03 4.85724851359207091e-06
 9.46200000000000045e+02 9.46839999999999918e+02 8.05792499726634866e-03 4.83604370907928821e-06
 9.46839999999999918e+02 9.47480000000000018e+02 8.13540705699520791e-03 4.95900349304991072e-06
 9.47480000000000018e+02 9.48120000000000005e+02 8.20357556897753984e-03 4.92202637642977480e-06
 9.48120000000000005e+02 9.48759999999999991e+02 8.27919044082342515e-03 5.05876766243167548e-06
 9.48759999999999991e+02 9.49399999999999977e+02 8.34643783948855328e-03 4.95668229397240012e-06
 9.49399999999999977e+02 9.50039999999999964e+02 8.43928135632651850e-03 5.04137438407752041e-06
 9.50039999999999964e+02 9.50680000000000064e+02 8.50534183728124393e-03 5.00030572696645784e-06
 9.50680000000000064e+02 9.51319999999999936e+02 8.58580056008896066e-03 5.16428133755854560e-06
 9.51319999999999936e+02 9.51960000000000036e+02 8.67205564110222482e-03 5.15624447203909336e-06
 9.51960000000000036e+02 9.52600000000000023e+02 8.74836169412937514e-03 5.10112279875350703e-06
 9.52600000000000023e+02 9.53240000000000009e+02 8.83543185896628128e-03 5.15784055514941982e-06
 9.53240000000000009e+02 9.53879999999999995e+02 8.91166080877046213e-03 5.19950356651329218e-06
 9.53879999999999995e+02 9.54519999999999982e+02 9.01592556290304638e-03 5.29561688151312017e-06
 9.54519999999999982e+02 9.55160000000000082e+02 9.09436020111174456e-03 5.14165614685257360e-06
 9.55160000000000082e+02 9.55799999999999955e+02 9.18837959184861178e-03 5.31513349039970498e-06
 9.55799999999999955e+02 9.56440000000000055e+02 9.27764116319677520e-03 5.32637384399585794e-06
 9.56440000000000055e+02 9.57079999999999927e+02 9.37301421903300770e-03 5.33848553927822148e-06
 9.57079999999999927e+02 9.57720000000000027e+02 9.47016802549102178e-03 5.47361209591503098e-06
 9.57720000000000027e+02 9.58360000000000014e+02 9.56305060645188700e-03 5.58828007432698676e-06
 9.58360000000000014e+02 9.59000000000000000e+02 9.65597153455336268e-03 5.51648544098046621e-06
 9.59000000000000000e+02 9.59639999999999986e+02 9.75337140841420897e-03 5.53541536944346975e-06
 9.59639999999999986e+02 9.60279999999999973e+02 9.85740490229233997e-03 5.49884823991299559e-06
 9.60279999999999973e+02 9.60920000000000073e+02 9.97461828285537734e-03 5.64279760359795305e-06
 9.60920000000000073e+02 9.61559999999999945e+02 1.00701807585559487e-02 5.45382715004931575e-06
 9.61559999999999945e+02 9.62200000000000045e+02 1.01792223481349791e-02 5.60709516089721741e-06
 9.62200000000000045e+02 9.62839999999999918e+02 1.02999627356302522e-02 5.70467722623043866e-06
 9.62839999999999918e+02 9.63480000000000018e+02 1.04122799999349057e-02 5.73263198485292062e-06
 9.63480000000000018e+02 9.64120000000000005e+02 1.05296560292579434e-02 5.67485619966294104e-06
 9.64120000000000005e+02 9.64759999999999991e+02 1.06400929636215648e-02 5.92257976163829143e-06
 9.64759999999999991e+02 9.65399999999999977e+02 1.07761177256575375e-02 5.72763486509885866e-06
 9.65399999999999977e+02 9.66039999999999964e+02 1.08916143833174238e-02 6.00148075066336306e-06
 9.66039999999999964e+02 9.66680000000000064e+02 1.10260544438070193e-02 5.90603783283162022e-06
 9.66680000000000064e+02 9.67319999999999936e+02 1.11526016799408569e-02 6.09253750261016822e-06
 9.67319999999999936e+02 9.67960000000000036e+02 1.12829929396151187e-02 5.98739851524909827e-06
 9.67960000000000036e+02 9.68600000000000023e+02 1.14239729424920524e-02 6.20046196421585095e-06
 9.68600000000000023e+02 9.69240000000000009e+02 1.15645384843902615e-02 6.23146193985135501e-06
 9.69240000000000009e+02 9.69879999999999995e+02 1.17063282144013684e-02 6.30550961813252844e-06
 9.69879999999999995e+02 9.70519999999999982e+02 1.18453043307084720e-02 6.29586067528313761e-06
 9.70519999999999982e+02 9.71160000000000082e+02 1.19986904254295208e-02 6.32786398683254998e-06
 9.71160000000000082e+02 9.71799999999999955e+02 1.21442631701754074e-02 6.42875569038626837e-06
 9.71799999999999955e+02 9.72440000000000055e+02 1.23234073308999652e-02 6.74800357229316346e-06
 9.72440000000000055e+02 9.73079999999999927e+02 1.24739875345146588e-02 7.07486460664347860e-06
 9.73079999999999927e+02 9.73720000000000027e+02 1.26383609508834045e-02 8.82513535112393068e-06
 9.73720000000000027e+02 9.74360000000000014e+02 1.28046683008915512e-02 1.35136213746161956e-05
 9.74360000000000014e+02 9.75000000000000000e+02 6.44959376812832223e-03 1.44948495449976336e-05

Histogram:sxi
 0.00000000000000000e+00 1.00000000000000006e-01 1.50199219306447110e-04 1.73635829560075582e-06
 1.00000000000000006e-01 2.00000000000000011e-01 5.78436468452401642e-04 3.41517432467554262e-06
 2.00000000000000011e-01 2.99999999999999989e-01 9.39772961658852986e-04 4.29309770763416411e-06
 2.99999999999999989e-01 4.00000000000000022e-01 1.24226788419267071e-03 4.60354368300434550e-06
 4.00000000000000022e-01 5.00000000000000000e-01 1.50092224803144024e-03 5.15636660716704250e-06
 5.00000000000000000e-01 5.99999999999999978e-01 1.73979513758821115e-03 5.59635122828088545e-06
 5.99999999999999978e-01 6.99999999999999956e-01 1.94354640966270631e-03 5.81857618972191474e-06
 6.99999999999999956e-01 8.00000000000000044e-01 2.12845011546933943e-03 5.96063314724434636e-06
 8.00000000000000044e-01 9.00000000000000022e-01 2.30593895433969017e-03 6.35184188450207180e-06
 9.00000000000000022e-01 1.00000000000000000e+00 2.47106746272040233e-03 6.57574428414213606e-06
 1.00000000000000000e+00 1.10000000000000009e+00 2.62449237189152883e-03 6.54691663302678618e-06
 1.10000000000000009e+00 1.19999999999999996e+00 2.76475401241487112e-03 6.73567009327683618e-06
 1.19999999999999996e+00 1.30000000000000004e+00 2.90675257291566356e-03 7.03503461334412542e-06
 1.30000000000000004e+00 1.39999999999999991e+00 3.06093667110170350e-03 7.20842447092763271e-06
 1.39999999999999991e+00 1.50000000000000000e+00 3.19518301953822552e-03 7.41663430132039284e-06
 1.50000000000000000e+00 1.60000000000000009e+00 3.33624670848433865e-03 7.65573018856973136e-06
 1.60000000000000009e+00 1.69999999999999996e+00 3.45945775700701869e-03 7.40290959145544331e-06
 1.69999999999999996e+00 1.80000000000000004e+00 3.60023034689718182e-03 7.74268548586813611e-06
 1.80000000000000004e+00 1.89999999999999991e+00 3.71773185155339523e-03 7.50719019570255369e-06
 1.89999999999999991e+00 2.00000000000000000e+00 3.84999754243727345e-03 8.03630029427478007e-06
 2.00000000000000000e+00 2.10000000000000009e+00 3.98561741003569236e-03 8.30642739591180149e-06
 2.10000000000000009e+00 2.20000000000000018e+00 4.12636311025430230e-03 7.97126171141990043e-06
 2.20000000000000018e+00 2.29999999999999982e+00 4.27600818151105920e-03 8.06169205675187242e-06
 2.29999999999999982e+00 2.39999999999999991e+00 4.40829717344163804e-03 8.43235634094850364e-06
 2.39999999999999991e+00 2.50000000000000000e+00 4.54563012535099970e-03 8.48053088684069880e-06
 2.50000000000000000e+00 2.60000000000000009e+00 4.71593945121262341e-03 8.36732792540625383e-06
 2.60000000000000009e+00 2.70000000000000018e+00 4.85116391655342465e-03 8.74115701207962255e-06
 2.70000000000000018e+00 2.79999999999999982e+00 5.02497418731366521e-03 8.94681159706056886e-06
 2.79999999999999982e+00 2.89999999999999991e+00 5.20928625214080090e-03 8.92643322651748443e-06
 2.89999999999999991e+00 3.00000000000000000e+00 5.38113516638338407e-03 9.22491968650044657e-06
 3.00000000000000000e+00 3.10000000000000009e+00 5.58105227186262137e-03 9.52226749629307691e-06
 3.10000000000000009e+00 3.20000000000000018e+00 5.80840818280251980e-03 9.47399158941598226e-06
 3.20000000000000018e+00 3.29999999999999982e+00 6.03084719818380507e-03 9.54864638801537415e-06
 3.29999999999999982e+00 3.39999999999999991e+00 6.28071326044800718e-03 9.87318231808820514e-06
 3.39999999999999991e+00 3.50000000000000000e+00 6.58075760590184737e-03 1.04184497399888222e-05
 3.50000000000000000e+00 3.60000000000000009e+00 6.89919596582099035e-03 1.07673373247431389e-05
 3.60000000000000009e+00 3.70000000000000018e+00 7.28205550144504690e-03 1.15197245001840970e-05
 3.70000000000000018e+00 3.79999999999999982e+00 7.75591487207081751e-03 1.23355102841822065e-05
 3.79999999999999982e+00 3.89999999999999991e+00 8.29121889933187931e-03 1.27361988275834069e-05
 3.89999999999999991e+00 4.00000000000000000e+00 8.97271382750468131e-03 1.33654165494320374e-05
 4.00000000000000000e+00 4.09999999999999964e+00 9.76920458385569304e-03 1.62169644480884782e-05
 4.09999999999999964e+00 4.20000000000000018e+00 1.08261551693379435e-02 1.90881574725026187e-05
 4.20000000000000018e+00 4.29999999999999982e+00 1.22692174244639872e-02 1.88101769280472095e-05
 4.29999999999999982e+00 4.40000000000000036e+00 1.49847754688964118e-02 2.93332405019604914e-05
 4.40000000000000036e+00 4.50000000000000000e+00 1.85127311757493050e-02 2.63403672054893654e-05
 4.50000000000000000e+00 4.59999999999999964e+00 2.26718421095637758e-02 3.24466093234305930e-05
 4.59999999999999964e+00 4.70000000000000018e+00 2.72314980298152334e-02 3.55589087212684882e-05
 4.70000000000000018e+00 4.79999999999999982e+00 3.21397359244874128e-02 3.50639725796354253e-05
 4.79999999999999982e+00 4.90000000000000036e+00 3.77079284390665209e-02 3.89404480606235731e-05
 4.90000000000000036e+00 5.00000000000000000e+00 4.38204853430977925e-02 4.09651396042263232e-05
 5.00000000000000000e+00 5.09999999999999964e+00 5.08304076079367298e-02 4.52742340858653772e-05
 5.09999999999999964e+00 5.20000000000000018e+00 5.89658992858642511e-02 4.75736615979373506e-05
 5.20000000000000018e+00 5.29999999999999982e+00 6.90656670144139256e-02 5.76713068313875857e-05
 5.29999999999999982e+00 5.40000000000000036e+00 8.28957578001140449e-02 6.50436443925025271e-05
 5.40000000000000036e+00 5.50000000000000000e+00 1.01131157263428084e-01 7.92790958052482674e-05
 5.50000000000000000e+00 5.59999999999999964e+00 1.01732862326659429e-01 5.35840274818266565e-05
 5.59999999999999964e+00 5.70000000000000018e+00 9.98627923688143043e-02 4.60757404960015886e-05
 5.70000000000000018e+00 5.79999999999999982e+00 9.81282693608061529e-02 4.48370465265214978e-05
 5.79999999999999982e+00 5.90000000000000036e+00 9.64079727730775410e-02 4.45983448431862080e-05
 5.90000000000000036e+00 6.00000000000000000e+00 9.47037430368767447e-02 4.35516491329200004e-05
 6.00000000000000000e+00 6.09999999999999964e+00 9.31521058265440127e-02 4.27094965506165497e-05
 6.09999999999999964e+00 6.20000000000000018e+00 9.15722843296949418e-02 4.25524861375775016e-05
 6.20000000000000018e+00 6.29999999999999982e+00 9.01191441006389676e-02 4.20155323580479067e-05
 6.29999999999999982e+00 6.40000000000000036e+00 8.86086350929806976e-02 4.28372370054668438e-05
 6.40000000000000036e+00 6.50000000000000000e+00 8.71566228127244325e-02 4.12358481870798917e-05
 6.50000000000000000e+00 6.59999999999999964e+00 8.58880771372111385e-02 4.11748274835848363e-05
 6.59999999999999964e+00 6.70000000000000018e+00 8.45057102547186606e-02 4.01141711541511570e-05
 6.70000000000000018e+00 6.79999999999999982e+00 8.32094909911019753e-02 3.98724090500381250e-05
 6.79999999999999982e+00 6.90000000000000036e+00 8.18868697093897563e-02 4.04705055518097832e-05
 6.90000000000000036e+00 7.00000000000000000e+00 8.06599053724825210e-02 3.88636010756146323e-05
 7.00000000000000000e+00 7.09999999999999964e+00 7.95009767680980445e-02 4.03571333950964215e-05
 7.09999999999999964e+00 7.20000000000000018e+00 7.84051278789863887e-02 3.85858070818640588e-05
 7.20000000000000018e+00 7.29999999999999982e+00 7.71807946009891305e-02 3.90745136668760280e-05
 7.29999999999999982e+00 7.40000000000000036e+00 7.61375542722255993e-02 3.88386187919135322e-05
 7.40000000000000036e+00 7.50000000000000000e+00 7.50457598930920761e-02 3.77934482939104455e-05
 7.50000000000000000e+00 7.59999999999999964e+00 7.39773965406274187e-02 3.77301878281754099e-05
 7.59999999999999964e+00 7.70000000000000018e+00 7.29869190227139947e-02 3.73869988478737740e-05
 7.70000000000000018e+00 7.79999999999999982e+00 7.19789531365985780e-02 3.83170232520045284e-05
 7.79999999999999982e+00 7.90000000000000036e+00 7.10862943803877018e-02 3.65628268677972276e-05
 7.90000000000000036e+00 8.00000000000000000e+00 7.00470448250112843e-02 3.63113292781933806e-05
 8.00000000000000000e+00 8.09999999999999964e+00 6.91512978863972894e-02 3.62604849083719214e-05
 8.09999999999999964e+00 8.19999999999999929e+00 6.82284502243474950e-02 3.62895551638470201e-05
 8.19999999999999929e+00 8.30000000000000071e+00 6.73731120896189223e-02 3.72548288270762253e-05
 8.30000000000000071e+00 8.40000000000000036e+00 6.65192306876063177e-02 3.56398649539254616e-05
 8.40000000000000036e+00 8.50000000000000000e+00 6.56504013943679104e-02 3.48293073998566288e-05
 8.50000000000000000e+00 8.59999999999999964e+00 6.48331336528747970e-02 3.53269206390413883e-05
 8.59999999999999964e+00 8.69999999999999929e+00 6.40747114831020786e-02 3.44079712651829974e-05
 8.69999999999999929e+00 8.80000000000000071e+00 6.32521047930107994e-02 4.28993783846669393e-05
 8.80000000000000071e+00 8.90000000000000036e+00 6.24795464098159697e-02 3.58718216102095979e-05
 8.90000000000000036e+00 9.00000000000000000e+00 6.17555708363921388e-02 3.47673239779451126e-05
 9.00000000000000000e+00 9.09999999999999964e+00 6.09979518630912182e-02 3.39898750830908180e-05
 9.09999999999999964e+00 9.19999999999999929e+00 6.02851409677863728e-02 3.34015217702204753e-05
 9.19999999999999929e+00 9.30000000000000071e+00 5.94889153099724954e-02 3.35899898879742968e-05
 9.30000000000000071e+00 9.40000000000000036e+00 5.88989785549122041e-02 3.35457896311513369e-05
 9.40000000000000036e+00 9.50000000000000000e+00 5.82117189373006078e-02 3.34392774435426167e-05
 9.50000000000000000e+00 9.59999999999999964e+00 5.75794290572015088e-02 3.31961066363404425e-05
 9.59999999999999964e+00 9.69999999999999929e+00 5.68903795662561787e-02 3.41420228419521993e-05
 9.69999999999999929e+00 9.80000000000000071e+00 5.62782021062515417e-02 3.30519980979029370e-05
 9.80000000000000071e+00 9.90000000000000036e+00 5.56028248449670429e-02 3.15129495210054344e-05
 9.90000000000000036e+00 1.00000000000000000e+01 5.50622964467260695e-02 3.17489579582637345e-05
 1.00000000000000000e+01 1.00999999999999996e+01 5.44725195435732806e-02 3.21243947133972881e-05
 1.00999999999999996e+01 1.01999999999999993e+01 5.37399180752516845e-02 3.21031169693554737e-05
 1.01999999999999993e+01 1.03000000000000007e+01 5.32596430739584459e-02 3.09242087810439982e-05
 1.03000000000000007e+01 1.04000000000000004e+01 5.27172013190644051e-02 3.20596989402724522e-05
 1.04000000000000004e+01 1.05000000000000000e+01 5.20968292378805042e-02 3.14941799106505866e-05
 1.05000000000000000e+01 1.05999999999999996e+01 5.15629428082944041e-02 3.12133084231921786e-05
 1.05999999999999996e+01 1.06999999999999993e+01 5.09991882734399521e-02 3.11275336123860032e-05
 1.06999999999999993e+01 1.08000000000000007e+01 5.04867800800079744e-02 3.09696240701876315e-05
 1.08000000000000007e+01 1.09000000000000004e+01 4.99749945081738728e-02 3.04972778577617383e-05
 1.09000000000000004e+01 1.10000000000000000e+01 4.94752641669311613e-02 3.07687195505636376e-05
 1.10000000000000000e+01 1.10999999999999996e+01 4.90168120206718808e-02 3.12279878833265583e-05
 1.10999999999999996e+01 1.11999999999999993e+01 4.85049478394119007e-02 3.04395915093937944e-05
 1.11999999999999993e+01 1.13000000000000007e+01 4.80284271827201778e-02 3.04582503882724247e-05
 1.13000000000000007e+01 1.14000000000000004e+01 4.75694466748306649e-02 2.99688758475133660e-05
 1.14000000000000004e+01 1.15000000000000000e+01 4.70332511586735516e-02 3.02727404199887255e-05
 1.15000000000000000e+01 1.15999999999999996e+01 4.65893876696863787e-02 3.03815096057012310e-05
 1.15999999999999996e+01 1.16999999999999993e+01 4.61475844526606158e-02 2.94669905506129341e-05
 1.16999999999999993e+01 1.18000000000000007e+01 4.57135825709283697e-02 2.93607622385559617e-05
 1.18000000000000007e+01 1.19000000000000004e+01 4.52867082292046155e-02 2.96447648977774640e-05
 1.19000000000000004e+01 1.20000000000000000e+01 4.48388786472559073e-02 2.85639904904754096e-05
 1.20000000000000000e+01 1.20999999999999996e+01 4.44130153619912635e-02 2.90947061847818816e-05
 1.20999999999999996e+01 1.21999999999999993e+01 4.40391675133006491e-02 2.93437545641516165e-05
 1.21999999999999993e+01 1.23000000000000007e+01 4.35955110274024379e-02 2.88684286429868670e-05
 1.23000000000000007e+01 1.24000000000000004e+01 4.32368843653340301e-02 2.87844146872711053e-05
 1.24000000000000004e+01 1.25000000000000000e+01 4.27792583368195242e-02 2.91367488556829186e-05
 1.25000000000000000e+01 1.25999999999999996e+01 4.24392975436102063e-02 2.84440052219630198e-05
 1.25999999999999996e+01 1.26999999999999993e+01 4.20401194236225476e-02 2.88502828351344735e-05
 1.26999999999999993e+01 1.28000000000000007e+01 4.16831693138410564e-02 2.90434941790074649e-05
 1.28000000000000007e+01 1.29000000000000004e+01 4.12826744279085125e-02 2.92563883127234262e-05
 1.29000000000000004e+01 1.30000000000000000e+01 4.09254973960752888e-02 2.85966389179280470e-05
 1.30000000000000000e+01 1.30999999999999996e+01 4.05286657768443997e-02 2.77728383272795413e-05
 1.30999999999999996e+01 1.31999999999999993e+01 4.02097900906129499e-02 2.81976546126043245e-05
 1.31999999999999993e+01 1.33000000000000007e+01 3.98370599226295224e-02 2.76681997025652450e-05
 1.33000000000000007e+01 1.34000000000000004e+01 3.95378790003316355e-02 2.79196068505234405e-05
 1.34000000000000004e+01 1.35000000000000000e+01 3.91777801032443945e-02 2.78680935874490983e-05
 1.35000000000000000e+01 1.35999999999999996e+01 3.88630929840844408e-02 2.75137857713917359e-05
 1.35999999999999996e+01 1.36999999999999993e+01 3.84913745702521737e-02 2.71510233269690674e-05
 1.36999999999999993e+01 1.38000000000000007e+01 3.81291677923653524e-02 2.70311666806176038e-05
 1.38000000000000007e+01 1.39000000000000004e+01 3.78448852179741890e-02 2.71167878686069734e-05
 1.39000000000000004e+01 1.40000000000000000e+01 3.75657817030873933e-02 2.82884555052891179e-05
 1.40000000000000000e+01 1.40999999999999996e+01 3.72342790317068476e-02 2.67263185420395725e-05
 1.40999999999999996e+01 1.41999999999999993e+01 3.69167417300630546e-02 2.63755133582525146e-05
 1.41999999999999993e+01 1.43000000000000007e+01 3.65942697400421860e-02 2.57266436981285934e-05
 1.43000000000000007e+01 1.44000000000000004e+01 3.63439225116565234e-02 2.70450384480621535e-05
 1.44000000000000004e+01 1.45000000000000000e+01 3.60066995211864999e-02 2.61371758903774995e-05
 1.45000000000000000e+01 1.45999999999999996e+01 3.57587586981165037e-02 2.59583914631823056e-05
 1.45999999999999996e+01 1.46999999999999993e+01 3.54203279104126634e-02 2.54555375649480738e-05
 1.46999999999999993e+01 1.48000000000000007e+01 3.51376435095245784e-02 2.61274770900567400e-05
 1.48000000000000007e+01 1.49000000000000004e+01 3.48838450619852677e-02 2.60760001499056030e-05
 1.49000000000000004e+01 1.50000000000000000e+01 3.46088041356432050e-02 2.58670945916117429e-05
 1.50000000000000000e+01 1.50999999999999996e+01 3.44023880319059006e-02 2.62761896492171718e-05
 1.50999999999999996e+01 1.51999999999999993e+01 3.40059116629396543e-02 2.58812863460104999e-05
 1.51999999999999993e+01 1.53000000000000007e+01 3.37801413109690349e-02 2.56958796650673477e-05
 1.53000000000000007e+01 1.54000000000000004e+01 3.35539887439783510e-02 2.56814417349859314e-05
 1.54000000000000004e+01 1.55000000000000000e+01 3.32957440109929309e-02 2.56905808941513602e-05
 1.55000000000000000e+01 1.55999999999999996e+01 3.30499756996819605e-02 2.46411156004775378e-05
 1.55999999999999996e+01 1.56999999999999993e+01 3.27764883045501762e-02 2.53962165952721460e-05
 1.56999999999999993e+01 1.58000000000000007e+01 3.25220305651546318e-02 2.48224866856475192e-05
 1.58000000000000007e+01 1.59000000000000004e+01 3.22557729444592350e-02 2.48818015669318594e-05
 1.59000000000000004e+01 1.60000000000000000e+01 3.20575271064113196e-02 2.54387735935598054e-05
 1.60000000000000000e+01 1.61000000000000014e+01 3.17326684149924210e-02 2.42309880150391541e-05
 1.61000000000000014e+01 1.61999999999999993e+01 3.15274669917037439e-02 2.52442616788603678e-05
 1.61999999999999993e+01 1.63000000000000007e+01 3.13363786200247865e-02 2.50434968256349442e-05
 1.63000000000000007e+01 1.63999999999999986e+01 3.10988052702332422e-02 2.52655175999161608e-05
 1.63999999999999986e+01 1.65000000000000000e+01 3.08279619145014998e-02 2.47272108099208865e-05
 1.65000000000000000e+01 1.66000000000000014e+01 3.06212302310211702e-02 2.42452686515220108e-05
 1.66000000000000014e+01 1.66999999999999993e+01 3.03817080299001140e-02 2.42586550343785353e-05
 1.66999999999999993e+01 1.68000000000000007e+01 3.01994081363928454e-02 2.43465273419368385e-05
 1.68000000000000007e+01 1.68999999999999986e+01 2.99466803933791902e-02 2.38860006048208009e-05
 1.68999999999999986e+01 1.70000000000000000e+01 2.97834534299799523e-02 2.44051964177508123e-05
 1.70000000000000000e+01 1.71000000000000014e+01 2.94958164015606504e-02 2.39533346208220002e-05
 1.71000000000000014e+01 1.71999999999999993e+01 2.93064543724211660e-02 2.34012092069430410e-05
 1.71999999999999993e+01 1.73000000000000007e+01 2.91484616575475725e-02 2.40194387384511599e-05
 1.73000000000000007e+01 1.73999999999999986e+01 2.89008695302783898e-02 2.40519350133297490e-05
 1.73999999999999986e+01 1.75000000000000000e+01 2.87477403944106889e-02 2.42294414287671810e-05
 1.75000000000000000e+01 1.76000000000000014e+01 2.84923822141566994e-02 2.38919291213780088e-05
 1.76000000000000014e+01 1.76999999999999993e+01 2.83311885597803750e-02 2.36900022529363139e-05
 1.76999999999999993e+01 1.78000000000000007e+01 2.81482883033258545e-02 2.35796415163107956e-05
 1.78000000000000007e+01 1.78999999999999986e+01 2.79102778975041030e-02 2.35790235579319308e-05
 1.78999999999999986e+01 1.80000000000000000e+01 2.77169371852649948e-02 2.32618190881772141e-05
 1.80000000000000000e+01 1.81000000000000014e+01 2.75241109034085434e-02 2.29424317892634916e-05
 1.81000000000000014e+01 1.81999999999999993e+01 2.73431085969524437e-02 2.34159923455540150e-05
 1.81999999999999993e+01 1.83000000000000007e+01 2.71762680844415579e-02 2.29694077832872160e-05
 1.83000000000000007e+01 1.83999999999999986e+01 2.69325804291467089e-02 2.25095885654223793e-05
 1.83999999999999986e+01 1.85000000000000000e+01 2.67797837131004517e-02 2.30572202505795709e-05
 1.85000000000000000e+01 1.86000000000000014e+01 2.65901617965727047e-02 2.24510466886421753e-05
 1.86000000000000014e+01 1.86999999999999993e+01 2.64230512427590727e-02 2.30716115295533447e-05
 1.86999999999999993e+01 1.88000000000000007e+01 2.62618717120287788e-02 2.29506071759800760e-05
 1.88000000000000007e+01 1.88999999999999986e+01 2.61139168265630377e-02 2.26727001742262109e-05
 1.88999999999999986e+01 1.90000000000000000e+01 2.59467535394037434e-02 2.30409575589930145e-05
 1.90000000000000000e+01 1.91000000000000014e+01 2.57611229340189395e-02 2.24543498034257601e-05
 1.91000000000000014e+01 1.91999999999999993e+01 2.55476281034123197e-02 2.28272841811566783e-05
 1.91999999999999993e+01 1.93000000000000007e+01 2.53731512672392967e-02 2.24462738267814551e-05
 1.93000000000000007e+01 1.93999999999999986e+01 2.52585409439609263e-02 2.27337025438742660e-05
 1.93999999999999986e+01 1.95000000000000000e+01 2.51296449878643836e-02 2.22372275981470049e-05
 1.95000000000000000e+01 1.96000000000000014e+01 2.48975133381170444e-02 2.23478300639945167e-05
 1.96000000000000014e+01 1.96999999999999993e+01 2.47468438927156489e-02 2.24012709375486021e-05
 1.96999999999999993e+01 1.98000000000000007e+01 2.45874413727411832e-02 2.16048991063417214e-05
 1.98000000000000007e+01 1.98999999999999986e+01 2.44044014764981075e-02 2.18343781653081345e-05
 1.98999999999999986e+01 2.00000000000000000e+01 2.42995514143870862e-02 2.33183181009024941e-05
 2.00000000000000000e+01 2.01000000000000014e+01 2.41232174731109729e-02 2.21338631406119894e-05
 2.01000000000000014e+01 2.01999999999999993e+01 2.39751784782348334e-02 2.16188439639532466e-05
 2.01999999999999993e+01 2.03000000000000007e+01 2.38505226289660380e-02 2.14338663187049541e-05
 2.03000000000000007e+01 2.03999999999999986e+01 2.36271131708656185e-02 2.20528132052957809e-05
 2.03999999999999986e+01 2.05000000000000000e+01 2.35142910452072890e-02 2.14045668232712967e-05
 2.05000000000000000e+01 2.06000000000000014e+01 2.33165133067052104e-02 2.12341605372700962e-05
 2.06000000000000014e+01 2.06999999999999993e+01 2.32199645826877757e-02 2.15765542335272210e-05
 2.06999999999999993e+01 2.08000000000000007e+01 2.30706638360419110e-02 2.12390552732635131e-05
 2.08000000000000007e+01 2.08999999999999986e+01 2.29209824821553533e-02 2.12568047064627445e-05
 2.08999999999999986e+01 2.10000000000000000e+01 2.27622817184745321e-02 2.13252970658573257e-05
 2.10000000000000000e+01 2.11000000000000014e+01 2.26398604714946085e-02 2.09904021028725041e-05
 2.11000000000000014e+01 2.11999999999999993e+01 2.25311910467382512e-02 2.11165525141504007e-05
 2.11999999999999993e+01 2.13000000000000007e+01 2.24037205566935370e-02 2.18533939569124437e-05
 2.13000000000000007e+01 2.13999999999999986e+01 2.22730806335145748e-02 2.16342773331174152e-05
 2.13999999999999986e+01 2.15000000000000000e+01 2.20984702129269558e-02 2.04466724208705209e-05
 2.15000000000000000e+01 2.16000000000000014e+01 2.20111577550630988e-02 2.17305051529861765e-05
 2.16000000000000014e+01 2.16999999999999993e+01 2.18156083424007434e-02 2.05772251949842724e-05
 2.16999999999999993e+01 2.18000000000000007e+01 2.17206444196471303e-02 2.11122938858136209e-05
 2.18000000000000007e+01 2.18999999999999986e+01 2.16026079027443613e-02 2.07980763452513181e-05
 2.18999999999999986e+01 2.20000000000000000e+01 2.14174642476904625e-02 2.05508669294749456e-05
 2.20000000000000000e+01 2.21000000000000014e+01 2.12994028052101506e-02 2.06085588073923030e-05
 2.21000000000000014e+01 2.21999999999999993e+01 2.11628541134942123e-02 2.07566182730425237e-05
 2.21999999999999993e+01 2.23000000000000007e+01 2.10640935893665789e-02 2.07515315304817907e-05
 2.23000000000000007e+01 2.23999999999999986e+01 2.09548169711007183e-02 2.01591432065870354e-05
 2.23999999999999986e+01 2.25000000000000000e+01 2.08513040683195941e-02 2.07922984252463846e-05
 2.25000000000000000e+01 2.26000000000000014e+01 2.07039429586558139e-02 2.08278563427312456e-05
 2.26000000000000014e+01 2.26999999999999993e+01 2.05706212224177100e-02 2.05493540258793139e-05
 2.26999999999999993e+01 2.28000000000000007e+01 2.04566796447356626e-02 2.04749664594302132e-05
 2.28000000000000007e+01 2.28999999999999986e+01 2.03457080367369890e-02 2.03371401852868190e-05
 2.28999999999999986e+01 2.30000000000000000e+01 2.02167834749491585e-02 2.05596879356749860e-05
 2.30000000000000000e+01 2.31000000000000014e+01 2.00890609936880717e-02 2.01215499780688538e-05
 2.31000000000000014e+01 2.31999999999999993e+01 2.00081054683343695e-02 2.03304524375445521e-05
 2.31999999999999993e+01 2.33000000000000007e+01 1.99101317988080832e-02 2.01245018184131943e-05
 2.33000000000000007e+01 2.33999999999999986e+01 1.97629836695998491e-02 2.00021120405672122e-05
 2.33999999999999986e+01 2.35000000000000000e+01 1.96326365589345880e-02 1.98588079844668342e-05
 2.35000000000000000e+01 2.36000000000000014e+01 1.95257415919637932e-02 2.00502589200095505e-05
 2.36000000000000014e+01 2.36999999999999993e+01 1.93893723553714564e-02 1.96534258154434149e-05
 2.36999999999999993e+01 2.38000000000000007e+01 1.92955892569958397e-02 2.03193899460983062e-05
 2.38000000000000007e+01 2.38999999999999986e+01 1.91864156026112093e-02 1.94963628350490146e-05
 2.38999999999999986e+01 2.40000000000000000e+01 1.90760664749927630e-02 1.98802575231579524e-05
 2.40000000000000000e+01 2.41000000000000014e+01 1.89863667193671502e-02 2.00092572081796961e-05
 2.41000000000000014e+01 2.41999999999999993e+01 1.89101724492921341e-02 2.01675194657229141e-05
 2.41999999999999993e+01 2.43000000000000007e+01 1.87598957018654186e-02 1.94248080703798551e-05
 2.43000000000000007e+01 2.43999999999999986e+01 1.86889749364792385e-02 2.01944937391978896e-05
 2.43999999999999986e+01 2.45000000000000000e+01 1.85720491775280064e-02 1.93598193506993847e-05
 2.45000000000000000e+01 2.46000000000000014e+01 1.85068640760482454e-02 1.95915664981974078e-05
 2.46000000000000014e+01 2.46999999999999993e+01 1.83457531846476160e-02 1.97047426159892401e-05
 2.46999999999999993e+01 2.48000000000000007e+01 1.82588550246944939e-02 1.92684731875913803e-05
 2.48000000000000007e+01 2.48999999999999986e+01 1.81750663065285215e-02 1.93528003238925500e-05
 2.48999999999999986e+01 2.50000000000000000e+01 1.80363070058761968e-02 1.91399283328643507e-05
 2.50000000000000000e+01 2.51000000000000014e+01 1.79499880634572881e-02 1.89391766879086644e-05
 2.51000000000000014e+01 2.51999999999999993e+01 1.78435608119417062e-02 1.91542163181868432e-05
 2.51999999999999993e+01 2.53000000000000007e+01 1.77550742881741642e-02 1.92195543995490011e-05
 2.53000000000000007e+01 2.53999999999999986e+01 1.76599754789286620e-02 1.92276410470843906e-05
 2.53999999999999986e+01 2.55000000000000000e+01 1.75769130240213609e-02 1.93119841189705144e-05
 2.55000000000000000e+01 2.56000000000000014e+01 1.74876605140590335e-02 1.91418548957171769e-05
 2.56000000000000014e+01 2.56999999999999993e+01 1.73902978267333856e-02 1.91605061645491709e-05
 2.56999999999999993e+01 2.58000000000000007e+01 1.73208286170612492e-02 1.88208366794590148e-05
 2.58000000000000007e+01 2.58999999999999986e+01 1.72338952271155199e-02 1.93281935907122663e-05
 2.58999999999999986e+01 2.60000000000000000e+01 1.71217615732066411e-02 1.87331894427265731e-05
 2.60000000000000000e+01 2.61000000000000014e+01 1.70015329329952398e-02 1.98082531497153531e-05
 2.61000000000000014e+01 2.61999999999999993e+01 1.69101316383870083e-02 1.85263994938069843e-05
 2.61999999999999993e+01 2.63000000000000007e+01 1.68127829645731003e-02 1.83758775695394464e-05
 2.63000000000000007e+01 2.63999999999999986e+01 1.67452776009229601e-02 1.87163054656067429e-05
 2.63999999999999986e+01 2.65000000000000000e+01 1.66283647061663785e-02 1.87237378434108306e-05
 2.65000000000000000e+01 2.66000000000000014e+01 1.65549054194686560e-02 1.81719025540431497e-05
 2.66000000000000014e+01 2.66999999999999993e+01 1.64686165784673766e-02 1.87828817669492524e-05
 2.66999999999999993e+01 2.68000000000000007e+01 1.63740250571645547e-02 1.84409283596389051e-05
 2.68000000000000007e+01 2.68999999999999986e+01 1.63036760782080785e-02 1.87775701453189300e-05
 2.68999999999999986e+01 2.70000000000000000e+01 1.62413188273423797e-02 1.82544539085757634e-05
 2.70000000000000000e+01 2.71000000000000014e+01 1.61202506503341468e-02 1.80343232550836441e-05
 2.71000000000000014e+01 2.71999999999999993e+01 1.60321342641889519e-02 1.86938520046129781e-05
 2.71999999999999993e+01 2.73000000000000007e+01 1.59712358649786307e-02 1.84113751200567283e-05
 2.73000000000000007e+01 2.73999999999999986e+01 1.58980951881072113e-02 1.85392154819522480e-05
 2.73999999999999986e+01 2.75000000000000000e+01 1.58057227344620826e-02 1.90166030296545100e-05
 2.75000000000000000e+01 2.76000000000000014e+01 1.57041078792260168e-02 1.84597962735971593e-05
 2.76000000000000014e+01 2.76999999999999993e+01 1.56391469251213541e-02 1.86053663704905477e-05
 2.76999999999999993e+01 2.78000000000000007e+01 1.55550545103220212e-02 1.80120010113424648e-05
 2.78000000000000007e+01 2.78999999999999986e+01 1.54804143347628646e-02 1.87032742854942030e-05
 2.78999999999999986e+01 2.80000000000000000e+01 1.53834185393130901e-02 1.79027847463592735e-05
 2.80000000000000000e+01 2.81000000000000014e+01 1.53440644625288131e-02 1.75916983603604240e-05
 2.81000000000000014e+01 2.81999999999999993e+01 1.52467264923453211e-02 1.80397538322337513e-05
 2.81999999999999993e+01 2.83000000000000007e+01 1.51686995022379881e-02 1.86634758562174272e-05
 2.83000000000000007e+01 2.83999999999999986e+01 1.50542505362400453e-02 1.78790415929077978e-05
 2.83999999999999986e+01 2.85000000000000000e+01 1.50035513926702526e-02 1.82871504687027336e-05
 2.85000000000000000e+01 2.86000000000000014e+01 1.49153108425821197e-02 1.78078952300439255e-05
 2.86000000000000014e+01 2.86999999999999993e+01 1.48517770207358939e-02 1.82123438132301114e-05
 2.86999999999999993e+01 2.88000000000000007e+01 1.47694570896106485e-02 1.78621093769316547e-05
 2.88000000000000007e+01 2.88999999999999986e+01 1.47031086952054031e-02 1.80301917629985283e-05
 2.88999999999999986e+01 2.90000000000000000e+01 1.46189833051334570e-02 1.81061973837859948e-05
 2.90000000000000000e+01 2.91000000000000014e+01 1.45328727552712332e-02 1.76541576853102343e-05
 2.91000000000000014e+01 2.91999999999999993e+01 1.45053511365673578e-02 1.76821865818408193e-05
 2.91999999999999993e+01 2.93000000000000007e+01 1.44033543932500473e-02 1.77303910887959352e-05
 2.93000000000000007e+01 2.93999999999999986e+01 1.43388309406631692e-02 1.75001257752863467e-05
 2.93999999999999986e+01 2.95000000000000000e+01 1.42253152291687002e-02 1.78814204281540122e-05
 2.95000000000000000e+01 2.96000000000000014e+01 1.41899472490971072e-02 1.76030051095354558e-05
 2.96000000000000014e+01 2.96999999999999993e+01 1.41191507512066355e-02 1.77597019173455162e-05
 2.96999999999999993e+01 2.98000000000000007e+01 1.40532974220455818e-02 1.71784246622174567e-05
 2.98000000000000007e+01 2.98999999999999986e+01 1.39716468072607694e-02 1.75223018283574252e-05
 2.98999999999999986e+01 3.00000000000000000e+01 1.38927711070429873e-02 1.72845375043406165e-05
 3.00000000000000000e+01 3.01000000000000014e+01 1.38362577367509478e-02 1.71934364214249076e-05
 3.01000000000000014e+01 3.01999999999999993e+01 1.37636714076106535e-02 1.75735529865144583e-05
 3.01999999999999993e+01 3.03000000000000007e+01 1.37065106555690607e-02 1.74294930989952484e-05
 3.03000000000000007e+01 3.03999999999999986e+01 1.36135383858683769e-02 1.72587223170954420e-05
 3.03999999999999986e+01 3.05000000000000000e+01 1.35734344701020498e-02 1.71666878918174873e-05
 3.05000000000000000e+01 3.06000000000000014e+01 1.34966002451457276e-02 1.74640082576546419e-05
 3.06000000000000014e+01 3.06999999999999993e+01 1.34335481499937865e-02 1.71875244455005937e-05
 3.06999999999999993e+01 3.08000000000000007e+01 1.33747702183690722e-02 1.74094196480359106e-05
 3.08000000000000007e+01 3.08999999999999986e+01 1.32775914519279864e-02 1.71043508476544034e-05
 3.08999999999999986e+01 3.10000000000000000e+01 1.32047537526916361e-02 1.71807270744913946e-05
 3.10000000000000000e+01 3.11000000000000014e+01 1.31688526919783565e-02 1.70954031024459826e-05
 3.11000000000000014e+01 3.11999999999999993e+01 1.30783946213226566e-02 1.70409843015508794e-05
 3.11999999999999993e+01 3.13000000000000007e+01 1.30419591842195655e-02 1.73157761518092585e-05
 3.13000000000000007e+01 3.13999999999999986e+01 1.29745054641541326e-02 1.71452192741211477e-05
 3.13999999999999986e+01 3.15000000000000000e+01 1.29017578247946508e-02 1.70100597745237145e-05
 3.15000000000000000e+01 3.16000000000000014e+01 1.28548553868243556e-02 1.68671117643014062e-05
 3.16000000000000014e+01 3.16999999999999993e+01 1.28108606243569501e-02 1.70602202488857723e-05
 3.16999999999999993e+01 3.18000000000000007e+01 1.27171749404296885e-02 1.71272496733089851e-05
 3.18000000000000007e+01 3.18999999999999986e+01 1.26684256326061208e-02 1.68634649124811674e-05
 3.18999999999999986e+01 3.20000000000000000e+01 1.25961742434429636e-02 1.68063482359653339e-05
 3.20000000000000000e+01 3.21000000000000014e+01 1.25290768331342197e-02 1.66837144251896068e-05
 3.21000000000000014e+01 3.22000000000000028e+01 1.24979206059967259e-02 1.67401226808104252e-05
 3.22000000000000028e+01 3.22999999999999972e+01 1.24090382973961137e-02 1.69241754717329615e-05
 3.22999999999999972e+01 3.23999999999999986e+01 1.23628025406720427e-02 1.66792091893828814e-05
 3.23999999999999986e+01 3.25000000000000000e+01 1.23088054194818476e-02 1.63553333283304476e-05
 3.25000000000000000e+01 3.26000000000000014e+01 1.22620109875143136e-02 1.67172821947775377e-05
 3.26000000000000014e+01 3.27000000000000028e+01 1.21798915300340652e-02 1.66695993262943955e-05
 3.27000000000000028e+01 3.27999999999999972e+01 1.21502782922452163e-02 1.66140557122186219e-05
 3.27999999999999972e+01 3.28999999999999986e+01 1.20778107346691272e-02 1.76230681355297437e-05
 3.28999999999999986e+01 3.30000000000000000e+01 1.20060814358080234e-02 1.64240187484221608e-05
 3.30000000000000000e+01 3.31000000000000014e+01 1.19546993790634638e-02 1.60403087529102478e-05
 3.31000000000000014e+01 3.32000000000000028e+01 1.19196248862240509e-02 1.66938459404716783e-05
 3.32000000000000028e+01 3.32999999999999972e+01 1.18500906666486484e-02 1.62165475356472829e-05
 3.32999999999999972e+01 3.33999999999999986e+01 1.17888502720566810e-02 1.64868733639679491e-05
 3.33999999999999986e+01 3.35000000000000000e+01 1.17366545692474296e-02 1.67005545791343880e-05
 3.35000000000000000e+01 3.36000000000000014e+01 1.16543099320136952e-02 1.59094471243855236e-05
 3.36000000000000014e+01 3.37000000000000028e+01 1.16090119756801138e-02 1.63165433563671300e-05
 3.37000000000000028e+01 3.37999999999999972e+01 1.15743754494099516e-02 1.65419714066720842e-05
 3.37999999999999972e+01 3.38999999999999986e+01 1.15255159233731280e-02 1.67172914420835125e-05
 3.38999999999999986e+01 3.40000000000000000e+01 1.14620205016109315e-02 1.60094260711784798e-05
 3.40000000000000000e+01 3.41000000000000014e+01 1.14018930082827319e-02 1.63158069608427067e-05
 3.41000000000000014e+01 3.42000000000000028e+01 1.13465723483550714e-02 1.57354376871420645e-05
 3.42000000000000028e+01 3.42999999999999972e+01 1.13127253312947824e-02 1.61303534643435959e-05
 3.42999999999999972e+01 3.43999999999999986e+01 1.12359784543998725e-02 1.64579310987775588e-05
 3.43999999999999986e+01 3.45000000000000000e+01 1.12054726558415869e-02 1.63858579685193702e-05
 3.45000000000000000e+01 3.46000000000000014e+01 1.11881262866893282e-02 1.61319208674857658e-05
 3.46000000000000014e+01 3.47000000000000028e+01 1.10821954188010038e-02 1.59115233016247577e-05
 3.47000000000000028e+01 3.47999999999999972e+01 1.10367162437599083e-02 1.59423949995089933e-05
 3.47999999999999972e+01 3.48999999999999986e+01 1.09572503819298714e-02 1.55989960588861641e-05
 3.48999999999999986e+01 3.50000000000000000e+01 1.09238005664888289e-02 1.58064629058468574e-05
 3.50000000000000000e+01 3.51000000000000014e+01 1.09003070905879466e-02 1.58583431285067815e-05
 3.51000000000000014e+01 3.52000000000000028e+01 1.08282067483786507e-02 1.58693565314690072e-05
 3.52000000000000028e+01 3.52999999999999972e+01 1.07450628313926697e-02 1.54390828405174682e-05
 3.52999999999999972e+01 3.53999999999999986e+01 1.07340488478333135e-02 1.57558710561235561e-05
 3.53999999999999986e+01 3.55000000000000000e+01 1.06579622274496268e-02 1.56248018161327984e-05
 3.55000000000000000e+01 3.56000000000000014e+01 1.06326797465177026e-02 1.57629116721734726e-05
 3.56000000000000014e+01 3.57000000000000028e+01 1.05570582766227310e-02 1.58308888386921342e-05
 3.57000000000000028e+01 3.57999999999999972e+01 1.05427462742442302e-02 1.56487664599580252e-05
 3.57999999999999972e+01 3.58999999999999986e+01 1.04721684862745090e-02 1.58065950746282326e-05
 3.58999999999999986e+01 3.60000000000000000e+01 1.04331484823507840e-02 1.60013715346877146e-05
 3.60000000000000000e+01 3.61000000000000014e+01 1.03722992099442440e-02 1.56452278122839536e-05
 3.61000000000000014e+01 3.62000000000000028e+01 1.03597300828303807e-02 1.60626348739706827e-05
 3.62000000000000028e+01 3.62999999999999972e+01 1.02927749122517648e-02 1.63274960386012953e-05
 3.62999999999999972e+01 3.63999999999999986e+01 1.02409265541983027e-02 1.55320656323810197e-05
 3.63999999999999986e+01 3.65000000000000000e+01 1.02031645016282171e-02 1.53983103576552594e-05
 3.65000000000000000e+01 3.66000000000000014e+01 1.01678907249001527e-02 1.58620097429722184e-05
 3.66000000000000014e+01 3.67000000000000028e+01 1.01013792827330754e-02 1.53713326213158791e-05
 3.67000000000000028e+01 3.67999999999999972e+01 1.00581976718468139e-02 1.54164544652420634e-05
 3.67999999999999972e+01 3.68999999999999986e+01 1.00331282743328920e-02 1.56628736132755655e-05
 3.68999999999999986e+01 3.70000000000000000e+01 9.95722885528902736e-03 1.54777957343554365e-05
 3.70000000000000000e+01 3.71000000000000014e+01 9.94385060985044332e-03 1.53144548125785248e-05
 3.71000000000000014e+01 3.72000000000000028e+01 9.89472299697194586e-03 1.52914894056705202e-05
 3.72000000000000028e+01 3.72999999999999972e+01 9.80639606981661451e-03 1.56772167138442229e-05
 3.72999999999999972e+01 3.73999999999999986e+01 9.78095724838743720e-03 1.49886151226398711e-05
 3.73999999999999986e+01 3.75000000000000000e+01 9.73134510199614479e-03 1.53652015204956569e-05
 3.75000000000000000e+01 3.76000000000000014e+01 9.69330082139097972e-03 1.53238740251003201e-05
 3.76000000000000014e+01 3.77000000000000028e+01 9.65239712706665066e-03 1.51889620154796414e-05
 3.77000000000000028e+01 3.77999999999999972e+01 9.60225987284595538e-03 1.57394713409717217e-05
 3.77999999999999972e+01 3.78999999999999986e+01 9.55396580333155859e-03 1.55013149143702760e-05
 3.78999999999999986e+01 3.80000000000000000e+01 9.52200513868975418e-03 1.56323620032901257e-05
 3.80000000000000000e+01 3.81000000000000014e+01 9.46927739135149625e-03 1.48657911842771689e-05
 3.81000000000000014e+01 3.82000000000000028e+01 9.46617593038719465e-03 1.51224844255686117e-05
 3.82000000000000028e+01 3.82999999999999972e+01 9.39215719787695087e-03 1.49974810677445852e-05
 3.82999999999999972e+01 3.83999999999999986e+01 9.31200685119649985e-03 1.50199869277980235e-05
 3.83999999999999986e+01 3.85000000000000000e+01 9.31950148931509972e-03 1.51531899960300076e-05
 3.85000000000000000e+01 3.86000000000000014e+01 9.25211107973758148e-03 1.49011119464910160e-05
 3.86000000000000014e+01 3.87000000000000028e+01 9.21679290943582669e-03 1.49046319302990297e-05
 3.87000000000000028e+01 3.87999999999999972e+01 9.16851542491027745e-03 1.50734890102990555e-05
 3.87999999999999972e+01 3.88999999999999986e+01 9.14989937334069643e-03 1.58277964090613992e-05
 3.88999999999999986e+01 3.90000000000000000e+01 9.09935828321798909e-03 1.52893375426823176e-05
 3.90000000000000000e+01 3.91000000000000014e+01 9.04379857773828129e-03 1.53643345501168649e-05
 3.91000000000000014e+01 3.92000000000000028e+01 9.01157277419964604e-03 1.48791462226556498e-05
 3.92000000000000028e+01 3.92999999999999972e+01 8.95320964508768309e-03 1.45870327001331501e-05
 3.92999999999999972e+01 3.93999999999999986e+01 8.90280170194716197e-03 1.46021666715359563e-05
 3.93999999999999986e+01 3.95000000000000000e+01 8.89067147669720878e-03 1.47995349526965542e-05
 3.95000000000000000e+01 3.96000000000000014e+01 8.86710775873990331e-03 1.50567250272842706e-05
 3.96000000000000014e+01 3.97000000000000028e+01 8.81449960597665595e-03 1.45586818737434855e-05
 3.97000000000000028e+01 3.97999999999999972e+01 8.73505423763897351e-03 1.46876389188795528e-05
 3.97999999999999972e+01 3.98999999999999986e+01 8.74399439991416401e-03 1.47906020449202129e-05
 3.98999999999999986e+01 4.00000000000000000e+01 8.66950557665993431e-03 1.46165458183801328e-05
 4.00000000000000000e+01 4.01000000000000014e+01 8.65817473521679655e-03 1.47298151664889101e-05
 4.01000000000000014e+01 4.02000000000000028e+01 8.61791276097831870e-03 1.47106823828919641e-05
 4.02000000000000028e+01 4.02999999999999972e+01 8.58050105299661137e-03 1.47472298219985219e-05
 4.02999999999999972e+01 4.03999999999999986e+01 8.52780263833625811e-03 1.43805683711957685e-05
 4.03999999999999986e+01 4.05000000000000000e+01 8.48635557838467100e-03 1.42648897900268196e-05
 4.05000000000000000e+01 4.06000000000000014e+01 8.45853450705108534e-03 1.45502475573169136e-05
 4.06000000000000014e+01 4.07000000000000028e+01 8.38474641366923103e-03 1.49942712339291027e-05
 4.07000000000000028e+01 4.07999999999999972e+01 8.36586069577707585e-03 1.47479915589402457e-05
 4.07999999999999972e+01 4.08999999999999986e+01 8.34274968182960493e-03 1.47832956340642606e-05
 4.08999999999999986e+01 4.10000000000000000e+01 8.30265067557491888e-03 1.45102947446669955e-05
 4.10000000000000000e+01 4.11000000000000014e+01 8.26262628493031927e-03 1.45120156348463984e-05
 4.11000000000000014e+01 4.12000000000000028e+01 8.22896330805202025e-03 1.44847103001055870e-05
 4.12000000000000028e+01 4.12999999999999972e+01 8.18796648934009587e-03 1.42992275969820881e-05
 4.12999999999999972e+01 4.13999999999999986e+01 8.15575463428391996e-03 1.45069669776519148e-05
 4.13999999999999986e+01 4.15000000000000000e+01 8.12414731886697099e-03 1.43793104091702533e-05
 4.15000000000000000e+01 4.16000000000000014e+01 8.06152942079975919e-03 1.42624921318562764e-05
 4.16000000000000014e+01 4.17000000000000028e+01 8.04556748153227239e-03 1.44922467027552596e-05
 4.17000000000000028e+01 4.17999999999999972e+01 7.99641526052950573e-03 1.50628574383558015e-05
 4.17999999999999972e+01 4.18999999999999986e+01 7.95758455967065723e-03 1.41678498256804418e-05
 4.18999999999999986e+01 4.20000000000000000e+01 7.93158455520370266e-03 1.39991746645559180e-05
 4.20000000000000000e+01 4.21000000000000014e+01 7.87670987384601375e-03 1.43719691516025032e-05
 4.21000000000000014e+01 4.22000000000000028e+01 7.82988908506829055e-03 1.40489741437684736e-05
 4.22000000000000028e+01 4.22999999999999972e+01 7.81296067588425902e-03 1.41999174881455915e-05
 4.22999999999999972e+01 4.23999999999999986e+01 7.78774883919550794e-03 1.45049882186442976e-05
 4.23999999999999986e+01 4.25000000000000000e+01 7.79473828886308520e-03 1.39866854821583739e-05
 4.25000000000000000e+01 4.26000000000000014e+01 7.71381969047038422e-03 1.40415923658595890e-05
 4.26000000000000014e+01 4.27000000000000028e+01 7.69235156438634934e-03 1.42494976775644598e-05
 4.27000000000000028e+01 4.27999999999999972e+01 7.64282512040009507e-03 1.38953686002245717e-05
 4.27999999999999972e+01 4.28999999999999986e+01 7.62758159977184897e-03 1.43343846226899649e-05
 4.28999999999999986e+01 4.30000000000000000e+01 7.55038543737265345e-03 1.41177902292813663e-05
 4.30000000000000000e+01 4.31000000000000014e+01 7.53246324294210273e-03 1.36238519655852602e-05
 4.31000000000000014e+01 4.32000000000000028e+01 7.52400394024483037e-03 1.42569378896159974e-05
 4.32000000000000028e+01 4.32999999999999972e+01 7.47879050850505742e-03 1.41101584140231343e-05
 4.32999999999999972e+01 4.33999999999999986e+01 7.40453590126874481e-03 1.39906879840049248e-05
 4.33999999999999986e+01 4.35000000000000000e+01 7.39599075661949608e-03 1.42676494874473571e-05
 4.35000000000000000e+01 4.36000000000000014e+01 7.35057215382966134e-03 1.42066482175540175e-05
 4.36000000000000014e+01 4.37000000000000028e+01 7.35005594939196639e-03 1.41057623882251787e-05
 4.37000000000000028e+01 4.37999999999999972e+01 7.29276370650203554e-03 1.37900203969650653e-05
 4.37999999999999972e+01 4.38999999999999986e+01 7.25836513255230780e-03 1.37076879721921402e-05
 4.38999999999999986e+01 4.40000000000000000e+01 7.25822568666313877e-03 1.40591293563806845e-05
 4.40000000000000000e+01 4.41000000000000014e+01 7.18288802740753730e-03 1.38643758575830549e-05
 4.41000000000000014e+01 4.42000000000000028e+01 7.18033471416432059e-03 1.36252610862864736e-05
 4.42000000000000028e+01 4.42999999999999972e+01 7.14431540526717923e-03 1.39643640032803294e-05
 4.42999999999999972e+01 4.43999999999999986e+01 7.11087514060161716e-03 1.37872282015727120e-05
 4.43999999999999986e+01 4.45000000000000000e+01 7.08069018902659532e-03 1.35678734946519121e-05
 4.45000000000000000e+01 4.46000000000000014e+01 7.02172073234280485e-03 1.34936734675367729e-05
 4.46000000000000014e+01 4.47000000000000028e+01 7.00768754624637221e-03 1.38521429668038437e-05
 4.47000000000000028e+01 4.47999999999999972e+01 6.98766433855080044e-03 1.37562887209231105e-05
 4.47999999999999972e+01 4.48999999999999986e+01 6.95724878272580265e-03 1.38692964575527005e-05
 4.48999999999999986e+01 4.50000000000000000e+01 6.91977140588961089e-03 1.42997094317421945e-05
 4.50000000000000000e+01 4.51000000000000014e+01 6.89487766966638809e-03 1.30733272834529769e-05
 4.51000000000000014e+01 4.52000000000000028e+01 6.83751854662926432e-03 1.35555362285322820e-05
 4.52000000000000028e+01 4.52999999999999972e+01 6.79465506368576166e-03 1.39077247458769486e-05
 4.52999999999999972e+01 4.53999999999999986e+01 6.77204968076748799e-03 1.33320897197524120e-05
 4.53999999999999986e+01 4.55000000000000000e+01 6.77275401554575454e-03 1.38516780325415961e-05
 4.55000000000000000e+01 4.56000000000000014e+01 6.73852375957386014e-03 1.44659426892728996e-05
 4.56000000000000014e+01 4.57000000000000028e+01 6.69302290464065652e-03 1.35567565948476981e-05
 4.57000000000000028e+01 4.57999999999999972e+01 6.62441425875588165e-03 1.37016606873028048e-05
 4.57999999999999972e+01 4.58999999999999986e+01 6.61303318101147484e-03 1.34470643065046168e-05
 4.58999999999999986e+01 4.60000000000000000e+01 6.60233665433451224e-03 1.31889602611192504e-05
 4.60000000000000000e+01 4.61000000000000014e+01 6.56413731945554475e-03 1.38499311188314930e-05
 4.61000000000000014e+01 4.62000000000000028e+01 6.55545595005900279e-03 1.32793443492464721e-05
 4.62000000000000028e+01 4.62999999999999972e+01 6.52225862724150739e-03 1.33412239581184636e-05
 4.62999999999999972e+01 4.63999999999999986e+01 6.44583581622092550e-03 1.34444189158899585e-05
 4.63999999999999986e+01 4.65000000000000000e+01 6.45277397215266064e-03 1.34998667454549025e-05
 4.65000000000000000e+01 4.66000000000000014e+01 6.42947200441977128e-03 1.31102548211800411e-05
 4.66000000000000014e+01 4.67000000000000028e+01 6.37829417561629631e-03 1.36145821002270615e-05
 4.67000000000000028e+01 4.67999999999999972e+01 6.34744620134397933e-03 1.35500110783688054e-05
 4.67999999999999972e+01 4.68999999999999986e+01 6.34563204019389458e-03 1.35046802025017099e-05
 4.68999999999999986e+01 4.70000000000000000e+01 6.28585510677383882e-03 1.31445965707079742e-05
 4.70000000000000000e+01 4.71000000000000014e+01 6.24934598200772417e-03 1.31765058445413527e-05
 4.71000000000000014e+01 4.72000000000000028e+01 6.26699426807691366e-03 1.49891048314505441e-05
 4.72000000000000028e+01 4.72999999999999972e+01 6.18936419675200720e-03 1.31532313758314896e-05
 4.72999999999999972e+01 4.73999999999999986e+01 6.19608582288429244e-03 1.34133246911701230e-05
 4.73999999999999986e+01 4.75000000000000000e+01 6.17701690227363820e-03 1.35143804446690573e-05
 4.75000000000000000e+01 4.76000000000000014e+01 6.12664743822650178e-03 1.37620960927636270e-05
 4.76000000000000014e+01 4.77000000000000028e+01 6.09330746090545015e-03 1.30780155741558354e-05
 4.77000000000000028e+01 4.77999999999999972e+01 6.04979762391660847e-03 1.25876640071161606e-05
 4.77999999999999972e+01 4.78999999999999986e+01 6.03536864064154605e-03 1.28477068584220053e-05
 4.78999999999999986e+01 4.80000000000000000e+01 6.02243135108934506e-03 1.36189981438883064e-05
 4.80000000000000000e+01 4.81000000000000014e+01 5.96110580321023657e-03 1.25045950705985887e-05
 4.81000000000000014e+01 4.82000000000000028e+01 5.95077948643692352e-03 1.29635976297631577e-05
 4.82000000000000028e+01 4.82999999999999972e+01 5.93551268274425739e-03 1.29229097536702119e-05
 4.82999999999999972e+01 4.83999999999999986e+01 5.89791928729055653e-03 1.26924074262885463e-05
 4.83999999999999986e+01 4.85000000000000000e+01 5.84652386890780265e-03 1.27058713788491233e-05
 4.85000000000000000e+01 4.86000000000000014e+01 5.85806711147094164e-03 1.30114898537235713e-05
 4.86000000000000014e+01 4.87000000000000028e+01 5.80607503104400412e-03 1.31216810458688617e-05
 4.87000000000000028e+01 4.87999999999999972e+01 5.78083618383637247e-03 1.29218066896945091e-05
 4.87999999999999972e+01 4.88999999999999986e+01 5.73595103938193390e-03 1.30317311407930092e-05
 4.88999999999999986e+01 4.90000000000000000e+01 5.70072934318054548e-03 1.30644353899647351e-05
 4.90000000000000000e+01 4.91000000000000014e+01 5.67432531114517996e-03 1.31650675097340008e-05
 4.91000000000000014e+01 4.92000000000000028e+01 5.67437367736127029e-03 1.28226251118547647e-05
 4.92000000000000028e+01 4.92999999999999972e+01 5.66280845613393539e-03 1.28442926005367574e-05
 4.92999999999999972e+01 4.93999999999999986e+01 5.60797051498293422e-03 1.28852114272213212e-05
 4.93999999999999986e+01 4.95000000000000000e+01 5.60320148180422015e-03 1.28318987305543426e-05
 4.95000000000000000e+01 4.96000000000000014e+01 5.54917963407336456e-03 1.49945304443076992e-05
 4.96000000000000014e+01 4.97000000000000028e+01 5.54893716485665642e-03 1.30325063078105507e-05
 4.97000000000000028e+01 4.97999999999999972e+01 5.49223733810835866e-03 1.26864558937557012e-05
 4.97999999999999972e+01 4.98999999999999986e+01 5.49084128579043537e-03 1.29239074765727904e-05
 4.98999999999999986e+01 5.00000000000000000e+01 5.45411633212531700e-03 1.23690533322197775e-05
 5.00000000000000000e+01 5.01000000000000014e+01 5.41240682209168621e-03 1.28190490475579365e-05
 5.01000000000000014e+01 5.02000000000000028e+01 5.42233779968050080e-03 1.30809973497555477e-05
 5.02000000000000028e+01 5.02999999999999972e+01 5.39506642572377612e-03 1.26408298172862872e-05
 5.02999999999999972e+01 5.03999999999999986e+01 5.35874516459292419e-03 1.27622611981043399e-05
 5.03999999999999986e+01 5.05000000000000000e+01 5.33112295135582635e-03 1.27673826062733762e-05
 5.05000000000000000e+01 5.06000000000000014e+01 5.28400893627536516e-03 1.24858519021297091e-05
 5.06000000000000014e+01 5.07000000000000028e+01 5.28659810617817735e-03 1.26368936987825084e-05
 5.07000000000000028e+01 5.07999999999999972e+01 5.24184235261546203e-03 1.23549284130224596e-05
 5.07999999999999972e+01 5.08999999999999986e+01 5.20185129852273817e-03 1.23636043527080876e-05
 5.08999999999999986e+01 5.10000000000000000e+01 5.20734782043871802e-03 1.25666755072923192e-05
 5.10000000000000000e+01 5.11000000000000014e+01 5.16917996486594786e-03 1.23893178507343745e-05
 5.11000000000000014e+01 5.12000000000000028e+01 5.14083341507664236e-03 1.31667502073108350e-05
 5.12000000000000028e+01 5.12999999999999972e+01 5.12987022404230199e-03 1.23834941420071568e-05
 5.12999999999999972e+01 5.13999999999999986e+01 5.07871753070815793e-03 1.22164459828119512e-05
 5.13999999999999986e+01 5.15000000000000000e+01 5.05541854253638550e-03 1.22859868559771042e-05
 5.15000000000000000e+01 5.16000000000000014e+01 5.02445794073072983e-03 1.23012851338558095e-05
 5.16000000000000014e+01 5.17000000000000028e+01 4.98163747300951060e-03 1.24721074652216819e-05
 5.17000000000000028e+01 5.17999999999999972e+01 4.99661130618663483e-03 1.28659336022306221e-05
 5.17999999999999972e+01 5.18999999999999986e+01 4.96842232203442268e-03 1.29441644032130231e-05
 5.18999999999999986e+01 5.20000000000000000e+01 4.95004875770662690e-03 1.23995175102057763e-05
 5.20000000000000000e+01 5.21000000000000014e+01 4.91800456199390813e-03 1.31226671338698154e-05
 5.21000000000000014e+01 5.22000000000000028e+01 4.90104578886219749e-03 1.27738669051537360e-05
 5.22000000000000028e+01 5.22999999999999972e+01 4.84179839492715133e-03 1.25258631666988083e-05
 5.22999999999999972e+01 5.23999999999999986e+01 4.82838355797349413e-03 1.35279733221826960e-05
 5.23999999999999986e+01 5.25000000000000000e+01 4.79086858307803658e-03 1.24644235194726011e-05
 5.25000000000000000e+01 5.26000000000000014e+01 4.79508757281645395e-03 1.30193099080154829e-05
 5.26000000000000014e+01 5.27000000000000028e+01 4.77369589546831896e-03 1.33163829038671326e-05
 5.27000000000000028e+01 5.27999999999999972e+01 4.75644838331855131e-03 1.26486854984572278e-05
 5.27999999999999972e+01 5.28999999999999986e+01 4.72014527783985206e-03 1.29233928128582735e-05
 5.28999999999999986e+01 5.30000000000000000e+01 4.70853836754206879e-03 1.28176089228469879e-05
 5.30000000000000000e+01 5.31000000000000014e+01 4.65374697743061935e-03 1.26117527668174267e-05
 5.31000000000000014e+01 5.32000000000000028e+01 4.63503466030726081e-03 1.25256270088711079e-05
 5.32000000000000028e+01 5.32999999999999972e+01 4.60125465364647976e-03 1.27716094877809000e-05
 5.32999999999999972e+01 5.33999999999999986e+01 4.60458258384364820e-03 1.26168790426712824e-05
 5.33999999999999986e+01 5.35000000000000000e+01 4.56819808186106381e-03 1.28760397517645124e-05
 5.35000000000000000e+01 5.36000000000000014e+01 4.55021259970992114e-03 1.35239948532881482e-05
 5.36000000000000014e+01 5.37000000000000028e+01 4.54750705423941776e-03 1.30090291561238910e-05
 5.37000000000000028e+01 5.37999999999999972e+01 4.49223071145386441e-03 1.28456846664424491e-05
 5.37999999999999972e+01 5.38999999999999986e+01 4.46946771663287064e-03 1.30251650424652950e-05
 5.38999999999999986e+01 5.40000000000000000e+01 4.42153352629778406e-03 1.29545462884401094e-05
 5.40000000000000000e+01 5.41000000000000014e+01 4.44218497627463672e-03 1.31242751135379384e-05
 5.41000000000000014e+01 5.42000000000000028e+01 4.40605269969939969e-03 1.29865155252504935e-05
 5.42000000000000028e+01 5.42999999999999972e+01 4.38829931026327343e-03 1.26535365936761230e-05
 5.42999999999999972e+01 5.43999999999999986e+01 4.38884192200622147e-03 1.32064683628413781e-05
 5.43999999999999986e+01 5.45000000000000000e+01 4.33692478118887816e-03 1.30582340912267472e-05
 5.45000000000000000e+01 5.46000000000000014e+01 4.27698080858559138e-03 1.28856694146744317e-05
 5.46000000000000014e+01 5.47000000000000028e+01 4.27780466743208753e-03 1.25685807161983177e-05
 5.47000000000000028e+01 5.47999999999999972e+01 4.25267607446033931e-03 1.24566278561101868e-05
 5.47999999999999972e+01 5.48999999999999986e+01 4.26046893913745867e-03 1.30086453148249966e-05
 5.48999999999999986e+01 5.50000000000000000e+01 4.22046456472398562e-03 1.28903925234176613e-05
 5.50000000000000000e+01 5.51000000000000014e+01 4.19947058718685151e-03 1.29500665603446888e-05
 5.51000000000000014e+01 5.52000000000000028e+01 4.18054757854172381e-03 1.24405816980049241e-05
 5.52000000000000028e+01 5.52999999999999972e+01 4.16931019507074674e-03 1.32076095016054067e-05
 5.52999999999999972e+01 5.53999999999999986e+01 4.13038813443824745e-03 1.26861839021401289e-05
 5.53999999999999986e+01 5.55000000000000000e+01 4.08025737819770438e-03 1.29886252042469584e-05
 5.55000000000000000e+01 5.56000000000000014e+01 4.08877016478644516e-03 1.28165132715778336e-05
 5.56000000000000014e+01 5.57000000000000028e+01 4.07198528412693224e-03 1.24956281578832205e-05
 5.57000000000000028e+01 5.57999999999999972e+01 4.03415769195148311e-03 1.29157209363098256e-05
 5.57999999999999972e+01 5.58999999999999986e+01 3.99645451205609716e-03 1.28376611652864136e-05
 5.58999999999999986e+01 5.60000000000000000e+01 4.00736105450701270e-03 1.30326043797207745e-05
 5.60000000000000000e+01 5.61000000000000014e+01 3.97773984867987908e-03 1.29007577761619217e-05
 5.61000000000000014e+01 5.62000000000000028e+01 3.96743184487111968e-03 1.28499288500083118e-05
 5.62000000000000028e+01 5.62999999999999972e+01 3.92839995065245254e-03 1.29977086838601589e-05
 5.62999999999999972e+01 5.63999999999999986e+01 3.91981441205629944e-03 1.28247850512372570e-05
 5.63999999999999986e+01 5.65000000000000000e+01 3.88054076348657130e-03 1.25057396528864359e-05
 5.65000000000000000e+01 5.66000000000000014e+01 3.85249445562351476e-03 1.21891508485854147e-05
 5.66000000000000014e+01 5.67000000000000028e+01 3.82588418784396639e-03 1.24084384387064055e-05
 5.67000000000000028e+01 5.67999999999999972e+01 3.81215617981215012e-03 1.26973656718536206e-05
 5.67999999999999972e+01 5.68999999999999986e+01 3.77800122412139377e-03 1.24548089437683280e-05
 5.68999999999999986e+01 5.70000000000000000e+01 3.77269057228866783e-03 1.28542104318511545e-05
 5.70000000000000000e+01 5.71000000000000014e+01 3.72971578028855359e-03 1.27373288639189869e-05
 5.71000000000000014e+01 5.72000000000000028e+01 3.72488199524512479e-03 1.23865055423974117e-05
 5.72000000000000028e+01 5.72999999999999972e+01 3.70874117589075313e-03 1.28735009937939868e-05
 5.72999999999999972e+01 5.73999999999999986e+01 3.66816001693164766e-03 1.21857140572675749e-05
 5.73999999999999986e+01 5.75000000000000000e+01 3.65965413501458028e-03 1.25585937090601616e-05
 5.75000000000000000e+01 5.76000000000000014e+01 3.64440458930440645e-03 1.28327902506243228e-05
 5.76000000000000014e+01 5.77000000000000028e+01 3.61251597538339141e-03 1.25635504019992493e-05
 5.77000000000000028e+01 5.77999999999999972e+01 3.60315142142689313e-03 1.23592148893415773e-05
 5.77999999999999972e+01 5.78999999999999986e+01 3.59813848985211142e-03 1.25163817118458458e-05
 5.78999999999999986e+01 5.80000000000000000e+01 3.56604830778962283e-03 1.24749190293356581e-05
 5.80000000000000000e+01 5.81000000000000014e+01 3.52965561649538863e-03 1.26268791948158840e-05
 5.81000000000000014e+01 5.82000000000000028e+01 3.51110434011813561e-03 1.27605420039978862e-05
 5.82000000000000028e+01 5.82999999999999972e+01 3.49704551578174918e-03 1.24462509762753278e-05
 5.82999999999999972e+01 5.83999999999999986e+01 3.46690407368622578e-03 1.24441334282718388e-05
 5.83999999999999986e+01 5.85000000000000000e+01 3.45779904855715407e-03 1.23292451678343729e-05
 5.85000000000000000e+01 5.86000000000000014e+01 3.41790067053118459e-03 1.22764952836597108e-05
 5.86000000000000014e+01 5.87000000000000028e+01 3.38072254712914154e-03 1.21967334177062171e-05
 5.87000000000000028e+01 5.87999999999999972e+01 3.35205231576267675e-03 1.22230121105391727e-05
 5.87999999999999972e+01 5.88999999999999986e+01 3.36811089958034349e-03 1.28160404500290809e-05
 5.88999999999999986e+01 5.90000000000000000e+01 3.33401783244498305e-03 1.23969514182475130e-05
 5.90000000000000000e+01 5.91000000000000014e+01 3.31555728584886867e-03 1.24143506772111583e-05
 5.91000000000000014e+01 5.92000000000000028e+01 3.31845595302777572e-03 1.26717638576558094e-05
 5.92000000000000028e+01 5.92999999999999972e+01 3.27706295220828647e-03 1.22418813350018002e-05
 5.92999999999999972e+01 5.93999999999999986e+01 3.24761636171746245e-03 1.21913681332278817e-05
 5.93999999999999986e+01 5.95000000000000000e+01 3.23216538808892553e-03 1.20190235070905642e-05
 5.95000000000000000e+01 5.96000000000000014e+01 3.20973749650726439e-03 1.19096165899687416e-05
 5.96000000000000014e+01 5.97000000000000028e+01 3.18255049337415070e-03 1.18697197515049301e-05
 5.97000000000000028e+01 5.97999999999999972e+01 3.18700830246082881e-03 1.22016869834540955e-05
 5.97999999999999972e+01 5.98999999999999986e+01 3.12956171567688353e-03 1.22918785159437532e-05
 5.98999999999999986e+01 6.00000000000000000e+01 3.13416025620023679e-03 1.31562716139928979e-05

Histogram:sdphi
 0.00000000000000000e+00 4.16666666666666644e-02 5.92147914293558308e+00 4.59899152743104619e-04
 4.16666666666666644e-02 8.33333333333333287e-02 3.14506146880411386e+00 3.71327213842772880e-04
 8.33333333333333287e-02 1.25000000000000000e-01 2.07592574474996461e+00 3.16445060510557065e-04
 1.25000000000000000e-01 1.66666666666666657e-01 1.54282887974775162e+00 2.80608245872538916e-04
 1.66666666666666657e-01 2.08333333333333343e-01 1.22439121483405255e+00 2.52882085676071661e-04
 2.08333333333333343e-01 2.50000000000000000e-01 1.01343704259475520e+00 2.23551093555032890e-04
 2.50000000000000000e-01 2.91666666666666685e-01 8.62258945559932988e-01 2.12109140629373392e-04
 2.91666666666666685e-01 3.33333333333333315e-01 7.48904868392963996e-01 1.95060324125182578e-04
 3.33333333333333315e-01 3.75000000000000000e-01 6.60760958516543595e-01 1.85957731696244740e-04
 3.75000000000000000e-01 4.16666666666666685e-01 5.90221799663569024e-01 1.77612064490897682e-04
 4.16666666666666685e-01 4.58333333333333315e-01 5.32431144745899920e-01 1.68922752225485873e-04
 4.58333333333333315e-01 5.00000000000000000e-01 4.84623728875744619e-01 1.62216375319033929e-04
 5.00000000000000000e-01 5.41666666666666630e-01 4.43585403106584508e-01 1.55676158512188528e-04
 5.41666666666666630e-01 5.83333333333333370e-01 4.08427858700279089e-01 1.47903435602758356e-04
 5.83333333333333370e-01 6.25000000000000000e-01 3.78269221640328168e-01 1.42258242069413186e-04
 6.25000000000000000e-01 6.66666666666666630e-01 3.51035398366426277e-01 1.36874667264491780e-04
 6.66666666666666630e-01 7.08333333333333370e-01 3.27860192556140073e-01 1.35435730398686947e-04
 7.08333333333333370e-01 7.50000000000000000e-01 3.06601509727435384e-01 1.29587219223254449e-04
 7.50000000000000000e-01 7.91666666666666630e-01 2.87740186543979370e-01 1.22889939313222061e-04
 7.91666666666666630e-01 8.33333333333333370e-01 2.71009671873188029e-01 1.20940165275685205e-04
 8.33333333333333370e-01 8.75000000000000000e-01 2.55641463039801398e-01 1.18245271723407857e-04
 8.75000000000000000e-01 9.16666666666666630e-01 2.41399427574876119e-01 1.15426392082156756e-04
 9.16666666666666630e-01 9.58333333333333370e-01 2.28315868367219621e-01 1.15166594030071255e-04
 9.58333333333333370e-01 1.00000000000000000e+00 2.16875654118750177e-01 1.11169742858759362e-04
 1.00000000000000000e+00 1.04166666666666674e+00 2.05845165058513163e-01 1.05558908349105739e-04
 1.04166666666666674e+00 1.08333333333333326e+00 1.95820844320505227e-01 1.07583065800986719e-04
 1.08333333333333326e+00 1.12500000000000000e+00 1.86421214681390113e-01 1.04182221068203714e-04
 1.12500000000000000e+00 1.16666666666666674e+00 1.77718081334778483e-01 9.67440632972847524e-05
 1.16666666666666674e+00 1.20833333333333326e+00 1.69258679511279791e-01 9.71224900584493830e-05
 1.20833333333333326e+00 1.25000000000000000e+00 1.61944237017629056e-01 1.01572714469201774e-04
 1.25000000000000000e+00 1.29166666666666674e+00 1.54443589725242053e-01 9.20081555048572725e-05
 1.29166666666666674e+00 1.33333333333333326e+00 1.47590596972114074e-01 9.36037390339851773e-05
 1.33333333333333326e+00 1.37500000000000000e+00 1.41221801692997057e-01 8.99233063233556508e-05
 1.37500000000000000e+00 1.41666666666666674e+00 1.35232776629765072e-01 8.70180400072059215e-05
 1.41666666666666674e+00 1.45833333333333326e+00 1.29148725262015068e-01 8.54008087243669225e-05
 1.45833333333333326e+00 1.50000000000000000e+00 1.23613161321526818e-01 8.47653179370799623e-05
 1.50000000000000000e+00 1.54166666666666674e+00 1.18481866984071690e-01 8.29883594479439833e-05
 1.54166666666666674e+00 1.58333333333333326e+00 1.13454121247255180e-01 8.18852969943996471e-05
 1.58333333333333326e+00 1.62500000000000000e+00 1.08639515922419772e-01 7.90488364043640690e-05
 1.62500000000000000e+00 1.66666666666666674e+00 1.04420393837201281e-01 7.69374978203262881e-05
 1.66666666666666674e+00 1.70833333333333326e+00 1.00154879114066203e-01 8.05013665761917857e-05
 1.70833333333333326e+00 1.75000000000000000e+00 9.60420640813397924e-02 7.47763382049590236e-05
 1.75000000000000000e+00 1.79166666666666674e+00 9.22568158239286396e-02 7.32958548186865609e-05
 1.79166666666666674e+00 1.83333333333333326e+00 8.87604069449345057e-02 7.21823306408953945e-05
 1.83333333333333326e+00 1.87500000000000000e+00 8.54359136296232446e-02 7.07870823692676821e-05
 1.87500000000000000e+00 1.91666666666666674e+00 8.23156970255849579e-02 6.97189523849406584e-05
 1.91666666666666674e+00 1.95833333333333326e+00 7.91668543085826265e-02 6.83060430225899457e-05
 1.95833333333333326e+00 2.00000000000000000e+00 7.65125431002737361e-02 6.93661426625207938e-05
 2.00000000000000000e+00 2.04166666666666652e+00 7.37415472988787180e-02 6.69817748913619068e-05
 2.04166666666666652e+00 2.08333333333333348e+00 7.11187155989246172e-02 6.42772818626547116e-05
 2.08333333333333348e+00 2.12500000000000000e+00 6.86739537154418406e-02 6.30581262629676970e-05
 2.12500000000000000e+00 2.16666666666666652e+00 6.63332107168983082e-02 6.38237087766238201e-05
 2.16666666666666652e+00 2.20833333333333348e+00 6.40930893795992745e-02 6.43667630535436637e-05
 2.20833333333333348e+00 2.25000000000000000e+00 6.20882468202587010e-02 6.31749119591212718e-05
 2.25000000000000000e+00 2.29166666666666652e+00 5.99890273064724797e-02 5.93457900797531287e-05
 2.29166666666666652e+00 2.33333333333333348e+00 5.79747326165192117e-02 5.86060705429360227e-05
 2.33333333333333348e+00 2.37500000000000000e+00 5.61955784677478712e-02 5.74066081350604898e-05
 2.37500000000000000e+00 2.41666666666666652e+00 5.44624717930644597e-02 5.85222054729806640e-05
 2.41666666666666652e+00 2.45833333333333348e+00 5.27017587855156261e-02 5.54398666672945392e-05
 2.45833333333333348e+00 2.50000000000000000e+00 5.12150732113213492e-02 5.75648826620342829e-05
 2.50000000000000000e+00 2.54166666666666652e+00 4.96305394212513060e-02 5.52886416757091326e-05
 2.54166666666666652e+00 2.58333333333333348e+00 4.82040004204520658e-02 5.41131954471529841e-05
 2.58333333333333348e+00 2.62500000000000000e+00 4.67980885106040329e-02 5.43204938043959822e-05
 2.62500000000000000e+00 2.66666666666666652e+00 4.53317689374879360e-02 5.24939924823084619e-05
 2.66666666666666652e+00 2.70833333333333348e+00 4.40230318529576323e-02 5.15453717412566012e-05
 2.70833333333333348e+00 2.75000000000000000e+00 4.28496886749433897e-02 5.20053433049372677e-05
 2.75000000000000000e+00 2.79166666666666652e+00 4.16593073079982446e-02 5.15825667060205252e-05
 2.79166666666666652e+00 2.83333333333333348e+00 4.04625355354553407e-02 5.17004513363299460e-05
 2.83333333333333348e+00 2.87500000000000000e+00 3.93364918562261537e-02 4.86870074914711511e-05
 2.87500000000000000e+00 2.91666666666666652e+00 3.82545455627256448e-02 4.98356515101950226e-05
 2.91666666666666652e+00 2.95833333333333348e+00 3.71744968803958686e-02 4.87372271453494159e-05
 2.95833333333333348e+00 3.00000000000000000e+00 3.62967512658800007e-02 4.88546675716789090e-05
 3.00000000000000000e+00 3.04166666666666652e+00 3.52745212873664879e-02 4.63726394004535796e-05
 3.04166666666666652e+00 3.08333333333333348e+00 3.44048414710798542e-02 4.99697429502536343e-05
 3.08333333333333348e+00 3.12500000000000000e+00 3.35226894138462433e-02 7.12394890534300636e-05
 3.12500000000000000e+00 3.16666666666666652e+00 3.25235330485683094e-02 4.48563469040209160e-05
 3.16666666666666652e+00 3.20833333333333348e+00 3.17985339976436868e-02 4.58755342434995881e-05
 3.20833333333333348e+00 3.25000000000000000e+00 3.08710807776390768e-02 4.59418364372765641e-05
 3.25000000000000000e+00 3.29166666666666652e+00 3.01855163814580656e-02 4.38712323083266964e-05
 3.29166666666666652e+00 3.33333333333333348e+00 2.93700577420970971e-02 4.39271923730372876e-05
 3.33333333333333348e+00 3.37500000000000000e+00 2.87047688217324098e-02 4.39211086812111272e-05
 3.37500000000000000e+00 3.41666666666666652e+00 2.79660216211004946e-02 4.32553037092147107e-05
 3.41666666666666652e+00 3.45833333333333348e+00 2.72492920567278217e-02 4.20880409845104098e-05
 3.45833333333333348e+00 3.50000000000000000e+00 2.65797491394043732e-02 4.40352815898370812e-05
 3.50000000000000000e+00 3.54166666666666652e+00 2.60278055623270922e-02 4.17332108025318313e-05
 3.54166666666666652e+00 3.58333333333333348e+00 2.53986678463278444e-02 4.23893051897127792e-05
 3.58333333333333348e+00 3.62500000000000000e+00 2.48540694872772007e-02 4.04919623327601059e-05
 3.62500000000000000e+00 3.66666666666666652e+00 2.42573815300513099e-02 4.00721051000162536e-05
 3.66666666666666652e+00 3.70833333333333348e+00 2.37291717817291296e-02 3.86720181230159241e-05
 3.70833333333333348e+00 3.75000000000000000e+00 2.31215267113035472e-02 3.89385848394926563e-05
 3.75000000000000000e+00 3.79166666666666652e+00 2.25567963024192984e-02 3.73862768781833555e-05
 3.79166666666666652e+00 3.83333333333333348e+00 2.20013448492629056e-02 3.72231870883114830e-05
 3.83333333333333348e+00 3.87500000000000000e+00 2.16542422484623416e-02 3.82695334852019127e-05
 3.87500000000000000e+00 3.91666666666666652e+00 2.10698291486000125e-02 3.60425206290242110e-05
 3.91666666666666652e+00 3.95833333333333348e+00 2.06115904903545859e-02 3.72204282874869907e-05
 3.95833333333333348e+00 4.00000000000000000e+00 2.01469094625617851e-02 3.78277567786152401e-05
 4.00000000000000000e+00 4.04166666666666696e+00 1.96838374997002352e-02 3.60662268683582907e-05
 4.04166666666666696e+00 4.08333333333333304e+00 1.92428185373623474e-02 3.63980387545088992e-05
 4.08333333333333304e+00 4.12500000000000000e+00 1.88672993185893360e-02 3.57325079026607956e-05
 4.12500000000000000e+00 4.16666666666666696e+00 1.84275504503032955e-02 3.57045472967857608e-05
 4.16666666666666696e+00 4.20833333333333304e+00 1.80480603826576463e-02 3.46753335394572458e-05
 4.20833333333333304e+00 4.25000000000000000e+00 1.76388391655135195e-02 3.48785782257064723e-05
 4.25000000000000000e+00 4.29166666666666696e+00 1.73154292054345654e-02 3.47614694001643353e-05
 4.29166666666666696e+00 4.33333333333333304e+00 1.68926482446830756e-02 3.40841947267384309e-05
 4.33333333333333304e+00 4.37500000000000000e+00 1.65658701445964771e-02 3.60773776578923044e-05
 4.37500000000000000e+00 4.41666666666666696e+00 1.61845160005131584e-02 3.29568566011248992e-05
 4.41666666666666696e+00 4.45833333333333304e+00 1.58805364616128597e-02 3.28257895920722862e-05
 4.45833333333333304e+00 4.50000000000000000e+00 1.56131988472284263e-02 3.25261120753289707e-05
 4.50000000000000000e+00 4.54166666666666696e+00 1.52234005816191901e-02 3.36922229147669966e-05
 4.54166666666666696e+00 4.58333333333333304e+00 1.48712304047920740e-02 3.19874105083901495e-05
 4.58333333333333304e+00 4.62500000000000000e+00 1.45873349820501968e-02 3.22267504839945086e-05
 4.62500000000000000e+00 4.66666666666666696e+00 1.42602822454160651e-02 3.18876973498555559e-05
 4.66666666666666696e+00 4.70833333333333304e+00 1.40176240921334062e-02 3.17081889682859538e-05
 4.70833333333333304e+00 4.75000000000000000e+00 1.37196911819662190e-02 3.23110466907007267e-05
 4.75000000000000000e+00 4.79166666666666696e+00 1.34948088924906773e-02 3.09199034495684391e-05
 4.79166666666666696e+00 4.83333333333333304e+00 1.32165969178034987e-02 3.05992398283334177e-05
 4.83333333333333304e+00 4.87500000000000000e+00 1.30101686284827857e-02 3.12796474202269701e-05
 4.87500000000000000e+00 4.91666666666666696e+00 1.26979437822638958e-02 3.21374392779595215e-05
 4.91666666666666696e+00 4.95833333333333304e+00 1.24594356958622424e-02 2.90733918835774220e-05
 4.95833333333333304e+00 5.00000000000000000e+00 1.21747800438304927e-02 2.85701076720076717e-05
 5.00000000000000000e+00 5.04166666666666696e+00 1.19776744270295599e-02 3.30797173848011939e-05
 5.04166666666666696e+00 5.08333333333333304e+00 1.16631698926216148e-02 2.97102803703759248e-05
 5.08333333333333304e+00 5.12500000000000000e+00 1.15100205033569422e-02 2.87030582496360982e-05
 5.12500000000000000e+00 5.16666666666666696e+00 1.13038935384682567e-02 2.95121571024082628e-05
 5.16666666666666696e+00 5.20833333333333304e+00 1.10242989839512296e-02 2.76880083050719925e-05
 5.20833333333333304e+00 5.25000000000000000e+00 1.08812997639830874e-02 2.97261557847098388e-05
 5.25000000000000000e+00 5.29166666666666696e+00 1.06335446962806130e-02 2.89092265599043961e-05
 5.29166666666666696e+00 5.33333333333333304e+00 1.04879919529352900e-02 2.88366680166990889e-05
 5.33333333333333304e+00 5.37500000000000000e+00 1.02396046341356461e-02 2.87566044590077057e-05
 5.37500000000000000e+00 5.41666666666666696e+00 1.00078015970183880e-02 2.65277493896999343e-05
 5.41666666666666696e+00 5.45833333333333304e+00 9.83684166776125322e-03 2.73461359255820239e-05
 5.45833333333333304e+00 5.50000000000000000e+00 9.66014041702594785e-03 2.61502291518812492e-05
 5.50000000000000000e+00 5.54166666666666696e+00 9.50641478766158649e-03 2.66324346807897945e-05
 5.54166666666666696e+00 5.58333333333333304e+00 9.25191682698987654e-03 2.65451484083191972e-05
 5.58333333333333304e+00 5.62500000000000000e+00 9.14776541668550942e-03 2.61356395175219123e-05
 5.62500000000000000e+00 5.66666666666666696e+00 8.97090869098429028e-03 2.77857942522975634e-05
 5.66666666666666696e+00 5.70833333333333304e+00 8.80089000245289597e-03 2.56961115682843684e-05
 5.70833333333333304e+00 5.75000000000000000e+00 8.69253588240809054e-03 2.53591806260193725e-05
 5.75000000000000000e+00 5.79166666666666696e+00 8.50023946372814414e-03 2.65369040921365451e-05
 5.79166666666666696e+00 5.83333333333333304e+00 8.36246208230818737e-03 2.59559062736768261e-05
 5.83333333333333304e+00 5.87500000000000000e+00 8.15819251036173018e-03 2.44369676710379455e-05
 5.87500000000000000e+00 5.91666666666666696e+00 8.05565922320676184e-03 2.44891486878937832e-05
 5.91666666666666696e+00 5.95833333333333304e+00 7.93538216746252252e-03 2.57023102026476455e-05
 5.95833333333333304e+00 6.00000000000000000e+00 7.70916987497928009e-03 2.44085334928671492e-05
 6.00000000000000000e+00 6.04166666666666696e+00 7.61342646876000690e-03 2.39664454878090877e-05
 6.04166666666666696e+00 6.08333333333333304e+00 7.47618871632031983e-03 2.40247657736719370e-05
 6.08333333333333304e+00 6.12500000000000000e+00 7.32330946891439176e-03 2.31904259362199118e-05
 6.12500000000000000e+00 6.16666666666666696e+00 7.23581401378340077e-03 2.34199794464513394e-05
 6.16666666666666696e+00 6.20833333333333304e+00 7.11277343423202466e-03 2.40175362542300919e-05
 6.20833333333333304e+00 6.25000000000000000e+00 6.95467479700790335e-03 2.30280404945031470e-05
 6.25000000000000000e+00 6.29166666666666696e+00 6.82989744636380760e-03 2.25058727058373466e-05
 6.29166666666666696e+00 6.33333333333333304e+00 6.74131230834761324e-03 2.25804162231303439e-05
 6.33333333333333304e+00 6.37500000000000000e+00 6.60282644460280857e-03 2.37864677957886090e-05
 6.37500000000000000e+00 6.41666666666666696e+00 6.45497761578659422e-03 2.34842428884063422e-05
 6.41666666666666696e+00 6.45833333333333304e+00 6.41426539873983688e-03 2.25008454232051682e-05
 6.45833333333333304e+00 6.50000000000000000e+00 6.29044680239820592e-03 2.26301238770678055e-05
 6.50000000000000000e+00 6.54166666666666696e+00 6.15245778443718454e-03 2.18120184020120755e-05
 6.54166666666666696e+00 6.58333333333333304e+00 6.09744455850998613e-03 2.22992900115340962e-05
 6.58333333333333304e+00 6.62500000000000000e+00 5.94450408088211153e-03 2.18920058240672347e-05
 6.62500000000000000e+00 6.66666666666666696e+00 5.83777639619766260e-03 2.14113656463223212e-05
 6.66666666666666696e+00 6.70833333333333304e+00 5.75103135993821919e-03 2.12891793581383934e-05
 6.70833333333333304e+00 6.75000000000000000e+00 5.67123710135919185e-03 2.19133763974897061e-05
 6.75000000000000000e+00 6.79166666666666696e+00 5.55381129232847617e-03 2.04464380408006710e-05
 6.79166666666666696e+00 6.83333333333333304e+00 5.46186568809068143e-03 2.03953206520448946e-05
 6.83333333333333304e+00 6.87500000000000000e+00 5.36571225497752251e-03 2.15303734094701017e-05
 6.87500000000000000e+00 6.91666666666666696e+00 5.27404833307199093e-03 2.06754537060434427e-05
 6.91666666666666696e+00 6.95833333333333304e+00 5.19996341333093647e-03 2.09840370580871874e-05
 6.95833333333333304e+00 7.00000000000000000e+00 5.09057708007748175e-03 2.14696122455186439e-05
 7.00000000000000000e+00 7.04166666666666696e+00 5.01934672380161331e-03 2.15283308490925051e-05
 7.04166666666666696e+00 7.08333333333333304e+00 4.94795429640136012e-03 1.98438493566937144e-05
 7.08333333333333304e+00 7.12500000000000000e+00 4.83239725602323689e-03 2.30085808806583059e-05
 7.12500000000000000e+00 7.16666666666666696e+00 4.77929213065648312e-03 2.07271095398454796e-05
 7.16666666666666696e+00 7.20833333333333304e+00 4.66956372037198499e-03 1.92202546933159360e-05
 7.20833333333333304e+00 7.25000000000000000e+00 4.63028433687430897e-03 1.93540524136523382e-05
 7.25000000000000000e+00 7.29166666666666696e+00 4.52622520682508488e-03 1.92637449760750729e-05
 7.29166666666666696e+00 7.33333333333333304e+00 4.43194069313839617e-03 1.89843725389312898e-05
 7.33333333333333304e+00 7.37500000000000000e+00 4.32401162811094607e-03 1.92216473943955768e-05
 7.37500000000000000e+00 7.41666666666666696e+00 4.28856336258037589e-03 1.93931553105806893e-05
 7.41666666666666696e+00 7.45833333333333304e+00 4.26198765421532955e-03 2.17383303162349197e-05
 7.45833333333333304e+00 7.50000000000000000e+00 4.16244145032802944e-03 1.98374171000663318e-05
 7.50000000000000000e+00 7.54166666666666696e+00 4.07871797020982474e-03 2.02903484553352045e-05
 7.54166666666666696e+00 7.58333333333333304e+00 4.03633030161527819e-03 2.03311553058824756e-05
 7.58333333333333304e+00 7.62500000000000000e+00 3.97346316556461930e-03 1.89827048518249392e-05
 7.62500000000000000e+00 7.66666666666666696e+00 3.90009325481823063e-03 1.80230730839951343e-05
 7.66666666666666696e+00 7.70833333333333304e+00 3.83256786293195272e-03 1.84705725021169831e-05
 7.70833333333333304e+00 7.75000000000000000e+00 3.73844915790063053e-03 2.01013883226592044e-05
 7.75000000000000000e+00 7.79166666666666696e+00 3.70807801811146162e-03 1.76692900202989986e-05
 7.79166666666666696e+00 7.83333333333333304e+00 3.65434288652524784e-03 1.80914809215479499e-05
 7.83333333333333304e+00 7.87500000000000000e+00 3.59117990265387689e-03 1.80606935553791872e-05
 7.87500000000000000e+00 7.91666666666666696e+00 3.53479938514381651e-03 1.76867410027967843e-05
 7.91666666666666696e+00 7.95833333333333304e+00 3.44072559052442488e-03 2.00063946494887185e-05
 7.95833333333333304e+00 8.00000000000000000e+00 3.44779426854064947e-03 1.84290316384148114e-05
 8.00000000000000000e+00 8.04166666666666607e+00 3.35532434239633809e-03 1.70669587136442074e-05
 8.04166666666666607e+00 8.08333333333333393e+00 3.30278041207723253e-03 1.78587169246938536e-05
 8.08333333333333393e+00 8.12500000000000000e+00 3.25184592790047234e-03 1.92691268341552506e-05
 8.12500000000000000e+00 8.16666666666666607e+00 3.17124279423343413e-03 1.65457045056585312e-05
 8.16666666666666607e+00 8.20833333333333393e+00 3.14806701464927273e-03 1.76965783254119038e-05
 8.20833333333333393e+00 8.25000000000000000e+00 3.09955384850994081e-03 1.76051151813036445e-05
 8.25000000000000000e+00 8.29166666666666607e+00 3.06194424735076881e-03 1.79326939316940761e-05
 8.29166666666666607e+00 8.33333333333333393e+00 2.98507960934621831e-03 1.64853717819157686e-05
 8.33333333333333393e+00 8.37500000000000000e+00 2.93986766941233772e-03 1.80643951819072498e-05
 8.37500000000000000e+00 8.41666666666666607e+00 2.89209436861871238e-03 1.65397571263099795e-05
 8.41666666666666607e+00 8.45833333333333393e+00 2.85459178023814847e-03 1.76128059703305483e-05
 8.45833333333333393e+00 8.50000000000000000e+00 2.79671453813605400e-03 1.64456890362428193e-05
 8.50000000000000000e+00 8.54166666666666607e+00 2.79088649798436882e-03 1.67998120519746438e-05
 8.54166666666666607e+00 8.58333333333333393e+00 2.73087476373154924e-03 1.70635071645496002e-05
 8.58333333333333393e+00 8.62500000000000000e+00 2.68390285971165619e-03 1.62510527396851954e-05
 8.62500000000000000e+00 8.66666666666666607e+00 2.63897443121469295e-03 1.70652579669749096e-05
 8.66666666666666607e+00 8.70833333333333393e+00 2.55328622375946635e-03 1.66044436319812574e-05
 8.70833333333333393e+00 8.75000000000000000e+00 2.56480754756394048e-03 1.62298706826706252e-05
 8.75000000000000000e+00 8.79166666666666607e+00 2.51826095966837952e-03 1.65979362472230668e-05
 8.79166666666666607e+00 8.83333333333333393e+00 2.45553662775353830e-03 1.47403561728343963e-05
 8.83333333333333393e+00 8.87500000000000000e+00 2.43721923712248920e-03 1.56803866526355128e-05
 8.87500000000000000e+00 8.91666666666666607e+00 2.42095130837719332e-03 1.71986535759446738e-05
 8.91666666666666607e+00 8.95833333333333393e+00 2.34323776292036769e-03 1.51538099909044073e-05
 8.95833333333333393e+00 9.00000000000000000e+00 2.29247322575966157e-03 1.46571082829136944e-05
 9.00000000000000000e+00 9.04166666666666607e+00 2.27212018908935819e-03 1.72041691595522985e-05
 9.04166666666666607e+00 9.08333333333333393e+00 2.24346310799980551e-03 1.48404682591887365e-05
 9.08333333333333393e+00 9.12500000000000000e+00 2.20513923087943282e-03 1.48521245619491895e-05
 9.12500000000000000e+00 9.16666666666666607e+00 2.18762529675751776e-03 1.49347780619653402e-05
 9.16666666666666607e+00 9.20833333333333393e+00 2.12387679919541711e-03 1.38090240560283412e-05
 9.20833333333333393e+00 9.25000000000000000e+00 2.10179585055367355e-03 1.63599801291033400e-05
 9.25000000000000000e+00 9.29166666666666607e+00 2.08109223413459766e-03 1.54905486963864179e-05
 9.29166666666666607e+00 9.33333333333333393e+00 2.05025242388665041e-03 1.67116988808666576e-05
 9.33333333333333393e+00 9.37500000000000000e+00 2.00570299348750997e-03 1.97005771873889120e-05
 9.37500000000000000e+00 9.41666666666666607e+00 1.95900344916236698e-03 1.39802029961946252e-05
 9.41666666666666607e+00 9.45833333333333393e+00 1.94017214841753650e-03 1.46539421170247560e-05
 9.45833333333333393e+00 9.50000000000000000e+00 1.89903062959551712e-03 1.43448979384786096e-05
 9.50000000000000000e+00 9.54166666666666607e+00 1.87929412078038515e-03 1.47255607108383306e-05
 9.54166666666666607e+00 9.58333333333333393e+00 1.82889491110835084e-03 1.27638249353611571e-05
 9.58333333333333393e+00 9.62500000000000000e+00 1.83077122085228646e-03 1.49214857945500320e-05
 9.62500000000000000e+00 9.66666666666666607e+00 1.79206476638583273e-03 1.29575563350977137e-05
 9.66666666666666607e+00 9.70833333333333393e+00 1.77104159589456037e-03 1.27191870114335027e-05
 9.70833333333333393e+00 9.75000000000000000e+00 1.72502705045680244e-03 1.40914596217416820e-05
 9.75000000000000000e+00 9.79166666666666607e+00 1.68374577569622183e-03 1.22574114127945466e-05
 9.79166666666666607e+00 9.83333333333333393e+00 1.70527491199963456e-03 1.33458827554450292e-05
 9.83333333333333393e+00 9.87500000000000000e+00 1.62645681898003253e-03 1.30886359904953981e-05
 9.87500000000000000e+00 9.91666666666666607e+00 1.63664596752503160e-03 1.34989552746166290e-05
 9.91666666666666607e+00 9.95833333333333393e+00 1.63198947430081599e-03 1.31430133103761093e-05
 9.95833333333333393e+00 1.00000000000000000e+01 1.57271309652231672e-03 1.42390604948530340e-05
 1.00000000000000000e+01 1.00416666666666661e+01 1.57475463683999593e-03 1.31048857807242582e-05
 1.00416666666666661e+01 1.00833333333333339e+01 1.50119751428882129e-03 1.24969125531282711e-05
 1.00833333333333339e+01 1.01250000000000000e+01 1.48370452639527261e-03 1.18115722107342712e-05
 1.01250000000000000e+01 1.01666666666666661e+01 1.46027284707555410e-03 1.26295700926614435e-05
 1.01666666666666661e+01 1.02083333333333339e+01 1.44645188819109670e-03 1.42611933072084661e-05
 1.02083333333333339e+01 1.02500000000000000e+01 1.43401986337325692e-03 1.28800400441989752e-05
 1.02500000000000000e+01 1.02916666666666661e+01 1.41538196474209964e-03 1.40045176180837221e-05
 1.02916666666666661e+01 1.03333333333333339e+01 1.36142739655034629e-03 1.19608995614084009e-05
 1.03333333333333339e+01 1.03750000000000000e+01 1.35611702495356851e-03 1.37049506749232520e-05
 1.03750000000000000e+01 1.04166666666666661e+01 1.34398419522804673e-03 1.17149120015473494e-05
 1.04166666666666661e+01 1.04583333333333339e+01 1.31776572620193565e-03 1.21338234830315210e-05
 1.04583333333333339e+01 1.05000000000000000e+01 1.29480205247800963e-03 1.27314135277029444e-05
 1.05000000000000000e+01 1.05416666666666661e+01 1.26554183335019096e-03 1.21706816489103602e-05
 1.05416666666666661e+01 1.05833333333333339e+01 1.25885911711944173e-03 1.24662628045006114e-05
 1.05833333333333339e+01 1.06250000000000000e+01 1.22531879241603490e-03 1.17360432897239182e-05
 1.06250000000000000e+01 1.06666666666666661e+01 1.21376810847527395e-03 1.23290281607838652e-05
 1.06666666666666661e+01 1.07083333333333339e+01 1.18615596317813614e-03 1.16775917942925409e-05
 1.07083333333333339e+01 1.07500000000000000e+01 1.17211371952870985e-03 1.18638498953930200e-05
 1.07500000000000000e+01 1.07916666666666661e+01 1.16722158915096952e-03 1.46905823483565318e-05
 1.07916666666666661e+01 1.08333333333333339e+01 1.13689370978726579e-03 1.29229847834409181e-05
 1.08333333333333339e+01 1.08750000000000000e+01 1.11397876305190341e-03 1.15740523261381408e-05
 1.08750000000000000e+01 1.09166666666666661e+01 1.09930803424806143e-03 1.10643979396722872e-05
 1.09166666666666661e+01 1.09583333333333339e+01 1.11904548280491599e-03 1.63303362491120919e-05
 1.09583333333333339e+01 1.10000000000000000e+01 1.06957266830822774e-03 1.11491771372577202e-05
 1.10000000000000000e+01 1.10416666666666661e+01 1.04027955513097338e-03 1.17268712998652252e-05
 1.10416666666666661e+01 1.10833333333333339e+01 1.04136254237757872e-03 1.22488595020078219e-05
 1.10833333333333339e+01 1.11250000000000000e+01 1.02858261314807300e-03 1.32345937365615664e-05
 1.11250000000000000e+01 1.11666666666666661e+01 9.82751158087563246e-04 1.10419555900995132e-05
 1.11666666666666661e+01 1.12083333333333339e+01 9.81846061725809554e-04 1.12291007843222605e-05
 1.12083333333333339e+01 1.12500000000000000e+01 9.64058106243440103e-04 1.22842878033752459e-05
 1.12500000000000000e+01 1.12916666666666661e+01 9.38725587207299124e-04 1.10574500448267339e-05
 1.12916666666666661e+01 1.13333333333333339e+01 9.00808596108993668e-04 9.72794840975006230e-06
 1.13333333333333339e+01 1.13750000000000000e+01 9.26220431008332274e-04 1.30234395894148692e-05
 1.13750000000000000e+01 1.14166666666666661e+01 9.03648420087610157e-04 1.21433765195412876e-05
 1.14166666666666661e+01 1.14583333333333339e+01 8.85432492235971183e-04 1.15106654535595691e-05
 1.14583333333333339e+01 1.15000000000000000e+01 8.78094986598655257e-04 1.15425492142391293e-05
 1.15000000000000000e+01 1.15416666666666661e+01 8.40393152107350196e-04 1.00925963589492693e-05
 1.15416666666666661e+01 1.15833333333333339e+01 8.62635004297283717e-04 1.32241578881766480e-05
 1.15833333333333339e+01 1.16250000000000000e+01 8.43616002580042349e-04 1.08254149636434273e-05
 1.16250000000000000e+01 1.16666666666666661e+01 8.12047316412093018e-04 1.01380220494319826e-05
 1.16666666666666661e+01 1.17083333333333339e+01 7.99411048160319246e-04 1.20997872240910721e-05
 1.17083333333333339e+01 1.17500000000000000e+01 7.92212193318982496e-04 1.07138852251699446e-05
 1.17500000000000000e+01 1.17916666666666661e+01 7.75339480685892997e-04 1.04211823516395331e-05
 1.17916666666666661e+01 1.18333333333333339e+01 7.66391651579515008e-04 9.88912559956896993e-06
 1.18333333333333339e+01 1.18750000000000000e+01 7.60832950708951366e-04 1.01808602333787460e-05
 1.18750000000000000e+01 1.19166666666666661e+01 7.35674269789320838e-04 9.67155384819901224e-06
 1.19166666666666661e+01 1.19583333333333339e+01 7.19066705018371784e-04 9.12599676774991403e-06
 1.19583333333333339e+01 1.20000000000000000e+01 7.04125803151625825e-04 9.59939928039706436e-06
 1.20000000000000000e+01 1.20416666666666661e+01 7.01626681992474329e-04 1.04135518814844562e-05
 1.20416666666666661e+01 1.20833333333333339e+01 6.95981519481003600e-04 9.40669530193599584e-06
 1.20833333333333339e+01 1.21250000000000000e+01 6.59993921810089409e-04 8.84983194157864049e-06
 1.21250000000000000e+01 1.21666666666666661e+01 6.78235847276050983e-04 1.28951432109225852e-05
 1.21666666666666661e+01 1.22083333333333339e+01 6.44364610731388665e-04 9.41382982879614042e-06
 1.22083333333333339e+01 1.22500000000000000e+01 6.28391299966081333e-04 9.38068493317092374e-06
 1.22500000000000000e+01 1.22916666666666661e+01 6.26795745832568426e-04 1.04701556748443716e-05
 1.22916666666666661e+01 1.23333333333333339e+01 6.21062396073336262e-04 1.05065914937396934e-05
 1.23333333333333339e+01 1.23750000000000000e+01 6.26239480120129857e-04 1.38882740935255488e-05
 1.23750000000000000e+01 1.24166666666666661e+01 6.13018296388866471e-04 1.28088661248401633e-05
 1.24166666666666661e+01 1.24583333333333339e+01 6.00192406179957984e-04 9.12622499540719849e-06
 1.24583333333333339e+01 1.25000000000000000e+01 5.82252875491662682e-04 8.98555648561295074e-06
 1.25000000000000000e+01 1.25416666666666661e+01 5.61044459220030726e-04 9.39238578563785187e-06
 1.25416666666666661e+01 1.25833333333333339e+01 5.50864405225157117e-04 8.54757867066277029e-06
 1.25833333333333339e+01 1.26250000000000000e+01 5.56769726666157512e-04 9.17735153250666837e-06
 1.26250000000000000e+01 1.26666666666666661e+01 5.26461703522469217e-04 8.44929376433655623e-06
 1.26666666666666661e+01 1.27083333333333339e+01 5.23211314084637410e-04 8.23834650962849888e-06
 1.27083333333333339e+01 1.27500000000000000e+01 5.48108630185251480e-04 1.17757031269774213e-05
 1.27500000000000000e+01 1.27916666666666661e+01 5.28966964883968260e-04 1.16245007303071877e-05
 1.27916666666666661e+01 1.28333333333333339e+01 4.95463596228785008e-04 9.97281391503762204e-06
 1.28333333333333339e+01 1.28750000000000000e+01 4.97564463288964953e-04 9.57039095793963144e-06
 1.28750000000000000e+01 1.29166666666666661e+01 4.78051797261746917e-04 9.07175329668651692e-06
 1.29166666666666661e+01 1.29583333333333339e+01 4.73813958531303062e-04 9.66777121490338348e-06
 1.29583333333333339e+01 1.30000000000000000e+01 4.63008699258889123e-04 7.55726578547153172e-06
 1.30000000000000000e+01 1.30416666666666661e+01 4.73827130870123890e-04 1.00833936919693614e-05
 1.30416666666666661e+01 1.30833333333333339e+01 4.51243518024959560e-04 8.94554753266244181e-06
 1.30833333333333339e+01 1.31250000000000000e+01 4.19517221581100204e-04 7.69099985808410174e-06
 1.31250000000000000e+01 1.31666666666666661e+01 4.21586611278339793e-04 7.46033820392403602e-06
 1.31666666666666661e+01 1.32083333333333339e+01 4.19036118205573765e-04 7.60673085261427767e-06
 1.32083333333333339e+01 1.32500000000000000e+01 4.05362394243038754e-04 7.12120865558408878e-06
 1.32500000000000000e+01 1.32916666666666661e+01 3.98660964609007479e-04 7.97757795858986480e-06
 1.32916666666666661e+01 1.33333333333333339e+01 3.92118379498684650e-04 1.05558620032158786e-05
 1.33333333333333339e+01 1.33750000000000000e+01 3.93158399066388230e-04 7.28228242932902003e-06
 1.33750000000000000e+01 1.34166666666666661e+01 3.71738137255809946e-04 7.06157762843924590e-06
 1.34166666666666661e+01 1.34583333333333339e+01 3.91756315879796652e-04 2.03778405725012946e-05
 1.34583333333333339e+01 1.35000000000000000e+01 3.65335594613259995e-04 7.19174383811743190e-06
 1.35000000000000000e+01 1.35416666666666661e+01 3.72568319042689011e-04 7.53310648043060077e-06
 1.35416666666666661e+01 1.35833333333333339e+01 3.66747962787426340e-04 1.04509590925016237e-05
 1.35833333333333339e+01 1.36250000000000000e+01 3.63796495748057566e-04 8.73286041536353716e-06
 1.36250000000000000e+01 1.36666666666666661e+01 3.48493048299608791e-04 9.36212939859240958e-06
 1.36666666666666661e+01 1.37083333333333339e+01 3.45460976152566347e-04 7.43868373274221717e-06
 1.37083333333333339e+01 1.37500000000000000e+01 3.39062985491293389e-04 9.92714689020323947e-06
 1.37500000000000000e+01 1.37916666666666661e+01 3.32752256562244989e-04 7.46085450498986487e-06
 1.37916666666666661e+01 1.38333333333333339e+01 3.25367758683108976e-04 7.40653743630327253e-06
 1.38333333333333339e+01 1.38750000000000000e+01 3.04305356772940992e-04 6.48445804651167141e-06
 1.38750000000000000e+01 1.39166666666666661e+01 2.95603277153482641e-04 6.49174933256408397e-06
 1.39166666666666661e+01 1.39583333333333339e+01 2.95585315910880636e-04 7.59448813929588317e-06
 1.39583333333333339e+01 1.40000000000000000e+01 2.94850046017898460e-04 7.36379157439786222e-06
 1.40000000000000000e+01 1.40416666666666661e+01 2.82567602520343141e-04 7.38812905409029899e-06
 1.40416666666666661e+01 1.40833333333333339e+01 2.96211585373604624e-04 1.40308300167485010e-05
 1.40833333333333339e+01 1.41250000000000000e+01 2.82024592984420649e-04 7.58321709716188765e-06
 1.41250000000000000e+01 1.41666666666666661e+01 2.83346274473609226e-04 9.39876615667883609e-06
 1.41666666666666661e+01 1.42083333333333339e+01 2.81095171256071747e-04 7.97454241770622015e-06
 1.42083333333333339e+01 1.42500000000000000e+01 2.76508781905177503e-04 1.02011116244711420e-05
 1.42500000000000000e+01 1.42916666666666661e+01 2.51527180351481287e-04 6.03341342335450849e-06
 1.42916666666666661e+01 1.43333333333333339e+01 2.54348530180157207e-04 7.29123013831895493e-06
 1.43333333333333339e+01 1.43750000000000000e+01 2.52762519625399909e-04 1.12167133604520122e-05
 1.43750000000000000e+01 1.44166666666666661e+01 2.38431379252285441e-04 6.29435368471011807e-06
 1.44166666666666661e+01 1.44583333333333339e+01 2.35490600528490661e-04 6.49821643829510417e-06
 1.44583333333333339e+01 1.45000000000000000e+01 2.43013250860280451e-04 7.81291460594287528e-06
 1.45000000000000000e+01 1.45416666666666661e+01 2.30183564775553027e-04 9.07992661757535939e-06
 1.45416666666666661e+01 1.45833333333333339e+01 2.17163514900000439e-04 6.16037636456722551e-06
 1.45833333333333339e+01 1.46250000000000000e+01 2.11378535526066927e-04 6.92005328108219297e-06
 1.46250000000000000e+01 1.46666666666666661e+01 2.12831543133592404e-04 7.14877345944475204e-06
 1.46666666666666661e+01 1.47083333333333339e+01 2.00647771975702335e-04 6.54502062769721017e-06
 1.47083333333333339e+01 1.47500000000000000e+01 2.01325789602934823e-04 5.92026692587537474e-06
 1.47500000000000000e+01 1.47916666666666661e+01 1.91432331972713322e-04 6.52006386213531016e-06
 1.47916666666666661e+01 1.48333333333333339e+01 1.94557113634790014e-04 7.57837292361411188e-06
 1.48333333333333339e+01 1.48750000000000000e+01 1.90964662365080247e-04 5.98437513898528234e-06
 1.48750000000000000e+01 1.49166666666666661e+01 1.76716876060557397e-04 5.53504618702531473e-06
 1.49166666666666661e+01 1.49583333333333339e+01 1.74381425419384463e-04 5.42567907211442048e-06
 1.49583333333333339e+01 1.50000000000000000e+01 1.83236184063044732e-04 1.32040964702628111e-05
 1.50000000000000000e+01 1.50416666666666661e+01 1.76835426238274815e-04 7.22339019883331818e-06
 1.50416666666666661e+01 1.50833333333333339e+01 1.69958044161357759e-04 5.65937952763703435e-06
 1.50833333333333339e+01 1.51250000000000000e+01 1.56621979364154245e-04 5.55856148187572106e-06
 1.51250000000000000e+01 1.51666666666666661e+01 1.62633241438803438e-04 7.74377684902326594e-06
 1.51666666666666661e+01 1.52083333333333339e+01 1.64531743085323377e-04 6.66468495543636984e-06
 1.52083333333333339e+01 1.52500000000000000e+01 1.55101639005742137e-04 5.46352322675210136e-06
 1.52500000000000000e+01 1.52916666666666661e+01 1.53924219036218469e-04 6.81439584487392719e-06
 1.52916666666666661e+01 1.53333333333333339e+01 1.58703393864750034e-04 1.24511522373856005e-05
 1.53333333333333339e+01 1.53750000000000000e+01 1.47320061201857783e-04 1.11835249452880860e-05
 1.53750000000000000e+01 1.54166666666666661e+01 1.39950267448232004e-04 5.51176586087043534e-06
 1.54166666666666661e+01 1.54583333333333339e+01 1.36514921322508181e-04 5.24329090388151056e-06
 1.54583333333333339e+01 1.55000000000000000e+01 1.32450183061513262e-04 5.29572795593367578e-06
 1.55000000000000000e+01 1.55416666666666661e+01 1.21249058046125636e-04 4.69860007677224593e-06
 1.55416666666666661e+01 1.55833333333333339e+01 1.22889202602561161e-04 4.73731654222135387e-06
 1.55833333333333339e+01 1.56250000000000000e+01 1.21202298939944626e-04 5.19425942925919682e-06
 1.56250000000000000e+01 1.56666666666666661e+01 1.22731483425741930e-04 7.00007409800088681e-06
 1.56666666666666661e+01 1.57083333333333339e+01 1.10429732248648959e-04 5.22998534713752703e-06
 1.57083333333333339e+01 1.57500000000000000e+01 1.06258367783738778e-04 4.03958606131854409e-06
 1.57500000000000000e+01 1.57916666666666661e+01 1.04416432153054523e-04 4.17848157849569446e-06
 1.57916666666666661e+01 1.58333333333333339e+01 1.06685577055158797e-04 5.04331556659114132e-06
 1.58333333333333339e+01 1.58750000000000000e+01 9.94419152966357240e-05 4.46497208339193239e-06
 1.58750000000000000e+01 1.59166666666666661e+01 1.03063877739097712e-04 4.95253335343260491e-06
 1.59166666666666661e+01 1.59583333333333339e+01 9.68058594287834486e-05 4.94255031377354054e-06
 1.59583333333333339e+01 1.60000000000000000e+01 9.48523297095266410e-05 4.49153081677348262e-06
 1.60000000000000000e+01 1.60416666666666679e+01 8.41878586435302045e-05 3.96302642039122051e-06
 1.60416666666666679e+01 1.60833333333333321e+01 9.04060799570351756e-05 4.67584899889611623e-06
 1.60833333333333321e+01 1.61250000000000000e+01 9.32153020513810124e-05 6.42528722793825634e-06
 1.61250000000000000e+01 1.61666666666666679e+01 8.48078042790179271e-05 4.11917375029159972e-06
 1.61666666666666679e+01 1.62083333333333321e+01 8.01413464517307519e-05 3.68965144224258669e-06
 1.62083333333333321e+01 1.62500000000000000e+01 8.19795852346452594e-05 4.91546822044313218e-06
 1.62500000000000000e+01 1.62916666666666679e+01 8.13994326287952535e-05 3.91269044903136247e-06
 1.62916666666666679e+01 1.63333333333333321e+01 6.87830929972572426e-05 4.01758242837131603e-06
 1.63333333333333321e+01 1.63750000000000000e+01 7.25982657105487091e-05 4.18488164242637823e-06
 1.63750000000000000e+01 1.64166666666666679e+01 7.17203148182555010e-05 3.86704893226518954e-06
 1.64166666666666679e+01 1.64583333333333321e+01 7.07123032229660739e-05 3.98071824857641098e-06
 1.64583333333333321e+01 1.65000000000000000e+01 6.39108884623154942e-05 3.59215064900977319e-06
 1.65000000000000000e+01 1.65416666666666679e+01 6.79202551503909686e-05 3.73947856169581638e-06
 1.65416666666666679e+01 1.65833333333333321e+01 6.59903833978319523e-05 5.38211711486497536e-06
 1.65833333333333321e+01 1.66250000000000000e+01 6.07065422661866297e-05 3.56520789074148863e-06
 1.66250000000000000e+01 1.66666666666666679e+01 5.93180728291039573e-05 4.42775474277464776e-06
 1.66666666666666679e+01 1.67083333333333321e+01 5.99190228019106690e-05 4.35775483449667077e-06
 1.67083333333333321e+01 1.67500000000000000e+01 5.18742489103197221e-05 3.23114823904142419e-06
 1.67500000000000000e+01 1.67916666666666679e+01 6.10544271848027515e-05 5.15382386635753479e-06
 1.67916666666666679e+01 1.68333333333333321e+01 5.15655989364810166e-05 3.25193919234277266e-06
 1.68333333333333321e+01 1.68750000000000000e+01 5.16074583136188092e-05 5.24629275028684117e-06
 1.68750000000000000e+01 1.69166666666666679e+01 4.83518219467268118e-05 3.15006088925374399e-06
 1.69166666666666679e+01 1.69583333333333321e+01 4.81383726476268596e-05 3.94581004586690127e-06
 1.69583333333333321e+01 1.70000000000000000e+01 4.43540181740182012e-05 3.87195971017820060e-06
 1.70000000000000000e+01 1.70416666666666679e+01 4.21122560308456937e-05 3.18982149191402740e-06
 1.70416666666666679e+01 1.70833333333333321e+01 4.48473241579175962e-05 3.16839763464132307e-06
 1.70833333333333321e+01 1.71250000000000000e+01 4.17381367790657475e-05 3.00973842644727618e-06
 1.71250000000000000e+01 1.71666666666666679e+01 4.10320858814803969e-05 7.69762066447587856e-06
 1.71666666666666679e+01 1.72083333333333321e+01 3.02078745200229944e-05 2.44924615938841377e-06
 1.72083333333333321e+01 1.72500000000000000e+01 3.50918097956212318e-05 3.01425367143538453e-06
 1.72500000000000000e+01 1.72916666666666679e+01 3.17448413540369090e-05 2.80919779739095196e-06
 1.72916666666666679e+01 1.73333333333333321e+01 3.58013615194647600e-05 4.06750141719976253e-06
 1.73333333333333321e+01 1.73750000000000000e+01 2.98155322393791683e-05 2.31663600990584927e-06
 1.73750000000000000e+01 1.74166666666666679e+01 2.56616619698280203e-05 2.25703801423767087e-06
 1.74166666666666679e+01 1.74583333333333321e+01 3.07307601985051709e-05 4.02623938060934937e-06
 1.74583333333333321e+01 1.75000000000000000e+01 3.34346841889522303e-05 3.16859004984249184e-06
 1.75000000000000000e+01 1.75416666666666679e+01 2.52514531354292639e-05 2.70717412583638082e-06
 1.75416666666666679e+01 1.75833333333333321e+01 2.54140379229993331e-05 2.59288177002867961e-06
 1.75833333333333321e+01 1.76250000000000000e+01 2.91759792165412242e-05 6.62592023120694515e-06
 1.76250000000000000e+01 1.76666666666666679e+01 2.02144088871996792e-05 2.61938471033066989e-06
 1.76666666666666679e+01 1.77083333333333321e+01 1.92726606069376805e-05 2.42321002105530636e-06
 1.77083333333333321e+01 1.77500000000000000e+01 1.97739288671666125e-05 2.04995746691182751e-06
 1.77500000000000000e+01 1.77916666666666679e+01 2.36711511934766575e-05 3.16902798587467866e-06
 1.77916666666666679e+01 1.78333333333333321e+01 1.86526318426304255e-05 2.74874335717768134e-06
 1.78333333333333321e+01 1.78750000000000000e+01 2.15264287224646917e-05 2.59027310023748076e-06
 1.78750000000000000e+01 1.79166666666666679e+01 2.33246891164866818e-05 2.90878801481319942e-06
 1.79166666666666679e+01 1.79583333333333321e+01 1.86776104687176884e-05 3.18114089727184754e-06
 1.79583333333333321e+01 1.80000000000000000e+01 1.69814720003168954e-05 2.35812847373577070e-06
 1.80000000000000000e+01 1.80416666666666679e+01 1.35814834021065526e-05 2.06047114379586627e-06
 1.80416666666666679e+01 1.80833333333333321e+01 1.40811344474400276e-05 2.20722223483100432e-06
 1.80833333333333321e+01 1.81250000000000000e+01 1.12063034183664096e-05 1.52033084331192967e-06
 1.81250000000000000e+01 1.81666666666666679e+01 1.12811896093156117e-05 1.76235019892201361e-06
 1.81666666666666679e+01 1.82083333333333321e+01 8.99259526892957999e-06 1.44154812791777383e-06
 1.82083333333333321e+01 1.82500000000000000e+01 6.85482321913587642e-06 1.24666676274238582e-06
 1.82500000000000000e+01 1.82916666666666679e+01 6.60947729634302103e-06 1.23807985765645301e-06
 1.82916666666666679e+01 1.83333333333333321e+01 1.05191226677933581e-05 2.07533659283415384e-06
 1.83333333333333321e+01 1.83750000000000000e+01 6.10828757647072867e-06 1.20084469254939163e-06
 1.83750000000000000e+01 1.84166666666666679e+01 8.69985360539477375e-06 3.42874655957633086e-06
 1.84166666666666679e+01 1.84583333333333321e+01 6.02368356591852509e-06 1.03273323750389508e-06
 1.84583333333333321e+01 1.85000000000000000e+01 2.99235339746185506e-06 7.63170123598150732e-07
 1.85000000000000000e+01 1.85416666666666679e+01 2.31287793532531658e-06 5.63922206828850212e-07
 1.85416666666666679e+01 1.85833333333333321e+01 3.74820614951613627e-06 8.84934033694532807e-07
 1.85833333333333321e+01 1.86250000000000000e+01 4.28428501885154199e-06 1.12131198473395407e-06
 1.86250000000000000e+01 1.86666666666666679e+01 1.69437863509476364e-06 4.41482211030630703e-07
 1.86666666666666679e+01 1.87083333333333321e+01 2.04091819675370025e-06 5.05126240795619573e-07
 1.87083333333333321e+01 1.87500000000000000e+01 3.42862213294968223e-06 1.13991962652618356e-06
 1.87500000000000000e+01 1.87916666666666679e+01 3.10878118817025292e-06 1.51339511473704598e-06
 1.87916666666666679e+01 1.88333333333333321e+01 1.69583705531953067e-06 8.19991378578779567e-07
 1.88333333333333321e+01 1.88750000000000000e+01 4.43237280834394085e-06 1.82052656034336024e-06
 1.88750000000000000e+01 1.89166666666666679e+01 1.95599237879110599e-06 1.12462260253950518e-06
 1.89166666666666679e+01 1.89583333333333321e+01 1.42743686526457867e-06 8.50736053250757946e-07
 1.89583333333333321e+01 1.90000000000000000e+01 7.09026298530042521e-07 3.72403741668937749e-07
 1.90000000000000000e+01 1.90416666666666679e+01 4.63216021879873057e-07 2.98487370717807705e-07
 1.90416666666666679e+01 1.90833333333333321e+01 1.89103003859113047e-07 1.10452293116672614e-07
 1.90833333333333321e+01 1.91250000000000000e+01 3.73226665963420025e-07 2.30978738890362490e-07
 1.91250000000000000e+01 1.91666666666666679e+01 2.99301021933613927e-08 2.99301021933613927e-08
 1.91666666666666679e+01 1.92083333333333321e+01 3.40953850437898652e-07 3.40953850437898652e-07
 1.92083333333333321e+01 1.92500000000000000e+01 1.83626854611902140e-07 1.83626854611902140e-07
 1.92500000000000000e+01 1.92916666666666679e+01 0.00000000000000000e+00 0.00000000000000000e+00
 1.92916666666666679e+01 1.93333333333333321e+01 0.00000000000000000e+00 0.00000000000000000e+00
 1.93333333333333321e+01 1.93750000000000000e+01 0.00000000000000000e+00 0.00000000000000000e+00
 1.93750000000000000e+01 1.94166666666666679e+01 0.00000000000000000e+00 0.00000000000000000e+00
 1.94166666666666679e+01 1.94583333333333321e+01 0.00000000000000000e+00 0.00000000000000000e+00
 1.94583333333333321e+01 1.95000000000000000e+01 0.00000000000000000e+00 0.00000000000000000e+00
 1.95000000000000000e+01 1.95416666666666679e+01 0.00000000000000000e+00 0.00000000000000000e+00
 1.95416666666666679e+01 1.95833333333333321e+01 0.00000000000000000e+00 0.00000000000000000e+00
 1.95833333333333321e+01 1.96250000000000000e+01 0.00000000000000000e+00 0.00000000000000000e+00
 1.96250000000000000e+01 1.96666666666666679e+01 0.00000000000000000e+00 0.00000000000000000e+00
 1.96666666666666679e+01 1.97083333333333321e+01 0.00000000000000000e+00 0.00000000000000000e+00
 1.97083333333333321e+01 1.97500000000000000e+01 0.00000000000000000e+00 0.00000000000000000e+00
 1.97500000000000000e+01 1.97916666666666679e+01 0.00000000000000000e+00 0.00000000000000000e+00
 1.97916666666666679e+01 1.98333333333333321e+01 0.00000000000000000e+00 0.00000000000000000e+00
 1.98333333333333321e+01 1.98750000000000000e+01 0.00000000000000000e+00 0.00000000000000000e+00
 1.98750000000000000e+01 1.99166666666666679e+01 0.00000000000000000e+00 0.00000000000000000e+00
 1.99166666666666679e+01 1.99583333333333321e+01 0.00000000000000000e+00 0.00000000000000000e+00
 1.99583333333333321e+01 2.00000000000000000e+01 0.00000000000000000e+00 0.00000000000000000e+00
 2.00000000000000000e+01 2.00416666666666679e+01 0.00000000000000000e+00 0.00000000000000000e+00
 2.00416666666666679e+01 2.00833333333333321e+01 0.00000000000000000e+00 0.00000000000000000e+00
 2.00833333333333321e+01 2.01250000000000000e+01 0.00000000000000000e+00 0.00000000000000000e+00
 2.01250000000000000e+01 2.01666666666666679e+01 0.00000000000000000e+00 0.00000000000000000e+00
 2.01666666666666679e+01 2.02083333333333321e+01 0.00000000000000000e+00 0.00000000000000000e+00
 2.02083333333333321e+01 2.02500000000000000e+01 0.00000000000000000e+00 0.00000000000000000e+00
 2.02500000000000000e+01 2.02916666666666679e+01 0.00000000000000000e+00 0.00000000000000000e+00
 2.02916666666666679e+01 2.03333333333333321e+01 0.00000000000000000e+00 0.00000000000000000e+00
 2.03333333333333321e+01 2.03750000000000000e+01 0.00000000000000000e+00 0.00000000000000000e+00
 2.03750000000000000e+01 2.04166666666666679e+01 0.00000000000000000e+00 0.00000000000000000e+00
 2.04166666666666679e+01 2.04583333333333321e+01 0.00000000000000000e+00 0.00000000000000000e+00
 2.04583333333333321e+01 2.05000000000000000e+01 0.00000000000000000e+00 0.00000000000000000e+00
 2.05000000000000000e+01 2.05416666666666679e+01 0.00000000000000000e+00 0.00000000000000000e+00
 2.05416666666666679e+01 2.05833333333333321e+01 0.00000000000000000e+00 0.00000000000000000e+00
 2.05833333333333321e+01 2.06250000000000000e+01 0.00000000000000000e+00 0.00000000000000000e+00
 2.06250000000000000e+01 2.06666666666666679e+01 0.00000000000000000e+00 0.00000000000000000e+00
 2.06666666666666679e+01 2.07083333333333321e+01 0.00000000000000000e+00 0.00000000000000000e+00
 2.07083333333333321e+01 2.07500000000000000e+01 0.00000000000000000e+00 0.00000000000000000e+00
 2.07500000000000000e+01 2.07916666666666679e+01 0.00000000000000000e+00 0.00000000000000000e+00
 2.07916666666666679e+01 2.08333333333333321e+01 0.00000000000000000e+00 0.00000000000000000e+00
 2.08333333333333321e+01 2.08750000000000000e+01 0.00000000000000000e+00 0.00000000000000000e+00
 2.08750000000000000e+01 2.09166666666666679e+01 0.00000000000000000e+00 0.00000000000000000e+00
 2.09166666666666679e+01 2.09583333333333321e+01 0.00000000000000000e+00 0.00000000000000000e+00
 2.09583333333333321e+01 2.10000000000000000e+01 0.00000000000000000e+00 0.00000000000000000e+00
 2.10000000000000000e+01 2.10416666666666679e+01 0.00000000000000000e+00 0.00000000000000000e+00
 2.10416666666666679e+01 2.10833333333333321e+01 0.00000000000000000e+00 0.00000000000000000e+00
 2.10833333333333321e+01 2.11250000000000000e+01 0.00000000000000000e+00 0.00000000000000000e+00
 2.11250000000000000e+01 2.11666666666666679e+01 0.00000000000000000e+00 0.00000000000000000e+00
 2.11666666666666679e+01 2.12083333333333321e+01 0.00000000000000000e+00 0.00000000000000000e+00
 2.12083333333333321e+01 2.12500000000000000e+01 0.00000000000000000e+00 0.00000000000000000e+00
 2.12500000000000000e+01 2.12916666666666679e+01 0.00000000000000000e+00 0.00000000000000000e+00
 2.12916666666666679e+01 2.13333333333333321e+01 0.00000000000000000e+00 0.00000000000000000e+00
 2.13333333333333321e+01 2.13750000000000000e+01 0.00000000000000000e+00 0.00000000000000000e+00
 2.13750000000000000e+01 2.14166666666666679e+01 0.00000000000000000e+00 0.00000000000000000e+00
 2.14166666666666679e+01 2.14583333333333321e+01 0.00000000000000000e+00 0.00000000000000000e+00
 2.14583333333333321e+01 2.15000000000000000e+01 0.00000000000000000e+00 0.00000000000000000e+00
 2.15000000000000000e+01 2.15416666666666679e+01 0.00000000000000000e+00 0.00000000000000000e+00
 2.15416666666666679e+01 2.15833333333333321e+01 0.00000000000000000e+00 0.00000000000000000e+00
 2.15833333333333321e+01 2.16250000000000000e+01 0.00000000000000000e+00 0.00000000000000000e+00
 2.16250000000000000e+01 2.16666666666666679e+01 0.00000000000000000e+00 0.00000000000000000e+00
 2.16666666666666679e+01 2.17083333333333321e+01 0.00000000000000000e+00 0.00000000000000000e+00
 2.17083333333333321e+01 2.17500000000000000e+01 0.00000000000000000e+00 0.00000000000000000e+00
 2.17500000000000000e+01 2.17916666666666679e+01 0.00000000000000000e+00 0.00000000000000000e+00
 2.17916666666666679e+01 2.18333333333333321e+01 0.00000000000000000e+00 0.00000000000000000e+00
 2.18333333333333321e+01 2.18750000000000000e+01 0.00000000000000000e+00 0.00000000000000000e+00
 2.18750000000000000e+01 2.19166666666666679e+01 0.00000000000000000e+00 0.00000000000000000e+00
 2.19166666666666679e+01 2.19583333333333321e+01 0.00000000000000000e+00 0.00000000000000000e+00
 2.19583333333333321e+01 2.20000000000000000e+01 0.00000000000000000e+00 0.00000000000000000e+00
 2.20000000000000000e+01 2.20416666666666679e+01 0.00000000000000000e+00 0.00000000000000000e+00
 2.20416666666666679e+01 2.20833333333333321e+01 0.00000000000000000e+00 0.00000000000000000e+00
 2.20833333333333321e+01 2.21250000000000000e+01 0.00000000000000000e+00 0.00000000000000000e+00
 2.21250000000000000e+01 2.21666666666666679e+01 0.00000000000000000e+00 0.00000000000000000e+00
 2.21666666666666679e+01 2.22083333333333321e+01 0.00000000000000000e+00 0.00000000000000000e+00
 2.22083333333333321e+01 2.22500000000000000e+01 0.00000000000000000e+00 0.00000000000000000e+00
 2.22500000000000000e+01 2.22916666666666679e+01 0.00000000000000000e+00 0.00000000000000000e+00
 2.22916666666666679e+01 2.23333333333333321e+01 0.00000000000000000e+00 0.00000000000000000e+00
 2.23333333333333321e+01 2.23750000000000000e+01 0.00000000000000000e+00 0.00000000000000000e+00
 2.23750000000000000e+01 2.24166666666666679e+01 0.00000000000000000e+00 0.00000000000000000e+00
 2.24166666666666679e+01 2.24583333333333321e+01 0.00000000000000000e+00 0.00000000000000000e+00
 2.24583333333333321e+01 2.25000000000000000e+01 0.00000000000000000e+00 0.00000000000000000e+00
 2.25000000000000000e+01 2.25416666666666679e+01 0.00000000000000000e+00 0.00000000000000000e+00
 2.25416666666666679e+01 2.25833333333333321e+01 0.00000000000000000e+00 0.00000000000000000e+00
 2.25833333333333321e+01 2.26250000000000000e+01 0.00000000000000000e+00 0.00000000000000000e+00
 2.26250000000000000e+01 2.26666666666666679e+01 0.00000000000000000e+00 0.00000000000000000e+00
 2.26666666666666679e+01 2.27083333333333321e+01 0.00000000000000000e+00 0.00000000000000000e+00
 2.27083333333333321e+01 2.27500000000000000e+01 0.00000000000000000e+00 0.00000000000000000e+00
 2.27500000000000000e+01 2.27916666666666679e+01 0.00000000000000000e+00 0.00000000000000000e+00
 2.27916666666666679e+01 2.28333333333333321e+01 0.00000000000000000e+00 0.00000000000000000e+00
 2.28333333333333321e+01 2.28750000000000000e+01 0.00000000000000000e+00 0.00000000000000000e+00
 2.28750000000000000e+01 2.29166666666666679e+01 0.00000000000000000e+00 0.00000000000000000e+00
 2.29166666666666679e+01 2.29583333333333321e+01 0.00000000000000000e+00 0.00000000000000000e+00
 2.29583333333333321e+01 2.30000000000000000e+01 0.00000000000000000e+00 0.00000000000000000e+00
 2.30000000000000000e+01 2.30416666666666679e+01 0.00000000000000000e+00 0.00000000000000000e+00
 2.30416666666666679e+01 2.30833333333333321e+01 0.00000000000000000e+00 0.00000000000000000e+00
 2.30833333333333321e+01 2.31250000000000000e+01 0.00000000000000000e+00 0.00000000000000000e+00
 2.31250000000000000e+01 2.31666666666666679e+01 0.00000000000000000e+00 0.00000000000000000e+00
 2.31666666666666679e+01 2.32083333333333321e+01 0.00000000000000000e+00 0.00000000000000000e+00
 2.32083333333333321e+01 2.32500000000000000e+01 0.00000000000000000e+00 0.00000000000000000e+00
 2.32500000000000000e+01 2.32916666666666679e+01 0.00000000000000000e+00 0.00000000000000000e+00
 2.32916666666666679e+01 2.33333333333333321e+01 0.00000000000000000e+00 0.00000000000000000e+00
 2.33333333333333321e+01 2.33750000000000000e+01 0.00000000000000000e+00 0.00000000000000000e+00
 2.33750000000000000e+01 2.34166666666666679e+01 0.00000000000000000e+00 0.00000000000000000e+00
 2.34166666666666679e+01 2.34583333333333321e+01 0.00000000000000000e+00 0.00000000000000000e+00
 2.34583333333333321e+01 2.35000000000000000e+01 0.00000000000000000e+00 0.00000000000000000e+00
 2.35000000000000000e+01 2.35416666666666679e+01 0.00000000000000000e+00 0.00000000000000000e+00
 2.35416666666666679e+01 2.35833333333333321e+01 0.00000000000000000e+00 0.00000000000000000e+00
 2.35833333333333321e+01 2.36250000000000000e+01 0.00000000000000000e+00 0.00000000000000000e+00
 2.36250000000000000e+01 2.36666666666666679e+01 0.00000000000000000e+00 0.00000000000000000e+00
 2.36666666666666679e+01 2.37083333333333321e+01 0.00000000000000000e+00 0.00000000000000000e+00
 2.37083333333333321e+01 2.37500000000000000e+01 0.00000000000000000e+00 0.00000000000000000e+00
 2.37500000000000000e+01 2.37916666666666679e+01 0.00000000000000000e+00 0.00000000000000000e+00
 2.37916666666666679e+01 2.38333333333333321e+01 0.00000000000000000e+00 0.00000000000000000e+00
 2.38333333333333321e+01 2.38750000000000000e+01 0.00000000000000000e+00 0.00000000000000000e+00
 2.38750000000000000e+01 2.39166666666666679e+01 0.00000000000000000e+00 0.00000000000000000e+00
 2.39166666666666679e+01 2.39583333333333321e+01 0.00000000000000000e+00 0.00000000000000000e+00
 2.39583333333333321e+01 2.40000000000000000e+01 0.00000000000000000e+00 0.00000000000000000e+00
 2.40000000000000000e+01 2.40416666666666679e+01 0.00000000000000000e+00 0.00000000000000000e+00
 2.40416666666666679e+01 2.40833333333333321e+01 0.00000000000000000e+00 0.00000000000000000e+00
 2.40833333333333321e+01 2.41250000000000000e+01 0.00000000000000000e+00 0.00000000000000000e+00
 2.41250000000000000e+01 2.41666666666666679e+01 0.00000000000000000e+00 0.00000000000000000e+00
 2.41666666666666679e+01 2.42083333333333321e+01 0.00000000000000000e+00 0.00000000000000000e+00
 2.42083333333333321e+01 2.42500000000000000e+01 0.00000000000000000e+00 0.00000000000000000e+00
 2.42500000000000000e+01 2.42916666666666679e+01 0.00000000000000000e+00 0.00000000000000000e+00
 2.42916666666666679e+01 2.43333333333333321e+01 0.00000000000000000e+00 0.00000000000000000e+00
 2.43333333333333321e+01 2.43750000000000000e+01 0.00000000000000000e+00 0.00000000000000000e+00
 2.43750000000000000e+01 2.44166666666666679e+01 0.00000000000000000e+00 0.00000000000000000e+00
 2.44166666666666679e+01 2.44583333333333321e+01 0.00000000000000000e+00 0.00000000000000000e+00
 2.44583333333333321e+01 2.45000000000000000e+01 0.00000000000000000e+00 0.00000000000000000e+00
 2.45000000000000000e+01 2.45416666666666679e+01 0.00000000000000000e+00 0.00000000000000000e+00
 2.45416666666666679e+01 2.45833333333333321e+01 0.00000000000000000e+00 0.00000000000000000e+00
 2.45833333333333321e+01 2.46250000000000000e+01 0.00000000000000000e+00 0.00000000000000000e+00
 2.46250000000000000e+01 2.46666666666666679e+01 0.00000000000000000e+00 0.00000000000000000e+00
 2.46666666666666679e+01 2.47083333333333321e+01 0.00000000000000000e+00 0.00000000000000000e+00
 2.47083333333333321e+01 2.47500000000000000e+01 0.00000000000000000e+00 0.00000000000000000e+00
 2.47500000000000000e+01 2.47916666666666679e+01 0.00000000000000000e+00 0.00000000000000000e+00
 2.47916666666666679e+01 2.48333333333333321e+01 0.00000000000000000e+00 0.00000000000000000e+00
 2.48333333333333321e+01 2.48750000000000000e+01 0.00000000000000000e+00 0.00000000000000000e+00
 2.48750000000000000e+01 2.49166666666666679e+01 0.00000000000000000e+00 0.00000000000000000e+00
 2.49166666666666679e+01 2.49583333333333321e+01 0.00000000000000000e+00 0.00000000000000000e+00
 2.49583333333333321e+01 2.50000000000000000e+01 0.00000000000000000e+00 0.00000000000000000e+00

Histogram:sthav
 5.00000000000000000e+01 5.01333333333333329e+01 3.25391247242815919e-07 8.17039341743702956e-08
 5.01333333333333329e+01 5.02666666666666657e+01 3.16769029028255061e-06 2.98680922652600274e-07
 5.02666666666666657e+01 5.03999999999999986e+01 7.60678509123236060e-06 5.22582345742552487e-07
 5.03999999999999986e+01 5.05333333333333314e+01 1.32490118670565467e-05 5.91156910232282714e-07
 5.05333333333333314e+01 5.06666666666666643e+01 2.01732733783028357e-05 7.44301283599292549e-07
 5.06666666666666643e+01 5.07999999999999972e+01 2.81088887176803080e-05 8.43492615871660696e-07
 5.07999999999999972e+01 5.09333333333333300e+01 3.75645432270282082e-05 8.98571814708092857e-07
 5.09333333333333300e+01 5.10666666666666700e+01 5.00239886471952639e-05 1.02714261409845581e-06
 5.10666666666666700e+01 5.12000000000000028e+01 5.80281153625480741e-05 1.19826161289735508e-06
 5.12000000000000028e+01 5.13333333333333357e+01 7.40746573511380502e-05 1.23015132848789261e-06
 5.13333333333333357e+01 5.14666666666666686e+01 8.83926222764574982e-05 1.42414339821205336e-06
 5.14666666666666686e+01 5.16000000000000014e+01 1.02499348180360353e-04 1.38349263754743278e-06
 5.16000000000000014e+01 5.17333333333333343e+01 1.20616951756716745e-04 1.48977768806431698e-06
 5.17333333333333343e+01 5.18666666666666671e+01 1.49783138587354387e-04 1.92260852231262315e-06
 5.18666666666666671e+01 5.20000000000000000e+01 1.88282502788187262e-04 2.00979169195760150e-06
 5.20000000000000000e+01 5.21333333333333329e+01 2.49878520383599366e-04 2.67812695335289857e-06
 5.21333333333333329e+01 5.22666666666666657e+01 4.25967320032183557e-04 5.87382250452140626e-06
 5.22666666666666657e+01 5.23999999999999986e+01 6.84674409283253364e-04 5.42640175116427563e-06
 5.23999999999999986e+01 5.25333333333333314e+01 9.36777082761382782e-04 5.78815037810364222e-06
 5.25333333333333314e+01 5.26666666666666643e+01 1.19441824069190243e-03 6.27755077423551686e-06
 5.26666666666666643e+01 5.27999999999999972e+01 1.45074935106558143e-03 6.65035706120085764e-06
 5.27999999999999972e+01 5.29333333333333300e+01 1.68566912005967519e-03 7.93950968334762702e-06
 5.29333333333333300e+01 5.30666666666666700e+01 1.91570113233082416e-03 8.63688442462147875e-06
 5.30666666666666700e+01 5.32000000000000028e+01 2.13023676009251300e-03 7.52695744706031087e-06
 5.32000000000000028e+01 5.33333333333333357e+01 2.33463315909597730e-03 7.98393805393895697e-06
 5.33333333333333357e+01 5.34666666666666686e+01 2.54003171156191821e-03 8.04307633068226431e-06
 5.34666666666666686e+01 5.36000000000000014e+01 2.73309239760749240e-03 8.50402669261937089e-06
 5.36000000000000014e+01 5.37333333333333343e+01 2.94989129672143871e-03 1.19833528962637505e-05
 5.37333333333333343e+01 5.38666666666666671e+01 3.12411464394095730e-03 9.67594571639530964e-06
 5.38666666666666671e+01 5.40000000000000000e+01 3.31814606096332652e-03 9.30161572073024179e-06
 5.40000000000000000e+01 5.41333333333333329e+01 3.49412615841831814e-03 9.17593881757101729e-06
 5.41333333333333329e+01 5.42666666666666657e+01 3.69061763615450992e-03 1.02173064329701721e-05
 5.42666666666666657e+01 5.43999999999999986e+01 3.82970973694318631e-03 9.83901535826153939e-06
 5.43999999999999986e+01 5.45333333333333314e+01 3.98138041002463802e-03 9.45745730237481715e-06
 5.45333333333333314e+01 5.46666666666666643e+01 4.17685755038847521e-03 9.75266989399101476e-06
 5.46666666666666643e+01 5.47999999999999972e+01 4.33664350417647514e-03 9.96138739458075612e-06
 5.47999999999999972e+01 5.49333333333333371e+01 4.49219548710839012e-03 9.51746504900161751e-06
 5.49333333333333371e+01 5.50666666666666629e+01 4.65064218998832539e-03 9.80858487081958649e-06
 5.50666666666666629e+01 5.52000000000000028e+01 4.80511980335776231e-03 9.71603031445857970e-06
 5.52000000000000028e+01 5.53333333333333357e+01 4.96144566484278161e-03 1.09305095072791038e-05
 5.53333333333333357e+01 5.54666666666666686e+01 5.10087965133260504e-03 1.10708319853144460e-05
 5.54666666666666686e+01 5.56000000000000014e+01 5.23073832971278612e-03 1.02074269228126476e-05
 5.56000000000000014e+01 5.57333333333333343e+01 5.40944339887364494e-03 1.03262715671607783e-05
 5.57333333333333343e+01 5.58666666666666671e+01 5.56168575071305446e-03 1.18775865692625119e-05
 5.58666666666666671e+01 5.60000000000000000e+01 5.66598166709014837e-03 1.11911609176488282e-05
 5.60000000000000000e+01 5.61333333333333329e+01 5.81302358338328402e-03 1.07028766613180426e-05
 5.61333333333333329e+01 5.62666666666666657e+01 5.93904273436306543e-03 1.05290628715922236e-05
 5.62666666666666657e+01 5.63999999999999986e+01 6.07985392742855027e-03 1.18145019333516739e-05
 5.63999999999999986e+01 5.65333333333333314e+01 6.22211438536159154e-03 1.14318179394536534e-05
 5.65333333333333314e+01 5.66666666666666643e+01 6.35158843988817973e-03 1.23213334943568074e-05
 5.66666666666666643e+01 5.67999999999999972e+01 6.48653483913448192e-03 1.17764955076194790e-05
 5.67999999999999972e+01 5.69333333333333371e+01 6.61254246527564517e-03 1.17305580539159452e-05
 5.69333333333333371e+01 5.70666666666666629e+01 6.74484516324316136e-03 1.23544747360235169e-05
 5.70666666666666629e+01 5.72000000000000028e+01 6.89509257264658490e-03 1.13843960534920853e-05
 5.72000000000000028e+01 5.73333333333333357e+01 6.99474926468403226e-03 1.08453303974656752e-05
 5.73333333333333357e+01 5.74666666666666686e+01 7.11893501034141420e-03 1.10047596914320915e-05
 5.74666666666666686e+01 5.76000000000000014e+01 7.26790723958448733e-03 1.44254517906560304e-05
 5.76000000000000014e+01 5.77333333333333343e+01 7.37652369208920741e-03 1.24920132853337520e-05
 5.77333333333333343e+01 5.78666666666666671e+01 7.49420532476857866e-03 1.31553843439348981e-05
 5.78666666666666671e+01 5.80000000000000000e+01 7.60599691340987493e-03 1.22336207638352356e-05
 5.80000000000000000e+01 5.81333333333333329e+01 7.73602892162845394e-03 1.26237637151887350e-05
 5.81333333333333329e+01 5.82666666666666657e+01 7.84214271515072670e-03 1.21605588489756548e-05
 5.82666666666666657e+01 5.83999999999999986e+01 7.94139591263023741e-03 1.17164263635625597e-05
 5.83999999999999986e+01 5.85333333333333314e+01 8.08229504697656823e-03 1.21417780262261384e-05
 5.85333333333333314e+01 5.86666666666666643e+01 8.18540251070909615e-03 1.31032534187977989e-05
 5.86666666666666643e+01 5.87999999999999972e+01 8.31689686496236806e-03 1.23205218243054126e-05
 5.87999999999999972e+01 5.89333333333333371e+01 8.42269882156292810e-03 1.28150150192476882e-05
 5.89333333333333371e+01 5.90666666666666629e+01 8.54216647652188479e-03 1.16093883566320144e-05
 5.90666666666666629e+01 5.92000000000000028e+01 8.66014359057585073e-03 1.23394881379015732e-05
 5.92000000000000028e+01 5.93333333333333357e+01 8.75774042688852103e-03 1.22633718849897108e-05
 5.93333333333333357e+01 5.94666666666666686e+01 8.87911001825202051e-03 1.23828423087716894e-05
 5.94666666666666686e+01 5.96000000000000014e+01 8.99316022272809469e-03 1.28359633067886665e-05
 5.96000000000000014e+01 5.97333333333333343e+01 9.12064746477266389e-03 1.27844807614489039e-05
 5.97333333333333343e+01 5.98666666666666671e+01 9.22543554442513229e-03 1.25626444920922146e-05
 5.98666666666666671e+01 6.00000000000000000e+01 9.32560128335900400e-03 1.32001838390626836e-05
 6.00000000000000000e+01 6.01333333333333329e+01 9.43672911209574722e-03 1.54024789925578529e-05
 6.01333333333333329e+01 6.02666666666666657e+01 9.54976529877917327e-03 1.27557379751432755e-05
 6.02666666666666657e+01 6.03999999999999986e+01 9.67039640847584120e-03 1.25731188360359736e-05
 6.03999999999999986e+01 6.05333333333333314e+01 9.76350108698929853e-03 1.41898011233097202e-05
 6.05333333333333314e+01 6.06666666666666643e+01 9.84917816386749780e-03 1.36613844227741904e-05
 6.06666666666666643e+01 6.07999999999999972e+01 9.95573396817475177e-03 1.31857307482755567e-05
 6.07999999999999972e+01 6.09333333333333371e+01 1.00940276514517504e-02 1.38393033522675990e-05
 6.09333333333333371e+01 6.10666666666666629e+01 1.01548210049242169e-02 1.30363641745767812e-05
 6.10666666666666629e+01 6.12000000000000028e+01 1.02942719176793741e-02 1.37491875653143849e-05
 6.12000000000000028e+01 6.13333333333333357e+01 1.04102212960946235e-02 1.44237519741636242e-05
 6.13333333333333357e+01 6.14666666666666686e+01 1.04958946518025949e-02 1.30886710726872968e-05
 6.14666666666666686e+01 6.16000000000000014e+01 1.06025751852196239e-02 1.32019918516911342e-05
 6.16000000000000014e+01 6.17333333333333343e+01 1.07280517953098602e-02 1.40113299022956588e-05
 6.17333333333333343e+01 6.18666666666666671e+01 1.08107287548296887e-02 1.31026723008279296e-05
 6.18666666666666671e+01 6.20000000000000000e+01 1.09183361845166509e-02 1.34247387433951333e-05
 6.20000000000000000e+01 6.21333333333333329e+01 1.10069770824735794e-02 1.34576247817058653e-05
 6.21333333333333329e+01 6.22666666666666657e+01 1.11261585448734681e-02 1.47370406246315745e-05
 6.22666666666666657e+01 6.23999999999999986e+01 1.11997269132168946e-02 1.38129433890109031e-05
 6.23999999999999986e+01 6.25333333333333314e+01 1.13234562064088301e-02 1.46307269994289584e-05
 6.25333333333333314e+01 6.26666666666666643e+01 1.14215583185160261e-02 1.47670935010191028e-05
 6.26666666666666643e+01 6.27999999999999972e+01 1.15047822951594714e-02 1.39244274504074901e-05
 6.27999999999999972e+01 6.29333333333333371e+01 1.16175842067107998e-02 1.43944426860530673e-05
 6.29333333333333371e+01 6.30666666666666629e+01 1.17299110718835191e-02 1.39721999253129527e-05
 6.30666666666666629e+01 6.32000000000000028e+01 1.18098058500222328e-02 1.42279930222637740e-05
 6.32000000000000028e+01 6.33333333333333357e+01 1.19035502827703043e-02 1.60279974097309902e-05
 6.33333333333333357e+01 6.34666666666666686e+01 1.20089952165640095e-02 1.51698725832672537e-05
 6.34666666666666686e+01 6.36000000000000014e+01 1.20772086693982702e-02 1.37442228978044170e-05
 6.36000000000000014e+01 6.37333333333333343e+01 1.21994206351991735e-02 1.46239493783939915e-05
 6.37333333333333343e+01 6.38666666666666671e+01 1.23058341339035565e-02 1.49065305146637315e-05
 6.38666666666666671e+01 6.40000000000000000e+01 1.23984082712523553e-02 1.48246609451806652e-05
 6.40000000000000000e+01 6.41333333333333258e+01 1.25045617291734100e-02 1.45180954817269652e-05
 6.41333333333333258e+01 6.42666666666666657e+01 1.25975634135376598e-02 1.48790228295069915e-05
 6.42666666666666657e+01 6.44000000000000057e+01 1.26835828490739662e-02 1.42992861496007421e-05
 6.44000000000000057e+01 6.45333333333333314e+01 1.27942036170561949e-02 1.60557815135896229e-05
 6.45333333333333314e+01 6.46666666666666714e+01 1.28481956651072590e-02 1.41031543461562802e-05
 6.46666666666666714e+01 6.47999999999999972e+01 1.29846485076053741e-02 1.53662012612674665e-05
 6.47999999999999972e+01 6.49333333333333371e+01 1.30681366024800166e-02 1.46737555035057575e-05
 6.49333333333333371e+01 6.50666666666666629e+01 1.31529890458749014e-02 1.45646389890324779e-05
 6.50666666666666629e+01 6.52000000000000028e+01 1.32817288062294907e-02 1.60308164706593217e-05
 6.52000000000000028e+01 6.53333333333333286e+01 1.33513887606956996e-02 1.53609458792145211e-05
 6.53333333333333286e+01 6.54666666666666686e+01 1.34550685959258422e-02 1.62749757883543917e-05
 6.54666666666666686e+01 6.55999999999999943e+01 1.35513967035392046e-02 1.58591224584000234e-05
 6.55999999999999943e+01 6.57333333333333343e+01 1.36264464702959779e-02 1.54379331361507007e-05
 6.57333333333333343e+01 6.58666666666666742e+01 1.37320398829965367e-02 1.50369555479471827e-05
 6.58666666666666742e+01 6.60000000000000000e+01 1.38254912216369923e-02 1.57222053591937305e-05
 6.60000000000000000e+01 6.61333333333333258e+01 1.38964223824552431e-02 1.54532522337017183e-05
 6.61333333333333258e+01 6.62666666666666657e+01 1.40254899498051620e-02 1.52736906370714013e-05
 6.62666666666666657e+01 6.64000000000000057e+01 1.41054503327172776e-02 1.57507859712923560e-05
 6.64000000000000057e+01 6.65333333333333314e+01 1.41838327904342705e-02 1.53577029969947561e-05
 6.65333333333333314e+01 6.66666666666666714e+01 1.42756499623521386e-02 1.55110637289823585e-05
 6.66666666666666714e+01 6.67999999999999972e+01 1.43498332278370402e-02 1.51440497100967764e-05
 6.67999999999999972e+01 6.69333333333333371e+01 1.44381781261098355e-02 1.55523674189985220e-05
 6.69333333333333371e+01 6.70666666666666629e+01 1.45677721789650230e-02 1.61966140387185046e-05
 6.70666666666666629e+01 6.72000000000000028e+01 1.46036392070751555e-02 1.61092951909498371e-05
 6.72000000000000028e+01 6.73333333333333286e+01 1.47137408580437414e-02 1.57318711571161938e-05
 6.73333333333333286e+01 6.74666666666666686e+01 1.48256248566082799e-02 1.58679638239682502e-05
 6.74666666666666686e+01 6.75999999999999943e+01 1.49150833389994717e-02 1.55894241335869612e-05
 6.75999999999999943e+01 6.77333333333333343e+01 1.50083664601628718e-02 1.57023311200668273e-05
 6.77333333333333343e+01 6.78666666666666742e+01 1.51117462664023539e-02 1.63541573165172074e-05
 6.78666666666666742e+01 6.80000000000000000e+01 1.51849378624673171e-02 1.59985892762457718e-05
 6.80000000000000000e+01 6.81333333333333258e+01 1.52624120966104448e-02 1.55770075898825257e-05
 6.81333333333333258e+01 6.82666666666666657e+01 1.53466468235019665e-02 1.66537044718323582e-05
 6.82666666666666657e+01 6.84000000000000057e+01 1.54395640705358474e-02 1.72536164427430279e-05
 6.84000000000000057e+01 6.85333333333333314e+01 1.55363544621972358e-02 1.58932409701163670e-05
 6.85333333333333314e+01 6.86666666666666714e+01 1.56467400036464782e-02 1.71654745923546048e-05
 6.86666666666666714e+01 6.87999999999999972e+01 1.57184014531842470e-02 1.72630947649714104e-05
 6.87999999999999972e+01 6.89333333333333371e+01 1.57751030615288675e-02 1.58121586092165847e-05
 6.89333333333333371e+01 6.90666666666666629e+01 1.58923899356087500e-02 1.57855292970463833e-05
 6.90666666666666629e+01 6.92000000000000028e+01 1.59611206743607396e-02 1.59292646305166468e-05
 6.92000000000000028e+01 6.93333333333333286e+01 1.60709122044014815e-02 1.72098327504705814e-05
 6.93333333333333286e+01 6.94666666666666686e+01 1.61895353803005633e-02 1.69455845575072827e-05
 6.94666666666666686e+01 6.95999999999999943e+01 1.62489993819882987e-02 1.93034418334274240e-05
 6.95999999999999943e+01 6.97333333333333343e+01 1.62972278362987014e-02 1.64389099532878034e-05
 6.97333333333333343e+01 6.98666666666666742e+01 1.64085545359478127e-02 1.64264374388755462e-05
 6.98666666666666742e+01 7.00000000000000000e+01 1.64819980790594060e-02 1.74878138659838740e-05
 7.00000000000000000e+01 7.01333333333333258e+01 1.65797343176078832e-02 1.66058523030773180e-05
 7.01333333333333258e+01 7.02666666666666657e+01 1.66608196496277998e-02 1.66467720638570394e-05
 7.02666666666666657e+01 7.04000000000000057e+01 1.67108738305767751e-02 1.75724648605583928e-05
 7.04000000000000057e+01 7.05333333333333314e+01 1.68258659008894661e-02 1.67671350434087545e-05
 7.05333333333333314e+01 7.06666666666666714e+01 1.69046956421813402e-02 1.70525550516302735e-05
 7.06666666666666714e+01 7.07999999999999972e+01 1.69597575324277917e-02 1.69851668420198149e-05
 7.07999999999999972e+01 7.09333333333333371e+01 1.70755230520804983e-02 1.78090277445559796e-05
 7.09333333333333371e+01 7.10666666666666629e+01 1.71463648542925021e-02 1.70932153687546978e-05
 7.10666666666666629e+01 7.12000000000000028e+01 1.72397997953625502e-02 1.71655498518064905e-05
 7.12000000000000028e+01 7.13333333333333286e+01 1.73247810407957670e-02 1.65491354155067297e-05
 7.13333333333333286e+01 7.14666666666666686e+01 1.73538308795059930e-02 1.71917820918351811e-05
 7.14666666666666686e+01 7.15999999999999943e+01 1.74654220472832168e-02 1.71657629407177629e-05
 7.15999999999999943e+01 7.17333333333333343e+01 1.75840693713986626e-02 1.73597071202563659e-05
 7.17333333333333343e+01 7.18666666666666742e+01 1.76510457993735645e-02 1.81197279622669542e-05
 7.18666666666666742e+01 7.20000000000000000e+01 1.77452779126400853e-02 1.78530830312636172e-05
 7.20000000000000000e+01 7.21333333333333258e+01 1.78155650002267893e-02 1.73495715202512663e-05
 7.21333333333333258e+01 7.22666666666666657e+01 1.78983886306289738e-02 1.75010280056617653e-05
 7.22666666666666657e+01 7.24000000000000057e+01 1.79923846846290897e-02 1.80507196155933156e-05
 7.24000000000000057e+01 7.25333333333333314e+01 1.81028592427512972e-02 1.90266089268329718e-05
 7.25333333333333314e+01 7.26666666666666714e+01 1.81740756400972717e-02 1.76513971588513462e-05
 7.26666666666666714e+01 7.27999999999999972e+01 1.82256633659701704e-02 1.78800023479164084e-05
 7.27999999999999972e+01 7.29333333333333371e+01 1.83519398968943065e-02 1.73945708698113258e-05
 7.29333333333333371e+01 7.30666666666666629e+01 1.83852866221741289e-02 1.86957023583401886e-05
 7.30666666666666629e+01 7.32000000000000028e+01 1.84790134026502767e-02 1.75059172093751480e-05
 7.32000000000000028e+01 7.33333333333333286e+01 1.85679240585149424e-02 1.78845131401335511e-05
 7.33333333333333286e+01 7.34666666666666686e+01 1.86385064459188010e-02 1.78942626997822953e-05
 7.34666666666666686e+01 7.35999999999999943e+01 1.86919208678707933e-02 1.93761700269746456e-05
 7.35999999999999943e+01 7.37333333333333343e+01 1.88068363644021547e-02 1.94416764605893387e-05
 7.37333333333333343e+01 7.38666666666666742e+01 1.88702692406578741e-02 1.96086373651908980e-05
 7.38666666666666742e+01 7.40000000000000000e+01 1.89451177072316977e-02 1.87007344947932713e-05
 7.40000000000000000e+01 7.41333333333333258e+01 1.90329682080804911e-02 1.78962843950312838e-05
 7.41333333333333258e+01 7.42666666666666657e+01 1.90779755253360148e-02 1.83657826261936401e-05
 7.42666666666666657e+01 7.44000000000000057e+01 1.91654102462709211e-02 1.84638136065432748e-05
 7.44000000000000057e+01 7.45333333333333314e+01 1.92522103145032625e-02 1.83352981502358537e-05
 7.45333333333333314e+01 7.46666666666666714e+01 1.93124676081601297e-02 1.90110672929972495e-05
 7.46666666666666714e+01 7.47999999999999972e+01 1.94025816762974368e-02 1.85544309727776769e-05
 7.47999999999999972e+01 7.49333333333333371e+01 1.94900932994474148e-02 1.77716622227836622e-05
 7.49333333333333371e+01 7.50666666666666629e+01 1.95593667753125068e-02 1.97269204740278813e-05
 7.50666666666666629e+01 7.52000000000000028e+01 1.96561886549095829e-02 1.99828600164556363e-05
 7.52000000000000028e+01 7.53333333333333286e+01 1.97104549937341979e-02 1.83670567904326153e-05
 7.53333333333333286e+01 7.54666666666666686e+01 1.98042448524458417e-02 1.86961117044600928e-05
 7.54666666666666686e+01 7.55999999999999943e+01 1.98852892406076072e-02 1.96573838509343566e-05
 7.55999999999999943e+01 7.57333333333333343e+01 1.99165209699627976e-02 1.85010287402053496e-05
 7.57333333333333343e+01 7.58666666666666742e+01 2.00051691555058267e-02 1.92791297333951281e-05
 7.58666666666666742e+01 7.60000000000000000e+01 2.00963849033715079e-02 1.82702222687731224e-05
 7.60000000000000000e+01 7.61333333333333258e+01 2.01715445664752413e-02 1.85670515930990695e-05
 7.61333333333333258e+01 7.62666666666666657e+01 2.02190178424505804e-02 1.97932305792582880e-05
 7.62666666666666657e+01 7.64000000000000057e+01 2.03054374575669105e-02 2.00208782421483321e-05
 7.64000000000000057e+01 7.65333333333333314e+01 2.03725787196847620e-02 1.96755329901980451e-05
 7.65333333333333314e+01 7.66666666666666714e+01 2.04338060949195814e-02 1.98941477456849859e-05
 7.66666666666666714e+01 7.67999999999999972e+01 2.05103583360796669e-02 1.93303791542425886e-05
 7.67999999999999972e+01 7.69333333333333371e+01 2.06068346291515755e-02 1.93576055285450213e-05
 7.69333333333333371e+01 7.70666666666666629e+01 2.06896783080088888e-02 2.02553669051077415e-05
 7.70666666666666629e+01 7.72000000000000028e+01 2.07446067720522126e-02 2.01728453179886308e-05
 7.72000000000000028e+01 7.73333333333333286e+01 2.07966282127395249e-02 1.90638540448666099e-05
 7.73333333333333286e+01 7.74666666666666686e+01 2.08598706574999633e-02 1.99559480225628548e-05
 7.74666666666666686e+01 7.75999999999999943e+01 2.09147592974648217e-02 1.89263504191454504e-05
 7.75999999999999943e+01 7.77333333333333343e+01 2.10186935927334194e-02 1.89726874551209736e-05
 7.77333333333333343e+01 7.78666666666666742e+01 2.10701904025545651e-02 1.93008958271324162e-05
 7.78666666666666742e+01 7.80000000000000000e+01 2.11300565456199602e-02 2.03704312817048814e-05
 7.80000000000000000e+01 7.81333333333333258e+01 2.12326773165680618e-02 1.99514650535119718e-05
 7.81333333333333258e+01 7.82666666666666657e+01 2.12739689664938440e-02 1.96701582995950099e-05
 7.82666666666666657e+01 7.84000000000000057e+01 2.13458606241760107e-02 1.97823629044895586e-05
 7.84000000000000057e+01 7.85333333333333314e+01 2.14186468448079766e-02 1.93663280242579643e-05
 7.85333333333333314e+01 7.86666666666666714e+01 2.14837372618609211e-02 2.06025918719650981e-05
 7.86666666666666714e+01 7.87999999999999972e+01 2.15973715527265006e-02 1.99216177530025279e-05
 7.87999999999999972e+01 7.89333333333333371e+01 2.16243424617375279e-02 2.02964464438877145e-05
 7.89333333333333371e+01 7.90666666666666629e+01 2.16660232447439399e-02 1.96121827966873036e-05
 7.90666666666666629e+01 7.92000000000000028e+01 2.17517479577027766e-02 1.96964880700910081e-05
 7.92000000000000028e+01 7.93333333333333286e+01 2.18065313613228264e-02 1.97720288599299824e-05
 7.93333333333333286e+01 7.94666666666666686e+01 2.18709032239505635e-02 2.08720381407316985e-05
 7.94666666666666686e+01 7.95999999999999943e+01 2.19590288585774368e-02 1.96555153027213755e-05
 7.95999999999999943e+01 7.97333333333333343e+01 2.20111920087017396e-02 2.14803497004608709e-05
 7.97333333333333343e+01 7.98666666666666742e+01 2.20836921840246447e-02 2.02468547635675557e-05
 7.98666666666666742e+01 8.00000000000000000e+01 2.21458972129483615e-02 1.97917251152757705e-05
 8.00000000000000000e+01 8.01333333333333258e+01 2.22141558063744422e-02 2.17149957650536708e-05
 8.01333333333333258e+01 8.02666666666666657e+01 2.22711057916498596e-02 2.01047706942808066e-05
 8.02666666666666657e+01 8.04000000000000057e+01 2.23100093205031436e-02 2.05930823424294998e-05
 8.04000000000000057e+01 8.05333333333333314e+01 2.23959432714048480e-02 2.06686433996681237e-05
 8.05333333333333314e+01 8.06666666666666714e+01 2.24187665363503631e-02 2.00117327851605424e-05
 8.06666666666666714e+01 8.07999999999999972e+01 2.24821235267679657e-02 2.17222654917627665e-05
 8.07999999999999972e+01 8.09333333333333371e+01 2.25980504263375639e-02 2.05642493839997535e-05
 8.09333333333333371e+01 8.10666666666666629e+01 2.26131296448565770e-02 2.05581154215255768e-05
 8.10666666666666629e+01 8.12000000000000028e+01 2.26775797748778873e-02 2.06191947542073292e-05
 8.12000000000000028e+01 8.13333333333333286e+01 2.27385579287192399e-02 2.11446423552928646e-05
 8.13333333333333286e+01 8.14666666666666686e+01 2.27931872274256368e-02 2.09869654474983532e-05
 8.14666666666666686e+01 8.15999999999999943e+01 2.28669724325854459e-02 2.09917630687270098e-05
 8.15999999999999943e+01 8.17333333333333343e+01 2.29272538959012784e-02 2.14375612761826577e-05
 8.17333333333333343e+01 8.18666666666666742e+01 2.29411276168079888e-02 2.03799421188569161e-05
 8.18666666666666742e+01 8.20000000000000000e+01 2.30360869180995138e-02 2.11156903397101845e-05
 8.20000000000000000e+01 8.21333333333333258e+01 2.31122931172878174e-02 2.13049882541852301e-05
 8.21333333333333258e+01 8.22666666666666657e+01 2.31119939576556674e-02 2.08545836784025775e-05
 8.22666666666666657e+01 8.24000000000000057e+01 2.31799894814378078e-02 2.10717188042451790e-05
 8.24000000000000057e+01 8.25333333333333314e+01 2.32684553845066075e-02 2.19423878513680852e-05
 8.25333333333333314e+01 8.26666666666666572e+01 2.33128218631115935e-02 2.13993461535435218e-05
 8.26666666666666572e+01 8.27999999999999972e+01 2.33080502495973778e-02 2.18796749236083362e-05
 8.27999999999999972e+01 8.29333333333333371e+01 2.32993053910225782e-02 2.10922761256093540e-05
 8.29333333333333371e+01 8.30666666666666629e+01 2.33619225851456405e-02 2.11282054501921796e-05
 8.30666666666666629e+01 8.32000000000000028e+01 2.34242081289295981e-02 2.16520816443003686e-05
 8.32000000000000028e+01 8.33333333333333428e+01 2.34368935331595619e-02 2.19467941857602630e-05
 8.33333333333333428e+01 8.34666666666666686e+01 2.33994871183525154e-02 2.18847808721888224e-05
 8.34666666666666686e+01 8.35999999999999943e+01 2.34500999275509062e-02 2.20261862979123780e-05
 8.35999999999999943e+01 8.37333333333333343e+01 2.34535295608110095e-02 2.06542639006463299e-05
 8.37333333333333343e+01 8.38666666666666742e+01 2.34570575886724648e-02 2.17119178656224247e-05
 8.38666666666666742e+01 8.40000000000000000e+01 2.34575826788151025e-02 2.11043931157881722e-05
 8.40000000000000000e+01 8.41333333333333258e+01 2.34832520553914896e-02 2.14410451548683056e-05
 8.41333333333333258e+01 8.42666666666666657e+01 2.35262342033708549e-02 2.11674202160666950e-05
 8.42666666666666657e+01 8.44000000000000057e+01 2.35180736815372299e-02 2.08753291103214191e-05
 8.44000000000000057e+01 8.45333333333333314e+01 2.35634401092319687e-02 2.13249097771842533e-05
 8.45333333333333314e+01 8.46666666666666572e+01 2.35915537898068878e-02 2.14994923521766868e-05
 8.46666666666666572e+01 8.47999999999999972e+01 2.35767569096632136e-02 2.07843876198432252e-05
 8.47999999999999972e+01 8.49333333333333371e+01 2.36279057195942221e-02 2.11698145435414862e-05
 8.49333333333333371e+01 8.50666666666666629e+01 2.35890496748475849e-02 2.06179701723758967e-05
 8.50666666666666629e+01 8.52000000000000028e+01 2.36464932052292201e-02 2.17808730985037311e-05
 8.52000000000000028e+01 8.53333333333333428e+01 2.36090207509408352e-02 2.08822162366487152e-05
 8.53333333333333428e+01 8.54666666666666686e+01 2.36254309637291583e-02 2.07287068988977301e-05
 8.54666666666666686e+01 8.55999999999999943e+01 2.36432969420426534e-02 2.15227149643641965e-05
 8.55999999999999943e+01 8.57333333333333343e+01 2.36744119090547232e-02 2.13518382250055526e-05
 8.57333333333333343e+01 8.58666666666666742e+01 2.36781967246389134e-02 2.06479168623449073e-05
 8.58666666666666742e+01 8.60000000000000000e+01 2.36726485256040682e-02 2.12834637950704465e-05
 8.60000000000000000e+01 8.61333333333333258e+01 2.36927536697162239e-02 2.13360820639366469e-05
 8.61333333333333258e+01 8.62666666666666657e+01 2.37076102212633762e-02 2.14366331026544582e-05
 8.62666666666666657e+01 8.64000000000000057e+01 2.37283667041531081e-02 2.12066862439812334e-05
 8.64000000000000057e+01 8.65333333333333314e+01 2.37303061529641132e-02 2.20705510395801736e-05
 8.65333333333333314e+01 8.66666666666666572e+01 2.37346244033157586e-02 2.12077947689512385e-05
 8.66666666666666572e+01 8.67999999999999972e+01 2.37421567033797819e-02 2.16133592468352298e-05
 8.67999999999999972e+01 8.69333333333333371e+01 2.37337970714563140e-02 2.15169518461342352e-05
 8.69333333333333371e+01 8.70666666666666629e+01 2.37359602312441874e-02 2.13850697987509764e-05
 8.70666666666666629e+01 8.72000000000000028e+01 2.37709731940548424e-02 2.10119142468139721e-05
 8.72000000000000028e+01 8.73333333333333428e+01 2.37907012371403603e-02 2.16306878364718395e-05
 8.73333333333333428e+01 8.74666666666666686e+01 2.37664545799804415e-02 2.07154921661538168e-05
 8.74666666666666686e+01 8.75999999999999943e+01 2.37834447348162260e-02 2.17943622376124186e-05
 8.75999999999999943e+01 8.77333333333333343e+01 2.38030721664570961e-02 2.10407349504316344e-05
 8.77333333333333343e+01 8.78666666666666742e+01 2.37838390095759661e-02 2.15518017427536050e-05
 8.78666666666666742e+01 8.80000000000000000e+01 2.38181706499265879e-02 2.24529168491197487e-05
 8.80000000000000000e+01 8.81333333333333258e+01 2.38356731718062133e-02 2.25220307456689830e-05
 8.81333333333333258e+01 8.82666666666666657e+01 2.38170796129197754e-02 2.09016432809169871e-05
 8.82666666666666657e+01 8.84000000000000057e+01 2.38592123655924533e-02 2.19887933095192113e-05
 8.84000000000000057e+01 8.85333333333333314e+01 2.38265045243862446e-02 2.18479963828176423e-05
 8.85333333333333314e+01 8.86666666666666572e+01 2.38280452619288111e-02 2.12749073365042291e-05
 8.86666666666666572e+01 8.87999999999999972e+01 2.37855987352140093e-02 2.14910053500293335e-05
 8.87999999999999972e+01 8.89333333333333371e+01 2.38635878060285238e-02 2.24077832698610913e-05
 8.89333333333333371e+01 8.90666666666666629e+01 2.37880132356068121e-02 2.13217461231004827e-05
 8.90666666666666629e+01 8.92000000000000028e+01 2.38210179492094019e-02 2.14134834330303759e-05
 8.92000000000000028e+01 8.93333333333333428e+01 2.38018601886745840e-02 2.11176528395184383e-05
 8.93333333333333428e+01 8.94666666666666686e+01 2.37998919257844943e-02 2.17880983882976231e-05
 8.94666666666666686e+01 8.95999999999999943e+01 2.37848811959157115e-02 2.13223756123383857e-05
 8.95999999999999943e+01 8.97333333333333343e+01 2.38616983816233412e-02 2.09991560904603101e-05
 8.97333333333333343e+01 8.98666666666666742e+01 2.37914610673967963e-02 2.13911025180794569e-05
 8.98666666666666742e+01 9.00000000000000000e+01 2.38259173922039866e-02 2.06913764213370045e-05
 9.00000000000000000e+01 9.01333333333333258e+01 2.37961758965222064e-02 2.20653106949831786e-05
 9.01333333333333258e+01 9.02666666666666657e+01 2.38173569066821821e-02 2.17365540527747524e-05
 9.02666666666666657e+01 9.04000000000000057e+01 2.37803001717157569e-02 2.12322041844493769e-05
 9.04000000000000057e+01 9.05333333333333314e+01 2.37669113463940956e-02 2.11930632417402530e-05
 9.05333333333333314e+01 9.06666666666666572e+01 2.37627461929561454e-02 2.10860285378167133e-05
 9.06666666666666572e+01 9.07999999999999972e+01 2.37716152418495988e-02 2.03448626055317364e-05
 9.07999999999999972e+01 9.09333333333333371e+01 2.37690152251057024e-02 2.16317162363888558e-05
 9.09333333333333371e+01 9.10666666666666629e+01 2.37792752652277589e-02 2.12916854932985414e-05
 9.10666666666666629e+01 9.12000000000000028e+01 2.37972622066721547e-02 2.21738846394397315e-05
 9.12000000000000028e+01 9.13333333333333428e+01 2.37772195085150656e-02 2.15514672931821503e-05
 9.13333333333333428e+01 9.14666666666666686e+01 2.37142075756037081e-02 2.07930252160797285e-05
 9.14666666666666686e+01 9.15999999999999943e+01 2.37522110929316750e-02 2.06978407220085393e-05
 9.15999999999999943e+01 9.17333333333333343e+01 2.37205720724142054e-02 2.17349637238732758e-05
 9.17333333333333343e+01 9.18666666666666742e+01 2.37733814974864892e-02 2.16436208205941880e-05
 9.18666666666666742e+01 9.20000000000000000e+01 2.36917892270268569e-02 2.09389992103844319e-05
 9.20000000000000000e+01 9.21333333333333258e+01 2.36819996506933902e-02 2.14051556520241770e-05
 9.21333333333333258e+01 9.22666666666666657e+01 2.37241901918954709e-02 2.06801059562686090e-05
 9.22666666666666657e+01 9.24000000000000057e+01 2.36806449959913803e-02 2.09722771745312637e-05
 9.24000000000000057e+01 9.25333333333333314e+01 2.36733956900711667e-02 2.05710146041005353e-05
 9.25333333333333314e+01 9.26666666666666572e+01 2.36467654702050625e-02 2.10989821128596489e-05
 9.26666666666666572e+01 9.27999999999999972e+01 2.36487113698416913e-02 2.16740701334522882e-05
 9.27999999999999972e+01 9.29333333333333371e+01 2.36562050309124840e-02 2.08336942053741600e-05
 9.29333333333333371e+01 9.30666666666666629e+01 2.36362372789845863e-02 2.12324597119467453e-05
 9.30666666666666629e+01 9.32000000000000028e+01 2.35752137688027621e-02 2.09741399162243409e-05
 9.32000000000000028e+01 9.33333333333333428e+01 2.35841074137277291e-02 2.10441648176435830e-05
 9.33333333333333428e+01 9.34666666666666686e+01 2.36195041937083856e-02 2.04249913942006435e-05
 9.34666666666666686e+01 9.35999999999999943e+01 2.35652232540404481e-02 2.10778563720710736e-05
 9.35999999999999943e+01 9.37333333333333343e+01 2.35415390616982440e-02 2.09798310774841313e-05
 9.37333333333333343e+01 9.38666666666666742e+01 2.35284370529988615e-02 2.08201248629977156e-05
 9.38666666666666742e+01 9.40000000000000000e+01 2.35255227079018692e-02 2.12956016787230885e-05
 9.40000000000000000e+01 9.41333333333333258e+01 2.34898668815713106e-02 2.07516213395776876e-05
 9.41333333333333258e+01 9.42666666666666657e+01 2.35187494794895265e-02 2.12889524998293320e-05
 9.42666666666666657e+01 9.44000000000000057e+01 2.34956119018864644e-02 2.05581079416795259e-05
 9.44000000000000057e+01 9.45333333333333314e+01 2.34064694796311153e-02 2.04988646485417801e-05
 9.45333333333333314e+01 9.46666666666666572e+01 2.34243293988694382e-02 2.01839457965986419e-05
 9.46666666666666572e+01 9.47999999999999972e+01 2.34216002915340407e-02 2.10252248195718398e-05
 9.47999999999999972e+01 9.49333333333333371e+01 2.33891027406788812e-02 2.09377850160090755e-05
 9.49333333333333371e+01 9.50666666666666629e+01 2.33754329443341610e-02 2.08234402462233542e-05
 9.50666666666666629e+01 9.52000000000000028e+01 2.33981778215066813e-02 2.14111753746943594e-05
 9.52000000000000028e+01 9.53333333333333428e+01 2.33539598746233847e-02 2.09114827274732256e-05
 9.53333333333333428e+01 9.54666666666666686e+01 2.33526707196140687e-02 2.02341041044903749e-05
 9.54666666666666686e+01 9.55999999999999943e+01 2.33072190834411122e-02 2.14569998088313907e-05
 9.55999999999999943e+01 9.57333333333333343e+01 2.32935185978649477e-02 2.12312690993333559e-05
 9.57333333333333343e+01 9.58666666666666742e+01 2.32655410816276498e-02 2.01621211541070183e-05
 9.58666666666666742e+01 9.60000000000000000e+01 2.32250588418139378e-02 2.03089768144443431e-05
 9.60000000000000000e+01 9.61333333333333258e+01 2.32142891899160472e-02 2.08887049256105502e-05
 9.61333333333333258e+01 9.62666666666666657e+01 2.31722051221194894e-02 2.07961828330361039e-05
 9.62666666666666657e+01 9.64000000000000057e+01 2.31895429102832486e-02 2.11373875541889373e-05
 9.64000000000000057e+01 9.65333333333333314e+01 2.31403304492840758e-02 2.10021122470592458e-05
 9.65333333333333314e+01 9.66666666666666572e+01 2.31372618644699532e-02 2.06400938668900219e-05
 9.66666666666666572e+01 9.67999999999999972e+01 2.30986394854558151e-02 2.06341080554759195e-05
 9.67999999999999972e+01 9.69333333333333371e+01 2.30891848387632347e-02 2.02590780298469546e-05
 9.69333333333333371e+01 9.70666666666666629e+01 2.30728812520303896e-02 2.05221386004982127e-05
 9.70666666666666629e+01 9.72000000000000028e+01 2.30449428764081150e-02 2.01987572339007109e-05
 9.72000000000000028e+01 9.73333333333333428e+01 2.30094687249524157e-02 2.12151463028326071e-05
 9.73333333333333428e+01 9.74666666666666686e+01 2.29723898903511428e-02 2.07412865339793032e-05
 9.74666666666666686e+01 9.75999999999999943e+01 2.29070344797249019e-02 2.07279541860758823e-05
 9.75999999999999943e+01 9.77333333333333343e+01 2.28459446582251688e-02 2.10110438861284443e-05
 9.77333333333333343e+01 9.78666666666666742e+01 2.28400247569592804e-02 2.11585317341565394e-05
 9.78666666666666742e+01 9.80000000000000000e+01 2.27318134567210048e-02 2.05480444047631447e-05
 9.80000000000000000e+01 9.81333333333333258e+01 2.26929306393940586e-02 2.00564711399292847e-05
 9.81333333333333258e+01 9.82666666666666657e+01 2.26011650625711213e-02 1.97283812675947169e-05
 9.82666666666666657e+01 9.84000000000000057e+01 2.25606785263775776e-02 2.05143512180123323e-05
 9.84000000000000057e+01 9.85333333333333314e+01 2.25144322638482393e-02 2.00455827700272956e-05
 9.85333333333333314e+01 9.86666666666666572e+01 2.24318148617113564e-02 2.05076943738589947e-05
 9.86666666666666572e+01 9.87999999999999972e+01 2.23988377096739875e-02 2.15717172496654976e-05
 9.87999999999999972e+01 9.89333333333333371e+01 2.22948696121145033e-02 1.97567064121104430e-05
 9.89333333333333371e+01 9.90666666666666629e+01 2.21958865868324209e-02 1.96987541919397048e-05
 9.90666666666666629e+01 9.92000000000000028e+01 2.22151631057836106e-02 2.00927994903759376e-05
 9.92000000000000028e+01 9.93333333333333428e+01 2.20913640560747269e-02 1.98243116456106734e-05
 9.93333333333333428e+01 9.94666666666666686e+01 2.20468615554695359e-02 1.92993097081888664e-05
 9.94666666666666686e+01 9.95999999999999943e+01 2.19554093829604918e-02 1.88894524395484709e-05
 9.95999999999999943e+01 9.97333333333333343e+01 2.19291049849566766e-02 1.99408366864883069e-05
 9.97333333333333343e+01 9.98666666666666742e+01 2.18408449344083960e-02 1.98744260645134734e-05
 9.98666666666666742e+01 1.00000000000000000e+02 2.17809494060003279e-02 1.95849244535432039e-05
 1.00000000000000000e+02 1.00133333333333326e+02 2.17123545189471939e-02 1.86731960254589526e-05
 1.00133333333333326e+02 1.00266666666666666e+02 2.16361202253974386e-02 1.86603713659565961e-05
 1.00266666666666666e+02 1.00400000000000006e+02 2.15464763937074123e-02 1.97808162641759077e-05
 1.00400000000000006e+02 1.00533333333333331e+02 2.14993358858132956e-02 1.90312411147197373e-05
 1.00533333333333331e+02 1.00666666666666657e+02 2.14613278162019867e-02 1.92628513951261899e-05
 1.00666666666666657e+02 1.00799999999999997e+02 2.13188664232308103e-02 1.82356678882002006e-05
 1.00799999999999997e+02 1.00933333333333337e+02 2.12717996076045544e-02 1.85974431951986649e-05
 1.00933333333333337e+02 1.01066666666666663e+02 2.12269082313642152e-02 1.95711257743458395e-05
 1.01066666666666663e+02 1.01200000000000003e+02 2.11484604078413588e-02 1.91170198855458841e-05
 1.01200000000000003e+02 1.01333333333333343e+02 2.11114023298631069e-02 1.90746734582176465e-05
 1.01333333333333343e+02 1.01466666666666669e+02 2.09858672075988115e-02 1.89098160125928594e-05
 1.01466666666666669e+02 1.01599999999999994e+02 2.09614727454178612e-02 1.87186330911429958e-05
 1.01599999999999994e+02 1.01733333333333334e+02 2.08658271856663156e-02 1.78324739411314961e-05
 1.01733333333333334e+02 1.01866666666666674e+02 2.07932379746566948e-02 1.83178993342033107e-05
 1.01866666666666674e+02 1.02000000000000000e+02 2.07247352465157499e-02 1.84381330911787964e-05
 1.02000000000000000e+02 1.02133333333333326e+02 2.06511858021946708e-02 1.88250884930478879e-05
 1.02133333333333326e+02 1.02266666666666666e+02 2.05984442638404361e-02 1.94245075978865771e-05
 1.02266666666666666e+02 1.02400000000000006e+02 2.04954935251232331e-02 1.80770801583164264e-05
 1.02400000000000006e+02 1.02533333333333331e+02 2.04228057758262631e-02 1.85410841924135194e-05
 1.02533333333333331e+02 1.02666666666666657e+02 2.03343632083696664e-02 1.77109607892381284e-05
 1.02666666666666657e+02 1.02799999999999997e+02 2.02656273072010958e-02 1.73130899740674811e-05
 1.02799999999999997e+02 1.02933333333333337e+02 2.01969972304339891e-02 1.81275714159168666e-05
 1.02933333333333337e+02 1.03066666666666663e+02 2.01275290328353888e-02 1.74685147993479964e-05
 1.03066666666666663e+02 1.03200000000000003e+02 2.00549662442333146e-02 1.78394797375977407e-05
 1.03200000000000003e+02 1.03333333333333343e+02 1.99574058116990319e-02 1.74883708926274651e-05
 1.03333333333333343e+02 1.03466666666666669e+02 1.98834537814986285e-02 1.79317142422483750e-05
 1.03466666666666669e+02 1.03599999999999994e+02 1.98306181741390100e-02 1.75842127540037553e-05
 1.03599999999999994e+02 1.03733333333333334e+02 1.97221088464853075e-02 1.78165925487782703e-05
 1.03733333333333334e+02 1.03866666666666674e+02 1.96937141075976853e-02 1.83285651390630709e-05
 1.03866666666666674e+02 1.04000000000000000e+02 1.95951955102073062e-02 1.69685068807106808e-05
 1.04000000000000000e+02 1.04133333333333326e+02 1.94992063785863028e-02 1.73192331040009232e-05
 1.04133333333333326e+02 1.04266666666666666e+02 1.94362558560367826e-02 1.74819299434615755e-05
 1.04266666666666666e+02 1.04400000000000006e+02 1.93685833753663370e-02 1.73759624937604894e-05
 1.04400000000000006e+02 1.04533333333333331e+02 1.92852436722585376e-02 1.77994584970978189e-05
 1.04533333333333331e+02 1.04666666666666657e+02 1.92335968194685125e-02 1.75403796019018375e-05
 1.04666666666666657e+02 1.04799999999999997e+02 1.91314734638859535e-02 1.73210264090039601e-05
 1.04799999999999997e+02 1.04933333333333337e+02 1.90311092353056786e-02 1.75973307713523801e-05
 1.04933333333333337e+02 1.05066666666666663e+02 1.89622537151551245e-02 1.73201613221290462e-05
 1.05066666666666663e+02 1.05200000000000003e+02 1.88792686175759013e-02 1.65267762920360589e-05
 1.05200000000000003e+02 1.05333333333333343e+02 1.88079019657893878e-02 1.66753467924653656e-05
 1.05333333333333343e+02 1.05466666666666669e+02 1.87261612517834845e-02 1.66597904845161191e-05
 1.05466666666666669e+02 1.05599999999999994e+02 1.86434300349119751e-02 1.72163055777099856e-05
 1.05599999999999994e+02 1.05733333333333334e+02 1.85637467246418074e-02 1.65343161657240687e-05
 1.05733333333333334e+02 1.05866666666666674e+02 1.84971242869955282e-02 1.69264471982709004e-05
 1.05866666666666674e+02 1.06000000000000000e+02 1.84116533020953453e-02 1.66720801277599694e-05
 1.06000000000000000e+02 1.06133333333333326e+02 1.83224349018979195e-02 1.63726387264734031e-05
 1.06133333333333326e+02 1.06266666666666666e+02 1.82614426802886580e-02 1.76819102568949640e-05
 1.06266666666666666e+02 1.06400000000000006e+02 1.81720827897425413e-02 1.66426768623372233e-05
 1.06400000000000006e+02 1.06533333333333331e+02 1.80996440664125506e-02 1.68069237014638465e-05
 1.06533333333333331e+02 1.06666666666666657e+02 1.80190404050456048e-02 1.63154522996268380e-05
 1.06666666666666657e+02 1.06799999999999997e+02 1.79186768736418756e-02 1.71807121126293840e-05
 1.06799999999999997e+02 1.06933333333333337e+02 1.78489578674942660e-02 1.63758709768763606e-05
 1.06933333333333337e+02 1.07066666666666663e+02 1.77848069275981582e-02 1.67051738888136199e-05
 1.07066666666666663e+02 1.07200000000000003e+02 1.76778241871148635e-02 1.60863736362930729e-05
 1.07200000000000003e+02 1.07333333333333343e+02 1.75939956119045143e-02 1.60841899298397767e-05
 1.07333333333333343e+02 1.07466666666666669e+02 1.74915221461246148e-02 1.60645087901014102e-05
 1.07466666666666669e+02 1.07599999999999994e+02 1.74225629428680258e-02 1.58841098886259349e-05
 1.07599999999999994e+02 1.07733333333333334e+02 1.73368224935033649e-02 1.59906296892890240e-05
 1.07733333333333334e+02 1.07866666666666674e+02 1.72530367215606648e-02 1.62151771173767544e-05
 1.07866666666666674e+02 1.08000000000000000e+02 1.71979274434696829e-02 1.62642311331566395e-05
 1.08000000000000000e+02 1.08133333333333326e+02 1.71054971199448673e-02 1.59488872957439762e-05
 1.08133333333333326e+02 1.08266666666666666e+02 1.70219391613902482e-02 1.64631244575919152e-05
 1.08266666666666666e+02 1.08400000000000006e+02 1.69260471836897089e-02 1.56214443803185078e-05
 1.08400000000000006e+02 1.08533333333333331e+02 1.68708599738803394e-02 1.58541368689573885e-05
 1.08533333333333331e+02 1.08666666666666657e+02 1.67419078807294758e-02 1.55548473537562334e-05
 1.08666666666666657e+02 1.08799999999999997e+02 1.66708317458754869e-02 1.57560689146612256e-05
 1.08799999999999997e+02 1.08933333333333337e+02 1.66005010817677039e-02 1.59739942871113450e-05
 1.08933333333333337e+02 1.09066666666666663e+02 1.64856440990408457e-02 1.55239910913157501e-05
 1.09066666666666663e+02 1.09200000000000003e+02 1.64158434831080391e-02 1.60591183024186018e-05
 1.09200000000000003e+02 1.09333333333333343e+02 1.63139941455789639e-02 1.52536133932847747e-05
 1.09333333333333343e+02 1.09466666666666669e+02 1.62537564317360370e-02 1.51097056363522641e-05
 1.09466666666666669e+02 1.09599999999999994e+02 1.61629032766921303e-02 1.52728258626463858e-05
 1.09599999999999994e+02 1.09733333333333334e+02 1.60731967251840809e-02 1.52068584567423457e-05
 1.09733333333333334e+02 1.09866666666666674e+02 1.59617893856600634e-02 1.51890035378505153e-05
 1.09866666666666674e+02 1.10000000000000000e+02 1.59201947950892084e-02 1.56811123113313787e-05
 1.10000000000000000e+02 1.10133333333333326e+02 1.57971871388442459e-02 1.48664753813575490e-05
 1.10133333333333326e+02 1.10266666666666666e+02 1.57043397689001045e-02 1.50755330131567122e-05
 1.10266666666666666e+02 1.10400000000000006e+02 1.56372749118809072e-02 1.50951384376106609e-05
 1.10400000000000006e+02 1.10533333333333331e+02 1.55738841307280843e-02 1.48640007590447253e-05
 1.10533333333333331e+02 1.10666666666666657e+02 1.54434483169768062e-02 1.49899354379390046e-05
 1.10666666666666657e+02 1.10799999999999997e+02 1.53666642348614067e-02 1.45978595470911733e-05
 1.10799999999999997e+02 1.10933333333333337e+02 1.52835414297314964e-02 1.47588595248210142e-05
 1.10933333333333337e+02 1.11066666666666663e+02 1.51888610066099102e-02 1.48618762831160990e-05
 1.11066666666666663e+02 1.11200000000000003e+02 1.51001050531508457e-02 1.46299027455203777e-05
 1.11200000000000003e+02 1.11333333333333343e+02 1.49941783408970644e-02 1.47089598956942790e-05
 1.11333333333333343e+02 1.11466666666666669e+02 1.49360965984170931e-02 1.42827454065264846e-05
 1.11466666666666669e+02 1.11599999999999994e+02 1.48446417686327620e-02 1.42359820697040739e-05
 1.11599999999999994e+02 1.11733333333333334e+02 1.47454573164156177e-02 1.42964716315093933e-05
 1.11733333333333334e+02 1.11866666666666674e+02 1.46757976686357882e-02 1.44013263138433286e-05
 1.11866666666666674e+02 1.12000000000000000e+02 1.45859563998620573e-02 1.47284363296230218e-05
 1.12000000000000000e+02 1.12133333333333326e+02 1.45051146069257644e-02 1.43329198062719786e-05
 1.12133333333333326e+02 1.12266666666666666e+02 1.43993592407896925e-02 1.39852685879970910e-05
 1.12266666666666666e+02 1.12400000000000006e+02 1.43138871646053979e-02 1.36445552369799557e-05
 1.12400000000000006e+02 1.12533333333333331e+02 1.41934663940016127e-02 1.41682173777174267e-05
 1.12533333333333331e+02 1.12666666666666657e+02 1.41207841201463798e-02 1.46400046427867591e-05
 1.12666666666666657e+02 1.12799999999999997e+02 1.40428926289005405e-02 1.44961197962554959e-05
 1.12799999999999997e+02 1.12933333333333337e+02 1.39412264228462677e-02 1.36313380143704883e-05
 1.12933333333333337e+02 1.13066666666666663e+02 1.38640660779100321e-02 1.34807569752546698e-05
 1.13066666666666663e+02 1.13200000000000003e+02 1.37280289524636303e-02 1.37027692271924719e-05
 1.13200000000000003e+02 1.13333333333333343e+02 1.36789937647990786e-02 1.41209905887311785e-05
 1.13333333333333343e+02 1.13466666666666669e+02 1.35785587376487486e-02 1.38059999754058288e-05
 1.13466666666666669e+02 1.13599999999999994e+02 1.34870997544665975e-02 1.47213756185580334e-05
 1.13599999999999994e+02 1.13733333333333334e+02 1.33915210768084641e-02 1.31876770874316907e-05
 1.13733333333333334e+02 1.13866666666666674e+02 1.32849613531166692e-02 1.35179755541621289e-05
 1.13866666666666674e+02 1.14000000000000000e+02 1.32169774120941413e-02 1.37622613654270391e-05
 1.14000000000000000e+02 1.14133333333333340e+02 1.31152308667081673e-02 1.29390337193315746e-05
 1.14133333333333340e+02 1.14266666666666666e+02 1.30126480192693569e-02 1.36009147584389647e-05
 1.14266666666666666e+02 1.14400000000000006e+02 1.29465512824672759e-02 1.30831086781798095e-05
 1.14400000000000006e+02 1.14533333333333331e+02 1.28274117955920353e-02 1.30546734290980040e-05
 1.14533333333333331e+02 1.14666666666666671e+02 1.27562675001593288e-02 1.33687986848899306e-05
 1.14666666666666671e+02 1.14799999999999997e+02 1.26263841846898511e-02 1.31939760388490615e-05
 1.14799999999999997e+02 1.14933333333333337e+02 1.25544661443882880e-02 1.32573179420047605e-05
 1.14933333333333337e+02 1.15066666666666663e+02 1.24507011660016237e-02 1.29764127727256753e-05
 1.15066666666666663e+02 1.15200000000000003e+02 1.23331534700724839e-02 1.25457587401358777e-05
 1.15200000000000003e+02 1.15333333333333329e+02 1.22650129356339441e-02 1.27937869179138631e-05
 1.15333333333333329e+02 1.15466666666666669e+02 1.21868925635974495e-02 1.26783116698781818e-05
 1.15466666666666669e+02 1.15599999999999994e+02 1.20815776187551162e-02 1.26857005009351913e-05
 1.15599999999999994e+02 1.15733333333333334e+02 1.19859442493818122e-02 1.29158045637024612e-05
 1.15733333333333334e+02 1.15866666666666660e+02 1.18707368139069434e-02 1.24503880809890238e-05
 1.15866666666666660e+02 1.16000000000000000e+02 1.17960445427955554e-02 1.27180668593457144e-05
 1.16000000000000000e+02 1.16133333333333340e+02 1.17208897163490859e-02 1.26506056591914353e-05
 1.16133333333333340e+02 1.16266666666666666e+02 1.16038608431995836e-02 1.23772774606477770e-05
 1.16266666666666666e+02 1.16400000000000006e+02 1.14982958583538224e-02 1.24741504259115912e-05
 1.16400000000000006e+02 1.16533333333333331e+02 1.14095733363823847e-02 1.21446623683920236e-05
 1.16533333333333331e+02 1.16666666666666671e+02 1.13204186472620552e-02 1.20679758793887997e-05
 1.16666666666666671e+02 1.16799999999999997e+02 1.12332739945420375e-02 1.21198194199279159e-05
 1.16799999999999997e+02 1.16933333333333337e+02 1.11512709648924763e-02 1.19539103219597591e-05
 1.16933333333333337e+02 1.17066666666666663e+02 1.10299438718099545e-02 1.25237305614724642e-05
 1.17066666666666663e+02 1.17200000000000003e+02 1.09267487335787152e-02 1.19171017909521588e-05
 1.17200000000000003e+02 1.17333333333333329e+02 1.08337454015665184e-02 1.19068794979156197e-05
 1.17333333333333329e+02 1.17466666666666669e+02 1.07178736861502678e-02 1.15854021564704885e-05
 1.17466666666666669e+02 1.17599999999999994e+02 1.06577383277821451e-02 1.17205684651577755e-05
 1.17599999999999994e+02 1.17733333333333334e+02 1.05524130813580575e-02 1.20460563316075249e-05
 1.17733333333333334e+02 1.17866666666666660e+02 1.04342219640740624e-02 1.11153879622507748e-05
 1.17866666666666660e+02 1.18000000000000000e+02 1.03279145695395150e-02 1.16053437652523395e-05
 1.18000000000000000e+02 1.18133333333333340e+02 1.02440009422256496e-02 1.11761475862682385e-05
 1.18133333333333340e+02 1.18266666666666666e+02 1.01443072607397475e-02 1.10540605366001954e-05
 1.18266666666666666e+02 1.18400000000000006e+02 1.00067992477231096e-02 1.10187247514856037e-05
 1.18400000000000006e+02 1.18533333333333331e+02 9.93569821613270177e-03 1.12616325915057533e-05
 1.18533333333333331e+02 1.18666666666666671e+02 9.82035100158442330e-03 1.15976661400678477e-05
 1.18666666666666671e+02 1.18799999999999997e+02 9.73527643961591936e-03 1.10809761041159402e-05
 1.18799999999999997e+02 1.18933333333333337e+02 9.62453515233644037e-03 1.09509538242937960e-05
 1.18933333333333337e+02 1.19066666666666663e+02 9.51436115972069049e-03 1.10709366539557607e-05
 1.19066666666666663e+02 1.19200000000000003e+02 9.43097578516613466e-03 1.10288257982275918e-05
 1.19200000000000003e+02 1.19333333333333329e+02 9.29155687141110763e-03 1.08552467260698202e-05
 1.19333333333333329e+02 1.19466666666666669e+02 9.20952969009075119e-03 1.07245252082448869e-05
 1.19466666666666669e+02 1.19599999999999994e+02 9.10763291920202445e-03 1.08309390673331019e-05
 1.19599999999999994e+02 1.19733333333333334e+02 9.00070366269578419e-03 1.06960194767970306e-05
 1.19733333333333334e+02 1.19866666666666660e+02 8.91143414154415940e-03 1.16342084800385008e-05
 1.19866666666666660e+02 1.20000000000000000e+02 8.78603745616170564e-03 1.07258191515368321e-05
 1.20000000000000000e+02 1.20133333333333340e+02 8.69166628806490246e-03 1.04654237322740024e-05
 1.20133333333333340e+02 1.20266666666666666e+02 8.57034212552734015e-03 1.03141842749916212e-05
 1.20266666666666666e+02 1.20400000000000006e+02 8.47580804903085537e-03 1.03664627761143624e-05
 1.20400000000000006e+02 1.20533333333333331e+02 8.37875156412727466e-03 1.03689046562492122e-05
 1.20533333333333331e+02 1.20666666666666671e+02 8.26361394258922667e-03 1.00401255642007102e-05
 1.20666666666666671e+02 1.20799999999999997e+02 8.15587858621816091e-03 9.93546081975508356e-06
 1.20799999999999997e+02 1.20933333333333337e+02 8.06383836157301657e-03 1.06049220350303851e-05
 1.20933333333333337e+02 1.21066666666666663e+02 7.92935032773217120e-03 9.93123944920140850e-06
 1.21066666666666663e+02 1.21200000000000003e+02 7.84496832957927957e-03 9.94938139100956801e-06
 1.21200000000000003e+02 1.21333333333333329e+02 7.73150940319051062e-03 9.93969010252294521e-06
 1.21333333333333329e+02 1.21466666666666669e+02 7.58916373563030180e-03 9.89257359290546030e-06
 1.21466666666666669e+02 1.21599999999999994e+02 7.47501534888428496e-03 9.80768880517577551e-06
 1.21599999999999994e+02 1.21733333333333334e+02 7.38822429924206308e-03 9.44958290125083762e-06
 1.21733333333333334e+02 1.21866666666666660e+02 7.26888984571429173e-03 9.35253654377194594e-06
 1.21866666666666660e+02 1.22000000000000000e+02 7.15912070999165200e-03 9.39382954504921736e-06
 1.22000000000000000e+02 1.22133333333333340e+02 7.03342078580035130e-03 9.42014648474800662e-06
 1.22133333333333340e+02 1.22266666666666666e+02 6.93299682890892097e-03 9.29498602789803299e-06
 1.22266666666666666e+02 1.22400000000000006e+02 6.81119435204722429e-03 9.07593986126392474e-06
 1.22400000000000006e+02 1.22533333333333331e+02 6.69198902498163630e-03 9.21739540981560105e-06
 1.22533333333333331e+02 1.22666666666666671e+02 6.57184252796507405e-03 9.55285741487582312e-06
 1.22666666666666671e+02 1.22799999999999997e+02 6.46823867081890679e-03 8.84427254198632454e-06
 1.22799999999999997e+02 1.22933333333333337e+02 6.33488507531802369e-03 8.99544986222001524e-06
 1.22933333333333337e+02 1.23066666666666663e+02 6.21312693757408892e-03 8.81712114388540351e-06
 1.23066666666666663e+02 1.23200000000000003e+02 6.10278254605000660e-03 8.90097076552043200e-06
 1.23200000000000003e+02 1.23333333333333329e+02 5.96472028519378673e-03 8.87521657310799420e-06
 1.23333333333333329e+02 1.23466666666666669e+02 5.85017067103897354e-03 8.77533175121008043e-06
 1.23466666666666669e+02 1.23599999999999994e+02 5.73152383790782437e-03 9.10405931545245336e-06
 1.23599999999999994e+02 1.23733333333333334e+02 5.58681780141961903e-03 8.66592988681348081e-06
 1.23733333333333334e+02 1.23866666666666660e+02 5.47137452923033771e-03 8.39990009506764475e-06
 1.23866666666666660e+02 1.24000000000000000e+02 5.34205967056923265e-03 8.87734511548662379e-06
 1.24000000000000000e+02 1.24133333333333340e+02 5.21768360625304243e-03 8.62701721949818544e-06
 1.24133333333333340e+02 1.24266666666666666e+02 5.08456969279152265e-03 9.36323032802933052e-06
 1.24266666666666666e+02 1.24400000000000006e+02 4.93894391434145791e-03 8.00591577130351606e-06
 1.24400000000000006e+02 1.24533333333333331e+02 4.79951819245205257e-03 8.18394109557230480e-06
 1.24533333333333331e+02 1.24666666666666671e+02 4.66517989698679667e-03 8.19566068873327797e-06
 1.24666666666666671e+02 1.24799999999999997e+02 4.52870040459738433e-03 8.21518471722149410e-06
 1.24799999999999997e+02 1.24933333333333337e+02 4.38198576126607158e-03 7.82775983297714634e-06
 1.24933333333333337e+02 1.25066666666666663e+02 4.24060311436753792e-03 7.70403394646028486e-06
 1.25066666666666663e+02 1.25200000000000003e+02 4.09924068740516196e-03 7.74558535202455995e-06
 1.25200000000000003e+02 1.25333333333333329e+02 3.95781109075602888e-03 1.91207591519061022e-05
 1.25333333333333329e+02 1.25466666666666669e+02 3.79193787086800618e-03 7.65537650967361293e-06
 1.25466666666666669e+02 1.25599999999999994e+02 3.64942595551904234e-03 7.85255348415243314e-06
 1.25599999999999994e+02 1.25733333333333334e+02 3.49466718569984864e-03 7.31271090658678870e-06
 1.25733333333333334e+02 1.25866666666666660e+02 3.33426672145919079e-03 7.54466137232031907e-06
 1.25866666666666660e+02 1.26000000000000000e+02 3.16462839943630007e-03 7.34871830083649707e-06
 1.26000000000000000e+02 1.26133333333333340e+02 3.00681277527798047e-03 7.08176245455996170e-06
 1.26133333333333340e+02 1.26266666666666666e+02 2.82761424024713902e-03 6.90390165589979193e-06
 1.26266666666666666e+02 1.26400000000000006e+02 2.66168679108901539e-03 6.65879028765514749e-06
 1.26400000000000006e+02 1.26533333333333331e+02 2.47611376789066192e-03 6.33723038832821741e-06
 1.26533333333333331e+02 1.26666666666666671e+02 2.30926281085347363e-03 6.26883782975773442e-06
 1.26666666666666671e+02 1.26799999999999997e+02 2.11495323272209565e-03 6.36348459085742979e-06
 1.26799999999999997e+02 1.26933333333333337e+02 1.92583530758528285e-03 5.97629189074037782e-06
 1.26933333333333337e+02 1.27066666666666663e+02 1.73006751810329124e-03 6.44970634606952891e-06
 1.27066666666666663e+02 1.27200000000000003e+02 1.51769119867474120e-03 5.34735956543566335e-06
 1.27200000000000003e+02 1.27333333333333329e+02 1.31426617820251885e-03 5.25498630720378773e-06
 1.27333333333333329e+02 1.27466666666666669e+02 1.08519849958955213e-03 4.80479045073850687e-06
 1.27466666666666669e+02 1.27599999999999994e+02 8.63812504379647792e-04 5.12565915490133344e-06
 1.27599999999999994e+02 1.27733333333333334e+02 6.24113893580652648e-04 3.91400243154991767e-06
 1.27733333333333334e+02 1.27866666666666660e+02 3.94062915628783821e-04 2.92442930403459484e-06
 1.27866666666666660e+02 1.28000000000000000e+02 2.51602743615865954e-04 2.24421346608818204e-06
 1.28000000000000000e+02 1.28133333333333326e+02 1.94413573751803606e-04 1.98265450971279065e-06
 1.28133333333333326e+02 1.28266666666666652e+02 1.57750732472239748e-04 1.89197261912364621e-06
 1.28266666666666652e+02 1.28400000000000006e+02 1.27165659410497119e-04 1.49598392466688140e-06
 1.28400000000000006e+02 1.28533333333333331e+02 1.06149583347886248e-04 1.34252736406388472e-06
 1.28533333333333331e+02 1.28666666666666686e+02 8.87893040594302826e-05 1.29460747807573182e-06
 1.28666666666666686e+02 1.28800000000000011e+02 7.36578963559167806e-05 1.15421211190426473e-06
 1.28800000000000011e+02 1.28933333333333337e+02 5.93908913400873227e-05 1.05753400627038281e-06
 1.28933333333333337e+02 1.29066666666666663e+02 4.70338999244781939e-05 9.32794055279349688e-07
 1.29066666666666663e+02 1.29199999999999989e+02 3.91832857207393052e-05 8.89825670633985405e-07
 1.29199999999999989e+02 1.29333333333333314e+02 2.95772420265549066e-05 7.39655255384454371e-07
 1.29333333333333314e+02 1.29466666666666669e+02 1.99455223627128785e-05 6.16038106621769473e-07
 1.29466666666666669e+02 1.29599999999999994e+02 1.27950119635030374e-05 5.24588569441988103e-07
 1.29599999999999994e+02 1.29733333333333348e+02 6.60512627322525189e-06 3.26366730726356613e-07
 1.29733333333333348e+02 1.29866666666666674e+02 2.54308337353833643e-06 2.05510294933583250e-07
 1.29866666666666674e+02 1.30000000000000000e+02 5.12487863498004216e-07 1.39565803158170665e-07

