Histogram:lth+
 5.00000000000000000e+01 5.01333333333333329e+01 2.32030752288863709e-03 4.14730586107877531e-05
 5.01333333333333329e+01 5.02666666666666657e+01 2.29833825571168580e-03 1.95944736812315567e-05
 5.02666666666666657e+01 5.03999999999999986e+01 2.31840870654966219e-03 2.22705864432033065e-05
 5.03999999999999986e+01 5.05333333333333314e+01 2.31030656500456856e-03 1.34377960189850774e-05
 5.05333333333333314e+01 5.06666666666666643e+01 2.33430674356398726e-03 1.48370364562831035e-05
 5.06666666666666643e+01 5.07999999999999972e+01 2.35878540947704034e-03 1.22879064443549591e-05
 5.07999999999999972e+01 5.09333333333333300e+01 2.35838632523717407e-03 1.17732916969769796e-05
 5.09333333333333300e+01 5.10666666666666700e+01 2.39331900366029091e-03 1.18426069111666369e-05
 5.10666666666666700e+01 5.12000000000000028e+01 2.40025216546887500e-03 1.25389731429779054e-05
 5.12000000000000028e+01 5.13333333333333357e+01 2.42589979131023004e-03 1.10109599089301743e-05
 5.13333333333333357e+01 5.14666666666666686e+01 2.44416180917838037e-03 1.06273335015538623e-05
 5.14666666666666686e+01 5.16000000000000014e+01 2.47705109613291638e-03 2.24557343174859859e-05
 5.16000000000000014e+01 5.17333333333333343e+01 2.46979465525166801e-03 1.08360946743749352e-05
 5.17333333333333343e+01 5.18666666666666671e+01 2.50827868289682770e-03 1.81406314568458261e-05
 5.18666666666666671e+01 5.20000000000000000e+01 2.51843403781408732e-03 1.15826397893298305e-05
 5.20000000000000000e+01 5.21333333333333329e+01 2.52789128354200063e-03 1.01761656406311403e-05
 5.21333333333333329e+01 5.22666666666666657e+01 2.52839126985471632e-03 9.61870400937875454e-06
 5.22666666666666657e+01 5.23999999999999986e+01 2.54545434288527481e-03 9.52063479010849068e-06
 5.23999999999999986e+01 5.25333333333333314e+01 2.59317734148244118e-03 1.03750055042512209e-05
 5.25333333333333314e+01 5.26666666666666643e+01 2.58709600044754054e-03 9.23759518366662877e-06
 5.26666666666666643e+01 5.27999999999999972e+01 2.62206797101007015e-03 1.07210945243442348e-05
 5.27999999999999972e+01 5.29333333333333300e+01 2.63425740218942422e-03 9.66757968947078843e-06
 5.29333333333333300e+01 5.30666666666666700e+01 2.67049100501370179e-03 1.66238107637944086e-05
 5.30666666666666700e+01 5.32000000000000028e+01 2.66108799908047148e-03 9.50714351215011655e-06
 5.32000000000000028e+01 5.33333333333333357e+01 2.68919914817517935e-03 8.73737090490525873e-06
 5.33333333333333357e+01 5.34666666666666686e+01 2.70482307574643980e-03 8.84320556414000835e-06
 5.34666666666666686e+01 5.36000000000000014e+01 2.73135517954902016e-03 8.19417900846225163e-06
 5.36000000000000014e+01 5.37333333333333343e+01 2.75651585656370079e-03 1.11126791237527117e-05
 5.37333333333333343e+01 5.38666666666666671e+01 2.76896948564374443e-03 1.03486283944096546e-05
 5.38666666666666671e+01 5.40000000000000000e+01 2.79420683448553149e-03 1.16993392119330474e-05
 5.40000000000000000e+01 5.41333333333333329e+01 2.79450027851594869e-03 8.36045758861522262e-06
 5.41333333333333329e+01 5.42666666666666657e+01 2.81148246174864336e-03 8.11060219322735859e-06
 5.42666666666666657e+01 5.43999999999999986e+01 2.82918001498964379e-03 8.05179641255234578e-06
 5.43999999999999986e+01 5.45333333333333314e+01 2.86744439062497705e-03 1.00007447149295679e-05
 5.45333333333333314e+01 5.46666666666666643e+01 2.89405002415874142e-03 1.20294774437716820e-05
 5.46666666666666643e+01 5.47999999999999972e+01 2.86228299550350153e-03 8.49855874092149654e-06
 5.47999999999999972e+01 5.49333333333333371e+01 2.89622701698504306e-03 8.12759776024747956e-06
 5.49333333333333371e+01 5.50666666666666629e+01 2.93519142161429098e-03 9.62149785804043288e-06
 5.50666666666666629e+01 5.52000000000000028e+01 2.93630612914744672e-03 1.20473310603294309e-05
 5.52000000000000028e+01 5.53333333333333357e+01 2.94505419690854840e-03 8.15341564291421572e-06
 5.53333333333333357e+01 5.54666666666666686e+01 2.95843161563562893e-03 8.54265571587741596e-06
 5.54666666666666686e+01 5.56000000000000014e+01 3.00187507499236408e-03 1.06154686669923312e-05
 5.56000000000000014e+01 5.57333333333333343e+01 3.01459728400845037e-03 1.15748492197760681e-05
 5.57333333333333343e+01 5.58666666666666671e+01 3.01736072129404507e-03 8.61823689697416913e-06
 5.58666666666666671e+01 5.60000000000000000e+01 3.05568439319565564e-03 1.40512885896520634e-05
 5.60000000000000000e+01 5.61333333333333329e+01 3.04641124411954289e-03 1.18084166345919484e-05
 5.61333333333333329e+01 5.62666666666666657e+01 3.08068534895983076e-03 8.37215967299394520e-06
 5.62666666666666657e+01 5.63999999999999986e+01 3.10677250013552788e-03 9.13811107449837889e-06
 5.63999999999999986e+01 5.65333333333333314e+01 3.12631976685633474e-03 9.11006877324709597e-06
 5.65333333333333314e+01 5.66666666666666643e+01 3.14508508041345470e-03 1.16627953079332554e-05
 5.66666666666666643e+01 5.67999999999999972e+01 3.16343204256504815e-03 9.75266079394471469e-06
 5.67999999999999972e+01 5.69333333333333371e+01 3.18266937252907178e-03 9.17624097604193819e-06
 5.69333333333333371e+01 5.70666666666666629e+01 3.17741359559875524e-03 8.74353101466956035e-06
 5.70666666666666629e+01 5.72000000000000028e+01 3.22919111794575404e-03 1.18932676656053558e-05
 5.72000000000000028e+01 5.73333333333333357e+01 3.21645172631236003e-03 9.72071982122096354e-06
 5.73333333333333357e+01 5.74666666666666686e+01 3.22902259490033192e-03 8.62918400173374419e-06
 5.74666666666666686e+01 5.76000000000000014e+01 3.26785885582201070e-03 1.28201627762149610e-05
 5.76000000000000014e+01 5.77333333333333343e+01 3.26774611422234228e-03 9.16238927399201120e-06
 5.77333333333333343e+01 5.78666666666666671e+01 3.29232501388051048e-03 9.53596056869889530e-06
 5.78666666666666671e+01 5.80000000000000000e+01 3.31042758054892220e-03 8.93583011466680110e-06
 5.80000000000000000e+01 5.81333333333333329e+01 3.32849616772210293e-03 1.15696701771356397e-05
 5.81333333333333329e+01 5.82666666666666657e+01 3.33829134776484748e-03 1.01116514577738532e-05
 5.82666666666666657e+01 5.83999999999999986e+01 3.36999261246527558e-03 9.39449500649873755e-06
 5.83999999999999986e+01 5.85333333333333314e+01 3.37893237213339817e-03 9.85488557627886576e-06
 5.85333333333333314e+01 5.86666666666666643e+01 3.37934683783653635e-03 8.51857691859323940e-06
 5.86666666666666643e+01 5.87999999999999972e+01 3.41749452470575463e-03 1.21817285978252939e-05
 5.87999999999999972e+01 5.89333333333333371e+01 3.42322699637811860e-03 8.89098967271370392e-06
 5.89333333333333371e+01 5.90666666666666629e+01 3.44846966088826297e-03 9.13253544229264972e-06
 5.90666666666666629e+01 5.92000000000000028e+01 3.46282258584033583e-03 9.28284013142997878e-06
 5.92000000000000028e+01 5.93333333333333357e+01 3.47052945555575629e-03 1.03674028646476044e-05
 5.93333333333333357e+01 5.94666666666666686e+01 3.52237594574721221e-03 9.54156045803074113e-06
 5.94666666666666686e+01 5.96000000000000014e+01 3.51411108009312603e-03 1.28489235867643538e-05
 5.96000000000000014e+01 5.97333333333333343e+01 3.54243612800750817e-03 1.11395725019183202e-05
 5.97333333333333343e+01 5.98666666666666671e+01 3.55336877894874134e-03 1.05968743202652079e-05
 5.98666666666666671e+01 6.00000000000000000e+01 3.57236348296832967e-03 9.04888424059902455e-06
 6.00000000000000000e+01 6.01333333333333329e+01 3.59368911541985267e-03 1.18059757767765127e-05
 6.01333333333333329e+01 6.02666666666666657e+01 3.59521002166456136e-03 8.93447076459091729e-06
 6.02666666666666657e+01 6.03999999999999986e+01 3.61337870874713562e-03 1.00899847376356957e-05
 6.03999999999999986e+01 6.05333333333333314e+01 3.61889885845584998e-03 9.07505477873589779e-06
 6.05333333333333314e+01 6.06666666666666643e+01 3.67317084721680877e-03 2.64454388048488022e-05
 6.06666666666666643e+01 6.07999999999999972e+01 3.67203239224357615e-03 9.61480581069424805e-06
 6.07999999999999972e+01 6.09333333333333371e+01 3.67821472709504819e-03 9.07325173898620985e-06
 6.09333333333333371e+01 6.10666666666666629e+01 3.71584460272592803e-03 1.18206317712055835e-05
 6.10666666666666629e+01 6.12000000000000028e+01 3.72327762524738001e-03 1.06699384270542320e-05
 6.12000000000000028e+01 6.13333333333333357e+01 3.74429660031133302e-03 1.01769095547282557e-05
 6.13333333333333357e+01 6.14666666666666686e+01 3.74379684738826565e-03 9.29856906532136273e-06
 6.14666666666666686e+01 6.16000000000000014e+01 3.76122870391867956e-03 9.16912354783109770e-06
 6.16000000000000014e+01 6.17333333333333343e+01 3.79437253827429087e-03 1.17130774426650579e-05
 6.17333333333333343e+01 6.18666666666666671e+01 3.80332507171037698e-03 1.16788043207037873e-05
 6.18666666666666671e+01 6.20000000000000000e+01 3.83577719915628116e-03 1.17389045642314886e-05
 6.20000000000000000e+01 6.21333333333333329e+01 3.83886894794831538e-03 1.03093626793093201e-05
 6.21333333333333329e+01 6.22666666666666657e+01 3.87834942557226938e-03 9.65877220746522294e-06
 6.22666666666666657e+01 6.23999999999999986e+01 3.88451799638935393e-03 9.47439218448708111e-06
 6.23999999999999986e+01 6.25333333333333314e+01 3.89892587571113872e-03 9.19174809185217833e-06
 6.25333333333333314e+01 6.26666666666666643e+01 3.90707783415077201e-03 1.28108614156008199e-05
 6.26666666666666643e+01 6.27999999999999972e+01 3.94259093922873227e-03 1.46432316211518934e-05
 6.27999999999999972e+01 6.29333333333333371e+01 3.93454364022808017e-03 1.04395187348174056e-05
 6.29333333333333371e+01 6.30666666666666629e+01 3.97797045870851816e-03 1.14359423507253301e-05
 6.30666666666666629e+01 6.32000000000000028e+01 3.95067310230526238e-03 1.01816895135101136e-05
 6.32000000000000028e+01 6.33333333333333357e+01 3.99911482149605674e-03 1.03065501315427569e-05
 6.33333333333333357e+01 6.34666666666666686e+01 4.00772321502635386e-03 9.13926635233779401e-06
 6.34666666666666686e+01 6.36000000000000014e+01 3.99946892144637228e-03 9.56600216438757199e-06
 6.36000000000000014e+01 6.37333333333333343e+01 4.02956367209291681e-03 9.30603018525826971e-06
 6.37333333333333343e+01 6.38666666666666671e+01 4.05434366670464914e-03 9.32520281720533989e-06
 6.38666666666666671e+01 6.40000000000000000e+01 4.04985006205203172e-03 9.36652579269869332e-06
 6.40000000000000000e+01 6.41333333333333258e+01 4.07406048990344421e-03 1.07757465299446303e-05
 6.41333333333333258e+01 6.42666666666666657e+01 4.06892602033112095e-03 1.14414372818865965e-05
 6.42666666666666657e+01 6.44000000000000057e+01 4.10046368684087274e-03 9.34583254306075465e-06
 6.44000000000000057e+01 6.45333333333333314e+01 4.11644480833332684e-03 1.00977902440966650e-05
 6.45333333333333314e+01 6.46666666666666714e+01 4.15124177601538993e-03 1.08916211193923043e-05
 6.46666666666666714e+01 6.47999999999999972e+01 4.14692027756931227e-03 1.07932597859684752e-05
 6.47999999999999972e+01 6.49333333333333371e+01 4.16218574301399202e-03 1.00168969672461193e-05
 6.49333333333333371e+01 6.50666666666666629e+01 4.17567973717869988e-03 9.78976552103809576e-06
 6.50666666666666629e+01 6.52000000000000028e+01 4.20565505583837731e-03 9.99953486874070193e-06
 6.52000000000000028e+01 6.53333333333333286e+01 4.20972151823744735e-03 9.36577307274268348e-06
 6.53333333333333286e+01 6.54666666666666686e+01 4.20615257548363763e-03 9.41228066614770945e-06
 6.54666666666666686e+01 6.55999999999999943e+01 4.22747672952764747e-03 1.19290156647015869e-05
 6.55999999999999943e+01 6.57333333333333343e+01 4.23201340529036785e-03 1.43489139313066333e-05
 6.57333333333333343e+01 6.58666666666666742e+01 4.26520129688007232e-03 2.00814887769449227e-05
 6.58666666666666742e+01 6.60000000000000000e+01 4.25526502042087879e-03 9.68929744535298539e-06
 6.60000000000000000e+01 6.61333333333333258e+01 4.25020697734059070e-03 9.75459723228925146e-06
 6.61333333333333258e+01 6.62666666666666657e+01 4.28712385086621895e-03 1.03235136915753261e-05
 6.62666666666666657e+01 6.64000000000000057e+01 4.29834284514282652e-03 9.92146529301599367e-06
 6.64000000000000057e+01 6.65333333333333314e+01 4.29648364711604242e-03 9.72749659262241417e-06
 6.65333333333333314e+01 6.66666666666666714e+01 4.33071991497508031e-03 9.69560833908762878e-06
 6.66666666666666714e+01 6.67999999999999972e+01 4.36046576820008341e-03 1.37992198079558093e-05
 6.67999999999999972e+01 6.69333333333333371e+01 4.34600784256847054e-03 9.84096896365184739e-06
 6.69333333333333371e+01 6.70666666666666629e+01 4.36401380380973050e-03 1.18398396148888159e-05
 6.70666666666666629e+01 6.72000000000000028e+01 4.37463647674788715e-03 1.05526293838625455e-05
 6.72000000000000028e+01 6.73333333333333286e+01 4.41029429206984697e-03 1.33682041902781465e-05
 6.73333333333333286e+01 6.74666666666666686e+01 4.40396080429120498e-03 1.12917897485727151e-05
 6.74666666666666686e+01 6.75999999999999943e+01 4.41369825830361783e-03 1.23479762792298985e-05
 6.75999999999999943e+01 6.77333333333333343e+01 4.41133415141413496e-03 9.70475897266312649e-06
 6.77333333333333343e+01 6.78666666666666742e+01 4.47512433427217464e-03 1.17309793738648584e-05
 6.78666666666666742e+01 6.80000000000000000e+01 4.44350096088599444e-03 1.14803121212252653e-05
 6.80000000000000000e+01 6.81333333333333258e+01 4.44796002189933818e-03 1.13261063757390005e-05
 6.81333333333333258e+01 6.82666666666666657e+01 4.45666528237239831e-03 1.05260591030613077e-05
 6.82666666666666657e+01 6.84000000000000057e+01 4.47324299289631692e-03 1.31112237639607165e-05
 6.84000000000000057e+01 6.85333333333333314e+01 4.46031576900557478e-03 9.73519354031207854e-06
 6.85333333333333314e+01 6.86666666666666714e+01 4.48545148519709658e-03 1.11600302522275672e-05
 6.86666666666666714e+01 6.87999999999999972e+01 4.51534848817445721e-03 1.47074008372464666e-05
 6.87999999999999972e+01 6.89333333333333371e+01 4.49712369213006637e-03 9.89713082977783501e-06
 6.89333333333333371e+01 6.90666666666666629e+01 4.51990871677236759e-03 1.03483110470211001e-05
 6.90666666666666629e+01 6.92000000000000028e+01 4.53310285440723919e-03 1.06211451156983703e-05
 6.92000000000000028e+01 6.93333333333333286e+01 4.54504861364984827e-03 1.22497797681077183e-05
 6.93333333333333286e+01 6.94666666666666686e+01 4.56118196734970130e-03 1.18442726638008450e-05
 6.94666666666666686e+01 6.95999999999999943e+01 4.54074048941469858e-03 9.79801672668239679e-06
 6.95999999999999943e+01 6.97333333333333343e+01 4.58160870138554430e-03 1.26913735818095839e-05
 6.97333333333333343e+01 6.98666666666666742e+01 4.57920527756256520e-03 1.02081730385045163e-05
 6.98666666666666742e+01 7.00000000000000000e+01 4.59340793697797338e-03 1.18393587618854945e-05
 7.00000000000000000e+01 7.01333333333333258e+01 4.59828770404009397e-03 1.22386891486738726e-05
 7.01333333333333258e+01 7.02666666666666657e+01 4.62119243983559209e-03 1.18589396770379334e-05
 7.02666666666666657e+01 7.04000000000000057e+01 4.62293708248420320e-03 1.42251717481266748e-05
 7.04000000000000057e+01 7.05333333333333314e+01 4.62077062909477167e-03 1.12945809977105766e-05
 7.05333333333333314e+01 7.06666666666666714e+01 4.62394769009490027e-03 1.36657741331580154e-05
 7.06666666666666714e+01 7.07999999999999972e+01 4.63178051820207267e-03 1.19411110563089309e-05
 7.07999999999999972e+01 7.09333333333333371e+01 4.64300519806515842e-03 1.03827512214470292e-05
 7.09333333333333371e+01 7.10666666666666629e+01 4.65692075470468779e-03 1.07022241778667609e-05
 7.10666666666666629e+01 7.12000000000000028e+01 4.66749197599333407e-03 1.02707440841919529e-05
 7.12000000000000028e+01 7.13333333333333286e+01 4.66484629412455051e-03 1.14631214264838261e-05
 7.13333333333333286e+01 7.14666666666666686e+01 4.66109201739723939e-03 9.89784144363966489e-06
 7.14666666666666686e+01 7.15999999999999943e+01 4.67481732262616228e-03 1.12543413854067491e-05
 7.15999999999999943e+01 7.17333333333333343e+01 4.67691852829492296e-03 1.03926489443630459e-05
 7.17333333333333343e+01 7.18666666666666742e+01 4.69888312761107541e-03 1.21357019967564518e-05
 7.18666666666666742e+01 7.20000000000000000e+01 4.68272990541016704e-03 1.01441027146057280e-05
 7.20000000000000000e+01 7.21333333333333258e+01 4.68361976726310025e-03 1.04351811904050692e-05
 7.21333333333333258e+01 7.22666666666666657e+01 4.71475831459905719e-03 1.15703578962208663e-05
 7.22666666666666657e+01 7.24000000000000057e+01 4.72391151682258811e-03 1.37790256291774316e-05
 7.24000000000000057e+01 7.25333333333333314e+01 4.70789575222522322e-03 1.20242002834677658e-05
 7.25333333333333314e+01 7.26666666666666714e+01 4.73074790871230895e-03 1.06570604575422417e-05
 7.26666666666666714e+01 7.27999999999999972e+01 4.73086450487819696e-03 1.07074473905958880e-05
 7.27999999999999972e+01 7.29333333333333371e+01 4.75338163173343736e-03 1.04596629369659541e-05
 7.29333333333333371e+01 7.30666666666666629e+01 4.74986890119274280e-03 1.36399890275627280e-05
 7.30666666666666629e+01 7.32000000000000028e+01 4.73315676506085633e-03 1.09322688375441499e-05
 7.32000000000000028e+01 7.33333333333333286e+01 4.73660248071178583e-03 1.08511065286087441e-05
 7.33333333333333286e+01 7.34666666666666686e+01 4.77572700503993332e-03 1.48829852163717003e-05
 7.34666666666666686e+01 7.35999999999999943e+01 4.78027649825193274e-03 1.33803481767538524e-05
 7.35999999999999943e+01 7.37333333333333343e+01 4.77367187323584317e-03 1.04205669159651883e-05
 7.37333333333333343e+01 7.38666666666666742e+01 4.78476624487270304e-03 1.14849852482351059e-05
 7.38666666666666742e+01 7.40000000000000000e+01 4.77679930059660921e-03 1.24363498281501846e-05
 7.40000000000000000e+01 7.41333333333333258e+01 4.79302203358498557e-03 1.31303484533480338e-05
 7.41333333333333258e+01 7.42666666666666657e+01 4.79120606295054072e-03 1.04739269432390757e-05
 7.42666666666666657e+01 7.44000000000000057e+01 4.79176222621359536e-03 9.94727249736466389e-06
 7.44000000000000057e+01 7.45333333333333314e+01 4.78978905590935703e-03 1.04195288686857630e-05
 7.45333333333333314e+01 7.46666666666666714e+01 4.81458446085447547e-03 1.04848779905308239e-05
 7.46666666666666714e+01 7.47999999999999972e+01 4.80928186646346293e-03 1.06828791730580823e-05
 7.47999999999999972e+01 7.49333333333333371e+01 4.81319964360380891e-03 9.92302894715273421e-06
 7.49333333333333371e+01 7.50666666666666629e+01 4.81085594297231238e-03 1.05066236790468777e-05
 7.50666666666666629e+01 7.52000000000000028e+01 4.82016743236049743e-03 1.14643477119531099e-05
 7.52000000000000028e+01 7.53333333333333286e+01 4.83007292642189962e-03 1.56772682444788949e-05
 7.53333333333333286e+01 7.54666666666666686e+01 4.81994466214275951e-03 1.04993367485600882e-05
 7.54666666666666686e+01 7.55999999999999943e+01 4.84372646316829237e-03 1.07115656957106435e-05
 7.55999999999999943e+01 7.57333333333333343e+01 4.83338756044250552e-03 1.06580147065365886e-05
 7.57333333333333343e+01 7.58666666666666742e+01 4.83992272744740350e-03 1.62794765326467653e-05
 7.58666666666666742e+01 7.60000000000000000e+01 4.83948535903505270e-03 1.19248320113013463e-05
 7.60000000000000000e+01 7.61333333333333258e+01 4.84089724313720420e-03 1.15802514526806100e-05
 7.61333333333333258e+01 7.62666666666666657e+01 4.84079513134138759e-03 1.22306645318880842e-05
 7.62666666666666657e+01 7.64000000000000057e+01 4.85909740437457348e-03 1.16341227503317776e-05
 7.64000000000000057e+01 7.65333333333333314e+01 4.84725624631343523e-03 1.05159530872030350e-05
 7.65333333333333314e+01 7.66666666666666714e+01 4.84976015553653314e-03 1.12738912671601777e-05
 7.66666666666666714e+01 7.67999999999999972e+01 4.85236033929480493e-03 1.05084146668526959e-05
 7.67999999999999972e+01 7.69333333333333371e+01 4.84117363823370096e-03 1.12063300517634507e-05
 7.69333333333333371e+01 7.70666666666666629e+01 4.85196962518452419e-03 9.70829599876414565e-06
 7.70666666666666629e+01 7.72000000000000028e+01 4.86890243101101381e-03 1.07957244896069796e-05
 7.72000000000000028e+01 7.73333333333333286e+01 4.85315979333462207e-03 1.07889472654810808e-05
 7.73333333333333286e+01 7.74666666666666686e+01 4.87404840415760297e-03 1.19649481199991043e-05
 7.74666666666666686e+01 7.75999999999999943e+01 4.87533097374472351e-03 1.02142279026381785e-05
 7.75999999999999943e+01 7.77333333333333343e+01 4.87118364730957515e-03 1.03942129635343660e-05
 7.77333333333333343e+01 7.78666666666666742e+01 4.87019879220577500e-03 1.11822361568025999e-05
 7.78666666666666742e+01 7.80000000000000000e+01 4.86831386806524120e-03 2.02356929143231909e-05
 7.80000000000000000e+01 7.81333333333333258e+01 4.87112570988326374e-03 1.05979194700906337e-05
 7.81333333333333258e+01 7.82666666666666657e+01 4.87322057276298216e-03 1.08253459598983876e-05
 7.82666666666666657e+01 7.84000000000000057e+01 4.88079395084646452e-03 1.04237851381967176e-05
 7.84000000000000057e+01 7.85333333333333314e+01 4.87236225839998618e-03 1.29266972255046714e-05
 7.85333333333333314e+01 7.86666666666666714e+01 4.85869754802602683e-03 1.13428709581743128e-05
 7.86666666666666714e+01 7.87999999999999972e+01 4.87408478799252875e-03 1.11586896956727695e-05
 7.87999999999999972e+01 7.89333333333333371e+01 4.89801256504860966e-03 1.17427920475517692e-05
 7.89333333333333371e+01 7.90666666666666629e+01 4.85448267660109657e-03 1.08663593091036552e-05
 7.90666666666666629e+01 7.92000000000000028e+01 4.86998305300117423e-03 1.36057766052202946e-05
 7.92000000000000028e+01 7.93333333333333286e+01 4.87850645767284354e-03 1.07413620332036674e-05
 7.93333333333333286e+01 7.94666666666666686e+01 4.88056625172608900e-03 1.11163098627573484e-05
 7.94666666666666686e+01 7.95999999999999943e+01 4.88744188272916946e-03 1.17059731945689404e-05
 7.95999999999999943e+01 7.97333333333333343e+01 4.87496545694081525e-03 1.04087181092651903e-05
 7.97333333333333343e+01 7.98666666666666742e+01 4.87205143752732998e-03 1.06875497355940075e-05
 7.98666666666666742e+01 8.00000000000000000e+01 4.84899357539051671e-03 1.14235229971031333e-05
 8.00000000000000000e+01 8.01333333333333258e+01 4.88612020210769677e-03 1.42669742034864159e-05
 8.01333333333333258e+01 8.02666666666666657e+01 4.85451571442146925e-03 1.05567506031221751e-05
 8.02666666666666657e+01 8.04000000000000057e+01 4.87487908003852912e-03 1.06608643906314051e-05
 8.04000000000000057e+01 8.05333333333333314e+01 4.88091162856521196e-03 1.13478963987332562e-05
 8.05333333333333314e+01 8.06666666666666714e+01 4.88779916668389755e-03 1.78467478948648927e-05
 8.06666666666666714e+01 8.07999999999999972e+01 4.87920478245872698e-03 1.56798538228891677e-05
 8.07999999999999972e+01 8.09333333333333371e+01 4.86870284510333099e-03 1.03461588899388399e-05
 8.09333333333333371e+01 8.10666666666666629e+01 4.87866752591403080e-03 1.15046931588966887e-05
 8.10666666666666629e+01 8.12000000000000028e+01 4.84778329277438334e-03 1.09655660551996168e-05
 8.12000000000000028e+01 8.13333333333333286e+01 4.88189228774993465e-03 1.36396537660438486e-05
 8.13333333333333286e+01 8.14666666666666686e+01 4.85608570031205184e-03 1.09450864123751372e-05
 8.14666666666666686e+01 8.15999999999999943e+01 4.85804858174514360e-03 1.08937061234329142e-05
 8.15999999999999943e+01 8.17333333333333343e+01 4.86459722981716098e-03 1.53970938765703375e-05
 8.17333333333333343e+01 8.18666666666666742e+01 4.85833688492881034e-03 1.14671947842753643e-05
 8.18666666666666742e+01 8.20000000000000000e+01 4.83461759742425355e-03 1.19915944562024577e-05
 8.20000000000000000e+01 8.21333333333333258e+01 4.83867420764668311e-03 1.05690060560428420e-05
 8.21333333333333258e+01 8.22666666666666657e+01 4.85066862174721603e-03 1.08472072892320470e-05
 8.22666666666666657e+01 8.24000000000000057e+01 4.83893180758264863e-03 1.05386889423125123e-05
 8.24000000000000057e+01 8.25333333333333314e+01 4.85093399269456715e-03 1.10886447898051241e-05
 8.25333333333333314e+01 8.26666666666666572e+01 4.85473849399972561e-03 1.15006501698331431e-05
 8.26666666666666572e+01 8.27999999999999972e+01 4.83340499626172277e-03 9.98940390047394774e-06
 8.27999999999999972e+01 8.29333333333333371e+01 4.82989358370640616e-03 1.23419405664458878e-05
 8.29333333333333371e+01 8.30666666666666629e+01 4.86622362425053953e-03 1.43906511313055688e-05
 8.30666666666666629e+01 8.32000000000000028e+01 4.84063118615779032e-03 1.42051194653816014e-05
 8.32000000000000028e+01 8.33333333333333428e+01 4.82208318332569014e-03 1.03159277102630094e-05
 8.33333333333333428e+01 8.34666666666666686e+01 4.82772310474801226e-03 1.10500359956229414e-05
 8.34666666666666686e+01 8.35999999999999943e+01 4.83248704981837154e-03 1.10405711918275614e-05
 8.35999999999999943e+01 8.37333333333333343e+01 4.83018921497980428e-03 2.20939166348741307e-05
 8.37333333333333343e+01 8.38666666666666742e+01 4.81782760000652559e-03 1.48759220165353328e-05
 8.38666666666666742e+01 8.40000000000000000e+01 4.80481632592394403e-03 1.26444066333228214e-05
 8.40000000000000000e+01 8.41333333333333258e+01 4.81831821331292053e-03 1.07427179685608108e-05
 8.41333333333333258e+01 8.42666666666666657e+01 4.80402171719128499e-03 1.05098832374802059e-05
 8.42666666666666657e+01 8.44000000000000057e+01 4.79399114796190406e-03 1.20597172100139747e-05
 8.44000000000000057e+01 8.45333333333333314e+01 4.77676618411398361e-03 1.10327218724441671e-05
 8.45333333333333314e+01 8.46666666666666572e+01 4.77515551840424109e-03 1.13616506206369459e-05
 8.46666666666666572e+01 8.47999999999999972e+01 4.80460316740394678e-03 1.33143992868463334e-05
 8.47999999999999972e+01 8.49333333333333371e+01 4.78110444686582082e-03 1.15960429428645951e-05
 8.49333333333333371e+01 8.50666666666666629e+01 4.79127753139204759e-03 1.35093648355274697e-05
 8.50666666666666629e+01 8.52000000000000028e+01 4.77495665889382439e-03 1.05799709329533385e-05
 8.52000000000000028e+01 8.53333333333333428e+01 4.75744905842927657e-03 1.22382591453370782e-05
 8.53333333333333428e+01 8.54666666666666686e+01 4.76119251907882856e-03 1.25705630950939733e-05
 8.54666666666666686e+01 8.55999999999999943e+01 4.77265762534830225e-03 1.45557223258161059e-05
 8.55999999999999943e+01 8.57333333333333343e+01 4.74711866925134601e-03 1.05569775516325916e-05
 8.57333333333333343e+01 8.58666666666666742e+01 4.76427514574232196e-03 1.75850243050870146e-05
 8.58666666666666742e+01 8.60000000000000000e+01 4.75003920443365681e-03 1.22243196394169297e-05
 8.60000000000000000e+01 8.61333333333333258e+01 4.73645688197852927e-03 1.08401264795259912e-05
 8.61333333333333258e+01 8.62666666666666657e+01 4.73685931975618025e-03 1.57165450034272418e-05
 8.62666666666666657e+01 8.64000000000000057e+01 4.70893983765457817e-03 1.12935826652648577e-05
 8.64000000000000057e+01 8.65333333333333314e+01 4.71957872944067658e-03 1.28721935337054983e-05
 8.65333333333333314e+01 8.66666666666666572e+01 4.71302526778067006e-03 1.06198614074754854e-05
 8.66666666666666572e+01 8.67999999999999972e+01 4.70356884673118428e-03 1.06446910298761365e-05
 8.67999999999999972e+01 8.69333333333333371e+01 4.69528017935557512e-03 1.03407181145040704e-05
 8.69333333333333371e+01 8.70666666666666629e+01 4.70643969693773905e-03 1.64605581851014134e-05
 8.70666666666666629e+01 8.72000000000000028e+01 4.68360343545752046e-03 1.07939985096203440e-05
 8.72000000000000028e+01 8.73333333333333428e+01 4.68412374806810757e-03 1.08827653329266772e-05
 8.73333333333333428e+01 8.74666666666666686e+01 4.66357088554101434e-03 1.23712216861311177e-05
 8.74666666666666686e+01 8.75999999999999943e+01 4.66814306142060952e-03 1.06978742606190328e-05
 8.75999999999999943e+01 8.77333333333333343e+01 4.67335226514143005e-03 1.38414364250794674e-05
 8.77333333333333343e+01 8.78666666666666742e+01 4.65958527944671224e-03 1.12887194147719913e-05
 8.78666666666666742e+01 8.80000000000000000e+01 4.65961655258799977e-03 1.28044393576564828e-05
 8.80000000000000000e+01 8.81333333333333258e+01 4.62763471722155151e-03 1.15131339122350247e-05
 8.81333333333333258e+01 8.82666666666666657e+01 4.65500130157072301e-03 1.72962495699418323e-05
 8.82666666666666657e+01 8.84000000000000057e+01 4.65247880185417229e-03 1.08322003644327977e-05
 8.84000000000000057e+01 8.85333333333333314e+01 4.63051353264615911e-03 1.43162413542989189e-05
 8.85333333333333314e+01 8.86666666666666572e+01 4.59383694488150768e-03 1.17809305884778779e-05
 8.86666666666666572e+01 8.87999999999999972e+01 4.58923138657841342e-03 1.18212866727156485e-05
 8.87999999999999972e+01 8.89333333333333371e+01 4.59376707946962913e-03 1.08236952215873485e-05
 8.89333333333333371e+01 8.90666666666666629e+01 4.59909128848140416e-03 1.21814365371183540e-05
 8.90666666666666629e+01 8.92000000000000028e+01 4.58985787607301028e-03 1.18840338132570684e-05
 8.92000000000000028e+01 8.93333333333333428e+01 4.57571956575330858e-03 1.06980053561831059e-05
 8.93333333333333428e+01 8.94666666666666686e+01 4.58025748666892902e-03 1.73661272358417859e-05
 8.94666666666666686e+01 8.95999999999999943e+01 4.57767379470733291e-03 1.30950617256426068e-05
 8.95999999999999943e+01 8.97333333333333343e+01 4.54545619923671373e-03 1.05806592089674899e-05
 8.97333333333333343e+01 8.98666666666666742e+01 4.54560631679284000e-03 1.07677987964864018e-05
 8.98666666666666742e+01 9.00000000000000000e+01 4.52927494505244842e-03 1.06541359859624384e-05
 9.00000000000000000e+01 9.01333333333333258e+01 4.53812129249570213e-03 1.04772734939662824e-05
 9.01333333333333258e+01 9.02666666666666657e+01 4.50814690611153149e-03 1.06852541282735311e-05
 9.02666666666666657e+01 9.04000000000000057e+01 4.48775414239946206e-03 1.00954038155426219e-05
 9.04000000000000057e+01 9.05333333333333314e+01 4.47964535000509693e-03 1.02340388506462386e-05
 9.05333333333333314e+01 9.06666666666666572e+01 4.51196097424638211e-03 1.51167869548347482e-05
 9.06666666666666572e+01 9.07999999999999972e+01 4.46634837203906381e-03 1.05274601445703105e-05
 9.07999999999999972e+01 9.09333333333333371e+01 4.47119984350384525e-03 1.16573087103889904e-05
 9.09333333333333371e+01 9.10666666666666629e+01 4.44656211312173793e-03 1.03487526406055905e-05
 9.10666666666666629e+01 9.12000000000000028e+01 4.45706271752763488e-03 1.08476352916807709e-05
 9.12000000000000028e+01 9.13333333333333428e+01 4.44582144068609870e-03 1.02507970431917214e-05
 9.13333333333333428e+01 9.14666666666666686e+01 4.43632150639692528e-03 1.66131911739598870e-05
 9.14666666666666686e+01 9.15999999999999943e+01 4.42681350069052109e-03 1.06392894539779704e-05
 9.15999999999999943e+01 9.17333333333333343e+01 4.42542549510402394e-03 1.43494640350951943e-05
 9.17333333333333343e+01 9.18666666666666742e+01 4.42200024237113156e-03 1.12771244310196912e-05
 9.18666666666666742e+01 9.20000000000000000e+01 4.37782205191409018e-03 1.04532454972153280e-05
 9.20000000000000000e+01 9.21333333333333258e+01 4.38217236269489250e-03 1.14537013250510580e-05
 9.21333333333333258e+01 9.22666666666666657e+01 4.38045967406882914e-03 1.03997346721422763e-05
 9.22666666666666657e+01 9.24000000000000057e+01 4.37740071184710908e-03 1.56049377077875017e-05
 9.24000000000000057e+01 9.25333333333333314e+01 4.36199873090281978e-03 1.26382636008175586e-05
 9.25333333333333314e+01 9.26666666666666572e+01 4.34437689692910179e-03 1.10844028959506354e-05
 9.26666666666666572e+01 9.27999999999999972e+01 4.33464291210924543e-03 1.47444700209897310e-05
 9.27999999999999972e+01 9.29333333333333371e+01 4.33478156277902586e-03 1.08447629342960324e-05
 9.29333333333333371e+01 9.30666666666666629e+01 4.32356136848522851e-03 1.09655731350337688e-05
 9.30666666666666629e+01 9.32000000000000028e+01 4.30445467871545979e-03 1.14674265953054508e-05
 9.32000000000000028e+01 9.33333333333333428e+01 4.28279237886274554e-03 1.02494438212209851e-05
 9.33333333333333428e+01 9.34666666666666686e+01 4.31274395880311238e-03 1.29343749718117542e-05
 9.34666666666666686e+01 9.35999999999999943e+01 4.27585478250497742e-03 1.78898934678662383e-05
 9.35999999999999943e+01 9.37333333333333343e+01 4.25704800374827452e-03 1.03974436948177477e-05
 9.37333333333333343e+01 9.38666666666666742e+01 4.25331321542953434e-03 1.04750373452739058e-05
 9.38666666666666742e+01 9.40000000000000000e+01 4.24868864620289288e-03 1.10052299598621339e-05
 9.40000000000000000e+01 9.41333333333333258e+01 4.23282234811576258e-03 1.15326626724544254e-05
 9.41333333333333258e+01 9.42666666666666657e+01 4.21731551033973501e-03 1.06343089573161959e-05
 9.42666666666666657e+01 9.44000000000000057e+01 4.21846491341235346e-03 1.69737614156034105e-05
 9.44000000000000057e+01 9.45333333333333314e+01 4.17874188788228303e-03 1.13701459095959607e-05
 9.45333333333333314e+01 9.46666666666666572e+01 4.18559773260479204e-03 1.09739017921645681e-05
 9.46666666666666572e+01 9.47999999999999972e+01 4.16414442184762004e-03 9.79706189670248638e-06
 9.47999999999999972e+01 9.49333333333333371e+01 4.17043638191117155e-03 1.16280300658701455e-05
 9.49333333333333371e+01 9.50666666666666629e+01 4.15171779706853018e-03 9.87772561557920934e-06
 9.50666666666666629e+01 9.52000000000000028e+01 4.15153212229245339e-03 1.07991892982962216e-05
 9.52000000000000028e+01 9.53333333333333428e+01 4.12185534195693565e-03 9.85353542182778013e-06
 9.53333333333333428e+01 9.54666666666666686e+01 4.12398560695118217e-03 1.09064930211016614e-05
 9.54666666666666686e+01 9.55999999999999943e+01 4.11235378061260582e-03 1.66898054685543549e-05
 9.55999999999999943e+01 9.57333333333333343e+01 4.12729127541877974e-03 1.53157911710381531e-05
 9.57333333333333343e+01 9.58666666666666742e+01 4.06434775248831238e-03 1.09011965615324157e-05
 9.58666666666666742e+01 9.60000000000000000e+01 4.07612421742339307e-03 1.29560181175996524e-05
 9.60000000000000000e+01 9.61333333333333258e+01 4.05638347074986551e-03 1.21297063012933275e-05
 9.61333333333333258e+01 9.62666666666666657e+01 4.04016687308907455e-03 1.06381368596455414e-05
 9.62666666666666657e+01 9.64000000000000057e+01 4.04549014968763523e-03 1.03447130160194140e-05
 9.64000000000000057e+01 9.65333333333333314e+01 4.00778092819794370e-03 1.02208245819109362e-05
 9.65333333333333314e+01 9.66666666666666572e+01 4.02599334583598339e-03 1.49793683302357845e-05
 9.66666666666666572e+01 9.67999999999999972e+01 4.00653316326015935e-03 9.85162034949849653e-06
 9.67999999999999972e+01 9.69333333333333371e+01 3.98830525613043125e-03 1.00355888917693733e-05
 9.69333333333333371e+01 9.70666666666666629e+01 3.96557997544087597e-03 9.91315024379538113e-06
 9.70666666666666629e+01 9.72000000000000028e+01 3.98137012878604576e-03 1.60866331460713465e-05
 9.72000000000000028e+01 9.73333333333333428e+01 3.95310891072041259e-03 1.10139769804150248e-05
 9.73333333333333428e+01 9.74666666666666686e+01 3.95162391802860325e-03 1.12915260086006926e-05
 9.74666666666666686e+01 9.75999999999999943e+01 3.92911182917897450e-03 1.03171742448162258e-05
 9.75999999999999943e+01 9.77333333333333343e+01 3.93706863728958845e-03 1.95398722827655229e-05
 9.77333333333333343e+01 9.78666666666666742e+01 3.88719263407704373e-03 9.54316958233196359e-06
 9.78666666666666742e+01 9.80000000000000000e+01 3.89666899329560836e-03 1.02239650505958546e-05
 9.80000000000000000e+01 9.81333333333333258e+01 3.88117585789071349e-03 1.19234821347985454e-05
 9.81333333333333258e+01 9.82666666666666657e+01 3.85034746019117993e-03 9.90945499408851045e-06
 9.82666666666666657e+01 9.84000000000000057e+01 3.82977330580855152e-03 9.70112962641644360e-06
 9.84000000000000057e+01 9.85333333333333314e+01 3.84683130417919419e-03 1.40516855150127916e-05
 9.85333333333333314e+01 9.86666666666666572e+01 3.81181923994117385e-03 9.78649146550146646e-06
 9.86666666666666572e+01 9.87999999999999972e+01 3.81063295714038691e-03 1.13090949900269082e-05
 9.87999999999999972e+01 9.89333333333333371e+01 3.79788333021300250e-03 1.18885354839881383e-05
 9.89333333333333371e+01 9.90666666666666629e+01 3.78139139139576285e-03 1.07226091863748846e-05
 9.90666666666666629e+01 9.92000000000000028e+01 3.76267039034819221e-03 1.01311360066268593e-05
 9.92000000000000028e+01 9.93333333333333428e+01 3.75342863697504699e-03 1.05574550650481226e-05
 9.93333333333333428e+01 9.94666666666666686e+01 3.75230396306927907e-03 1.32931814110893650e-05
 9.94666666666666686e+01 9.95999999999999943e+01 3.72148426677342990e-03 9.71261744145388433e-06
 9.95999999999999943e+01 9.97333333333333343e+01 3.70637970212835989e-03 1.17843810325901109e-05
 9.97333333333333343e+01 9.98666666666666742e+01 3.70580927170546283e-03 1.02822423713633467e-05
 9.98666666666666742e+01 1.00000000000000000e+02 3.69330091388697440e-03 1.06651768198131964e-05
 1.00000000000000000e+02 1.00133333333333326e+02 3.66333921914430670e-03 1.01888584878594376e-05
 1.00133333333333326e+02 1.00266666666666666e+02 3.66014889835815892e-03 1.02087400256106108e-05
 1.00266666666666666e+02 1.00400000000000006e+02 3.63884747997763203e-03 1.05602435073769912e-05
 1.00400000000000006e+02 1.00533333333333331e+02 3.63678912884360730e-03 1.16877683406264250e-05
 1.00533333333333331e+02 1.00666666666666657e+02 3.62572783130766336e-03 1.11266552757591840e-05
 1.00666666666666657e+02 1.00799999999999997e+02 3.60550475116703985e-03 9.71632805517495070e-06
 1.00799999999999997e+02 1.00933333333333337e+02 3.59106975569431280e-03 1.16114725997462122e-05
 1.00933333333333337e+02 1.01066666666666663e+02 3.56954691416882597e-03 9.81462540883486264e-06
 1.01066666666666663e+02 1.01200000000000003e+02 3.56311393260445430e-03 9.92590740272212489e-06
 1.01200000000000003e+02 1.01333333333333343e+02 3.52969666214934157e-03 9.65478330139541845e-06
 1.01333333333333343e+02 1.01466666666666669e+02 3.55591111069209148e-03 9.68557841675420546e-06
 1.01466666666666669e+02 1.01599999999999994e+02 3.50891329189856587e-03 9.93453075478352569e-06
 1.01599999999999994e+02 1.01733333333333334e+02 3.47678132186159073e-03 9.43020155868996835e-06
 1.01733333333333334e+02 1.01866666666666674e+02 3.48286608599457804e-03 9.79166947780028765e-06
 1.01866666666666674e+02 1.02000000000000000e+02 3.48027460024482845e-03 1.01367523755731226e-05
 1.02000000000000000e+02 1.02133333333333326e+02 3.44308930693994252e-03 9.49117988912154252e-06
 1.02133333333333326e+02 1.02266666666666666e+02 3.43738268031791453e-03 9.86399124558591665e-06
 1.02266666666666666e+02 1.02400000000000006e+02 3.44033802723211135e-03 1.09383590569581983e-05
 1.02400000000000006e+02 1.02533333333333331e+02 3.41557123704226131e-03 1.01275837473892293e-05
 1.02533333333333331e+02 1.02666666666666657e+02 3.39532066723837768e-03 9.85103010433743181e-06
 1.02666666666666657e+02 1.02799999999999997e+02 3.40189212444525282e-03 1.27332238270559868e-05
 1.02799999999999997e+02 1.02933333333333337e+02 3.37892860860718094e-03 1.07492935793502628e-05
 1.02933333333333337e+02 1.03066666666666663e+02 3.37231855070092628e-03 1.03842132319303758e-05
 1.03066666666666663e+02 1.03200000000000003e+02 3.35584358367050240e-03 1.00165726600821574e-05
 1.03200000000000003e+02 1.03333333333333343e+02 3.31223254979561921e-03 9.26976437572884878e-06
 1.03333333333333343e+02 1.03466666666666669e+02 3.30387124505553782e-03 9.62362685167742874e-06
 1.03466666666666669e+02 1.03599999999999994e+02 3.32029446157774489e-03 1.07286647570366395e-05
 1.03599999999999994e+02 1.03733333333333334e+02 3.29974811857976225e-03 1.09073894851563198e-05
 1.03733333333333334e+02 1.03866666666666674e+02 3.26690565668662095e-03 9.53729824931163278e-06
 1.03866666666666674e+02 1.04000000000000000e+02 3.25677775302745569e-03 1.09086221860680403e-05
 1.04000000000000000e+02 1.04133333333333326e+02 3.23869907726168733e-03 9.75462621838750887e-06
 1.04133333333333326e+02 1.04266666666666666e+02 3.22049735537727850e-03 1.38881075217182218e-05
 1.04266666666666666e+02 1.04400000000000006e+02 3.23053052606202479e-03 1.46841249248728081e-05
 1.04400000000000006e+02 1.04533333333333331e+02 3.20852154018259460e-03 1.00689025800949032e-05
 1.04533333333333331e+02 1.04666666666666657e+02 3.18210728923279569e-03 9.73846412015985660e-06
 1.04666666666666657e+02 1.04799999999999997e+02 3.16184554876640248e-03 1.05692802533401371e-05
 1.04799999999999997e+02 1.04933333333333337e+02 3.15654945122447253e-03 9.09156823508416753e-06
 1.04933333333333337e+02 1.05066666666666663e+02 3.13702454466144266e-03 1.07433534754311375e-05
 1.05066666666666663e+02 1.05200000000000003e+02 3.12131545431713420e-03 1.00595387846826316e-05
 1.05200000000000003e+02 1.05333333333333343e+02 3.11902146543396137e-03 1.10842709998989919e-05
 1.05333333333333343e+02 1.05466666666666669e+02 3.10919086431405084e-03 9.71438386350164438e-06
 1.05466666666666669e+02 1.05599999999999994e+02 3.07771618525443493e-03 1.10230424671093724e-05
 1.05599999999999994e+02 1.05733333333333334e+02 3.06387281878027409e-03 1.23398828105372428e-05
 1.05733333333333334e+02 1.05866666666666674e+02 3.03223012450707079e-03 9.08324165636590557e-06
 1.05866666666666674e+02 1.06000000000000000e+02 3.02865865556245333e-03 1.00461941093948632e-05
 1.06000000000000000e+02 1.06133333333333326e+02 3.00084842284822125e-03 9.40037832133228621e-06
 1.06133333333333326e+02 1.06266666666666666e+02 3.00607441043771427e-03 1.03402287494539128e-05
 1.06266666666666666e+02 1.06400000000000006e+02 2.98436557000652429e-03 9.71322192493924597e-06
 1.06400000000000006e+02 1.06533333333333331e+02 2.95847111965741620e-03 9.44696668505464347e-06
 1.06533333333333331e+02 1.06666666666666657e+02 2.96750111832922618e-03 1.01472867674402481e-05
 1.06666666666666657e+02 1.06799999999999997e+02 2.93792332172956600e-03 9.29585418551302027e-06
 1.06799999999999997e+02 1.06933333333333337e+02 2.91137632907830218e-03 9.08769789969912103e-06
 1.06933333333333337e+02 1.07066666666666663e+02 2.88965953517014099e-03 9.17509381425352146e-06
 1.07066666666666663e+02 1.07200000000000003e+02 2.89594206245055198e-03 9.90896256988447051e-06
 1.07200000000000003e+02 1.07333333333333343e+02 2.86617289961872907e-03 9.51728887597286806e-06
 1.07333333333333343e+02 1.07466666666666669e+02 2.85745873372804295e-03 9.27449825006021822e-06
 1.07466666666666669e+02 1.07599999999999994e+02 2.83446924739476141e-03 1.08946177660107041e-05
 1.07599999999999994e+02 1.07733333333333334e+02 2.81922215058210118e-03 8.48160259636285613e-06
 1.07733333333333334e+02 1.07866666666666674e+02 2.80344195681695666e-03 9.94997239196006265e-06
 1.07866666666666674e+02 1.08000000000000000e+02 2.78255479998495070e-03 8.91004944542377136e-06
 1.08000000000000000e+02 1.08133333333333326e+02 2.77160534198849949e-03 9.77781110452048422e-06
 1.08133333333333326e+02 1.08266666666666666e+02 2.75490530883242078e-03 8.65979267253357503e-06
 1.08266666666666666e+02 1.08400000000000006e+02 2.73441473551927711e-03 9.04919620360296337e-06
 1.08400000000000006e+02 1.08533333333333331e+02 2.71846538960797976e-03 8.58619731627852059e-06
 1.08533333333333331e+02 1.08666666666666657e+02 2.71987701556795480e-03 9.32642627622244377e-06
 1.08666666666666657e+02 1.08799999999999997e+02 2.70150449303566435e-03 1.05740569993729534e-05
 1.08799999999999997e+02 1.08933333333333337e+02 2.68453762888218404e-03 8.94089899990928107e-06
 1.08933333333333337e+02 1.09066666666666663e+02 2.66440527449700836e-03 9.88621027427641660e-06
 1.09066666666666663e+02 1.09200000000000003e+02 2.64077091638319911e-03 9.01098733943698654e-06
 1.09200000000000003e+02 1.09333333333333343e+02 2.63039663491809348e-03 9.99558693490122770e-06
 1.09333333333333343e+02 1.09466666666666669e+02 2.62652849341141106e-03 1.18704342350865986e-05
 1.09466666666666669e+02 1.09599999999999994e+02 2.59851888938801437e-03 8.59902272170350650e-06
 1.09599999999999994e+02 1.09733333333333334e+02 2.59444955545743133e-03 8.99031859764651202e-06
 1.09733333333333334e+02 1.09866666666666674e+02 2.58380929661076141e-03 1.14639933448704960e-05
 1.09866666666666674e+02 1.10000000000000000e+02 2.56865516220868267e-03 1.84726769759949107e-05
 1.10000000000000000e+02 1.10133333333333326e+02 2.53523508746809900e-03 8.81271080461364587e-06
 1.10133333333333326e+02 1.10266666666666666e+02 2.53164013599336754e-03 1.21388935382315712e-05
 1.10266666666666666e+02 1.10400000000000006e+02 2.49287874898921832e-03 1.29526247241049793e-05
 1.10400000000000006e+02 1.10533333333333331e+02 2.49406726821824101e-03 8.93358978634066173e-06
 1.10533333333333331e+02 1.10666666666666657e+02 2.46616513875093629e-03 8.67542128530993360e-06
 1.10666666666666657e+02 1.10799999999999997e+02 2.45980786410808071e-03 8.32722144101420033e-06
 1.10799999999999997e+02 1.10933333333333337e+02 2.45811326202658104e-03 9.11714321585742782e-06
 1.10933333333333337e+02 1.11066666666666663e+02 2.43911454102049494e-03 8.70007365927575093e-06
 1.11066666666666663e+02 1.11200000000000003e+02 2.41691244126848205e-03 9.31791820240883648e-06
 1.11200000000000003e+02 1.11333333333333343e+02 2.39967939269989175e-03 8.24532682729465362e-06
 1.11333333333333343e+02 1.11466666666666669e+02 2.37985167389515246e-03 8.84889664222792258e-06
 1.11466666666666669e+02 1.11599999999999994e+02 2.36461299501028758e-03 8.86697467438463958e-06
 1.11599999999999994e+02 1.11733333333333334e+02 2.34616111222978345e-03 8.50257596380023593e-06
 1.11733333333333334e+02 1.11866666666666674e+02 2.33575387838398391e-03 8.42829425514240770e-06
 1.11866666666666674e+02 1.12000000000000000e+02 2.31941539046770550e-03 8.78280589789127232e-06
 1.12000000000000000e+02 1.12133333333333326e+02 2.31577714518643339e-03 1.41560128399867334e-05
 1.12133333333333326e+02 1.12266666666666666e+02 2.28557823150083795e-03 8.67306435484701441e-06
 1.12266666666666666e+02 1.12400000000000006e+02 2.28358317488897011e-03 9.19954259509177962e-06
 1.12400000000000006e+02 1.12533333333333331e+02 2.26747588912304442e-03 8.39789150265557510e-06
 1.12533333333333331e+02 1.12666666666666657e+02 2.25386941425532224e-03 9.91618735752881517e-06
 1.12666666666666657e+02 1.12799999999999997e+02 2.23258103397788602e-03 8.21658193595015967e-06
 1.12799999999999997e+02 1.12933333333333337e+02 2.20171785319731072e-03 9.42717269909672385e-06
 1.12933333333333337e+02 1.13066666666666663e+02 2.19987308981810540e-03 8.44798598838442150e-06
 1.13066666666666663e+02 1.13200000000000003e+02 2.19424631380060351e-03 9.70977877723958684e-06
 1.13200000000000003e+02 1.13333333333333343e+02 2.16669009520987057e-03 8.43422835429939037e-06
 1.13333333333333343e+02 1.13466666666666669e+02 2.15768059671952528e-03 1.06474163108591226e-05
 1.13466666666666669e+02 1.13599999999999994e+02 2.14789081494435631e-03 1.08167654903771824e-05
 1.13599999999999994e+02 1.13733333333333334e+02 2.12097187750204079e-03 8.70146839939299435e-06
 1.13733333333333334e+02 1.13866666666666674e+02 2.11547107532267546e-03 1.07333181023476503e-05
 1.13866666666666674e+02 1.14000000000000000e+02 2.09050363774514409e-03 8.23083983301926069e-06
 1.14000000000000000e+02 1.14133333333333340e+02 2.07642254645476736e-03 8.44656438089231841e-06
 1.14133333333333340e+02 1.14266666666666666e+02 2.07044854270247575e-03 8.30688952230906362e-06
 1.14266666666666666e+02 1.14400000000000006e+02 2.04272918847854795e-03 7.91419732625669271e-06
 1.14400000000000006e+02 1.14533333333333331e+02 2.02597581591351748e-03 7.77962635213793413e-06
 1.14533333333333331e+02 1.14666666666666671e+02 2.00722313129038030e-03 7.97587207684223544e-06
 1.14666666666666671e+02 1.14799999999999997e+02 2.00843449861053819e-03 1.18896292131345076e-05
 1.14799999999999997e+02 1.14933333333333337e+02 1.97566726058091271e-03 7.79799903261045454e-06
 1.14933333333333337e+02 1.15066666666666663e+02 1.97503544819236342e-03 8.38606504793611202e-06
 1.15066666666666663e+02 1.15200000000000003e+02 1.94772393895529801e-03 7.66289631178241090e-06
 1.15200000000000003e+02 1.15333333333333329e+02 1.93666102939486968e-03 8.24182104686583191e-06
 1.15333333333333329e+02 1.15466666666666669e+02 1.92834284436435598e-03 1.20142415069900897e-05
 1.15466666666666669e+02 1.15599999999999994e+02 1.89751514390242557e-03 7.56921591185713901e-06
 1.15599999999999994e+02 1.15733333333333334e+02 1.89900992143489183e-03 9.64019778715271174e-06
 1.15733333333333334e+02 1.15866666666666660e+02 1.88130207614847756e-03 7.97766088471822111e-06
 1.15866666666666660e+02 1.16000000000000000e+02 1.86015604076820410e-03 7.68218159428103690e-06
 1.16000000000000000e+02 1.16133333333333340e+02 1.86986696941344511e-03 2.36800120871226950e-05
 1.16133333333333340e+02 1.16266666666666666e+02 1.83941053215129903e-03 7.87429372310515018e-06
 1.16266666666666666e+02 1.16400000000000006e+02 1.83441651684041395e-03 1.11875402604062598e-05
 1.16400000000000006e+02 1.16533333333333331e+02 1.80187708345177556e-03 8.87329185012236334e-06
 1.16533333333333331e+02 1.16666666666666671e+02 1.78320195456902354e-03 7.65724643927883619e-06
 1.16666666666666671e+02 1.16799999999999997e+02 1.79055447224601527e-03 8.45939561211387894e-06
 1.16799999999999997e+02 1.16933333333333337e+02 1.76428921182435867e-03 8.25433492319741082e-06
 1.16933333333333337e+02 1.17066666666666663e+02 1.74691484802104056e-03 7.84086475274146957e-06
 1.17066666666666663e+02 1.17200000000000003e+02 1.72306560782807885e-03 7.34724885821610746e-06
 1.17200000000000003e+02 1.17333333333333329e+02 1.70441390398409841e-03 7.29579439811577744e-06
 1.17333333333333329e+02 1.17466666666666669e+02 1.69082980489497318e-03 7.18786234587768826e-06
 1.17466666666666669e+02 1.17599999999999994e+02 1.68974370973424865e-03 7.55430102790101716e-06
 1.17599999999999994e+02 1.17733333333333334e+02 1.66805637408628518e-03 7.68355460710663614e-06
 1.17733333333333334e+02 1.17866666666666660e+02 1.65669377605984734e-03 9.95839569273218657e-06
 1.17866666666666660e+02 1.18000000000000000e+02 1.65472256123683800e-03 7.95015728627840277e-06
 1.18000000000000000e+02 1.18133333333333340e+02 1.63681395984820849e-03 7.63589887351253081e-06
 1.18133333333333340e+02 1.18266666666666666e+02 1.63523026618502183e-03 1.16916074605204538e-05
 1.18266666666666666e+02 1.18400000000000006e+02 1.60374870029959945e-03 8.32982689363451862e-06
 1.18400000000000006e+02 1.18533333333333331e+02 1.58711483286048407e-03 7.90261899225780190e-06
 1.18533333333333331e+02 1.18666666666666671e+02 1.57244500950305698e-03 8.49613825941386606e-06
 1.18666666666666671e+02 1.18799999999999997e+02 1.57071870564546071e-03 8.87576029370429314e-06
 1.18799999999999997e+02 1.18933333333333337e+02 1.53186124626775947e-03 7.20587385403930416e-06
 1.18933333333333337e+02 1.19066666666666663e+02 1.54062011843440370e-03 8.76587903145194042e-06
 1.19066666666666663e+02 1.19200000000000003e+02 1.53095158365664169e-03 9.25018147728685492e-06
 1.19200000000000003e+02 1.19333333333333329e+02 1.50499870909232805e-03 8.29981121339841259e-06
 1.19333333333333329e+02 1.19466666666666669e+02 1.49054068242318160e-03 7.53884915393418632e-06
 1.19466666666666669e+02 1.19599999999999994e+02 1.47057218796074057e-03 7.84577617024584631e-06
 1.19599999999999994e+02 1.19733333333333334e+02 1.46154989086253731e-03 6.94320298498099427e-06
 1.19733333333333334e+02 1.19866666666666660e+02 1.44298833423562277e-03 7.42180354035618705e-06
 1.19866666666666660e+02 1.20000000000000000e+02 1.43019520919850183e-03 6.92082844306592863e-06
 1.20000000000000000e+02 1.20133333333333340e+02 1.41619657701926092e-03 7.27402140618917981e-06
 1.20133333333333340e+02 1.20266666666666666e+02 1.41330734756002106e-03 7.02257863381365413e-06
 1.20266666666666666e+02 1.20400000000000006e+02 1.39247024270143841e-03 6.92215457041088524e-06
 1.20400000000000006e+02 1.20533333333333331e+02 1.37599993673149634e-03 6.88134954388732071e-06
 1.20533333333333331e+02 1.20666666666666671e+02 1.37388590333355101e-03 6.80404744595425678e-06
 1.20666666666666671e+02 1.20799999999999997e+02 1.35895605296716161e-03 6.73751703591691945e-06
 1.20799999999999997e+02 1.20933333333333337e+02 1.35002648966444793e-03 8.03028335231538400e-06
 1.20933333333333337e+02 1.21066666666666663e+02 1.33903529363885079e-03 6.85785301204020128e-06
 1.21066666666666663e+02 1.21200000000000003e+02 1.32156125231162164e-03 7.85794637475337361e-06
 1.21200000000000003e+02 1.21333333333333329e+02 1.31983566265208847e-03 7.21153192404167368e-06
 1.21333333333333329e+02 1.21466666666666669e+02 1.28966541761219890e-03 7.68636074945786581e-06
 1.21466666666666669e+02 1.21599999999999994e+02 1.29015465033074364e-03 8.56864027445853852e-06
 1.21599999999999994e+02 1.21733333333333334e+02 1.28922995935584024e-03 1.60604020123775960e-05
 1.21733333333333334e+02 1.21866666666666660e+02 1.27730164499005442e-03 8.97082467375997382e-06
 1.21866666666666660e+02 1.22000000000000000e+02 1.24840437228129590e-03 8.37630402325654049e-06
 1.22000000000000000e+02 1.22133333333333340e+02 1.22501030484728035e-03 6.38747881762850519e-06
 1.22133333333333340e+02 1.22266666666666666e+02 1.22368091162956675e-03 6.69309714549358944e-06
 1.22266666666666666e+02 1.22400000000000006e+02 1.20849863255766262e-03 6.62975664887311977e-06
 1.22400000000000006e+02 1.22533333333333331e+02 1.23769960006424253e-03 4.19555934650664241e-05
 1.22533333333333331e+02 1.22666666666666671e+02 1.19018704516659843e-03 7.04549439742643835e-06
 1.22666666666666671e+02 1.22799999999999997e+02 1.16774618479726397e-03 6.49652478965400812e-06
 1.22799999999999997e+02 1.22933333333333337e+02 1.16948589357494239e-03 8.29280932837308878e-06
 1.22933333333333337e+02 1.23066666666666663e+02 1.14822030503222510e-03 6.89450275762684373e-06
 1.23066666666666663e+02 1.23200000000000003e+02 1.13321668843516959e-03 6.37149304419985284e-06
 1.23200000000000003e+02 1.23333333333333329e+02 1.12208037450289714e-03 7.51307194021183741e-06
 1.23333333333333329e+02 1.23466666666666669e+02 1.13231382134387423e-03 1.33071798858647063e-05
 1.23466666666666669e+02 1.23599999999999994e+02 1.10500167022584031e-03 7.08100618176048050e-06
 1.23599999999999994e+02 1.23733333333333334e+02 1.10195677860377246e-03 8.73728868454335322e-06
 1.23733333333333334e+02 1.23866666666666660e+02 1.08795772037558760e-03 7.87441980264042381e-06
 1.23866666666666660e+02 1.24000000000000000e+02 1.06309829027071930e-03 7.29790298082998837e-06
 1.24000000000000000e+02 1.24133333333333340e+02 1.05751277387077479e-03 7.21901415093892556e-06
 1.24133333333333340e+02 1.24266666666666666e+02 1.04413324286389765e-03 7.07000235782717769e-06
 1.24266666666666666e+02 1.24400000000000006e+02 1.03575207011373993e-03 6.69592731890359179e-06
 1.24400000000000006e+02 1.24533333333333331e+02 1.02143168494907397e-03 7.13904689595297065e-06
 1.24533333333333331e+02 1.24666666666666671e+02 1.01473293309030160e-03 6.80096784498487275e-06
 1.24666666666666671e+02 1.24799999999999997e+02 1.00044230189303470e-03 7.14852663189640309e-06
 1.24799999999999997e+02 1.24933333333333337e+02 9.89256992073806341e-04 7.17078184089059353e-06
 1.24933333333333337e+02 1.25066666666666663e+02 9.76380571900936980e-04 6.91309395092556159e-06
 1.25066666666666663e+02 1.25200000000000003e+02 9.56068269327121608e-04 6.87610416733474539e-06
 1.25200000000000003e+02 1.25333333333333329e+02 9.66119381179222068e-04 7.67684955256486350e-06
 1.25333333333333329e+02 1.25466666666666669e+02 9.43516780774494249e-04 1.06414392612947271e-05
 1.25466666666666669e+02 1.25599999999999994e+02 9.32502205937704156e-04 7.52437553094442170e-06
 1.25599999999999994e+02 1.25733333333333334e+02 9.28607674101224190e-04 7.47819093468461287e-06
 1.25733333333333334e+02 1.25866666666666660e+02 9.10099785718785650e-04 7.22421804847063061e-06
 1.25866666666666660e+02 1.26000000000000000e+02 9.05180064443196551e-04 7.58080964285236962e-06
 1.26000000000000000e+02 1.26133333333333340e+02 8.90742202394837358e-04 6.57121388438539982e-06
 1.26133333333333340e+02 1.26266666666666666e+02 8.78853998452011360e-04 7.19263578896801146e-06
 1.26266666666666666e+02 1.26400000000000006e+02 8.75388085534662525e-04 6.80437700907843647e-06
 1.26400000000000006e+02 1.26533333333333331e+02 8.69842455479571930e-04 9.98474720049183773e-06
 1.26533333333333331e+02 1.26666666666666671e+02 8.44023184226038998e-04 7.38865403234981380e-06
 1.26666666666666671e+02 1.26799999999999997e+02 8.27234325339610221e-04 6.64976830460593482e-06
 1.26799999999999997e+02 1.26933333333333337e+02 8.18501649395524350e-04 6.70208535357373383e-06
 1.26933333333333337e+02 1.27066666666666663e+02 8.18031602613960456e-04 9.04286080944614484e-06
 1.27066666666666663e+02 1.27200000000000003e+02 8.14085146952321821e-04 9.56891949816132101e-06
 1.27200000000000003e+02 1.27333333333333329e+02 7.95015215030298299e-04 6.78930121460265114e-06
 1.27333333333333329e+02 1.27466666666666669e+02 7.93597101482234018e-04 8.39486671358568997e-06
 1.27466666666666669e+02 1.27599999999999994e+02 7.64117170889985569e-04 6.59590584188096778e-06
 1.27599999999999994e+02 1.27733333333333334e+02 7.62406047843984937e-04 7.64223242441589250e-06
 1.27733333333333334e+02 1.27866666666666660e+02 7.53037439415664791e-04 6.11948218634028701e-06
 1.27866666666666660e+02 1.28000000000000000e+02 7.36914234248349747e-04 7.61895306508625900e-06
 1.28000000000000000e+02 1.28133333333333326e+02 7.30332238619750573e-04 6.99398524639305667e-06
 1.28133333333333326e+02 1.28266666666666652e+02 7.28726387639171374e-04 9.14196649531384265e-06
 1.28266666666666652e+02 1.28400000000000006e+02 7.21688661811873593e-04 8.06829381177506141e-06
 1.28400000000000006e+02 1.28533333333333331e+02 7.03224044931108979e-04 7.26871190832698687e-06
 1.28533333333333331e+02 1.28666666666666686e+02 6.95297024243538161e-04 1.03641487073195357e-05
 1.28666666666666686e+02 1.28800000000000011e+02 6.83944615071063766e-04 7.28367372689115237e-06
 1.28800000000000011e+02 1.28933333333333337e+02 6.83938616573668786e-04 1.03699331488367830e-05
 1.28933333333333337e+02 1.29066666666666663e+02 6.66653661350869917e-04 7.80550632028049423e-06
 1.29066666666666663e+02 1.29199999999999989e+02 6.33314970608278051e-04 7.36354551546757228e-06
 1.29199999999999989e+02 1.29333333333333314e+02 6.49069624871333010e-04 8.81821220526233694e-06
 1.29333333333333314e+02 1.29466666666666669e+02 6.35242752403750470e-04 7.90157789660832482e-06
 1.29466666666666669e+02 1.29599999999999994e+02 6.09490575755448167e-04 7.34827589503827057e-06
 1.29599999999999994e+02 1.29733333333333348e+02 6.25157645342330130e-04 8.37926550309391338e-06
 1.29733333333333348e+02 1.29866666666666674e+02 6.05365919413914538e-04 8.48761101338934281e-06
 1.29866666666666674e+02 1.30000000000000000e+02 6.00553885711256489e-04 9.72153204617039127e-06

Histogram:lth-
 5.00000000000000000e+01 5.01333333333333329e+01 5.96593742336276730e-04 3.91240835892165575e-06
 5.01333333333333329e+01 5.02666666666666657e+01 6.01413123263776434e-04 3.99250833176866137e-06
 5.02666666666666657e+01 5.03999999999999986e+01 6.07823234611088760e-04 3.93759243370695591e-06
 5.03999999999999986e+01 5.05333333333333314e+01 6.35732284797633357e-04 4.44457309064541982e-06
 5.05333333333333314e+01 5.06666666666666643e+01 6.33463310304078564e-04 4.33676258175855043e-06
 5.06666666666666643e+01 5.07999999999999972e+01 6.48422968805040267e-04 4.38835706996296317e-06
 5.07999999999999972e+01 5.09333333333333300e+01 6.55956348427355292e-04 4.16703874488040691e-06
 5.09333333333333300e+01 5.10666666666666700e+01 6.67805476296337488e-04 4.80274703718799053e-06
 5.10666666666666700e+01 5.12000000000000028e+01 6.72371051473855618e-04 4.52455039788999637e-06
 5.12000000000000028e+01 5.13333333333333357e+01 6.84154819937865511e-04 4.26044287017884485e-06
 5.13333333333333357e+01 5.14666666666666686e+01 7.03742211979309362e-04 7.51972034381869882e-06
 5.14666666666666686e+01 5.16000000000000014e+01 7.01083072044915412e-04 4.97731321501762840e-06
 5.16000000000000014e+01 5.17333333333333343e+01 7.14315569567333924e-04 4.31792498289597618e-06
 5.17333333333333343e+01 5.18666666666666671e+01 7.25689154526088062e-04 4.92767582072161301e-06
 5.18666666666666671e+01 5.20000000000000000e+01 7.38156700575318147e-04 4.61573968343817245e-06
 5.20000000000000000e+01 5.21333333333333329e+01 7.46669935430352145e-04 4.59301228787293702e-06
 5.21333333333333329e+01 5.22666666666666657e+01 7.53018602947684882e-04 4.57639492600053400e-06
 5.22666666666666657e+01 5.23999999999999986e+01 7.60283177905990665e-04 4.95941365899107228e-06
 5.23999999999999986e+01 5.25333333333333314e+01 7.83356733897467672e-04 6.65155239108550858e-06
 5.25333333333333314e+01 5.26666666666666643e+01 7.89816115854630402e-04 5.31907299339026556e-06
 5.26666666666666643e+01 5.27999999999999972e+01 7.93200825715166904e-04 4.35313164041817454e-06
 5.27999999999999972e+01 5.29333333333333300e+01 8.01597696117524331e-04 5.12234154650626969e-06
 5.29333333333333300e+01 5.30666666666666700e+01 8.19791436604012111e-04 7.34980835142712042e-06
 5.30666666666666700e+01 5.32000000000000028e+01 8.27837415174227241e-04 5.46221489106999277e-06
 5.32000000000000028e+01 5.33333333333333357e+01 8.39948060232967894e-04 4.96786823453885872e-06
 5.33333333333333357e+01 5.34666666666666686e+01 8.51176587794431655e-04 4.87813935538607896e-06
 5.34666666666666686e+01 5.36000000000000014e+01 8.64239360957320610e-04 7.20709935188060412e-06
 5.36000000000000014e+01 5.37333333333333343e+01 8.68332081534257515e-04 5.29862589179871859e-06
 5.37333333333333343e+01 5.38666666666666671e+01 8.76159003265775615e-04 9.72495596718301513e-06
 5.38666666666666671e+01 5.40000000000000000e+01 8.82184258824816555e-04 5.75563837910935957e-06
 5.40000000000000000e+01 5.41333333333333329e+01 8.96882347726825737e-04 4.82807145799591730e-06
 5.41333333333333329e+01 5.42666666666666657e+01 9.10937430715232695e-04 5.24379361951751969e-06
 5.42666666666666657e+01 5.43999999999999986e+01 9.20279953901738173e-04 5.18392737841381756e-06
 5.43999999999999986e+01 5.45333333333333314e+01 9.23695458624250866e-04 5.17703613321875159e-06
 5.45333333333333314e+01 5.46666666666666643e+01 9.37200172312129638e-04 4.92873335074383298e-06
 5.46666666666666643e+01 5.47999999999999972e+01 9.49170171266797667e-04 5.07085854468312147e-06
 5.47999999999999972e+01 5.49333333333333371e+01 9.68352379377991060e-04 6.93225597901956750e-06
 5.49333333333333371e+01 5.50666666666666629e+01 9.81629230683723564e-04 6.23685543066996733e-06
 5.50666666666666629e+01 5.52000000000000028e+01 9.78233042461350635e-04 5.04829198409842285e-06
 5.52000000000000028e+01 5.53333333333333357e+01 1.00069054119776503e-03 5.49652352300069595e-06
 5.53333333333333357e+01 5.54666666666666686e+01 1.00213197123143020e-03 4.91857961132246847e-06
 5.54666666666666686e+01 5.56000000000000014e+01 1.04008428289765402e-03 9.92653871923715918e-06
 5.56000000000000014e+01 5.57333333333333343e+01 1.03734636495397240e-03 6.04376482406184435e-06
 5.57333333333333343e+01 5.58666666666666671e+01 1.05307256208081348e-03 9.03171265882438607e-06
 5.58666666666666671e+01 5.60000000000000000e+01 1.04712611490728074e-03 5.25029210057642295e-06
 5.60000000000000000e+01 5.61333333333333329e+01 1.06388954280203655e-03 5.11599643362314594e-06
 5.61333333333333329e+01 5.62666666666666657e+01 1.07731614307150390e-03 5.67803976475261453e-06
 5.62666666666666657e+01 5.63999999999999986e+01 1.09081521403189569e-03 5.41790778494807350e-06
 5.63999999999999986e+01 5.65333333333333314e+01 1.10923585597535014e-03 6.11933105601501875e-06
 5.65333333333333314e+01 5.66666666666666643e+01 1.11704830820135944e-03 5.83421776249083000e-06
 5.66666666666666643e+01 5.67999999999999972e+01 1.11712409298464965e-03 5.30416808435263572e-06
 5.67999999999999972e+01 5.69333333333333371e+01 1.15134762560468616e-03 6.59507956080480258e-06
 5.69333333333333371e+01 5.70666666666666629e+01 1.16312977211056748e-03 6.42029267689748760e-06
 5.70666666666666629e+01 5.72000000000000028e+01 1.15655755766599249e-03 6.34702322335859694e-06
 5.72000000000000028e+01 5.73333333333333357e+01 1.19835085133555104e-03 1.50834587575789028e-05
 5.73333333333333357e+01 5.74666666666666686e+01 1.18337292927250511e-03 5.92909378493235629e-06
 5.74666666666666686e+01 5.76000000000000014e+01 1.20232080449287813e-03 6.04635753147673263e-06
 5.76000000000000014e+01 5.77333333333333343e+01 1.20819345490370345e-03 7.09639365408592344e-06
 5.77333333333333343e+01 5.78666666666666671e+01 1.23202782045066890e-03 5.99644196467732996e-06
 5.78666666666666671e+01 5.80000000000000000e+01 1.23004575209538546e-03 6.22276835073752569e-06
 5.80000000000000000e+01 5.81333333333333329e+01 1.25025695831226737e-03 8.52407042877143201e-06
 5.81333333333333329e+01 5.82666666666666657e+01 1.26212246914463792e-03 6.06431459894023994e-06
 5.82666666666666657e+01 5.83999999999999986e+01 1.27357770205693962e-03 6.09954939000573824e-06
 5.83999999999999986e+01 5.85333333333333314e+01 1.28036010645892796e-03 6.43115023255679566e-06
 5.85333333333333314e+01 5.86666666666666643e+01 1.29549266391037620e-03 5.63169515910220609e-06
 5.86666666666666643e+01 5.87999999999999972e+01 1.30863621321566578e-03 6.24894282738301732e-06
 5.87999999999999972e+01 5.89333333333333371e+01 1.32631968693805251e-03 6.35069048700188204e-06
 5.89333333333333371e+01 5.90666666666666629e+01 1.33700321307810856e-03 6.19214442554575866e-06
 5.90666666666666629e+01 5.92000000000000028e+01 1.34649567113950927e-03 6.26309773330660596e-06
 5.92000000000000028e+01 5.93333333333333357e+01 1.35371683860482841e-03 5.68329036786259693e-06
 5.93333333333333357e+01 5.94666666666666686e+01 1.36181057588383365e-03 5.90424831311619552e-06
 5.94666666666666686e+01 5.96000000000000014e+01 1.37942104013637321e-03 5.79108771795568752e-06
 5.96000000000000014e+01 5.97333333333333343e+01 1.39797171495982617e-03 6.39834798983667598e-06
 5.97333333333333343e+01 5.98666666666666671e+01 1.40904200869318105e-03 5.97986683460119846e-06
 5.98666666666666671e+01 6.00000000000000000e+01 1.43701215191721892e-03 6.01759805232721721e-06
 6.00000000000000000e+01 6.01333333333333329e+01 1.42980781299258597e-03 6.26023113525681846e-06
 6.01333333333333329e+01 6.02666666666666657e+01 1.47026334222770719e-03 1.58689930054142321e-05
 6.02666666666666657e+01 6.03999999999999986e+01 1.46185124214579984e-03 6.73534852129753626e-06
 6.03999999999999986e+01 6.05333333333333314e+01 1.47441609984374730e-03 6.43157372829671560e-06
 6.05333333333333314e+01 6.06666666666666643e+01 1.48367215392504492e-03 6.51975993146837306e-06
 6.06666666666666643e+01 6.07999999999999972e+01 1.50022917221931157e-03 7.18320127242245309e-06
 6.07999999999999972e+01 6.09333333333333371e+01 1.51234389362274544e-03 6.29825813867303701e-06
 6.09333333333333371e+01 6.10666666666666629e+01 1.53596768153438585e-03 7.14973510921639882e-06
 6.10666666666666629e+01 6.12000000000000028e+01 1.54851381634191708e-03 6.72027140722518878e-06
 6.12000000000000028e+01 6.13333333333333357e+01 1.55782464983075493e-03 5.92824389637630989e-06
 6.13333333333333357e+01 6.14666666666666686e+01 1.57443081215868095e-03 6.61266884634770288e-06
 6.14666666666666686e+01 6.16000000000000014e+01 1.58965752798352882e-03 6.74183181931191384e-06
 6.16000000000000014e+01 6.17333333333333343e+01 1.61556000622111264e-03 1.08293620890791527e-05
 6.17333333333333343e+01 6.18666666666666671e+01 1.62558799780406068e-03 6.74134555378502729e-06
 6.18666666666666671e+01 6.20000000000000000e+01 1.63285461029322892e-03 7.52512158243150474e-06
 6.20000000000000000e+01 6.21333333333333329e+01 1.64488296219183149e-03 6.47397917683259531e-06
 6.21333333333333329e+01 6.22666666666666657e+01 1.65935011134744621e-03 6.50601235421419152e-06
 6.22666666666666657e+01 6.23999999999999986e+01 1.67868625808303604e-03 6.71121038686558592e-06
 6.23999999999999986e+01 6.25333333333333314e+01 1.67895095236103098e-03 6.48781464824841755e-06
 6.25333333333333314e+01 6.26666666666666643e+01 1.69763252071774488e-03 7.01435697427733226e-06
 6.26666666666666643e+01 6.27999999999999972e+01 1.70984636367171416e-03 6.68616336222459281e-06
 6.27999999999999972e+01 6.29333333333333371e+01 1.73181961073031040e-03 6.63903557148376831e-06
 6.29333333333333371e+01 6.30666666666666629e+01 1.75073558529454244e-03 6.86446493166799563e-06
 6.30666666666666629e+01 6.32000000000000028e+01 1.78186365857444765e-03 7.88797557174430491e-06
 6.32000000000000028e+01 6.33333333333333357e+01 1.77599160666202615e-03 6.91252560022560553e-06
 6.33333333333333357e+01 6.34666666666666686e+01 1.78652993242774442e-03 6.88151944437245215e-06
 6.34666666666666686e+01 6.36000000000000014e+01 1.80714837740111683e-03 9.23752677951989518e-06
 6.36000000000000014e+01 6.37333333333333343e+01 1.83491863324861549e-03 8.15947188535320506e-06
 6.37333333333333343e+01 6.38666666666666671e+01 1.83775069588422804e-03 6.88183619746579594e-06
 6.38666666666666671e+01 6.40000000000000000e+01 1.86221967084352811e-03 8.79604233882609450e-06
 6.40000000000000000e+01 6.41333333333333258e+01 1.86684114547733130e-03 7.35550131622866611e-06
 6.41333333333333258e+01 6.42666666666666657e+01 1.87575578371740282e-03 7.43914369900933756e-06
 6.42666666666666657e+01 6.44000000000000057e+01 1.89955616467400289e-03 7.34094516320643963e-06
 6.44000000000000057e+01 6.45333333333333314e+01 1.92895208405890052e-03 9.37981639923550507e-06
 6.45333333333333314e+01 6.46666666666666714e+01 1.92652611187149971e-03 7.43656194295368063e-06
 6.46666666666666714e+01 6.47999999999999972e+01 1.93776607647429115e-03 8.01853869701829469e-06
 6.47999999999999972e+01 6.49333333333333371e+01 1.96344944818788300e-03 1.11655626384384425e-05
 6.49333333333333371e+01 6.50666666666666629e+01 1.97615824204118830e-03 1.01757909959706257e-05
 6.50666666666666629e+01 6.52000000000000028e+01 1.98760448043142600e-03 7.50716080849647144e-06
 6.52000000000000028e+01 6.53333333333333286e+01 2.01172338387203614e-03 7.28255445575216781e-06
 6.53333333333333286e+01 6.54666666666666686e+01 2.01792398816118528e-03 7.38323854276763985e-06
 6.54666666666666686e+01 6.55999999999999943e+01 2.01815304706354009e-03 7.37764845494091903e-06
 6.55999999999999943e+01 6.57333333333333343e+01 2.04591491953280908e-03 7.35813562549526002e-06
 6.57333333333333343e+01 6.58666666666666742e+01 2.06438893386368724e-03 7.72585973091717600e-06
 6.58666666666666742e+01 6.60000000000000000e+01 2.08560627635996166e-03 9.56619648692186932e-06
 6.60000000000000000e+01 6.61333333333333258e+01 2.11420603480227650e-03 1.23799730858784762e-05
 6.61333333333333258e+01 6.62666666666666657e+01 2.11147602799928316e-03 8.28273430258578219e-06
 6.62666666666666657e+01 6.64000000000000057e+01 2.13553278597329935e-03 1.66370572174480004e-05
 6.64000000000000057e+01 6.65333333333333314e+01 2.13698200838608431e-03 7.98149836777887078e-06
 6.65333333333333314e+01 6.66666666666666714e+01 2.14789479736775604e-03 7.63465944734061641e-06
 6.66666666666666714e+01 6.67999999999999972e+01 2.16727419891267177e-03 7.89723753880750782e-06
 6.67999999999999972e+01 6.69333333333333371e+01 2.18561939886600812e-03 1.31055905779988132e-05
 6.69333333333333371e+01 6.70666666666666629e+01 2.19054876158784320e-03 7.53482705771419663e-06
 6.70666666666666629e+01 6.72000000000000028e+01 2.18847600908843093e-03 7.29059801529628812e-06
 6.72000000000000028e+01 6.73333333333333286e+01 2.23341935179116038e-03 9.37735769277366851e-06
 6.73333333333333286e+01 6.74666666666666686e+01 2.26305954661156763e-03 9.29641395700731939e-06
 6.74666666666666686e+01 6.75999999999999943e+01 2.27495974146300992e-03 1.03275078401400453e-05
 6.75999999999999943e+01 6.77333333333333343e+01 2.28659466019810829e-03 8.00903488399246121e-06
 6.77333333333333343e+01 6.78666666666666742e+01 2.29856114134997140e-03 7.85456529415194907e-06
 6.78666666666666742e+01 6.80000000000000000e+01 2.30212439795330877e-03 7.60445396743363109e-06
 6.80000000000000000e+01 6.81333333333333258e+01 2.32122360023076773e-03 8.41824517889628401e-06
 6.81333333333333258e+01 6.82666666666666657e+01 2.35299421214876184e-03 8.72349580411993904e-06
 6.82666666666666657e+01 6.84000000000000057e+01 2.34777975318153356e-03 7.77717416605087485e-06
 6.84000000000000057e+01 6.85333333333333314e+01 2.37442911278885069e-03 8.04280956613297620e-06
 6.85333333333333314e+01 6.86666666666666714e+01 2.38598266859493899e-03 8.05028632838324364e-06
 6.86666666666666714e+01 6.87999999999999972e+01 2.40770404470079394e-03 8.20916689355726486e-06
 6.87999999999999972e+01 6.89333333333333371e+01 2.42860879863319610e-03 8.54990395648204437e-06
 6.89333333333333371e+01 6.90666666666666629e+01 2.43293535904119890e-03 8.43300604428634191e-06
 6.90666666666666629e+01 6.92000000000000028e+01 2.45485850236389514e-03 8.30800908452328365e-06
 6.92000000000000028e+01 6.93333333333333286e+01 2.46560351026327935e-03 8.12206366097693267e-06
 6.93333333333333286e+01 6.94666666666666686e+01 2.46874510605497475e-03 8.27598398160194593e-06
 6.94666666666666686e+01 6.95999999999999943e+01 2.50002585829929092e-03 9.41169136525743782e-06
 6.95999999999999943e+01 6.97333333333333343e+01 2.56120739154460167e-03 4.28777743233318902e-05
 6.97333333333333343e+01 6.98666666666666742e+01 2.52440111820260559e-03 8.77153766896514624e-06
 6.98666666666666742e+01 7.00000000000000000e+01 2.54297950715179745e-03 8.69228246732926861e-06
 7.00000000000000000e+01 7.01333333333333258e+01 2.55864618131916794e-03 8.55491103288468719e-06
 7.01333333333333258e+01 7.02666666666666657e+01 2.57983952010113187e-03 9.20498647813579826e-06
 7.02666666666666657e+01 7.04000000000000057e+01 2.60538589608824960e-03 1.38528403562301804e-05
 7.04000000000000057e+01 7.05333333333333314e+01 2.61642071341724666e-03 1.29448917223357221e-05
 7.05333333333333314e+01 7.06666666666666714e+01 2.60350737406661375e-03 8.79309850833714180e-06
 7.06666666666666714e+01 7.07999999999999972e+01 2.63389607718604504e-03 8.36410173738551089e-06
 7.07999999999999972e+01 7.09333333333333371e+01 2.65722873135329496e-03 1.05920068335183411e-05
 7.09333333333333371e+01 7.10666666666666629e+01 2.66218893694007306e-03 8.25995264045863091e-06
 7.10666666666666629e+01 7.12000000000000028e+01 2.69140884723491174e-03 9.65837356509724305e-06
 7.12000000000000028e+01 7.13333333333333286e+01 2.70193023231721100e-03 9.18737326309379070e-06
 7.13333333333333286e+01 7.14666666666666686e+01 2.71526002397850423e-03 8.67656899278677188e-06
 7.14666666666666686e+01 7.15999999999999943e+01 2.73531584028430990e-03 9.29839488174823942e-06
 7.15999999999999943e+01 7.17333333333333343e+01 2.75783209729045520e-03 1.37501538931858742e-05
 7.17333333333333343e+01 7.18666666666666742e+01 2.78583873638402115e-03 1.88447237869856150e-05
 7.18666666666666742e+01 7.20000000000000000e+01 2.79474740121353829e-03 9.90888967445984628e-06
 7.20000000000000000e+01 7.21333333333333258e+01 2.78637703143170233e-03 1.19565343747684276e-05
 7.21333333333333258e+01 7.22666666666666657e+01 2.80726988528223406e-03 8.60092422329729881e-06
 7.22666666666666657e+01 7.24000000000000057e+01 2.82876398774714643e-03 8.44834726705663401e-06
 7.24000000000000057e+01 7.25333333333333314e+01 2.84443715684951472e-03 1.04848322199876168e-05
 7.25333333333333314e+01 7.26666666666666714e+01 2.85870750532179595e-03 1.12646387427908567e-05
 7.26666666666666714e+01 7.27999999999999972e+01 2.88060191660123935e-03 9.29627204502683947e-06
 7.27999999999999972e+01 7.29333333333333371e+01 2.88023905155522248e-03 8.70665972775219419e-06
 7.29333333333333371e+01 7.30666666666666629e+01 2.88554486074959907e-03 8.27406483511019023e-06
 7.30666666666666629e+01 7.32000000000000028e+01 2.91559004403804927e-03 9.27138257336807570e-06
 7.32000000000000028e+01 7.33333333333333286e+01 2.92865235262239126e-03 8.68848465470888138e-06
 7.33333333333333286e+01 7.34666666666666686e+01 2.93653617457853826e-03 9.85476794478879673e-06
 7.34666666666666686e+01 7.35999999999999943e+01 2.95931563434339868e-03 9.93704143050440266e-06
 7.35999999999999943e+01 7.37333333333333343e+01 2.97473546631655140e-03 8.50121663251996240e-06
 7.37333333333333343e+01 7.38666666666666742e+01 2.98384313372072538e-03 8.91686547725813090e-06
 7.38666666666666742e+01 7.40000000000000000e+01 3.03653558394167793e-03 9.83492311423237359e-06
 7.40000000000000000e+01 7.41333333333333258e+01 3.01971334567796091e-03 9.39319840901547928e-06
 7.41333333333333258e+01 7.42666666666666657e+01 3.02531799018184670e-03 9.51063262418073123e-06
 7.42666666666666657e+01 7.44000000000000057e+01 3.04065390932711918e-03 9.03474748363300430e-06
 7.44000000000000057e+01 7.45333333333333314e+01 3.06622069347499632e-03 9.20403765571948016e-06
 7.45333333333333314e+01 7.46666666666666714e+01 3.08165501561568798e-03 9.43325433830647105e-06
 7.46666666666666714e+01 7.47999999999999972e+01 3.10930942030731867e-03 9.19937690338378738e-06
 7.47999999999999972e+01 7.49333333333333371e+01 3.12410956117099240e-03 9.31341891749743742e-06
 7.49333333333333371e+01 7.50666666666666629e+01 3.13302512731412170e-03 1.21843064406956360e-05
 7.50666666666666629e+01 7.52000000000000028e+01 3.15259586187904579e-03 1.07844865630561628e-05
 7.52000000000000028e+01 7.53333333333333286e+01 3.16233465176568281e-03 1.05919628621609631e-05
 7.53333333333333286e+01 7.54666666666666686e+01 3.20093697174438519e-03 1.19280075405817268e-05
 7.54666666666666686e+01 7.55999999999999943e+01 3.20128346719622666e-03 1.18867923189460864e-05
 7.55999999999999943e+01 7.57333333333333343e+01 3.20005766818137099e-03 8.98135735990510987e-06
 7.57333333333333343e+01 7.58666666666666742e+01 3.21389555864647503e-03 9.02052646030023519e-06
 7.58666666666666742e+01 7.60000000000000000e+01 3.23010325215097177e-03 9.16285444042796835e-06
 7.60000000000000000e+01 7.61333333333333258e+01 3.23904299931286870e-03 1.00742500820358721e-05
 7.61333333333333258e+01 7.62666666666666657e+01 3.26358497706278478e-03 1.25140845865839809e-05
 7.62666666666666657e+01 7.64000000000000057e+01 3.28158611247640272e-03 1.30432842833901128e-05
 7.64000000000000057e+01 7.65333333333333314e+01 3.28994188650209938e-03 9.32717524837627854e-06
 7.65333333333333314e+01 7.66666666666666714e+01 3.31870124131667830e-03 1.01735044384435771e-05
 7.66666666666666714e+01 7.67999999999999972e+01 3.32611980004631587e-03 9.40323267331023287e-06
 7.67999999999999972e+01 7.69333333333333371e+01 3.32428153783233087e-03 9.62917205671940237e-06
 7.69333333333333371e+01 7.70666666666666629e+01 3.35309189699583383e-03 9.22481759412906860e-06
 7.70666666666666629e+01 7.72000000000000028e+01 3.37980022442160291e-03 1.00696679620278758e-05
 7.72000000000000028e+01 7.73333333333333286e+01 3.37385632495637577e-03 9.30331749384510189e-06
 7.73333333333333286e+01 7.74666666666666686e+01 3.39985535649474152e-03 9.31715384673132824e-06
 7.74666666666666686e+01 7.75999999999999943e+01 3.42089683384328791e-03 9.76062679134469717e-06
 7.75999999999999943e+01 7.77333333333333343e+01 3.43252551144670711e-03 9.43728565133050377e-06
 7.77333333333333343e+01 7.78666666666666742e+01 3.44308390750969282e-03 1.05803099037506704e-05
 7.78666666666666742e+01 7.80000000000000000e+01 3.45367843510090188e-03 1.04786718153382085e-05
 7.80000000000000000e+01 7.81333333333333258e+01 3.48970106447207828e-03 1.01817352079581558e-05
 7.81333333333333258e+01 7.82666666666666657e+01 3.48359192928616871e-03 1.06083500706680992e-05
 7.82666666666666657e+01 7.84000000000000057e+01 3.50705730586249381e-03 9.57981618413494040e-06
 7.84000000000000057e+01 7.85333333333333314e+01 3.51772877494623340e-03 1.04189562617405255e-05
 7.85333333333333314e+01 7.86666666666666714e+01 3.53741090146078097e-03 1.11839235239707384e-05
 7.86666666666666714e+01 7.87999999999999972e+01 3.56091672333579178e-03 1.10034018550182587e-05
 7.87999999999999972e+01 7.89333333333333371e+01 3.54194647184506804e-03 9.53177245072918839e-06
 7.89333333333333371e+01 7.90666666666666629e+01 3.58878123727016237e-03 1.09904149975684158e-05
 7.90666666666666629e+01 7.92000000000000028e+01 3.58740554739120018e-03 1.28372042906484569e-05
 7.92000000000000028e+01 7.93333333333333286e+01 3.61404115251051043e-03 1.09883832385004187e-05
 7.93333333333333286e+01 7.94666666666666686e+01 3.61197739532922481e-03 1.03405271069115915e-05
 7.94666666666666686e+01 7.95999999999999943e+01 3.64611078318620658e-03 1.25451194063284301e-05
 7.95999999999999943e+01 7.97333333333333343e+01 3.65431789052381639e-03 1.15584717048295123e-05
 7.97333333333333343e+01 7.98666666666666742e+01 3.70369825935253950e-03 1.83597090497917961e-05
 7.98666666666666742e+01 8.00000000000000000e+01 3.68622502800944243e-03 1.08204240143273772e-05
 8.00000000000000000e+01 8.01333333333333258e+01 3.68370536852998930e-03 1.03552980323617579e-05
 8.01333333333333258e+01 8.02666666666666657e+01 3.71126763981983023e-03 1.11676930889971443e-05
 8.02666666666666657e+01 8.04000000000000057e+01 3.71433702594156211e-03 1.03726119064944548e-05
 8.04000000000000057e+01 8.05333333333333314e+01 3.71214421126421674e-03 1.05064399269111949e-05
 8.05333333333333314e+01 8.06666666666666714e+01 3.73174149323020734e-03 1.01570069335086187e-05
 8.06666666666666714e+01 8.07999999999999972e+01 3.75293780176524450e-03 9.62795723339884003e-06
 8.07999999999999972e+01 8.09333333333333371e+01 3.76124458902246444e-03 9.79542152584068137e-06
 8.09333333333333371e+01 8.10666666666666629e+01 3.78353843469701788e-03 1.03693632954879263e-05
 8.10666666666666629e+01 8.12000000000000028e+01 3.79925542827540697e-03 1.20559287322090330e-05
 8.12000000000000028e+01 8.13333333333333286e+01 3.81033672341762018e-03 1.25970667117673171e-05
 8.13333333333333286e+01 8.14666666666666686e+01 3.82307249916292264e-03 1.02573371943712800e-05
 8.14666666666666686e+01 8.15999999999999943e+01 3.84170978880570956e-03 1.04345816321806174e-05
 8.15999999999999943e+01 8.17333333333333343e+01 3.85993309233203900e-03 1.12320974245608455e-05
 8.17333333333333343e+01 8.18666666666666742e+01 3.86603664260757197e-03 1.19311434508545443e-05
 8.18666666666666742e+01 8.20000000000000000e+01 3.86346458575075524e-03 1.03571014006012904e-05
 8.20000000000000000e+01 8.21333333333333258e+01 3.86191888354195378e-03 9.88390605813059902e-06
 8.21333333333333258e+01 8.22666666666666657e+01 3.88173173099244477e-03 1.00711757117873145e-05
 8.22666666666666657e+01 8.24000000000000057e+01 3.90904278039842443e-03 1.31461644079304909e-05
 8.24000000000000057e+01 8.25333333333333314e+01 3.92540496457967174e-03 1.03527388636795729e-05
 8.25333333333333314e+01 8.26666666666666572e+01 3.94034754608778032e-03 1.08989294507662021e-05
 8.26666666666666572e+01 8.27999999999999972e+01 3.95920369245755278e-03 1.10411601500608016e-05
 8.27999999999999972e+01 8.29333333333333371e+01 3.96475146677847858e-03 1.03021160002405349e-05
 8.29333333333333371e+01 8.30666666666666629e+01 3.96599498991724152e-03 1.05356991762364452e-05
 8.30666666666666629e+01 8.32000000000000028e+01 3.98066001600834354e-03 1.01600033377610852e-05
 8.32000000000000028e+01 8.33333333333333428e+01 4.02195266141471951e-03 1.30178204623611715e-05
 8.33333333333333428e+01 8.34666666666666686e+01 3.99308140191883491e-03 1.05113567066973353e-05
 8.34666666666666686e+01 8.35999999999999943e+01 4.01103597433854087e-03 1.21121189565759538e-05
 8.35999999999999943e+01 8.37333333333333343e+01 4.03580162214167183e-03 1.11531688261296236e-05
 8.37333333333333343e+01 8.38666666666666742e+01 4.05504445934456483e-03 9.99945930334464755e-06
 8.38666666666666742e+01 8.40000000000000000e+01 4.06479315756611264e-03 1.68489815857818287e-05
 8.40000000000000000e+01 8.41333333333333258e+01 4.07471253310881174e-03 1.27245688776897624e-05
 8.41333333333333258e+01 8.42666666666666657e+01 4.09275610317482146e-03 1.35824669903625240e-05
 8.42666666666666657e+01 8.44000000000000057e+01 4.10824321020181096e-03 1.14937201271274747e-05
 8.44000000000000057e+01 8.45333333333333314e+01 4.12106164564879970e-03 1.14918908044807040e-05
 8.45333333333333314e+01 8.46666666666666572e+01 4.12163068306055196e-03 1.07304461006900156e-05
 8.46666666666666572e+01 8.47999999999999972e+01 4.13700091418936662e-03 1.47010330117987478e-05
 8.47999999999999972e+01 8.49333333333333371e+01 4.14534121752012635e-03 1.45005346843253339e-05
 8.49333333333333371e+01 8.50666666666666629e+01 4.15454117184395517e-03 1.00832535542456687e-05
 8.50666666666666629e+01 8.52000000000000028e+01 4.16114072109724249e-03 1.18855713268819330e-05
 8.52000000000000028e+01 8.53333333333333428e+01 4.15207802745075349e-03 1.02982795465922398e-05
 8.53333333333333428e+01 8.54666666666666686e+01 4.19507152172940781e-03 1.17578193948570222e-05
 8.54666666666666686e+01 8.55999999999999943e+01 4.19914379248111265e-03 1.03508264067581169e-05
 8.55999999999999943e+01 8.57333333333333343e+01 4.21875536938856772e-03 1.21999925414330634e-05
 8.57333333333333343e+01 8.58666666666666742e+01 4.22721649120016366e-03 1.21855771203654615e-05
 8.58666666666666742e+01 8.60000000000000000e+01 4.24286897710878658e-03 1.16772490755147809e-05
 8.60000000000000000e+01 8.61333333333333258e+01 4.25954275673439894e-03 1.10821432197643527e-05
 8.61333333333333258e+01 8.62666666666666657e+01 4.28309274808542483e-03 1.81239190808789712e-05
 8.62666666666666657e+01 8.64000000000000057e+01 4.28633589865865233e-03 1.44108890552648504e-05
 8.64000000000000057e+01 8.65333333333333314e+01 4.27943884835734877e-03 1.11020357408597886e-05
 8.65333333333333314e+01 8.66666666666666572e+01 4.28845833549633144e-03 1.24953554402778285e-05
 8.66666666666666572e+01 8.67999999999999972e+01 4.30538822248213368e-03 1.36586282425643134e-05
 8.67999999999999972e+01 8.69333333333333371e+01 4.30717466841134839e-03 1.40988651608341695e-05
 8.69333333333333371e+01 8.70666666666666629e+01 4.29669572521212441e-03 1.03706680675404231e-05
 8.70666666666666629e+01 8.72000000000000028e+01 4.34138540698729512e-03 1.48058296758691176e-05
 8.72000000000000028e+01 8.73333333333333428e+01 4.34678240367553526e-03 1.20617828586684519e-05
 8.73333333333333428e+01 8.74666666666666686e+01 4.34485549276497195e-03 1.07955786909323732e-05
 8.74666666666666686e+01 8.75999999999999943e+01 4.35759683577469081e-03 1.32944930213659542e-05
 8.75999999999999943e+01 8.77333333333333343e+01 4.40646917135453613e-03 1.34667603960843953e-05
 8.77333333333333343e+01 8.78666666666666742e+01 4.39111096071367717e-03 1.69213375410484865e-05
 8.78666666666666742e+01 8.80000000000000000e+01 4.38530340280517648e-03 1.11726248776843043e-05
 8.80000000000000000e+01 8.81333333333333258e+01 4.39354290999761574e-03 1.05728140662789100e-05
 8.81333333333333258e+01 8.82666666666666657e+01 4.41245989990136835e-03 1.72780492135091220e-05
 8.82666666666666657e+01 8.84000000000000057e+01 4.44157414129650336e-03 1.22626260398327725e-05
 8.84000000000000057e+01 8.85333333333333314e+01 4.43825881469395080e-03 1.13023883200925557e-05
 8.85333333333333314e+01 8.86666666666666572e+01 4.44628824097887884e-03 1.06185358145757348e-05
 8.86666666666666572e+01 8.87999999999999972e+01 4.44967894451019780e-03 1.07279376510091087e-05
 8.87999999999999972e+01 8.89333333333333371e+01 4.45636297711060874e-03 1.11410951267417911e-05
 8.89333333333333371e+01 8.90666666666666629e+01 4.44264311575500153e-03 1.06554097834059034e-05
 8.90666666666666629e+01 8.92000000000000028e+01 4.45597413091179673e-03 1.20944686928675722e-05
 8.92000000000000028e+01 8.93333333333333428e+01 4.46910190442110361e-03 1.11251350982002298e-05
 8.93333333333333428e+01 8.94666666666666686e+01 4.48303616912138197e-03 1.21176518608385172e-05
 8.94666666666666686e+01 8.95999999999999943e+01 4.48204991732426266e-03 1.10128984818287768e-05
 8.95999999999999943e+01 8.97333333333333343e+01 4.51386071354443249e-03 1.49858698634249509e-05
 8.97333333333333343e+01 8.98666666666666742e+01 4.50732641763028179e-03 1.13699437577031521e-05
 8.98666666666666742e+01 9.00000000000000000e+01 4.53036679821047263e-03 1.65595708572153415e-05
 9.00000000000000000e+01 9.01333333333333258e+01 4.54127461487084400e-03 1.14069438670493117e-05
 9.01333333333333258e+01 9.02666666666666657e+01 4.55465193672874389e-03 1.41360480855426784e-05
 9.02666666666666657e+01 9.04000000000000057e+01 4.52990905924810158e-03 1.06418382306757903e-05
 9.04000000000000057e+01 9.05333333333333314e+01 4.57098153716487682e-03 1.69750000916015405e-05
 9.05333333333333314e+01 9.06666666666666572e+01 4.57593821653722813e-03 1.09733136544289843e-05
 9.06666666666666572e+01 9.07999999999999972e+01 4.57034204317068298e-03 1.22056237110988316e-05
 9.07999999999999972e+01 9.09333333333333371e+01 4.56943673024259606e-03 1.08683139587449305e-05
 9.09333333333333371e+01 9.10666666666666629e+01 4.59858628392436231e-03 1.14616849578368256e-05
 9.10666666666666629e+01 9.12000000000000028e+01 4.60870721280162970e-03 1.62345362549294803e-05
 9.12000000000000028e+01 9.13333333333333428e+01 4.60976352367500029e-03 1.82448208966474548e-05
 9.13333333333333428e+01 9.14666666666666686e+01 4.61056498911907586e-03 1.17127902753209987e-05
 9.14666666666666686e+01 9.15999999999999943e+01 4.61125321896556709e-03 1.09728163829154500e-05
 9.15999999999999943e+01 9.17333333333333343e+01 4.61230968185783428e-03 1.15162098751988659e-05
 9.17333333333333343e+01 9.18666666666666742e+01 4.62211103064928772e-03 1.29607816152402511e-05
 9.18666666666666742e+01 9.20000000000000000e+01 4.62929720754487375e-03 1.14805111811507315e-05
 9.20000000000000000e+01 9.21333333333333258e+01 4.62718696366455021e-03 1.16195429184712785e-05
 9.21333333333333258e+01 9.22666666666666657e+01 4.63463208744031071e-03 1.18755432027360359e-05
 9.22666666666666657e+01 9.24000000000000057e+01 4.67211196503303141e-03 1.14741257688494252e-05
 9.24000000000000057e+01 9.25333333333333314e+01 4.66802686918214600e-03 1.38823899537961268e-05
 9.25333333333333314e+01 9.26666666666666572e+01 4.66982418745250701e-03 1.17035256075170417e-05
 9.26666666666666572e+01 9.27999999999999972e+01 4.69012480816922896e-03 1.20169581916989216e-05
 9.27999999999999972e+01 9.29333333333333371e+01 4.68867849469481804e-03 1.13900173027066335e-05
 9.29333333333333371e+01 9.30666666666666629e+01 4.69629925247532984e-03 1.37773319511748578e-05
 9.30666666666666629e+01 9.32000000000000028e+01 4.71239492451249603e-03 1.42805817061876242e-05
 9.32000000000000028e+01 9.33333333333333428e+01 4.69624664969455451e-03 1.06573940518273618e-05
 9.33333333333333428e+01 9.34666666666666686e+01 4.72127795949688848e-03 1.32802168533209903e-05
 9.34666666666666686e+01 9.35999999999999943e+01 4.70279862150794429e-03 1.19465201498504939e-05
 9.35999999999999943e+01 9.37333333333333343e+01 4.71400068595290676e-03 1.20892482919913921e-05
 9.37333333333333343e+01 9.38666666666666742e+01 4.74827001919692071e-03 1.58118210777204711e-05
 9.38666666666666742e+01 9.40000000000000000e+01 4.73326704082856643e-03 1.38926592029012075e-05
 9.40000000000000000e+01 9.41333333333333258e+01 4.71986516492652487e-03 1.07503306906932774e-05
 9.41333333333333258e+01 9.42666666666666657e+01 4.75733285057148517e-03 1.16239372446588144e-05
 9.42666666666666657e+01 9.44000000000000057e+01 4.73827045954387360e-03 1.28177153267056784e-05
 9.44000000000000057e+01 9.45333333333333314e+01 4.77168765496268753e-03 2.17132660791178964e-05
 9.45333333333333314e+01 9.46666666666666572e+01 4.75895835878740233e-03 1.32948095425253835e-05
 9.46666666666666572e+01 9.47999999999999972e+01 4.78081247712569806e-03 1.19340751421111642e-05
 9.47999999999999972e+01 9.49333333333333371e+01 4.77484360607946783e-03 1.33786135991335627e-05
 9.49333333333333371e+01 9.50666666666666629e+01 4.77764375387283811e-03 1.24419584989380615e-05
 9.50666666666666629e+01 9.52000000000000028e+01 4.78713800604447029e-03 1.16933652070373358e-05
 9.52000000000000028e+01 9.53333333333333428e+01 4.78536898470414539e-03 1.13395626627732607e-05
 9.53333333333333428e+01 9.54666666666666686e+01 4.78953143883070146e-03 1.22133131924305299e-05
 9.54666666666666686e+01 9.55999999999999943e+01 4.79371851156192193e-03 1.10752081255090668e-05
 9.55999999999999943e+01 9.57333333333333343e+01 4.78420546852057968e-03 1.12746590871177894e-05
 9.57333333333333343e+01 9.58666666666666742e+01 4.77885689584783748e-03 1.27200377434433146e-05
 9.58666666666666742e+01 9.60000000000000000e+01 4.81592768709818413e-03 1.18778138045844914e-05
 9.60000000000000000e+01 9.61333333333333258e+01 4.79128862144073513e-03 1.14258595790497134e-05
 9.61333333333333258e+01 9.62666666666666657e+01 4.81604859956093981e-03 1.37748334521816450e-05
 9.62666666666666657e+01 9.64000000000000057e+01 4.82395737286056125e-03 1.40218287548949209e-05
 9.64000000000000057e+01 9.65333333333333314e+01 4.83236538979681021e-03 1.33322854814849708e-05
 9.65333333333333314e+01 9.66666666666666572e+01 4.83386172335322373e-03 1.21191485478860555e-05
 9.66666666666666572e+01 9.67999999999999972e+01 4.84756499262788566e-03 1.50449914797920241e-05
 9.67999999999999972e+01 9.69333333333333371e+01 4.83200395424641764e-03 1.17024836362085545e-05
 9.69333333333333371e+01 9.70666666666666629e+01 4.85493334214674808e-03 1.47914958406782268e-05
 9.70666666666666629e+01 9.72000000000000028e+01 4.83648928805755288e-03 1.41770108782776504e-05
 9.72000000000000028e+01 9.73333333333333428e+01 4.84903214366853939e-03 1.23007881697918875e-05
 9.73333333333333428e+01 9.74666666666666686e+01 4.84712521372435146e-03 1.11055652161508905e-05
 9.74666666666666686e+01 9.75999999999999943e+01 4.83510240460814558e-03 1.21926235447215287e-05
 9.75999999999999943e+01 9.77333333333333343e+01 4.84523871105594153e-03 1.24148526279718336e-05
 9.77333333333333343e+01 9.78666666666666742e+01 4.84137252478794838e-03 1.13243287917045985e-05
 9.78666666666666742e+01 9.80000000000000000e+01 4.87815579953942199e-03 1.46248725410949581e-05
 9.80000000000000000e+01 9.81333333333333258e+01 4.87063871431045372e-03 1.91525141090488664e-05
 9.81333333333333258e+01 9.82666666666666657e+01 4.84248629403402023e-03 1.17488185432222065e-05
 9.82666666666666657e+01 9.84000000000000057e+01 4.85394093638405466e-03 1.13251571215300565e-05
 9.84000000000000057e+01 9.85333333333333314e+01 4.86487050561714221e-03 1.23725141645365063e-05
 9.85333333333333314e+01 9.86666666666666572e+01 4.87626583170894246e-03 1.12855377989852915e-05
 9.86666666666666572e+01 9.87999999999999972e+01 4.86324030938362420e-03 1.15185620993310365e-05
 9.87999999999999972e+01 9.89333333333333371e+01 4.87020167858360446e-03 1.15711907447579197e-05
 9.89333333333333371e+01 9.90666666666666629e+01 4.86262170101260487e-03 1.13995418509018519e-05
 9.90666666666666629e+01 9.92000000000000028e+01 4.86161768668232248e-03 1.21431397928514928e-05
 9.92000000000000028e+01 9.93333333333333428e+01 4.86631506307526329e-03 1.31252864765569648e-05
 9.93333333333333428e+01 9.94666666666666686e+01 4.84458393365361836e-03 1.11980765452618504e-05
 9.94666666666666686e+01 9.95999999999999943e+01 4.88882426635819500e-03 1.46017384007667188e-05
 9.95999999999999943e+01 9.97333333333333343e+01 4.86351974118533984e-03 1.14605653983100582e-05
 9.97333333333333343e+01 9.98666666666666742e+01 4.87080059553738481e-03 1.23547244767963583e-05
 9.98666666666666742e+01 1.00000000000000000e+02 4.87611849678937660e-03 1.31132532823406962e-05
 1.00000000000000000e+02 1.00133333333333326e+02 4.88062980290247719e-03 1.15487615332167917e-05
 1.00133333333333326e+02 1.00266666666666666e+02 4.87972250409250251e-03 1.42225204325806726e-05
 1.00266666666666666e+02 1.00400000000000006e+02 4.85200288694433764e-03 1.10655197688474962e-05
 1.00400000000000006e+02 1.00533333333333331e+02 4.87013617857498613e-03 1.40687870366341031e-05
 1.00533333333333331e+02 1.00666666666666657e+02 4.86792761311581265e-03 1.22317601385449111e-05
 1.00666666666666657e+02 1.00799999999999997e+02 4.85712019454902395e-03 1.10397245553869176e-05
 1.00799999999999997e+02 1.00933333333333337e+02 4.91259604124389369e-03 2.27022451473995866e-05
 1.00933333333333337e+02 1.01066666666666663e+02 4.86324311719562273e-03 1.12639740779775768e-05
 1.01066666666666663e+02 1.01200000000000003e+02 4.88683404546279634e-03 1.18927502987527359e-05
 1.01200000000000003e+02 1.01333333333333343e+02 4.87685937297386175e-03 1.21546699674838505e-05
 1.01333333333333343e+02 1.01466666666666669e+02 4.86350391683521184e-03 1.14512564746749288e-05
 1.01466666666666669e+02 1.01599999999999994e+02 4.85039662582839246e-03 1.14435347300360211e-05
 1.01599999999999994e+02 1.01733333333333334e+02 4.85005456164326089e-03 1.14553960243706146e-05
 1.01733333333333334e+02 1.01866666666666674e+02 4.88394486565561173e-03 1.71850672643378906e-05
 1.01866666666666674e+02 1.02000000000000000e+02 4.87647473868742156e-03 1.11623758752742912e-05
 1.02000000000000000e+02 1.02133333333333326e+02 4.87327988740866684e-03 1.21829161662336331e-05
 1.02133333333333326e+02 1.02266666666666666e+02 4.88081940179337526e-03 1.46809881786161561e-05
 1.02266666666666666e+02 1.02400000000000006e+02 4.84526454248456612e-03 1.14955696316336299e-05
 1.02400000000000006e+02 1.02533333333333331e+02 4.89903465929157882e-03 1.28646039235625624e-05
 1.02533333333333331e+02 1.02666666666666657e+02 4.85797471083790344e-03 1.19810667205653800e-05
 1.02666666666666657e+02 1.02799999999999997e+02 4.86967396428650886e-03 1.64320530579913005e-05
 1.02799999999999997e+02 1.02933333333333337e+02 4.86657034641328062e-03 1.16721196415440603e-05
 1.02933333333333337e+02 1.03066666666666663e+02 4.85503161105972896e-03 1.15548842505636720e-05
 1.03066666666666663e+02 1.03200000000000003e+02 4.85705116775671762e-03 1.41434581177822364e-05
 1.03200000000000003e+02 1.03333333333333343e+02 4.86243387180671383e-03 1.17336460279781994e-05
 1.03333333333333343e+02 1.03466666666666669e+02 4.84461163530330863e-03 1.27727371929073154e-05
 1.03466666666666669e+02 1.03599999999999994e+02 4.83673609282936085e-03 1.13359889084408370e-05
 1.03599999999999994e+02 1.03733333333333334e+02 4.85227805144516564e-03 1.19186830024196022e-05
 1.03733333333333334e+02 1.03866666666666674e+02 4.85325479858994199e-03 1.26661759011165319e-05
 1.03866666666666674e+02 1.04000000000000000e+02 4.85398154558391165e-03 1.38109006601220308e-05
 1.04000000000000000e+02 1.04133333333333326e+02 4.84756270209279246e-03 1.20273512883099545e-05
 1.04133333333333326e+02 1.04266666666666666e+02 4.89238726207239655e-03 4.27050555836313851e-05
 1.04266666666666666e+02 1.04400000000000006e+02 4.81923880398129213e-03 1.13052207140109523e-05
 1.04400000000000006e+02 1.04533333333333331e+02 4.84753525743276091e-03 1.47630821384285431e-05
 1.04533333333333331e+02 1.04666666666666657e+02 4.84963225892769568e-03 1.59789236914828241e-05
 1.04666666666666657e+02 1.04799999999999997e+02 4.83174031345596881e-03 1.08309535316111659e-05
 1.04799999999999997e+02 1.04933333333333337e+02 4.82793581933235738e-03 1.56253266617095436e-05
 1.04933333333333337e+02 1.05066666666666663e+02 4.81321016985408832e-03 1.17475458890801781e-05
 1.05066666666666663e+02 1.05200000000000003e+02 4.80518778498245386e-03 1.13742204301370305e-05
 1.05200000000000003e+02 1.05333333333333343e+02 4.83518430691612117e-03 1.34335204699019857e-05
 1.05333333333333343e+02 1.05466666666666669e+02 4.82120027988299296e-03 1.36321615855193460e-05
 1.05466666666666669e+02 1.05599999999999994e+02 4.79778518537262496e-03 1.19570635579369142e-05
 1.05599999999999994e+02 1.05733333333333334e+02 4.80784985825966852e-03 1.21283638290497545e-05
 1.05733333333333334e+02 1.05866666666666674e+02 4.79140930850598286e-03 1.15648863110702072e-05
 1.05866666666666674e+02 1.06000000000000000e+02 4.80497901464662248e-03 1.20295062963299961e-05
 1.06000000000000000e+02 1.06133333333333326e+02 4.77492280000711266e-03 1.10787616357108186e-05
 1.06133333333333326e+02 1.06266666666666666e+02 4.77530123335887305e-03 1.54559235063424809e-05
 1.06266666666666666e+02 1.06400000000000006e+02 4.77742956775941818e-03 1.19892193615042317e-05
 1.06400000000000006e+02 1.06533333333333331e+02 4.78902277314221560e-03 1.38394753210181722e-05
 1.06533333333333331e+02 1.06666666666666657e+02 4.75517552276434000e-03 1.15255769019024571e-05
 1.06666666666666657e+02 1.06799999999999997e+02 4.74734401840964156e-03 1.31171884397885178e-05
 1.06799999999999997e+02 1.06933333333333337e+02 4.75679760575722834e-03 1.17038098705421935e-05
 1.06933333333333337e+02 1.07066666666666663e+02 4.76467022295928508e-03 2.10289072638566317e-05
 1.07066666666666663e+02 1.07200000000000003e+02 4.72678086384864960e-03 1.14174345111775310e-05
 1.07200000000000003e+02 1.07333333333333343e+02 4.73654754137018373e-03 1.11094095924080843e-05
 1.07333333333333343e+02 1.07466666666666669e+02 4.73868984929832777e-03 1.12322600407402059e-05
 1.07466666666666669e+02 1.07599999999999994e+02 4.72560475746347432e-03 1.22941898637166383e-05
 1.07599999999999994e+02 1.07733333333333334e+02 4.71812369094384409e-03 1.13148730085718279e-05
 1.07733333333333334e+02 1.07866666666666674e+02 4.71252433734983996e-03 1.47923085954747609e-05
 1.07866666666666674e+02 1.08000000000000000e+02 4.73071252707629730e-03 1.22967234010761246e-05
 1.08000000000000000e+02 1.08133333333333326e+02 4.70054781970985144e-03 1.31413361338762856e-05
 1.08133333333333326e+02 1.08266666666666666e+02 4.67271258456565530e-03 1.47924650719596369e-05
 1.08266666666666666e+02 1.08400000000000006e+02 4.71086249489226835e-03 1.41127294239089757e-05
 1.08400000000000006e+02 1.08533333333333331e+02 4.65338004754620692e-03 1.08809184550937640e-05
 1.08533333333333331e+02 1.08666666666666657e+02 4.65784771753337441e-03 1.18316468711990915e-05
 1.08666666666666657e+02 1.08799999999999997e+02 4.65858373132942670e-03 1.14317059749966012e-05
 1.08799999999999997e+02 1.08933333333333337e+02 4.63577392648918327e-03 1.30408316893981273e-05
 1.08933333333333337e+02 1.09066666666666663e+02 4.63906975237880076e-03 1.09925880551911380e-05
 1.09066666666666663e+02 1.09200000000000003e+02 4.63984829332130758e-03 1.22905109381265306e-05
 1.09200000000000003e+02 1.09333333333333343e+02 4.62021332530964616e-03 1.06121282796738395e-05
 1.09333333333333343e+02 1.09466666666666669e+02 4.62930527890924575e-03 1.10579092268822719e-05
 1.09466666666666669e+02 1.09599999999999994e+02 4.62991131158693291e-03 1.18272635453876298e-05
 1.09599999999999994e+02 1.09733333333333334e+02 4.62241026906734867e-03 1.21664047838389211e-05
 1.09733333333333334e+02 1.09866666666666674e+02 4.60369527844832309e-03 1.25964266947500331e-05
 1.09866666666666674e+02 1.10000000000000000e+02 4.60092771572873614e-03 1.16070562644958861e-05
 1.10000000000000000e+02 1.10133333333333326e+02 4.58329328340004432e-03 1.31984768678335558e-05
 1.10133333333333326e+02 1.10266666666666666e+02 4.56175087510544454e-03 1.44278477021405225e-05
 1.10266666666666666e+02 1.10400000000000006e+02 4.57096559700450981e-03 1.36561548021898802e-05
 1.10400000000000006e+02 1.10533333333333331e+02 4.54760610111230607e-03 1.04837992417034791e-05
 1.10533333333333331e+02 1.10666666666666657e+02 4.53051036367943701e-03 1.05722417403181417e-05
 1.10666666666666657e+02 1.10799999999999997e+02 4.53563160887700875e-03 1.13418591856676571e-05
 1.10799999999999997e+02 1.10933333333333337e+02 4.51931868465694792e-03 1.08409675219514885e-05
 1.10933333333333337e+02 1.11066666666666663e+02 4.51122358379464454e-03 1.11161454596788885e-05
 1.11066666666666663e+02 1.11200000000000003e+02 4.49604768740051539e-03 1.16804175681520646e-05
 1.11200000000000003e+02 1.11333333333333343e+02 4.49513027081193273e-03 1.13936036986192532e-05
 1.11333333333333343e+02 1.11466666666666669e+02 4.48463252996921056e-03 1.08318614579448414e-05
 1.11466666666666669e+02 1.11599999999999994e+02 4.48655921869912846e-03 1.09476496868736883e-05
 1.11599999999999994e+02 1.11733333333333334e+02 4.47515206987090554e-03 1.11915184938272966e-05
 1.11733333333333334e+02 1.11866666666666674e+02 4.44801364676245849e-03 1.08834871632480851e-05
 1.11866666666666674e+02 1.12000000000000000e+02 4.46186981216210952e-03 1.57080308358331640e-05
 1.12000000000000000e+02 1.12133333333333326e+02 4.45558236111986278e-03 1.32662073231380322e-05
 1.12133333333333326e+02 1.12266666666666666e+02 4.42746390484890454e-03 1.16075293123619133e-05
 1.12266666666666666e+02 1.12400000000000006e+02 4.42544859565647750e-03 1.03056670669904263e-05
 1.12400000000000006e+02 1.12533333333333331e+02 4.40819333299255749e-03 1.04140439252712442e-05
 1.12533333333333331e+02 1.12666666666666657e+02 4.40918681530177211e-03 1.50572362875954858e-05
 1.12666666666666657e+02 1.12799999999999997e+02 4.39059472606747811e-03 1.16466739005326266e-05
 1.12799999999999997e+02 1.12933333333333337e+02 4.37017045189869429e-03 1.03325669416730907e-05
 1.12933333333333337e+02 1.13066666666666663e+02 4.38098691433444834e-03 1.30853109773787773e-05
 1.13066666666666663e+02 1.13200000000000003e+02 4.34009302490391460e-03 1.02739442307232998e-05
 1.13200000000000003e+02 1.13333333333333343e+02 4.34403677429757301e-03 1.13554707712445993e-05
 1.13333333333333343e+02 1.13466666666666669e+02 4.33820737941656345e-03 1.09032606125973616e-05
 1.13466666666666669e+02 1.13599999999999994e+02 4.32984822281232834e-03 1.11797270593469632e-05
 1.13599999999999994e+02 1.13733333333333334e+02 4.31200547893705131e-03 1.13929966470765475e-05
 1.13733333333333334e+02 1.13866666666666674e+02 4.29806315753087330e-03 1.33552785491404743e-05
 1.13866666666666674e+02 1.14000000000000000e+02 4.27761823070931316e-03 1.13659150554270647e-05
 1.14000000000000000e+02 1.14133333333333340e+02 4.25832304888138554e-03 1.02869049046691303e-05
 1.14133333333333340e+02 1.14266666666666666e+02 4.25378492740132418e-03 1.05719322477142319e-05
 1.14266666666666666e+02 1.14400000000000006e+02 4.26123713477589375e-03 1.15760309502898001e-05
 1.14400000000000006e+02 1.14533333333333331e+02 4.22174406823493109e-03 1.19315114166594041e-05
 1.14533333333333331e+02 1.14666666666666671e+02 4.20430199923490632e-03 1.04066633853109342e-05
 1.14666666666666671e+02 1.14799999999999997e+02 4.18465874121721777e-03 1.19171456704090624e-05
 1.14799999999999997e+02 1.14933333333333337e+02 4.18388244184901819e-03 1.03831157438933603e-05
 1.14933333333333337e+02 1.15066666666666663e+02 4.16966409765778204e-03 1.10785328336960153e-05
 1.15066666666666663e+02 1.15200000000000003e+02 4.14578674326892931e-03 1.01585961550927782e-05
 1.15200000000000003e+02 1.15333333333333329e+02 4.16703771089077524e-03 1.42428947514553087e-05
 1.15333333333333329e+02 1.15466666666666669e+02 4.12600346606681236e-03 9.82405596665311685e-06
 1.15466666666666669e+02 1.15599999999999994e+02 4.11121894114315108e-03 1.03922014293452746e-05
 1.15599999999999994e+02 1.15733333333333334e+02 4.11679793447676350e-03 1.42586834696139833e-05
 1.15733333333333334e+02 1.15866666666666660e+02 4.09258229159548039e-03 1.13309718353081100e-05
 1.15866666666666660e+02 1.16000000000000000e+02 4.08335468480962045e-03 1.30053799139247740e-05
 1.16000000000000000e+02 1.16133333333333340e+02 4.04944657630534107e-03 1.07646108553861838e-05
 1.16133333333333340e+02 1.16266666666666666e+02 4.05245906240870365e-03 1.12887998381367228e-05
 1.16266666666666666e+02 1.16400000000000006e+02 4.03626467512966693e-03 1.12187927311039454e-05
 1.16400000000000006e+02 1.16533333333333331e+02 4.01610056281543823e-03 1.04797369833424315e-05
 1.16533333333333331e+02 1.16666666666666671e+02 3.99606280275994173e-03 1.26879796853920223e-05
 1.16666666666666671e+02 1.16799999999999997e+02 3.98613846378936213e-03 1.10965529373339983e-05
 1.16799999999999997e+02 1.16933333333333337e+02 3.96164809564952900e-03 1.11738991895915087e-05
 1.16933333333333337e+02 1.17066666666666663e+02 3.95038956018759803e-03 1.19026976491378875e-05
 1.17066666666666663e+02 1.17200000000000003e+02 3.93697442053347110e-03 1.09134622979794917e-05
 1.17200000000000003e+02 1.17333333333333329e+02 3.92946614495420874e-03 1.04839217020816259e-05
 1.17333333333333329e+02 1.17466666666666669e+02 3.91115048185003162e-03 1.19731759906381313e-05
 1.17466666666666669e+02 1.17599999999999994e+02 3.88510821080519965e-03 1.20193685643091242e-05
 1.17599999999999994e+02 1.17733333333333334e+02 3.90282800219376785e-03 1.99325013281777472e-05
 1.17733333333333334e+02 1.17866666666666660e+02 3.87333325050111948e-03 1.71561676001204374e-05
 1.17866666666666660e+02 1.18000000000000000e+02 3.83573880319026820e-03 1.00486441324013185e-05
 1.18000000000000000e+02 1.18133333333333340e+02 3.82112078641737773e-03 1.01158792563123901e-05
 1.18133333333333340e+02 1.18266666666666666e+02 3.81067523711496733e-03 1.05506233084712168e-05
 1.18266666666666666e+02 1.18400000000000006e+02 3.80286310769515062e-03 1.15441945407808725e-05
 1.18400000000000006e+02 1.18533333333333331e+02 3.77874893153575669e-03 1.10396381754355895e-05
 1.18533333333333331e+02 1.18666666666666671e+02 3.74418912191797721e-03 1.02688981993188977e-05
 1.18666666666666671e+02 1.18799999999999997e+02 3.75693167030352344e-03 1.44556208678103578e-05
 1.18799999999999997e+02 1.18933333333333337e+02 3.72788264545639630e-03 1.26943643094204426e-05
 1.18933333333333337e+02 1.19066666666666663e+02 3.69651013774292608e-03 9.94730196240530924e-06
 1.19066666666666663e+02 1.19200000000000003e+02 3.69864161633273953e-03 2.79626117455475842e-05
 1.19200000000000003e+02 1.19333333333333329e+02 3.64171718080279509e-03 1.01785206999955854e-05
 1.19333333333333329e+02 1.19466666666666669e+02 3.65600705678499312e-03 9.76344706920071541e-06
 1.19466666666666669e+02 1.19599999999999994e+02 3.66713587707144864e-03 1.59507960319592601e-05
 1.19599999999999994e+02 1.19733333333333334e+02 3.61077121102877261e-03 1.03522789346695753e-05
 1.19733333333333334e+02 1.19866666666666660e+02 3.60517305381378083e-03 1.46520102491573862e-05
 1.19866666666666660e+02 1.20000000000000000e+02 3.58726284864157967e-03 1.20957249290504419e-05
 1.20000000000000000e+02 1.20133333333333340e+02 3.56686912527597435e-03 1.00760657886167128e-05
 1.20133333333333340e+02 1.20266666666666666e+02 3.54003173275100431e-03 1.01579783578952437e-05
 1.20266666666666666e+02 1.20400000000000006e+02 3.53350498861168278e-03 1.02427528505877988e-05
 1.20400000000000006e+02 1.20533333333333331e+02 3.51472424117011501e-03 1.00373904371778538e-05
 1.20533333333333331e+02 1.20666666666666671e+02 3.49392268599919929e-03 1.02187536251291608e-05
 1.20666666666666671e+02 1.20799999999999997e+02 3.47638155500542200e-03 1.05910537532495685e-05
 1.20799999999999997e+02 1.20933333333333337e+02 3.47027711128561301e-03 9.26565493476948144e-06
 1.20933333333333337e+02 1.21066666666666663e+02 3.42868241367277763e-03 9.79003861813164626e-06
 1.21066666666666663e+02 1.21200000000000003e+02 3.43084000281819674e-03 9.55618134103373145e-06
 1.21200000000000003e+02 1.21333333333333329e+02 3.41482152618810108e-03 9.81777588988992536e-06
 1.21333333333333329e+02 1.21466666666666669e+02 3.39103008120418851e-03 1.22352455770318262e-05
 1.21466666666666669e+02 1.21599999999999994e+02 3.37407935709169420e-03 9.18325617499191822e-06
 1.21599999999999994e+02 1.21733333333333334e+02 3.36239060318432653e-03 9.50552901135847978e-06
 1.21733333333333334e+02 1.21866666666666660e+02 3.33779963370494032e-03 1.00913095090417536e-05
 1.21866666666666660e+02 1.22000000000000000e+02 3.34476322770269107e-03 1.78202553917089699e-05
 1.22000000000000000e+02 1.22133333333333340e+02 3.30894519670909323e-03 9.68056681095966270e-06
 1.22133333333333340e+02 1.22266666666666666e+02 3.28839995551449956e-03 9.07658118424308828e-06
 1.22266666666666666e+02 1.22400000000000006e+02 3.27963753194747843e-03 1.00086580188334029e-05
 1.22400000000000006e+02 1.22533333333333331e+02 3.25972710346972240e-03 9.11241567197600809e-06
 1.22533333333333331e+02 1.22666666666666671e+02 3.24395842006830557e-03 9.68642318201674049e-06
 1.22666666666666671e+02 1.22799999999999997e+02 3.21660568658157587e-03 1.18676151870884402e-05
 1.22799999999999997e+02 1.22933333333333337e+02 3.20443008268602543e-03 1.00472081049659571e-05
 1.22933333333333337e+02 1.23066666666666663e+02 3.17662801395543178e-03 8.95107646512184676e-06
 1.23066666666666663e+02 1.23200000000000003e+02 3.18297476472363108e-03 1.04232052254118649e-05
 1.23200000000000003e+02 1.23333333333333329e+02 3.18853628963728210e-03 1.55100512217893110e-05
 1.23333333333333329e+02 1.23466666666666669e+02 3.14931841602046972e-03 1.10468973538277012e-05
 1.23466666666666669e+02 1.23599999999999994e+02 3.09976566415328444e-03 8.67351562234887950e-06
 1.23599999999999994e+02 1.23733333333333334e+02 3.07941446117745554e-03 9.12403153005539769e-06
 1.23733333333333334e+02 1.23866666666666660e+02 3.08157740444802439e-03 9.74554726489770632e-06
 1.23866666666666660e+02 1.24000000000000000e+02 3.05430548231584590e-03 9.44382300810380191e-06
 1.24000000000000000e+02 1.24133333333333340e+02 3.05603798375952669e-03 1.03754882882060178e-05
 1.24133333333333340e+02 1.24266666666666666e+02 3.02424155438523476e-03 9.79492120291030595e-06
 1.24266666666666666e+02 1.24400000000000006e+02 3.01517379873261554e-03 9.01703773351316453e-06
 1.24400000000000006e+02 1.24533333333333331e+02 2.98699963173770181e-03 1.06653683146415712e-05
 1.24533333333333331e+02 1.24666666666666671e+02 2.99483276180309088e-03 1.44476863142890990e-05
 1.24666666666666671e+02 1.24799999999999997e+02 2.93908891354007461e-03 9.01983628399091084e-06
 1.24799999999999997e+02 1.24933333333333337e+02 2.92402753095906886e-03 9.21254444355834279e-06
 1.24933333333333337e+02 1.25066666666666663e+02 2.91155866445014146e-03 8.94048484273980965e-06
 1.25066666666666663e+02 1.25200000000000003e+02 2.89592210678239585e-03 9.37692949725418921e-06
 1.25200000000000003e+02 1.25333333333333329e+02 2.89404213007004229e-03 1.37446442124773297e-05
 1.25333333333333329e+02 1.25466666666666669e+02 2.86996975863671767e-03 8.95010122207735493e-06
 1.25466666666666669e+02 1.25599999999999994e+02 2.84328368721959010e-03 8.77727182929548998e-06
 1.25599999999999994e+02 1.25733333333333334e+02 2.82405976401677418e-03 9.25768242227292956e-06
 1.25733333333333334e+02 1.25866666666666660e+02 2.81660182792746027e-03 8.68317800210166319e-06
 1.25866666666666660e+02 1.26000000000000000e+02 2.79554447725560489e-03 1.35957825214499980e-05
 1.26000000000000000e+02 1.26133333333333340e+02 2.77967840306166157e-03 8.96719214321458507e-06
 1.26133333333333340e+02 1.26266666666666666e+02 2.75085280071732949e-03 1.00679984859502764e-05
 1.26266666666666666e+02 1.26400000000000006e+02 2.73419714061115277e-03 1.06520815339042473e-05
 1.26400000000000006e+02 1.26533333333333331e+02 2.71939990967772546e-03 8.73981183960202106e-06
 1.26533333333333331e+02 1.26666666666666671e+02 2.72771599354431531e-03 1.02245209942180710e-05
 1.26666666666666671e+02 1.26799999999999997e+02 2.68404773277294622e-03 8.55616114686545317e-06
 1.26799999999999997e+02 1.26933333333333337e+02 2.67308693074928827e-03 9.11241484898229464e-06
 1.26933333333333337e+02 1.27066666666666663e+02 2.64343948063119893e-03 8.57395625595602895e-06
 1.27066666666666663e+02 1.27200000000000003e+02 2.62123950505483913e-03 8.47104959881197468e-06
 1.27200000000000003e+02 1.27333333333333329e+02 2.61202296887670443e-03 8.60890919788741617e-06
 1.27333333333333329e+02 1.27466666666666669e+02 2.60767778836102455e-03 9.65970978054566321e-06
 1.27466666666666669e+02 1.27599999999999994e+02 2.57144262365816261e-03 8.19533379210040547e-06
 1.27599999999999994e+02 1.27733333333333334e+02 2.57508158060151208e-03 8.51030937877486870e-06
 1.27733333333333334e+02 1.27866666666666660e+02 2.52838124235724940e-03 8.52071285034041008e-06
 1.27866666666666660e+02 1.28000000000000000e+02 2.53392950246033623e-03 8.44363312099592250e-06
 1.28000000000000000e+02 1.28133333333333326e+02 2.50398796812553465e-03 8.29527543750722509e-06
 1.28133333333333326e+02 1.28266666666666652e+02 2.49791884541390383e-03 1.02962373014691354e-05
 1.28266666666666652e+02 1.28400000000000006e+02 2.47846106466087903e-03 1.22221634115990996e-05
 1.28400000000000006e+02 1.28533333333333331e+02 2.47343431373729617e-03 9.18681815555828425e-06
 1.28533333333333331e+02 1.28666666666666686e+02 2.45675487436353059e-03 8.76418152157074189e-06
 1.28666666666666686e+02 1.28800000000000011e+02 2.41106018359851489e-03 8.79316184917315464e-06
 1.28800000000000011e+02 1.28933333333333337e+02 2.40339766772730903e-03 8.55408253434344935e-06
 1.28933333333333337e+02 1.29066666666666663e+02 2.40578195919252799e-03 1.23192115251472413e-05
 1.29066666666666663e+02 1.29199999999999989e+02 2.37114509358757244e-03 8.16314347369058117e-06
 1.29199999999999989e+02 1.29333333333333314e+02 2.34468105586942794e-03 9.51781656416943635e-06
 1.29333333333333314e+02 1.29466666666666669e+02 2.34434485428292256e-03 9.06385196340048742e-06
 1.29466666666666669e+02 1.29599999999999994e+02 2.31532375443355013e-03 8.09696809602095055e-06
 1.29599999999999994e+02 1.29733333333333348e+02 2.28910966552374169e-03 8.29463175273271499e-06
 1.29733333333333348e+02 1.29866666666666674e+02 2.29291207852699028e-03 1.35099413911761421e-05
 1.29866666666666674e+02 1.30000000000000000e+02 2.27345264721362170e-03 9.40466547424080029e-06

Histogram:lp+
 1.40000000000000000e+02 1.40625000000000000e+02 1.37133265277910580e-07 3.24132049183308994e-08
 1.40625000000000000e+02 1.41250000000000000e+02 3.92400852307215422e-07 5.42199494171971037e-08
 1.41250000000000000e+02 1.41875000000000000e+02 7.84965976546592513e-07 8.55262776031102820e-08
 1.41875000000000000e+02 1.42500000000000000e+02 1.23343182250079102e-06 1.36362603133287467e-07
 1.42500000000000000e+02 1.43125000000000000e+02 1.47433877983818778e-06 1.25766558304045522e-07
 1.43125000000000000e+02 1.43750000000000000e+02 1.85039734620474650e-06 1.82971962089398928e-07
 1.43750000000000000e+02 1.44375000000000000e+02 2.25045181017391216e-06 1.33432984611925184e-07
 1.44375000000000000e+02 1.45000000000000000e+02 2.43089477156079603e-06 1.30528244700166991e-07
 1.45000000000000000e+02 1.45625000000000000e+02 3.39643566892724358e-06 4.41184687464012582e-07
 1.45625000000000000e+02 1.46250000000000000e+02 3.51929051835537144e-06 3.49855141349189955e-07
 1.46250000000000000e+02 1.46875000000000000e+02 4.23522203876676241e-06 3.35222685424427834e-07
 1.46875000000000000e+02 1.47500000000000000e+02 4.49227971648365059e-06 2.98154215182398748e-07
 1.47500000000000000e+02 1.48125000000000000e+02 5.48009153414886291e-06 5.99475756379377880e-07
 1.48125000000000000e+02 1.48750000000000000e+02 5.05624668527891929e-06 2.52502665531101884e-07
 1.48750000000000000e+02 1.49375000000000000e+02 5.18949904025021856e-06 2.19817015631503551e-07
 1.49375000000000000e+02 1.50000000000000000e+02 5.65645127903138929e-06 4.60202315292842462e-07
 1.50000000000000000e+02 1.50625000000000000e+02 6.56684251735520023e-06 3.84784385983992887e-07
 1.50625000000000000e+02 1.51250000000000000e+02 6.48625297730646419e-06 2.67264624113447163e-07
 1.51250000000000000e+02 1.51875000000000000e+02 6.86377543329344733e-06 2.84578566136544104e-07
 1.51875000000000000e+02 1.52500000000000000e+02 7.28160380627420693e-06 2.29870733824510942e-07
 1.52500000000000000e+02 1.53125000000000000e+02 8.60864389560456779e-06 6.18427539820681467e-07
 1.53125000000000000e+02 1.53750000000000000e+02 7.94084086313557181e-06 2.45953587941291558e-07
 1.53750000000000000e+02 1.54375000000000000e+02 8.53203983353572693e-06 3.07649551886935072e-07
 1.54375000000000000e+02 1.55000000000000000e+02 9.01431644985685862e-06 3.20994509104598050e-07
 1.55000000000000000e+02 1.55625000000000000e+02 9.81407054229121740e-06 2.90900678891212772e-07
 1.55625000000000000e+02 1.56250000000000000e+02 9.56690052148459891e-06 3.04047203591152756e-07
 1.56250000000000000e+02 1.56875000000000000e+02 1.05105092262909014e-05 3.08208650245476559e-07
 1.56875000000000000e+02 1.57500000000000000e+02 1.13997016636809240e-05 4.27561595356378009e-07
 1.57500000000000000e+02 1.58125000000000000e+02 1.15477130633020689e-05 4.35870998393378742e-07
 1.58125000000000000e+02 1.58750000000000000e+02 1.18705853864439829e-05 3.58084876699873301e-07
 1.58750000000000000e+02 1.59375000000000000e+02 1.31583263317195492e-05 4.37879820897515459e-07
 1.59375000000000000e+02 1.60000000000000000e+02 1.27383426802965931e-05 3.00253614994374950e-07
 1.60000000000000000e+02 1.60625000000000000e+02 2.41664551346240895e-05 3.64359545666270722e-07
 1.60625000000000000e+02 1.61250000000000000e+02 3.56219221021947678e-05 1.50444464228517322e-06
 1.61250000000000000e+02 1.61875000000000000e+02 4.11482884488460868e-05 6.43043799783114448e-07
 1.61875000000000000e+02 1.62500000000000000e+02 4.60448416826162447e-05 7.26170350233065082e-07
 1.62500000000000000e+02 1.63125000000000000e+02 5.03271569687336055e-05 4.84225902372401741e-07
 1.63125000000000000e+02 1.63750000000000000e+02 5.44766311034752433e-05 8.16311584248769458e-07
 1.63750000000000000e+02 1.64375000000000000e+02 5.95304346470885312e-05 5.80688976564569838e-07
 1.64375000000000000e+02 1.65000000000000000e+02 6.38430250773306659e-05 5.48579967436530809e-07
 1.65000000000000000e+02 1.65625000000000000e+02 6.67364561503964597e-05 7.22634377085408504e-07
 1.65625000000000000e+02 1.66250000000000000e+02 7.07191796046758431e-05 6.39624380819171823e-07
 1.66250000000000000e+02 1.66875000000000000e+02 7.63210385483315359e-05 1.43405848181817921e-06
 1.66875000000000000e+02 1.67500000000000000e+02 7.82635868603135385e-05 7.79702039943661525e-07
 1.67500000000000000e+02 1.68125000000000000e+02 8.15326687778572491e-05 7.31285607772619599e-07
 1.68125000000000000e+02 1.68750000000000000e+02 8.37592237562709264e-05 6.15507298307897194e-07
 1.68750000000000000e+02 1.69375000000000000e+02 8.81831772714906920e-05 7.25067350693204448e-07
 1.69375000000000000e+02 1.70000000000000000e+02 9.10860204668872470e-05 7.40482437124358277e-07
 1.70000000000000000e+02 1.70625000000000000e+02 9.52106604354556913e-05 7.65882330851834785e-07
 1.70625000000000000e+02 1.71250000000000000e+02 9.79543577910876417e-05 7.07869019107373801e-07
 1.71250000000000000e+02 1.71875000000000000e+02 1.01475378168430571e-04 8.78249578647817016e-07
 1.71875000000000000e+02 1.72500000000000000e+02 1.03101968156681873e-04 7.15986033428617680e-07
 1.72500000000000000e+02 1.73125000000000000e+02 1.06672962186761687e-04 7.48241003329033410e-07
 1.73125000000000000e+02 1.73750000000000000e+02 1.10692899994309713e-04 1.02861801548477030e-06
 1.73750000000000000e+02 1.74375000000000000e+02 1.11886445968827615e-04 7.80082877701180321e-07
 1.74375000000000000e+02 1.75000000000000000e+02 1.14894884549281452e-04 8.94617853780191718e-07
 1.75000000000000000e+02 1.75625000000000000e+02 1.17934973500845053e-04 7.92364730979448220e-07
 1.75625000000000000e+02 1.76250000000000000e+02 1.20189596795322251e-04 7.51995797044053718e-07
 1.76250000000000000e+02 1.76875000000000000e+02 1.23716788507267163e-04 9.28651532958995184e-07
 1.76875000000000000e+02 1.77500000000000000e+02 1.25249332202350663e-04 7.64121277828285689e-07
 1.77500000000000000e+02 1.78125000000000000e+02 1.28591207634093949e-04 1.02175414633139614e-06
 1.78125000000000000e+02 1.78750000000000000e+02 1.32233756088023454e-04 8.55689083555380780e-07
 1.78750000000000000e+02 1.79375000000000000e+02 1.36792034589238701e-04 1.12671191083784217e-06
 1.79375000000000000e+02 1.80000000000000000e+02 1.38886986526648036e-04 8.80709061858366815e-07
 1.80000000000000000e+02 1.80625000000000000e+02 1.42802848409753644e-04 1.06899833007068440e-06
 1.80625000000000000e+02 1.81250000000000000e+02 1.44824845122617526e-04 9.22923167646036537e-07
 1.81250000000000000e+02 1.81875000000000000e+02 1.46190865923398694e-04 8.68092925418190392e-07
 1.81875000000000000e+02 1.82500000000000000e+02 1.49126782716977111e-04 9.42198059207728378e-07
 1.82500000000000000e+02 1.83125000000000000e+02 1.53001784983881222e-04 1.02356713079203808e-06
 1.83125000000000000e+02 1.83750000000000000e+02 1.54215607365927354e-04 9.14681022673090057e-07
 1.83750000000000000e+02 1.84375000000000000e+02 1.56362788681585377e-04 1.07434308291897572e-06
 1.84375000000000000e+02 1.85000000000000000e+02 1.57417476174492117e-04 9.06617221611113763e-07
 1.85000000000000000e+02 1.85625000000000000e+02 1.59220846087454096e-04 9.68222974172799815e-07
 1.85625000000000000e+02 1.86250000000000000e+02 1.58336606578542762e-04 8.90069146503638645e-07
 1.86250000000000000e+02 1.86875000000000000e+02 1.61341284930500051e-04 9.32015747151526976e-07
 1.86875000000000000e+02 1.87500000000000000e+02 1.63608849159528429e-04 1.17500640908080253e-06
 1.87500000000000000e+02 1.88125000000000000e+02 1.63219366908578427e-04 9.33052895887693308e-07
 1.88125000000000000e+02 1.88750000000000000e+02 1.65754704821243035e-04 1.02943022696344598e-06
 1.88750000000000000e+02 1.89375000000000000e+02 1.66222115695750935e-04 9.70176114330019926e-07
 1.89375000000000000e+02 1.90000000000000000e+02 1.68199464755663269e-04 9.14329279735761499e-07
 1.90000000000000000e+02 1.90625000000000000e+02 1.68513336920068224e-04 8.86493680861120218e-07
 1.90625000000000000e+02 1.91250000000000000e+02 1.72093241975909044e-04 1.27899828930642030e-06
 1.91250000000000000e+02 1.91875000000000000e+02 1.72363062678804451e-04 9.92330456444667898e-07
 1.91875000000000000e+02 1.92500000000000000e+02 1.72184525497767646e-04 1.05021392009202929e-06
 1.92500000000000000e+02 1.93125000000000000e+02 1.75006218481651077e-04 1.00321156954694751e-06
 1.93125000000000000e+02 1.93750000000000000e+02 1.73866743845522617e-04 9.54675586503107817e-07
 1.93750000000000000e+02 1.94375000000000000e+02 1.76966596128457307e-04 1.11435979464879285e-06
 1.94375000000000000e+02 1.95000000000000000e+02 1.76600140487351011e-04 9.28057608701423555e-07
 1.95000000000000000e+02 1.95625000000000000e+02 1.78825003777413383e-04 1.00585983943484436e-06
 1.95625000000000000e+02 1.96250000000000000e+02 1.81073987463032423e-04 9.73611261714674695e-07
 1.96250000000000000e+02 1.96875000000000000e+02 1.82065831154394495e-04 9.47813101767505700e-07
 1.96875000000000000e+02 1.97500000000000000e+02 1.83355773304789190e-04 9.72179212356637466e-07
 1.97500000000000000e+02 1.98125000000000000e+02 1.82575239268103221e-04 9.80052426882720937e-07
 1.98125000000000000e+02 1.98750000000000000e+02 1.85064538352363992e-04 9.73157985541324367e-07
 1.98750000000000000e+02 1.99375000000000000e+02 1.86879968704245790e-04 9.69021348951978315e-07
 1.99375000000000000e+02 2.00000000000000000e+02 1.88322940559128321e-04 1.02740816226415725e-06
 2.00000000000000000e+02 2.00625000000000000e+02 1.89261857120934045e-04 1.08260221106450483e-06
 2.00625000000000000e+02 2.01250000000000000e+02 1.90379041885976446e-04 9.72485121357548202e-07
 2.01250000000000000e+02 2.01875000000000000e+02 1.91841574149886267e-04 1.02581359846127718e-06
 2.01875000000000000e+02 2.02500000000000000e+02 1.95954986080189265e-04 1.36869701571168025e-06
 2.02500000000000000e+02 2.03125000000000000e+02 1.95084957673279590e-04 1.18395032715574027e-06
 2.03125000000000000e+02 2.03750000000000000e+02 1.97804229676901513e-04 1.05427231400879936e-06
 2.03750000000000000e+02 2.04375000000000000e+02 1.97027337361682572e-04 9.91967210511346642e-07
 2.04375000000000000e+02 2.05000000000000000e+02 2.00207916073852154e-04 1.08635770976031127e-06
 2.05000000000000000e+02 2.05625000000000000e+02 2.01643439487911985e-04 1.16550414449897790e-06
 2.05625000000000000e+02 2.06250000000000000e+02 2.02015012051295044e-04 1.02943877421919951e-06
 2.06250000000000000e+02 2.06875000000000000e+02 2.05452410366015377e-04 9.92553706290496117e-07
 2.06875000000000000e+02 2.07500000000000000e+02 2.05651109473168188e-04 1.18902764092086507e-06
 2.07500000000000000e+02 2.08125000000000000e+02 2.06620491072660533e-04 1.02033451496893438e-06
 2.08125000000000000e+02 2.08750000000000000e+02 2.09050667417481103e-04 1.09792862742479389e-06
 2.08750000000000000e+02 2.09375000000000000e+02 2.09651517895093092e-04 1.11903244347555696e-06
 2.09375000000000000e+02 2.10000000000000000e+02 2.10731578181946736e-04 1.06995436158229138e-06
 2.10000000000000000e+02 2.10625000000000000e+02 2.13880540962521610e-04 1.17602964491909301e-06
 2.10625000000000000e+02 2.11250000000000000e+02 2.12840940849042719e-04 1.05490155845496044e-06
 2.11250000000000000e+02 2.11875000000000000e+02 2.16842474336768968e-04 1.60635310013923263e-06
 2.11875000000000000e+02 2.12500000000000000e+02 2.15840055722439704e-04 1.19633643498159357e-06
 2.12500000000000000e+02 2.13125000000000000e+02 2.19995554930149884e-04 1.10139342313617634e-06
 2.13125000000000000e+02 2.13750000000000000e+02 2.19938217512077584e-04 1.17053715176906699e-06
 2.13750000000000000e+02 2.14375000000000000e+02 2.22471888668545779e-04 1.10490436050558416e-06
 2.14375000000000000e+02 2.15000000000000000e+02 2.25071036110664535e-04 1.15813190278162535e-06
 2.15000000000000000e+02 2.15625000000000000e+02 2.24728794485415465e-04 1.15964727441844534e-06
 2.15625000000000000e+02 2.16250000000000000e+02 2.27525010818861609e-04 1.29780221649057552e-06
 2.16250000000000000e+02 2.16875000000000000e+02 2.29929942377424739e-04 1.42767246819450119e-06
 2.16875000000000000e+02 2.17500000000000000e+02 2.29686414797010782e-04 1.23325165383378447e-06
 2.17500000000000000e+02 2.18125000000000000e+02 2.32211896106801301e-04 1.24998096586882899e-06
 2.18125000000000000e+02 2.18750000000000000e+02 2.32246795478646602e-04 1.18162837173381338e-06
 2.18750000000000000e+02 2.19375000000000000e+02 2.33843887244867844e-04 1.23185691466579817e-06
 2.19375000000000000e+02 2.20000000000000000e+02 2.36068241105830834e-04 1.18913160029848916e-06
 2.20000000000000000e+02 2.20625000000000000e+02 2.48272825517542031e-04 9.03248452893211753e-06
 2.20625000000000000e+02 2.21250000000000000e+02 2.39379984261061827e-04 1.06460408076172902e-06
 2.21250000000000000e+02 2.21875000000000000e+02 2.40250528806967763e-04 1.44203904375431903e-06
 2.21875000000000000e+02 2.22500000000000000e+02 2.43400397857681378e-04 1.15125557998225753e-06
 2.22500000000000000e+02 2.23125000000000000e+02 2.46000560006890052e-04 1.18620408590589821e-06
 2.23125000000000000e+02 2.23750000000000000e+02 2.45787143163441791e-04 1.27810372723545818e-06
 2.23750000000000000e+02 2.24375000000000000e+02 2.49030535594938320e-04 1.23052056889974696e-06
 2.24375000000000000e+02 2.25000000000000000e+02 2.48552191679500209e-04 1.24184194719098701e-06
 2.25000000000000000e+02 2.25625000000000000e+02 2.55709080121873777e-04 1.25798293086820070e-06
 2.25625000000000000e+02 2.26250000000000000e+02 2.52115510270442295e-04 1.20671800478174524e-06
 2.26250000000000000e+02 2.26875000000000000e+02 2.54320696238414243e-04 1.23507257945676484e-06
 2.26875000000000000e+02 2.27500000000000000e+02 2.57527577940123943e-04 1.28115604239737779e-06
 2.27500000000000000e+02 2.28125000000000000e+02 2.60217120523230209e-04 1.31391634210210349e-06
 2.28125000000000000e+02 2.28750000000000000e+02 2.61972500025038375e-04 1.36338671659649165e-06
 2.28750000000000000e+02 2.29375000000000000e+02 2.60632597872625818e-04 1.32616881916377401e-06
 2.29375000000000000e+02 2.30000000000000000e+02 2.63291347595383761e-04 1.22273662345542985e-06
 2.30000000000000000e+02 2.30625000000000000e+02 2.62517633088918401e-04 1.15147316280774519e-06
 2.30625000000000000e+02 2.31250000000000000e+02 2.68294928414453799e-04 1.26550576615780176e-06
 2.31250000000000000e+02 2.31875000000000000e+02 2.69033366307944817e-04 1.23361278826073532e-06
 2.31875000000000000e+02 2.32500000000000000e+02 2.71062172833391399e-04 1.22503407135083464e-06
 2.32500000000000000e+02 2.33125000000000000e+02 2.71075508054478007e-04 1.28876732710701055e-06
 2.33125000000000000e+02 2.33750000000000000e+02 2.75122623109333539e-04 1.28364923568491260e-06
 2.33750000000000000e+02 2.34375000000000000e+02 2.77180876606492499e-04 1.26720741424370569e-06
 2.34375000000000000e+02 2.35000000000000000e+02 2.79997534549585026e-04 1.32830527052670871e-06
 2.35000000000000000e+02 2.35625000000000000e+02 2.81332805735025164e-04 1.26656615964868349e-06
 2.35625000000000000e+02 2.36250000000000000e+02 2.80223844783587448e-04 1.37027048123922836e-06
 2.36250000000000000e+02 2.36875000000000000e+02 2.80613288657097931e-04 1.18932542412234639e-06
 2.36875000000000000e+02 2.37500000000000000e+02 2.86105836302283432e-04 1.45750379402764845e-06
 2.37500000000000000e+02 2.38125000000000000e+02 2.86869464237693461e-04 1.34124071916734827e-06
 2.38125000000000000e+02 2.38750000000000000e+02 2.91759407946904606e-04 1.51630334262995369e-06
 2.38750000000000000e+02 2.39375000000000000e+02 2.92416011309522695e-04 1.32593117971056599e-06
 2.39375000000000000e+02 2.40000000000000000e+02 2.91397089039334271e-04 1.34059859733500494e-06
 2.40000000000000000e+02 2.40625000000000000e+02 2.95941479174261879e-04 1.27072091227075875e-06
 2.40625000000000000e+02 2.41250000000000000e+02 2.95821736144071413e-04 1.26597662914378137e-06
 2.41250000000000000e+02 2.41875000000000000e+02 3.01545291529849646e-04 1.68759772586588351e-06
 2.41875000000000000e+02 2.42500000000000000e+02 3.02193094661515414e-04 1.31562925038087680e-06
 2.42500000000000000e+02 2.43125000000000000e+02 3.02774664456746364e-04 1.35211067891423794e-06
 2.43125000000000000e+02 2.43750000000000000e+02 3.04754177379821080e-04 1.39159917023304005e-06
 2.43750000000000000e+02 2.44375000000000000e+02 3.05820722521569751e-04 1.29758946540964047e-06
 2.44375000000000000e+02 2.45000000000000000e+02 3.10776262295268046e-04 1.84645106742754292e-06
 2.45000000000000000e+02 2.45625000000000000e+02 3.12828624825892056e-04 1.36661401860231793e-06
 2.45625000000000000e+02 2.46250000000000000e+02 3.12278482125939087e-04 1.43443641223113955e-06
 2.46250000000000000e+02 2.46875000000000000e+02 3.13627461834965098e-04 1.24396784010718385e-06
 2.46875000000000000e+02 2.47500000000000000e+02 3.18756202968678007e-04 1.55092726045415116e-06
 2.47500000000000000e+02 2.48125000000000000e+02 3.19396022739758863e-04 1.33509395618116661e-06
 2.48125000000000000e+02 2.48750000000000000e+02 3.22954372045451113e-04 1.49704411369890643e-06
 2.48750000000000000e+02 2.49375000000000000e+02 3.24389517343102074e-04 1.92420681465446348e-06
 2.49375000000000000e+02 2.50000000000000000e+02 3.24715674073243401e-04 1.38908799558581279e-06
 2.50000000000000000e+02 2.50625000000000000e+02 3.28455253224977186e-04 1.26050589242687817e-06
 2.50625000000000000e+02 2.51250000000000000e+02 3.31598704775069311e-04 1.36225247375615027e-06
 2.51250000000000000e+02 2.51875000000000000e+02 3.33703934920520477e-04 1.44288065299992165e-06
 2.51875000000000000e+02 2.52500000000000000e+02 3.37123316664507324e-04 1.53884025817906268e-06
 2.52500000000000000e+02 2.53125000000000000e+02 3.35800399440644003e-04 1.41369781398996141e-06
 2.53125000000000000e+02 2.53750000000000000e+02 3.38601022867357807e-04 1.54825854660589753e-06
 2.53750000000000000e+02 2.54375000000000000e+02 3.39387860413390351e-04 1.37996857047371868e-06
 2.54375000000000000e+02 2.55000000000000000e+02 3.41405591405206737e-04 1.48180971124838766e-06
 2.55000000000000000e+02 2.55625000000000000e+02 3.44953143776788220e-04 1.40490494832479758e-06
 2.55625000000000000e+02 2.56250000000000000e+02 3.50420845122476608e-04 1.51108840508918854e-06
 2.56250000000000000e+02 2.56875000000000000e+02 3.48971183280042839e-04 1.48096316506551968e-06
 2.56875000000000000e+02 2.57500000000000000e+02 3.54315254781029782e-04 1.57577853189858651e-06
 2.57500000000000000e+02 2.58125000000000000e+02 3.55721292292312293e-04 1.58333400446286247e-06
 2.58125000000000000e+02 2.58750000000000000e+02 3.57008855036208741e-04 1.35762489200723389e-06
 2.58750000000000000e+02 2.59375000000000000e+02 3.58404862169643722e-04 1.35837598085316387e-06
 2.59375000000000000e+02 2.60000000000000000e+02 3.61188382365700597e-04 1.46686450913414269e-06
 2.60000000000000000e+02 2.60625000000000000e+02 3.64712130670418822e-04 1.55760508083611864e-06
 2.60625000000000000e+02 2.61250000000000000e+02 3.66398508545400545e-04 1.44380731379435385e-06
 2.61250000000000000e+02 2.61875000000000000e+02 3.69095211341385258e-04 1.49853766634843820e-06
 2.61875000000000000e+02 2.62500000000000000e+02 3.70714337397922604e-04 1.43851120447063084e-06
 2.62500000000000000e+02 2.63125000000000000e+02 3.73615467254378899e-04 1.65232861458580235e-06
 2.63125000000000000e+02 2.63750000000000000e+02 3.76903044873739157e-04 1.55566949336324391e-06
 2.63750000000000000e+02 2.64375000000000000e+02 3.76978252163248596e-04 1.46825777949301916e-06
 2.64375000000000000e+02 2.65000000000000000e+02 3.82558127928157724e-04 1.84895903345093233e-06
 2.65000000000000000e+02 2.65625000000000000e+02 3.82616424213486561e-04 1.40109719487009702e-06
 2.65625000000000000e+02 2.66250000000000000e+02 3.86326964995879524e-04 1.66128657256870245e-06
 2.66250000000000000e+02 2.66875000000000000e+02 3.88235077586991098e-04 1.42516743694481270e-06
 2.66875000000000000e+02 2.67500000000000000e+02 3.94678287361217481e-04 1.48233770904795273e-06
 2.67500000000000000e+02 2.68125000000000000e+02 3.96473209388177367e-04 1.47302778094963606e-06
 2.68125000000000000e+02 2.68750000000000000e+02 3.96975901945451309e-04 1.45642865089978584e-06
 2.68750000000000000e+02 2.69375000000000000e+02 3.98006265617062481e-04 1.48590093643855389e-06
 2.69375000000000000e+02 2.70000000000000000e+02 4.01042158583079665e-04 1.41314099175718203e-06
 2.70000000000000000e+02 2.70625000000000000e+02 4.05100946731844973e-04 1.62368352316693035e-06
 2.70625000000000000e+02 2.71250000000000000e+02 4.08963965302459312e-04 1.61063685363496326e-06
 2.71250000000000000e+02 2.71875000000000000e+02 4.11928889239991962e-04 1.64220571222788098e-06
 2.71875000000000000e+02 2.72500000000000000e+02 4.12509499875391762e-04 1.56739345302211591e-06
 2.72500000000000000e+02 2.73125000000000000e+02 4.18783673584541760e-04 1.54593181291900288e-06
 2.73125000000000000e+02 2.73750000000000000e+02 4.18293397119263337e-04 1.49745993877613714e-06
 2.73750000000000000e+02 2.74375000000000000e+02 4.21054300221122889e-04 1.49498197559806755e-06
 2.74375000000000000e+02 2.75000000000000000e+02 4.22873503054926425e-04 1.51472005009857618e-06
 2.75000000000000000e+02 2.75625000000000000e+02 4.31153161694581698e-04 4.24676433906507253e-06
 2.75625000000000000e+02 2.76250000000000000e+02 4.32517143540991260e-04 1.79767040623393014e-06
 2.76250000000000000e+02 2.76875000000000000e+02 4.33792667121805941e-04 1.61164096665984301e-06
 2.76875000000000000e+02 2.77500000000000000e+02 4.38442000412237181e-04 1.63787642283147702e-06
 2.77500000000000000e+02 2.78125000000000000e+02 4.35208806607218868e-04 1.51763377725346223e-06
 2.78125000000000000e+02 2.78750000000000000e+02 4.44738541883331253e-04 1.76292764947682017e-06
 2.78750000000000000e+02 2.79375000000000000e+02 4.44922532052088632e-04 1.68486131828420923e-06
 2.79375000000000000e+02 2.80000000000000000e+02 4.48143376660401242e-04 1.68340340362971014e-06
 2.80000000000000000e+02 2.80625000000000000e+02 4.50460823280751047e-04 1.66888030788172578e-06
 2.80625000000000000e+02 2.81250000000000000e+02 4.53828901905299663e-04 1.73873512010319561e-06
 2.81250000000000000e+02 2.81875000000000000e+02 4.57460734790191557e-04 1.65839189627141933e-06
 2.81875000000000000e+02 2.82500000000000000e+02 4.60030308283803486e-04 1.62146611715317286e-06
 2.82500000000000000e+02 2.83125000000000000e+02 4.59661261064440183e-04 1.71011002678392570e-06
 2.83125000000000000e+02 2.83750000000000000e+02 4.65353638732366153e-04 1.68685858583940468e-06
 2.83750000000000000e+02 2.84375000000000000e+02 4.71405513914348675e-04 1.63543658517046484e-06
 2.84375000000000000e+02 2.85000000000000000e+02 4.75438770115715621e-04 1.79793488734738007e-06
 2.85000000000000000e+02 2.85625000000000000e+02 4.77119992093366738e-04 2.01242639275361158e-06
 2.85625000000000000e+02 2.86250000000000000e+02 4.80873106595022456e-04 1.71911698374944868e-06
 2.86250000000000000e+02 2.86875000000000000e+02 4.79624240450763305e-04 1.61831137739830846e-06
 2.86875000000000000e+02 2.87500000000000000e+02 4.87588715675498960e-04 1.63249557410224691e-06
 2.87500000000000000e+02 2.88125000000000000e+02 4.90495162483958985e-04 1.67596739824597861e-06
 2.88125000000000000e+02 2.88750000000000000e+02 4.89250512078560212e-04 1.68858205446399653e-06
 2.88750000000000000e+02 2.89375000000000000e+02 4.95498782018717610e-04 1.66974582492076534e-06
 2.89375000000000000e+02 2.90000000000000000e+02 5.00456717034894493e-04 1.73635202501715723e-06
 2.90000000000000000e+02 2.90625000000000000e+02 5.01428758358020529e-04 1.78014346593569964e-06
 2.90625000000000000e+02 2.91250000000000000e+02 5.03090018019878649e-04 1.73509864721232107e-06
 2.91250000000000000e+02 2.91875000000000000e+02 5.08266029076541903e-04 1.87213567240082473e-06
 2.91875000000000000e+02 2.92500000000000000e+02 5.13733270547140188e-04 1.77589357758461844e-06
 2.92500000000000000e+02 2.93125000000000000e+02 5.17014718199589746e-04 1.85709418001472105e-06
 2.93125000000000000e+02 2.93750000000000000e+02 5.20386905843835449e-04 1.75982654063276813e-06
 2.93750000000000000e+02 2.94375000000000000e+02 5.20332603070176457e-04 1.70937144584192255e-06
 2.94375000000000000e+02 2.95000000000000000e+02 5.28240760419641667e-04 1.82093615491549510e-06
 2.95000000000000000e+02 2.95625000000000000e+02 5.32066185040102474e-04 1.76250636515763873e-06
 2.95625000000000000e+02 2.96250000000000000e+02 5.31259965897888328e-04 1.76741568608303988e-06
 2.96250000000000000e+02 2.96875000000000000e+02 5.34020168020978925e-04 1.79038830591801142e-06
 2.96875000000000000e+02 2.97500000000000000e+02 5.40725236278701395e-04 1.70552228689291987e-06
 2.97500000000000000e+02 2.98125000000000000e+02 5.45096126161124205e-04 1.83946668441460906e-06
 2.98125000000000000e+02 2.98750000000000000e+02 5.48557478924343190e-04 1.83979389480974722e-06
 2.98750000000000000e+02 2.99375000000000000e+02 5.52041522299064643e-04 1.78719547729895140e-06
 2.99375000000000000e+02 3.00000000000000000e+02 5.56732706503367306e-04 1.94675868329613488e-06
 3.00000000000000000e+02 3.00625000000000000e+02 5.61577167204916966e-04 1.83248023748615839e-06
 3.00625000000000000e+02 3.01250000000000000e+02 5.64085653083772043e-04 1.83155421781532491e-06
 3.01250000000000000e+02 3.01875000000000000e+02 5.64746132806932095e-04 1.79700269357901440e-06
 3.01875000000000000e+02 3.02500000000000000e+02 5.69322781578881728e-04 3.22468990794153952e-06
 3.02500000000000000e+02 3.03125000000000000e+02 5.69690499152805219e-04 1.73501645411957848e-06
 3.03125000000000000e+02 3.03750000000000000e+02 5.76395015404532847e-04 1.74533371920675531e-06
 3.03750000000000000e+02 3.04375000000000000e+02 5.82145900631442638e-04 2.09457693416033804e-06
 3.04375000000000000e+02 3.05000000000000000e+02 5.85476718713711188e-04 1.92426049532864401e-06
 3.05000000000000000e+02 3.05625000000000000e+02 5.90738475897553835e-04 1.90283974116462135e-06
 3.05625000000000000e+02 3.06250000000000000e+02 5.93698933083000114e-04 2.36017177707074999e-06
 3.06250000000000000e+02 3.06875000000000000e+02 5.96195977727220034e-04 1.81464960741715485e-06
 3.06875000000000000e+02 3.07500000000000000e+02 6.00515826768178692e-04 1.87253843728811175e-06
 3.07500000000000000e+02 3.08125000000000000e+02 6.02380206120674039e-04 1.79105529342105100e-06
 3.08125000000000000e+02 3.08750000000000000e+02 6.04747298499680474e-04 1.71464997689592738e-06
 3.08750000000000000e+02 3.09375000000000000e+02 6.07431507834556707e-04 1.78873687454576435e-06
 3.09375000000000000e+02 3.10000000000000000e+02 6.15851105718893108e-04 1.91335729443889272e-06
 3.10000000000000000e+02 3.10625000000000000e+02 6.20809573831150293e-04 2.07615300978861714e-06
 3.10625000000000000e+02 3.11250000000000000e+02 6.24802568029291612e-04 2.28134732284062557e-06
 3.11250000000000000e+02 3.11875000000000000e+02 6.28338623958061204e-04 1.90862430229022492e-06
 3.11875000000000000e+02 3.12500000000000000e+02 6.28956422950916437e-04 1.81470489884317847e-06
 3.12500000000000000e+02 3.13125000000000000e+02 6.33200074264344236e-04 1.86203773127329909e-06
 3.13125000000000000e+02 3.13750000000000000e+02 6.39735896890688020e-04 2.02288610233902020e-06
 3.13750000000000000e+02 3.14375000000000000e+02 6.44833598379298514e-04 2.00618813000179559e-06
 3.14375000000000000e+02 3.15000000000000000e+02 6.46829650397003748e-04 2.40518377359087342e-06
 3.15000000000000000e+02 3.15625000000000000e+02 6.50320059755718082e-04 1.95390780924408218e-06
 3.15625000000000000e+02 3.16250000000000000e+02 6.54044824683397636e-04 2.04875450943385898e-06
 3.16250000000000000e+02 3.16875000000000000e+02 6.58942262350737632e-04 1.98934075214149365e-06
 3.16875000000000000e+02 3.17500000000000000e+02 6.60052432386949977e-04 1.88925076826960951e-06
 3.17500000000000000e+02 3.18125000000000000e+02 6.66850489892201106e-04 1.94408731039307376e-06
 3.18125000000000000e+02 3.18750000000000000e+02 6.71175073871443885e-04 1.90502650837476379e-06
 3.18750000000000000e+02 3.19375000000000000e+02 6.74850956804719606e-04 3.51117033448643419e-06
 3.19375000000000000e+02 3.20000000000000000e+02 6.80945884683675133e-04 2.37961121634646409e-06
 3.20000000000000000e+02 3.20625000000000000e+02 6.81122729978189375e-04 1.89696103521514765e-06
 3.20625000000000000e+02 3.21250000000000000e+02 6.86095662615435566e-04 1.84953433413079826e-06
 3.21250000000000000e+02 3.21875000000000000e+02 6.92696217410585869e-04 1.96348643239177459e-06
 3.21875000000000000e+02 3.22500000000000000e+02 6.99195268365364764e-04 1.95569862267592387e-06
 3.22500000000000000e+02 3.23125000000000000e+02 7.04436266230029249e-04 2.04324894624889817e-06
 3.23125000000000000e+02 3.23750000000000000e+02 7.04056971756123915e-04 1.84062451175672513e-06
 3.23750000000000000e+02 3.24375000000000000e+02 7.12583987280906474e-04 1.94909191912212618e-06
 3.24375000000000000e+02 3.25000000000000000e+02 7.14460044275627855e-04 1.96466694916669129e-06
 3.25000000000000000e+02 3.25625000000000000e+02 7.17740390006268406e-04 2.01569640539064441e-06
 3.25625000000000000e+02 3.26250000000000000e+02 7.21570985999306445e-04 2.05130157271377216e-06
 3.26250000000000000e+02 3.26875000000000000e+02 7.28515763761368711e-04 2.06262486394021169e-06
 3.26875000000000000e+02 3.27500000000000000e+02 7.29986444545300704e-04 1.84156167366939475e-06
 3.27500000000000000e+02 3.28125000000000000e+02 7.34495949762782358e-04 1.88157354327462690e-06
 3.28125000000000000e+02 3.28750000000000000e+02 7.44574471137068828e-04 2.84427058339155087e-06
 3.28750000000000000e+02 3.29375000000000000e+02 7.45705452456185735e-04 1.95046880008202424e-06
 3.29375000000000000e+02 3.30000000000000000e+02 7.47806722424816206e-04 1.97932802630401459e-06
 3.30000000000000000e+02 3.30625000000000000e+02 7.57439407169651778e-04 2.00547389763761440e-06
 3.30625000000000000e+02 3.31250000000000000e+02 7.56250103840818734e-04 1.96322371069917947e-06
 3.31250000000000000e+02 3.31875000000000000e+02 7.64650118339379710e-04 2.08492516015314646e-06
 3.31875000000000000e+02 3.32500000000000000e+02 7.70414659718218178e-04 2.05353862745225879e-06
 3.32500000000000000e+02 3.33125000000000000e+02 7.76374181978740810e-04 2.08363004219776628e-06
 3.33125000000000000e+02 3.33750000000000000e+02 7.83599118291885785e-04 1.99723292909858196e-06
 3.33750000000000000e+02 3.34375000000000000e+02 7.90073847327344434e-04 3.00259352284535398e-06
 3.34375000000000000e+02 3.35000000000000000e+02 7.89326141531317940e-04 2.00110290136655439e-06
 3.35000000000000000e+02 3.35625000000000000e+02 7.92608099346104569e-04 2.04088543675363859e-06
 3.35625000000000000e+02 3.36250000000000000e+02 8.05964254374420775e-04 2.93186295298046659e-06
 3.36250000000000000e+02 3.36875000000000000e+02 8.06333788091683173e-04 2.02550310290704222e-06
 3.36875000000000000e+02 3.37500000000000000e+02 8.10753266892986330e-04 2.22928327266498256e-06
 3.37500000000000000e+02 3.38125000000000000e+02 8.16652535297943626e-04 2.04212114622688005e-06
 3.38125000000000000e+02 3.38750000000000000e+02 8.21771011800690528e-04 2.01233372115618188e-06
 3.38750000000000000e+02 3.39375000000000000e+02 8.27191137522213793e-04 2.30185967357617010e-06
 3.39375000000000000e+02 3.40000000000000000e+02 8.33462437750671198e-04 2.05945269328386674e-06
 3.40000000000000000e+02 3.40625000000000000e+02 8.38668294552754570e-04 2.18862215847172812e-06
 3.40625000000000000e+02 3.41250000000000000e+02 8.40686588444418187e-04 2.00397498702549294e-06
 3.41250000000000000e+02 3.41875000000000000e+02 8.44278464543909589e-04 2.00399765318107876e-06
 3.41875000000000000e+02 3.42500000000000000e+02 8.52389510430693969e-04 1.94516362218320560e-06
 3.42500000000000000e+02 3.43125000000000000e+02 8.58776730350886545e-04 2.05600506459908442e-06
 3.43125000000000000e+02 3.43750000000000000e+02 8.64416334496557852e-04 2.19420039620145816e-06
 3.43750000000000000e+02 3.44375000000000000e+02 8.70997308884005378e-04 2.01125275639446605e-06
 3.44375000000000000e+02 3.45000000000000000e+02 8.74486920223626414e-04 2.04770404598424769e-06
 3.45000000000000000e+02 3.45625000000000000e+02 8.81350409570071580e-04 2.10283164182260273e-06
 3.45625000000000000e+02 3.46250000000000000e+02 8.88928871121926313e-04 2.12220198072234522e-06
 3.46250000000000000e+02 3.46875000000000000e+02 8.92315372374666662e-04 2.08287429552995975e-06
 3.46875000000000000e+02 3.47500000000000000e+02 9.11621301163276655e-04 8.48304792653934773e-06
 3.47500000000000000e+02 3.48125000000000000e+02 9.03564736309412676e-04 2.14568365042055804e-06
 3.48125000000000000e+02 3.48750000000000000e+02 9.14342416578024959e-04 2.10721212053559910e-06
 3.48750000000000000e+02 3.49375000000000000e+02 9.19056595328929401e-04 2.00267630408229976e-06
 3.49375000000000000e+02 3.50000000000000000e+02 9.22951641488394610e-04 2.02665369953435992e-06
 3.50000000000000000e+02 3.50625000000000000e+02 9.32913877906795929e-04 2.09804057420402491e-06
 3.50625000000000000e+02 3.51250000000000000e+02 9.37542436910918553e-04 2.09341880572063580e-06
 3.51250000000000000e+02 3.51875000000000000e+02 9.42711277169295376e-04 2.13237985731630222e-06
 3.51875000000000000e+02 3.52500000000000000e+02 9.51316846921353696e-04 2.88361765092119119e-06
 3.52500000000000000e+02 3.53125000000000000e+02 9.53931146541125898e-04 2.21243898135316492e-06
 3.53125000000000000e+02 3.53750000000000000e+02 9.62530940024229208e-04 2.17266070688712762e-06
 3.53750000000000000e+02 3.54375000000000000e+02 9.71425679225957424e-04 2.10944240851514487e-06
 3.54375000000000000e+02 3.55000000000000000e+02 9.76736729046897038e-04 2.15456706889365243e-06
 3.55000000000000000e+02 3.55625000000000000e+02 9.80418755911423561e-04 2.08704337805071494e-06
 3.55625000000000000e+02 3.56250000000000000e+02 9.93355115148004432e-04 2.24871215364215060e-06
 3.56250000000000000e+02 3.56875000000000000e+02 9.94893214766631945e-04 2.24187190381423701e-06
 3.56875000000000000e+02 3.57500000000000000e+02 1.00302417027712566e-03 2.23876136318955643e-06
 3.57500000000000000e+02 3.58125000000000000e+02 1.00843725682962055e-03 2.17018565769713305e-06
 3.58125000000000000e+02 3.58750000000000000e+02 1.01933514885930217e-03 2.29444764430498272e-06
 3.58750000000000000e+02 3.59375000000000000e+02 1.02592721391866451e-03 2.58607273818347125e-06
 3.59375000000000000e+02 3.60000000000000000e+02 1.03116755222671243e-03 2.21850911174788746e-06
 3.60000000000000000e+02 3.60625000000000000e+02 1.03838877393291180e-03 2.17956308908607263e-06
 3.60625000000000000e+02 3.61250000000000000e+02 1.04891061103154558e-03 3.24538014092009700e-06
 3.61250000000000000e+02 3.61875000000000000e+02 1.05890964006243754e-03 2.29167502201611590e-06
 3.61875000000000000e+02 3.62500000000000000e+02 1.06240846023926048e-03 2.25496626103938017e-06
 3.62500000000000000e+02 3.63125000000000000e+02 1.06938972972571303e-03 2.19254433520208742e-06
 3.63125000000000000e+02 3.63750000000000000e+02 1.07714717945874656e-03 2.25105307545320547e-06
 3.63750000000000000e+02 3.64375000000000000e+02 1.08304295728090970e-03 2.39048707134888570e-06
 3.64375000000000000e+02 3.65000000000000000e+02 1.09473698295572356e-03 2.34453330515651238e-06
 3.65000000000000000e+02 3.65625000000000000e+02 1.10289189600872787e-03 3.02223888036040410e-06
 3.65625000000000000e+02 3.66250000000000000e+02 1.10695163613439462e-03 2.23873689175373814e-06
 3.66250000000000000e+02 3.66875000000000000e+02 1.11583449897960764e-03 3.48702133651319283e-06
 3.66875000000000000e+02 3.67500000000000000e+02 1.12799673286502282e-03 2.31474509931588596e-06
 3.67500000000000000e+02 3.68125000000000000e+02 1.13219307949547865e-03 2.27331979674894328e-06
 3.68125000000000000e+02 3.68750000000000000e+02 1.14312471919229028e-03 2.38086257222779311e-06
 3.68750000000000000e+02 3.69375000000000000e+02 1.15325898594327938e-03 3.12457756890617370e-06
 3.69375000000000000e+02 3.70000000000000000e+02 1.16171237731431745e-03 2.32885252957222403e-06
 3.70000000000000000e+02 3.70625000000000000e+02 1.16777713237763495e-03 2.50627105175633452e-06
 3.70625000000000000e+02 3.71250000000000000e+02 1.17405999553893848e-03 2.36489455456836541e-06
 3.71250000000000000e+02 3.71875000000000000e+02 1.18303283628248433e-03 2.36997778406760260e-06
 3.71875000000000000e+02 3.72500000000000000e+02 1.19022884868621179e-03 2.50649069444633805e-06
 3.72500000000000000e+02 3.73125000000000000e+02 1.19958990514751015e-03 2.36567457205467486e-06
 3.73125000000000000e+02 3.73750000000000000e+02 1.20944717870991036e-03 2.33833246742816653e-06
 3.73750000000000000e+02 3.74375000000000000e+02 1.21672115422888881e-03 2.34037161976833695e-06
 3.74375000000000000e+02 3.75000000000000000e+02 1.23152285005305516e-03 2.41507927412229330e-06
 3.75000000000000000e+02 3.75625000000000000e+02 1.23340492572713320e-03 2.43868147797757606e-06
 3.75625000000000000e+02 3.76250000000000000e+02 1.25127930053417578e-03 2.32146487050408071e-06
 3.76250000000000000e+02 3.76875000000000000e+02 1.25799436658170479e-03 2.48639971613021295e-06
 3.76875000000000000e+02 3.77500000000000000e+02 1.26591878631381700e-03 2.47346376625659145e-06
 3.77500000000000000e+02 3.78125000000000000e+02 1.27519277008480286e-03 2.50126154244093880e-06
 3.78125000000000000e+02 3.78750000000000000e+02 1.28377973866874127e-03 2.44924191063457038e-06
 3.78750000000000000e+02 3.79375000000000000e+02 1.30166098460295565e-03 2.92111964394546079e-06
 3.79375000000000000e+02 3.80000000000000000e+02 1.30791798041175722e-03 3.17304465735566071e-06
 3.80000000000000000e+02 3.80625000000000000e+02 1.32047629427859618e-03 2.40087266181010358e-06
 3.80625000000000000e+02 3.81250000000000000e+02 1.32853340423412839e-03 2.45016190251000270e-06
 3.81250000000000000e+02 3.81875000000000000e+02 1.33889698000158011e-03 2.52197024212282613e-06
 3.81875000000000000e+02 3.82500000000000000e+02 1.34758717112610669e-03 2.39019696087629157e-06
 3.82500000000000000e+02 3.83125000000000000e+02 1.35961688357127812e-03 3.55808109722796601e-06
 3.83125000000000000e+02 3.83750000000000000e+02 1.37081390265619265e-03 2.50647073494369252e-06
 3.83750000000000000e+02 3.84375000000000000e+02 1.38011475629202661e-03 2.46157017684545375e-06
 3.84375000000000000e+02 3.85000000000000000e+02 1.39757484499253596e-03 2.86392719094451751e-06
 3.85000000000000000e+02 3.85625000000000000e+02 1.40303834419974001e-03 2.50780775341136114e-06
 3.85625000000000000e+02 3.86250000000000000e+02 1.42059185373504871e-03 2.59245555882135821e-06
 3.86250000000000000e+02 3.86875000000000000e+02 1.42622898383914002e-03 2.77212353311731388e-06
 3.86875000000000000e+02 3.87500000000000000e+02 1.44119262661508750e-03 2.88615809990872251e-06
 3.87500000000000000e+02 3.88125000000000000e+02 1.45405846389005293e-03 2.60753636133245291e-06
 3.88125000000000000e+02 3.88750000000000000e+02 1.46380865385021468e-03 2.61662819833015743e-06
 3.88750000000000000e+02 3.89375000000000000e+02 1.47496055418697581e-03 2.66521493701532430e-06
 3.89375000000000000e+02 3.90000000000000000e+02 1.49271695054965792e-03 3.88155365803801871e-06
 3.90000000000000000e+02 3.90625000000000000e+02 1.49906000113384018e-03 2.69516842234178336e-06
 3.90625000000000000e+02 3.91250000000000000e+02 1.51119637911259768e-03 2.67885267349366228e-06
 3.91250000000000000e+02 3.91875000000000000e+02 1.52889532701671140e-03 2.57418388184141260e-06
 3.91875000000000000e+02 3.92500000000000000e+02 1.53802438013333326e-03 2.73634368352124599e-06
 3.92500000000000000e+02 3.93125000000000000e+02 1.55354086301879289e-03 2.98068115297395652e-06
 3.93125000000000000e+02 3.93750000000000000e+02 1.56867360244745653e-03 3.24576811008548644e-06
 3.93750000000000000e+02 3.94375000000000000e+02 1.57748199498149600e-03 2.98123422556378375e-06
 3.94375000000000000e+02 3.95000000000000000e+02 1.59123755212651108e-03 2.94797426076756706e-06
 3.95000000000000000e+02 3.95625000000000000e+02 1.60403831975432275e-03 4.01459992312972850e-06
 3.95625000000000000e+02 3.96250000000000000e+02 1.60759427086722161e-03 4.45595327179033742e-06
 3.96250000000000000e+02 3.96875000000000000e+02 1.59142879079880836e-03 2.69448641300188628e-06
 3.96875000000000000e+02 3.97500000000000000e+02 1.58823950110647530e-03 3.85789844014146234e-06
 3.97500000000000000e+02 3.98125000000000000e+02 1.58396398796720249e-03 4.02117171462498858e-06
 3.98125000000000000e+02 3.98750000000000000e+02 1.57095783630488298e-03 4.67009984536976858e-06
 3.98750000000000000e+02 3.99375000000000000e+02 1.56609216700353865e-03 4.61974506485768438e-06
 3.99375000000000000e+02 4.00000000000000000e+02 1.56232466257346216e-03 4.68555027706774614e-06
 4.00000000000000000e+02 4.00625000000000000e+02 1.55477338110545488e-03 5.56046391561573708e-06
 4.00625000000000000e+02 4.01250000000000000e+02 1.53737465482617548e-03 3.50263499295035701e-06
 4.01250000000000000e+02 4.01875000000000000e+02 1.53329337201950681e-03 3.67299307785117876e-06
 4.01875000000000000e+02 4.02500000000000000e+02 1.51868280356887999e-03 3.68014753653812786e-06
 4.02500000000000000e+02 4.03125000000000000e+02 1.52116792000902244e-03 4.53311377695711828e-06
 4.03125000000000000e+02 4.03750000000000000e+02 1.51226898781834274e-03 2.98864612542575432e-06
 4.03750000000000000e+02 4.04375000000000000e+02 1.50643124927637290e-03 3.88101366368905950e-06
 4.04375000000000000e+02 4.05000000000000000e+02 1.49573558304796298e-03 4.46389180234254294e-06
 4.05000000000000000e+02 4.05625000000000000e+02 1.49080191786465184e-03 3.28256400069014634e-06
 4.05625000000000000e+02 4.06250000000000000e+02 1.48972532448956425e-03 4.25219846950496629e-06
 4.06250000000000000e+02 4.06875000000000000e+02 1.47858547208861465e-03 3.00705846756933677e-06
 4.06875000000000000e+02 4.07500000000000000e+02 1.46919940142043858e-03 3.45534490058808313e-06
 4.07500000000000000e+02 4.08125000000000000e+02 1.46287052186827300e-03 2.80250970950405133e-06
 4.08125000000000000e+02 4.08750000000000000e+02 1.46450694396657198e-03 3.53530278324860914e-06
 4.08750000000000000e+02 4.09375000000000000e+02 1.45900874291273711e-03 3.58319448047881644e-06
 4.09375000000000000e+02 4.10000000000000000e+02 1.45747405719638809e-03 3.58266332359152086e-06
 4.10000000000000000e+02 4.10625000000000000e+02 1.44656012673196905e-03 3.20166842423328897e-06
 4.10625000000000000e+02 4.11250000000000000e+02 1.44367906159494292e-03 3.25862700227137531e-06
 4.11250000000000000e+02 4.11875000000000000e+02 1.44042779621045194e-03 3.22863993806251286e-06
 4.11875000000000000e+02 4.12500000000000000e+02 1.43784096385833051e-03 3.28285759552354171e-06
 4.12500000000000000e+02 4.13125000000000000e+02 1.42737354866479937e-03 2.82875241459292761e-06
 4.13125000000000000e+02 4.13750000000000000e+02 1.42901207147214430e-03 3.14642698075139668e-06
 4.13750000000000000e+02 4.14375000000000000e+02 1.42288592367423132e-03 2.78231530726908984e-06
 4.14375000000000000e+02 4.15000000000000000e+02 1.41913309292626666e-03 2.65988705295346748e-06
 4.15000000000000000e+02 4.15625000000000000e+02 1.41467343837782273e-03 3.09403729331796983e-06
 4.15625000000000000e+02 4.16250000000000000e+02 1.40907322286991116e-03 2.63742837919048254e-06
 4.16250000000000000e+02 4.16875000000000000e+02 1.40827878418434789e-03 2.73985307276951613e-06
 4.16875000000000000e+02 4.17500000000000000e+02 1.41006003897789891e-03 2.66869067644618140e-06
 4.17500000000000000e+02 4.18125000000000000e+02 1.40723514094831981e-03 3.09648566259150618e-06
 4.18125000000000000e+02 4.18750000000000000e+02 1.40303145885943385e-03 3.03551611292829855e-06
 4.18750000000000000e+02 4.19375000000000000e+02 1.39779387479086674e-03 3.19858743401318122e-06
 4.19375000000000000e+02 4.20000000000000000e+02 1.39763171669871869e-03 2.75395557642522623e-06
 4.20000000000000000e+02 4.20625000000000000e+02 1.39495070105615459e-03 3.52442346553374550e-06
 4.20625000000000000e+02 4.21250000000000000e+02 1.39724223338904673e-03 3.11363686064682021e-06
 4.21250000000000000e+02 4.21875000000000000e+02 1.39202393847310895e-03 2.86260053349592810e-06
 4.21875000000000000e+02 4.22500000000000000e+02 1.38559373047629822e-03 3.03417402440877546e-06
 4.22500000000000000e+02 4.23125000000000000e+02 1.38978805996095274e-03 3.02561222195148318e-06
 4.23125000000000000e+02 4.23750000000000000e+02 1.38597304290777237e-03 2.58544044248555212e-06
 4.23750000000000000e+02 4.24375000000000000e+02 1.37611484292030398e-03 2.45215901464871520e-06
 4.24375000000000000e+02 4.25000000000000000e+02 1.37516979135413617e-03 2.40776166468600553e-06
 4.25000000000000000e+02 4.25625000000000000e+02 1.37709878190290418e-03 2.53719339223975076e-06
 4.25625000000000000e+02 4.26250000000000000e+02 1.38259215962972023e-03 3.05720011537525532e-06
 4.26250000000000000e+02 4.26875000000000000e+02 1.38429119886060588e-03 3.23229988963951101e-06
 4.26875000000000000e+02 4.27500000000000000e+02 1.37651119374849595e-03 2.58556008789792186e-06
 4.27500000000000000e+02 4.28125000000000000e+02 1.37727217234357010e-03 3.28784545639129897e-06
 4.28125000000000000e+02 4.28750000000000000e+02 1.38049878708093750e-03 2.68065904171882899e-06
 4.28750000000000000e+02 4.29375000000000000e+02 1.37567566645077090e-03 2.90523876855184807e-06
 4.29375000000000000e+02 4.30000000000000000e+02 1.37506064535450378e-03 2.65928406359437233e-06
 4.30000000000000000e+02 4.30625000000000000e+02 1.37937245929131095e-03 2.79459293290819432e-06
 4.30625000000000000e+02 4.31250000000000000e+02 1.37730209064430647e-03 2.97702279563452322e-06
 4.31250000000000000e+02 4.31875000000000000e+02 1.38149962938006608e-03 3.40180600929456785e-06
 4.31875000000000000e+02 4.32500000000000000e+02 1.37790051569442883e-03 2.64299350424957708e-06
 4.32500000000000000e+02 4.33125000000000000e+02 1.37793124292436724e-03 3.00175554288048787e-06
 4.33125000000000000e+02 4.33750000000000000e+02 1.38065019869941866e-03 2.61587913632603774e-06
 4.33750000000000000e+02 4.34375000000000000e+02 1.37951404952743172e-03 2.80821163250392607e-06
 4.34375000000000000e+02 4.35000000000000000e+02 1.37886169469075641e-03 2.83010968722729103e-06
 4.35000000000000000e+02 4.35625000000000000e+02 1.38421309098389319e-03 2.74147987553494946e-06
 4.35625000000000000e+02 4.36250000000000000e+02 1.38699845181719777e-03 3.11874334610561802e-06
 4.36250000000000000e+02 4.36875000000000000e+02 1.38440640698804691e-03 2.68581174351113029e-06
 4.36875000000000000e+02 4.37500000000000000e+02 1.38661797443504430e-03 2.87546902208491792e-06
 4.37500000000000000e+02 4.38125000000000000e+02 1.38678512833683223e-03 2.95779751634150734e-06
 4.38125000000000000e+02 4.38750000000000000e+02 1.39448702645974219e-03 2.75444724939193615e-06
 4.38750000000000000e+02 4.39375000000000000e+02 1.38865258307489759e-03 2.85213252315906358e-06
 4.39375000000000000e+02 4.40000000000000000e+02 1.39456390868076207e-03 2.83376691925942273e-06
 4.40000000000000000e+02 4.40625000000000000e+02 1.39399518741110452e-03 2.64577461498579745e-06
 4.40625000000000000e+02 4.41250000000000000e+02 1.39789891688031046e-03 2.87593783845689773e-06
 4.41250000000000000e+02 4.41875000000000000e+02 1.40229533046663064e-03 2.68911561348599024e-06
 4.41875000000000000e+02 4.42500000000000000e+02 1.40993071608695795e-03 2.67858770777702403e-06
 4.42500000000000000e+02 4.43125000000000000e+02 1.41334937252459315e-03 2.70226343396210509e-06
 4.43125000000000000e+02 4.43750000000000000e+02 1.41279912251960444e-03 2.95526910993794834e-06
 4.43750000000000000e+02 4.44375000000000000e+02 1.41319278792772758e-03 2.73376715134202972e-06
 4.44375000000000000e+02 4.45000000000000000e+02 1.41926367178788989e-03 3.42678395537154495e-06
 4.45000000000000000e+02 4.45625000000000000e+02 1.42137093189889391e-03 3.19633381610035483e-06
 4.45625000000000000e+02 4.46250000000000000e+02 1.43321709858446641e-03 2.91612633452228088e-06
 4.46250000000000000e+02 4.46875000000000000e+02 1.42812985007710613e-03 2.86396311408225478e-06
 4.46875000000000000e+02 4.47500000000000000e+02 1.42902050791955389e-03 2.90790789665382387e-06
 4.47500000000000000e+02 4.48125000000000000e+02 1.43694040764696116e-03 2.91543150013404380e-06
 4.48125000000000000e+02 4.48750000000000000e+02 1.43452832454448354e-03 2.81266542116398686e-06
 4.48750000000000000e+02 4.49375000000000000e+02 1.44670295985360351e-03 3.21564100860919061e-06
 4.49375000000000000e+02 4.50000000000000000e+02 1.45914402725694291e-03 6.01450700916356215e-06
 4.50000000000000000e+02 4.50625000000000000e+02 1.45529538008096963e-03 2.79583373633754513e-06
 4.50625000000000000e+02 4.51250000000000000e+02 1.46198736719065081e-03 3.06631294046435162e-06
 4.51250000000000000e+02 4.51875000000000000e+02 1.46777733484515656e-03 3.45496364179696662e-06
 4.51875000000000000e+02 4.52500000000000000e+02 1.46808325202393776e-03 3.22218890876190385e-06
 4.52500000000000000e+02 4.53125000000000000e+02 1.47796811580902282e-03 2.87480759061214160e-06
 4.53125000000000000e+02 4.53750000000000000e+02 1.48656480087255263e-03 3.28281081040730657e-06
 4.53750000000000000e+02 4.54375000000000000e+02 1.48989806775094019e-03 3.60872477060960466e-06
 4.54375000000000000e+02 4.55000000000000000e+02 1.49299049856180537e-03 3.00259160891029265e-06
 4.55000000000000000e+02 4.55625000000000000e+02 1.50211864876136536e-03 3.72975301626785436e-06
 4.55625000000000000e+02 4.56250000000000000e+02 1.50882236182603652e-03 3.24994708828409075e-06
 4.56250000000000000e+02 4.56875000000000000e+02 1.52200008803301504e-03 3.44796611485306294e-06
 4.56875000000000000e+02 4.57500000000000000e+02 1.51723952378889884e-03 3.06497521647413873e-06
 4.57500000000000000e+02 4.58125000000000000e+02 1.52496983333830737e-03 3.62629967957769226e-06
 4.58125000000000000e+02 4.58750000000000000e+02 1.53047955656100470e-03 3.56934876863457946e-06
 4.58750000000000000e+02 4.59375000000000000e+02 1.53902950801138982e-03 3.12683980457005300e-06
 4.59375000000000000e+02 4.60000000000000000e+02 1.54667298656897606e-03 3.29212152467242001e-06
 4.60000000000000000e+02 4.60625000000000000e+02 1.55725291479325706e-03 3.59823966897707625e-06
 4.60625000000000000e+02 4.61250000000000000e+02 1.56054469389714317e-03 3.56404595506777792e-06
 4.61250000000000000e+02 4.61875000000000000e+02 1.56922877156667729e-03 3.20221289640957410e-06
 4.61875000000000000e+02 4.62500000000000000e+02 1.57382802341234302e-03 3.70332628601902058e-06
 4.62500000000000000e+02 4.63125000000000000e+02 1.58659871967671367e-03 3.63095282884120328e-06
 4.63125000000000000e+02 4.63750000000000000e+02 1.59186099402787657e-03 3.84524297017904314e-06
 4.63750000000000000e+02 4.64375000000000000e+02 1.59895124498961577e-03 3.67943486896333538e-06
 4.64375000000000000e+02 4.65000000000000000e+02 1.60870591872594253e-03 3.44582842958368596e-06
 4.65000000000000000e+02 4.65625000000000000e+02 1.60779117090146541e-03 3.43630822262780388e-06
 4.65625000000000000e+02 4.66250000000000000e+02 1.63145930320649315e-03 4.33846574889482837e-06
 4.66250000000000000e+02 4.66875000000000000e+02 1.63891740144265813e-03 4.51056842676905010e-06
 4.66875000000000000e+02 4.67500000000000000e+02 1.63807663083848998e-03 3.39943959451553375e-06
 4.67500000000000000e+02 4.68125000000000000e+02 1.65153970827062796e-03 3.94726653149132074e-06
 4.68125000000000000e+02 4.68750000000000000e+02 1.66196380590433613e-03 3.99521803237130586e-06
 4.68750000000000000e+02 4.69375000000000000e+02 1.66209248119612353e-03 3.66522127330155946e-06
 4.69375000000000000e+02 4.70000000000000000e+02 1.67536062732905468e-03 4.29586348610206294e-06
 4.70000000000000000e+02 4.70625000000000000e+02 1.68331841563326462e-03 4.13182324829788839e-06
 4.70625000000000000e+02 4.71250000000000000e+02 1.70022272242529812e-03 4.14204383306374810e-06
 4.71250000000000000e+02 4.71875000000000000e+02 1.70509352536313079e-03 4.11532403877447395e-06
 4.71875000000000000e+02 4.72500000000000000e+02 1.71581123724355296e-03 4.25064271477242475e-06
 4.72500000000000000e+02 4.73125000000000000e+02 1.73362940510595940e-03 4.75488541927857023e-06
 4.73125000000000000e+02 4.73750000000000000e+02 1.73774102099066266e-03 4.20077878393297914e-06
 4.73750000000000000e+02 4.74375000000000000e+02 1.74372017531464131e-03 4.28863734848162152e-06
 4.74375000000000000e+02 4.75000000000000000e+02 1.75877132962186052e-03 5.07036722003359997e-06
 4.75000000000000000e+02 4.75625000000000000e+02 1.75579665847790112e-03 4.76141520073155941e-06
 4.75625000000000000e+02 4.76250000000000000e+02 1.76016297685815536e-03 4.55115234682121059e-06
 4.76250000000000000e+02 4.76875000000000000e+02 1.76068691511111495e-03 4.38013979599078147e-06
 4.76875000000000000e+02 4.77500000000000000e+02 1.77006951214761054e-03 4.87770546077222195e-06
 4.77500000000000000e+02 4.78125000000000000e+02 1.76713644335506912e-03 5.62039747285652622e-06
 4.78125000000000000e+02 4.78750000000000000e+02 1.76354904267548478e-03 5.17438812777202541e-06
 4.78750000000000000e+02 4.79375000000000000e+02 1.75368830954005764e-03 4.26764847651324913e-06
 4.79375000000000000e+02 4.80000000000000000e+02 1.74503289669317553e-03 5.25672509141939192e-06
 4.80000000000000000e+02 4.80625000000000000e+02 1.72598447903235660e-03 5.04829030429963536e-06
 4.80625000000000000e+02 4.81250000000000000e+02 1.69580240200224979e-03 4.16483557700975709e-06
 4.81250000000000000e+02 4.81875000000000000e+02 1.68344128782965479e-03 4.80037127011365148e-06
 4.81875000000000000e+02 4.82500000000000000e+02 1.64745593392524414e-03 6.60448098692291894e-06
 4.82500000000000000e+02 4.83125000000000000e+02 1.58353319626803289e-03 4.58395957762517286e-06
 4.83125000000000000e+02 4.83750000000000000e+02 1.52577239642908238e-03 4.16995392857628357e-06
 4.83750000000000000e+02 4.84375000000000000e+02 1.44955466638771089e-03 4.78928460982029000e-06
 4.84375000000000000e+02 4.85000000000000000e+02 1.34617986461072967e-03 8.68323217187400592e-06
 4.85000000000000000e+02 4.85625000000000000e+02 1.21006846465052391e-03 5.01235964107929932e-06
 4.85625000000000000e+02 4.86250000000000000e+02 1.03205108705866321e-03 6.34471005098335298e-06
 4.86250000000000000e+02 4.86875000000000000e+02 7.89714998212659620e-04 2.91800090936275591e-06
 4.86875000000000000e+02 4.87500000000000000e+02 5.02692161949299895e-04 3.94780941655124140e-06
 4.87500000000000000e+02 4.88125000000000000e+02 1.79836849243323157e-04 1.50842901935896510e-06
 4.88125000000000000e+02 4.88750000000000000e+02 3.12181971892021159e-06 1.51907730244444536e-07
 4.88750000000000000e+02 4.89375000000000000e+02 0.00000000000000000e+00 0.00000000000000000e+00
 4.89375000000000000e+02 4.90000000000000000e+02 0.00000000000000000e+00 0.00000000000000000e+00
 4.90000000000000000e+02 4.90625000000000000e+02 0.00000000000000000e+00 0.00000000000000000e+00
 4.90625000000000000e+02 4.91250000000000000e+02 0.00000000000000000e+00 0.00000000000000000e+00
 4.91250000000000000e+02 4.91875000000000000e+02 0.00000000000000000e+00 0.00000000000000000e+00
 4.91875000000000000e+02 4.92500000000000000e+02 0.00000000000000000e+00 0.00000000000000000e+00
 4.92500000000000000e+02 4.93125000000000000e+02 0.00000000000000000e+00 0.00000000000000000e+00
 4.93125000000000000e+02 4.93750000000000000e+02 0.00000000000000000e+00 0.00000000000000000e+00
 4.93750000000000000e+02 4.94375000000000000e+02 0.00000000000000000e+00 0.00000000000000000e+00
 4.94375000000000000e+02 4.95000000000000000e+02 0.00000000000000000e+00 0.00000000000000000e+00
 4.95000000000000000e+02 4.95625000000000000e+02 0.00000000000000000e+00 0.00000000000000000e+00
 4.95625000000000000e+02 4.96250000000000000e+02 0.00000000000000000e+00 0.00000000000000000e+00
 4.96250000000000000e+02 4.96875000000000000e+02 0.00000000000000000e+00 0.00000000000000000e+00
 4.96875000000000000e+02 4.97500000000000000e+02 0.00000000000000000e+00 0.00000000000000000e+00
 4.97500000000000000e+02 4.98125000000000000e+02 0.00000000000000000e+00 0.00000000000000000e+00
 4.98125000000000000e+02 4.98750000000000000e+02 0.00000000000000000e+00 0.00000000000000000e+00
 4.98750000000000000e+02 4.99375000000000000e+02 0.00000000000000000e+00 0.00000000000000000e+00
 4.99375000000000000e+02 5.00000000000000000e+02 0.00000000000000000e+00 0.00000000000000000e+00
 5.00000000000000000e+02 5.00625000000000000e+02 0.00000000000000000e+00 0.00000000000000000e+00
 5.00625000000000000e+02 5.01250000000000000e+02 0.00000000000000000e+00 0.00000000000000000e+00
 5.01250000000000000e+02 5.01875000000000000e+02 0.00000000000000000e+00 0.00000000000000000e+00
 5.01875000000000000e+02 5.02500000000000000e+02 0.00000000000000000e+00 0.00000000000000000e+00
 5.02500000000000000e+02 5.03125000000000000e+02 0.00000000000000000e+00 0.00000000000000000e+00
 5.03125000000000000e+02 5.03750000000000000e+02 0.00000000000000000e+00 0.00000000000000000e+00
 5.03750000000000000e+02 5.04375000000000000e+02 0.00000000000000000e+00 0.00000000000000000e+00
 5.04375000000000000e+02 5.05000000000000000e+02 0.00000000000000000e+00 0.00000000000000000e+00
 5.05000000000000000e+02 5.05625000000000000e+02 0.00000000000000000e+00 0.00000000000000000e+00
 5.05625000000000000e+02 5.06250000000000000e+02 0.00000000000000000e+00 0.00000000000000000e+00
 5.06250000000000000e+02 5.06875000000000000e+02 0.00000000000000000e+00 0.00000000000000000e+00
 5.06875000000000000e+02 5.07500000000000000e+02 0.00000000000000000e+00 0.00000000000000000e+00
 5.07500000000000000e+02 5.08125000000000000e+02 0.00000000000000000e+00 0.00000000000000000e+00
 5.08125000000000000e+02 5.08750000000000000e+02 0.00000000000000000e+00 0.00000000000000000e+00
 5.08750000000000000e+02 5.09375000000000000e+02 0.00000000000000000e+00 0.00000000000000000e+00
 5.09375000000000000e+02 5.10000000000000000e+02 0.00000000000000000e+00 0.00000000000000000e+00
 5.10000000000000000e+02 5.10625000000000000e+02 0.00000000000000000e+00 0.00000000000000000e+00
 5.10625000000000000e+02 5.11250000000000000e+02 0.00000000000000000e+00 0.00000000000000000e+00
 5.11250000000000000e+02 5.11875000000000000e+02 0.00000000000000000e+00 0.00000000000000000e+00
 5.11875000000000000e+02 5.12500000000000000e+02 0.00000000000000000e+00 0.00000000000000000e+00
 5.12500000000000000e+02 5.13125000000000000e+02 0.00000000000000000e+00 0.00000000000000000e+00
 5.13125000000000000e+02 5.13750000000000000e+02 0.00000000000000000e+00 0.00000000000000000e+00
 5.13750000000000000e+02 5.14375000000000000e+02 0.00000000000000000e+00 0.00000000000000000e+00
 5.14375000000000000e+02 5.15000000000000000e+02 0.00000000000000000e+00 0.00000000000000000e+00

Histogram:lp-
 1.40000000000000000e+02 1.40625000000000000e+02 2.17026548484385879e-07 5.83948202576695170e-08
 1.40625000000000000e+02 1.41250000000000000e+02 5.04057137842897645e-07 8.06085043813052929e-08
 1.41250000000000000e+02 1.41875000000000000e+02 9.51736325941998239e-07 1.37269400681888262e-07
 1.41875000000000000e+02 1.42500000000000000e+02 1.19213451974013183e-06 1.18691288173828644e-07
 1.42500000000000000e+02 1.43125000000000000e+02 1.87322798393615594e-06 2.53722531039587720e-07
 1.43125000000000000e+02 1.43750000000000000e+02 1.76513801989353019e-06 1.46455760778472487e-07
 1.43750000000000000e+02 1.44375000000000000e+02 2.17426944287272006e-06 1.98999401911880009e-07
 1.44375000000000000e+02 1.45000000000000000e+02 2.79632475585069798e-06 2.12441294801236917e-07
 1.45000000000000000e+02 1.45625000000000000e+02 2.75588931250122448e-06 1.92554654593502177e-07
 1.45625000000000000e+02 1.46250000000000000e+02 3.39676838071693705e-06 2.57033700553076775e-07
 1.46250000000000000e+02 1.46875000000000000e+02 4.04508358379502415e-06 2.78126307854705650e-07
 1.46875000000000000e+02 1.47500000000000000e+02 4.17597134850758296e-06 2.43134118028608369e-07
 1.47500000000000000e+02 1.48125000000000000e+02 4.50506701764163716e-06 2.60938192804173886e-07
 1.48125000000000000e+02 1.48750000000000000e+02 5.30713587893795801e-06 2.94807620741193030e-07
 1.48750000000000000e+02 1.49375000000000000e+02 5.02420342517608390e-06 2.96470737261129544e-07
 1.49375000000000000e+02 1.50000000000000000e+02 5.51990916692356140e-06 2.67235462377035334e-07
 1.50000000000000000e+02 1.50625000000000000e+02 6.76723382988675284e-06 3.91498473727899985e-07
 1.50625000000000000e+02 1.51250000000000000e+02 7.09042017726245627e-06 3.85695313979220020e-07
 1.51250000000000000e+02 1.51875000000000000e+02 7.73308195074353619e-06 4.07381452011020652e-07
 1.51875000000000000e+02 1.52500000000000000e+02 7.85123086634902273e-06 4.61665733180372235e-07
 1.52500000000000000e+02 1.53125000000000000e+02 7.89062046682839040e-06 4.17902006893353077e-07
 1.53125000000000000e+02 1.53750000000000000e+02 8.22762642177303936e-06 4.15640822468702451e-07
 1.53750000000000000e+02 1.54375000000000000e+02 8.53762652379947795e-06 3.55070162526251903e-07
 1.54375000000000000e+02 1.55000000000000000e+02 8.82062624580724114e-06 3.48309149007432036e-07
 1.55000000000000000e+02 1.55625000000000000e+02 9.65642695362588306e-06 5.15643256308219284e-07
 1.55625000000000000e+02 1.56250000000000000e+02 1.06355104392866083e-05 5.78014206198382829e-07
 1.56250000000000000e+02 1.56875000000000000e+02 1.02940244206430184e-05 3.86663941786909382e-07
 1.56875000000000000e+02 1.57500000000000000e+02 1.06559234498876166e-05 4.07308469786289055e-07
 1.57500000000000000e+02 1.58125000000000000e+02 1.09619915843635883e-05 3.81329253217166043e-07
 1.58125000000000000e+02 1.58750000000000000e+02 1.15752257369148497e-05 4.23697979635288571e-07
 1.58750000000000000e+02 1.59375000000000000e+02 1.32454670131335002e-05 5.97664690846039522e-07
 1.59375000000000000e+02 1.60000000000000000e+02 1.33545787978534815e-05 5.78005540829601108e-07
 1.60000000000000000e+02 1.60625000000000000e+02 2.58479059114177518e-05 8.09008313363698886e-07
 1.60625000000000000e+02 1.61250000000000000e+02 3.43090047405990195e-05 7.59095068632881171e-07
 1.61250000000000000e+02 1.61875000000000000e+02 4.08311493154183425e-05 7.86325500889507582e-07
 1.61875000000000000e+02 1.62500000000000000e+02 4.55384318121530342e-05 9.98853824515088652e-07
 1.62500000000000000e+02 1.63125000000000000e+02 5.16561511357695232e-05 9.91317677984248476e-07
 1.63125000000000000e+02 1.63750000000000000e+02 5.78262238033766743e-05 2.51780899077653869e-06
 1.63750000000000000e+02 1.64375000000000000e+02 6.05752134017886127e-05 1.01242814749928015e-06
 1.64375000000000000e+02 1.65000000000000000e+02 6.47420233735884629e-05 1.16095386479014697e-06
 1.65000000000000000e+02 1.65625000000000000e+02 6.64830399720443989e-05 1.03520261643797280e-06
 1.65625000000000000e+02 1.66250000000000000e+02 7.04393642168473497e-05 1.05556488531896200e-06
 1.66250000000000000e+02 1.66875000000000000e+02 7.53193358153130861e-05 1.28966046296369104e-06
 1.66875000000000000e+02 1.67500000000000000e+02 8.07108846109718948e-05 1.62949659427997102e-06
 1.67500000000000000e+02 1.68125000000000000e+02 8.13076532713641001e-05 1.12313875877884031e-06
 1.68125000000000000e+02 1.68750000000000000e+02 8.39324677736663275e-05 1.32616514641998995e-06
 1.68750000000000000e+02 1.69375000000000000e+02 8.92487159321708436e-05 1.20738611224997858e-06
 1.69375000000000000e+02 1.70000000000000000e+02 9.05304893620925986e-05 1.31835951258530806e-06
 1.70000000000000000e+02 1.70625000000000000e+02 9.40365465215919444e-05 1.26278177823448093e-06
 1.70625000000000000e+02 1.71250000000000000e+02 9.76337318390817048e-05 1.26876076369592979e-06
 1.71250000000000000e+02 1.71875000000000000e+02 1.00180661647646997e-04 1.26757672883481536e-06
 1.71875000000000000e+02 1.72500000000000000e+02 1.06292658193998563e-04 1.36004076761248071e-06
 1.72500000000000000e+02 1.73125000000000000e+02 1.04389380516960693e-04 1.26009830337812175e-06
 1.73125000000000000e+02 1.73750000000000000e+02 1.09094786948045217e-04 1.27224433382260416e-06
 1.73750000000000000e+02 1.74375000000000000e+02 1.12083927559486390e-04 1.34098627158588000e-06
 1.74375000000000000e+02 1.75000000000000000e+02 1.16650162303433432e-04 1.27577135302698444e-06
 1.75000000000000000e+02 1.75625000000000000e+02 1.18849727768646765e-04 1.43307708585999857e-06
 1.75625000000000000e+02 1.76250000000000000e+02 1.22301785798873921e-04 1.44939647915414590e-06
 1.76250000000000000e+02 1.76875000000000000e+02 1.23495831209081242e-04 1.35219028477884940e-06
 1.76875000000000000e+02 1.77500000000000000e+02 1.27609615914842393e-04 1.39546908621544676e-06
 1.77500000000000000e+02 1.78125000000000000e+02 1.31877218260813256e-04 1.65046147227003084e-06
 1.78125000000000000e+02 1.78750000000000000e+02 1.31714732905439767e-04 1.43859052332115943e-06
 1.78750000000000000e+02 1.79375000000000000e+02 1.34023774305012239e-04 1.37765216685495406e-06
 1.79375000000000000e+02 1.80000000000000000e+02 1.37678218076903045e-04 1.43269834578175158e-06
 1.80000000000000000e+02 1.80625000000000000e+02 1.39923912563776087e-04 1.48828906317253070e-06
 1.80625000000000000e+02 1.81250000000000000e+02 1.43228251358023308e-04 1.42853028450544840e-06
 1.81250000000000000e+02 1.81875000000000000e+02 1.47633284398117429e-04 1.58105401725193423e-06
 1.81875000000000000e+02 1.82500000000000000e+02 1.48220984551296624e-04 1.61272926368213997e-06
 1.82500000000000000e+02 1.83125000000000000e+02 1.52676740123575491e-04 1.54583704493442473e-06
 1.83125000000000000e+02 1.83750000000000000e+02 1.60015464312603345e-04 2.35783406663305402e-06
 1.83750000000000000e+02 1.84375000000000000e+02 1.56276158201902024e-04 1.64389229909246102e-06
 1.84375000000000000e+02 1.85000000000000000e+02 1.60595238972566185e-04 1.63885559834560720e-06
 1.85000000000000000e+02 1.85625000000000000e+02 1.57090884924739825e-04 1.50560521146758970e-06
 1.85625000000000000e+02 1.86250000000000000e+02 1.59589795026446741e-04 1.51629899111356810e-06
 1.86250000000000000e+02 1.86875000000000000e+02 1.61482246450576916e-04 1.67429800042168725e-06
 1.86875000000000000e+02 1.87500000000000000e+02 1.64744949242700130e-04 1.63581530049790110e-06
 1.87500000000000000e+02 1.88125000000000000e+02 1.63910074670514368e-04 1.66797626524589868e-06
 1.88125000000000000e+02 1.88750000000000000e+02 1.64686991767625153e-04 1.55721314528914150e-06
 1.88750000000000000e+02 1.89375000000000000e+02 1.66032668251442394e-04 1.64590546601009506e-06
 1.89375000000000000e+02 1.90000000000000000e+02 1.72061627684936706e-04 2.00541541420021414e-06
 1.90000000000000000e+02 1.90625000000000000e+02 1.68915359550530629e-04 1.83619752825056317e-06
 1.90625000000000000e+02 1.91250000000000000e+02 1.68406740646812747e-04 1.44823336603018495e-06
 1.91250000000000000e+02 1.91875000000000000e+02 1.70635286040701686e-04 1.60455698024821058e-06
 1.91875000000000000e+02 1.92500000000000000e+02 1.70868645832534307e-04 1.57964178029859291e-06
 1.92500000000000000e+02 1.93125000000000000e+02 1.73536719845946455e-04 1.67792119234603251e-06
 1.93125000000000000e+02 1.93750000000000000e+02 1.74269835602954297e-04 1.59667616161648066e-06
 1.93750000000000000e+02 1.94375000000000000e+02 1.80674365389623802e-04 2.64163831376526780e-06
 1.94375000000000000e+02 1.95000000000000000e+02 1.76686303780486560e-04 1.62872028638993021e-06
 1.95000000000000000e+02 1.95625000000000000e+02 1.77408822483435464e-04 1.54547458519991702e-06
 1.95625000000000000e+02 1.96250000000000000e+02 1.79591078681988139e-04 1.81354313827790524e-06
 1.96250000000000000e+02 1.96875000000000000e+02 1.83521392342012875e-04 1.66987278238059291e-06
 1.96875000000000000e+02 1.97500000000000000e+02 1.85459955298105690e-04 3.49316999506508005e-06
 1.97500000000000000e+02 1.98125000000000000e+02 1.84872041563395400e-04 1.62142134742536394e-06
 1.98125000000000000e+02 1.98750000000000000e+02 1.85844670344841734e-04 1.57717255268263177e-06
 1.98750000000000000e+02 1.99375000000000000e+02 1.84251405902143462e-04 1.58729953823853575e-06
 1.99375000000000000e+02 2.00000000000000000e+02 1.89554791961675230e-04 1.60665769921489880e-06
 2.00000000000000000e+02 2.00625000000000000e+02 1.89209750739975635e-04 1.68853174161997947e-06
 2.00625000000000000e+02 2.01250000000000000e+02 1.91096741316087266e-04 1.57460442105548381e-06
 2.01250000000000000e+02 2.01875000000000000e+02 1.94428257650288192e-04 1.76266849451769630e-06
 2.01875000000000000e+02 2.02500000000000000e+02 1.94380132553703737e-04 1.61660043728840954e-06
 2.02500000000000000e+02 2.03125000000000000e+02 1.96563318275038074e-04 1.73615932880108104e-06
 2.03125000000000000e+02 2.03750000000000000e+02 1.98432168265541569e-04 1.74621706676551828e-06
 2.03750000000000000e+02 2.04375000000000000e+02 1.97911906925409334e-04 1.70827912835399043e-06
 2.04375000000000000e+02 2.05000000000000000e+02 1.99987338453594220e-04 1.65867773297998494e-06
 2.05000000000000000e+02 2.05625000000000000e+02 2.02161666944155872e-04 2.11730312296083535e-06
 2.05625000000000000e+02 2.06250000000000000e+02 1.98555404706717573e-04 1.63666381732224338e-06
 2.06250000000000000e+02 2.06875000000000000e+02 2.03142317767583393e-04 1.62878236880982614e-06
 2.06875000000000000e+02 2.07500000000000000e+02 2.07116273663736068e-04 1.67093029695115591e-06
 2.07500000000000000e+02 2.08125000000000000e+02 2.09455767590479398e-04 1.73179587337626542e-06
 2.08125000000000000e+02 2.08750000000000000e+02 2.09564383997979168e-04 1.66140124077609387e-06
 2.08750000000000000e+02 2.09375000000000000e+02 2.10266583170355941e-04 1.58992544118553863e-06
 2.09375000000000000e+02 2.10000000000000000e+02 2.11799341231277565e-04 1.88216047243088876e-06
 2.10000000000000000e+02 2.10625000000000000e+02 2.13698843319666391e-04 1.65635829468808726e-06
 2.10625000000000000e+02 2.11250000000000000e+02 2.10009228881133191e-04 1.59287015331685604e-06
 2.11250000000000000e+02 2.11875000000000000e+02 2.17794402734146076e-04 1.68557617157130685e-06
 2.11875000000000000e+02 2.12500000000000000e+02 2.18413070519151917e-04 1.71303465684173887e-06
 2.12500000000000000e+02 2.13125000000000000e+02 2.21379764981870149e-04 1.68890062493166464e-06
 2.13125000000000000e+02 2.13750000000000000e+02 2.21656602842353951e-04 1.94698014411543124e-06
 2.13750000000000000e+02 2.14375000000000000e+02 2.23653155684441069e-04 2.01361053478125827e-06
 2.14375000000000000e+02 2.15000000000000000e+02 2.23240139061474938e-04 1.82341062960289444e-06
 2.15000000000000000e+02 2.15625000000000000e+02 2.26980873591113347e-04 1.71626443087949921e-06
 2.15625000000000000e+02 2.16250000000000000e+02 2.24754378388420528e-04 1.75555588568541264e-06
 2.16250000000000000e+02 2.16875000000000000e+02 2.27644400749742491e-04 1.66891900198587628e-06
 2.16875000000000000e+02 2.17500000000000000e+02 2.27111493038457257e-04 1.82305291383641532e-06
 2.17500000000000000e+02 2.18125000000000000e+02 2.31082840544600225e-04 1.71311510309906834e-06
 2.18125000000000000e+02 2.18750000000000000e+02 2.33975803593596947e-04 1.75385510209240010e-06
 2.18750000000000000e+02 2.19375000000000000e+02 2.31860516840480210e-04 1.59532750320319741e-06
 2.19375000000000000e+02 2.20000000000000000e+02 2.36303605141143918e-04 1.72834241658867472e-06
 2.20000000000000000e+02 2.20625000000000000e+02 2.37126653825500569e-04 1.68294684839142337e-06
 2.20625000000000000e+02 2.21250000000000000e+02 2.39798719900999595e-04 1.69190470951567502e-06
 2.21250000000000000e+02 2.21875000000000000e+02 2.40800865835146254e-04 1.78567507768508556e-06
 2.21875000000000000e+02 2.22500000000000000e+02 2.39059089157876031e-04 1.62880458694748882e-06
 2.22500000000000000e+02 2.23125000000000000e+02 2.45050902585977333e-04 1.71414439827980054e-06
 2.23125000000000000e+02 2.23750000000000000e+02 2.47284157565673033e-04 1.85177819526753853e-06
 2.23750000000000000e+02 2.24375000000000000e+02 2.45015772146541433e-04 1.59954670202708737e-06
 2.24375000000000000e+02 2.25000000000000000e+02 2.48899005041659381e-04 2.05761732129110452e-06
 2.25000000000000000e+02 2.25625000000000000e+02 2.52395083331683878e-04 1.99046672381131265e-06
 2.25625000000000000e+02 2.26250000000000000e+02 2.51596710440746957e-04 1.80739645023751851e-06
 2.26250000000000000e+02 2.26875000000000000e+02 2.56987655844241028e-04 1.77993539508745008e-06
 2.26875000000000000e+02 2.27500000000000000e+02 2.53472677200178992e-04 1.66742655565687574e-06
 2.27500000000000000e+02 2.28125000000000000e+02 2.57085570126507578e-04 1.76001970337310095e-06
 2.28125000000000000e+02 2.28750000000000000e+02 2.62645271539681680e-04 2.25685686865957923e-06
 2.28750000000000000e+02 2.29375000000000000e+02 2.62268123885709217e-04 1.87137816324868810e-06
 2.29375000000000000e+02 2.30000000000000000e+02 2.61115317372211488e-04 1.75853603452354326e-06
 2.30000000000000000e+02 2.30625000000000000e+02 2.64139959884024140e-04 1.73674972123159837e-06
 2.30625000000000000e+02 2.31250000000000000e+02 2.65830389597330086e-04 1.79342100602470586e-06
 2.31250000000000000e+02 2.31875000000000000e+02 2.70138877231058418e-04 1.87536357065228404e-06
 2.31875000000000000e+02 2.32500000000000000e+02 2.67853468736869819e-04 1.71828354799880649e-06
 2.32500000000000000e+02 2.33125000000000000e+02 2.69182398177869771e-04 1.80450584688764825e-06
 2.33125000000000000e+02 2.33750000000000000e+02 2.75598661391250415e-04 1.82221529018739617e-06
 2.33750000000000000e+02 2.34375000000000000e+02 2.77948762738484869e-04 1.91659453922442539e-06
 2.34375000000000000e+02 2.35000000000000000e+02 2.77027002156953546e-04 1.76415466504950099e-06
 2.35000000000000000e+02 2.35625000000000000e+02 2.80491476865780975e-04 1.82852766832601085e-06
 2.35625000000000000e+02 2.36250000000000000e+02 2.81725700512530175e-04 1.81608095026783986e-06
 2.36250000000000000e+02 2.36875000000000000e+02 2.83174887348909598e-04 1.82898795641735888e-06
 2.36875000000000000e+02 2.37500000000000000e+02 2.87545831548314472e-04 2.06382471464416825e-06
 2.37500000000000000e+02 2.38125000000000000e+02 2.90967760161339251e-04 1.89965361711856872e-06
 2.38125000000000000e+02 2.38750000000000000e+02 2.88649630205846418e-04 1.82696553826195867e-06
 2.38750000000000000e+02 2.39375000000000000e+02 2.92236261128169732e-04 1.93073606516046558e-06
 2.39375000000000000e+02 2.40000000000000000e+02 2.92957240512449143e-04 1.92863708338258996e-06
 2.40000000000000000e+02 2.40625000000000000e+02 2.99091011542454140e-04 2.21594182831262667e-06
 2.40625000000000000e+02 2.41250000000000000e+02 2.93716832218795956e-04 1.83380944278437821e-06
 2.41250000000000000e+02 2.41875000000000000e+02 3.08558828366005302e-04 8.41370647813770173e-06
 2.41875000000000000e+02 2.42500000000000000e+02 2.98136448083144217e-04 1.95715587350550079e-06
 2.42500000000000000e+02 2.43125000000000000e+02 3.01721745528459029e-04 1.79729184625105357e-06
 2.43125000000000000e+02 2.43750000000000000e+02 3.05330779991874778e-04 1.85017759891710685e-06
 2.43750000000000000e+02 2.44375000000000000e+02 3.10655010615036641e-04 2.39704537718234274e-06
 2.44375000000000000e+02 2.45000000000000000e+02 3.10395933911652533e-04 1.80954131992173729e-06
 2.45000000000000000e+02 2.45625000000000000e+02 3.12710581491239714e-04 1.95402254937376367e-06
 2.45625000000000000e+02 2.46250000000000000e+02 3.09816865852520029e-04 1.78223180741403768e-06
 2.46250000000000000e+02 2.46875000000000000e+02 3.13165329819913799e-04 1.81996300778698202e-06
 2.46875000000000000e+02 2.47500000000000000e+02 3.18156483523229100e-04 1.94944811132601330e-06
 2.47500000000000000e+02 2.48125000000000000e+02 3.19105860085521225e-04 1.88290544968423255e-06
 2.48125000000000000e+02 2.48750000000000000e+02 3.22906266805118934e-04 1.84708548903410541e-06
 2.48750000000000000e+02 2.49375000000000000e+02 3.19341964380117325e-04 1.96628633115079790e-06
 2.49375000000000000e+02 2.50000000000000000e+02 3.26549968855783504e-04 1.90816675019424846e-06
 2.50000000000000000e+02 2.50625000000000000e+02 3.27256431741267790e-04 1.85612159548114520e-06
 2.50625000000000000e+02 2.51250000000000000e+02 3.31516610032450189e-04 1.86987565460977592e-06
 2.51250000000000000e+02 2.51875000000000000e+02 3.30223754613389990e-04 1.89732442411553879e-06
 2.51875000000000000e+02 2.52500000000000000e+02 3.33660141233155488e-04 1.86023827274210369e-06
 2.52500000000000000e+02 2.53125000000000000e+02 3.38927781243053854e-04 1.94109374763186563e-06
 2.53125000000000000e+02 2.53750000000000000e+02 3.36998772903640748e-04 1.76508431833429502e-06
 2.53750000000000000e+02 2.54375000000000000e+02 3.41221242095233026e-04 1.87055443325172519e-06
 2.54375000000000000e+02 2.55000000000000000e+02 3.46234075218520545e-04 1.95702132151488953e-06
 2.55000000000000000e+02 2.55625000000000000e+02 3.48299534391021553e-04 2.04956095211799471e-06
 2.55625000000000000e+02 2.56250000000000000e+02 3.47129968239138446e-04 1.97293560026652925e-06
 2.56250000000000000e+02 2.56875000000000000e+02 3.49184238079307567e-04 1.81762506538337849e-06
 2.56875000000000000e+02 2.57500000000000000e+02 3.53789398210565187e-04 2.00473543501619988e-06
 2.57500000000000000e+02 2.58125000000000000e+02 3.55782980164897017e-04 1.77940353728344822e-06
 2.58125000000000000e+02 2.58750000000000000e+02 3.56480786692466760e-04 1.87986901495698379e-06
 2.58750000000000000e+02 2.59375000000000000e+02 3.57992600750998220e-04 1.85508672822856799e-06
 2.59375000000000000e+02 2.60000000000000000e+02 3.61718492421566869e-04 2.05527525410134988e-06
 2.60000000000000000e+02 2.60625000000000000e+02 3.65376469830867075e-04 1.96405063194276856e-06
 2.60625000000000000e+02 2.61250000000000000e+02 3.68797324371749268e-04 1.94828519336819126e-06
 2.61250000000000000e+02 2.61875000000000000e+02 3.67574112064294003e-04 1.83425743571385250e-06
 2.61875000000000000e+02 2.62500000000000000e+02 3.72512440833058507e-04 1.97288094959125231e-06
 2.62500000000000000e+02 2.63125000000000000e+02 3.74239330624230690e-04 1.96530787891793304e-06
 2.63125000000000000e+02 2.63750000000000000e+02 3.80711625530471057e-04 2.27960361921356565e-06
 2.63750000000000000e+02 2.64375000000000000e+02 3.79762271776869686e-04 1.87753451809396717e-06
 2.64375000000000000e+02 2.65000000000000000e+02 3.79888210296336110e-04 1.91034798032998131e-06
 2.65000000000000000e+02 2.65625000000000000e+02 3.85823693484216215e-04 1.87984701440306069e-06
 2.65625000000000000e+02 2.66250000000000000e+02 3.87848897981780776e-04 2.24899484896713834e-06
 2.66250000000000000e+02 2.66875000000000000e+02 3.90721716040652188e-04 1.81580432257458761e-06
 2.66875000000000000e+02 2.67500000000000000e+02 3.90693206065379666e-04 1.89409740929220500e-06
 2.67500000000000000e+02 2.68125000000000000e+02 3.94341355669569464e-04 1.90110396585241180e-06
 2.68125000000000000e+02 2.68750000000000000e+02 3.96151211619857890e-04 2.11362736513956946e-06
 2.68750000000000000e+02 2.69375000000000000e+02 4.00001409971936968e-04 2.08571727876446205e-06
 2.69375000000000000e+02 2.70000000000000000e+02 4.02334336892671272e-04 2.13999710610001102e-06
 2.70000000000000000e+02 2.70625000000000000e+02 4.07891532695047864e-04 2.37219573689517207e-06
 2.70625000000000000e+02 2.71250000000000000e+02 4.10914336829733555e-04 2.16296629298758705e-06
 2.71250000000000000e+02 2.71875000000000000e+02 4.10775281212860449e-04 2.00152497468582816e-06
 2.71875000000000000e+02 2.72500000000000000e+02 4.14904778808416097e-04 2.00213666381231600e-06
 2.72500000000000000e+02 2.73125000000000000e+02 4.15024833813149008e-04 1.91892006010126097e-06
 2.73125000000000000e+02 2.73750000000000000e+02 4.18111892153477161e-04 2.26030428253894150e-06
 2.73750000000000000e+02 2.74375000000000000e+02 4.20095104699786759e-04 1.88906647747983452e-06
 2.74375000000000000e+02 2.75000000000000000e+02 4.23684222213258771e-04 2.13021073096298510e-06
 2.75000000000000000e+02 2.75625000000000000e+02 4.24783511121156496e-04 1.97259429718745975e-06
 2.75625000000000000e+02 2.76250000000000000e+02 4.30905524104317978e-04 2.01753193963113577e-06
 2.76250000000000000e+02 2.76875000000000000e+02 4.33004943015359177e-04 2.03682333703855692e-06
 2.76875000000000000e+02 2.77500000000000000e+02 4.35291196382302703e-04 1.98802202258565289e-06
 2.77500000000000000e+02 2.78125000000000000e+02 4.38745007586614755e-04 2.06178070265435962e-06
 2.78125000000000000e+02 2.78750000000000000e+02 4.42079723356973286e-04 2.00286470672811715e-06
 2.78750000000000000e+02 2.79375000000000000e+02 4.44188602811741804e-04 1.97311991049670713e-06
 2.79375000000000000e+02 2.80000000000000000e+02 4.46416887246985886e-04 2.27240926997381779e-06
 2.80000000000000000e+02 2.80625000000000000e+02 4.48454339019290328e-04 2.06429526451888947e-06
 2.80625000000000000e+02 2.81250000000000000e+02 4.56390415436046498e-04 2.00439759568413675e-06
 2.81250000000000000e+02 2.81875000000000000e+02 4.56600846964821667e-04 1.97268503406657076e-06
 2.81875000000000000e+02 2.82500000000000000e+02 4.61343762381461364e-04 2.16617750890912750e-06
 2.82500000000000000e+02 2.83125000000000000e+02 4.64490570493982424e-04 2.02416183365197901e-06
 2.83125000000000000e+02 2.83750000000000000e+02 4.65935867365380857e-04 2.67950780372992552e-06
 2.83750000000000000e+02 2.84375000000000000e+02 4.67503603255493383e-04 2.05817029753802027e-06
 2.84375000000000000e+02 2.85000000000000000e+02 4.74020922699000015e-04 2.01166564706170566e-06
 2.85000000000000000e+02 2.85625000000000000e+02 4.76457625801410755e-04 2.02568186889725588e-06
 2.85625000000000000e+02 2.86250000000000000e+02 4.79093550397813686e-04 1.97489995596230130e-06
 2.86250000000000000e+02 2.86875000000000000e+02 4.80316397027290710e-04 2.01411082283671777e-06
 2.86875000000000000e+02 2.87500000000000000e+02 4.85594792975362294e-04 2.03950736120965001e-06
 2.87500000000000000e+02 2.88125000000000000e+02 4.87724539249771499e-04 2.11692883113543134e-06
 2.88125000000000000e+02 2.88750000000000000e+02 4.94530526540414863e-04 2.08304297554521048e-06
 2.88750000000000000e+02 2.89375000000000000e+02 4.94280662335649912e-04 2.19791082049047276e-06
 2.89375000000000000e+02 2.90000000000000000e+02 5.04366191763629189e-04 2.81829095868960616e-06
 2.90000000000000000e+02 2.90625000000000000e+02 4.99541892232264789e-04 2.04385462271341896e-06
 2.90625000000000000e+02 2.91250000000000000e+02 5.02335467213570696e-04 2.12055319677535841e-06
 2.91250000000000000e+02 2.91875000000000000e+02 5.07693970709613418e-04 2.28464421595766487e-06
 2.91875000000000000e+02 2.92500000000000000e+02 5.10677817378492869e-04 1.96788813053404768e-06
 2.92500000000000000e+02 2.93125000000000000e+02 5.15284371862669423e-04 2.01322071105779847e-06
 2.93125000000000000e+02 2.93750000000000000e+02 5.19679450160660046e-04 2.25615132313793574e-06
 2.93750000000000000e+02 2.94375000000000000e+02 5.23419765873321154e-04 2.09239887275188130e-06
 2.94375000000000000e+02 2.95000000000000000e+02 5.30505658131824338e-04 4.45495704364375927e-06
 2.95000000000000000e+02 2.95625000000000000e+02 5.28520507289305928e-04 2.08042253693366412e-06
 2.95625000000000000e+02 2.96250000000000000e+02 5.36771209717479074e-04 2.31419748270780633e-06
 2.96250000000000000e+02 2.96875000000000000e+02 5.35404838521817477e-04 2.25714343305237063e-06
 2.96875000000000000e+02 2.97500000000000000e+02 5.38396352834856723e-04 2.00236724166448353e-06
 2.97500000000000000e+02 2.98125000000000000e+02 5.44992655234611254e-04 1.99192189547575877e-06
 2.98125000000000000e+02 2.98750000000000000e+02 5.45123806017984132e-04 1.97279322087027294e-06
 2.98750000000000000e+02 2.99375000000000000e+02 5.51146164365775627e-04 2.10235569179280068e-06
 2.99375000000000000e+02 3.00000000000000000e+02 5.54538709392770799e-04 2.21346375049283222e-06
 3.00000000000000000e+02 3.00625000000000000e+02 5.60713310813476203e-04 2.25450910320890909e-06
 3.00625000000000000e+02 3.01250000000000000e+02 5.61050806219866261e-04 1.97574397789505946e-06
 3.01250000000000000e+02 3.01875000000000000e+02 5.62819837727218317e-04 2.14266222950445633e-06
 3.01875000000000000e+02 3.02500000000000000e+02 5.68688341221375185e-04 2.74421209694139810e-06
 3.02500000000000000e+02 3.03125000000000000e+02 5.73107365477211646e-04 3.20671836822575278e-06
 3.03125000000000000e+02 3.03750000000000000e+02 5.76566802406517352e-04 2.07831713955923285e-06
 3.03750000000000000e+02 3.04375000000000000e+02 5.82588543862684366e-04 2.10623084158722064e-06
 3.04375000000000000e+02 3.05000000000000000e+02 5.83862063910919079e-04 2.84833983268609412e-06
 3.05000000000000000e+02 3.05625000000000000e+02 5.88291856340555984e-04 2.15981451697452854e-06
 3.05625000000000000e+02 3.06250000000000000e+02 5.92162381034889648e-04 2.24498378116443200e-06
 3.06250000000000000e+02 3.06875000000000000e+02 5.95175991252773636e-04 2.13394487856031099e-06
 3.06875000000000000e+02 3.07500000000000000e+02 5.98692837540296401e-04 2.10735390394833989e-06
 3.07500000000000000e+02 3.08125000000000000e+02 6.04971020518560963e-04 2.25339163079359895e-06
 3.08125000000000000e+02 3.08750000000000000e+02 6.10263415480229426e-04 2.23725180794206236e-06
 3.08750000000000000e+02 3.09375000000000000e+02 6.07230152931770599e-04 2.08514501312383650e-06
 3.09375000000000000e+02 3.10000000000000000e+02 6.11363048162866566e-04 2.04184330946034246e-06
 3.10000000000000000e+02 3.10625000000000000e+02 6.17680792704746037e-04 2.03692577077024223e-06
 3.10625000000000000e+02 3.11250000000000000e+02 6.24402551446915179e-04 2.23534543880709607e-06
 3.11250000000000000e+02 3.11875000000000000e+02 6.25661343642172456e-04 2.14641176422731760e-06
 3.11875000000000000e+02 3.12500000000000000e+02 6.32299234237609789e-04 2.12997466303836936e-06
 3.12500000000000000e+02 3.13125000000000000e+02 6.34619129360686120e-04 2.08351323813752257e-06
 3.13125000000000000e+02 3.13750000000000000e+02 6.40480420411031095e-04 2.08346175105311309e-06
 3.13750000000000000e+02 3.14375000000000000e+02 6.44511490457397198e-04 2.20639203881291010e-06
 3.14375000000000000e+02 3.15000000000000000e+02 6.51211275055494070e-04 2.61529030826972088e-06
 3.15000000000000000e+02 3.15625000000000000e+02 6.52026200611570427e-04 2.04300751282250531e-06
 3.15625000000000000e+02 3.16250000000000000e+02 6.53685172008956436e-04 2.20102569170806776e-06
 3.16250000000000000e+02 3.16875000000000000e+02 6.57053348010732318e-04 2.68862600153068155e-06
 3.16875000000000000e+02 3.17500000000000000e+02 6.61843457796378780e-04 2.26605206521855596e-06
 3.17500000000000000e+02 3.18125000000000000e+02 6.69709596080924415e-04 2.27199567588167034e-06
 3.18125000000000000e+02 3.18750000000000000e+02 6.69083161375499014e-04 2.09862408888443479e-06
 3.18750000000000000e+02 3.19375000000000000e+02 6.73739158807010749e-04 2.13006169829809580e-06
 3.19375000000000000e+02 3.20000000000000000e+02 6.80333593856028243e-04 2.18056633983402200e-06
 3.20000000000000000e+02 3.20625000000000000e+02 6.81456849361539857e-04 2.27685706437593467e-06
 3.20625000000000000e+02 3.21250000000000000e+02 6.84746682887287699e-04 2.10791116792897420e-06
 3.21250000000000000e+02 3.21875000000000000e+02 6.92313507841433901e-04 2.05153910335872929e-06
 3.21875000000000000e+02 3.22500000000000000e+02 6.94480306532183783e-04 2.07549895243175374e-06
 3.22500000000000000e+02 3.23125000000000000e+02 7.03025385915757276e-04 2.07863216832557120e-06
 3.23125000000000000e+02 3.23750000000000000e+02 7.03808222288311342e-04 2.05175926923631536e-06
 3.23750000000000000e+02 3.24375000000000000e+02 7.08406472937524504e-04 2.27520653013735361e-06
 3.24375000000000000e+02 3.25000000000000000e+02 7.13682411782419024e-04 2.05110675638185652e-06
 3.25000000000000000e+02 3.25625000000000000e+02 7.21785804458144158e-04 2.22021929200428899e-06
 3.25625000000000000e+02 3.26250000000000000e+02 7.23054446427122584e-04 2.17489686095316551e-06
 3.26250000000000000e+02 3.26875000000000000e+02 7.26494706159670615e-04 2.25151992657781414e-06
 3.26875000000000000e+02 3.27500000000000000e+02 7.29245643172758977e-04 2.15168389759186598e-06
 3.27500000000000000e+02 3.28125000000000000e+02 7.36381428206243612e-04 2.25063242584708407e-06
 3.28125000000000000e+02 3.28750000000000000e+02 7.45403756121579362e-04 2.62183024417275454e-06
 3.28750000000000000e+02 3.29375000000000000e+02 7.47656088940062968e-04 2.16574919628680199e-06
 3.29375000000000000e+02 3.30000000000000000e+02 7.54770653705050688e-04 2.64718083760584591e-06
 3.30000000000000000e+02 3.30625000000000000e+02 7.55744728414337020e-04 2.30795372694852595e-06
 3.30625000000000000e+02 3.31250000000000000e+02 7.55956261971958460e-04 2.15742052001307584e-06
 3.31250000000000000e+02 3.31875000000000000e+02 7.65706390748910446e-04 2.14842418368004358e-06
 3.31875000000000000e+02 3.32500000000000000e+02 7.65597656958650697e-04 2.15449355200052705e-06
 3.32500000000000000e+02 3.33125000000000000e+02 7.76098228489147113e-04 2.91452732313052261e-06
 3.33125000000000000e+02 3.33750000000000000e+02 7.83239606559639457e-04 2.19412769068546158e-06
 3.33750000000000000e+02 3.34375000000000000e+02 7.89599440775913802e-04 4.23781080726338514e-06
 3.34375000000000000e+02 3.35000000000000000e+02 7.91978389393300413e-04 4.13283652036643744e-06
 3.35000000000000000e+02 3.35625000000000000e+02 7.93935626449376918e-04 2.24711029606596028e-06
 3.35625000000000000e+02 3.36250000000000000e+02 8.02690454239370077e-04 3.79850884601333467e-06
 3.36250000000000000e+02 3.36875000000000000e+02 8.03637106060487165e-04 2.09416065602747076e-06
 3.36875000000000000e+02 3.37500000000000000e+02 8.09653532516185033e-04 2.24921155092867355e-06
 3.37500000000000000e+02 3.38125000000000000e+02 8.17207408365709653e-04 2.26169121014200970e-06
 3.38125000000000000e+02 3.38750000000000000e+02 8.24622139385966426e-04 2.45842761388264321e-06
 3.38750000000000000e+02 3.39375000000000000e+02 8.26001730945835361e-04 2.15285593318606422e-06
 3.39375000000000000e+02 3.40000000000000000e+02 8.33843249486787910e-04 2.33683422511756327e-06
 3.40000000000000000e+02 3.40625000000000000e+02 8.34047633025571502e-04 2.16671379921474585e-06
 3.40625000000000000e+02 3.41250000000000000e+02 8.46462254833833154e-04 2.52137312397895423e-06
 3.41250000000000000e+02 3.41875000000000000e+02 8.48185755036028272e-04 2.21130981446354400e-06
 3.41875000000000000e+02 3.42500000000000000e+02 8.51786329988558607e-04 2.10587522558785892e-06
 3.42500000000000000e+02 3.43125000000000000e+02 8.57031503154659932e-04 2.28290285627010946e-06
 3.43125000000000000e+02 3.43750000000000000e+02 8.69512486958719569e-04 2.22930471140465032e-06
 3.43750000000000000e+02 3.44375000000000000e+02 8.71335294379439111e-04 2.30857685612111271e-06
 3.44375000000000000e+02 3.45000000000000000e+02 8.76052515549466718e-04 2.35304488695820067e-06
 3.45000000000000000e+02 3.45625000000000000e+02 8.83071037003192098e-04 2.35166665726952454e-06
 3.45625000000000000e+02 3.46250000000000000e+02 8.90128287512632747e-04 2.46086446145658227e-06
 3.46250000000000000e+02 3.46875000000000000e+02 8.95660047260308893e-04 2.28057866794365446e-06
 3.46875000000000000e+02 3.47500000000000000e+02 9.00309278299507749e-04 2.27921248278646362e-06
 3.47500000000000000e+02 3.48125000000000000e+02 9.05076820847127783e-04 2.33111355504860376e-06
 3.48125000000000000e+02 3.48750000000000000e+02 9.10875492878711378e-04 2.61738257564232343e-06
 3.48750000000000000e+02 3.49375000000000000e+02 9.16609983052422647e-04 2.19306923112374145e-06
 3.49375000000000000e+02 3.50000000000000000e+02 9.22902450964985591e-04 2.33667175776614378e-06
 3.50000000000000000e+02 3.50625000000000000e+02 9.32810423489642288e-04 2.20599920588652047e-06
 3.50625000000000000e+02 3.51250000000000000e+02 9.39807981583218864e-04 2.28762839824936885e-06
 3.51250000000000000e+02 3.51875000000000000e+02 9.46215664239936634e-04 2.24962243322285901e-06
 3.51875000000000000e+02 3.52500000000000000e+02 9.61653716202490682e-04 9.10159431173232736e-06
 3.52500000000000000e+02 3.53125000000000000e+02 9.55213525562593124e-04 2.35321481079138745e-06
 3.53125000000000000e+02 3.53750000000000000e+02 9.58732090114564148e-04 2.27746888012281553e-06
 3.53750000000000000e+02 3.54375000000000000e+02 9.68068925597285438e-04 2.17365723039979246e-06
 3.54375000000000000e+02 3.55000000000000000e+02 9.73890063958394829e-04 2.29267080075783619e-06
 3.55000000000000000e+02 3.55625000000000000e+02 9.83029653932102543e-04 2.52189653408811543e-06
 3.55625000000000000e+02 3.56250000000000000e+02 9.84349773744736933e-04 2.20429969141124345e-06
 3.56250000000000000e+02 3.56875000000000000e+02 9.94241153486148145e-04 2.29817692725669389e-06
 3.56875000000000000e+02 3.57500000000000000e+02 1.00421405776890773e-03 2.52680946343760921e-06
 3.57500000000000000e+02 3.58125000000000000e+02 1.01376367424762734e-03 2.39233460411532915e-06
 3.58125000000000000e+02 3.58750000000000000e+02 1.01669516403756432e-03 2.75304339171948006e-06
 3.58750000000000000e+02 3.59375000000000000e+02 1.02761456988969082e-03 2.54047126764734887e-06
 3.59375000000000000e+02 3.60000000000000000e+02 1.02938602646137820e-03 2.34141386167175592e-06
 3.60000000000000000e+02 3.60625000000000000e+02 1.04130672717292374e-03 2.33718955240729076e-06
 3.60625000000000000e+02 3.61250000000000000e+02 1.04586276264687431e-03 2.40082392840261121e-06
 3.61250000000000000e+02 3.61875000000000000e+02 1.05452391372730966e-03 2.32985896761429396e-06
 3.61875000000000000e+02 3.62500000000000000e+02 1.06469515007093186e-03 2.55729544207047128e-06
 3.62500000000000000e+02 3.63125000000000000e+02 1.06833567761861368e-03 2.45026879738763771e-06
 3.63125000000000000e+02 3.63750000000000000e+02 1.08104350394584475e-03 2.51273268876025536e-06
 3.63750000000000000e+02 3.64375000000000000e+02 1.08068682112730827e-03 2.39134363826343316e-06
 3.64375000000000000e+02 3.65000000000000000e+02 1.09230782683586024e-03 2.40103035786826878e-06
 3.65000000000000000e+02 3.65625000000000000e+02 1.09799666831018406e-03 2.46041949716166988e-06
 3.65625000000000000e+02 3.66250000000000000e+02 1.10755830992372495e-03 2.31531290947691578e-06
 3.66250000000000000e+02 3.66875000000000000e+02 1.11414554817174929e-03 2.45402782460385726e-06
 3.66875000000000000e+02 3.67500000000000000e+02 1.12745950777027324e-03 2.46281756334548338e-06
 3.67500000000000000e+02 3.68125000000000000e+02 1.13367388929974601e-03 2.39073157672851358e-06
 3.68125000000000000e+02 3.68750000000000000e+02 1.14375350067681182e-03 2.39647295961481008e-06
 3.68750000000000000e+02 3.69375000000000000e+02 1.14731573513801588e-03 2.42963223055861931e-06
 3.69375000000000000e+02 3.70000000000000000e+02 1.15553316774033230e-03 2.33302375752544634e-06
 3.70000000000000000e+02 3.70625000000000000e+02 1.16793940883178180e-03 2.44658945176420706e-06
 3.70625000000000000e+02 3.71250000000000000e+02 1.17476537543552786e-03 2.50842736861142624e-06
 3.71250000000000000e+02 3.71875000000000000e+02 1.18437869926123576e-03 2.60259091833024010e-06
 3.71875000000000000e+02 3.72500000000000000e+02 1.19052504880809104e-03 2.45442919287687622e-06
 3.72500000000000000e+02 3.73125000000000000e+02 1.19993358967373739e-03 2.40311285859250227e-06
 3.73125000000000000e+02 3.73750000000000000e+02 1.21510128468556885e-03 2.91783739937556601e-06
 3.73750000000000000e+02 3.74375000000000000e+02 1.22044299751389025e-03 2.61506561645703098e-06
 3.74375000000000000e+02 3.75000000000000000e+02 1.22999781434353166e-03 2.45616633870256169e-06
 3.75000000000000000e+02 3.75625000000000000e+02 1.23839117835163569e-03 2.67542844408897794e-06
 3.75625000000000000e+02 3.76250000000000000e+02 1.24912225710848931e-03 2.53361773923307578e-06
 3.76250000000000000e+02 3.76875000000000000e+02 1.25980886238342992e-03 2.63534977110416453e-06
 3.76875000000000000e+02 3.77500000000000000e+02 1.26332715902286092e-03 2.50891360824702704e-06
 3.77500000000000000e+02 3.78125000000000000e+02 1.27478516810077577e-03 2.54016887597722414e-06
 3.78125000000000000e+02 3.78750000000000000e+02 1.28435238285402940e-03 2.50140205293016301e-06
 3.78750000000000000e+02 3.79375000000000000e+02 1.29533605746615598e-03 2.54373071880917580e-06
 3.79375000000000000e+02 3.80000000000000000e+02 1.30735695274016039e-03 2.86659479775716178e-06
 3.80000000000000000e+02 3.80625000000000000e+02 1.31847155405846045e-03 2.84513468547042941e-06
 3.80625000000000000e+02 3.81250000000000000e+02 1.33010413843179741e-03 2.59256029842056768e-06
 3.81250000000000000e+02 3.81875000000000000e+02 1.33734970563317303e-03 2.68686776218988044e-06
 3.81875000000000000e+02 3.82500000000000000e+02 1.34938202775988282e-03 2.72639029924555053e-06
 3.82500000000000000e+02 3.83125000000000000e+02 1.36225637815516891e-03 2.59057153099251687e-06
 3.83125000000000000e+02 3.83750000000000000e+02 1.36911619587274823e-03 3.33259467425537326e-06
 3.83750000000000000e+02 3.84375000000000000e+02 1.38200091426473421e-03 2.66163405725726237e-06
 3.84375000000000000e+02 3.85000000000000000e+02 1.39043596993847305e-03 2.55256421093554610e-06
 3.85000000000000000e+02 3.85625000000000000e+02 1.40202207864983637e-03 2.67728240961932233e-06
 3.85625000000000000e+02 3.86250000000000000e+02 1.41829908262248940e-03 2.65712052169348085e-06
 3.86250000000000000e+02 3.86875000000000000e+02 1.43050084839353936e-03 2.65142879846469011e-06
 3.86875000000000000e+02 3.87500000000000000e+02 1.44398103257592568e-03 3.78302157028563193e-06
 3.87500000000000000e+02 3.88125000000000000e+02 1.45441393898089358e-03 2.78906337256580807e-06
 3.88125000000000000e+02 3.88750000000000000e+02 1.46747169591624534e-03 2.64975878616937548e-06
 3.88750000000000000e+02 3.89375000000000000e+02 1.47159309066917246e-03 2.54964771846296301e-06
 3.89375000000000000e+02 3.90000000000000000e+02 1.49035677151589433e-03 2.84513380556482888e-06
 3.90000000000000000e+02 3.90625000000000000e+02 1.50356527960272997e-03 2.62849526753235491e-06
 3.90625000000000000e+02 3.91250000000000000e+02 1.51367235805889501e-03 2.77666353816961761e-06
 3.91250000000000000e+02 3.91875000000000000e+02 1.52899415616379922e-03 2.67063957744813865e-06
 3.91875000000000000e+02 3.92500000000000000e+02 1.54040541919979175e-03 2.87862313984141970e-06
 3.92500000000000000e+02 3.93125000000000000e+02 1.55447036441401986e-03 2.67187924125859171e-06
 3.93125000000000000e+02 3.93750000000000000e+02 1.56568615636960558e-03 3.06524767046821506e-06
 3.93750000000000000e+02 3.94375000000000000e+02 1.57589274588490133e-03 2.93125864614844921e-06
 3.94375000000000000e+02 3.95000000000000000e+02 1.58931115228047658e-03 2.86848311795420697e-06
 3.95000000000000000e+02 3.95625000000000000e+02 1.60472248314945517e-03 4.83345482118997836e-06
 3.95625000000000000e+02 3.96250000000000000e+02 1.60749358613612313e-03 5.25206248193542997e-06
 3.96250000000000000e+02 3.96875000000000000e+02 1.59743572362766573e-03 4.48183600368183639e-06
 3.96875000000000000e+02 3.97500000000000000e+02 1.58262428601870257e-03 2.75926150977968241e-06
 3.97500000000000000e+02 3.98125000000000000e+02 1.58155010066668910e-03 4.66391012826776134e-06
 3.98125000000000000e+02 3.98750000000000000e+02 1.57265328143333413e-03 5.70423857741760336e-06
 3.98750000000000000e+02 3.99375000000000000e+02 1.56599095818962309e-03 4.66979012221949770e-06
 3.99375000000000000e+02 4.00000000000000000e+02 1.54956576030582994e-03 3.94571716860842440e-06
 4.00000000000000000e+02 4.00625000000000000e+02 1.54904308045404485e-03 4.82912400303741852e-06
 4.00625000000000000e+02 4.01250000000000000e+02 1.53782022543245207e-03 4.07252390412312118e-06
 4.01250000000000000e+02 4.01875000000000000e+02 1.52784125186643748e-03 2.85113039659510359e-06
 4.01875000000000000e+02 4.02500000000000000e+02 1.51718390769726356e-03 2.90867836500722431e-06
 4.02500000000000000e+02 4.03125000000000000e+02 1.52168074128625924e-03 5.02635876742513758e-06
 4.03125000000000000e+02 4.03750000000000000e+02 1.50803370747924249e-03 3.71811098648301785e-06
 4.03750000000000000e+02 4.04375000000000000e+02 1.49912493571284500e-03 2.68128322206962989e-06
 4.04375000000000000e+02 4.05000000000000000e+02 1.49601404544883430e-03 2.66722178121880151e-06
 4.05000000000000000e+02 4.05625000000000000e+02 1.49055016145972752e-03 3.57228962043612850e-06
 4.05625000000000000e+02 4.06250000000000000e+02 1.47823480198646935e-03 2.67650305569781484e-06
 4.06250000000000000e+02 4.06875000000000000e+02 1.47639357123788176e-03 3.20005733740205584e-06
 4.06875000000000000e+02 4.07500000000000000e+02 1.47991329813021346e-03 6.62415321199431062e-06
 4.07500000000000000e+02 4.08125000000000000e+02 1.46757584229288349e-03 2.85566310023676478e-06
 4.08125000000000000e+02 4.08750000000000000e+02 1.46207066700676492e-03 2.92909999077493330e-06
 4.08750000000000000e+02 4.09375000000000000e+02 1.45460618695597522e-03 3.10245364964849715e-06
 4.09375000000000000e+02 4.10000000000000000e+02 1.45609626260473726e-03 3.18076569596153938e-06
 4.10000000000000000e+02 4.10625000000000000e+02 1.45327278223628706e-03 3.71704446370101482e-06
 4.10625000000000000e+02 4.11250000000000000e+02 1.44093699148405119e-03 2.35151051926698944e-06
 4.11250000000000000e+02 4.11875000000000000e+02 1.43812028240641421e-03 3.01109041870579828e-06
 4.11875000000000000e+02 4.12500000000000000e+02 1.43432345993715232e-03 3.11057013913640165e-06
 4.12500000000000000e+02 4.13125000000000000e+02 1.43388702652591776e-03 4.77047821237017844e-06
 4.13125000000000000e+02 4.13750000000000000e+02 1.43172521567944740e-03 3.39309057482369515e-06
 4.13750000000000000e+02 4.14375000000000000e+02 1.42374692223351073e-03 2.87448475905446597e-06
 4.14375000000000000e+02 4.15000000000000000e+02 1.42009018145015258e-03 3.07199881027645684e-06
 4.15000000000000000e+02 4.15625000000000000e+02 1.41016181273735663e-03 2.25436374460112335e-06
 4.15625000000000000e+02 4.16250000000000000e+02 1.41251821821021918e-03 2.68827213859032108e-06
 4.16250000000000000e+02 4.16875000000000000e+02 1.40868061452801598e-03 2.76578511735735384e-06
 4.16875000000000000e+02 4.17500000000000000e+02 1.40745700004857159e-03 2.87002020715608973e-06
 4.17500000000000000e+02 4.18125000000000000e+02 1.40421731142679985e-03 2.37012084366272142e-06
 4.18125000000000000e+02 4.18750000000000000e+02 1.39797600119301400e-03 2.30982107455930634e-06
 4.18750000000000000e+02 4.19375000000000000e+02 1.39977252933661043e-03 2.66326728536500153e-06
 4.19375000000000000e+02 4.20000000000000000e+02 1.39936662852600292e-03 2.58698339738566997e-06
 4.20000000000000000e+02 4.20625000000000000e+02 1.39496531855566337e-03 3.02331371258762413e-06
 4.20625000000000000e+02 4.21250000000000000e+02 1.38742699889291541e-03 2.47605359511479140e-06
 4.21250000000000000e+02 4.21875000000000000e+02 1.39025405326934580e-03 2.76127253186305301e-06
 4.21875000000000000e+02 4.22500000000000000e+02 1.38819818899465152e-03 2.36824558805152526e-06
 4.22500000000000000e+02 4.23125000000000000e+02 1.38161958132124413e-03 2.87901480999032945e-06
 4.23125000000000000e+02 4.23750000000000000e+02 1.38566749805227709e-03 2.46768699519773989e-06
 4.23750000000000000e+02 4.24375000000000000e+02 1.38240078451060968e-03 2.40594061137746938e-06
 4.24375000000000000e+02 4.25000000000000000e+02 1.38364046212416467e-03 2.86680886809621892e-06
 4.25000000000000000e+02 4.25625000000000000e+02 1.38214283175943178e-03 2.71446004706569718e-06
 4.25625000000000000e+02 4.26250000000000000e+02 1.37954816760041529e-03 2.58478471002844085e-06
 4.26250000000000000e+02 4.26875000000000000e+02 1.37768504077574435e-03 2.24263876453504735e-06
 4.26875000000000000e+02 4.27500000000000000e+02 1.38009606873375733e-03 3.76407715625664190e-06
 4.27500000000000000e+02 4.28125000000000000e+02 1.37574817702028188e-03 2.20946830545631983e-06
 4.28125000000000000e+02 4.28750000000000000e+02 1.37286979118025790e-03 2.44172713475074120e-06
 4.28750000000000000e+02 4.29375000000000000e+02 1.37763502162510567e-03 2.18943627791000513e-06
 4.29375000000000000e+02 4.30000000000000000e+02 1.37427422256223989e-03 2.49580238020746044e-06
 4.30000000000000000e+02 4.30625000000000000e+02 1.37788596971880691e-03 2.55862421008162973e-06
 4.30625000000000000e+02 4.31250000000000000e+02 1.37813265445121003e-03 2.39682248477928503e-06
 4.31250000000000000e+02 4.31875000000000000e+02 1.37521226728266389e-03 2.19855693449288409e-06
 4.31875000000000000e+02 4.32500000000000000e+02 1.37872266157835479e-03 2.51344065761823658e-06
 4.32500000000000000e+02 4.33125000000000000e+02 1.38074530439041333e-03 2.20442704390053617e-06
 4.33125000000000000e+02 4.33750000000000000e+02 1.38385635222211664e-03 2.35029414356135394e-06
 4.33750000000000000e+02 4.34375000000000000e+02 1.38062905516630205e-03 2.24002353845523340e-06
 4.34375000000000000e+02 4.35000000000000000e+02 1.37987400919083289e-03 2.13336585149320577e-06
 4.35000000000000000e+02 4.35625000000000000e+02 1.38853189296488707e-03 2.56108269765130751e-06
 4.35625000000000000e+02 4.36250000000000000e+02 1.38405884890072063e-03 2.32808325269586892e-06
 4.36250000000000000e+02 4.36875000000000000e+02 1.38783391172547853e-03 2.19000472107457264e-06
 4.36875000000000000e+02 4.37500000000000000e+02 1.38806039371238820e-03 2.24087521760559701e-06
 4.37500000000000000e+02 4.38125000000000000e+02 1.39164814081441210e-03 2.84766727249686417e-06
 4.38125000000000000e+02 4.38750000000000000e+02 1.39507735516498487e-03 3.19474728731534041e-06
 4.38750000000000000e+02 4.39375000000000000e+02 1.39438567131606756e-03 2.47600962178447337e-06
 4.39375000000000000e+02 4.40000000000000000e+02 1.39561821918036022e-03 2.36819290901514796e-06
 4.40000000000000000e+02 4.40625000000000000e+02 1.40147673257033645e-03 2.31960871998279090e-06
 4.40625000000000000e+02 4.41250000000000000e+02 1.39917362642022285e-03 2.26812577909878179e-06
 4.41250000000000000e+02 4.41875000000000000e+02 1.40104582943301691e-03 2.25368465282307455e-06
 4.41875000000000000e+02 4.42500000000000000e+02 1.40935952752142346e-03 2.62902523755518617e-06
 4.42500000000000000e+02 4.43125000000000000e+02 1.41070676717882206e-03 2.60726250663742210e-06
 4.43125000000000000e+02 4.43750000000000000e+02 1.41126503014418086e-03 2.26022403111817000e-06
 4.43750000000000000e+02 4.44375000000000000e+02 1.41791990599498250e-03 2.63505542394839458e-06
 4.44375000000000000e+02 4.45000000000000000e+02 1.42057566474263668e-03 2.34919573689087800e-06
 4.45000000000000000e+02 4.45625000000000000e+02 1.42175345435254907e-03 2.28581139792596196e-06
 4.45625000000000000e+02 4.46250000000000000e+02 1.42750079267071200e-03 2.68313091548349721e-06
 4.46250000000000000e+02 4.46875000000000000e+02 1.43493723108941286e-03 2.59822679876533701e-06
 4.46875000000000000e+02 4.47500000000000000e+02 1.43425040754656201e-03 2.30901994937159218e-06
 4.47500000000000000e+02 4.48125000000000000e+02 1.43849964532435730e-03 2.42068563684792694e-06
 4.48125000000000000e+02 4.48750000000000000e+02 1.43954936391445243e-03 2.40454887754054527e-06
 4.48750000000000000e+02 4.49375000000000000e+02 1.44731558131734280e-03 2.36299626379442645e-06
 4.49375000000000000e+02 4.50000000000000000e+02 1.45317679496997183e-03 2.57241299834430795e-06
 4.50000000000000000e+02 4.50625000000000000e+02 1.45361941973905229e-03 2.45871277576278380e-06
 4.50625000000000000e+02 4.51250000000000000e+02 1.46573516482369085e-03 2.91000062986582791e-06
 4.51250000000000000e+02 4.51875000000000000e+02 1.47069846069137577e-03 2.84525954848282774e-06
 4.51875000000000000e+02 4.52500000000000000e+02 1.47404797097408372e-03 2.85313194302270492e-06
 4.52500000000000000e+02 4.53125000000000000e+02 1.47683772728098971e-03 2.48386962061267202e-06
 4.53125000000000000e+02 4.53750000000000000e+02 1.48400563677549154e-03 2.59215800193729230e-06
 4.53750000000000000e+02 4.54375000000000000e+02 1.49219484349754597e-03 2.42241286080157475e-06
 4.54375000000000000e+02 4.55000000000000000e+02 1.50074229768767638e-03 2.83998902044734129e-06
 4.55000000000000000e+02 4.55625000000000000e+02 1.50373850685725551e-03 3.04649834608347902e-06
 4.55625000000000000e+02 4.56250000000000000e+02 1.50454411016406734e-03 2.38196006359671046e-06
 4.56250000000000000e+02 4.56875000000000000e+02 1.51442337108389168e-03 2.57342255449213638e-06
 4.56875000000000000e+02 4.57500000000000000e+02 1.52107288653930989e-03 2.70779830980659247e-06
 4.57500000000000000e+02 4.58125000000000000e+02 1.52618507854470633e-03 2.82618329301082339e-06
 4.58125000000000000e+02 4.58750000000000000e+02 1.53666641494984348e-03 2.39997000381522392e-06
 4.58750000000000000e+02 4.59375000000000000e+02 1.54534345563025273e-03 2.98539483391329044e-06
 4.59375000000000000e+02 4.60000000000000000e+02 1.54932570580054393e-03 2.70817439914126832e-06
 4.60000000000000000e+02 4.60625000000000000e+02 1.55489264695348145e-03 2.87971022587950085e-06
 4.60625000000000000e+02 4.61250000000000000e+02 1.56017740909529913e-03 2.92756397982706502e-06
 4.61250000000000000e+02 4.61875000000000000e+02 1.57211308519713362e-03 3.45531881761380639e-06
 4.61875000000000000e+02 4.62500000000000000e+02 1.57123550211183847e-03 2.92423958261218682e-06
 4.62500000000000000e+02 4.63125000000000000e+02 1.58507788388163070e-03 3.20981557808798399e-06
 4.63125000000000000e+02 4.63750000000000000e+02 1.59529451723394765e-03 3.00204571993635358e-06
 4.63750000000000000e+02 4.64375000000000000e+02 1.59517858596966910e-03 3.14005427970764189e-06
 4.64375000000000000e+02 4.65000000000000000e+02 1.60595987510038941e-03 3.08493321776493851e-06
 4.65000000000000000e+02 4.65625000000000000e+02 1.61616469165791650e-03 3.20318581385156392e-06
 4.65625000000000000e+02 4.66250000000000000e+02 1.62992161689441586e-03 3.04711195156505129e-06
 4.66250000000000000e+02 4.66875000000000000e+02 1.63534103021713783e-03 2.64462324827424693e-06
 4.66875000000000000e+02 4.67500000000000000e+02 1.63848885007184626e-03 2.77293309872572698e-06
 4.67500000000000000e+02 4.68125000000000000e+02 1.65105210712352670e-03 3.51421466389418864e-06
 4.68125000000000000e+02 4.68750000000000000e+02 1.65795140203348654e-03 2.82766246447369708e-06
 4.68750000000000000e+02 4.69375000000000000e+02 1.66493606024746056e-03 2.69629545558913561e-06
 4.69375000000000000e+02 4.70000000000000000e+02 1.68223505214729562e-03 3.45877436754995319e-06
 4.70000000000000000e+02 4.70625000000000000e+02 1.68780018778976913e-03 3.32799838716352894e-06
 4.70625000000000000e+02 4.71250000000000000e+02 1.69664079564683283e-03 2.74650533544182113e-06
 4.71250000000000000e+02 4.71875000000000000e+02 1.71214102504557751e-03 3.76930617957854863e-06
 4.71875000000000000e+02 4.72500000000000000e+02 1.71592818002922680e-03 2.95995999195082102e-06
 4.72500000000000000e+02 4.73125000000000000e+02 1.72947841092822721e-03 3.68958356207599589e-06
 4.73125000000000000e+02 4.73750000000000000e+02 1.73887812638848617e-03 4.16874138086270239e-06
 4.73750000000000000e+02 4.74375000000000000e+02 1.74065989519984381e-03 3.83820175515944343e-06
 4.74375000000000000e+02 4.75000000000000000e+02 1.74776037610539564e-03 3.35376826888517829e-06
 4.75000000000000000e+02 4.75625000000000000e+02 1.75256059188157610e-03 2.97424640171179558e-06
 4.75625000000000000e+02 4.76250000000000000e+02 1.76027230592335415e-03 3.51507851263637628e-06
 4.76250000000000000e+02 4.76875000000000000e+02 1.76740464215169616e-03 3.89317991615259790e-06
 4.76875000000000000e+02 4.77500000000000000e+02 1.76431762261705411e-03 4.18154933661663145e-06
 4.77500000000000000e+02 4.78125000000000000e+02 1.76727047063548743e-03 4.97833274475994571e-06
 4.78125000000000000e+02 4.78750000000000000e+02 1.76096903794718644e-03 3.84673982703193283e-06
 4.78750000000000000e+02 4.79375000000000000e+02 1.75447299307864859e-03 4.40391741058772878e-06
 4.79375000000000000e+02 4.80000000000000000e+02 1.74435743795383074e-03 4.67008241511918413e-06
 4.80000000000000000e+02 4.80625000000000000e+02 1.72855341493037117e-03 4.19425712380349145e-06
 4.80625000000000000e+02 4.81250000000000000e+02 1.70988024511455170e-03 3.39631694241449074e-06
 4.81250000000000000e+02 4.81875000000000000e+02 1.68377237236777512e-03 4.63262761093880083e-06
 4.81875000000000000e+02 4.82500000000000000e+02 1.64619662927573715e-03 4.39372899632966915e-06
 4.82500000000000000e+02 4.83125000000000000e+02 1.59226807839168115e-03 4.27209756351178227e-06
 4.83125000000000000e+02 4.83750000000000000e+02 1.53186804136744054e-03 4.37264685519741172e-06
 4.83750000000000000e+02 4.84375000000000000e+02 1.45206457368337824e-03 4.47792900561517040e-06
 4.84375000000000000e+02 4.85000000000000000e+02 1.33768395574674075e-03 3.32540161514403752e-06
 4.85000000000000000e+02 4.85625000000000000e+02 1.21310799648319972e-03 4.90013233626541807e-06
 4.85625000000000000e+02 4.86250000000000000e+02 1.02484805946622824e-03 3.60214883552678547e-06
 4.86250000000000000e+02 4.86875000000000000e+02 7.93569423444732882e-04 3.10451041789108975e-06
 4.86875000000000000e+02 4.87500000000000000e+02 5.08147044404591683e-04 3.91265415738125744e-06
 4.87500000000000000e+02 4.88125000000000000e+02 1.80480674483441436e-04 1.28726253704700767e-06
 4.88125000000000000e+02 4.88750000000000000e+02 3.46684290976628117e-06 1.61957447431845513e-07
 4.88750000000000000e+02 4.89375000000000000e+02 0.00000000000000000e+00 0.00000000000000000e+00
 4.89375000000000000e+02 4.90000000000000000e+02 0.00000000000000000e+00 0.00000000000000000e+00
 4.90000000000000000e+02 4.90625000000000000e+02 0.00000000000000000e+00 0.00000000000000000e+00
 4.90625000000000000e+02 4.91250000000000000e+02 0.00000000000000000e+00 0.00000000000000000e+00
 4.91250000000000000e+02 4.91875000000000000e+02 0.00000000000000000e+00 0.00000000000000000e+00
 4.91875000000000000e+02 4.92500000000000000e+02 0.00000000000000000e+00 0.00000000000000000e+00
 4.92500000000000000e+02 4.93125000000000000e+02 0.00000000000000000e+00 0.00000000000000000e+00
 4.93125000000000000e+02 4.93750000000000000e+02 0.00000000000000000e+00 0.00000000000000000e+00
 4.93750000000000000e+02 4.94375000000000000e+02 0.00000000000000000e+00 0.00000000000000000e+00
 4.94375000000000000e+02 4.95000000000000000e+02 0.00000000000000000e+00 0.00000000000000000e+00
 4.95000000000000000e+02 4.95625000000000000e+02 0.00000000000000000e+00 0.00000000000000000e+00
 4.95625000000000000e+02 4.96250000000000000e+02 0.00000000000000000e+00 0.00000000000000000e+00
 4.96250000000000000e+02 4.96875000000000000e+02 0.00000000000000000e+00 0.00000000000000000e+00
 4.96875000000000000e+02 4.97500000000000000e+02 0.00000000000000000e+00 0.00000000000000000e+00
 4.97500000000000000e+02 4.98125000000000000e+02 0.00000000000000000e+00 0.00000000000000000e+00
 4.98125000000000000e+02 4.98750000000000000e+02 0.00000000000000000e+00 0.00000000000000000e+00
 4.98750000000000000e+02 4.99375000000000000e+02 0.00000000000000000e+00 0.00000000000000000e+00
 4.99375000000000000e+02 5.00000000000000000e+02 0.00000000000000000e+00 0.00000000000000000e+00
 5.00000000000000000e+02 5.00625000000000000e+02 0.00000000000000000e+00 0.00000000000000000e+00
 5.00625000000000000e+02 5.01250000000000000e+02 0.00000000000000000e+00 0.00000000000000000e+00
 5.01250000000000000e+02 5.01875000000000000e+02 0.00000000000000000e+00 0.00000000000000000e+00
 5.01875000000000000e+02 5.02500000000000000e+02 0.00000000000000000e+00 0.00000000000000000e+00
 5.02500000000000000e+02 5.03125000000000000e+02 0.00000000000000000e+00 0.00000000000000000e+00
 5.03125000000000000e+02 5.03750000000000000e+02 0.00000000000000000e+00 0.00000000000000000e+00
 5.03750000000000000e+02 5.04375000000000000e+02 0.00000000000000000e+00 0.00000000000000000e+00
 5.04375000000000000e+02 5.05000000000000000e+02 0.00000000000000000e+00 0.00000000000000000e+00
 5.05000000000000000e+02 5.05625000000000000e+02 0.00000000000000000e+00 0.00000000000000000e+00
 5.05625000000000000e+02 5.06250000000000000e+02 0.00000000000000000e+00 0.00000000000000000e+00
 5.06250000000000000e+02 5.06875000000000000e+02 0.00000000000000000e+00 0.00000000000000000e+00
 5.06875000000000000e+02 5.07500000000000000e+02 0.00000000000000000e+00 0.00000000000000000e+00
 5.07500000000000000e+02 5.08125000000000000e+02 0.00000000000000000e+00 0.00000000000000000e+00
 5.08125000000000000e+02 5.08750000000000000e+02 0.00000000000000000e+00 0.00000000000000000e+00
 5.08750000000000000e+02 5.09375000000000000e+02 0.00000000000000000e+00 0.00000000000000000e+00
 5.09375000000000000e+02 5.10000000000000000e+02 0.00000000000000000e+00 0.00000000000000000e+00
 5.10000000000000000e+02 5.10625000000000000e+02 0.00000000000000000e+00 0.00000000000000000e+00
 5.10625000000000000e+02 5.11250000000000000e+02 0.00000000000000000e+00 0.00000000000000000e+00
 5.11250000000000000e+02 5.11875000000000000e+02 0.00000000000000000e+00 0.00000000000000000e+00
 5.11875000000000000e+02 5.12500000000000000e+02 0.00000000000000000e+00 0.00000000000000000e+00
 5.12500000000000000e+02 5.13125000000000000e+02 0.00000000000000000e+00 0.00000000000000000e+00
 5.13125000000000000e+02 5.13750000000000000e+02 0.00000000000000000e+00 0.00000000000000000e+00
 5.13750000000000000e+02 5.14375000000000000e+02 0.00000000000000000e+00 0.00000000000000000e+00
 5.14375000000000000e+02 5.15000000000000000e+02 0.00000000000000000e+00 0.00000000000000000e+00

Histogram:lpz+
 0.00000000000000000e+00 5.50000000000000044e-01 1.40159047480275796e-03 2.86281101182264492e-06
 5.50000000000000044e-01 1.10000000000000009e+00 1.40003651184014374e-03 2.85616454227840087e-06
 1.10000000000000009e+00 1.64999999999999991e+00 1.40205073087484563e-03 2.96924619993513863e-06
 1.64999999999999991e+00 2.20000000000000018e+00 1.39595830989640551e-03 2.73763022901208729e-06
 2.20000000000000018e+00 2.75000000000000000e+00 1.39437077501019103e-03 2.78831419694640292e-06
 2.75000000000000000e+00 3.29999999999999982e+00 1.39949104904350135e-03 3.21905176963931810e-06
 3.29999999999999982e+00 3.85000000000000009e+00 1.40571720068902368e-03 4.14039291454519415e-06
 3.85000000000000009e+00 4.40000000000000036e+00 1.40291146108342899e-03 3.63225092165020588e-06
 4.40000000000000036e+00 4.95000000000000018e+00 1.39995167046040787e-03 3.72324973931488820e-06
 4.95000000000000018e+00 5.50000000000000000e+00 1.40261937381054060e-03 2.91083222320550908e-06
 5.50000000000000000e+00 6.04999999999999982e+00 1.39876172194595212e-03 3.09211922325095169e-06
 6.04999999999999982e+00 6.59999999999999964e+00 1.40059158643547339e-03 2.75542534938360287e-06
 6.59999999999999964e+00 7.15000000000000036e+00 1.40658194248653528e-03 3.34525061253072963e-06
 7.15000000000000036e+00 7.70000000000000018e+00 1.39706782084785615e-03 2.73312905265784779e-06
 7.70000000000000018e+00 8.25000000000000000e+00 1.40151157514069834e-03 3.07735109542326587e-06
 8.25000000000000000e+00 8.80000000000000071e+00 1.39611286868629252e-03 3.20039996512394471e-06
 8.80000000000000071e+00 9.34999999999999964e+00 1.40013924892822906e-03 2.84093531060637284e-06
 9.34999999999999964e+00 9.90000000000000036e+00 1.39703255176179628e-03 3.52506261314803652e-06
 9.90000000000000036e+00 1.04499999999999993e+01 1.39577123184321528e-03 3.53196979293701911e-06
 1.04499999999999993e+01 1.10000000000000000e+01 1.40006073017904012e-03 2.86019728484664336e-06
 1.10000000000000000e+01 1.15500000000000007e+01 1.39232981156947101e-03 2.93582486184488889e-06
 1.15500000000000007e+01 1.20999999999999996e+01 1.39660960975958532e-03 4.10180811501422608e-06
 1.20999999999999996e+01 1.26500000000000004e+01 1.40271438107114404e-03 3.88928164957694125e-06
 1.26500000000000004e+01 1.31999999999999993e+01 1.39579525912410761e-03 2.84806007144502899e-06
 1.31999999999999993e+01 1.37500000000000000e+01 1.39958328244532844e-03 3.66091464954492304e-06
 1.37500000000000000e+01 1.43000000000000007e+01 1.39754743837827125e-03 3.09920961710453568e-06
 1.43000000000000007e+01 1.48499999999999996e+01 1.39569769746430506e-03 2.77284857804151158e-06
 1.48499999999999996e+01 1.54000000000000004e+01 1.39897451868909611e-03 2.99309981207985524e-06
 1.54000000000000004e+01 1.59499999999999993e+01 1.39447752431026521e-03 2.96358785228512470e-06
 1.59499999999999993e+01 1.65000000000000000e+01 1.39440853188440347e-03 3.98848709427991304e-06
 1.65000000000000000e+01 1.70500000000000007e+01 1.39880146886279220e-03 3.41024520605187765e-06
 1.70500000000000007e+01 1.76000000000000014e+01 1.39062868812380152e-03 2.93876347818798414e-06
 1.76000000000000014e+01 1.81499999999999986e+01 1.39592412593591360e-03 3.35185380267157766e-06
 1.81499999999999986e+01 1.86999999999999993e+01 1.39222745470506419e-03 3.67252445673959632e-06
 1.86999999999999993e+01 1.92500000000000000e+01 1.39441608074305709e-03 3.51837920371861185e-06
 1.92500000000000000e+01 1.98000000000000007e+01 1.39042478677350997e-03 2.76223369208572167e-06
 1.98000000000000007e+01 2.03500000000000014e+01 1.39747134778273876e-03 3.08723739055991944e-06
 2.03500000000000014e+01 2.08999999999999986e+01 1.39145042400322621e-03 2.84744706855217453e-06
 2.08999999999999986e+01 2.14499999999999993e+01 1.39901945466921898e-03 4.04607013165116110e-06
 2.14499999999999993e+01 2.20000000000000000e+01 1.38527500247802044e-03 3.02359505178023857e-06
 2.20000000000000000e+01 2.25500000000000007e+01 1.39162822583490265e-03 3.43070132728006158e-06
 2.25500000000000007e+01 2.31000000000000014e+01 1.38971217541244713e-03 2.88524734022151618e-06
 2.31000000000000014e+01 2.36499999999999986e+01 1.39741315813453229e-03 3.15125048750336995e-06
 2.36499999999999986e+01 2.41999999999999993e+01 1.39088213928208106e-03 3.10326318088473338e-06
 2.41999999999999993e+01 2.47500000000000000e+01 1.39108805259971296e-03 3.00203728494600700e-06
 2.47500000000000000e+01 2.53000000000000007e+01 1.38654353620666464e-03 2.70076586804336460e-06
 2.53000000000000007e+01 2.58500000000000014e+01 1.38434289945479319e-03 2.84428937367257075e-06
 2.58500000000000014e+01 2.63999999999999986e+01 1.39004595874850194e-03 2.87458128939366636e-06
 2.63999999999999986e+01 2.69499999999999993e+01 1.38993099326731318e-03 3.46249672009050277e-06
 2.69499999999999993e+01 2.75000000000000000e+01 1.38745796810409334e-03 2.83680507253823339e-06
 2.75000000000000000e+01 2.80500000000000007e+01 1.38508194866929809e-03 3.02699433080299312e-06
 2.80500000000000007e+01 2.86000000000000014e+01 1.38584973082463408e-03 3.31218496644353410e-06
 2.86000000000000014e+01 2.91499999999999986e+01 1.38282869152498724e-03 2.78176946676112112e-06
 2.91499999999999986e+01 2.96999999999999993e+01 1.38316090679796205e-03 3.03358950557794625e-06
 2.96999999999999993e+01 3.02500000000000000e+01 1.39221781672088521e-03 5.67167784879207359e-06
 3.02500000000000000e+01 3.08000000000000007e+01 1.38624248971397530e-03 2.74892154702999849e-06
 3.08000000000000007e+01 3.13500000000000014e+01 1.38556749874111404e-03 2.96106227660201582e-06
 3.13500000000000014e+01 3.18999999999999986e+01 1.38553613708610195e-03 3.38724066351283415e-06
 3.18999999999999986e+01 3.24500000000000028e+01 1.38285480389401406e-03 3.35866615434831050e-06
 3.24500000000000028e+01 3.30000000000000000e+01 1.38476677698134640e-03 3.33512800505134152e-06
 3.30000000000000000e+01 3.35499999999999972e+01 1.38365188690235219e-03 3.12714890954303659e-06
 3.35499999999999972e+01 3.41000000000000014e+01 1.38342083414801369e-03 2.79285990401033317e-06
 3.41000000000000014e+01 3.46499999999999986e+01 1.38581132300657638e-03 3.23488253678826231e-06
 3.46499999999999986e+01 3.52000000000000028e+01 1.37868967851959338e-03 2.74252126211112929e-06
 3.52000000000000028e+01 3.57500000000000000e+01 1.37908313904934075e-03 3.56242720507363796e-06
 3.57500000000000000e+01 3.62999999999999972e+01 1.38119387105641186e-03 4.43757430958231012e-06
 3.62999999999999972e+01 3.68500000000000014e+01 1.37733142949996498e-03 3.42297501548011584e-06
 3.68500000000000014e+01 3.73999999999999986e+01 1.37883147732211267e-03 3.27949329199544161e-06
 3.73999999999999986e+01 3.79500000000000028e+01 1.37307210977299465e-03 2.95121214967005784e-06
 3.79500000000000028e+01 3.85000000000000000e+01 1.37433451447184908e-03 3.24219626888677835e-06
 3.85000000000000000e+01 3.90499999999999972e+01 1.37368358589229941e-03 2.91581196333306604e-06
 3.90499999999999972e+01 3.96000000000000014e+01 1.37529846759095083e-03 2.86328625672494446e-06
 3.96000000000000014e+01 4.01499999999999986e+01 1.37392653346082990e-03 2.95027323349433874e-06
 4.01499999999999986e+01 4.07000000000000028e+01 1.37330781466096091e-03 2.79944753014913548e-06
 4.07000000000000028e+01 4.12500000000000000e+01 1.37331582700512232e-03 2.83987846628183045e-06
 4.12500000000000000e+01 4.17999999999999972e+01 1.36955217708423812e-03 2.97851920933261846e-06
 4.17999999999999972e+01 4.23500000000000014e+01 1.37445165208557006e-03 3.43301269603502046e-06
 4.23500000000000014e+01 4.28999999999999986e+01 1.36689119037702997e-03 2.90837072410553064e-06
 4.28999999999999986e+01 4.34500000000000028e+01 1.37357169081670514e-03 3.52976810699468328e-06
 4.34500000000000028e+01 4.40000000000000000e+01 1.37066906455926042e-03 2.96395689161624476e-06
 4.40000000000000000e+01 4.45499999999999972e+01 1.37152941825006134e-03 3.27567302608814100e-06
 4.45499999999999972e+01 4.51000000000000014e+01 1.36344555252983527e-03 2.91887503372271316e-06
 4.51000000000000014e+01 4.56499999999999986e+01 1.36642284114578709e-03 2.98033534520812390e-06
 4.56499999999999986e+01 4.62000000000000028e+01 1.37021844701162463e-03 4.64227500891927679e-06
 4.62000000000000028e+01 4.67500000000000000e+01 1.36132827229935253e-03 3.35854068372629348e-06
 4.67500000000000000e+01 4.72999999999999972e+01 1.36082913696389230e-03 3.83721610171916754e-06
 4.72999999999999972e+01 4.78500000000000014e+01 1.36142485698856406e-03 2.96132403054375667e-06
 4.78500000000000014e+01 4.83999999999999986e+01 1.35993038144796357e-03 2.86550878328017872e-06
 4.83999999999999986e+01 4.89500000000000028e+01 1.36401299679539661e-03 2.80982639146564058e-06
 4.89500000000000028e+01 4.95000000000000000e+01 1.36063632294646355e-03 3.06522663725988057e-06
 4.95000000000000000e+01 5.00499999999999972e+01 1.35946129280114744e-03 2.68248152138436019e-06
 5.00499999999999972e+01 5.06000000000000014e+01 1.35628866386170170e-03 2.91666992792815481e-06
 5.06000000000000014e+01 5.11499999999999986e+01 1.35607789361084528e-03 3.18783394939130509e-06
 5.11499999999999986e+01 5.17000000000000028e+01 1.35861206628124561e-03 3.27744840541553054e-06
 5.17000000000000028e+01 5.22500000000000000e+01 1.35421042887540720e-03 3.04302126510429165e-06
 5.22500000000000000e+01 5.27999999999999972e+01 1.35780361075349908e-03 3.57419241668251928e-06
 5.27999999999999972e+01 5.33500000000000014e+01 1.35696119935652701e-03 2.86553315669645455e-06
 5.33500000000000014e+01 5.38999999999999986e+01 1.35289974953402476e-03 2.84728640158473093e-06
 5.38999999999999986e+01 5.44500000000000028e+01 1.35678281299578957e-03 5.08921927124311247e-06
 5.44500000000000028e+01 5.50000000000000000e+01 1.35383432932992980e-03 3.75084712620224246e-06
 5.50000000000000000e+01 5.55499999999999972e+01 1.34667057703601652e-03 2.93792716793842552e-06
 5.55499999999999972e+01 5.61000000000000014e+01 1.34661041367639483e-03 2.79312953144653763e-06
 5.61000000000000014e+01 5.66499999999999986e+01 1.34838364754245356e-03 3.49071012639142449e-06
 5.66499999999999986e+01 5.72000000000000028e+01 1.34316138511123310e-03 2.96428478554400766e-06
 5.72000000000000028e+01 5.77500000000000000e+01 1.34571241347655550e-03 3.81073135905996542e-06
 5.77500000000000000e+01 5.82999999999999972e+01 1.34505785095484498e-03 3.51138386839140576e-06
 5.82999999999999972e+01 5.88500000000000014e+01 1.34491567892830693e-03 3.34821671026874940e-06
 5.88500000000000014e+01 5.93999999999999986e+01 1.33875680518382866e-03 2.96383877225479253e-06
 5.93999999999999986e+01 5.99500000000000028e+01 1.34135631955285307e-03 2.75807511608250339e-06
 5.99500000000000028e+01 6.05000000000000000e+01 1.34162460352034636e-03 4.06317520707967348e-06
 6.05000000000000000e+01 6.10499999999999972e+01 1.34292877781860029e-03 3.14727177668692045e-06
 6.10499999999999972e+01 6.16000000000000014e+01 1.33886725212979544e-03 3.62787954535877081e-06
 6.16000000000000014e+01 6.21499999999999986e+01 1.33977134197519471e-03 2.99348748325895939e-06
 6.21499999999999986e+01 6.27000000000000028e+01 1.33558831844530633e-03 3.02907266317449258e-06
 6.27000000000000028e+01 6.32500000000000000e+01 1.33437947374569167e-03 2.99110282974995454e-06
 6.32500000000000000e+01 6.37999999999999972e+01 1.33584373142656945e-03 3.22618280773959372e-06
 6.37999999999999972e+01 6.43499999999999943e+01 1.33525711786045996e-03 2.98068116429289253e-06
 6.43499999999999943e+01 6.49000000000000057e+01 1.33496338094638489e-03 4.66281944456940294e-06
 6.49000000000000057e+01 6.54500000000000028e+01 1.32344392468554265e-03 2.78699886224519365e-06
 6.54500000000000028e+01 6.60000000000000000e+01 1.33133326947459485e-03 3.56564294640763920e-06
 6.60000000000000000e+01 6.65499999999999972e+01 1.32753726714463904e-03 3.27639845572257299e-06
 6.65499999999999972e+01 6.70999999999999943e+01 1.32718297480797619e-03 2.84710025372779378e-06
 6.70999999999999943e+01 6.76500000000000057e+01 1.32308565336062265e-03 3.17166565681273742e-06
 6.76500000000000057e+01 6.82000000000000028e+01 1.32782051142195183e-03 3.25793321195229887e-06
 6.82000000000000028e+01 6.87500000000000000e+01 1.32330265506646065e-03 2.92110568051502455e-06
 6.87500000000000000e+01 6.92999999999999972e+01 1.32285800661824729e-03 3.36451654815403933e-06
 6.92999999999999972e+01 6.98499999999999943e+01 1.32289866544401617e-03 4.00995039794066746e-06
 6.98499999999999943e+01 7.04000000000000057e+01 1.32020006571945776e-03 2.73581997193344878e-06
 7.04000000000000057e+01 7.09500000000000028e+01 1.32076046121994335e-03 3.03650691121483407e-06
 7.09500000000000028e+01 7.15000000000000000e+01 1.31419449709003849e-03 2.72572349622454304e-06
 7.15000000000000000e+01 7.20499999999999972e+01 1.31884818057057484e-03 3.45307028586292553e-06
 7.20499999999999972e+01 7.25999999999999943e+01 1.31577208982124137e-03 2.83262927005648129e-06
 7.25999999999999943e+01 7.31500000000000057e+01 1.30958006549280396e-03 2.82533332403649404e-06
 7.31500000000000057e+01 7.37000000000000028e+01 1.31453734946489339e-03 2.97446306631424681e-06
 7.37000000000000028e+01 7.42500000000000000e+01 1.31381528639873900e-03 3.11244285346570037e-06
 7.42500000000000000e+01 7.47999999999999972e+01 1.30648374708495119e-03 2.76147486243422956e-06
 7.47999999999999972e+01 7.53499999999999943e+01 1.31069082492966645e-03 2.97317989222725902e-06
 7.53499999999999943e+01 7.59000000000000057e+01 1.30470294809783682e-03 2.78916493174899255e-06
 7.59000000000000057e+01 7.64500000000000028e+01 1.30655441083783719e-03 2.82706064207656305e-06
 7.64500000000000028e+01 7.70000000000000000e+01 1.30616244237969129e-03 2.84612905989208516e-06
 7.70000000000000000e+01 7.75499999999999972e+01 1.30641551133221139e-03 3.13058526206067746e-06
 7.75499999999999972e+01 7.80999999999999943e+01 1.29848073824682247e-03 3.82560759115823969e-06
 7.80999999999999943e+01 7.86500000000000057e+01 1.29771122348028680e-03 2.88069803273679231e-06
 7.86500000000000057e+01 7.92000000000000028e+01 1.30101592516634825e-03 2.87820479805973156e-06
 7.92000000000000028e+01 7.97500000000000000e+01 1.29905904243893342e-03 2.98859314683132724e-06
 7.97500000000000000e+01 8.02999999999999972e+01 1.29562897156914572e-03 2.84965505028287492e-06
 8.02999999999999972e+01 8.08499999999999943e+01 1.29020979946099963e-03 2.78250938829099288e-06
 8.08499999999999943e+01 8.14000000000000057e+01 1.29172347171126493e-03 2.88989393427861781e-06
 8.14000000000000057e+01 8.19500000000000028e+01 1.29690119942574354e-03 3.72985246226880188e-06
 8.19500000000000028e+01 8.25000000000000000e+01 1.28980067754992981e-03 2.81549031613631725e-06
 8.25000000000000000e+01 8.30499999999999972e+01 1.28982047276893111e-03 2.87766973564594648e-06
 8.30499999999999972e+01 8.35999999999999943e+01 1.29068824738464458e-03 2.93832219528166729e-06
 8.35999999999999943e+01 8.41500000000000057e+01 1.28694988442405473e-03 2.94150225035091477e-06
 8.41500000000000057e+01 8.47000000000000028e+01 1.28179705218311232e-03 2.83735326260273277e-06
 8.47000000000000028e+01 8.52500000000000000e+01 1.28863726339176177e-03 2.88145493173804178e-06
 8.52500000000000000e+01 8.57999999999999972e+01 1.27924880539995590e-03 2.83142332206456616e-06
 8.57999999999999972e+01 8.63499999999999943e+01 1.27951161120790947e-03 2.85085181837188348e-06
 8.63499999999999943e+01 8.69000000000000057e+01 1.27323188987805568e-03 2.80460297959463122e-06
 8.69000000000000057e+01 8.74500000000000028e+01 1.27719642221770955e-03 2.70810560839993632e-06
 8.74500000000000028e+01 8.80000000000000000e+01 1.27367604647511592e-03 2.74688634431572679e-06
 8.80000000000000000e+01 8.85499999999999972e+01 1.27293037346994857e-03 2.82241692067400427e-06
 8.85499999999999972e+01 8.90999999999999943e+01 1.27653511405549603e-03 2.96428148923340228e-06
 8.90999999999999943e+01 8.96500000000000057e+01 1.26265676485565258e-03 3.11870641561241496e-06
 8.96500000000000057e+01 9.02000000000000028e+01 1.28367365979612847e-03 2.77807987106960796e-06
 9.02000000000000028e+01 9.07500000000000000e+01 1.31352612997404149e-03 2.94009413140309707e-06
 9.07500000000000000e+01 9.12999999999999972e+01 1.30992893142268846e-03 3.02873590408921514e-06
 9.12999999999999972e+01 9.18499999999999943e+01 1.30494920163375474e-03 2.87866053881074930e-06
 9.18499999999999943e+01 9.24000000000000057e+01 1.30810867833042405e-03 3.37774714002162875e-06
 9.24000000000000057e+01 9.29500000000000028e+01 1.30573602510153266e-03 3.04658259570422388e-06
 9.29500000000000028e+01 9.35000000000000000e+01 1.30454193685755940e-03 2.85982097766405805e-06
 9.35000000000000000e+01 9.40499999999999972e+01 1.29801620046681256e-03 2.90965447452395350e-06
 9.40499999999999972e+01 9.45999999999999943e+01 1.29960230857877946e-03 3.16107274000696167e-06
 9.45999999999999943e+01 9.51500000000000057e+01 1.29764518344633499e-03 3.16372369293338357e-06
 9.51500000000000057e+01 9.57000000000000028e+01 1.29571359005569548e-03 2.90557627697129574e-06
 9.57000000000000028e+01 9.62500000000000000e+01 1.29594466611282857e-03 2.83322444161842836e-06
 9.62500000000000000e+01 9.67999999999999972e+01 1.28663872196216073e-03 2.86074040165238976e-06
 9.67999999999999972e+01 9.73499999999999943e+01 1.28339114335710423e-03 2.88156395649337190e-06
 9.73499999999999943e+01 9.79000000000000057e+01 1.28309189063656698e-03 3.00264638948855112e-06
 9.79000000000000057e+01 9.84500000000000028e+01 1.28302427858331008e-03 2.92838416268280949e-06
 9.84500000000000028e+01 9.90000000000000000e+01 1.28036431061593009e-03 2.88844540987017307e-06
 9.90000000000000000e+01 9.95499999999999972e+01 1.28314349898498337e-03 3.76268974119105966e-06
 9.95499999999999972e+01 1.00099999999999994e+02 1.27076967444050425e-03 2.87428024479235535e-06
 1.00099999999999994e+02 1.00650000000000006e+02 1.27880993962433656e-03 3.84793812708810579e-06
 1.00650000000000006e+02 1.01200000000000003e+02 1.27008524646323243e-03 2.96398109763265214e-06
 1.01200000000000003e+02 1.01750000000000000e+02 1.27564007247041723e-03 5.11335985432105968e-06
 1.01750000000000000e+02 1.02299999999999997e+02 1.26950875080228875e-03 2.96410769581436436e-06
 1.02299999999999997e+02 1.02849999999999994e+02 1.26442975125695863e-03 3.58589340101773214e-06
 1.02849999999999994e+02 1.03400000000000006e+02 1.26153662006658223e-03 2.90319239983326364e-06
 1.03400000000000006e+02 1.03950000000000003e+02 1.26603817069804851e-03 3.10991345103813030e-06
 1.03950000000000003e+02 1.04500000000000000e+02 1.26047250536003410e-03 2.95878583108479213e-06
 1.04500000000000000e+02 1.05049999999999997e+02 1.24960659908947952e-03 2.85734570478874938e-06
 1.05049999999999997e+02 1.05599999999999994e+02 1.25142278366153830e-03 2.80035573549874566e-06
 1.05599999999999994e+02 1.06150000000000006e+02 1.25602342724937172e-03 3.51583343018894108e-06
 1.06150000000000006e+02 1.06700000000000003e+02 1.24608190786391557e-03 2.83464040420551726e-06
 1.06700000000000003e+02 1.07250000000000000e+02 1.24769590277798502e-03 2.92419366995861694e-06
 1.07250000000000000e+02 1.07799999999999997e+02 1.24220182772366485e-03 2.78220653597847373e-06
 1.07799999999999997e+02 1.08349999999999994e+02 1.24584018393338785e-03 3.67072542895192589e-06
 1.08349999999999994e+02 1.08900000000000006e+02 1.24226073826870054e-03 2.89783169882397715e-06
 1.08900000000000006e+02 1.09450000000000003e+02 1.23516790733574962e-03 2.75651113890690309e-06
 1.09450000000000003e+02 1.10000000000000000e+02 1.23080058412992932e-03 2.83177149033985954e-06
 1.10000000000000000e+02 1.10549999999999997e+02 1.23780313546516837e-03 3.27204373983858223e-06
 1.10549999999999997e+02 1.11099999999999994e+02 1.22760645672439117e-03 2.80999538899236558e-06
 1.11099999999999994e+02 1.11650000000000006e+02 1.22749778111488450e-03 2.88833482555046380e-06
 1.11650000000000006e+02 1.12200000000000003e+02 1.22192381107022029e-03 3.08972067422032181e-06
 1.12200000000000003e+02 1.12750000000000000e+02 1.21890790328260082e-03 2.74921788112184425e-06
 1.12750000000000000e+02 1.13299999999999997e+02 1.21600233824438356e-03 2.82142521010857816e-06
 1.13299999999999997e+02 1.13849999999999994e+02 1.21344501757351562e-03 2.74047937591888050e-06
 1.13849999999999994e+02 1.14400000000000006e+02 1.20960848200438609e-03 3.02862203374213119e-06
 1.14400000000000006e+02 1.14950000000000003e+02 1.21244956941057424e-03 3.70799730369342391e-06
 1.14950000000000003e+02 1.15500000000000000e+02 1.21143811576878368e-03 3.04942003681787196e-06
 1.15500000000000000e+02 1.16049999999999997e+02 1.20463802978200353e-03 2.76702452721903136e-06
 1.16049999999999997e+02 1.16599999999999994e+02 1.20637436568947552e-03 3.62198829363082313e-06
 1.16599999999999994e+02 1.17150000000000006e+02 1.20537233314258526e-03 3.61508271616191956e-06
 1.17150000000000006e+02 1.17700000000000003e+02 1.19627205862416668e-03 2.81580346469334821e-06
 1.17700000000000003e+02 1.18250000000000000e+02 1.19419455673455644e-03 2.88363391900150192e-06
 1.18250000000000000e+02 1.18799999999999997e+02 1.20227116416885037e-03 1.05809196782714641e-05
 1.18799999999999997e+02 1.19349999999999994e+02 1.19286682812591691e-03 2.78523487868375986e-06
 1.19349999999999994e+02 1.19900000000000006e+02 1.18815663896697644e-03 2.92353820081951806e-06
 1.19900000000000006e+02 1.20450000000000003e+02 1.18494150051067881e-03 2.90120986793060690e-06
 1.20450000000000003e+02 1.21000000000000000e+02 1.17969928251063162e-03 2.91784049733438625e-06
 1.21000000000000000e+02 1.21549999999999997e+02 1.18056643192464934e-03 2.92664603269563870e-06
 1.21549999999999997e+02 1.22099999999999994e+02 1.17997843646888310e-03 3.00502459051456497e-06
 1.22099999999999994e+02 1.22650000000000006e+02 1.17022709282374265e-03 2.72597228649928514e-06
 1.22650000000000006e+02 1.23200000000000003e+02 1.17463245665160531e-03 4.48899652553139853e-06
 1.23200000000000003e+02 1.23750000000000000e+02 1.17174113774284362e-03 2.86736780502288584e-06
 1.23750000000000000e+02 1.24299999999999997e+02 1.16704766680798431e-03 3.17829609696478233e-06
 1.24299999999999997e+02 1.24849999999999994e+02 1.16666482671181574e-03 3.74318140113139152e-06
 1.24849999999999994e+02 1.25400000000000006e+02 1.15897269507266422e-03 2.91048211603269150e-06
 1.25400000000000006e+02 1.25950000000000003e+02 1.15675206501143052e-03 3.43516982158229604e-06
 1.25950000000000003e+02 1.26500000000000000e+02 1.15567872964498857e-03 2.85229559596702956e-06
 1.26500000000000000e+02 1.27049999999999997e+02 1.15289031429236639e-03 2.85747267220914994e-06
 1.27049999999999997e+02 1.27599999999999994e+02 1.14669811101832781e-03 3.14394494746648579e-06
 1.27599999999999994e+02 1.28150000000000006e+02 1.14900006037664992e-03 3.77625775323528639e-06
 1.28150000000000006e+02 1.28699999999999989e+02 1.14059474837119985e-03 3.05348829685780209e-06
 1.28699999999999989e+02 1.29250000000000000e+02 1.13953989047429409e-03 2.60746430127909737e-06
 1.29250000000000000e+02 1.29800000000000011e+02 1.13904151763283734e-03 2.90469357644523853e-06
 1.29800000000000011e+02 1.30349999999999994e+02 1.13365933738436109e-03 2.68611978548474773e-06
 1.30349999999999994e+02 1.30900000000000006e+02 1.13427406890582354e-03 2.92966103634659677e-06
 1.30900000000000006e+02 1.31449999999999989e+02 1.12456320349679198e-03 2.68017888953660993e-06
 1.31449999999999989e+02 1.32000000000000000e+02 1.13364629053489918e-03 3.32395012183724514e-06
 1.32000000000000000e+02 1.32550000000000011e+02 1.12297652129374464e-03 2.71032474578715364e-06
 1.32550000000000011e+02 1.33099999999999994e+02 1.12732720603388181e-03 3.25455465944792722e-06
 1.33099999999999994e+02 1.33650000000000006e+02 1.11864187899418524e-03 2.79051829792780431e-06
 1.33650000000000006e+02 1.34199999999999989e+02 1.11756393354435165e-03 3.42968104116936901e-06
 1.34199999999999989e+02 1.34750000000000000e+02 1.10721760868981466e-03 2.62714634416224470e-06
 1.34750000000000000e+02 1.35300000000000011e+02 1.10929299794856428e-03 2.95475518233359240e-06
 1.35300000000000011e+02 1.35849999999999994e+02 1.11295101478629571e-03 3.32045551225583592e-06
 1.35849999999999994e+02 1.36400000000000006e+02 1.10213711188194468e-03 2.76383741581606288e-06
 1.36400000000000006e+02 1.36949999999999989e+02 1.09749918443178109e-03 2.71293767268450148e-06
 1.36949999999999989e+02 1.37500000000000000e+02 1.09429722558352770e-03 2.65485181650908025e-06
 1.37500000000000000e+02 1.38050000000000011e+02 1.09240336114864336e-03 2.88581642229476157e-06
 1.38050000000000011e+02 1.38599999999999994e+02 1.09379813251697330e-03 2.79492700620475417e-06
 1.38599999999999994e+02 1.39150000000000006e+02 1.08921216598949861e-03 2.76860221336027692e-06
 1.39150000000000006e+02 1.39699999999999989e+02 1.08842741673486547e-03 2.79608558235503238e-06
 1.39699999999999989e+02 1.40250000000000000e+02 1.08150283077254670e-03 2.71874802710972651e-06
 1.40250000000000000e+02 1.40800000000000011e+02 1.07910207421444012e-03 2.81378784950716895e-06
 1.40800000000000011e+02 1.41349999999999994e+02 1.07438234907683301e-03 2.66816327343575123e-06
 1.41349999999999994e+02 1.41900000000000006e+02 1.07462828726851540e-03 2.70195077448807740e-06
 1.41900000000000006e+02 1.42449999999999989e+02 1.07718980440508864e-03 2.96519892180808066e-06
 1.42449999999999989e+02 1.43000000000000000e+02 1.06572963192372891e-03 2.63013926530857670e-06
 1.43000000000000000e+02 1.43550000000000011e+02 1.06741346973143443e-03 3.32902431125781947e-06
 1.43550000000000011e+02 1.44099999999999994e+02 1.05980539578548016e-03 2.66485908110512378e-06
 1.44099999999999994e+02 1.44650000000000006e+02 1.05381090950313196e-03 2.59729571530030189e-06
 1.44650000000000006e+02 1.45199999999999989e+02 1.05733971628580305e-03 3.60649571664284192e-06
 1.45199999999999989e+02 1.45750000000000000e+02 1.05306030373666861e-03 3.46721770977329258e-06
 1.45750000000000000e+02 1.46300000000000011e+02 1.04526529317005212e-03 3.12218493645394691e-06
 1.46300000000000011e+02 1.46849999999999994e+02 1.04486247311425017e-03 2.90481134021913819e-06
 1.46849999999999994e+02 1.47400000000000006e+02 1.04095469860034247e-03 2.66998122577505869e-06
 1.47400000000000006e+02 1.47949999999999989e+02 1.03807156646813130e-03 2.74999193270213726e-06
 1.47949999999999989e+02 1.48500000000000000e+02 1.03330441170579584e-03 2.58783474223894932e-06
 1.48500000000000000e+02 1.49050000000000011e+02 1.02763531886606056e-03 2.68521554160909216e-06
 1.49050000000000011e+02 1.49599999999999994e+02 1.02805683390420270e-03 3.59158679809143956e-06
 1.49599999999999994e+02 1.50150000000000006e+02 1.02720662294609826e-03 2.74207472586618487e-06
 1.50150000000000006e+02 1.50699999999999989e+02 1.02593009481987221e-03 2.72137359533849209e-06
 1.50699999999999989e+02 1.51250000000000000e+02 1.01189890288662355e-03 2.62929745633996774e-06
 1.51250000000000000e+02 1.51800000000000011e+02 1.02010256625285640e-03 2.98494764835197824e-06
 1.51800000000000011e+02 1.52349999999999994e+02 1.01287767460812536e-03 2.62700574903173621e-06
 1.52349999999999994e+02 1.52900000000000006e+02 1.01031177671788734e-03 2.65030182776948731e-06
 1.52900000000000006e+02 1.53449999999999989e+02 1.00551930513031063e-03 2.65540969979492914e-06
 1.53449999999999989e+02 1.54000000000000000e+02 1.00479114105120121e-03 2.67472626899839264e-06
 1.54000000000000000e+02 1.54550000000000011e+02 1.00055951819717250e-03 2.70023361346860304e-06
 1.54550000000000011e+02 1.55099999999999994e+02 9.95670402032354605e-04 3.04526730748992256e-06
 1.55099999999999994e+02 1.55650000000000006e+02 9.94345157215415594e-04 2.53084033245784265e-06
 1.55650000000000006e+02 1.56199999999999989e+02 9.93808657638897003e-04 2.76701398614558723e-06
 1.56199999999999989e+02 1.56750000000000000e+02 9.90310771683470484e-04 3.30667735730765672e-06
 1.56750000000000000e+02 1.57300000000000011e+02 9.83984217015624251e-04 2.88798587909346484e-06
 1.57300000000000011e+02 1.57849999999999994e+02 9.83719583972291834e-04 2.70460604354802938e-06
 1.57849999999999994e+02 1.58400000000000006e+02 9.81127491434721300e-04 3.63617504853788173e-06
 1.58400000000000006e+02 1.58949999999999989e+02 9.75884833160636073e-04 3.20334176699234017e-06
 1.58949999999999989e+02 1.59500000000000000e+02 9.76089793803516705e-04 3.05948558411933159e-06
 1.59500000000000000e+02 1.60050000000000011e+02 9.67200122262062761e-04 2.94697862932859605e-06
 1.60050000000000011e+02 1.60599999999999994e+02 9.60716077252446433e-04 2.92205045310910218e-06
 1.60599999999999994e+02 1.61150000000000006e+02 9.55041676899342357e-04 2.52544880957164297e-06
 1.61150000000000006e+02 1.61699999999999989e+02 9.62352888539246714e-04 3.41316300293455817e-06
 1.61699999999999989e+02 1.62250000000000000e+02 9.57662776230768973e-04 3.66618316427408426e-06
 1.62250000000000000e+02 1.62800000000000011e+02 9.52805933064955739e-04 3.83141166945985434e-06
 1.62800000000000011e+02 1.63349999999999994e+02 9.39552684927571330e-04 2.53709538051383432e-06
 1.63349999999999994e+02 1.63900000000000006e+02 9.45196581771425666e-04 3.80091746107468885e-06
 1.63900000000000006e+02 1.64449999999999989e+02 9.42494764710066096e-04 4.72567098132244003e-06
 1.64449999999999989e+02 1.65000000000000000e+02 9.36013364080021636e-04 3.01810960204873558e-06
 1.65000000000000000e+02 1.65550000000000011e+02 9.27652223917725671e-04 2.47212548135570134e-06
 1.65550000000000011e+02 1.66099999999999994e+02 9.34354641091657821e-04 5.14635170183792268e-06
 1.66099999999999994e+02 1.66650000000000006e+02 9.25566793233265593e-04 2.49499094807683650e-06
 1.66650000000000006e+02 1.67199999999999989e+02 9.24428639415944163e-04 2.91326483599080254e-06
 1.67199999999999989e+02 1.67750000000000000e+02 9.17985613788535257e-04 2.57964311072833286e-06
 1.67750000000000000e+02 1.68300000000000011e+02 9.14726664950841930e-04 2.47053214771014452e-06
 1.68300000000000011e+02 1.68849999999999994e+02 9.08349057070999754e-04 2.65580429802793533e-06
 1.68849999999999994e+02 1.69400000000000006e+02 9.09314058325551137e-04 2.57410706977671838e-06
 1.69400000000000006e+02 1.69949999999999989e+02 9.09435164069612493e-04 3.30323649065238774e-06
 1.69949999999999989e+02 1.70500000000000000e+02 9.03341009467482675e-04 2.68582914042220104e-06
 1.70500000000000000e+02 1.71050000000000011e+02 8.99381104228406817e-04 5.19467106512282906e-06
 1.71050000000000011e+02 1.71599999999999994e+02 8.94619489163699924e-04 2.52509214907645994e-06
 1.71599999999999994e+02 1.72150000000000006e+02 8.92921193474187596e-04 2.73614621456655416e-06
 1.72150000000000006e+02 1.72699999999999989e+02 8.86293498020668128e-04 2.87181812392303421e-06
 1.72699999999999989e+02 1.73250000000000000e+02 8.84969572708485227e-04 2.92575998721542993e-06
 1.73250000000000000e+02 1.73800000000000011e+02 8.79213725333418653e-04 2.41673318834311461e-06
 1.73800000000000011e+02 1.74349999999999994e+02 8.77881773773923793e-04 2.77887840928226284e-06
 1.74349999999999994e+02 1.74900000000000006e+02 8.76091565621423245e-04 2.73887656843990515e-06
 1.74900000000000006e+02 1.75449999999999989e+02 8.71699831751471385e-04 4.33276985253781907e-06
 1.75449999999999989e+02 1.76000000000000000e+02 8.63052911806753368e-04 2.46807588345637585e-06
 1.76000000000000000e+02 1.76550000000000011e+02 8.63430581276692895e-04 3.49018982720586342e-06
 1.76550000000000011e+02 1.77099999999999994e+02 8.57632020269014864e-04 2.78676061147806380e-06
 1.77099999999999994e+02 1.77650000000000006e+02 8.52632203272381652e-04 2.89230280338391549e-06
 1.77650000000000006e+02 1.78199999999999989e+02 8.50874247928396291e-04 2.49452271520328825e-06
 1.78199999999999989e+02 1.78750000000000000e+02 8.46717800759542744e-04 2.46817387678324547e-06
 1.78750000000000000e+02 1.79300000000000011e+02 8.41093800373925670e-04 2.36347034215412156e-06
 1.79300000000000011e+02 1.79849999999999994e+02 8.37699994821278107e-04 2.32561674285037426e-06
 1.79849999999999994e+02 1.80400000000000006e+02 8.36705865899077354e-04 2.49524776016557152e-06
 1.80400000000000006e+02 1.80949999999999989e+02 8.31528850367130876e-04 2.79433025340697310e-06
 1.80949999999999989e+02 1.81500000000000000e+02 8.32658597679178944e-04 2.80876395479733287e-06
 1.81500000000000000e+02 1.82050000000000011e+02 8.26058891319996175e-04 2.56749155165582070e-06
 1.82050000000000011e+02 1.82599999999999994e+02 8.24618659157885011e-04 2.79831749863435368e-06
 1.82599999999999994e+02 1.83150000000000006e+02 8.15457508686829864e-04 2.33113671013261273e-06
 1.83150000000000006e+02 1.83699999999999989e+02 8.10837058420501525e-04 2.48510997940898184e-06
 1.83699999999999989e+02 1.84250000000000000e+02 8.12545503451199153e-04 2.38871087477229071e-06
 1.84250000000000000e+02 1.84800000000000011e+02 8.04499536184113788e-04 3.25778419850923454e-06
 1.84800000000000011e+02 1.85349999999999994e+02 8.00863750754825894e-04 2.53191884902246875e-06
 1.85349999999999994e+02 1.85900000000000006e+02 7.95028956932129272e-04 2.38965143867868810e-06
 1.85900000000000006e+02 1.86449999999999989e+02 7.94191270993750199e-04 2.38842733976904116e-06
 1.86449999999999989e+02 1.87000000000000000e+02 7.87350191334363096e-04 2.38182725710718216e-06
 1.87000000000000000e+02 1.87550000000000011e+02 7.93634949068285317e-04 4.31408975721752306e-06
 1.87550000000000011e+02 1.88099999999999994e+02 7.83920324354564274e-04 2.22850340810275569e-06
 1.88099999999999994e+02 1.88650000000000006e+02 7.76103891847697465e-04 2.22393890054132317e-06
 1.88650000000000006e+02 1.89199999999999989e+02 7.79688206288831564e-04 2.31856243598335943e-06
 1.89199999999999989e+02 1.89750000000000000e+02 7.73226453503935048e-04 2.63929217750461075e-06
 1.89750000000000000e+02 1.90300000000000011e+02 7.63854187612718989e-04 2.65142285185416171e-06
 1.90300000000000011e+02 1.90849999999999994e+02 7.68044317151294004e-04 2.63408804422382268e-06
 1.90849999999999994e+02 1.91400000000000006e+02 7.61323664551787137e-04 2.30649731412822179e-06
 1.91400000000000006e+02 1.91949999999999989e+02 7.55509891139879790e-04 4.12798490437115331e-06
 1.91949999999999989e+02 1.92500000000000000e+02 7.53731506788550142e-04 2.60776376766932353e-06
 1.92500000000000000e+02 1.93050000000000011e+02 7.45417622601968091e-04 2.50077301118456116e-06
 1.93050000000000011e+02 1.93599999999999994e+02 7.42206240473277062e-04 2.50825354015861688e-06
 1.93599999999999994e+02 1.94150000000000006e+02 7.39634360765964384e-04 2.68597090948069673e-06
 1.94150000000000006e+02 1.94699999999999989e+02 7.35802086094773265e-04 2.23794310072491479e-06
 1.94699999999999989e+02 1.95250000000000000e+02 7.33972484783047309e-04 2.45883823245397351e-06
 1.95250000000000000e+02 1.95800000000000011e+02 7.29563747515376442e-04 2.23085386269923568e-06
 1.95800000000000011e+02 1.96349999999999994e+02 7.28109676028076405e-04 2.83426496148693126e-06
 1.96349999999999994e+02 1.96900000000000006e+02 7.20839069794425693e-04 2.47176050735707032e-06
 1.96900000000000006e+02 1.97449999999999989e+02 7.19547411239855714e-04 2.30642059129707172e-06
 1.97449999999999989e+02 1.98000000000000000e+02 7.10739019241520107e-04 2.20541603699832005e-06
 1.98000000000000000e+02 1.98550000000000011e+02 7.09741120071702100e-04 2.64642232109759784e-06
 1.98550000000000011e+02 1.99099999999999994e+02 7.05114837300015412e-04 2.68226440098499318e-06
 1.99099999999999994e+02 1.99650000000000006e+02 7.01256098078884352e-04 2.41056948129459847e-06
 1.99650000000000006e+02 2.00199999999999989e+02 6.93514767177457088e-04 2.57830454843967779e-06
 2.00199999999999989e+02 2.00750000000000000e+02 6.92988614550008064e-04 2.64786877509766121e-06
 2.00750000000000000e+02 2.01300000000000011e+02 6.90548531883351194e-04 2.22113824258422554e-06
 2.01300000000000011e+02 2.01849999999999994e+02 6.85763499858528525e-04 2.81456979317514876e-06
 2.01849999999999994e+02 2.02400000000000006e+02 6.78923764028352850e-04 2.21487106906442802e-06
 2.02400000000000006e+02 2.02949999999999989e+02 6.76029845302404436e-04 2.35034425362744059e-06
 2.02949999999999989e+02 2.03500000000000000e+02 6.73789915304219837e-04 2.47559096328382338e-06
 2.03500000000000000e+02 2.04050000000000011e+02 6.71131631359995042e-04 2.24589013740422580e-06
 2.04050000000000011e+02 2.04599999999999994e+02 6.61110576104023987e-04 2.40813140729819835e-06
 2.04599999999999994e+02 2.05150000000000006e+02 6.59688759176814692e-04 2.56809296941940184e-06
 2.05150000000000006e+02 2.05699999999999989e+02 6.55051699330273405e-04 2.46535444068226010e-06
 2.05699999999999989e+02 2.06250000000000000e+02 6.48882205524022428e-04 2.24116966605993065e-06
 2.06250000000000000e+02 2.06800000000000011e+02 6.42762344919707335e-04 2.07975807652190480e-06
 2.06800000000000011e+02 2.07349999999999994e+02 6.44154388326899905e-04 2.40371941459212375e-06
 2.07349999999999994e+02 2.07900000000000006e+02 6.36707167784399141e-04 2.06358401577538345e-06
 2.07900000000000006e+02 2.08449999999999989e+02 6.33065015913690000e-04 2.16294192842112882e-06
 2.08449999999999989e+02 2.09000000000000000e+02 6.29784018521977232e-04 2.57160832398940552e-06
 2.09000000000000000e+02 2.09550000000000011e+02 6.27981141851939486e-04 2.68753311576008338e-06
 2.09550000000000011e+02 2.10099999999999994e+02 6.21585273280668405e-04 2.23327095876219558e-06
 2.10099999999999994e+02 2.10650000000000006e+02 6.24646732510607261e-04 5.23348782857266569e-06
 2.10650000000000006e+02 2.11199999999999989e+02 6.11214431282718204e-04 2.00547726731953335e-06
 2.11199999999999989e+02 2.11750000000000000e+02 6.11670963681983744e-04 2.89902670424514869e-06
 2.11750000000000000e+02 2.12300000000000011e+02 6.06593142084535433e-04 2.28477741771036318e-06
 2.12300000000000011e+02 2.12849999999999994e+02 6.02185098755601660e-04 2.16845481025534681e-06
 2.12849999999999994e+02 2.13400000000000006e+02 5.94234116947523839e-04 2.00578904969832902e-06
 2.13400000000000006e+02 2.13949999999999989e+02 5.92589293965811574e-04 2.57501113533223021e-06
 2.13949999999999989e+02 2.14500000000000000e+02 5.87924153690065209e-04 2.05959866116770305e-06
 2.14500000000000000e+02 2.15050000000000011e+02 5.85006115761778529e-04 2.10290122917018239e-06
 2.15050000000000011e+02 2.15599999999999994e+02 5.82144076553243279e-04 2.64207901428759222e-06
 2.15599999999999994e+02 2.16150000000000006e+02 5.75126205636522806e-04 2.06198833040571579e-06
 2.16150000000000006e+02 2.16699999999999989e+02 5.72464772608054315e-04 2.28132962216767034e-06
 2.16699999999999989e+02 2.17250000000000000e+02 5.66362428924500243e-04 2.51585713965160294e-06
 2.17250000000000000e+02 2.17800000000000011e+02 5.62683665661531992e-04 2.07244485890149096e-06
 2.17800000000000011e+02 2.18349999999999994e+02 5.55436324249334603e-04 1.94836286084667869e-06
 2.18349999999999994e+02 2.18900000000000006e+02 5.58104659286956322e-04 2.91050966519219700e-06
 2.18900000000000006e+02 2.19449999999999989e+02 5.46897229213843075e-04 1.99717733348399712e-06
 2.19449999999999989e+02 2.20000000000000000e+02 5.49145214496949731e-04 3.38333200524395081e-06
 2.20000000000000000e+02 2.20550000000000011e+02 5.47098316585802697e-04 6.43429798767460665e-06
 2.20550000000000011e+02 2.21099999999999994e+02 5.33353248657682417e-04 2.81809421222677860e-06
 2.21099999999999994e+02 2.21650000000000006e+02 5.30321829086774542e-04 2.00655289567978322e-06
 2.21650000000000006e+02 2.22199999999999989e+02 5.32205249554399827e-04 3.73825966422535911e-06
 2.22199999999999989e+02 2.22750000000000000e+02 5.32549689245744137e-04 9.71133486224323581e-06
 2.22750000000000000e+02 2.23300000000000011e+02 5.20254512413689438e-04 1.90854884828455201e-06
 2.23300000000000011e+02 2.23849999999999994e+02 5.13462655766004552e-04 2.00959519645769397e-06
 2.23849999999999994e+02 2.24400000000000006e+02 5.08993797978541111e-04 1.87068459286812211e-06
 2.24400000000000006e+02 2.24949999999999989e+02 5.08695261941256860e-04 1.95699201076864819e-06
 2.24949999999999989e+02 2.25500000000000000e+02 4.99743628527581410e-04 1.97386871325412404e-06
 2.25500000000000000e+02 2.26050000000000011e+02 4.96823610630164674e-04 2.02710156407540350e-06
 2.26050000000000011e+02 2.26599999999999994e+02 4.99268462331337796e-04 2.08815974133910259e-06
 2.26599999999999994e+02 2.27150000000000006e+02 4.91448610191759440e-04 2.39071378499737014e-06
 2.27150000000000006e+02 2.27699999999999989e+02 4.85842775411794562e-04 2.03692408783504548e-06
 2.27699999999999989e+02 2.28250000000000000e+02 4.78785806503732848e-04 2.50961035478714449e-06
 2.28250000000000000e+02 2.28800000000000011e+02 4.79979289863355222e-04 2.16189532394654924e-06
 2.28800000000000011e+02 2.29349999999999994e+02 4.66608635569992932e-04 1.92651664405021500e-06
 2.29349999999999994e+02 2.29900000000000006e+02 4.65875543510987987e-04 2.49635980864789956e-06
 2.29900000000000006e+02 2.30449999999999989e+02 4.61211198176090826e-04 2.21607650639473552e-06
 2.30449999999999989e+02 2.31000000000000000e+02 4.50911239772139663e-04 1.72470661928360713e-06
 2.31000000000000000e+02 2.31550000000000011e+02 4.55726371103940919e-04 1.90053531200912068e-06
 2.31550000000000011e+02 2.32099999999999994e+02 4.48172995228147389e-04 1.90141079889946165e-06
 2.32099999999999994e+02 2.32650000000000006e+02 4.43585528450142236e-04 1.86420559683307242e-06
 2.32650000000000006e+02 2.33199999999999989e+02 4.41856917069201956e-04 2.51388347609322653e-06
 2.33199999999999989e+02 2.33750000000000000e+02 4.34679071423991169e-04 1.80824367992604064e-06
 2.33750000000000000e+02 2.34300000000000011e+02 4.29038921212483975e-04 1.90679686809652636e-06
 2.34300000000000011e+02 2.34849999999999994e+02 4.23931459488268510e-04 2.03857110905578556e-06
 2.34849999999999994e+02 2.35400000000000006e+02 4.21946932149037729e-04 1.92602619833677884e-06
 2.35400000000000006e+02 2.35949999999999989e+02 4.16424515882864621e-04 1.78583042535778741e-06
 2.35949999999999989e+02 2.36500000000000000e+02 4.16174187055769803e-04 2.77174620969925734e-06
 2.36500000000000000e+02 2.37050000000000011e+02 4.09969002868428847e-04 1.90295995572697062e-06
 2.37050000000000011e+02 2.37599999999999994e+02 4.04976586356973263e-04 1.74426238914468023e-06
 2.37599999999999994e+02 2.38150000000000006e+02 3.99518761002383416e-04 1.86772610718924269e-06
 2.38150000000000006e+02 2.38699999999999989e+02 3.95111959257444547e-04 1.70982798594132455e-06
 2.38699999999999989e+02 2.39250000000000000e+02 3.91350248072918705e-04 1.84812421554552945e-06
 2.39250000000000000e+02 2.39800000000000011e+02 3.86830306042889932e-04 1.84590100907482132e-06
 2.39800000000000011e+02 2.40349999999999994e+02 3.84611344688353687e-04 2.02501684495174422e-06
 2.40349999999999994e+02 2.40900000000000006e+02 3.78785202240610190e-04 2.15690394784583235e-06
 2.40900000000000006e+02 2.41449999999999989e+02 3.71101575471769884e-04 1.68784101149358999e-06
 2.41449999999999989e+02 2.42000000000000000e+02 3.73143771616615588e-04 2.32941284878750570e-06
 2.42000000000000000e+02 2.42550000000000011e+02 3.65202033437341401e-04 2.37649282334197382e-06
 2.42550000000000011e+02 2.43099999999999994e+02 3.61281549918207351e-04 1.73763413715571065e-06
 2.43099999999999994e+02 2.43650000000000006e+02 3.59791996175709181e-04 2.96514187400789462e-06
 2.43650000000000006e+02 2.44199999999999989e+02 3.47290892525065021e-04 1.66601620793264007e-06
 2.44199999999999989e+02 2.44750000000000000e+02 3.47636236900698023e-04 1.95875736226649002e-06
 2.44750000000000000e+02 2.45300000000000011e+02 3.42872017505497682e-04 1.86341951455126522e-06
 2.45300000000000011e+02 2.45849999999999994e+02 3.38922305561240934e-04 1.65400011143929378e-06
 2.45849999999999994e+02 2.46400000000000006e+02 3.34618950104550062e-04 1.83384326960664888e-06
 2.46400000000000006e+02 2.46949999999999989e+02 3.29527319486580181e-04 2.19911279474775717e-06
 2.46949999999999989e+02 2.47500000000000000e+02 3.25642407815894292e-04 2.38398467037833281e-06
 2.47500000000000000e+02 2.48050000000000011e+02 3.21396787813640981e-04 1.84864762091254366e-06
 2.48050000000000011e+02 2.48599999999999994e+02 3.15153036707660765e-04 1.68230820353688080e-06
 2.48599999999999994e+02 2.49150000000000006e+02 3.07522172351943116e-04 1.55128238816861391e-06
 2.49150000000000006e+02 2.49699999999999989e+02 3.06427409615474635e-04 1.73134797704161232e-06
 2.49699999999999989e+02 2.50250000000000000e+02 3.04382492706090839e-04 1.87087059564752546e-06
 2.50250000000000000e+02 2.50800000000000011e+02 2.97910030591523318e-04 1.65338418206856512e-06
 2.50800000000000011e+02 2.51349999999999994e+02 2.93293581678551326e-04 1.53707235960199062e-06
 2.51349999999999994e+02 2.51900000000000006e+02 2.91082865395702597e-04 1.68378053316467917e-06
 2.51900000000000006e+02 2.52449999999999989e+02 2.85158543839374341e-04 1.55049002146368080e-06
 2.52449999999999989e+02 2.53000000000000000e+02 2.78297661068424497e-04 1.59340777393450243e-06
 2.53000000000000000e+02 2.53550000000000011e+02 2.76922791095452088e-04 1.74005638306264670e-06
 2.53550000000000011e+02 2.54099999999999994e+02 2.72440349199579667e-04 1.76310061250465588e-06
 2.54099999999999994e+02 2.54650000000000006e+02 2.67427428213010989e-04 1.50359472092201972e-06
 2.54650000000000006e+02 2.55199999999999989e+02 2.63074250319079886e-04 1.59753122278192060e-06
 2.55199999999999989e+02 2.55750000000000000e+02 2.61851141025715530e-04 3.90103892172058157e-06
 2.55750000000000000e+02 2.56300000000000011e+02 2.55496291047808922e-04 1.62359089899989256e-06
 2.56300000000000011e+02 2.56850000000000023e+02 2.47435254054623264e-04 1.48869841493774319e-06
 2.56850000000000023e+02 2.57399999999999977e+02 2.47115293292470397e-04 1.82190897715039613e-06
 2.57399999999999977e+02 2.57949999999999989e+02 2.43228720296219137e-04 1.74258653257812763e-06
 2.57949999999999989e+02 2.58500000000000000e+02 2.39291161674377129e-04 3.91034453944256578e-06
 2.58500000000000000e+02 2.59050000000000011e+02 2.36965439723440933e-04 2.47609815723325496e-06
 2.59050000000000011e+02 2.59600000000000023e+02 2.26528623269773964e-04 1.50173502807695248e-06
 2.59600000000000023e+02 2.60149999999999977e+02 2.24450231276173242e-04 1.41868884644143212e-06
 2.60149999999999977e+02 2.60699999999999989e+02 2.19949971196502794e-04 1.41717421481768454e-06
 2.60699999999999989e+02 2.61250000000000000e+02 2.15862359237229198e-04 1.45388703510073027e-06
 2.61250000000000000e+02 2.61800000000000011e+02 2.13655831692699939e-04 2.83909794009326319e-06
 2.61800000000000011e+02 2.62350000000000023e+02 2.10891438460551934e-04 2.65323791930308943e-06
 2.62350000000000023e+02 2.62899999999999977e+02 2.03654438020944601e-04 1.43365114547210276e-06
 2.62899999999999977e+02 2.63449999999999989e+02 1.99680148182943196e-04 1.71511183424886065e-06
 2.63449999999999989e+02 2.64000000000000000e+02 1.96692609773309015e-04 1.31227662067386174e-06
 2.64000000000000000e+02 2.64550000000000011e+02 1.90666710832916976e-04 1.49084587531179987e-06
 2.64550000000000011e+02 2.65100000000000023e+02 1.89940627943117820e-04 1.35548883073950139e-06
 2.65100000000000023e+02 2.65649999999999977e+02 1.83407275492625336e-04 1.25190684823094427e-06
 2.65649999999999977e+02 2.66199999999999989e+02 1.78666351546211399e-04 1.21569982168786291e-06
 2.66199999999999989e+02 2.66750000000000000e+02 1.81040685124498084e-04 1.44787083787447186e-06
 2.66750000000000000e+02 2.67300000000000011e+02 1.74792108105943661e-04 1.34351225204655326e-06
 2.67300000000000011e+02 2.67850000000000023e+02 1.70263832218438130e-04 1.30379549560998546e-06
 2.67850000000000023e+02 2.68399999999999977e+02 1.66094489621772284e-04 1.22801488836517405e-06
 2.68399999999999977e+02 2.68949999999999989e+02 1.63671445268748683e-04 1.30353277424679001e-06
 2.68949999999999989e+02 2.69500000000000000e+02 1.61502584718637712e-04 1.28351107277602618e-06
 2.69500000000000000e+02 2.70050000000000011e+02 1.56606369842803435e-04 1.32859504741573966e-06
 2.70050000000000011e+02 2.70600000000000023e+02 1.55328007786606281e-04 1.33408327705772219e-06
 2.70600000000000023e+02 2.71149999999999977e+02 1.53896778442076388e-04 2.84222307640841423e-06
 2.71149999999999977e+02 2.71699999999999989e+02 1.45874216352777727e-04 1.20732811386635343e-06
 2.71699999999999989e+02 2.72250000000000000e+02 1.43722408018237243e-04 1.23977302251216582e-06
 2.72250000000000000e+02 2.72800000000000011e+02 1.40590059411293384e-04 1.29046906852548187e-06
 2.72800000000000011e+02 2.73350000000000023e+02 1.35953652190179132e-04 1.16002148312862091e-06
 2.73350000000000023e+02 2.73899999999999977e+02 1.33064675374869703e-04 1.22304677613085223e-06
 2.73899999999999977e+02 2.74449999999999989e+02 1.34512814110313684e-04 1.52081498781584600e-06
 2.74449999999999989e+02 2.75000000000000000e+02 1.26712608282403359e-04 1.06892741237445036e-06
 2.75000000000000000e+02 2.75550000000000011e+02 1.22283975194241787e-04 1.08384823336320122e-06
 2.75550000000000011e+02 2.76100000000000023e+02 1.22495797636785559e-04 1.37146873030536426e-06
 2.76100000000000023e+02 2.76649999999999977e+02 1.17108933659797849e-04 1.11491955386903992e-06
 2.76649999999999977e+02 2.77199999999999989e+02 1.18643207549383437e-04 2.57869470792024025e-06
 2.77199999999999989e+02 2.77750000000000000e+02 1.10825337124503237e-04 1.12100148149924092e-06
 2.77750000000000000e+02 2.78300000000000011e+02 1.08368799406093123e-04 1.20297323125255870e-06
 2.78300000000000011e+02 2.78850000000000023e+02 1.05312479294434840e-04 1.06973840442208782e-06
 2.78850000000000023e+02 2.79399999999999977e+02 1.01570056991821288e-04 1.04908387545178439e-06
 2.79399999999999977e+02 2.79949999999999989e+02 1.01914688275749789e-04 1.10495923100914100e-06
 2.79949999999999989e+02 2.80500000000000000e+02 9.94735201130167977e-05 1.78008862071579972e-06
 2.80500000000000000e+02 2.81050000000000011e+02 9.47740090460611254e-05 1.05138248653600033e-06
 2.81050000000000011e+02 2.81600000000000023e+02 9.07390497213160399e-05 1.00913897726630106e-06
 2.81600000000000023e+02 2.82149999999999977e+02 9.26030826279292189e-05 1.10696625196963570e-06
 2.82149999999999977e+02 2.82699999999999989e+02 8.97358086548342098e-05 2.30732443998032094e-06
 2.82699999999999989e+02 2.83250000000000000e+02 8.40898675058728153e-05 1.04640319307467960e-06
 2.83250000000000000e+02 2.83800000000000011e+02 8.27594953086546444e-05 1.10964423611648576e-06
 2.83800000000000011e+02 2.84350000000000023e+02 8.09984390184826454e-05 1.15792785695716756e-06
 2.84350000000000023e+02 2.84899999999999977e+02 7.59640855743338398e-05 9.23835440796609891e-07
 2.84899999999999977e+02 2.85449999999999989e+02 7.32478963103083886e-05 1.03799738941592855e-06
 2.85449999999999989e+02 2.86000000000000000e+02 7.07203325528837093e-05 9.56281708598291544e-07
 2.86000000000000000e+02 2.86550000000000011e+02 7.02221022983730124e-05 8.83061131786295597e-07
 2.86550000000000011e+02 2.87100000000000023e+02 6.85515186934084299e-05 1.01692402481120140e-06
 2.87100000000000023e+02 2.87649999999999977e+02 6.57715762380490214e-05 1.03834771035024615e-06
 2.87649999999999977e+02 2.88199999999999989e+02 6.24816411523668077e-05 1.16181341014247008e-06
 2.88199999999999989e+02 2.88750000000000000e+02 5.81322934301385432e-05 7.96950239060275254e-07
 2.88750000000000000e+02 2.89300000000000011e+02 5.98425591767843987e-05 2.02430294511150069e-06
 2.89300000000000011e+02 2.89850000000000023e+02 5.61772136262137791e-05 9.36362803322598009e-07
 2.89850000000000023e+02 2.90399999999999977e+02 5.27240300135487129e-05 8.70501818239563890e-07
 2.90399999999999977e+02 2.90949999999999989e+02 5.26268916637766081e-05 1.45917671846285456e-06
 2.90949999999999989e+02 2.91500000000000000e+02 4.99493066050986156e-05 8.58995855143589079e-07
 2.91500000000000000e+02 2.92050000000000011e+02 4.92438839748020649e-05 1.63202034380405280e-06
 2.92050000000000011e+02 2.92600000000000023e+02 4.40996277701114468e-05 7.93218018197907146e-07
 2.92600000000000023e+02 2.93149999999999977e+02 4.17980551923727010e-05 9.44377932103933807e-07
 2.93149999999999977e+02 2.93699999999999989e+02 4.15425402168148204e-05 1.01027082807273127e-06
 2.93699999999999989e+02 2.94250000000000000e+02 4.13184283214260156e-05 1.97299673976118968e-06
 2.94250000000000000e+02 2.94800000000000011e+02 3.57516502143715250e-05 7.56017080095028373e-07
 2.94800000000000011e+02 2.95350000000000023e+02 3.55601840607684425e-05 7.22735340381789892e-07
 2.95350000000000023e+02 2.95899999999999977e+02 3.23288999494717350e-05 8.62331545444445347e-07
 2.95899999999999977e+02 2.96449999999999989e+02 3.14061784395715333e-05 7.20506943576150765e-07
 2.96449999999999989e+02 2.97000000000000000e+02 2.98948794426368091e-05 7.16488766932917379e-07
 2.97000000000000000e+02 2.97550000000000011e+02 2.67419029676596218e-05 6.65570426353125078e-07
 2.97550000000000011e+02 2.98100000000000023e+02 2.75830924548656933e-05 1.00434562423667305e-06
 2.98100000000000023e+02 2.98649999999999977e+02 2.46062386596624345e-05 7.03873099352417885e-07
 2.98649999999999977e+02 2.99199999999999989e+02 2.28408103538732457e-05 8.59141825891782603e-07
 2.99199999999999989e+02 2.99750000000000000e+02 2.07500038381435409e-05 5.86869335318955745e-07
 2.99750000000000000e+02 3.00300000000000011e+02 1.96705349519737840e-05 5.98310579552910283e-07
 3.00300000000000011e+02 3.00850000000000023e+02 1.93905147661432744e-05 8.22444421568384142e-07
 3.00850000000000023e+02 3.01399999999999977e+02 1.70080115630819167e-05 6.11385724009034954e-07
 3.01399999999999977e+02 3.01949999999999989e+02 1.75981816050599153e-05 8.72687201997258660e-07
 3.01949999999999989e+02 3.02500000000000000e+02 1.43569422822728738e-05 5.84347842881714680e-07
 3.02500000000000000e+02 3.03050000000000011e+02 1.27624262150351983e-05 5.02719000889738512e-07
 3.03050000000000011e+02 3.03600000000000023e+02 1.18661295746181703e-05 5.84232454520426194e-07
 3.03600000000000023e+02 3.04149999999999977e+02 1.15067688714583896e-05 6.02497808357851347e-07
 3.04149999999999977e+02 3.04699999999999989e+02 9.35651512469785978e-06 5.21286403805504093e-07
 3.04699999999999989e+02 3.05250000000000000e+02 1.02784367984733648e-05 2.01633315643811262e-06
 3.05250000000000000e+02 3.05800000000000011e+02 7.25766768680934493e-06 5.39250208903988265e-07
 3.05800000000000011e+02 3.06350000000000023e+02 6.17724487084036198e-06 3.83270318643468172e-07
 3.06350000000000023e+02 3.06899999999999977e+02 5.22836834021303612e-06 3.43843487842593631e-07
 3.06899999999999977e+02 3.07449999999999989e+02 4.45097831929407973e-06 3.02389207081384440e-07
 3.07449999999999989e+02 3.08000000000000000e+02 5.06338655935726551e-06 5.64335191239183796e-07
 3.08000000000000000e+02 3.08550000000000011e+02 2.93238726903950515e-06 2.89194074323140177e-07
 3.08550000000000011e+02 3.09100000000000023e+02 2.73036558182366344e-06 2.94055888292886139e-07
 3.09100000000000023e+02 3.09649999999999977e+02 1.96999558067544889e-06 2.22487433049030219e-07
 3.09649999999999977e+02 3.10199999999999989e+02 1.90961950163379644e-06 3.01216293810502156e-07
 3.10199999999999989e+02 3.10750000000000000e+02 9.78153541005131684e-07 1.49279934718822093e-07
 3.10750000000000000e+02 3.11300000000000011e+02 5.73795406393121412e-07 1.07498459183878172e-07
 3.11300000000000011e+02 3.11850000000000023e+02 5.31463488791354423e-07 1.70071846948235610e-07
 3.11850000000000023e+02 3.12399999999999977e+02 1.22207412745164493e-07 3.89709099928199166e-08
 3.12399999999999977e+02 3.12949999999999989e+02 9.60140953143774720e-08 6.64279121423518437e-08
 3.12949999999999989e+02 3.13500000000000000e+02 2.20133332702481312e-07 1.54093517092963029e-07
 3.13500000000000000e+02 3.14050000000000011e+02 0.00000000000000000e+00 0.00000000000000000e+00
 3.14050000000000011e+02 3.14600000000000023e+02 0.00000000000000000e+00 0.00000000000000000e+00
 3.14600000000000023e+02 3.15149999999999977e+02 0.00000000000000000e+00 0.00000000000000000e+00
 3.15149999999999977e+02 3.15699999999999989e+02 0.00000000000000000e+00 0.00000000000000000e+00
 3.15699999999999989e+02 3.16250000000000000e+02 0.00000000000000000e+00 0.00000000000000000e+00
 3.16250000000000000e+02 3.16800000000000011e+02 0.00000000000000000e+00 0.00000000000000000e+00
 3.16800000000000011e+02 3.17350000000000023e+02 0.00000000000000000e+00 0.00000000000000000e+00
 3.17350000000000023e+02 3.17899999999999977e+02 0.00000000000000000e+00 0.00000000000000000e+00
 3.17899999999999977e+02 3.18449999999999989e+02 0.00000000000000000e+00 0.00000000000000000e+00
 3.18449999999999989e+02 3.19000000000000000e+02 0.00000000000000000e+00 0.00000000000000000e+00
 3.19000000000000000e+02 3.19550000000000011e+02 0.00000000000000000e+00 0.00000000000000000e+00
 3.19550000000000011e+02 3.20100000000000023e+02 0.00000000000000000e+00 0.00000000000000000e+00
 3.20100000000000023e+02 3.20649999999999977e+02 0.00000000000000000e+00 0.00000000000000000e+00
 3.20649999999999977e+02 3.21199999999999989e+02 0.00000000000000000e+00 0.00000000000000000e+00
 3.21199999999999989e+02 3.21750000000000000e+02 0.00000000000000000e+00 0.00000000000000000e+00
 3.21750000000000000e+02 3.22300000000000011e+02 0.00000000000000000e+00 0.00000000000000000e+00
 3.22300000000000011e+02 3.22850000000000023e+02 0.00000000000000000e+00 0.00000000000000000e+00
 3.22850000000000023e+02 3.23399999999999977e+02 0.00000000000000000e+00 0.00000000000000000e+00
 3.23399999999999977e+02 3.23949999999999989e+02 0.00000000000000000e+00 0.00000000000000000e+00
 3.23949999999999989e+02 3.24500000000000000e+02 0.00000000000000000e+00 0.00000000000000000e+00
 3.24500000000000000e+02 3.25050000000000011e+02 0.00000000000000000e+00 0.00000000000000000e+00
 3.25050000000000011e+02 3.25600000000000023e+02 0.00000000000000000e+00 0.00000000000000000e+00
 3.25600000000000023e+02 3.26149999999999977e+02 0.00000000000000000e+00 0.00000000000000000e+00
 3.26149999999999977e+02 3.26699999999999989e+02 0.00000000000000000e+00 0.00000000000000000e+00
 3.26699999999999989e+02 3.27250000000000000e+02 0.00000000000000000e+00 0.00000000000000000e+00
 3.27250000000000000e+02 3.27800000000000011e+02 0.00000000000000000e+00 0.00000000000000000e+00
 3.27800000000000011e+02 3.28350000000000023e+02 0.00000000000000000e+00 0.00000000000000000e+00
 3.28350000000000023e+02 3.28899999999999977e+02 0.00000000000000000e+00 0.00000000000000000e+00
 3.28899999999999977e+02 3.29449999999999989e+02 0.00000000000000000e+00 0.00000000000000000e+00
 3.29449999999999989e+02 3.30000000000000000e+02 0.00000000000000000e+00 0.00000000000000000e+00

Histogram:lpz-
 0.00000000000000000e+00 5.50000000000000044e-01 1.40149321949410298e-03 3.20181978928925803e-06
 5.50000000000000044e-01 1.10000000000000009e+00 1.40278271457164555e-03 4.40141992678488315e-06
 1.10000000000000009e+00 1.64999999999999991e+00 1.39842536880491913e-03 3.75749316049190018e-06
 1.64999999999999991e+00 2.20000000000000018e+00 1.40247840204579984e-03 4.11478108455785714e-06
 2.20000000000000018e+00 2.75000000000000000e+00 1.39795178873508260e-03 3.32385726040906485e-06
 2.75000000000000000e+00 3.29999999999999982e+00 1.39679445110463805e-03 3.05879643772610537e-06
 3.29999999999999982e+00 3.85000000000000009e+00 1.40283476835163855e-03 4.25107945134016668e-06
 3.85000000000000009e+00 4.40000000000000036e+00 1.40034951164031709e-03 3.29096100225279456e-06
 4.40000000000000036e+00 4.95000000000000018e+00 1.39986007779000399e-03 3.42543647043328637e-06
 4.95000000000000018e+00 5.50000000000000000e+00 1.40115001858622337e-03 3.15030435985320397e-06
 5.50000000000000000e+00 6.04999999999999982e+00 1.39734229368380317e-03 3.54009901926436802e-06
 6.04999999999999982e+00 6.59999999999999964e+00 1.39296605950702955e-03 3.11993882351533685e-06
 6.59999999999999964e+00 7.15000000000000036e+00 1.40050695145257551e-03 3.23065404406638578e-06
 7.15000000000000036e+00 7.70000000000000018e+00 1.39683674618194397e-03 3.99489054721121802e-06
 7.70000000000000018e+00 8.25000000000000000e+00 1.39575710518173102e-03 3.17777599703514123e-06
 8.25000000000000000e+00 8.80000000000000071e+00 1.40066152292379746e-03 3.23431220071930789e-06
 8.80000000000000071e+00 9.34999999999999964e+00 1.40961208734493660e-03 5.60566751569615136e-06
 9.34999999999999964e+00 9.90000000000000036e+00 1.39378718994889283e-03 3.11756018424601014e-06
 9.90000000000000036e+00 1.04499999999999993e+01 1.40179330315592715e-03 3.04792463103282862e-06
 1.04499999999999993e+01 1.10000000000000000e+01 1.39376939523593100e-03 3.12300168457376336e-06
 1.10000000000000000e+01 1.15500000000000007e+01 1.40346297050725015e-03 3.55735137863782432e-06
 1.15500000000000007e+01 1.20999999999999996e+01 1.39452108788430196e-03 3.24283642167782285e-06
 1.20999999999999996e+01 1.26500000000000004e+01 1.40077048130504006e-03 3.41497162595023820e-06
 1.26500000000000004e+01 1.31999999999999993e+01 1.40268526125254139e-03 4.81765537167890246e-06
 1.31999999999999993e+01 1.37500000000000000e+01 1.39754926461360825e-03 3.15901096644789400e-06
 1.37500000000000000e+01 1.43000000000000007e+01 1.39932685076252510e-03 3.47574545431443595e-06
 1.43000000000000007e+01 1.48499999999999996e+01 1.39510895455064766e-03 3.27237727973049991e-06
 1.48499999999999996e+01 1.54000000000000004e+01 1.39066605430325811e-03 3.19655135319983292e-06
 1.54000000000000004e+01 1.59499999999999993e+01 1.39592483865969941e-03 3.95324155697199919e-06
 1.59499999999999993e+01 1.65000000000000000e+01 1.39353812329152038e-03 3.33168562219903702e-06
 1.65000000000000000e+01 1.70500000000000007e+01 1.39635539394761905e-03 3.15751606158312625e-06
 1.70500000000000007e+01 1.76000000000000014e+01 1.39321647001475744e-03 3.92974962252740046e-06
 1.76000000000000014e+01 1.81499999999999986e+01 1.39181883834791622e-03 3.86617444770056876e-06
 1.81499999999999986e+01 1.86999999999999993e+01 1.39828883797673610e-03 4.02120922727194696e-06
 1.86999999999999993e+01 1.92500000000000000e+01 1.39370268450859295e-03 3.34417150254826945e-06
 1.92500000000000000e+01 1.98000000000000007e+01 1.38976016149542476e-03 3.19930363437767109e-06
 1.98000000000000007e+01 2.03500000000000014e+01 1.39714791819284365e-03 3.78340089960145061e-06
 2.03500000000000014e+01 2.08999999999999986e+01 1.38649844094973040e-03 3.19730057657797489e-06
 2.08999999999999986e+01 2.14499999999999993e+01 1.39345484473523654e-03 3.86448224044093228e-06
 2.14499999999999993e+01 2.20000000000000000e+01 1.39237338073507837e-03 3.48313713102764320e-06
 2.20000000000000000e+01 2.25500000000000007e+01 1.39092291708733050e-03 3.35939937098795849e-06
 2.25500000000000007e+01 2.31000000000000014e+01 1.39620567935781889e-03 3.86482864087688361e-06
 2.31000000000000014e+01 2.36499999999999986e+01 1.39081675538571862e-03 3.29238571629776203e-06
 2.36499999999999986e+01 2.41999999999999993e+01 1.39538654448690823e-03 4.17355323751987053e-06
 2.41999999999999993e+01 2.47500000000000000e+01 1.39495991319937796e-03 3.59468935039525880e-06
 2.47500000000000000e+01 2.53000000000000007e+01 1.38319211727857584e-03 3.58383252506435378e-06
 2.53000000000000007e+01 2.58500000000000014e+01 1.39046992443537707e-03 3.43798927529423861e-06
 2.58500000000000014e+01 2.63999999999999986e+01 1.38967234664224052e-03 4.42826633336598025e-06
 2.63999999999999986e+01 2.69499999999999993e+01 1.39586730152480758e-03 3.75666212372188541e-06
 2.69499999999999993e+01 2.75000000000000000e+01 1.38769780288180251e-03 3.58542120884565215e-06
 2.75000000000000000e+01 2.80500000000000007e+01 1.38499375020399848e-03 3.46174159276248204e-06
 2.80500000000000007e+01 2.86000000000000014e+01 1.38242935043651435e-03 3.20537131530972148e-06
 2.86000000000000014e+01 2.91499999999999986e+01 1.38409880761286184e-03 3.12050789626040532e-06
 2.91499999999999986e+01 2.96999999999999993e+01 1.38521134143830614e-03 3.18804140507206849e-06
 2.96999999999999993e+01 3.02500000000000000e+01 1.38652195438165545e-03 3.91754077641367806e-06
 3.02500000000000000e+01 3.08000000000000007e+01 1.38156003968268096e-03 3.20645557983456212e-06
 3.08000000000000007e+01 3.13500000000000014e+01 1.38609982440862970e-03 3.43569786537377507e-06
 3.13500000000000014e+01 3.18999999999999986e+01 1.39014107623009072e-03 6.07106431189164026e-06
 3.18999999999999986e+01 3.24500000000000028e+01 1.38825392884497326e-03 3.62251244829269551e-06
 3.24500000000000028e+01 3.30000000000000000e+01 1.38473324096419670e-03 3.38187915732852963e-06
 3.30000000000000000e+01 3.35499999999999972e+01 1.38049616449459280e-03 3.30372993148644940e-06
 3.35499999999999972e+01 3.41000000000000014e+01 1.38704988606316772e-03 3.33461474339882591e-06
 3.41000000000000014e+01 3.46499999999999986e+01 1.37840843547337223e-03 3.16840380682966121e-06
 3.46499999999999986e+01 3.52000000000000028e+01 1.38241506644623253e-03 3.31906051011839934e-06
 3.52000000000000028e+01 3.57500000000000000e+01 1.38149883083808203e-03 3.68246544906424557e-06
 3.57500000000000000e+01 3.62999999999999972e+01 1.37617219820949932e-03 3.23746283044759378e-06
 3.62999999999999972e+01 3.68500000000000014e+01 1.37497848905162407e-03 3.04818724282497323e-06
 3.68500000000000014e+01 3.73999999999999986e+01 1.37375521483077984e-03 3.22002626607937024e-06
 3.73999999999999986e+01 3.79500000000000028e+01 1.37577425865946512e-03 3.24564136103288722e-06
 3.79500000000000028e+01 3.85000000000000000e+01 1.38490674505728647e-03 3.80621095112208889e-06
 3.85000000000000000e+01 3.90499999999999972e+01 1.37257654748715037e-03 3.25808361713777833e-06
 3.90499999999999972e+01 3.96000000000000014e+01 1.37375580744222804e-03 3.18706512166605160e-06
 3.96000000000000014e+01 4.01499999999999986e+01 1.37346972479157311e-03 3.66954089660014179e-06
 4.01499999999999986e+01 4.07000000000000028e+01 1.37240637303800246e-03 3.29262901426773276e-06
 4.07000000000000028e+01 4.12500000000000000e+01 1.37319607633619488e-03 4.49898170472549998e-06
 4.12500000000000000e+01 4.17999999999999972e+01 1.37484008329941381e-03 3.33311234716145751e-06
 4.17999999999999972e+01 4.23500000000000014e+01 1.37450873920175231e-03 3.03288593885307804e-06
 4.23500000000000014e+01 4.28999999999999986e+01 1.37164696511168395e-03 3.91045657476372927e-06
 4.28999999999999986e+01 4.34500000000000028e+01 1.36958223680880612e-03 3.42548644311692625e-06
 4.34500000000000028e+01 4.40000000000000000e+01 1.36866604976678199e-03 3.50653708532624995e-06
 4.40000000000000000e+01 4.45499999999999972e+01 1.36208612819990467e-03 3.08445621559381410e-06
 4.45499999999999972e+01 4.51000000000000014e+01 1.36840273050808600e-03 3.88588580675823160e-06
 4.51000000000000014e+01 4.56499999999999986e+01 1.36512870947753289e-03 3.18891784647637410e-06
 4.56499999999999986e+01 4.62000000000000028e+01 1.36479043570202226e-03 3.40237539189262027e-06
 4.62000000000000028e+01 4.67500000000000000e+01 1.36561795719318405e-03 3.27521733280120527e-06
 4.67500000000000000e+01 4.72999999999999972e+01 1.36294535209130680e-03 3.15391295101757007e-06
 4.72999999999999972e+01 4.78500000000000014e+01 1.36618051757209894e-03 3.18311923424395159e-06
 4.78500000000000014e+01 4.83999999999999986e+01 1.36378983831003122e-03 3.58441490597507268e-06
 4.83999999999999986e+01 4.89500000000000028e+01 1.36013820591220666e-03 3.40782091606084266e-06
 4.89500000000000028e+01 4.95000000000000000e+01 1.35984533611068978e-03 3.34585915850708717e-06
 4.95000000000000000e+01 5.00499999999999972e+01 1.35690042797724617e-03 3.13429090544236904e-06
 5.00499999999999972e+01 5.06000000000000014e+01 1.36284269120199642e-03 3.92584155643571389e-06
 5.06000000000000014e+01 5.11499999999999986e+01 1.35639826041859075e-03 3.68360781566974117e-06
 5.11499999999999986e+01 5.17000000000000028e+01 1.36115433504918918e-03 3.53015530511862492e-06
 5.17000000000000028e+01 5.22500000000000000e+01 1.35496406598867151e-03 3.28067531867651868e-06
 5.22500000000000000e+01 5.27999999999999972e+01 1.34957054579824365e-03 3.89754743631374024e-06
 5.27999999999999972e+01 5.33500000000000014e+01 1.35939319895149978e-03 3.16489985282391601e-06
 5.33500000000000014e+01 5.38999999999999986e+01 1.35083902086586280e-03 3.15710014986501274e-06
 5.38999999999999986e+01 5.44500000000000028e+01 1.35713650600069739e-03 3.17075306845790368e-06
 5.44500000000000028e+01 5.50000000000000000e+01 1.35137082492356800e-03 3.36458281986721010e-06
 5.50000000000000000e+01 5.55499999999999972e+01 1.35305950336387119e-03 3.34683712957057768e-06
 5.55499999999999972e+01 5.61000000000000014e+01 1.34978223657544793e-03 4.69215205100723321e-06
 5.61000000000000014e+01 5.66499999999999986e+01 1.34940670717977659e-03 3.29737592509487340e-06
 5.66499999999999986e+01 5.72000000000000028e+01 1.34998305878854491e-03 3.45302352830352962e-06
 5.72000000000000028e+01 5.77500000000000000e+01 1.34827808322537284e-03 3.55239711816955778e-06
 5.77500000000000000e+01 5.82999999999999972e+01 1.34091762348390107e-03 3.11931404302500542e-06
 5.82999999999999972e+01 5.88500000000000014e+01 1.34427070267040976e-03 3.37674676253515903e-06
 5.88500000000000014e+01 5.93999999999999986e+01 1.34251727482507361e-03 3.18981420164444352e-06
 5.93999999999999986e+01 5.99500000000000028e+01 1.34345615934217707e-03 3.46354373512424989e-06
 5.99500000000000028e+01 6.05000000000000000e+01 1.33960954707523501e-03 3.23484118920766765e-06
 6.05000000000000000e+01 6.10499999999999972e+01 1.33853659389009463e-03 3.11366093978475126e-06
 6.10499999999999972e+01 6.16000000000000014e+01 1.33198180052374201e-03 3.15491770447796112e-06
 6.16000000000000014e+01 6.21499999999999986e+01 1.33245621211626453e-03 3.37627079899805080e-06
 6.21499999999999986e+01 6.27000000000000028e+01 1.33843760239857335e-03 3.44368928910935466e-06
 6.27000000000000028e+01 6.32500000000000000e+01 1.34093061037905193e-03 3.21527284832190145e-06
 6.32500000000000000e+01 6.37999999999999972e+01 1.33456000466151406e-03 3.04827013055831241e-06
 6.37999999999999972e+01 6.43499999999999943e+01 1.32859960276833174e-03 2.99235614377722195e-06
 6.43499999999999943e+01 6.49000000000000057e+01 1.32544817010361187e-03 3.01656610710513800e-06
 6.49000000000000057e+01 6.54500000000000028e+01 1.32726690317481587e-03 3.23757576555834697e-06
 6.54500000000000028e+01 6.60000000000000000e+01 1.32678375837878924e-03 3.20765799964300856e-06
 6.60000000000000000e+01 6.65499999999999972e+01 1.33013623043271695e-03 3.69585079022546668e-06
 6.65499999999999972e+01 6.70999999999999943e+01 1.32537991307972881e-03 3.02487810127519477e-06
 6.70999999999999943e+01 6.76500000000000057e+01 1.32642624766390210e-03 3.18682375093970777e-06
 6.76500000000000057e+01 6.82000000000000028e+01 1.32320780642304560e-03 3.27990875511647659e-06
 6.82000000000000028e+01 6.87500000000000000e+01 1.32366547163653876e-03 3.18323700715541526e-06
 6.87500000000000000e+01 6.92999999999999972e+01 1.32140752065833191e-03 3.15921867775673082e-06
 6.92999999999999972e+01 6.98499999999999943e+01 1.32101958803744327e-03 2.97161566346674630e-06
 6.98499999999999943e+01 7.04000000000000057e+01 1.31892064172373829e-03 3.13320361661656535e-06
 7.04000000000000057e+01 7.09500000000000028e+01 1.32363482764410014e-03 3.18326768726027615e-06
 7.09500000000000028e+01 7.15000000000000000e+01 1.32243364815453767e-03 3.75761858156189814e-06
 7.15000000000000000e+01 7.20499999999999972e+01 1.31177182030290719e-03 3.23954801295845479e-06
 7.20499999999999972e+01 7.25999999999999943e+01 1.31676082803196541e-03 3.20032953603219580e-06
 7.25999999999999943e+01 7.31500000000000057e+01 1.30928900267611665e-03 2.94155607097937594e-06
 7.31500000000000057e+01 7.37000000000000028e+01 1.30875458480611486e-03 3.08693950628222374e-06
 7.37000000000000028e+01 7.42500000000000000e+01 1.31603820104004231e-03 3.59470922290583553e-06
 7.42500000000000000e+01 7.47999999999999972e+01 1.30863608290971681e-03 2.92291683583620890e-06
 7.47999999999999972e+01 7.53499999999999943e+01 1.30940556624087540e-03 5.57228888177315452e-06
 7.53499999999999943e+01 7.59000000000000057e+01 1.29934125786970809e-03 2.93580495403448683e-06
 7.59000000000000057e+01 7.64500000000000028e+01 1.30549045576762186e-03 3.31086013904570194e-06
 7.64500000000000028e+01 7.70000000000000000e+01 1.30567012670025216e-03 3.24831315236040378e-06
 7.70000000000000000e+01 7.75499999999999972e+01 1.29819971891121581e-03 3.13763866386557492e-06
 7.75499999999999972e+01 7.80999999999999943e+01 1.29996067755670081e-03 2.92191516177436490e-06
 7.80999999999999943e+01 7.86500000000000057e+01 1.29974521979826958e-03 3.01291721971295047e-06
 7.86500000000000057e+01 7.92000000000000028e+01 1.30224073670535435e-03 3.19354769232494407e-06
 7.92000000000000028e+01 7.97500000000000000e+01 1.29833947327543959e-03 3.23573411796861371e-06
 7.97500000000000000e+01 8.02999999999999972e+01 1.29013141763592554e-03 3.63382704963016415e-06
 8.02999999999999972e+01 8.08499999999999943e+01 1.28907324699446477e-03 3.32387739814911043e-06
 8.08499999999999943e+01 8.14000000000000057e+01 1.29256855494197520e-03 3.04597131391267943e-06
 8.14000000000000057e+01 8.19500000000000028e+01 1.28874793790158607e-03 3.25448048027011908e-06
 8.19500000000000028e+01 8.25000000000000000e+01 1.29236231988347282e-03 3.12974407140035961e-06
 8.25000000000000000e+01 8.30499999999999972e+01 1.29307239133579876e-03 3.16624869671395211e-06
 8.30499999999999972e+01 8.35999999999999943e+01 1.28513019910289584e-03 3.14256579376807857e-06
 8.35999999999999943e+01 8.41500000000000057e+01 1.29629140180536565e-03 9.72431109238111762e-06
 8.41500000000000057e+01 8.47000000000000028e+01 1.28619244176778730e-03 4.06381889887467979e-06
 8.47000000000000028e+01 8.52500000000000000e+01 1.28329177255474868e-03 3.91509127860357950e-06
 8.52500000000000000e+01 8.57999999999999972e+01 1.28360739947459856e-03 3.06957236878992042e-06
 8.57999999999999972e+01 8.63499999999999943e+01 1.28833161700727295e-03 1.06532906554310413e-05
 8.63499999999999943e+01 8.69000000000000057e+01 1.28131143270591150e-03 2.82639910627287981e-06
 8.69000000000000057e+01 8.74500000000000028e+01 1.27317801654535799e-03 2.94422585631642048e-06
 8.74500000000000028e+01 8.80000000000000000e+01 1.28267938438569222e-03 4.36946861712101499e-06
 8.80000000000000000e+01 8.85499999999999972e+01 1.26977707985674636e-03 3.20599364592154772e-06
 8.85499999999999972e+01 8.90999999999999943e+01 1.27375825457822943e-03 3.88406950263799402e-06
 8.90999999999999943e+01 8.96500000000000057e+01 1.27070196819635615e-03 3.11970142093905845e-06
 8.96500000000000057e+01 9.02000000000000028e+01 1.29029924677287575e-03 3.16053562960611140e-06
 9.02000000000000028e+01 9.07500000000000000e+01 1.31390691820121633e-03 4.49378794873342802e-06
 9.07500000000000000e+01 9.12999999999999972e+01 1.31246304562346837e-03 3.36513507965247209e-06
 9.12999999999999972e+01 9.18499999999999943e+01 1.31216871222593606e-03 3.53979587415901438e-06
 9.18499999999999943e+01 9.24000000000000057e+01 1.30843040397142052e-03 3.26819454192609151e-06
 9.24000000000000057e+01 9.29500000000000028e+01 1.30529171884435913e-03 3.83933153576942055e-06
 9.29500000000000028e+01 9.35000000000000000e+01 1.29802738268424431e-03 3.19327354106394976e-06
 9.35000000000000000e+01 9.40499999999999972e+01 1.30326805913604481e-03 3.21421813247415273e-06
 9.40499999999999972e+01 9.45999999999999943e+01 1.29572617199523216e-03 2.97050531082401247e-06
 9.45999999999999943e+01 9.51500000000000057e+01 1.29707211047743300e-03 3.12129527926906341e-06
 9.51500000000000057e+01 9.57000000000000028e+01 1.28800721358764310e-03 2.93796616695004735e-06
 9.57000000000000028e+01 9.62500000000000000e+01 1.29178696461686995e-03 3.27015028160085511e-06
 9.62500000000000000e+01 9.67999999999999972e+01 1.28558846258493785e-03 3.16735410833754975e-06
 9.67999999999999972e+01 9.73499999999999943e+01 1.28637820348143691e-03 3.31280150745463808e-06
 9.73499999999999943e+01 9.79000000000000057e+01 1.28057795614449992e-03 3.08206142926226835e-06
 9.79000000000000057e+01 9.84500000000000028e+01 1.28564229132207370e-03 3.41213610256636625e-06
 9.84500000000000028e+01 9.90000000000000000e+01 1.28147363950405842e-03 3.63545209473383317e-06
 9.90000000000000000e+01 9.95499999999999972e+01 1.28026961924023906e-03 3.02519770891565152e-06
 9.95499999999999972e+01 1.00099999999999994e+02 1.27953582260198224e-03 3.04641682917679200e-06
 1.00099999999999994e+02 1.00650000000000006e+02 1.27126384926243242e-03 3.31720632034281269e-06
 1.00650000000000006e+02 1.01200000000000003e+02 1.27451587326733447e-03 3.96436053124764933e-06
 1.01200000000000003e+02 1.01750000000000000e+02 1.26919945572693594e-03 3.02830153526453690e-06
 1.01750000000000000e+02 1.02299999999999997e+02 1.27472904452552199e-03 4.67696876988935407e-06
 1.02299999999999997e+02 1.02849999999999994e+02 1.25993388769925913e-03 3.10655606752588085e-06
 1.02849999999999994e+02 1.03400000000000006e+02 1.25525865023232348e-03 3.21862585317028502e-06
 1.03400000000000006e+02 1.03950000000000003e+02 1.26133824630555416e-03 3.02964766702559647e-06
 1.03950000000000003e+02 1.04500000000000000e+02 1.26391561725939399e-03 3.20835184950970736e-06
 1.04500000000000000e+02 1.05049999999999997e+02 1.25446893038873427e-03 2.87875945171949080e-06
 1.05049999999999997e+02 1.05599999999999994e+02 1.25788640533611878e-03 3.50136073552527523e-06
 1.05599999999999994e+02 1.06150000000000006e+02 1.25296648949498935e-03 3.06705773019227692e-06
 1.06150000000000006e+02 1.06700000000000003e+02 1.24659637396231054e-03 2.90839115163050693e-06
 1.06700000000000003e+02 1.07250000000000000e+02 1.24080630908208578e-03 2.90740761730995932e-06
 1.07250000000000000e+02 1.07799999999999997e+02 1.24120967156818632e-03 3.35389073392046852e-06
 1.07799999999999997e+02 1.08349999999999994e+02 1.23952088682316745e-03 2.83525718876442766e-06
 1.08349999999999994e+02 1.08900000000000006e+02 1.23798951061477626e-03 3.07512701699746066e-06
 1.08900000000000006e+02 1.09450000000000003e+02 1.23904948760168655e-03 2.94264273947880711e-06
 1.09450000000000003e+02 1.10000000000000000e+02 1.23224239200838250e-03 2.84613703063632039e-06
 1.10000000000000000e+02 1.10549999999999997e+02 1.22578143498831339e-03 2.96058556605312593e-06
 1.10549999999999997e+02 1.11099999999999994e+02 1.22751495063748179e-03 3.08861227496714922e-06
 1.11099999999999994e+02 1.11650000000000006e+02 1.22306409801302288e-03 3.03542609059483246e-06
 1.11650000000000006e+02 1.12200000000000003e+02 1.21903499390278746e-03 3.75542498348074093e-06
 1.12200000000000003e+02 1.12750000000000000e+02 1.22246126828768199e-03 3.14486766123519993e-06
 1.12750000000000000e+02 1.13299999999999997e+02 1.22430227780891913e-03 4.39774036105011600e-06
 1.13299999999999997e+02 1.13849999999999994e+02 1.21683581543791087e-03 3.03097406424276791e-06
 1.13849999999999994e+02 1.14400000000000006e+02 1.21584605982858656e-03 3.27207632780770624e-06
 1.14400000000000006e+02 1.14950000000000003e+02 1.21196143798437458e-03 3.57236226397111597e-06
 1.14950000000000003e+02 1.15500000000000000e+02 1.21501089374027892e-03 3.26805603597474134e-06
 1.15500000000000000e+02 1.16049999999999997e+02 1.20630512859992386e-03 3.37176371849920390e-06
 1.16049999999999997e+02 1.16599999999999994e+02 1.21211884137503658e-03 6.45366859500190947e-06
 1.16599999999999994e+02 1.17150000000000006e+02 1.19837728967335652e-03 2.84527301817838075e-06
 1.17150000000000006e+02 1.17700000000000003e+02 1.19874593680865363e-03 2.78118498285599211e-06
 1.17700000000000003e+02 1.18250000000000000e+02 1.19802876620997900e-03 4.39323005461852601e-06
 1.18250000000000000e+02 1.18799999999999997e+02 1.19693061862246350e-03 3.91721168152109115e-06
 1.18799999999999997e+02 1.19349999999999994e+02 1.19302617637138020e-03 3.26018963865636587e-06
 1.19349999999999994e+02 1.19900000000000006e+02 1.18209455793701979e-03 2.74274792610227501e-06
 1.19900000000000006e+02 1.20450000000000003e+02 1.18253961982024919e-03 2.66912448351465761e-06
 1.20450000000000003e+02 1.21000000000000000e+02 1.17852751044015625e-03 3.00440105416749335e-06
 1.21000000000000000e+02 1.21549999999999997e+02 1.18214735586861098e-03 4.12869477973570039e-06
 1.21549999999999997e+02 1.22099999999999994e+02 1.18079083482725521e-03 3.79620339878243823e-06
 1.22099999999999994e+02 1.22650000000000006e+02 1.17593582355444439e-03 2.74164241593268572e-06
 1.22650000000000006e+02 1.23200000000000003e+02 1.17255440287060853e-03 2.98477620428874407e-06
 1.23200000000000003e+02 1.23750000000000000e+02 1.17492906911536503e-03 5.17837203392347844e-06
 1.23750000000000000e+02 1.24299999999999997e+02 1.16550107051106400e-03 2.89389587757863035e-06
 1.24299999999999997e+02 1.24849999999999994e+02 1.16701556059516684e-03 2.85054299993683229e-06
 1.24849999999999994e+02 1.25400000000000006e+02 1.15593744297167291e-03 2.68814223535611143e-06
 1.25400000000000006e+02 1.25950000000000003e+02 1.15553201324388030e-03 2.86699747900474095e-06
 1.25950000000000003e+02 1.26500000000000000e+02 1.15864566361714803e-03 3.14005420903198357e-06
 1.26500000000000000e+02 1.27049999999999997e+02 1.15140556795128809e-03 2.87184458267114011e-06
 1.27049999999999997e+02 1.27599999999999994e+02 1.15458552351010882e-03 3.27275091053779460e-06
 1.27599999999999994e+02 1.28150000000000006e+02 1.14965496280277648e-03 2.86147529500590160e-06
 1.28150000000000006e+02 1.28699999999999989e+02 1.14616639986617804e-03 3.04180013707532517e-06
 1.28699999999999989e+02 1.29250000000000000e+02 1.14271523957349720e-03 3.32296690291536161e-06
 1.29250000000000000e+02 1.29800000000000011e+02 1.13520951845012407e-03 2.68694242925144228e-06
 1.29800000000000011e+02 1.30349999999999994e+02 1.13618122565005983e-03 3.00758630050305464e-06
 1.30349999999999994e+02 1.30900000000000006e+02 1.13834440918468950e-03 3.22328898795259494e-06
 1.30900000000000006e+02 1.31449999999999989e+02 1.12855052878163835e-03 2.60137921035231696e-06
 1.31449999999999989e+02 1.32000000000000000e+02 1.12881188224032264e-03 3.29272285453564960e-06
 1.32000000000000000e+02 1.32550000000000011e+02 1.12919859999448605e-03 2.95786382009352443e-06
 1.32550000000000011e+02 1.33099999999999994e+02 1.11555055616938755e-03 2.69773597697992361e-06
 1.33099999999999994e+02 1.33650000000000006e+02 1.11914080014206569e-03 2.68023683886137384e-06
 1.33650000000000006e+02 1.34199999999999989e+02 1.11412378297386333e-03 2.83139123303890970e-06
 1.34199999999999989e+02 1.34750000000000000e+02 1.11376323838748058e-03 3.79051713490514625e-06
 1.34750000000000000e+02 1.35300000000000011e+02 1.10963868079194151e-03 2.88514411134233064e-06
 1.35300000000000011e+02 1.35849999999999994e+02 1.10663979209372544e-03 2.52064161558215381e-06
 1.35849999999999994e+02 1.36400000000000006e+02 1.10278698299182414e-03 3.02264637902954056e-06
 1.36400000000000006e+02 1.36949999999999989e+02 1.09926897653348150e-03 2.94715783608483953e-06
 1.36949999999999989e+02 1.37500000000000000e+02 1.10116395559986579e-03 3.01792558429304587e-06
 1.37500000000000000e+02 1.38050000000000011e+02 1.09422837177958524e-03 2.64002845966522297e-06
 1.38050000000000011e+02 1.38599999999999994e+02 1.09232228678104678e-03 2.87133286649489249e-06
 1.38599999999999994e+02 1.39150000000000006e+02 1.08653889159459173e-03 2.68135599487044335e-06
 1.39150000000000006e+02 1.39699999999999989e+02 1.08340068110708153e-03 2.63484640103790539e-06
 1.39699999999999989e+02 1.40250000000000000e+02 1.08123642839190416e-03 2.57141392638418701e-06
 1.40250000000000000e+02 1.40800000000000011e+02 1.07800929906048384e-03 2.56205085919298856e-06
 1.40800000000000011e+02 1.41349999999999994e+02 1.07870696950277951e-03 2.82486111609372401e-06
 1.41349999999999994e+02 1.41900000000000006e+02 1.06942209166733431e-03 2.77724106560810195e-06
 1.41900000000000006e+02 1.42449999999999989e+02 1.07268593168243051e-03 2.67458888418001409e-06
 1.42449999999999989e+02 1.43000000000000000e+02 1.06705619496601884e-03 2.71718678786872846e-06
 1.43000000000000000e+02 1.43550000000000011e+02 1.05900855619862899e-03 2.49728434905055016e-06
 1.43550000000000011e+02 1.44099999999999994e+02 1.06142398343570237e-03 2.78048403713878879e-06
 1.44099999999999994e+02 1.44650000000000006e+02 1.05914559512977494e-03 2.79365624270347771e-06
 1.44650000000000006e+02 1.45199999999999989e+02 1.05509410867501790e-03 2.71288727715660433e-06
 1.45199999999999989e+02 1.45750000000000000e+02 1.05471897924691430e-03 2.58657765471225092e-06
 1.45750000000000000e+02 1.46300000000000011e+02 1.04570953706618680e-03 2.61645712932520610e-06
 1.46300000000000011e+02 1.46849999999999994e+02 1.04143733299704431e-03 2.56213230350487396e-06
 1.46849999999999994e+02 1.47400000000000006e+02 1.04080802031535514e-03 2.99578608953728657e-06
 1.47400000000000006e+02 1.47949999999999989e+02 1.03993255656285584e-03 2.43335166303286060e-06
 1.47949999999999989e+02 1.48500000000000000e+02 1.03662547798746103e-03 3.21844090153572335e-06
 1.48500000000000000e+02 1.49050000000000011e+02 1.03194555876489746e-03 2.58490895131234846e-06
 1.49050000000000011e+02 1.49599999999999994e+02 1.03278518188534103e-03 2.58338036146195856e-06
 1.49599999999999994e+02 1.50150000000000006e+02 1.02952955016333346e-03 3.04897813123641740e-06
 1.50150000000000006e+02 1.50699999999999989e+02 1.02633485298494814e-03 2.61491186388825009e-06
 1.50699999999999989e+02 1.51250000000000000e+02 1.01990955883312327e-03 3.52276017364555284e-06
 1.51250000000000000e+02 1.51800000000000011e+02 1.01556204219579527e-03 2.50632109163739526e-06
 1.51800000000000011e+02 1.52349999999999994e+02 1.01737914341228932e-03 3.69073141724739802e-06
 1.52349999999999994e+02 1.52900000000000006e+02 1.01206025090807400e-03 3.66557647888714346e-06
 1.52900000000000006e+02 1.53449999999999989e+02 1.00531782093971544e-03 2.48673139240032874e-06
 1.53449999999999989e+02 1.54000000000000000e+02 1.00630429433315374e-03 2.59928172864771894e-06
 1.54000000000000000e+02 1.54550000000000011e+02 1.00017757241086750e-03 2.52258812565468131e-06
 1.54550000000000011e+02 1.55099999999999994e+02 9.93075347491033291e-04 2.38480186068230578e-06
 1.55099999999999994e+02 1.55650000000000006e+02 9.99372335851489088e-04 4.75089252168305921e-06
 1.55650000000000006e+02 1.56199999999999989e+02 9.90331093317266351e-04 2.37884984428828085e-06
 1.56199999999999989e+02 1.56750000000000000e+02 9.87982740407469806e-04 2.51082599740599213e-06
 1.56750000000000000e+02 1.57300000000000011e+02 9.84096160126355377e-04 2.70061588940538781e-06
 1.57300000000000011e+02 1.57849999999999994e+02 9.77416610368935564e-04 2.43670931275553243e-06
 1.57849999999999994e+02 1.58400000000000006e+02 9.76916515848996964e-04 2.27750784636719861e-06
 1.58400000000000006e+02 1.58949999999999989e+02 9.71667577197934365e-04 2.36929823479733844e-06
 1.58949999999999989e+02 1.59500000000000000e+02 9.73249348074337506e-04 3.87441337781041513e-06
 1.59500000000000000e+02 1.60050000000000011e+02 9.68181197258563466e-04 3.42584633532150568e-06
 1.60050000000000011e+02 1.60599999999999994e+02 9.63621629242121525e-04 2.44270557083703670e-06
 1.60599999999999994e+02 1.61150000000000006e+02 9.54298233269567308e-04 2.38773253263684202e-06
 1.61150000000000006e+02 1.61699999999999989e+02 9.59592455695750120e-04 2.95603957838675265e-06
 1.61699999999999989e+02 1.62250000000000000e+02 9.53639453240020651e-04 2.51104276018406012e-06
 1.62250000000000000e+02 1.62800000000000011e+02 9.50776870012582016e-04 2.66377881510095503e-06
 1.62800000000000011e+02 1.63349999999999994e+02 9.44966940000089802e-04 2.43997306145889613e-06
 1.63349999999999994e+02 1.63900000000000006e+02 9.39285033973289666e-04 2.49218519428066512e-06
 1.63900000000000006e+02 1.64449999999999989e+02 9.38981447299561621e-04 2.30583990644480001e-06
 1.64449999999999989e+02 1.65000000000000000e+02 9.33774595536652065e-04 2.41214462085839783e-06
 1.65000000000000000e+02 1.65550000000000011e+02 9.32988559766082491e-04 2.48454939088285387e-06
 1.65550000000000011e+02 1.66099999999999994e+02 9.28855390205072487e-04 2.64114887570227793e-06
 1.66099999999999994e+02 1.66650000000000006e+02 9.29680260507803049e-04 2.68528637906432217e-06
 1.66650000000000006e+02 1.67199999999999989e+02 9.25912811891290073e-04 4.24488817461512072e-06
 1.67199999999999989e+02 1.67750000000000000e+02 9.18104404476323193e-04 2.39081430887833406e-06
 1.67750000000000000e+02 1.68300000000000011e+02 9.15770784370702716e-04 2.33827082712366074e-06
 1.68300000000000011e+02 1.68849999999999994e+02 9.12332543521928710e-04 2.32135059845727928e-06
 1.68849999999999994e+02 1.69400000000000006e+02 9.12157957397839963e-04 3.08827991900659694e-06
 1.69400000000000006e+02 1.69949999999999989e+02 9.05938415908025480e-04 2.19491554407791898e-06
 1.69949999999999989e+02 1.70500000000000000e+02 9.03001822127624722e-04 2.50133444197508949e-06
 1.70500000000000000e+02 1.71050000000000011e+02 8.98949038260926018e-04 2.15867193729012142e-06
 1.71050000000000011e+02 1.71599999999999994e+02 8.92148448447534475e-04 2.28635827847002143e-06
 1.71599999999999994e+02 1.72150000000000006e+02 8.94169699805492848e-04 2.20628619257233238e-06
 1.72150000000000006e+02 1.72699999999999989e+02 8.84980561368078379e-04 2.26221990313560151e-06
 1.72699999999999989e+02 1.73250000000000000e+02 8.80702701854793168e-04 2.11248123285482078e-06
 1.73250000000000000e+02 1.73800000000000011e+02 8.79162532758269314e-04 2.36771222612697267e-06
 1.73800000000000011e+02 1.74349999999999994e+02 8.71277557345401872e-04 2.24911223345962634e-06
 1.74349999999999994e+02 1.74900000000000006e+02 8.75875647596894322e-04 3.35483669299174107e-06
 1.74900000000000006e+02 1.75449999999999989e+02 8.65662022183843962e-04 2.17828907392582525e-06
 1.75449999999999989e+02 1.76000000000000000e+02 8.64910257726682103e-04 2.22221985956226282e-06
 1.76000000000000000e+02 1.76550000000000011e+02 8.57372248948083410e-04 2.16666858601820794e-06
 1.76550000000000011e+02 1.77099999999999994e+02 8.63228989973865535e-04 2.36121547270544647e-06
 1.77099999999999994e+02 1.77650000000000006e+02 8.57335634362759781e-04 2.53513284577538382e-06
 1.77650000000000006e+02 1.78199999999999989e+02 8.48926937841656720e-04 2.43046606917869040e-06
 1.78199999999999989e+02 1.78750000000000000e+02 8.50183522967088811e-04 2.29190940057220488e-06
 1.78750000000000000e+02 1.79300000000000011e+02 8.45213388448969646e-04 2.28067036117083721e-06
 1.79300000000000011e+02 1.79849999999999994e+02 8.39387276670091383e-04 2.17848514698154865e-06
 1.79849999999999994e+02 1.80400000000000006e+02 8.35723832090094006e-04 2.72733659980491340e-06
 1.80400000000000006e+02 1.80949999999999989e+02 8.35649671071936784e-04 2.70593237935875068e-06
 1.80949999999999989e+02 1.81500000000000000e+02 8.29339423334875627e-04 2.12706734646185685e-06
 1.81500000000000000e+02 1.82050000000000011e+02 8.23042141952738259e-04 2.27378409046951993e-06
 1.82050000000000011e+02 1.82599999999999994e+02 8.22178424208555450e-04 2.20556973262278902e-06
 1.82599999999999994e+02 1.83150000000000006e+02 8.19663497928035923e-04 2.10146299913192226e-06
 1.83150000000000006e+02 1.83699999999999989e+02 8.14500604947617185e-04 2.11696480156221126e-06
 1.83699999999999989e+02 1.84250000000000000e+02 8.05316410361903569e-04 2.10930300358520263e-06
 1.84250000000000000e+02 1.84800000000000011e+02 8.03935703528369872e-04 2.12046915657594830e-06
 1.84800000000000011e+02 1.85349999999999994e+02 8.02233842624180135e-04 2.68383845339754314e-06
 1.85349999999999994e+02 1.85900000000000006e+02 8.01749956665013305e-04 2.35786374203052483e-06
 1.85900000000000006e+02 1.86449999999999989e+02 7.92990751643079519e-04 2.22974776874147027e-06
 1.86449999999999989e+02 1.87000000000000000e+02 7.90043059590375425e-04 2.34570887623431881e-06
 1.87000000000000000e+02 1.87550000000000011e+02 7.89608211468062482e-04 2.07703147651705730e-06
 1.87550000000000011e+02 1.88099999999999994e+02 7.86751859995136658e-04 2.16631315689132026e-06
 1.88099999999999994e+02 1.88650000000000006e+02 7.78568141953838756e-04 2.44874921248512177e-06
 1.88650000000000006e+02 1.89199999999999989e+02 7.72216761775468925e-04 2.14653060439501144e-06
 1.89199999999999989e+02 1.89750000000000000e+02 7.75907391777611271e-04 2.10124179055277547e-06
 1.89750000000000000e+02 1.90300000000000011e+02 7.71069392792530584e-04 2.00787967194233339e-06
 1.90300000000000011e+02 1.90849999999999994e+02 7.64975151922517305e-04 3.27996125137043301e-06
 1.90849999999999994e+02 1.91400000000000006e+02 7.59775613884337430e-04 2.15131274097879072e-06
 1.91400000000000006e+02 1.91949999999999989e+02 7.57327259767276071e-04 2.53240429033090972e-06
 1.91949999999999989e+02 1.92500000000000000e+02 7.56933609592968658e-04 2.62370436395898044e-06
 1.92500000000000000e+02 1.93050000000000011e+02 7.49423435621291789e-04 2.93522398279476830e-06
 1.93050000000000011e+02 1.93599999999999994e+02 7.41941312148150186e-04 2.11906721270691870e-06
 1.93599999999999994e+02 1.94150000000000006e+02 7.42302323572447396e-04 3.10654611907857283e-06
 1.94150000000000006e+02 1.94699999999999989e+02 7.38474307132843712e-04 2.00453055625240599e-06
 1.94699999999999989e+02 1.95250000000000000e+02 7.37613935331164110e-04 2.50472455385597841e-06
 1.95250000000000000e+02 1.95800000000000011e+02 7.26801593582873076e-04 2.30573131369194014e-06
 1.95800000000000011e+02 1.96349999999999994e+02 7.22168887165182708e-04 2.37732603467688593e-06
 1.96349999999999994e+02 1.96900000000000006e+02 7.23313432174990407e-04 4.19655718101584394e-06
 1.96900000000000006e+02 1.97449999999999989e+02 7.20256908210192988e-04 2.27408945411491657e-06
 1.97449999999999989e+02 1.98000000000000000e+02 7.11106282147250853e-04 2.37595178251765402e-06
 1.98000000000000000e+02 1.98550000000000011e+02 7.14232187068319143e-04 6.30006248373425348e-06
 1.98550000000000011e+02 1.99099999999999994e+02 7.07283425516018320e-04 2.20268850559530557e-06
 1.99099999999999994e+02 1.99650000000000006e+02 6.99921000816212707e-04 1.94195284163502751e-06
 1.99650000000000006e+02 2.00199999999999989e+02 6.94868816913943896e-04 2.16783012980138607e-06
 2.00199999999999989e+02 2.00750000000000000e+02 6.92162717100462308e-04 1.99423917378550660e-06
 2.00750000000000000e+02 2.01300000000000011e+02 6.88884954818227155e-04 2.06304976282861450e-06
 2.01300000000000011e+02 2.01849999999999994e+02 6.87211894807426360e-04 2.45699942979640821e-06
 2.01849999999999994e+02 2.02400000000000006e+02 6.83765397490489549e-04 2.28247098051402484e-06
 2.02400000000000006e+02 2.02949999999999989e+02 6.76074784270871477e-04 1.85595282518495639e-06
 2.02949999999999989e+02 2.03500000000000000e+02 6.74357266935052182e-04 2.78934173033548909e-06
 2.03500000000000000e+02 2.04050000000000011e+02 6.69897006347728360e-04 1.84701929526919709e-06
 2.04050000000000011e+02 2.04599999999999994e+02 6.65205907324202409e-04 2.20107468031437335e-06
 2.04599999999999994e+02 2.05150000000000006e+02 6.61897664567261839e-04 2.84411998486036871e-06
 2.05150000000000006e+02 2.05699999999999989e+02 6.58487951345348662e-04 2.49738024434578291e-06
 2.05699999999999989e+02 2.06250000000000000e+02 6.50309503719760412e-04 1.98045317363407722e-06
 2.06250000000000000e+02 2.06800000000000011e+02 6.45980051749695449e-04 1.81835434874269249e-06
 2.06800000000000011e+02 2.07349999999999994e+02 6.44130446706342192e-04 2.65121278197375777e-06
 2.07349999999999994e+02 2.07900000000000006e+02 6.37386241925025463e-04 1.82539689268634643e-06
 2.07900000000000006e+02 2.08449999999999989e+02 6.32238578609602207e-04 1.81308332987558138e-06
 2.08449999999999989e+02 2.09000000000000000e+02 6.32863130778410347e-04 2.62008379057272808e-06
 2.09000000000000000e+02 2.09550000000000011e+02 6.30091222447626774e-04 1.89747130066449238e-06
 2.09550000000000011e+02 2.10099999999999994e+02 6.21168272415110068e-04 1.77588767580972463e-06
 2.10099999999999994e+02 2.10650000000000006e+02 6.14574188017359278e-04 1.81282697181957059e-06
 2.10650000000000006e+02 2.11199999999999989e+02 6.14449356141214161e-04 2.29433562097399708e-06
 2.11199999999999989e+02 2.11750000000000000e+02 6.12033406356672811e-04 2.42701332348358165e-06
 2.11750000000000000e+02 2.12300000000000011e+02 6.06836009353266346e-04 2.20072207233886652e-06
 2.12300000000000011e+02 2.12849999999999994e+02 6.01999483454544499e-04 1.82446766140482179e-06
 2.12849999999999994e+02 2.13400000000000006e+02 5.98492466295801723e-04 2.04360551981149019e-06
 2.13400000000000006e+02 2.13949999999999989e+02 5.91177921122265290e-04 1.76339663358518107e-06
 2.13949999999999989e+02 2.14500000000000000e+02 5.89456144463356563e-04 2.11814702589211956e-06
 2.14500000000000000e+02 2.15050000000000011e+02 5.85187288481657866e-04 1.90115244661196307e-06
 2.15050000000000011e+02 2.15599999999999994e+02 5.80816373736935663e-04 1.68907761936817650e-06
 2.15599999999999994e+02 2.16150000000000006e+02 5.76732622960418107e-04 2.26278736966316114e-06
 2.16150000000000006e+02 2.16699999999999989e+02 5.68936722946583270e-04 1.70644772778614726e-06
 2.16699999999999989e+02 2.17250000000000000e+02 5.68279891442159874e-04 2.15982722314352023e-06
 2.17250000000000000e+02 2.17800000000000011e+02 5.60566404120974395e-04 2.54460876217642804e-06
 2.17800000000000011e+02 2.18349999999999994e+02 5.59188821456644636e-04 2.47445156444115195e-06
 2.18349999999999994e+02 2.18900000000000006e+02 5.55091399772795991e-04 1.95351837972810770e-06
 2.18900000000000006e+02 2.19449999999999989e+02 5.48404221281486247e-04 1.69900241739841692e-06
 2.19449999999999989e+02 2.20000000000000000e+02 5.42993211174023225e-04 1.63630020158820329e-06
 2.20000000000000000e+02 2.20550000000000011e+02 5.42009100344151480e-04 2.23190355585253533e-06
 2.20550000000000011e+02 2.21099999999999994e+02 5.40678811257815106e-04 3.28171340921166898e-06
 2.21099999999999994e+02 2.21650000000000006e+02 5.33677081235105861e-04 1.85967998585882035e-06
 2.21650000000000006e+02 2.22199999999999989e+02 5.27936827666575801e-04 1.60307867523427003e-06
 2.22199999999999989e+02 2.22750000000000000e+02 5.23238088186385366e-04 1.66383318710270069e-06
 2.22750000000000000e+02 2.23300000000000011e+02 5.19325833624063610e-04 1.56414922626038601e-06
 2.23300000000000011e+02 2.23849999999999994e+02 5.16610149734035963e-04 1.72471178721680514e-06
 2.23849999999999994e+02 2.24400000000000006e+02 5.09423222469322103e-04 2.08954994258032659e-06
 2.24400000000000006e+02 2.24949999999999989e+02 5.06688137913400465e-04 1.58329217068719563e-06
 2.24949999999999989e+02 2.25500000000000000e+02 5.02876765712450559e-04 2.81896977681845668e-06
 2.25500000000000000e+02 2.26050000000000011e+02 4.95351495188351039e-04 1.58965518209787429e-06
 2.26050000000000011e+02 2.26599999999999994e+02 4.91732407588670322e-04 1.57042696015744542e-06
 2.26599999999999994e+02 2.27150000000000006e+02 4.87818630021983365e-04 1.59510399568322797e-06
 2.27150000000000006e+02 2.27699999999999989e+02 4.83641391605204034e-04 1.60479026507289737e-06
 2.27699999999999989e+02 2.28250000000000000e+02 4.78053702910657182e-04 1.46089400899591988e-06
 2.28250000000000000e+02 2.28800000000000011e+02 4.79050858907419976e-04 2.36736450189581512e-06
 2.28800000000000011e+02 2.29349999999999994e+02 4.72908304686070556e-04 2.63567128900633788e-06
 2.29349999999999994e+02 2.29900000000000006e+02 4.67372874652781432e-04 2.62069254390693799e-06
 2.29900000000000006e+02 2.30449999999999989e+02 4.63125153018991136e-04 1.74910236387090330e-06
 2.30449999999999989e+02 2.31000000000000000e+02 4.58148048836092849e-04 1.65374722907984562e-06
 2.31000000000000000e+02 2.31550000000000011e+02 4.56502940852672370e-04 3.24290772238076520e-06
 2.31550000000000011e+02 2.32099999999999994e+02 4.48299874504321752e-04 1.49049465167881891e-06
 2.32099999999999994e+02 2.32650000000000006e+02 4.44422505524880510e-04 2.30018056274186875e-06
 2.32650000000000006e+02 2.33199999999999989e+02 4.41072167973909069e-04 1.74355270576498064e-06
 2.33199999999999989e+02 2.33750000000000000e+02 4.37021816098419802e-04 2.79914114232159170e-06
 2.33750000000000000e+02 2.34300000000000011e+02 4.32215368337733315e-04 1.75865877453474095e-06
 2.34300000000000011e+02 2.34849999999999994e+02 4.25411023091513399e-04 1.73057918301235374e-06
 2.34849999999999994e+02 2.35400000000000006e+02 4.21483775080427414e-04 1.59052694747946711e-06
 2.35400000000000006e+02 2.35949999999999989e+02 4.18425487811545165e-04 1.74234410934430200e-06
 2.35949999999999989e+02 2.36500000000000000e+02 4.13486470535457567e-04 1.41049236842903313e-06
 2.36500000000000000e+02 2.37050000000000011e+02 4.08743864072565275e-04 1.37145076348037560e-06
 2.37050000000000011e+02 2.37599999999999994e+02 4.04697012815566294e-04 2.26671162797364677e-06
 2.37599999999999994e+02 2.38150000000000006e+02 3.99898477267818621e-04 1.42335566355484957e-06
 2.38150000000000006e+02 2.38699999999999989e+02 3.95553191036973552e-04 1.37229611598333025e-06
 2.38699999999999989e+02 2.39250000000000000e+02 3.90962566981035975e-04 1.44471230748750619e-06
 2.39250000000000000e+02 2.39800000000000011e+02 3.87752316722362364e-04 2.26579135923864653e-06
 2.39800000000000011e+02 2.40349999999999994e+02 3.84825346517652669e-04 1.52136404937070808e-06
 2.40349999999999994e+02 2.40900000000000006e+02 3.75875505375943691e-04 1.34133339369825487e-06
 2.40900000000000006e+02 2.41449999999999989e+02 3.73436728700049351e-04 1.31515837356836907e-06
 2.41449999999999989e+02 2.42000000000000000e+02 3.69125746556727883e-04 1.35001534001437896e-06
 2.42000000000000000e+02 2.42550000000000011e+02 3.66501411536956998e-04 1.84444140352778520e-06
 2.42550000000000011e+02 2.43099999999999994e+02 3.59313987653120468e-04 1.22982155324415514e-06
 2.43099999999999994e+02 2.43650000000000006e+02 3.53247281687780849e-04 1.27708983895479884e-06
 2.43650000000000006e+02 2.44199999999999989e+02 3.52429999754177146e-04 1.31771371221613325e-06
 2.44199999999999989e+02 2.44750000000000000e+02 3.47569271448347733e-04 1.34255529147875551e-06
 2.44750000000000000e+02 2.45300000000000011e+02 3.41079209680054994e-04 1.27859672972462802e-06
 2.45300000000000011e+02 2.45849999999999994e+02 3.38564443530683283e-04 1.24791589211969274e-06
 2.45849999999999994e+02 2.46400000000000006e+02 3.34522176908726133e-04 1.52969858426855105e-06
 2.46400000000000006e+02 2.46949999999999989e+02 3.28742499086291206e-04 1.77048523636862138e-06
 2.46949999999999989e+02 2.47500000000000000e+02 3.25018253924756056e-04 1.30070292699028011e-06
 2.47500000000000000e+02 2.48050000000000011e+02 3.21061705832795729e-04 1.29054700064225786e-06
 2.48050000000000011e+02 2.48599999999999994e+02 3.14882243003434322e-04 1.17148344723760959e-06
 2.48599999999999994e+02 2.49150000000000006e+02 3.09465634172627422e-04 1.18022627193344624e-06
 2.49150000000000006e+02 2.49699999999999989e+02 3.07538051877118373e-04 1.58853304831579372e-06
 2.49699999999999989e+02 2.50250000000000000e+02 2.99873841777518709e-04 1.13049121471968018e-06
 2.50250000000000000e+02 2.50800000000000011e+02 2.97725289920202957e-04 1.28918654550055018e-06
 2.50800000000000011e+02 2.51349999999999994e+02 2.93107072668417911e-04 1.13988132900114838e-06
 2.51349999999999994e+02 2.51900000000000006e+02 2.90266807066778007e-04 1.35415438169271212e-06
 2.51900000000000006e+02 2.52449999999999989e+02 2.84713304028293721e-04 2.23761328623274951e-06
 2.52449999999999989e+02 2.53000000000000000e+02 2.79305275111766738e-04 1.22948228277878363e-06
 2.53000000000000000e+02 2.53550000000000011e+02 2.79763941381072146e-04 3.81308766744960743e-06
 2.53550000000000011e+02 2.54099999999999994e+02 2.70301104641688570e-04 1.14931086456321547e-06
 2.54099999999999994e+02 2.54650000000000006e+02 2.66220426613346004e-04 1.05135517300103753e-06
 2.54650000000000006e+02 2.55199999999999989e+02 2.59851959404403541e-04 9.97677313285897937e-07
 2.55199999999999989e+02 2.55750000000000000e+02 2.58704810159426262e-04 1.01961528618153199e-06
 2.55750000000000000e+02 2.56300000000000011e+02 2.53944468582127561e-04 1.79933781658706396e-06
 2.56300000000000011e+02 2.56850000000000023e+02 2.50050973506338238e-04 2.72674558889739866e-06
 2.56850000000000023e+02 2.57399999999999977e+02 2.44695976153510740e-04 1.20255469962591757e-06
 2.57399999999999977e+02 2.57949999999999989e+02 2.41223559223310933e-04 1.07812749316009155e-06
 2.57949999999999989e+02 2.58500000000000000e+02 2.36014274779467159e-04 1.10151390474802580e-06
 2.58500000000000000e+02 2.59050000000000011e+02 2.31485942972520865e-04 1.01268416452523433e-06
 2.59050000000000011e+02 2.59600000000000023e+02 2.26902030247662763e-04 1.00477219908169945e-06
 2.59600000000000023e+02 2.60149999999999977e+02 2.26251497825907057e-04 1.67614873462128289e-06
 2.60149999999999977e+02 2.60699999999999989e+02 2.19119521527747245e-04 9.90434076007144324e-07
 2.60699999999999989e+02 2.61250000000000000e+02 2.17779622363754692e-04 1.03750995098997898e-06
 2.61250000000000000e+02 2.61800000000000011e+02 2.11345491570098012e-04 9.65621120302812452e-07
 2.61800000000000011e+02 2.62350000000000023e+02 2.07401884454477175e-04 9.92857878401574446e-07
 2.62350000000000023e+02 2.62899999999999977e+02 2.04475373321527605e-04 1.01344965333783393e-06
 2.62899999999999977e+02 2.63449999999999989e+02 1.99925174260005671e-04 9.36858326807833005e-07
 2.63449999999999989e+02 2.64000000000000000e+02 1.97710627300143365e-04 1.02002811212244633e-06
 2.64000000000000000e+02 2.64550000000000011e+02 1.92744827524785848e-04 9.70180471523357555e-07
 2.64550000000000011e+02 2.65100000000000023e+02 1.90921578787937727e-04 1.34337249100664156e-06
 2.65100000000000023e+02 2.65649999999999977e+02 1.85156806920040891e-04 8.73990366281468847e-07
 2.65649999999999977e+02 2.66199999999999989e+02 1.82688585208875794e-04 1.38045059942073016e-06
 2.66199999999999989e+02 2.66750000000000000e+02 1.77843893485233213e-04 1.00072329656200215e-06
 2.66750000000000000e+02 2.67300000000000011e+02 1.73514622461695651e-04 8.69165426545397869e-07
 2.67300000000000011e+02 2.67850000000000023e+02 1.71689123045070269e-04 8.50785257898389042e-07
 2.67850000000000023e+02 2.68399999999999977e+02 1.66187493549483847e-04 9.02579906436255746e-07
 2.68399999999999977e+02 2.68949999999999989e+02 1.61688967021380886e-04 9.18079338891199740e-07
 2.68949999999999989e+02 2.69500000000000000e+02 1.63122892587613171e-04 1.90467033582461158e-06
 2.69500000000000000e+02 2.70050000000000011e+02 1.54137434353908870e-04 8.20932522994936834e-07
 2.70050000000000011e+02 2.70600000000000023e+02 1.52914179760619699e-04 8.36884642772714241e-07
 2.70600000000000023e+02 2.71149999999999977e+02 1.49605017132006563e-04 8.31652881559704424e-07
 2.71149999999999977e+02 2.71699999999999989e+02 1.45857086447102213e-04 8.17592493053869596e-07
 2.71699999999999989e+02 2.72250000000000000e+02 1.43071326697449353e-04 8.20880098730932431e-07
 2.72250000000000000e+02 2.72800000000000011e+02 1.39999395950538089e-04 7.93758481059308907e-07
 2.72800000000000011e+02 2.73350000000000023e+02 1.37018572051987873e-04 8.51829302293299592e-07
 2.73350000000000023e+02 2.73899999999999977e+02 1.34625755584966860e-04 1.53617327163570810e-06
 2.73899999999999977e+02 2.74449999999999989e+02 1.31091692804534291e-04 8.38442333902686852e-07
 2.74449999999999989e+02 2.75000000000000000e+02 1.28530723266881978e-04 1.37771922207782943e-06
 2.75000000000000000e+02 2.75550000000000011e+02 1.24834938129990349e-04 7.93769934751442121e-07
 2.75550000000000011e+02 2.76100000000000023e+02 1.21635241351233849e-04 7.81665945215963642e-07
 2.76100000000000023e+02 2.76649999999999977e+02 1.17721502453177080e-04 7.67870658229031738e-07
 2.76649999999999977e+02 2.77199999999999989e+02 1.14206596979457103e-04 7.61187491668221175e-07
 2.77199999999999989e+02 2.77750000000000000e+02 1.12541505419656978e-04 7.06883978568736955e-07
 2.77750000000000000e+02 2.78300000000000011e+02 1.10471979450683691e-04 8.30903524382809057e-07
 2.78300000000000011e+02 2.78850000000000023e+02 1.06406994826777350e-04 6.93442496543967307e-07
 2.78850000000000023e+02 2.79399999999999977e+02 1.03504469739719809e-04 8.49388965295659248e-07
 2.79399999999999977e+02 2.79949999999999989e+02 1.02151216120273850e-04 1.22442419431948915e-06
 2.79949999999999989e+02 2.80500000000000000e+02 9.88986901866869509e-05 7.50201468950943203e-07
 2.80500000000000000e+02 2.81050000000000011e+02 9.45291649315597315e-05 7.27777937992518642e-07
 2.81050000000000011e+02 2.81600000000000023e+02 9.51915600331829993e-05 1.98028311225925779e-06
 2.81600000000000023e+02 2.82149999999999977e+02 9.05215109974497539e-05 7.49005921490538626e-07
 2.82149999999999977e+02 2.82699999999999989e+02 8.71623091144316730e-05 6.74758652235915956e-07
 2.82699999999999989e+02 2.83250000000000000e+02 8.49916230708158482e-05 6.75131993063254953e-07
 2.83250000000000000e+02 2.83800000000000011e+02 8.32775606500926177e-05 6.55270633695692813e-07
 2.83800000000000011e+02 2.84350000000000023e+02 7.89564547508118573e-05 6.37991307755926706e-07
 2.84350000000000023e+02 2.84899999999999977e+02 7.70932939552554841e-05 6.86589648406975352e-07
 2.84899999999999977e+02 2.85449999999999989e+02 7.47072610150367885e-05 6.44373992180328253e-07
 2.85449999999999989e+02 2.86000000000000000e+02 7.23030283951375618e-05 6.25196463439976277e-07
 2.86000000000000000e+02 2.86550000000000011e+02 6.89069908507470262e-05 7.85759166608364429e-07
 2.86550000000000011e+02 2.87100000000000023e+02 6.71506562654048046e-05 6.43564505302110034e-07
 2.87100000000000023e+02 2.87649999999999977e+02 6.55777860543858875e-05 8.33229181996022758e-07
 2.87649999999999977e+02 2.88199999999999989e+02 6.22222637586242503e-05 5.61187954865879378e-07
 2.88199999999999989e+02 2.88750000000000000e+02 6.04173706240909752e-05 5.82749023201520153e-07
 2.88750000000000000e+02 2.89300000000000011e+02 5.69865254594034934e-05 5.66092754561234971e-07
 2.89300000000000011e+02 2.89850000000000023e+02 5.60928652943317016e-05 5.65332409846044404e-07
 2.89850000000000023e+02 2.90399999999999977e+02 5.32248965442995382e-05 5.52308721451691509e-07
 2.90399999999999977e+02 2.90949999999999989e+02 5.22868705449011675e-05 8.98517269857935871e-07
 2.90949999999999989e+02 2.91500000000000000e+02 4.91955481033430321e-05 5.07612409813672589e-07
 2.91500000000000000e+02 2.92050000000000011e+02 4.59208747326436261e-05 5.07325164577790619e-07
 2.92050000000000011e+02 2.92600000000000023e+02 4.46318370847723886e-05 5.59165765965598595e-07
 2.92600000000000023e+02 2.93149999999999977e+02 4.35956574091783970e-05 5.49959893722553639e-07
 2.93149999999999977e+02 2.93699999999999989e+02 4.13121575387038095e-05 5.58483650307582559e-07
 2.93699999999999989e+02 2.94250000000000000e+02 4.00032459592800931e-05 6.06845057988150569e-07
 2.94250000000000000e+02 2.94800000000000011e+02 3.64870889500280461e-05 4.77855765331170251e-07
 2.94800000000000011e+02 2.95350000000000023e+02 3.48102525866870471e-05 7.28444002073359448e-07
 2.95350000000000023e+02 2.95899999999999977e+02 3.29903742509512414e-05 4.48382148620899137e-07
 2.95899999999999977e+02 2.96449999999999989e+02 3.17877874542183808e-05 5.37280258024669398e-07
 2.96449999999999989e+02 2.97000000000000000e+02 3.02604956662608484e-05 6.25605237627833455e-07
 2.97000000000000000e+02 2.97550000000000011e+02 2.92333452745991774e-05 5.05255767950242757e-07
 2.97550000000000011e+02 2.98100000000000023e+02 2.61945737090240338e-05 4.74057098459173073e-07
 2.98100000000000023e+02 2.98649999999999977e+02 2.50169585052044696e-05 4.74576977502648725e-07
 2.98649999999999977e+02 2.99199999999999989e+02 2.41971657263887912e-05 5.37260671361001611e-07
 2.99199999999999989e+02 2.99750000000000000e+02 2.15983181284999858e-05 4.75626888768774268e-07
 2.99750000000000000e+02 3.00300000000000011e+02 2.11249448996156366e-05 4.87596645663513417e-07
 3.00300000000000011e+02 3.00850000000000023e+02 1.83652867699935187e-05 4.32635766406094205e-07
 3.00850000000000023e+02 3.01399999999999977e+02 1.73344758315035330e-05 4.51135544265689868e-07
 3.01399999999999977e+02 3.01949999999999989e+02 1.51643484896636273e-05 3.85084734083472210e-07
 3.01949999999999989e+02 3.02500000000000000e+02 1.48170036534459122e-05 4.32802008417576803e-07
 3.02500000000000000e+02 3.03050000000000011e+02 1.35310948413500492e-05 4.54142244875171596e-07
 3.03050000000000011e+02 3.03600000000000023e+02 1.20378843384060542e-05 3.90930418830061267e-07
 3.03600000000000023e+02 3.04149999999999977e+02 1.05079058398016882e-05 3.12345845726871348e-07
 3.04149999999999977e+02 3.04699999999999989e+02 9.56897071306678617e-06 3.33539792415048891e-07
 3.04699999999999989e+02 3.05250000000000000e+02 8.65939513491415097e-06 4.14864850878798127e-07
 3.05250000000000000e+02 3.05800000000000011e+02 7.69173619941241283e-06 3.71836514335778293e-07
 3.05800000000000011e+02 3.06350000000000023e+02 6.12839179816008219e-06 2.55472241855898391e-07
 3.06350000000000023e+02 3.06899999999999977e+02 5.89585373391120453e-06 2.78854824078919239e-07
 3.06899999999999977e+02 3.07449999999999989e+02 4.43533867823042137e-06 2.42864360835381565e-07
 3.07449999999999989e+02 3.08000000000000000e+02 3.94873142089071447e-06 2.81965496271145778e-07
 3.08000000000000000e+02 3.08550000000000011e+02 3.01698106276769242e-06 1.87757959174699397e-07
 3.08550000000000011e+02 3.09100000000000023e+02 2.73967330120131965e-06 2.25379624218178624e-07
 3.09100000000000023e+02 3.09649999999999977e+02 2.48031458387743027e-06 4.62920601524607872e-07
 3.09649999999999977e+02 3.10199999999999989e+02 1.60451040877432227e-06 1.97797195610061557e-07
 3.10199999999999989e+02 3.10750000000000000e+02 9.61754181962458940e-07 1.15555386794514299e-07
 3.10750000000000000e+02 3.11300000000000011e+02 6.92719714753147915e-07 9.74614701096968143e-08
 3.11300000000000011e+02 3.11850000000000023e+02 4.69620657168554309e-07 9.23385276914341946e-08
 3.11850000000000023e+02 3.12399999999999977e+02 1.46516941414728492e-07 5.70615840266456165e-08
 3.12399999999999977e+02 3.12949999999999989e+02 3.80787928386924450e-08 1.84956254730627612e-08
 3.12949999999999989e+02 3.13500000000000000e+02 3.09398535936275370e-09 2.24321669410604347e-09
 3.13500000000000000e+02 3.14050000000000011e+02 0.00000000000000000e+00 0.00000000000000000e+00
 3.14050000000000011e+02 3.14600000000000023e+02 0.00000000000000000e+00 0.00000000000000000e+00
 3.14600000000000023e+02 3.15149999999999977e+02 0.00000000000000000e+00 0.00000000000000000e+00
 3.15149999999999977e+02 3.15699999999999989e+02 0.00000000000000000e+00 0.00000000000000000e+00
 3.15699999999999989e+02 3.16250000000000000e+02 0.00000000000000000e+00 0.00000000000000000e+00
 3.16250000000000000e+02 3.16800000000000011e+02 0.00000000000000000e+00 0.00000000000000000e+00
 3.16800000000000011e+02 3.17350000000000023e+02 0.00000000000000000e+00 0.00000000000000000e+00
 3.17350000000000023e+02 3.17899999999999977e+02 0.00000000000000000e+00 0.00000000000000000e+00
 3.17899999999999977e+02 3.18449999999999989e+02 0.00000000000000000e+00 0.00000000000000000e+00
 3.18449999999999989e+02 3.19000000000000000e+02 0.00000000000000000e+00 0.00000000000000000e+00
 3.19000000000000000e+02 3.19550000000000011e+02 0.00000000000000000e+00 0.00000000000000000e+00
 3.19550000000000011e+02 3.20100000000000023e+02 0.00000000000000000e+00 0.00000000000000000e+00
 3.20100000000000023e+02 3.20649999999999977e+02 0.00000000000000000e+00 0.00000000000000000e+00
 3.20649999999999977e+02 3.21199999999999989e+02 0.00000000000000000e+00 0.00000000000000000e+00
 3.21199999999999989e+02 3.21750000000000000e+02 0.00000000000000000e+00 0.00000000000000000e+00
 3.21750000000000000e+02 3.22300000000000011e+02 0.00000000000000000e+00 0.00000000000000000e+00
 3.22300000000000011e+02 3.22850000000000023e+02 0.00000000000000000e+00 0.00000000000000000e+00
 3.22850000000000023e+02 3.23399999999999977e+02 0.00000000000000000e+00 0.00000000000000000e+00
 3.23399999999999977e+02 3.23949999999999989e+02 0.00000000000000000e+00 0.00000000000000000e+00
 3.23949999999999989e+02 3.24500000000000000e+02 0.00000000000000000e+00 0.00000000000000000e+00
 3.24500000000000000e+02 3.25050000000000011e+02 0.00000000000000000e+00 0.00000000000000000e+00
 3.25050000000000011e+02 3.25600000000000023e+02 0.00000000000000000e+00 0.00000000000000000e+00
 3.25600000000000023e+02 3.26149999999999977e+02 0.00000000000000000e+00 0.00000000000000000e+00
 3.26149999999999977e+02 3.26699999999999989e+02 0.00000000000000000e+00 0.00000000000000000e+00
 3.26699999999999989e+02 3.27250000000000000e+02 0.00000000000000000e+00 0.00000000000000000e+00
 3.27250000000000000e+02 3.27800000000000011e+02 0.00000000000000000e+00 0.00000000000000000e+00
 3.27800000000000011e+02 3.28350000000000023e+02 0.00000000000000000e+00 0.00000000000000000e+00
 3.28350000000000023e+02 3.28899999999999977e+02 0.00000000000000000e+00 0.00000000000000000e+00
 3.28899999999999977e+02 3.29449999999999989e+02 0.00000000000000000e+00 0.00000000000000000e+00
 3.29449999999999989e+02 3.30000000000000000e+02 0.00000000000000000e+00 0.00000000000000000e+00

Histogram:lpp+
 1.06000000000000000e+02 1.06686666666666667e+02 0.00000000000000000e+00 0.00000000000000000e+00
 1.06686666666666667e+02 1.07373333333333335e+02 3.07445923735819001e-08 2.21874459378820004e-08
 1.07373333333333335e+02 1.08060000000000002e+02 1.58519382691937298e-07 2.38726183969162034e-08
 1.08060000000000002e+02 1.08746666666666670e+02 5.49390577764058764e-07 7.41498488790384347e-08
 1.08746666666666670e+02 1.09433333333333337e+02 8.96889655976148508e-07 9.20996991430650336e-08
 1.09433333333333337e+02 1.10120000000000005e+02 1.29624992719527448e-06 1.08451680703114824e-07
 1.10120000000000005e+02 1.10806666666666672e+02 1.87523503344632875e-06 1.82066599216303190e-07
 1.10806666666666672e+02 1.11493333333333339e+02 2.19469775173824080e-06 1.45994623784371713e-07
 1.11493333333333339e+02 1.12180000000000007e+02 2.53998149357043257e-06 1.61692559217033246e-07
 1.12180000000000007e+02 1.12866666666666660e+02 2.99094174195555326e-06 2.51627693065142108e-07
 1.12866666666666660e+02 1.13553333333333327e+02 4.06150159675550962e-06 4.25296732355197212e-07
 1.13553333333333327e+02 1.14239999999999995e+02 4.09744381888590950e-06 4.17367555018199518e-07
 1.14239999999999995e+02 1.14926666666666662e+02 4.57902112385701458e-06 2.45990390927250388e-07
 1.14926666666666662e+02 1.15613333333333330e+02 6.04399075656443988e-06 6.54740528862650760e-07
 1.15613333333333330e+02 1.16299999999999997e+02 4.96628946991509121e-06 2.04528075133359776e-07
 1.16299999999999997e+02 1.16986666666666665e+02 5.85325482448523887e-06 2.79173849033133458e-07
 1.16986666666666665e+02 1.17673333333333332e+02 6.69627897737875843e-06 5.77857146112933934e-07
 1.17673333333333332e+02 1.18359999999999999e+02 6.42559254372216303e-06 2.32414017851583540e-07
 1.18359999999999999e+02 1.19046666666666667e+02 6.91533051363354648e-06 2.83189239950740461e-07
 1.19046666666666667e+02 1.19733333333333334e+02 7.06901823549896146e-06 2.51127984164047881e-07
 1.19733333333333334e+02 1.20420000000000002e+02 8.20322386385247803e-06 3.86143059654987464e-07
 1.20420000000000002e+02 1.21106666666666669e+02 8.88444761883856913e-06 3.56014668529356061e-07
 1.21106666666666669e+02 1.21793333333333337e+02 9.17657969650624151e-06 2.96658390713210788e-07
 1.21793333333333337e+02 1.22480000000000004e+02 9.15503744286390298e-06 2.79242546309446205e-07
 1.22480000000000004e+02 1.23166666666666671e+02 1.00580771679511208e-05 3.10788649531776564e-07
 1.23166666666666671e+02 1.23853333333333325e+02 1.21925984432436358e-05 1.31309978830246747e-06
 1.23853333333333325e+02 1.24539999999999992e+02 1.09385505993402851e-05 3.33437313438946125e-07
 1.24539999999999992e+02 1.25226666666666659e+02 1.14264121768258314e-05 3.05285230022142405e-07
 1.25226666666666659e+02 1.25913333333333327e+02 1.21835521840662074e-05 3.51526050560224881e-07
 1.25913333333333327e+02 1.26599999999999994e+02 1.26364171073812395e-05 3.59535003982430668e-07
 1.26599999999999994e+02 1.27286666666666662e+02 1.33761959141367494e-05 3.40894800843463311e-07
 1.27286666666666662e+02 1.27973333333333329e+02 1.41309606743815555e-05 4.84219959422046595e-07
 1.27973333333333329e+02 1.28659999999999997e+02 1.51412755646402791e-05 3.70045548122386366e-07
 1.28659999999999997e+02 1.29346666666666664e+02 1.58070343411198894e-05 4.61139432205192054e-07
 1.29346666666666664e+02 1.30033333333333331e+02 1.48389207990909680e-05 2.96717884879383650e-07
 1.30033333333333331e+02 1.30719999999999999e+02 1.70729826479341648e-05 1.11492258476573418e-06
 1.30719999999999999e+02 1.31406666666666666e+02 1.71338178488979630e-05 4.40084082990694544e-07
 1.31406666666666666e+02 1.32093333333333334e+02 1.67649116003660596e-05 3.58496129030511319e-07
 1.32093333333333334e+02 1.32780000000000001e+02 1.81926490797967513e-05 4.93322885731363831e-07
 1.32780000000000001e+02 1.33466666666666669e+02 1.84400307930524337e-05 4.46855122709404181e-07
 1.33466666666666669e+02 1.34153333333333336e+02 2.02192500335759943e-05 5.64782373028397082e-07
 1.34153333333333336e+02 1.34840000000000003e+02 1.93571483574915219e-05 4.21607587652645725e-07
 1.34840000000000003e+02 1.35526666666666671e+02 2.02299470420364421e-05 3.97702097186171493e-07
 1.35526666666666671e+02 1.36213333333333338e+02 2.17145162208889918e-05 5.69143253491600103e-07
 1.36213333333333338e+02 1.36900000000000006e+02 2.14722689111642005e-05 4.84147069966553438e-07
 1.36900000000000006e+02 1.37586666666666673e+02 2.22449841195801584e-05 4.19847191497158754e-07
 1.37586666666666673e+02 1.38273333333333341e+02 2.40030379654503606e-05 7.79292805737688560e-07
 1.38273333333333341e+02 1.38960000000000008e+02 2.43589261412607342e-05 7.57434907404038778e-07
 1.38960000000000008e+02 1.39646666666666675e+02 2.44294792893800952e-05 4.80993443409558817e-07
 1.39646666666666675e+02 1.40333333333333343e+02 2.44337459557203451e-05 4.22560105978716452e-07
 1.40333333333333343e+02 1.41020000000000010e+02 2.59659469206643396e-05 7.74104362627556200e-07
 1.41020000000000010e+02 1.41706666666666649e+02 2.67810717566948649e-05 4.89159476673993936e-07
 1.41706666666666649e+02 1.42393333333333317e+02 2.59882553614511205e-05 4.16887951246131365e-07
 1.42393333333333317e+02 1.43079999999999984e+02 2.71270404591680115e-05 4.80402630385180078e-07
 1.43079999999999984e+02 1.43766666666666652e+02 2.70710103175459531e-05 4.05003670804404914e-07
 1.43766666666666652e+02 1.44453333333333319e+02 2.88414249064744367e-05 5.64142262966190281e-07
 1.44453333333333319e+02 1.45139999999999986e+02 2.91091885881968424e-05 5.02724903746006576e-07
 1.45139999999999986e+02 1.45826666666666654e+02 2.95287815641068216e-05 5.53090915396675186e-07
 1.45826666666666654e+02 1.46513333333333321e+02 3.09327499610822915e-05 5.60148714692119135e-07
 1.46513333333333321e+02 1.47199999999999989e+02 3.21768605052039558e-05 5.26961549437167742e-07
 1.47199999999999989e+02 1.47886666666666656e+02 3.17264623846408238e-05 5.27356573339748980e-07
 1.47886666666666656e+02 1.48573333333333323e+02 3.29167082845153021e-05 6.12567463532283015e-07
 1.48573333333333323e+02 1.49259999999999991e+02 3.38035941151980119e-05 5.57572034008666579e-07
 1.49259999999999991e+02 1.49946666666666658e+02 3.56899430968797351e-05 8.23253912754039549e-07
 1.49946666666666658e+02 1.50633333333333326e+02 3.57814719596708975e-05 5.65281178634404730e-07
 1.50633333333333326e+02 1.51319999999999993e+02 3.64702247018363018e-05 5.27364721719816915e-07
 1.51319999999999993e+02 1.52006666666666661e+02 3.67518958996168569e-05 5.25174993917544937e-07
 1.52006666666666661e+02 1.52693333333333328e+02 3.75193510245783936e-05 5.34033275346147525e-07
 1.52693333333333328e+02 1.53379999999999995e+02 3.78475358094340582e-05 5.65620984789901661e-07
 1.53379999999999995e+02 1.54066666666666663e+02 3.93195164351698367e-05 5.71403262239193550e-07
 1.54066666666666663e+02 1.54753333333333330e+02 4.01923048224998329e-05 7.47495762166896747e-07
 1.54753333333333330e+02 1.55439999999999998e+02 4.04583850467909583e-05 5.82251868757319151e-07
 1.55439999999999998e+02 1.56126666666666665e+02 4.27137588222658082e-05 6.51247449163974960e-07
 1.56126666666666665e+02 1.56813333333333333e+02 4.22556177887598543e-05 5.35436670933961424e-07
 1.56813333333333333e+02 1.57500000000000000e+02 4.35636396969523742e-05 6.21769044439976509e-07
 1.57500000000000000e+02 1.58186666666666667e+02 4.43472442016475720e-05 8.17277521927258486e-07
 1.58186666666666667e+02 1.58873333333333335e+02 4.53496467302509185e-05 7.25804399184074947e-07
 1.58873333333333335e+02 1.59560000000000002e+02 4.50075105130721148e-05 5.30482243652526449e-07
 1.59560000000000002e+02 1.60246666666666670e+02 8.25713547931538060e-05 7.66603556705426169e-07
 1.60246666666666670e+02 1.60933333333333337e+02 1.49446559729057664e-04 9.74448967954585385e-07
 1.60933333333333337e+02 1.61620000000000005e+02 1.52485198380890384e-04 9.94414904788456619e-07
 1.61620000000000005e+02 1.62306666666666672e+02 1.53672983363926328e-04 1.09582465815353344e-06
 1.62306666666666672e+02 1.62993333333333339e+02 1.54471137909517294e-04 1.40861661464434185e-06
 1.62993333333333339e+02 1.63680000000000007e+02 1.55084998158587083e-04 8.90484443563341166e-07
 1.63680000000000007e+02 1.64366666666666674e+02 1.56250369755097637e-04 9.28466891589561666e-07
 1.64366666666666674e+02 1.65053333333333342e+02 1.58115585478600049e-04 9.35874282936320381e-07
 1.65053333333333342e+02 1.65740000000000009e+02 1.61290576249749899e-04 9.95501516242255480e-07
 1.65740000000000009e+02 1.66426666666666677e+02 1.61642051909421106e-04 9.17847119609067466e-07
 1.66426666666666677e+02 1.67113333333333344e+02 1.64421434715854422e-04 1.13390053864768724e-06
 1.67113333333333344e+02 1.67800000000000011e+02 1.65376753863423465e-04 1.07816874343763981e-06
 1.67800000000000011e+02 1.68486666666666679e+02 1.67075952112699129e-04 9.95059594555678787e-07
 1.68486666666666679e+02 1.69173333333333346e+02 1.68347757036088174e-04 1.07968715528047580e-06
 1.69173333333333346e+02 1.69860000000000014e+02 1.69167739238336874e-04 9.79252359564070121e-07
 1.69860000000000014e+02 1.70546666666666681e+02 1.72084381617689273e-04 1.03497904953255308e-06
 1.70546666666666681e+02 1.71233333333333348e+02 1.72518431460109967e-04 9.62048172965026227e-07
 1.71233333333333348e+02 1.71920000000000016e+02 1.74779456296831850e-04 1.25268579432995175e-06
 1.71920000000000016e+02 1.72606666666666683e+02 1.76282833512989576e-04 9.63782299599637751e-07
 1.72606666666666683e+02 1.73293333333333351e+02 1.76701058186370382e-04 9.92879641290343415e-07
 1.73293333333333351e+02 1.73980000000000018e+02 1.77981582179399729e-04 9.53364931392427825e-07
 1.73980000000000018e+02 1.74666666666666686e+02 1.81048818212759270e-04 1.11760768835201190e-06
 1.74666666666666686e+02 1.75353333333333353e+02 1.83360787294302945e-04 1.05491650156718669e-06
 1.75353333333333353e+02 1.76040000000000020e+02 1.84616266375502299e-04 1.03401678353828538e-06
 1.76040000000000020e+02 1.76726666666666688e+02 1.87081370259178779e-04 1.05651392729961057e-06
 1.76726666666666688e+02 1.77413333333333327e+02 1.88002394653083237e-04 9.84968208452244201e-07
 1.77413333333333327e+02 1.78099999999999994e+02 1.89417170959438954e-04 1.02448122096502692e-06
 1.78099999999999994e+02 1.78786666666666662e+02 1.93477915897972080e-04 1.23112216674794311e-06
 1.78786666666666662e+02 1.79473333333333329e+02 1.94581771505464535e-04 1.10847766224381179e-06
 1.79473333333333329e+02 1.80159999999999997e+02 1.95248413783159969e-04 1.27130094254638902e-06
 1.80159999999999997e+02 1.80846666666666664e+02 1.97753017321282811e-04 1.26133551483054436e-06
 1.80846666666666664e+02 1.81533333333333331e+02 1.97717851881590908e-04 1.21411515379215153e-06
 1.81533333333333331e+02 1.82219999999999999e+02 2.00480756171248127e-04 1.09854743449577903e-06
 1.82219999999999999e+02 1.82906666666666666e+02 2.01526238430290615e-04 1.01308468659783270e-06
 1.82906666666666666e+02 1.83593333333333334e+02 2.02389923328018213e-04 1.07433736011093869e-06
 1.83593333333333334e+02 1.84280000000000001e+02 2.03470498257911928e-04 1.05138008621013191e-06
 1.84280000000000001e+02 1.84966666666666669e+02 2.05975939257884393e-04 1.08820875077974740e-06
 1.84966666666666669e+02 1.85653333333333336e+02 2.10540664962633595e-04 1.42521059568769200e-06
 1.85653333333333336e+02 1.86340000000000003e+02 2.17906386527766632e-04 8.13455022055944944e-06
 1.86340000000000003e+02 1.87026666666666671e+02 2.11717733346028074e-04 1.22100167858035753e-06
 1.87026666666666671e+02 1.87713333333333338e+02 2.13640301023545006e-04 1.15530300111252765e-06
 1.87713333333333338e+02 1.88400000000000006e+02 2.17034821791546985e-04 1.13613868446470700e-06
 1.88400000000000006e+02 1.89086666666666673e+02 2.17281876799847864e-04 1.07261971621145294e-06
 1.89086666666666673e+02 1.89773333333333312e+02 2.19438497444387733e-04 1.25339346982977027e-06
 1.89773333333333312e+02 1.90459999999999980e+02 2.22104650428615197e-04 1.10654666868239092e-06
 1.90459999999999980e+02 1.91146666666666647e+02 2.23230538606283016e-04 1.21394954771306048e-06
 1.91146666666666647e+02 1.91833333333333314e+02 2.24818031772031025e-04 1.15926041534773724e-06
 1.91833333333333314e+02 1.92519999999999982e+02 2.26032347346910275e-04 1.06976527966041979e-06
 1.92519999999999982e+02 1.93206666666666649e+02 2.27535363167925158e-04 1.15331285253825478e-06
 1.93206666666666649e+02 1.93893333333333317e+02 2.31054983792880318e-04 1.21842535513298886e-06
 1.93893333333333317e+02 1.94579999999999984e+02 2.33268200639376875e-04 1.74843319177730337e-06
 1.94579999999999984e+02 1.95266666666666652e+02 2.33067548027487970e-04 1.07676394806285587e-06
 1.95266666666666652e+02 1.95953333333333319e+02 2.35977603224367166e-04 1.10730720289068314e-06
 1.95953333333333319e+02 1.96639999999999986e+02 2.38932610696196922e-04 1.16299669664290987e-06
 1.96639999999999986e+02 1.97326666666666654e+02 2.40125868026650066e-04 1.12797541679309009e-06
 1.97326666666666654e+02 1.98013333333333321e+02 2.40045282805512200e-04 1.18513732005532475e-06
 1.98013333333333321e+02 1.98699999999999989e+02 2.44069210306023434e-04 1.42413918636915020e-06
 1.98699999999999989e+02 1.99386666666666656e+02 2.44668694137156956e-04 1.12389687402820560e-06
 1.99386666666666656e+02 2.00073333333333323e+02 2.47717821703101341e-04 1.17305475546763707e-06
 2.00073333333333323e+02 2.00759999999999991e+02 2.49775961567205783e-04 1.13190357261734382e-06
 2.00759999999999991e+02 2.01446666666666658e+02 2.52351749821570228e-04 1.22058512301359291e-06
 2.01446666666666658e+02 2.02133333333333326e+02 2.53221450535856595e-04 1.27395163120569198e-06
 2.02133333333333326e+02 2.02819999999999993e+02 2.55322779982557538e-04 1.24290461142732970e-06
 2.02819999999999993e+02 2.03506666666666661e+02 2.57946364461779658e-04 1.24666822069985079e-06
 2.03506666666666661e+02 2.04193333333333328e+02 2.60824317530341425e-04 1.25544124314555402e-06
 2.04193333333333328e+02 2.04879999999999995e+02 2.61134500272388128e-04 1.27691849990401019e-06
 2.04879999999999995e+02 2.05566666666666663e+02 2.64888148266262998e-04 1.28548615132850952e-06
 2.05566666666666663e+02 2.06253333333333330e+02 2.65153476944503274e-04 1.31628360221007055e-06
 2.06253333333333330e+02 2.06939999999999998e+02 2.69287324254536414e-04 1.18712567471345839e-06
 2.06939999999999998e+02 2.07626666666666665e+02 2.71641520254643169e-04 1.16144645161074427e-06
 2.07626666666666665e+02 2.08313333333333333e+02 2.72127097920410704e-04 1.28135824108603775e-06
 2.08313333333333333e+02 2.09000000000000000e+02 2.76491218835536897e-04 1.17551518377285206e-06
 2.09000000000000000e+02 2.09686666666666667e+02 2.77090449472939193e-04 1.19501626365368816e-06
 2.09686666666666667e+02 2.10373333333333335e+02 2.79956855745212201e-04 1.27879829358329123e-06
 2.10373333333333335e+02 2.11060000000000002e+02 2.81412233714570736e-04 1.41503525094561210e-06
 2.11060000000000002e+02 2.11746666666666670e+02 2.83770893970183770e-04 1.68350961720066645e-06
 2.11746666666666670e+02 2.12433333333333337e+02 2.86976173041593734e-04 1.29800645431617031e-06
 2.12433333333333337e+02 2.13120000000000005e+02 2.89609242481845880e-04 1.59202395481588440e-06
 2.13120000000000005e+02 2.13806666666666672e+02 2.92147574290978901e-04 1.52993746209394729e-06
 2.13806666666666672e+02 2.14493333333333339e+02 2.95967922315118546e-04 1.34383197907175535e-06
 2.14493333333333339e+02 2.15180000000000007e+02 2.95615632590484438e-04 1.32663284367361222e-06
 2.15180000000000007e+02 2.15866666666666674e+02 3.02718276945087086e-04 3.87717103199765612e-06
 2.15866666666666674e+02 2.16553333333333342e+02 3.02183044591840613e-04 1.27776213825703739e-06
 2.16553333333333342e+02 2.17240000000000009e+02 3.01986350030288789e-04 1.33466618792170013e-06
 2.17240000000000009e+02 2.17926666666666677e+02 3.04006451033665768e-04 1.31205619994310018e-06
 2.17926666666666677e+02 2.18613333333333344e+02 3.09296960766704341e-04 1.41377169858381233e-06
 2.18613333333333344e+02 2.19300000000000011e+02 3.11116607927010606e-04 1.36232059698302285e-06
 2.19300000000000011e+02 2.19986666666666679e+02 3.13405378881837198e-04 1.41428584149982053e-06
 2.19986666666666679e+02 2.20673333333333346e+02 3.17123810969763883e-04 1.46385300297457923e-06
 2.20673333333333346e+02 2.21360000000000014e+02 3.20252014033898917e-04 1.60471094928513890e-06
 2.21360000000000014e+02 2.22046666666666681e+02 3.21876204562415366e-04 1.39793817085716596e-06
 2.22046666666666681e+02 2.22733333333333348e+02 3.23114754477228248e-04 1.39409590079534432e-06
 2.22733333333333348e+02 2.23420000000000016e+02 3.27047446245029875e-04 1.52891698323133864e-06
 2.23420000000000016e+02 2.24106666666666683e+02 3.29617771230438438e-04 1.57256642464743954e-06
 2.24106666666666683e+02 2.24793333333333351e+02 3.33412085298214779e-04 1.52401103932015205e-06
 2.24793333333333351e+02 2.25480000000000018e+02 3.33538243553832352e-04 1.39373171309358258e-06
 2.25480000000000018e+02 2.26166666666666686e+02 3.37434367194332674e-04 1.44773772364828965e-06
 2.26166666666666686e+02 2.26853333333333353e+02 3.38416486323443776e-04 1.40967704564651302e-06
 2.26853333333333353e+02 2.27540000000000020e+02 3.39826283512428048e-04 1.42710558446918700e-06
 2.27540000000000020e+02 2.28226666666666688e+02 3.44601815002492566e-04 1.37821233628292241e-06
 2.28226666666666688e+02 2.28913333333333327e+02 3.47814132478128674e-04 1.44221453455949293e-06
 2.28913333333333327e+02 2.29599999999999994e+02 3.49052883976058563e-04 1.48700824416938770e-06
 2.29599999999999994e+02 2.30286666666666662e+02 3.52478409194101057e-04 1.57583463638887926e-06
 2.30286666666666662e+02 2.30973333333333329e+02 3.55294486002902612e-04 1.44183616043445463e-06
 2.30973333333333329e+02 2.31659999999999997e+02 3.58589804718353184e-04 1.37989354099093705e-06
 2.31659999999999997e+02 2.32346666666666664e+02 3.58562411237538150e-04 1.39829681664923075e-06
 2.32346666666666664e+02 2.33033333333333331e+02 3.62109699946834107e-04 1.46302056746828828e-06
 2.33033333333333331e+02 2.33719999999999999e+02 3.63634124292380907e-04 1.51345675108494885e-06
 2.33719999999999999e+02 2.34406666666666666e+02 3.68485966836970503e-04 1.42668874413212747e-06
 2.34406666666666666e+02 2.35093333333333334e+02 3.70375476239719796e-04 1.36275218350336921e-06
 2.35093333333333334e+02 2.35780000000000001e+02 3.74664472440329780e-04 1.47320718146301556e-06
 2.35780000000000001e+02 2.36466666666666669e+02 3.79820144349352572e-04 1.67568558102419042e-06
 2.36466666666666669e+02 2.37153333333333336e+02 3.82740859371588985e-04 2.84244579869293774e-06
 2.37153333333333336e+02 2.37840000000000003e+02 3.83162415008543036e-04 1.44244846478616896e-06
 2.37840000000000003e+02 2.38526666666666671e+02 3.89196710561190201e-04 1.54712883359593581e-06
 2.38526666666666671e+02 2.39213333333333338e+02 3.90478419381115702e-04 1.51751346633423223e-06
 2.39213333333333338e+02 2.39900000000000006e+02 3.92682898289142119e-04 1.57877503548268193e-06
 2.39900000000000006e+02 2.40586666666666673e+02 3.94961917722497918e-04 1.49620508572159381e-06
 2.40586666666666673e+02 2.41273333333333341e+02 3.99378945750697412e-04 1.46580421673604247e-06
 2.41273333333333341e+02 2.41960000000000008e+02 3.99632519250006353e-04 1.45123843848348775e-06
 2.41960000000000008e+02 2.42646666666666675e+02 4.07470946416509724e-04 1.85416675306175565e-06
 2.42646666666666675e+02 2.43333333333333343e+02 4.08481766893765811e-04 1.48615152458301656e-06
 2.43333333333333343e+02 2.44020000000000010e+02 4.11294591504346788e-04 1.51955627615123882e-06
 2.44020000000000010e+02 2.44706666666666678e+02 4.15554174108768851e-04 1.74153414989177817e-06
 2.44706666666666678e+02 2.45393333333333345e+02 4.17088175433866302e-04 1.54545651996776711e-06
 2.45393333333333345e+02 2.46080000000000013e+02 4.19100358724997348e-04 1.90453055298645352e-06
 2.46080000000000013e+02 2.46766666666666680e+02 4.23493525364158582e-04 1.61726271465754788e-06
 2.46766666666666680e+02 2.47453333333333347e+02 4.28675306080725162e-04 1.61490463735659619e-06
 2.47453333333333347e+02 2.48139999999999986e+02 4.30392937173862096e-04 1.57107058749652628e-06
 2.48139999999999986e+02 2.48826666666666654e+02 4.33654422490776853e-04 1.70288104329823563e-06
 2.48826666666666654e+02 2.49513333333333321e+02 4.38141112993883474e-04 1.74538079006214790e-06
 2.49513333333333321e+02 2.50199999999999989e+02 4.40081494743581271e-04 1.56795109206168464e-06
 2.50199999999999989e+02 2.50886666666666656e+02 4.44394486842707452e-04 1.62598859353899734e-06
 2.50886666666666656e+02 2.51573333333333323e+02 4.46892509148456526e-04 1.56637886495455693e-06
 2.51573333333333323e+02 2.52259999999999991e+02 4.51904691316309742e-04 1.64091865244694767e-06
 2.52259999999999991e+02 2.52946666666666658e+02 4.53578816669776075e-04 1.71671147739212886e-06
 2.52946666666666658e+02 2.53633333333333326e+02 4.58482280666839398e-04 1.67618253993176845e-06
 2.53633333333333326e+02 2.54319999999999993e+02 4.64728369918396560e-04 1.84778101527929871e-06
 2.54319999999999993e+02 2.55006666666666661e+02 4.66691427370789075e-04 3.08115466731323429e-06
 2.55006666666666661e+02 2.55693333333333328e+02 4.69354364344034007e-04 1.59259966496010174e-06
 2.55693333333333328e+02 2.56379999999999995e+02 4.71842843687835455e-04 1.71193871922961922e-06
 2.56379999999999995e+02 2.57066666666666663e+02 4.74466673266209379e-04 1.58123118791260425e-06
 2.57066666666666663e+02 2.57753333333333330e+02 4.82146826851384861e-04 1.68938742262870341e-06
 2.57753333333333330e+02 2.58439999999999998e+02 4.80947930239912622e-04 1.80420697226128797e-06
 2.58439999999999998e+02 2.59126666666666665e+02 4.83951651337117639e-04 2.01617372078224957e-06
 2.59126666666666665e+02 2.59813333333333333e+02 4.87082192724991141e-04 1.84504376217246993e-06
 2.59813333333333333e+02 2.60500000000000000e+02 4.91443561070437985e-04 1.67779631572770117e-06
 2.60500000000000000e+02 2.61186666666666667e+02 4.99687312235661983e-04 1.79182700856102727e-06
 2.61186666666666667e+02 2.61873333333333335e+02 4.99780708339355719e-04 1.63391966010330805e-06
 2.61873333333333335e+02 2.62560000000000002e+02 5.04978822532402326e-04 1.92390395695873401e-06
 2.62560000000000002e+02 2.63246666666666670e+02 5.08517916294801966e-04 1.77134005882310758e-06
 2.63246666666666670e+02 2.63933333333333337e+02 5.10711155286415193e-04 1.87204283628828617e-06
 2.63933333333333337e+02 2.64620000000000005e+02 5.17081200487382194e-04 1.77900739516023965e-06
 2.64620000000000005e+02 2.65306666666666672e+02 5.23136061509789558e-04 1.74158625135321186e-06
 2.65306666666666672e+02 2.65993333333333339e+02 5.25430007112620079e-04 1.79049010484500424e-06
 2.65993333333333339e+02 2.66680000000000007e+02 5.36341343143301717e-04 7.61358465883213478e-06
 2.66680000000000007e+02 2.67366666666666674e+02 5.34469038144849131e-04 1.75398404311142643e-06
 2.67366666666666674e+02 2.68053333333333342e+02 5.35909654304295309e-04 1.66120420139314628e-06
 2.68053333333333342e+02 2.68740000000000009e+02 5.40920783513034798e-04 1.87593190941377002e-06
 2.68740000000000009e+02 2.69426666666666677e+02 5.39626726609363362e-04 1.66143137498027438e-06
 2.69426666666666677e+02 2.70113333333333344e+02 5.46263243624785125e-04 1.76274407836709189e-06
 2.70113333333333344e+02 2.70800000000000011e+02 5.52503412461042296e-04 1.85363442237266830e-06
 2.70800000000000011e+02 2.71486666666666679e+02 5.56571044594951709e-04 1.80807574118303629e-06
 2.71486666666666679e+02 2.72173333333333346e+02 5.58668262120496978e-04 1.71861486873303299e-06
 2.72173333333333346e+02 2.72860000000000014e+02 5.67431553918249453e-04 2.11262264404546606e-06
 2.72860000000000014e+02 2.73546666666666624e+02 5.67278167335750019e-04 1.83215628354161037e-06
 2.73546666666666624e+02 2.74233333333333348e+02 5.69887525926162253e-04 1.72322291647645941e-06
 2.74233333333333348e+02 2.74919999999999959e+02 5.73077746641266895e-04 1.81851159010255382e-06
 2.74919999999999959e+02 2.75606666666666683e+02 5.80790707029284485e-04 1.70495311801541172e-06
 2.75606666666666683e+02 2.76293333333333294e+02 5.86765646702486644e-04 1.78695292878227847e-06
 2.76293333333333294e+02 2.76980000000000018e+02 5.90911181276196156e-04 1.78672200369970201e-06
 2.76980000000000018e+02 2.77666666666666629e+02 5.94334718597278326e-04 2.43361990253506591e-06
 2.77666666666666629e+02 2.78353333333333353e+02 6.00034735058281436e-04 2.26215868041836498e-06
 2.78353333333333353e+02 2.79039999999999964e+02 6.03094386720190142e-04 1.87268419751877659e-06
 2.79039999999999964e+02 2.79726666666666688e+02 6.06736398850316679e-04 1.74768244947756499e-06
 2.79726666666666688e+02 2.80413333333333298e+02 6.14048533689733425e-04 1.90084895304036884e-06
 2.80413333333333298e+02 2.81100000000000023e+02 6.18374904622294268e-04 1.82810982516231362e-06
 2.81100000000000023e+02 2.81786666666666633e+02 6.22491641248906595e-04 1.91175845256668506e-06
 2.81786666666666633e+02 2.82473333333333358e+02 6.26242824920050724e-04 1.85224994459357797e-06
 2.82473333333333358e+02 2.83159999999999968e+02 6.32985687121802136e-04 1.81786765918277456e-06
 2.83159999999999968e+02 2.83846666666666692e+02 6.37064268292244769e-04 2.32124334608507876e-06
 2.83846666666666692e+02 2.84533333333333303e+02 6.41630082140296864e-04 1.78154632540417450e-06
 2.84533333333333303e+02 2.85220000000000027e+02 6.48782850427429957e-04 1.86021367366981432e-06
 2.85220000000000027e+02 2.85906666666666638e+02 6.51259474989661271e-04 1.89143698674396653e-06
 2.85906666666666638e+02 2.86593333333333362e+02 6.54702121449985005e-04 1.78900228011892084e-06
 2.86593333333333362e+02 2.87279999999999973e+02 6.56914693356231241e-04 1.85464383848247059e-06
 2.87279999999999973e+02 2.87966666666666697e+02 6.66799336930558144e-04 1.83120672877809165e-06
 2.87966666666666697e+02 2.88653333333333308e+02 6.69776920977782392e-04 1.72938579424196305e-06
 2.88653333333333308e+02 2.89340000000000032e+02 6.75271076615155483e-04 1.85852210435870660e-06
 2.89340000000000032e+02 2.90026666666666642e+02 6.82047458450386998e-04 1.84784360917516559e-06
 2.90026666666666642e+02 2.90713333333333367e+02 6.84295281668546255e-04 1.88551480325447115e-06
 2.90713333333333367e+02 2.91399999999999977e+02 6.95348549884291568e-04 2.01459760844836244e-06
 2.91399999999999977e+02 2.92086666666666702e+02 6.95658395251359351e-04 1.93613948649635057e-06
 2.92086666666666702e+02 2.92773333333333312e+02 7.02902328100629822e-04 2.41352674118447464e-06
 2.92773333333333312e+02 2.93460000000000036e+02 7.07493472121193821e-04 1.87045423148442303e-06
 2.93460000000000036e+02 2.94146666666666647e+02 7.12173519954447634e-04 2.05651405271297036e-06
 2.94146666666666647e+02 2.94833333333333371e+02 7.15534036236324038e-04 1.90958183761759880e-06
 2.94833333333333371e+02 2.95519999999999982e+02 7.23486174664047404e-04 1.89133124484212253e-06
 2.95519999999999982e+02 2.96206666666666706e+02 7.30786751284646669e-04 2.11821052109381594e-06
 2.96206666666666706e+02 2.96893333333333317e+02 7.36516419386669808e-04 2.29874179883305639e-06
 2.96893333333333317e+02 2.97580000000000041e+02 7.37488955268236920e-04 1.76952862016203805e-06
 2.97580000000000041e+02 2.98266666666666652e+02 7.49901586269892525e-04 2.28453216503443147e-06
 2.98266666666666652e+02 2.98953333333333376e+02 7.52525269396835334e-04 1.90323542020749575e-06
 2.98953333333333376e+02 2.99639999999999986e+02 7.59449131061843926e-04 2.01315180960481461e-06
 2.99639999999999986e+02 3.00326666666666654e+02 7.64704845016532281e-04 1.87315561938814646e-06
 3.00326666666666654e+02 3.01013333333333321e+02 7.70329405499093332e-04 1.92207874722894271e-06
 3.01013333333333321e+02 3.01699999999999989e+02 7.79128147411945631e-04 1.97453140794102100e-06
 3.01699999999999989e+02 3.02386666666666656e+02 7.78763424666913855e-04 1.92626583069990546e-06
 3.02386666666666656e+02 3.03073333333333323e+02 7.88897777657002587e-04 1.99768166432072938e-06
 3.03073333333333323e+02 3.03759999999999991e+02 7.98498435408321184e-04 2.09569602984354487e-06
 3.03759999999999991e+02 3.04446666666666658e+02 7.96603905347271980e-04 1.85090848741334711e-06
 3.04446666666666658e+02 3.05133333333333326e+02 8.07479483425634320e-04 2.20358620631067697e-06
 3.05133333333333326e+02 3.05819999999999993e+02 8.13174831270745005e-04 1.89096052437982898e-06
 3.05819999999999993e+02 3.06506666666666661e+02 8.15673259570383574e-04 2.22573104952174858e-06
 3.06506666666666661e+02 3.07193333333333328e+02 8.26839627428133431e-04 1.94149042104977446e-06
 3.07193333333333328e+02 3.07879999999999995e+02 8.29279637565691254e-04 2.00583629978969643e-06
 3.07879999999999995e+02 3.08566666666666663e+02 8.39141903241237075e-04 2.13290619517537909e-06
 3.08566666666666663e+02 3.09253333333333330e+02 8.44715966781170967e-04 1.97896113671788464e-06
 3.09253333333333330e+02 3.09939999999999998e+02 8.50126657269944727e-04 2.05007915095176522e-06
 3.09939999999999998e+02 3.10626666666666665e+02 8.56467658577623071e-04 2.23251967598417914e-06
 3.10626666666666665e+02 3.11313333333333333e+02 8.61876782184871153e-04 1.92964944379400065e-06
 3.11313333333333333e+02 3.12000000000000000e+02 8.67770540672653154e-04 3.49780371684571891e-06
 3.12000000000000000e+02 3.12686666666666667e+02 8.76002020473308995e-04 2.02931263672100322e-06
 3.12686666666666667e+02 3.13373333333333335e+02 8.81043077866330111e-04 2.03550377281975632e-06
 3.13373333333333335e+02 3.14060000000000002e+02 8.88937705507086579e-04 2.09950417748965385e-06
 3.14060000000000002e+02 3.14746666666666670e+02 8.94424518730299275e-04 2.16249806455826778e-06
 3.14746666666666670e+02 3.15433333333333337e+02 9.00448018276704134e-04 2.69507196825172485e-06
 3.15433333333333337e+02 3.16120000000000005e+02 9.05957315020419676e-04 2.09459182080570727e-06
 3.16120000000000005e+02 3.16806666666666672e+02 9.17506292451779489e-04 2.14674467935835306e-06
 3.16806666666666672e+02 3.17493333333333339e+02 9.17929382483687138e-04 2.07846294693920679e-06
 3.17493333333333339e+02 3.18180000000000007e+02 9.27402305285610182e-04 2.10264873941349383e-06
 3.18180000000000007e+02 3.18866666666666674e+02 9.31468159035128782e-04 2.27835059205743349e-06
 3.18866666666666674e+02 3.19553333333333342e+02 9.38311765911637114e-04 2.28398963472595589e-06
 3.19553333333333342e+02 3.20240000000000009e+02 9.44273516501668180e-04 2.08388046892687549e-06
 3.20240000000000009e+02 3.20926666666666677e+02 9.51798124166540558e-04 2.21890683230016630e-06
 3.20926666666666677e+02 3.21613333333333344e+02 9.59598150178366579e-04 2.12630413479574663e-06
 3.21613333333333344e+02 3.22300000000000011e+02 9.64774090491338763e-04 2.09465474152955364e-06
 3.22300000000000011e+02 3.22986666666666679e+02 9.70386900787926403e-04 2.05248166460037846e-06
 3.22986666666666679e+02 3.23673333333333346e+02 9.75866994298257373e-04 2.05248647406558883e-06
 3.23673333333333346e+02 3.24360000000000014e+02 9.80317866987792186e-04 2.13325664884083843e-06
 3.24360000000000014e+02 3.25046666666666624e+02 9.91234237948099284e-04 2.53893640536534879e-06
 3.25046666666666624e+02 3.25733333333333348e+02 9.93646785420434142e-04 2.38366561014864721e-06
 3.25733333333333348e+02 3.26419999999999959e+02 9.98912769363752414e-04 2.03751128958408909e-06
 3.26419999999999959e+02 3.27106666666666683e+02 1.00650293738002022e-03 2.16914069462760455e-06
 3.27106666666666683e+02 3.27793333333333294e+02 1.00931069177972858e-03 2.03600417671868033e-06
 3.27793333333333294e+02 3.28480000000000018e+02 1.02171116964924606e-03 2.22519383355682576e-06
 3.28480000000000018e+02 3.29166666666666629e+02 1.02723151931716715e-03 2.38945961805760290e-06
 3.29166666666666629e+02 3.29853333333333353e+02 1.03626159836036637e-03 2.56889225284000166e-06
 3.29853333333333353e+02 3.30539999999999964e+02 1.04040909703342161e-03 2.47794662824838201e-06
 3.30539999999999964e+02 3.31226666666666688e+02 1.04392684852334136e-03 2.32847751352000060e-06
 3.31226666666666688e+02 3.31913333333333298e+02 1.04927417345638120e-03 2.09273641856265314e-06
 3.31913333333333298e+02 3.32600000000000023e+02 1.05958465360028752e-03 3.09871717978756513e-06
 3.32600000000000023e+02 3.33286666666666633e+02 1.06385358410859897e-03 2.28749445139678920e-06
 3.33286666666666633e+02 3.33973333333333358e+02 1.06986718683309149e-03 2.31936500289402260e-06
 3.33973333333333358e+02 3.34659999999999968e+02 1.08184024289179688e-03 2.20784733486519188e-06
 3.34659999999999968e+02 3.35346666666666692e+02 1.08240607979660981e-03 2.19687257772571415e-06
 3.35346666666666692e+02 3.36033333333333303e+02 1.08867438299513103e-03 2.60042806894381142e-06
 3.36033333333333303e+02 3.36720000000000027e+02 1.09312666946119095e-03 2.28870250257810525e-06
 3.36720000000000027e+02 3.37406666666666638e+02 1.09932627474824463e-03 2.14041525909794438e-06
 3.37406666666666638e+02 3.38093333333333362e+02 1.10502595910158281e-03 2.33988977200888283e-06
 3.38093333333333362e+02 3.38779999999999973e+02 1.11940214756710331e-03 2.85112445548263047e-06
 3.38779999999999973e+02 3.39466666666666697e+02 1.11516464339589481e-03 2.13802958745039365e-06
 3.39466666666666697e+02 3.40153333333333308e+02 1.12785285913764573e-03 3.16041679262448963e-06
 3.40153333333333308e+02 3.40840000000000032e+02 1.13251249107775660e-03 2.17070959138444834e-06
 3.40840000000000032e+02 3.41526666666666642e+02 1.13673297617334387e-03 2.16539640234521328e-06
 3.41526666666666642e+02 3.42213333333333367e+02 1.14228427774104189e-03 2.31151685670329269e-06
 3.42213333333333367e+02 3.42899999999999977e+02 1.14492627723818260e-03 2.32688542220878427e-06
 3.42899999999999977e+02 3.43586666666666702e+02 1.15530829777202326e-03 2.31232583594593049e-06
 3.43586666666666702e+02 3.44273333333333312e+02 1.15723703505059630e-03 2.29610164873715496e-06
 3.44273333333333312e+02 3.44960000000000036e+02 1.16941995994011101e-03 2.19215351870131247e-06
 3.44960000000000036e+02 3.45646666666666647e+02 1.17261135767743373e-03 2.41781406871728037e-06
 3.45646666666666647e+02 3.46333333333333371e+02 1.17625175000828520e-03 2.84699819114134727e-06
 3.46333333333333371e+02 3.47019999999999982e+02 1.18361814739268247e-03 2.64046721168141357e-06
 3.47019999999999982e+02 3.47706666666666706e+02 1.18843289352026939e-03 2.14997920082764192e-06
 3.47706666666666706e+02 3.48393333333333317e+02 1.19545921080173312e-03 2.25849031879312130e-06
 3.48393333333333317e+02 3.49080000000000041e+02 1.20313529082681091e-03 2.98176025631235718e-06
 3.49080000000000041e+02 3.49766666666666652e+02 1.20215182236829742e-03 2.28469636495075410e-06
 3.49766666666666652e+02 3.50453333333333376e+02 1.21623619788400442e-03 2.59319650141916391e-06
 3.50453333333333376e+02 3.51139999999999986e+02 1.21815626828044774e-03 2.70563119387764128e-06
 3.51139999999999986e+02 3.51826666666666654e+02 1.22796634537550927e-03 2.82308520927406698e-06
 3.51826666666666654e+02 3.52513333333333321e+02 1.22740205126254005e-03 2.45535000168359755e-06
 3.52513333333333321e+02 3.53199999999999989e+02 1.23825686092159863e-03 2.70220755211117817e-06
 3.53199999999999989e+02 3.53886666666666656e+02 1.24393250443732340e-03 2.27533082604329806e-06
 3.53886666666666656e+02 3.54573333333333323e+02 1.24649217884360212e-03 2.30480302111616950e-06
 3.54573333333333323e+02 3.55259999999999991e+02 1.25390072726821273e-03 2.27399115926896681e-06
 3.55259999999999991e+02 3.55946666666666658e+02 1.25747991108950130e-03 2.19090174734074753e-06
 3.55946666666666658e+02 3.56633333333333326e+02 1.26862317569918304e-03 2.53160410040416398e-06
 3.56633333333333326e+02 3.57319999999999993e+02 1.26814897954494969e-03 2.59558507177523074e-06
 3.57319999999999993e+02 3.58006666666666661e+02 1.27523508072754856e-03 4.14176895664776456e-06
 3.58006666666666661e+02 3.58693333333333328e+02 1.28370664962583004e-03 3.15287777846003586e-06
 3.58693333333333328e+02 3.59379999999999995e+02 1.28328459765073922e-03 2.35873327942265979e-06
 3.59379999999999995e+02 3.60066666666666663e+02 1.28547425973406107e-03 2.46669889606712042e-06
 3.60066666666666663e+02 3.60753333333333330e+02 1.29637156809972801e-03 2.67934572788499853e-06
 3.60753333333333330e+02 3.61439999999999998e+02 1.29929273305236866e-03 2.38099764920046262e-06
 3.61439999999999998e+02 3.62126666666666665e+02 1.30809186697136920e-03 2.37901228250488657e-06
 3.62126666666666665e+02 3.62813333333333333e+02 1.31423492054606739e-03 3.13681189068559388e-06
 3.62813333333333333e+02 3.63500000000000000e+02 1.31313647068395482e-03 2.30681011895295373e-06
 3.63500000000000000e+02 3.64186666666666667e+02 1.32013121591612504e-03 2.45388556541249823e-06
 3.64186666666666667e+02 3.64873333333333335e+02 1.32686256760903426e-03 3.07029386257141524e-06
 3.64873333333333335e+02 3.65560000000000002e+02 1.33417795648065485e-03 4.13857129311799297e-06
 3.65560000000000002e+02 3.66246666666666670e+02 1.33741072055552218e-03 2.95151208000123817e-06
 3.66246666666666670e+02 3.66933333333333337e+02 1.34147510035462084e-03 3.06096133572465451e-06
 3.66933333333333337e+02 3.67620000000000005e+02 1.34954817607772955e-03 2.76673246529738188e-06
 3.67620000000000005e+02 3.68306666666666672e+02 1.34955395592733195e-03 2.34636641612651012e-06
 3.68306666666666672e+02 3.68993333333333339e+02 1.36012307054092269e-03 3.37981089801795981e-06
 3.68993333333333339e+02 3.69680000000000007e+02 1.35779266064894899e-03 2.68893318513144997e-06
 3.69680000000000007e+02 3.70366666666666674e+02 1.36646384213358731e-03 3.09744737766677544e-06
 3.70366666666666674e+02 3.71053333333333342e+02 1.37144226507672170e-03 2.60422724979348908e-06
 3.71053333333333342e+02 3.71740000000000009e+02 1.37363193077372973e-03 2.56786153108834629e-06
 3.71740000000000009e+02 3.72426666666666677e+02 1.37035918244740921e-03 2.42180625984940145e-06
 3.72426666666666677e+02 3.73113333333333344e+02 1.37962531760360877e-03 3.30233735784598179e-06
 3.73113333333333344e+02 3.73800000000000011e+02 1.38806507342834388e-03 3.29782586494563670e-06
 3.73800000000000011e+02 3.74486666666666679e+02 1.38970242535309220e-03 2.54903207895128340e-06
 3.74486666666666679e+02 3.75173333333333346e+02 1.39599974664885947e-03 2.61587661841926724e-06
 3.75173333333333346e+02 3.75860000000000014e+02 1.39331396712717910e-03 2.76028676041572917e-06
 3.75860000000000014e+02 3.76546666666666681e+02 1.39578134761327325e-03 2.55440363786734481e-06
 3.76546666666666681e+02 3.77233333333333348e+02 1.40217211925018322e-03 2.47384030230506295e-06
 3.77233333333333348e+02 3.77920000000000016e+02 1.40585826750148999e-03 2.64337682158450192e-06
 3.77920000000000016e+02 3.78606666666666683e+02 1.40807080453665538e-03 2.71657345652356316e-06
 3.78606666666666683e+02 3.79293333333333351e+02 1.41532144707553977e-03 2.93242673658317379e-06
 3.79293333333333351e+02 3.79980000000000018e+02 1.42030367866320391e-03 3.63327716827478150e-06
 3.79980000000000018e+02 3.80666666666666686e+02 1.41628421328882786e-03 2.79386249073350484e-06
 3.80666666666666686e+02 3.81353333333333353e+02 1.42328314845232575e-03 2.71830176187857753e-06
 3.81353333333333353e+02 3.82040000000000020e+02 1.42996516629542974e-03 2.83089423601369708e-06
 3.82040000000000020e+02 3.82726666666666688e+02 1.43147164619030496e-03 2.66416402858249800e-06
 3.82726666666666688e+02 3.83413333333333355e+02 1.42978489914966761e-03 3.23167531394917160e-06
 3.83413333333333355e+02 3.84100000000000023e+02 1.43375112823165016e-03 2.71724380911717684e-06
 3.84100000000000023e+02 3.84786666666666690e+02 1.44147852782856921e-03 2.89377286801473793e-06
 3.84786666666666690e+02 3.85473333333333358e+02 1.43531876700938687e-03 2.51392015024456744e-06
 3.85473333333333358e+02 3.86160000000000025e+02 1.43992096119870128e-03 2.88497986654886754e-06
 3.86160000000000025e+02 3.86846666666666692e+02 1.44184226476182101e-03 3.63967983035347570e-06
 3.86846666666666692e+02 3.87533333333333360e+02 1.44309558248196883e-03 3.39571173628460239e-06
 3.87533333333333360e+02 3.88220000000000027e+02 1.44650692110179203e-03 2.77461935039561539e-06
 3.88220000000000027e+02 3.88906666666666695e+02 1.44470867945942346e-03 3.46850229335739123e-06
 3.88906666666666695e+02 3.89593333333333305e+02 1.44626360240588314e-03 3.02884174945880117e-06
 3.89593333333333305e+02 3.90279999999999973e+02 1.44634033757262063e-03 3.15906018984845836e-06
 3.90279999999999973e+02 3.90966666666666640e+02 1.44543636199517757e-03 3.54339412384847269e-06
 3.90966666666666640e+02 3.91653333333333308e+02 1.44695075267603783e-03 2.78533070574772017e-06
 3.91653333333333308e+02 3.92339999999999975e+02 1.44542545103720733e-03 5.63091501780786985e-06
 3.92339999999999975e+02 3.93026666666666642e+02 1.44178031088306987e-03 2.59496591852550810e-06
 3.93026666666666642e+02 3.93713333333333310e+02 1.44026219700062554e-03 2.83862404898039724e-06
 3.93713333333333310e+02 3.94399999999999977e+02 1.43767106804917498e-03 3.11004665982217235e-06
 3.94399999999999977e+02 3.95086666666666645e+02 1.44004795382639880e-03 3.58061478227402883e-06
 3.95086666666666645e+02 3.95773333333333312e+02 1.43050365658073430e-03 3.39618489301666572e-06
 3.95773333333333312e+02 3.96459999999999980e+02 1.42901581474931300e-03 3.14088257532349149e-06
 3.96459999999999980e+02 3.97146666666666647e+02 1.42371984243716879e-03 4.17959218769457412e-06
 3.97146666666666647e+02 3.97833333333333314e+02 1.40850441020539752e-03 2.64138059476322490e-06
 3.97833333333333314e+02 3.98519999999999982e+02 1.40382119762682135e-03 3.29682186609424708e-06
 3.98519999999999982e+02 3.99206666666666649e+02 1.40744825617637737e-03 4.39708184860219978e-06
 3.99206666666666649e+02 3.99893333333333317e+02 1.39960756909337223e-03 3.98459983348076284e-06
 3.99893333333333317e+02 4.00579999999999984e+02 1.38664929433782278e-03 3.39103897071422192e-06
 4.00579999999999984e+02 4.01266666666666652e+02 1.38293075633105604e-03 3.32603892152178887e-06
 4.01266666666666652e+02 4.01953333333333319e+02 1.37480274160031225e-03 2.56260743088791318e-06
 4.01953333333333319e+02 4.02639999999999986e+02 1.37077670777949515e-03 3.26832014985057126e-06
 4.02639999999999986e+02 4.03326666666666654e+02 1.36778581824337480e-03 3.31729122802120201e-06
 4.03326666666666654e+02 4.04013333333333321e+02 1.35758167740379740e-03 2.79621385811175805e-06
 4.04013333333333321e+02 4.04699999999999989e+02 1.35474513626866288e-03 2.90141023342593691e-06
 4.04699999999999989e+02 4.05386666666666656e+02 1.34778635188599139e-03 2.95458644478406495e-06
 4.05386666666666656e+02 4.06073333333333323e+02 1.35259340241783020e-03 3.45608602939439534e-06
 4.06073333333333323e+02 4.06759999999999991e+02 1.35170669436726013e-03 2.90355090294067585e-06
 4.06759999999999991e+02 4.07446666666666658e+02 1.34888509256077889e-03 2.97843226932008888e-06
 4.07446666666666658e+02 4.08133333333333326e+02 1.33687666106562875e-03 2.85928618961046815e-06
 4.08133333333333326e+02 4.08819999999999993e+02 1.34069606632946422e-03 3.09664917445953824e-06
 4.08819999999999993e+02 4.09506666666666661e+02 1.33338972238326750e-03 2.69362184265879699e-06
 4.09506666666666661e+02 4.10193333333333328e+02 1.32847647106352443e-03 2.55353361622502548e-06
 4.10193333333333328e+02 4.10879999999999995e+02 1.32964192647714685e-03 2.63009375647977961e-06
 4.10879999999999995e+02 4.11566666666666663e+02 1.32797578121567257e-03 2.52827697666645221e-06
 4.11566666666666663e+02 4.12253333333333330e+02 1.32456505981083401e-03 2.77689869343109516e-06
 4.12253333333333330e+02 4.12939999999999998e+02 1.32842948893174004e-03 2.96472872063047771e-06
 4.12939999999999998e+02 4.13626666666666665e+02 1.32792469548305534e-03 4.12287916142387737e-06
 4.13626666666666665e+02 4.14313333333333333e+02 1.31852836901944544e-03 2.94723292348978835e-06
 4.14313333333333333e+02 4.15000000000000000e+02 1.31731364282285123e-03 2.95939655446633058e-06
 4.15000000000000000e+02 4.15686666666666667e+02 1.31014147698254560e-03 2.55688679595784274e-06
 4.15686666666666667e+02 4.16373333333333335e+02 1.31656793295934610e-03 2.64443854125629479e-06
 4.16373333333333335e+02 4.17060000000000002e+02 1.31088961533802097e-03 2.99927664301034471e-06
 4.17060000000000002e+02 4.17746666666666670e+02 1.30778935991964331e-03 2.58327814812428921e-06
 4.17746666666666670e+02 4.18433333333333337e+02 1.31222125967572247e-03 2.67570047120759483e-06
 4.18433333333333337e+02 4.19120000000000005e+02 1.30305295620576438e-03 3.11288315031179278e-06
 4.19120000000000005e+02 4.19806666666666672e+02 1.29982833957524645e-03 2.74747256572039206e-06
 4.19806666666666672e+02 4.20493333333333339e+02 1.30220536874746623e-03 2.92206883939352779e-06
 4.20493333333333339e+02 4.21180000000000007e+02 1.30178745539831736e-03 2.72775239016229473e-06
 4.21180000000000007e+02 4.21866666666666674e+02 1.30151471246710737e-03 3.25685426900576165e-06
 4.21866666666666674e+02 4.22553333333333342e+02 1.29550096223777817e-03 2.78112418167459259e-06
 4.22553333333333342e+02 4.23240000000000009e+02 1.29211330390020742e-03 2.67353679923481159e-06
 4.23240000000000009e+02 4.23926666666666677e+02 1.28921148068419315e-03 2.62338946917052803e-06
 4.23926666666666677e+02 4.24613333333333344e+02 1.29374425414383347e-03 2.67067131013657688e-06
 4.24613333333333344e+02 4.25300000000000011e+02 1.28699746781801567e-03 3.11108252088552368e-06
 4.25300000000000011e+02 4.25986666666666679e+02 1.28068103293595267e-03 2.77897434057669781e-06
 4.25986666666666679e+02 4.26673333333333346e+02 1.28381151535736696e-03 3.33348871923006282e-06
 4.26673333333333346e+02 4.27360000000000014e+02 1.27543262385308828e-03 2.60787087504476015e-06
 4.27360000000000014e+02 4.28046666666666681e+02 1.27932005923330123e-03 2.66412785236721362e-06
 4.28046666666666681e+02 4.28733333333333348e+02 1.27348625395911383e-03 2.57953915360099748e-06
 4.28733333333333348e+02 4.29420000000000016e+02 1.27278488725629134e-03 4.73054840463447564e-06
 4.29420000000000016e+02 4.30106666666666683e+02 1.27104451930867097e-03 2.83504934226404602e-06
 4.30106666666666683e+02 4.30793333333333351e+02 1.26875200089482604e-03 2.80313208260277323e-06
 4.30793333333333351e+02 4.31480000000000018e+02 1.26429644402640076e-03 2.76458265821558106e-06
 4.31480000000000018e+02 4.32166666666666686e+02 1.26018569636137203e-03 2.74659001416986153e-06
 4.32166666666666686e+02 4.32853333333333353e+02 1.25648515820273444e-03 2.62555076947268879e-06
 4.32853333333333353e+02 4.33540000000000020e+02 1.25599220434101573e-03 2.84378913589041995e-06
 4.33540000000000020e+02 4.34226666666666688e+02 1.25933225035211073e-03 3.02940135337191638e-06
 4.34226666666666688e+02 4.34913333333333355e+02 1.25657573048235734e-03 2.59327808814304559e-06
 4.34913333333333355e+02 4.35600000000000023e+02 1.24289792063459327e-03 2.55668209511200991e-06
 4.35600000000000023e+02 4.36286666666666690e+02 1.24928452244288152e-03 2.84435956462483598e-06
 4.36286666666666690e+02 4.36973333333333358e+02 1.24174566077038528e-03 2.80028683020113473e-06
 4.36973333333333358e+02 4.37660000000000025e+02 1.24186262132776793e-03 3.01505050472142407e-06
 4.37660000000000025e+02 4.38346666666666692e+02 1.23857880870767456e-03 2.86719205763550736e-06
 4.38346666666666692e+02 4.39033333333333360e+02 1.23712556522940142e-03 2.70476955111088181e-06
 4.39033333333333360e+02 4.39720000000000027e+02 1.23232533037715970e-03 2.81250242748548644e-06
 4.39720000000000027e+02 4.40406666666666695e+02 1.22718708040946752e-03 2.58217374873690605e-06
 4.40406666666666695e+02 4.41093333333333305e+02 1.22867713582285021e-03 2.69326353360991695e-06
 4.41093333333333305e+02 4.41779999999999973e+02 1.22523997658835243e-03 3.40687376873561473e-06
 4.41779999999999973e+02 4.42466666666666640e+02 1.22059831287535457e-03 2.87824588354864773e-06
 4.42466666666666640e+02 4.43153333333333308e+02 1.21724424702482500e-03 2.78140259492548307e-06
 4.43153333333333308e+02 4.43839999999999975e+02 1.21030713961920496e-03 2.84236069588234991e-06
 4.43839999999999975e+02 4.44526666666666642e+02 1.20587023641460745e-03 2.64938438432992875e-06
 4.44526666666666642e+02 4.45213333333333310e+02 1.20348301393925989e-03 2.90499841482700453e-06
 4.45213333333333310e+02 4.45899999999999977e+02 1.20159805590253402e-03 2.97834001835576023e-06
 4.45899999999999977e+02 4.46586666666666645e+02 1.20009131416497217e-03 2.86709955297424428e-06
 4.46586666666666645e+02 4.47273333333333312e+02 1.19583481393636839e-03 2.89427229614921783e-06
 4.47273333333333312e+02 4.47959999999999980e+02 1.19044516782434908e-03 3.16970597292287583e-06
 4.47959999999999980e+02 4.48646666666666647e+02 1.18133508962315714e-03 3.34289111266531151e-06
 4.48646666666666647e+02 4.49333333333333314e+02 1.17476358569888468e-03 2.78960306062516159e-06
 4.49333333333333314e+02 4.50019999999999982e+02 1.17463898753229117e-03 2.89380110612818883e-06
 4.50019999999999982e+02 4.50706666666666649e+02 1.16613897223017261e-03 2.76107964933504589e-06
 4.50706666666666649e+02 4.51393333333333317e+02 1.16810895448816489e-03 3.12475557423435424e-06
 4.51393333333333317e+02 4.52079999999999984e+02 1.15812522892830391e-03 3.42703764656489172e-06
 4.52079999999999984e+02 4.52766666666666652e+02 1.15236609065271639e-03 2.67583530530033027e-06
 4.52766666666666652e+02 4.53453333333333319e+02 1.14295605830560870e-03 2.75844210161127389e-06
 4.53453333333333319e+02 4.54139999999999986e+02 1.13845503018044627e-03 3.20734367575946701e-06
 4.54139999999999986e+02 4.54826666666666654e+02 1.13020778112589166e-03 3.05802504155549890e-06
 4.54826666666666654e+02 4.55513333333333321e+02 1.13086484900893789e-03 2.87591327574254195e-06
 4.55513333333333321e+02 4.56199999999999989e+02 1.12533530871637743e-03 2.94271168282126962e-06
 4.56199999999999989e+02 4.56886666666666656e+02 1.11481357230764602e-03 3.27406974513200158e-06
 4.56886666666666656e+02 4.57573333333333323e+02 1.10956458035665006e-03 4.26397117200205341e-06
 4.57573333333333323e+02 4.58259999999999991e+02 1.09875869643629061e-03 2.75592851841754283e-06
 4.58259999999999991e+02 4.58946666666666658e+02 1.09529540337057439e-03 2.71876198753887938e-06
 4.58946666666666658e+02 4.59633333333333326e+02 1.09185453748098676e-03 2.77533182501406928e-06
 4.59633333333333326e+02 4.60319999999999993e+02 1.08056274622416880e-03 2.73511351843846871e-06
 4.60319999999999993e+02 4.61006666666666661e+02 1.07482367984940586e-03 2.94029716235726168e-06
 4.61006666666666661e+02 4.61693333333333328e+02 1.07030392152375736e-03 3.03065596361075319e-06
 4.61693333333333328e+02 4.62379999999999995e+02 1.05821632791229807e-03 3.40403898181492128e-06
 4.62379999999999995e+02 4.63066666666666663e+02 1.05371999768950225e-03 2.95049680825793320e-06
 4.63066666666666663e+02 4.63753333333333330e+02 1.04308487291760029e-03 3.38033447081846417e-06
 4.63753333333333330e+02 4.64439999999999998e+02 1.03449686759314618e-03 2.79964716373826114e-06
 4.64439999999999998e+02 4.65126666666666665e+02 1.02950331397005609e-03 3.06775096953321698e-06
 4.65126666666666665e+02 4.65813333333333333e+02 1.01773413384667025e-03 3.16411611226608515e-06
 4.65813333333333333e+02 4.66500000000000000e+02 1.00364671017697167e-03 2.86861140053052787e-06
 4.66500000000000000e+02 4.67186666666666667e+02 9.92963413394331272e-04 3.28798519329915899e-06
 4.67186666666666667e+02 4.67873333333333335e+02 9.74824792560112919e-04 2.75781933341096241e-06
 4.67873333333333335e+02 4.68560000000000002e+02 9.73824917166528684e-04 4.32661577239456091e-06
 4.68560000000000002e+02 4.69246666666666670e+02 9.51334396686037611e-04 3.09127278866919787e-06
 4.69246666666666670e+02 4.69933333333333337e+02 9.40450381948094690e-04 3.30289869941864287e-06
 4.69933333333333337e+02 4.70620000000000005e+02 9.16296327002263304e-04 3.03954706423085070e-06
 4.70620000000000005e+02 4.71306666666666672e+02 9.03529948112107191e-04 3.26674413927387891e-06
 4.71306666666666672e+02 4.71993333333333339e+02 8.83946097308447578e-04 2.86083933676814301e-06
 4.71993333333333339e+02 4.72680000000000007e+02 8.63361267480521771e-04 2.60787491435843841e-06
 4.72680000000000007e+02 4.73366666666666674e+02 8.48151200674523986e-04 3.00444084320120295e-06
 4.73366666666666674e+02 4.74053333333333342e+02 8.23092176718676354e-04 4.11562948618640617e-06
 4.74053333333333342e+02 4.74740000000000009e+02 7.96243583749305377e-04 2.51007867660441312e-06
 4.74740000000000009e+02 4.75426666666666677e+02 7.65615508130828735e-04 2.58902802454863226e-06
 4.75426666666666677e+02 4.76113333333333344e+02 7.41884700479439048e-04 3.00679635021936274e-06
 4.76113333333333344e+02 4.76800000000000011e+02 7.15881107004065899e-04 3.43034839104831973e-06
 4.76800000000000011e+02 4.77486666666666679e+02 6.81436713855655034e-04 3.33733226332963181e-06
 4.77486666666666679e+02 4.78173333333333346e+02 6.49686687421917363e-04 4.22220229009098451e-06
 4.78173333333333346e+02 4.78860000000000014e+02 6.09889372628611738e-04 2.30547487687267657e-06
 4.78860000000000014e+02 4.79546666666666681e+02 5.73756283570337378e-04 2.38118943008650806e-06
 4.79546666666666681e+02 4.80233333333333348e+02 5.38912800148510932e-04 3.30372669549305045e-06
 4.80233333333333348e+02 4.80920000000000016e+02 4.93785136362735614e-04 2.06925494490148728e-06
 4.80920000000000016e+02 4.81606666666666683e+02 4.62700703329024549e-04 4.26338105456710276e-06
 4.81606666666666683e+02 4.82293333333333351e+02 4.14539517991982704e-04 4.12479451764428058e-06
 4.82293333333333351e+02 4.82980000000000018e+02 3.68763074662958304e-04 2.04555824839239998e-06
 4.82980000000000018e+02 4.83666666666666686e+02 3.17927785806838186e-04 1.70819092995757523e-06
 4.83666666666666686e+02 4.84353333333333353e+02 2.68585151477412703e-04 1.54962512256000210e-06
 4.84353333333333353e+02 4.85040000000000020e+02 2.22785711978586767e-04 3.17268152047881334e-06
 4.85040000000000020e+02 4.85726666666666688e+02 1.66003601739031856e-04 1.22939608896879503e-06
 4.85726666666666688e+02 4.86413333333333355e+02 1.13397339042615501e-04 1.01080022809141784e-06
 4.86413333333333355e+02 4.87100000000000023e+02 6.74869769557965996e-05 2.48295220507178259e-06
 4.87100000000000023e+02 4.87786666666666690e+02 2.36662358495426479e-05 4.28810389001769896e-07
 4.87786666666666690e+02 4.88473333333333358e+02 1.94951180462289762e-06 1.06395853978919185e-07
 4.88473333333333358e+02 4.89160000000000025e+02 0.00000000000000000e+00 0.00000000000000000e+00
 4.89160000000000025e+02 4.89846666666666692e+02 0.00000000000000000e+00 0.00000000000000000e+00
 4.89846666666666692e+02 4.90533333333333360e+02 0.00000000000000000e+00 0.00000000000000000e+00
 4.90533333333333360e+02 4.91220000000000027e+02 0.00000000000000000e+00 0.00000000000000000e+00
 4.91220000000000027e+02 4.91906666666666695e+02 0.00000000000000000e+00 0.00000000000000000e+00
 4.91906666666666695e+02 4.92593333333333305e+02 0.00000000000000000e+00 0.00000000000000000e+00
 4.92593333333333305e+02 4.93279999999999973e+02 0.00000000000000000e+00 0.00000000000000000e+00
 4.93279999999999973e+02 4.93966666666666640e+02 0.00000000000000000e+00 0.00000000000000000e+00
 4.93966666666666640e+02 4.94653333333333308e+02 0.00000000000000000e+00 0.00000000000000000e+00
 4.94653333333333308e+02 4.95339999999999975e+02 0.00000000000000000e+00 0.00000000000000000e+00
 4.95339999999999975e+02 4.96026666666666642e+02 0.00000000000000000e+00 0.00000000000000000e+00
 4.96026666666666642e+02 4.96713333333333310e+02 0.00000000000000000e+00 0.00000000000000000e+00
 4.96713333333333310e+02 4.97399999999999977e+02 0.00000000000000000e+00 0.00000000000000000e+00
 4.97399999999999977e+02 4.98086666666666645e+02 0.00000000000000000e+00 0.00000000000000000e+00
 4.98086666666666645e+02 4.98773333333333312e+02 0.00000000000000000e+00 0.00000000000000000e+00
 4.98773333333333312e+02 4.99459999999999980e+02 0.00000000000000000e+00 0.00000000000000000e+00
 4.99459999999999980e+02 5.00146666666666647e+02 0.00000000000000000e+00 0.00000000000000000e+00
 5.00146666666666647e+02 5.00833333333333314e+02 0.00000000000000000e+00 0.00000000000000000e+00
 5.00833333333333314e+02 5.01519999999999982e+02 0.00000000000000000e+00 0.00000000000000000e+00
 5.01519999999999982e+02 5.02206666666666649e+02 0.00000000000000000e+00 0.00000000000000000e+00
 5.02206666666666649e+02 5.02893333333333317e+02 0.00000000000000000e+00 0.00000000000000000e+00
 5.02893333333333317e+02 5.03579999999999984e+02 0.00000000000000000e+00 0.00000000000000000e+00
 5.03579999999999984e+02 5.04266666666666652e+02 0.00000000000000000e+00 0.00000000000000000e+00
 5.04266666666666652e+02 5.04953333333333319e+02 0.00000000000000000e+00 0.00000000000000000e+00
 5.04953333333333319e+02 5.05639999999999986e+02 0.00000000000000000e+00 0.00000000000000000e+00
 5.05639999999999986e+02 5.06326666666666654e+02 0.00000000000000000e+00 0.00000000000000000e+00
 5.06326666666666654e+02 5.07013333333333321e+02 0.00000000000000000e+00 0.00000000000000000e+00
 5.07013333333333321e+02 5.07699999999999989e+02 0.00000000000000000e+00 0.00000000000000000e+00
 5.07699999999999989e+02 5.08386666666666656e+02 0.00000000000000000e+00 0.00000000000000000e+00
 5.08386666666666656e+02 5.09073333333333323e+02 0.00000000000000000e+00 0.00000000000000000e+00
 5.09073333333333323e+02 5.09759999999999991e+02 0.00000000000000000e+00 0.00000000000000000e+00
 5.09759999999999991e+02 5.10446666666666658e+02 0.00000000000000000e+00 0.00000000000000000e+00
 5.10446666666666658e+02 5.11133333333333326e+02 0.00000000000000000e+00 0.00000000000000000e+00
 5.11133333333333326e+02 5.11819999999999993e+02 0.00000000000000000e+00 0.00000000000000000e+00
 5.11819999999999993e+02 5.12506666666666661e+02 0.00000000000000000e+00 0.00000000000000000e+00
 5.12506666666666661e+02 5.13193333333333385e+02 0.00000000000000000e+00 0.00000000000000000e+00
 5.13193333333333385e+02 5.13879999999999995e+02 0.00000000000000000e+00 0.00000000000000000e+00
 5.13879999999999995e+02 5.14566666666666606e+02 0.00000000000000000e+00 0.00000000000000000e+00
 5.14566666666666606e+02 5.15253333333333330e+02 0.00000000000000000e+00 0.00000000000000000e+00
 5.15253333333333330e+02 5.15940000000000055e+02 0.00000000000000000e+00 0.00000000000000000e+00
 5.15940000000000055e+02 5.16626666666666665e+02 0.00000000000000000e+00 0.00000000000000000e+00
 5.16626666666666665e+02 5.17313333333333276e+02 0.00000000000000000e+00 0.00000000000000000e+00
 5.17313333333333276e+02 5.18000000000000000e+02 0.00000000000000000e+00 0.00000000000000000e+00

Histogram:lpp-
 1.06000000000000000e+02 1.06686666666666667e+02 0.00000000000000000e+00 0.00000000000000000e+00
 1.06686666666666667e+02 1.07373333333333335e+02 0.00000000000000000e+00 0.00000000000000000e+00
 1.07373333333333335e+02 1.08060000000000002e+02 3.04746961769412502e-07 6.14593400646404033e-08
 1.08060000000000002e+02 1.08746666666666670e+02 6.95248653598253778e-07 1.08074775070553845e-07
 1.08746666666666670e+02 1.09433333333333337e+02 1.10062039427233694e-06 1.22895759839233802e-07
 1.09433333333333337e+02 1.10120000000000005e+02 1.54478127428681473e-06 1.43030452330322550e-07
 1.10120000000000005e+02 1.10806666666666672e+02 1.63027048303338459e-06 1.51103946031491246e-07
 1.10806666666666672e+02 1.11493333333333339e+02 2.45480733564613729e-06 2.48850919412223361e-07
 1.11493333333333339e+02 1.12180000000000007e+02 2.30979475145111070e-06 1.78580193944666478e-07
 1.12180000000000007e+02 1.12866666666666660e+02 3.28751096500442462e-06 2.36077426633788790e-07
 1.12866666666666660e+02 1.13553333333333327e+02 3.58944756717070950e-06 2.27168143274236766e-07
 1.13553333333333327e+02 1.14239999999999995e+02 4.19301561488070888e-06 2.61847437903822323e-07
 1.14239999999999995e+02 1.14926666666666662e+02 4.06715715185449265e-06 2.23345565174551895e-07
 1.14926666666666662e+02 1.15613333333333330e+02 5.06697406177714148e-06 3.35341999574702467e-07
 1.15613333333333330e+02 1.16299999999999997e+02 5.35933176161294607e-06 2.81187106308694516e-07
 1.16299999999999997e+02 1.16986666666666665e+02 5.39406384114900174e-06 2.79955806466370365e-07
 1.16986666666666665e+02 1.17673333333333332e+02 6.48551333754269272e-06 3.32815548619544761e-07
 1.17673333333333332e+02 1.18359999999999999e+02 7.11181321479960345e-06 3.28076643723633226e-07
 1.18359999999999999e+02 1.19046666666666667e+02 7.08755595544575883e-06 3.18771104637416985e-07
 1.19046666666666667e+02 1.19733333333333334e+02 7.24578011739676540e-06 3.02678135201722609e-07
 1.19733333333333334e+02 1.20420000000000002e+02 8.44960266160481093e-06 4.42525622383164493e-07
 1.20420000000000002e+02 1.21106666666666669e+02 8.42819540674851762e-06 4.78668193113503044e-07
 1.21106666666666669e+02 1.21793333333333337e+02 8.60685921608764927e-06 3.61887069267554443e-07
 1.21793333333333337e+02 1.22480000000000004e+02 9.52862382662201817e-06 3.55638261224379523e-07
 1.22480000000000004e+02 1.23166666666666671e+02 1.00188911328433995e-05 4.94320455160531012e-07
 1.23166666666666671e+02 1.23853333333333325e+02 1.15896565661323222e-05 5.22082045277316185e-07
 1.23853333333333325e+02 1.24539999999999992e+02 1.18991962659745731e-05 5.55648760810992520e-07
 1.24539999999999992e+02 1.25226666666666659e+02 1.09160319540323734e-05 3.62833571736882940e-07
 1.25226666666666659e+02 1.25913333333333327e+02 1.21074889845329078e-05 4.18199548877271574e-07
 1.25913333333333327e+02 1.26599999999999994e+02 1.23998287898900745e-05 4.11195466491036216e-07
 1.26599999999999994e+02 1.27286666666666662e+02 1.34237558129332748e-05 5.25264315946887347e-07
 1.27286666666666662e+02 1.27973333333333329e+02 1.44674047555143313e-05 4.66257093931183961e-07
 1.27973333333333329e+02 1.28659999999999997e+02 1.57391803287901079e-05 1.03174487328178334e-06
 1.28659999999999997e+02 1.29346666666666664e+02 1.52151045417736762e-05 6.69437739384842215e-07
 1.29346666666666664e+02 1.30033333333333331e+02 1.56293474911916463e-05 4.82303683936353991e-07
 1.30033333333333331e+02 1.30719999999999999e+02 1.62558278983768370e-05 5.42818726238356312e-07
 1.30719999999999999e+02 1.31406666666666666e+02 1.57471273256237960e-05 4.47650882876368648e-07
 1.31406666666666666e+02 1.32093333333333334e+02 1.76748709179561954e-05 5.18833823002763861e-07
 1.32093333333333334e+02 1.32780000000000001e+02 1.75172244735226201e-05 6.32162133363632858e-07
 1.32780000000000001e+02 1.33466666666666669e+02 1.88484877389349501e-05 5.19758661583592310e-07
 1.33466666666666669e+02 1.34153333333333336e+02 1.91378049632917286e-05 5.59391903747784247e-07
 1.34153333333333336e+02 1.34840000000000003e+02 1.96699694730343805e-05 5.07002081952519895e-07
 1.34840000000000003e+02 1.35526666666666671e+02 2.04896369367539665e-05 5.94668629472597394e-07
 1.35526666666666671e+02 1.36213333333333338e+02 2.12631263559506621e-05 5.34396502555164383e-07
 1.36213333333333338e+02 1.36900000000000006e+02 2.08689868734201120e-05 5.46563774235422402e-07
 1.36900000000000006e+02 1.37586666666666673e+02 2.22586706285930999e-05 5.80167915498259237e-07
 1.37586666666666673e+02 1.38273333333333341e+02 2.34817697735645158e-05 5.73547688396555178e-07
 1.38273333333333341e+02 1.38960000000000008e+02 2.39804501622870693e-05 6.00831300869926095e-07
 1.38960000000000008e+02 1.39646666666666675e+02 2.38673356584639993e-05 6.94872012136670057e-07
 1.39646666666666675e+02 1.40333333333333343e+02 2.56225322546968288e-05 8.81005942132185390e-07
 1.40333333333333343e+02 1.41020000000000010e+02 2.49606487037877606e-05 5.70700705255639002e-07
 1.41020000000000010e+02 1.41706666666666649e+02 2.50564465021471337e-05 5.60961953903952773e-07
 1.41706666666666649e+02 1.42393333333333317e+02 2.54950128726032035e-05 5.48191094081622727e-07
 1.42393333333333317e+02 1.43079999999999984e+02 2.74813651422974542e-05 6.32114182645839054e-07
 1.43079999999999984e+02 1.43766666666666652e+02 2.88772879013161920e-05 6.42733161529105606e-07
 1.43766666666666652e+02 1.44453333333333319e+02 2.87166423027402687e-05 6.27493523668396171e-07
 1.44453333333333319e+02 1.45139999999999986e+02 3.04340856260621729e-05 6.31079677948345344e-07
 1.45139999999999986e+02 1.45826666666666654e+02 3.13900375426957615e-05 7.01549811442261030e-07
 1.45826666666666654e+02 1.46513333333333321e+02 3.12641161623239048e-05 6.20087591062646754e-07
 1.46513333333333321e+02 1.47199999999999989e+02 3.09180361693473137e-05 6.00339043991584795e-07
 1.47199999999999989e+02 1.47886666666666656e+02 3.21625700169311796e-05 7.07994288766888138e-07
 1.47886666666666656e+02 1.48573333333333323e+02 3.39139706228964815e-05 7.47263958289107956e-07
 1.48573333333333323e+02 1.49259999999999991e+02 3.55536802365345774e-05 9.25041830654936619e-07
 1.49259999999999991e+02 1.49946666666666658e+02 3.46778026419288258e-05 7.42138222791195909e-07
 1.49946666666666658e+02 1.50633333333333326e+02 3.79408518583528994e-05 1.94876952744281694e-06
 1.50633333333333326e+02 1.51319999999999993e+02 3.58873623275637960e-05 6.50118592581702658e-07
 1.51319999999999993e+02 1.52006666666666661e+02 3.68619075471222292e-05 6.68803707793493855e-07
 1.52006666666666661e+02 1.52693333333333328e+02 3.97224396742518169e-05 1.48701061183773397e-06
 1.52693333333333328e+02 1.53379999999999995e+02 3.75826128026186538e-05 7.20876200111470926e-07
 1.53379999999999995e+02 1.54066666666666663e+02 3.96796070775772179e-05 7.10347663757409130e-07
 1.54066666666666663e+02 1.54753333333333330e+02 3.88851408777264270e-05 7.41358168534097989e-07
 1.54753333333333330e+02 1.55439999999999998e+02 4.07485271143743626e-05 7.07105625159096764e-07
 1.55439999999999998e+02 1.56126666666666665e+02 4.13722279646829070e-05 7.84266720914251822e-07
 1.56126666666666665e+02 1.56813333333333333e+02 4.19185058837110957e-05 7.59816748838673148e-07
 1.56813333333333333e+02 1.57500000000000000e+02 4.28121238860955987e-05 8.06093729669343872e-07
 1.57500000000000000e+02 1.58186666666666667e+02 4.45233082730667692e-05 7.81618421224147440e-07
 1.58186666666666667e+02 1.58873333333333335e+02 4.62648516963594240e-05 1.05300396227053564e-06
 1.58873333333333335e+02 1.59560000000000002e+02 4.85835483838789888e-05 1.73674166585934042e-06
 1.59560000000000002e+02 1.60246666666666670e+02 8.39166948287026860e-05 1.12225972237301768e-06
 1.60246666666666670e+02 1.60933333333333337e+02 1.55069204236086379e-04 2.10513216420592363e-06
 1.60933333333333337e+02 1.61620000000000005e+02 1.51268132040777945e-04 1.38544625861294034e-06
 1.61620000000000005e+02 1.62306666666666672e+02 1.53692904499083737e-04 1.57903090565099884e-06
 1.62306666666666672e+02 1.62993333333333339e+02 1.56596325262526226e-04 1.43434187274989101e-06
 1.62993333333333339e+02 1.63680000000000007e+02 1.59517554157556808e-04 2.32790400149012099e-06
 1.63680000000000007e+02 1.64366666666666674e+02 1.58269555317982244e-04 1.51693402805421754e-06
 1.64366666666666674e+02 1.65053333333333342e+02 1.61919251561006488e-04 1.64862282094345279e-06
 1.65053333333333342e+02 1.65740000000000009e+02 1.60202595571485272e-04 1.39590663017818986e-06
 1.65740000000000009e+02 1.66426666666666677e+02 1.60483491341963699e-04 1.45160115036483757e-06
 1.66426666666666677e+02 1.67113333333333344e+02 1.64575383273598164e-04 1.47760446156068820e-06
 1.67113333333333344e+02 1.67800000000000011e+02 1.65164797193143644e-04 1.40237628529131937e-06
 1.67800000000000011e+02 1.68486666666666679e+02 1.66351749654104493e-04 1.53296671813105289e-06
 1.68486666666666679e+02 1.69173333333333346e+02 1.67507526899631762e-04 1.44788840202838958e-06
 1.69173333333333346e+02 1.69860000000000014e+02 1.69007750132713747e-04 1.61290402001038952e-06
 1.69860000000000014e+02 1.70546666666666681e+02 1.72812963778423847e-04 1.51019787692702746e-06
 1.70546666666666681e+02 1.71233333333333348e+02 1.70793785049997478e-04 1.48983438007755296e-06
 1.71233333333333348e+02 1.71920000000000016e+02 1.76756029201408679e-04 1.51697048682467077e-06
 1.71920000000000016e+02 1.72606666666666683e+02 1.75284256120332080e-04 1.43389752959128975e-06
 1.72606666666666683e+02 1.73293333333333351e+02 1.77425503489100634e-04 1.56956776233792626e-06
 1.73293333333333351e+02 1.73980000000000018e+02 1.78371465871649530e-04 1.52274126854784210e-06
 1.73980000000000018e+02 1.74666666666666686e+02 1.83884190545749199e-04 1.54733956595228446e-06
 1.74666666666666686e+02 1.75353333333333353e+02 1.81278870824657442e-04 1.60910985684595800e-06
 1.75353333333333353e+02 1.76040000000000020e+02 1.83243486933893902e-04 1.62113522647383035e-06
 1.76040000000000020e+02 1.76726666666666688e+02 1.86942807124785762e-04 1.58617368570123835e-06
 1.76726666666666688e+02 1.77413333333333327e+02 1.89620629560908360e-04 1.70347333736454755e-06
 1.77413333333333327e+02 1.78099999999999994e+02 1.86374403925295882e-04 1.48026192111046017e-06
 1.78099999999999994e+02 1.78786666666666662e+02 1.89355872265843802e-04 1.57179794589311936e-06
 1.78786666666666662e+02 1.79473333333333329e+02 1.90829996845111338e-04 1.63036565489642028e-06
 1.79473333333333329e+02 1.80159999999999997e+02 1.98064400629023791e-04 1.66678725902640299e-06
 1.80159999999999997e+02 1.80846666666666664e+02 1.97760444450155719e-04 2.39988010336379347e-06
 1.80846666666666664e+02 1.81533333333333331e+02 1.96143138175664374e-04 1.57836239557559792e-06
 1.81533333333333331e+02 1.82219999999999999e+02 1.98531199330847862e-04 1.66834403119457356e-06
 1.82219999999999999e+02 1.82906666666666666e+02 2.00137370520781156e-04 1.67873358881793905e-06
 1.82906666666666666e+02 1.83593333333333334e+02 2.02599846486558178e-04 1.56087652140206072e-06
 1.83593333333333334e+02 1.84280000000000001e+02 2.03420102820750639e-04 1.63155992055519141e-06
 1.84280000000000001e+02 1.84966666666666669e+02 2.02816134448190812e-04 1.58924415092053955e-06
 1.84966666666666669e+02 1.85653333333333336e+02 2.08647817948017948e-04 1.58968616778321569e-06
 1.85653333333333336e+02 1.86340000000000003e+02 2.10769101460540111e-04 1.58262875058747981e-06
 1.86340000000000003e+02 1.87026666666666671e+02 2.11295396299647140e-04 1.76476155902979441e-06
 1.87026666666666671e+02 1.87713333333333338e+02 2.12117004819441479e-04 1.73944718346194125e-06
 1.87713333333333338e+02 1.88400000000000006e+02 2.12008764498685488e-04 1.59634613363719327e-06
 1.88400000000000006e+02 1.89086666666666673e+02 2.18536072046758177e-04 1.98767274323578216e-06
 1.89086666666666673e+02 1.89773333333333312e+02 2.19421941701210716e-04 1.67697460414702182e-06
 1.89773333333333312e+02 1.90459999999999980e+02 2.20265612444507820e-04 1.82716033684955219e-06
 1.90459999999999980e+02 1.91146666666666647e+02 2.22408931154563695e-04 1.67640812935750519e-06
 1.91146666666666647e+02 1.91833333333333314e+02 2.24942528216367160e-04 1.64935561158843935e-06
 1.91833333333333314e+02 1.92519999999999982e+02 2.25011537181205528e-04 1.57084826677504682e-06
 1.92519999999999982e+02 1.93206666666666649e+02 2.30408655267387965e-04 1.76203981379303156e-06
 1.93206666666666649e+02 1.93893333333333317e+02 2.30824742808486783e-04 1.77324304651449808e-06
 1.93893333333333317e+02 1.94579999999999984e+02 2.33805405969543398e-04 1.66506177674879363e-06
 1.94579999999999984e+02 1.95266666666666652e+02 2.35108575078846345e-04 1.68664441171170899e-06
 1.95266666666666652e+02 1.95953333333333319e+02 2.36178235259584899e-04 1.77345079138450505e-06
 1.95953333333333319e+02 1.96639999999999986e+02 2.36148607801011442e-04 1.65521203098787321e-06
 1.96639999999999986e+02 1.97326666666666654e+02 2.41516030830936433e-04 1.99585840581133349e-06
 1.97326666666666654e+02 1.98013333333333321e+02 2.42652867107675965e-04 1.68961420940985137e-06
 1.98013333333333321e+02 1.98699999999999989e+02 2.46228975137551681e-04 2.35943737551507138e-06
 1.98699999999999989e+02 1.99386666666666656e+02 2.45788450695737714e-04 1.63999911572890620e-06
 1.99386666666666656e+02 2.00073333333333323e+02 2.47123165408122771e-04 1.76860966898592858e-06
 2.00073333333333323e+02 2.00759999999999991e+02 2.54221594491507025e-04 1.97499242795625138e-06
 2.00759999999999991e+02 2.01446666666666658e+02 2.53632635958329509e-04 1.78420814140010808e-06
 2.01446666666666658e+02 2.02133333333333326e+02 2.54787794073996036e-04 1.92207618810517122e-06
 2.02133333333333326e+02 2.02819999999999993e+02 2.57565451887391782e-04 1.73903780211509304e-06
 2.02819999999999993e+02 2.03506666666666661e+02 2.60307742149430655e-04 1.84552761129286169e-06
 2.03506666666666661e+02 2.04193333333333328e+02 2.58440109991389829e-04 1.65735452008433927e-06
 2.04193333333333328e+02 2.04879999999999995e+02 2.66778936229279066e-04 1.80464809259330806e-06
 2.04879999999999995e+02 2.05566666666666663e+02 2.64758155342920739e-04 1.66179215003318402e-06
 2.05566666666666663e+02 2.06253333333333330e+02 2.66471734810442044e-04 1.74071976448855381e-06
 2.06253333333333330e+02 2.06939999999999998e+02 2.67464085151296143e-04 1.60095189046453465e-06
 2.06939999999999998e+02 2.07626666666666665e+02 2.70556044233527732e-04 1.80845065141702709e-06
 2.07626666666666665e+02 2.08313333333333333e+02 2.76114724875470025e-04 1.71833237379748061e-06
 2.08313333333333333e+02 2.09000000000000000e+02 2.77077252641289809e-04 1.74434096964859730e-06
 2.09000000000000000e+02 2.09686666666666667e+02 2.77689545212601700e-04 1.71888015517917910e-06
 2.09686666666666667e+02 2.10373333333333335e+02 2.81539420338829040e-04 1.73337302492045797e-06
 2.10373333333333335e+02 2.11060000000000002e+02 2.82279911846784195e-04 1.85433741838286733e-06
 2.11060000000000002e+02 2.11746666666666670e+02 2.84121304880978346e-04 1.80071419265350264e-06
 2.11746666666666670e+02 2.12433333333333337e+02 2.86690446369443504e-04 1.87466534348453819e-06
 2.12433333333333337e+02 2.13120000000000005e+02 2.89767230191357531e-04 1.75146653776536747e-06
 2.13120000000000005e+02 2.13806666666666672e+02 2.90393223514499345e-04 1.80396478977454013e-06
 2.13806666666666672e+02 2.14493333333333339e+02 2.91131869850633392e-04 1.67262281746648937e-06
 2.14493333333333339e+02 2.15180000000000007e+02 2.95457793677557595e-04 1.93482602604789321e-06
 2.15180000000000007e+02 2.15866666666666674e+02 3.00128321731914476e-04 1.79507309357190340e-06
 2.15866666666666674e+02 2.16553333333333342e+02 3.01942648463663765e-04 2.08960104454361330e-06
 2.16553333333333342e+02 2.17240000000000009e+02 3.03005047718272764e-04 1.77507691493255285e-06
 2.17240000000000009e+02 2.17926666666666677e+02 3.04865538512598855e-04 1.75749566075436165e-06
 2.17926666666666677e+02 2.18613333333333344e+02 3.09498662451980868e-04 1.75298652796531721e-06
 2.18613333333333344e+02 2.19300000000000011e+02 3.08747403857218450e-04 1.73061601083599510e-06
 2.19300000000000011e+02 2.19986666666666679e+02 3.13091348456819756e-04 1.73811495081988994e-06
 2.19986666666666679e+02 2.20673333333333346e+02 3.15522036802257523e-04 1.80794293460808917e-06
 2.20673333333333346e+02 2.21360000000000014e+02 3.16890418429149250e-04 1.68973191372347004e-06
 2.21360000000000014e+02 2.22046666666666681e+02 3.17183426204949441e-04 2.03329793696536494e-06
 2.22046666666666681e+02 2.22733333333333348e+02 3.24382348462110362e-04 1.80590948821058282e-06
 2.22733333333333348e+02 2.23420000000000016e+02 3.26957803947952922e-04 2.01047647551342729e-06
 2.23420000000000016e+02 2.24106666666666683e+02 3.28767955487227416e-04 1.77331972643718887e-06
 2.24106666666666683e+02 2.24793333333333351e+02 3.30228528436580799e-04 2.01015525052773194e-06
 2.24793333333333351e+02 2.25480000000000018e+02 3.32595723784093840e-04 1.90642026938270941e-06
 2.25480000000000018e+02 2.26166666666666686e+02 3.35173776042735848e-04 1.76126961616981516e-06
 2.26166666666666686e+02 2.26853333333333353e+02 3.44427811047636834e-04 7.73644789394050657e-06
 2.26853333333333353e+02 2.27540000000000020e+02 3.37777955761324347e-04 1.75721039717991277e-06
 2.27540000000000020e+02 2.28226666666666688e+02 3.43443407141986979e-04 1.82499016236060881e-06
 2.28226666666666688e+02 2.28913333333333327e+02 3.47839460262845484e-04 1.95310225833928659e-06
 2.28913333333333327e+02 2.29599999999999994e+02 3.47220893792919477e-04 2.11223321166970211e-06
 2.29599999999999994e+02 2.30286666666666662e+02 3.51609666090475922e-04 1.93092042553498081e-06
 2.30286666666666662e+02 2.30973333333333329e+02 3.53834217411364981e-04 1.94290400820350792e-06
 2.30973333333333329e+02 2.31659999999999997e+02 3.60306055812096931e-04 1.88075613225520696e-06
 2.31659999999999997e+02 2.32346666666666664e+02 3.61402218120959154e-04 1.89479684557853360e-06
 2.32346666666666664e+02 2.33033333333333331e+02 3.59634949215784322e-04 1.87714799630496874e-06
 2.33033333333333331e+02 2.33719999999999999e+02 3.68981499806540607e-04 2.34756173406281393e-06
 2.33719999999999999e+02 2.34406666666666666e+02 3.65119627574242694e-04 1.77674902286921634e-06
 2.34406666666666666e+02 2.35093333333333334e+02 3.72119639966993372e-04 1.89121176696108054e-06
 2.35093333333333334e+02 2.35780000000000001e+02 3.75063936767098703e-04 2.02024167348187199e-06
 2.35780000000000001e+02 2.36466666666666669e+02 3.79712342840792037e-04 1.95215367742634272e-06
 2.36466666666666669e+02 2.37153333333333336e+02 3.82591221444040402e-04 1.96024097949682886e-06
 2.37153333333333336e+02 2.37840000000000003e+02 3.85543353785766218e-04 1.81704156250579357e-06
 2.37840000000000003e+02 2.38526666666666671e+02 3.81896104062122421e-04 1.81374199391305055e-06
 2.38526666666666671e+02 2.39213333333333338e+02 3.90954719319245008e-04 1.93619956956612443e-06
 2.39213333333333338e+02 2.39900000000000006e+02 3.92221393717521744e-04 1.79943459729558878e-06
 2.39900000000000006e+02 2.40586666666666673e+02 3.94628671205566554e-04 1.87221738448936228e-06
 2.40586666666666673e+02 2.41273333333333341e+02 3.97687443636576940e-04 2.17199741262425953e-06
 2.41273333333333341e+02 2.41960000000000008e+02 4.01977237749150367e-04 1.86369834076560021e-06
 2.41960000000000008e+02 2.42646666666666675e+02 4.06427838446622139e-04 1.99619398930080697e-06
 2.42646666666666675e+02 2.43333333333333343e+02 4.08015765354964046e-04 1.83284231308430235e-06
 2.43333333333333343e+02 2.44020000000000010e+02 4.11664227984285321e-04 1.85211385906316812e-06
 2.44020000000000010e+02 2.44706666666666678e+02 4.15495552307058587e-04 2.12967459557785051e-06
 2.44706666666666678e+02 2.45393333333333345e+02 4.17773779700668694e-04 1.89773131961500210e-06
 2.45393333333333345e+02 2.46080000000000013e+02 4.18281206975044311e-04 1.96018098435142755e-06
 2.46080000000000013e+02 2.46766666666666680e+02 4.22772508233615861e-04 1.80729593270755998e-06
 2.46766666666666680e+02 2.47453333333333347e+02 4.31513086699641675e-04 1.90179008674240001e-06
 2.47453333333333347e+02 2.48139999999999986e+02 4.33871552981300514e-04 3.09427821288999013e-06
 2.48139999999999986e+02 2.48826666666666654e+02 4.32471986743951332e-04 1.85274471683622170e-06
 2.48826666666666654e+02 2.49513333333333321e+02 4.35916434288353602e-04 1.90265684911177899e-06
 2.49513333333333321e+02 2.50199999999999989e+02 4.41455813915362402e-04 2.03557661307584779e-06
 2.50199999999999989e+02 2.50886666666666656e+02 4.42009242045742704e-04 1.86896270501171102e-06
 2.50886666666666656e+02 2.51573333333333323e+02 4.46962304310161401e-04 1.92656531970103876e-06
 2.51573333333333323e+02 2.52259999999999991e+02 4.46663270504366115e-04 1.88557783280820183e-06
 2.52259999999999991e+02 2.52946666666666658e+02 4.54714082965088627e-04 1.93766765582734385e-06
 2.52946666666666658e+02 2.53633333333333326e+02 4.59347088366210648e-04 1.93576952017004158e-06
 2.53633333333333326e+02 2.54319999999999993e+02 4.62171373882340876e-04 1.95403735512535614e-06
 2.54319999999999993e+02 2.55006666666666661e+02 4.66909438265091046e-04 2.07554436459280772e-06
 2.55006666666666661e+02 2.55693333333333328e+02 4.69632197521025461e-04 1.93522978736637253e-06
 2.55693333333333328e+02 2.56379999999999995e+02 4.68960448586000576e-04 1.88461841731082649e-06
 2.56379999999999995e+02 2.57066666666666663e+02 4.74525823387711367e-04 1.92387298118201303e-06
 2.57066666666666663e+02 2.57753333333333330e+02 4.74508743501168026e-04 2.01997177187246545e-06
 2.57753333333333330e+02 2.58439999999999998e+02 4.83501320723102811e-04 1.98929401175153606e-06
 2.58439999999999998e+02 2.59126666666666665e+02 4.85316337871770451e-04 1.86323509239488574e-06
 2.59126666666666665e+02 2.59813333333333333e+02 4.89184288279390848e-04 1.99013425688008838e-06
 2.59813333333333333e+02 2.60500000000000000e+02 4.93839860311770539e-04 1.87274737608684692e-06
 2.60500000000000000e+02 2.61186666666666667e+02 4.95189752006473089e-04 1.99301521234863573e-06
 2.61186666666666667e+02 2.61873333333333335e+02 4.99913005340221913e-04 1.95024172491314147e-06
 2.61873333333333335e+02 2.62560000000000002e+02 5.07173854440800425e-04 2.16061905148815174e-06
 2.62560000000000002e+02 2.63246666666666670e+02 5.06407313844223781e-04 2.23412757536465499e-06
 2.63246666666666670e+02 2.63933333333333337e+02 5.12226101304436368e-04 2.09834235063274503e-06
 2.63933333333333337e+02 2.64620000000000005e+02 5.19968806574758690e-04 2.33108091875435148e-06
 2.64620000000000005e+02 2.65306666666666672e+02 5.20924251748717225e-04 2.16769053014265493e-06
 2.65306666666666672e+02 2.65993333333333339e+02 5.25162624568167933e-04 2.17118041842962313e-06
 2.65993333333333339e+02 2.66680000000000007e+02 5.28183876272678328e-04 1.95257695211837581e-06
 2.66680000000000007e+02 2.67366666666666674e+02 5.30778367559314669e-04 1.95836382679349922e-06
 2.67366666666666674e+02 2.68053333333333342e+02 5.35743042060891428e-04 2.09637325548782028e-06
 2.68053333333333342e+02 2.68740000000000009e+02 5.36837291960826687e-04 2.14641414312562055e-06
 2.68740000000000009e+02 2.69426666666666677e+02 5.47045975216441474e-04 2.53901820635927954e-06
 2.69426666666666677e+02 2.70113333333333344e+02 5.51611507883746914e-04 3.32342678015190855e-06
 2.70113333333333344e+02 2.70800000000000011e+02 5.49718885708864579e-04 1.89676326973240551e-06
 2.70800000000000011e+02 2.71486666666666679e+02 5.51830788168881188e-04 2.05278601809362335e-06
 2.71486666666666679e+02 2.72173333333333346e+02 5.57422752081876394e-04 1.90785629297317842e-06
 2.72173333333333346e+02 2.72860000000000014e+02 5.68699829659604131e-04 2.08765519444370744e-06
 2.72860000000000014e+02 2.73546666666666624e+02 5.68458405864365646e-04 1.98166433634745866e-06
 2.73546666666666624e+02 2.74233333333333348e+02 5.74651739003887731e-04 2.03365876333024473e-06
 2.74233333333333348e+02 2.74919999999999959e+02 5.75675794539624408e-04 1.98177166304390896e-06
 2.74919999999999959e+02 2.75606666666666683e+02 5.78631249546442670e-04 1.91040368844345202e-06
 2.75606666666666683e+02 2.76293333333333294e+02 5.81981691506586337e-04 1.93696320858782328e-06
 2.76293333333333294e+02 2.76980000000000018e+02 5.91965442898052395e-04 2.05521924093125401e-06
 2.76980000000000018e+02 2.77666666666666629e+02 5.92426440472721945e-04 2.08639599154112574e-06
 2.77666666666666629e+02 2.78353333333333353e+02 5.96982997608287561e-04 2.18776285028433558e-06
 2.78353333333333353e+02 2.79039999999999964e+02 6.04180679657369832e-04 1.93963490053057466e-06
 2.79039999999999964e+02 2.79726666666666688e+02 6.10373325351803433e-04 2.55112319052599525e-06
 2.79726666666666688e+02 2.80413333333333298e+02 6.10740189359029132e-04 1.99603865756664172e-06
 2.80413333333333298e+02 2.81100000000000023e+02 6.20072480581593992e-04 3.03512897842780018e-06
 2.81100000000000023e+02 2.81786666666666633e+02 6.19855715972100719e-04 2.08686907280293379e-06
 2.81786666666666633e+02 2.82473333333333358e+02 6.26052205893093687e-04 1.97209244115625528e-06
 2.82473333333333358e+02 2.83159999999999968e+02 6.30077709198806606e-04 1.99986006842588446e-06
 2.83159999999999968e+02 2.83846666666666692e+02 6.33816569502167367e-04 2.28860941734914249e-06
 2.83846666666666692e+02 2.84533333333333303e+02 6.38648676673798281e-04 2.04117578310372889e-06
 2.84533333333333303e+02 2.85220000000000027e+02 6.44101410141078982e-04 2.06542448730855732e-06
 2.85220000000000027e+02 2.85906666666666638e+02 6.51142336144787523e-04 2.09882283348577959e-06
 2.85906666666666638e+02 2.86593333333333362e+02 6.55476217081267130e-04 2.25558919632417628e-06
 2.86593333333333362e+02 2.87279999999999973e+02 6.58651574752614215e-04 2.06514070872786410e-06
 2.87279999999999973e+02 2.87966666666666697e+02 6.61274110161954643e-04 2.59344986934984237e-06
 2.87966666666666697e+02 2.88653333333333308e+02 6.72606341210913979e-04 2.09151244606956750e-06
 2.88653333333333308e+02 2.89340000000000032e+02 6.76327638656395785e-04 2.63288730682079878e-06
 2.89340000000000032e+02 2.90026666666666642e+02 6.83135619640590653e-04 2.17751947851880222e-06
 2.90026666666666642e+02 2.90713333333333367e+02 6.85090336454018361e-04 2.03666744849304855e-06
 2.90713333333333367e+02 2.91399999999999977e+02 6.92507436493431977e-04 2.13078518237901191e-06
 2.91399999999999977e+02 2.92086666666666702e+02 6.98797469192781332e-04 2.85018884805194857e-06
 2.92086666666666702e+02 2.92773333333333312e+02 7.01773482489958839e-04 2.06277554348988858e-06
 2.92773333333333312e+02 2.93460000000000036e+02 7.09279362924553525e-04 2.04238999035021385e-06
 2.93460000000000036e+02 2.94146666666666647e+02 7.11409556898197999e-04 2.10779190928365793e-06
 2.94146666666666647e+02 2.94833333333333371e+02 7.21042090527784026e-04 2.10013614836841006e-06
 2.94833333333333371e+02 2.95519999999999982e+02 7.25069390884277372e-04 2.25627914970332911e-06
 2.95519999999999982e+02 2.96206666666666706e+02 7.30904885931806425e-04 2.14325610963538039e-06
 2.96206666666666706e+02 2.96893333333333317e+02 7.39361726558425414e-04 3.84209821340435341e-06
 2.96893333333333317e+02 2.97580000000000041e+02 7.40071259045374801e-04 2.43962108835975073e-06
 2.97580000000000041e+02 2.98266666666666652e+02 7.47261340373685007e-04 2.07220352501668805e-06
 2.98266666666666652e+02 2.98953333333333376e+02 7.50807796153457109e-04 2.07220195006164740e-06
 2.98953333333333376e+02 2.99639999999999986e+02 7.60629920407242905e-04 2.73686416911060677e-06
 2.99639999999999986e+02 3.00326666666666654e+02 7.61271083640725852e-04 2.14042489941732348e-06
 3.00326666666666654e+02 3.01013333333333321e+02 7.72077082279510924e-04 2.18228605740308856e-06
 3.01013333333333321e+02 3.01699999999999989e+02 7.77215572703505758e-04 2.20517865307426365e-06
 3.01699999999999989e+02 3.02386666666666656e+02 7.84905617450971341e-04 2.12948877109373323e-06
 3.02386666666666656e+02 3.03073333333333323e+02 7.89782858076247367e-04 2.10796465588286052e-06
 3.03073333333333323e+02 3.03759999999999991e+02 7.92955504841003013e-04 2.18275021496812109e-06
 3.03759999999999991e+02 3.04446666666666658e+02 8.00297587619086363e-04 2.07234125473121812e-06
 3.04446666666666658e+02 3.05133333333333326e+02 8.04681336965426715e-04 2.15017937418676495e-06
 3.05133333333333326e+02 3.05819999999999993e+02 8.10607932405815832e-04 2.15170659232929620e-06
 3.05819999999999993e+02 3.06506666666666661e+02 8.21070416665346673e-04 2.23182792637891494e-06
 3.06506666666666661e+02 3.07193333333333328e+02 8.24788540610910440e-04 2.09223447418133786e-06
 3.07193333333333328e+02 3.07879999999999995e+02 8.29850411404370347e-04 3.12474496869867850e-06
 3.07879999999999995e+02 3.08566666666666663e+02 8.38923393320117027e-04 2.38117284835939263e-06
 3.08566666666666663e+02 3.09253333333333330e+02 8.41862028649281594e-04 2.17423085296596016e-06
 3.09253333333333330e+02 3.09939999999999998e+02 8.50601889781782091e-04 2.34502814828736697e-06
 3.09939999999999998e+02 3.10626666666666665e+02 8.59497535063395257e-04 2.20732539895915347e-06
 3.10626666666666665e+02 3.11313333333333333e+02 8.64684374872685306e-04 2.22283385428444246e-06
 3.11313333333333333e+02 3.12000000000000000e+02 8.67648955012523108e-04 2.21032061901807926e-06
 3.12000000000000000e+02 3.12686666666666667e+02 8.74654618539253011e-04 2.08923020934343336e-06
 3.12686666666666667e+02 3.13373333333333335e+02 8.89227674404199616e-04 3.95430315415769106e-06
 3.13373333333333335e+02 3.14060000000000002e+02 8.86470446071914095e-04 2.09238732907245071e-06
 3.14060000000000002e+02 3.14746666666666670e+02 8.98373415481036456e-04 2.50756565526726003e-06
 3.14746666666666670e+02 3.15433333333333337e+02 8.99940272653487468e-04 2.26553565629522604e-06
 3.15433333333333337e+02 3.16120000000000005e+02 9.06082022901713731e-04 2.29409379870463436e-06
 3.16120000000000005e+02 3.16806666666666672e+02 9.14117087185562687e-04 2.21134621527652147e-06
 3.16806666666666672e+02 3.17493333333333339e+02 9.20355387377594391e-04 2.19621486028855527e-06
 3.17493333333333339e+02 3.18180000000000007e+02 9.27531387201686723e-04 2.26564636127547533e-06
 3.18180000000000007e+02 3.18866666666666674e+02 9.29704156753052759e-04 2.72334990023128192e-06
 3.18866666666666674e+02 3.19553333333333342e+02 9.39159732798482225e-04 2.73123369894359327e-06
 3.19553333333333342e+02 3.20240000000000009e+02 9.45416170889898941e-04 2.19781490352998672e-06
 3.20240000000000009e+02 3.20926666666666677e+02 9.50453902900529599e-04 2.59847799772086813e-06
 3.20926666666666677e+02 3.21613333333333344e+02 9.58565015091248545e-04 2.33630211697224477e-06
 3.21613333333333344e+02 3.22300000000000011e+02 9.68606057958650468e-04 2.20394436644250185e-06
 3.22300000000000011e+02 3.22986666666666679e+02 9.67465695660375043e-04 2.27116040100436073e-06
 3.22986666666666679e+02 3.23673333333333346e+02 9.79622198697631787e-04 2.37504508433633665e-06
 3.23673333333333346e+02 3.24360000000000014e+02 9.79882127333680771e-04 2.75324295744981773e-06
 3.24360000000000014e+02 3.25046666666666624e+02 9.87956401988413380e-04 2.19019172540667382e-06
 3.25046666666666624e+02 3.25733333333333348e+02 9.96229478650104312e-04 2.20599891296033038e-06
 3.25733333333333348e+02 3.26419999999999959e+02 1.00157175305647670e-03 2.28099310944298864e-06
 3.26419999999999959e+02 3.27106666666666683e+02 1.00261588549562094e-03 2.29854553365745299e-06
 3.27106666666666683e+02 3.27793333333333294e+02 1.01369476989402862e-03 2.43741031709581065e-06
 3.27793333333333294e+02 3.28480000000000018e+02 1.02393303693079098e-03 2.28397101891900044e-06
 3.28480000000000018e+02 3.29166666666666629e+02 1.02799464270568529e-03 2.51855708557008280e-06
 3.29166666666666629e+02 3.29853333333333353e+02 1.03245957565699679e-03 2.26710009354002552e-06
 3.29853333333333353e+02 3.30539999999999964e+02 1.03959177887373339e-03 2.73220262230937397e-06
 3.30539999999999964e+02 3.31226666666666688e+02 1.04411486498839131e-03 2.32078868656283657e-06
 3.31226666666666688e+02 3.31913333333333298e+02 1.05706655633193143e-03 2.94442601591728899e-06
 3.31913333333333298e+02 3.32600000000000023e+02 1.05637270146971313e-03 2.20300091982535014e-06
 3.32600000000000023e+02 3.33286666666666633e+02 1.06527816033382934e-03 2.39334993033487838e-06
 3.33286666666666633e+02 3.33973333333333358e+02 1.06873816593162441e-03 2.42962537297471059e-06
 3.33973333333333358e+02 3.34659999999999968e+02 1.07590689355216060e-03 2.26216836803258170e-06
 3.34659999999999968e+02 3.35346666666666692e+02 1.08119721611931656e-03 2.45263982112973406e-06
 3.35346666666666692e+02 3.36033333333333303e+02 1.09097789897634641e-03 2.50115021388841094e-06
 3.36033333333333303e+02 3.36720000000000027e+02 1.09512960237765993e-03 2.66713008249273676e-06
 3.36720000000000027e+02 3.37406666666666638e+02 1.09984504511423430e-03 2.96813332601371895e-06
 3.37406666666666638e+02 3.38093333333333362e+02 1.10876056210541698e-03 2.27289041815288145e-06
 3.38093333333333362e+02 3.38779999999999973e+02 1.11347382670259486e-03 2.50385212432218745e-06
 3.38779999999999973e+02 3.39466666666666697e+02 1.12012389901612695e-03 2.49321656965435410e-06
 3.39466666666666697e+02 3.40153333333333308e+02 1.12586057671616832e-03 2.36693395592169571e-06
 3.40153333333333308e+02 3.40840000000000032e+02 1.13000934735544992e-03 2.46377574222790387e-06
 3.40840000000000032e+02 3.41526666666666642e+02 1.14392045451217387e-03 8.66064716676997405e-06
 3.41526666666666642e+02 3.42213333333333367e+02 1.14085308285119167e-03 2.48226573887206992e-06
 3.42213333333333367e+02 3.42899999999999977e+02 1.15099681497629917e-03 2.45686984518932660e-06
 3.42899999999999977e+02 3.43586666666666702e+02 1.15777739746489197e-03 3.65626138469641581e-06
 3.43586666666666702e+02 3.44273333333333312e+02 1.15861764266689889e-03 2.39791669434701049e-06
 3.44273333333333312e+02 3.44960000000000036e+02 1.16335581670976430e-03 2.32921463861155739e-06
 3.44960000000000036e+02 3.45646666666666647e+02 1.17216585701611278e-03 2.26714273739694313e-06
 3.45646666666666647e+02 3.46333333333333371e+02 1.17512401202235603e-03 2.54567055666725609e-06
 3.46333333333333371e+02 3.47019999999999982e+02 1.18495653287661114e-03 2.38207576143027970e-06
 3.47019999999999982e+02 3.47706666666666706e+02 1.18657300142474987e-03 2.35775083806420157e-06
 3.47706666666666706e+02 3.48393333333333317e+02 1.19247152193769127e-03 2.46841090872783945e-06
 3.48393333333333317e+02 3.49080000000000041e+02 1.20452983852229389e-03 2.49123116290932516e-06
 3.49080000000000041e+02 3.49766666666666652e+02 1.20912099957094159e-03 2.36840383242196808e-06
 3.49766666666666652e+02 3.50453333333333376e+02 1.21180269308066306e-03 2.37688640484212723e-06
 3.50453333333333376e+02 3.51139999999999986e+02 1.21984931574237632e-03 2.41224045639620238e-06
 3.51139999999999986e+02 3.51826666666666654e+02 1.21856372974799639e-03 2.35832529719941369e-06
 3.51826666666666654e+02 3.52513333333333321e+02 1.22955500429321402e-03 2.40967104165007901e-06
 3.52513333333333321e+02 3.53199999999999989e+02 1.23531777132220174e-03 2.65575036628668021e-06
 3.53199999999999989e+02 3.53886666666666656e+02 1.24471865718002775e-03 3.25690911368592095e-06
 3.53886666666666656e+02 3.54573333333333323e+02 1.24476585432873959e-03 2.31101710341981015e-06
 3.54573333333333323e+02 3.55259999999999991e+02 1.25598419983735080e-03 2.97158692319282383e-06
 3.55259999999999991e+02 3.55946666666666658e+02 1.26203537371838317e-03 5.29347469265592654e-06
 3.55946666666666658e+02 3.56633333333333326e+02 1.26341086149328770e-03 2.57289833792840038e-06
 3.56633333333333326e+02 3.57319999999999993e+02 1.27325033349700721e-03 2.53189879874835651e-06
 3.57319999999999993e+02 3.58006666666666661e+02 1.27831875472852650e-03 2.69312460995590538e-06
 3.58006666666666661e+02 3.58693333333333328e+02 1.27908854305682591e-03 2.50042459331402304e-06
 3.58693333333333328e+02 3.59379999999999995e+02 1.29058930760322672e-03 2.85727981749252096e-06
 3.59379999999999995e+02 3.60066666666666663e+02 1.29241409522318803e-03 2.83167974131037195e-06
 3.60066666666666663e+02 3.60753333333333330e+02 1.29184837341862107e-03 2.40647625475682119e-06
 3.60753333333333330e+02 3.61439999999999998e+02 1.30181280099140478e-03 2.70140796859334635e-06
 3.61439999999999998e+02 3.62126666666666665e+02 1.30411129369226836e-03 2.46813466280753525e-06
 3.62126666666666665e+02 3.62813333333333333e+02 1.31369404407455717e-03 2.56966816608927312e-06
 3.62813333333333333e+02 3.63500000000000000e+02 1.31925523049166576e-03 2.65145730258678658e-06
 3.63500000000000000e+02 3.64186666666666667e+02 1.31653656351119115e-03 2.34354806650689900e-06
 3.64186666666666667e+02 3.64873333333333335e+02 1.32349517765564611e-03 2.52750392595348264e-06
 3.64873333333333335e+02 3.65560000000000002e+02 1.32600412515334470e-03 2.38088651760111350e-06
 3.65560000000000002e+02 3.66246666666666670e+02 1.33107331435101343e-03 2.36651062037121061e-06
 3.66246666666666670e+02 3.66933333333333337e+02 1.34444535657230455e-03 2.59388678446492006e-06
 3.66933333333333337e+02 3.67620000000000005e+02 1.34361272573719636e-03 2.44031711701181389e-06
 3.67620000000000005e+02 3.68306666666666672e+02 1.35451209520188890e-03 3.06892179122495196e-06
 3.68306666666666672e+02 3.68993333333333339e+02 1.35333321011457002e-03 2.47560029770945593e-06
 3.68993333333333339e+02 3.69680000000000007e+02 1.35963190214347866e-03 3.04838252241167477e-06
 3.69680000000000007e+02 3.70366666666666674e+02 1.36288571695826087e-03 2.46029095211463170e-06
 3.70366666666666674e+02 3.71053333333333342e+02 1.36799964994390138e-03 2.39189917830631094e-06
 3.71053333333333342e+02 3.71740000000000009e+02 1.37249341222935159e-03 3.07811735369237359e-06
 3.71740000000000009e+02 3.72426666666666677e+02 1.37387170597222147e-03 2.37773710922440439e-06
 3.72426666666666677e+02 3.73113333333333344e+02 1.38308193195989162e-03 2.69426237800860912e-06
 3.73113333333333344e+02 3.73800000000000011e+02 1.38089620206232580e-03 2.40712217660009847e-06
 3.73800000000000011e+02 3.74486666666666679e+02 1.38771107044965351e-03 2.39134044647007433e-06
 3.74486666666666679e+02 3.75173333333333346e+02 1.39426794930470194e-03 2.42513460884902395e-06
 3.75173333333333346e+02 3.75860000000000014e+02 1.39432486452589896e-03 2.47187192759963275e-06
 3.75860000000000014e+02 3.76546666666666681e+02 1.39915648845551294e-03 4.05561563994969361e-06
 3.76546666666666681e+02 3.77233333333333348e+02 1.40715631789797087e-03 2.90485107492606800e-06
 3.77233333333333348e+02 3.77920000000000016e+02 1.40837591522570155e-03 2.54028827918383325e-06
 3.77920000000000016e+02 3.78606666666666683e+02 1.40812166059222049e-03 2.61376946876324621e-06
 3.78606666666666683e+02 3.79293333333333351e+02 1.41427427822574375e-03 2.47475611372509360e-06
 3.79293333333333351e+02 3.79980000000000018e+02 1.41871294811331651e-03 3.31960049679845608e-06
 3.79980000000000018e+02 3.80666666666666686e+02 1.42466902081311896e-03 2.88411282857263662e-06
 3.80666666666666686e+02 3.81353333333333353e+02 1.42634509880455924e-03 2.74605901553718908e-06
 3.81353333333333353e+02 3.82040000000000020e+02 1.42596279080707197e-03 4.00814857717421025e-06
 3.82040000000000020e+02 3.82726666666666688e+02 1.42596849635214375e-03 2.47135511952618248e-06
 3.82726666666666688e+02 3.83413333333333355e+02 1.42882977581889063e-03 2.62237851091943081e-06
 3.83413333333333355e+02 3.84100000000000023e+02 1.43237303166271783e-03 2.66565065765554781e-06
 3.84100000000000023e+02 3.84786666666666690e+02 1.42962094968156119e-03 2.40494875630623067e-06
 3.84786666666666690e+02 3.85473333333333358e+02 1.43848904053865863e-03 3.75563177284531277e-06
 3.85473333333333358e+02 3.86160000000000025e+02 1.43897063580301823e-03 2.65652973916334637e-06
 3.86160000000000025e+02 3.86846666666666692e+02 1.44484486390295311e-03 2.67168331365405270e-06
 3.86846666666666692e+02 3.87533333333333360e+02 1.44814599837017914e-03 3.52401047312859298e-06
 3.87533333333333360e+02 3.88220000000000027e+02 1.44407148843167087e-03 2.57712018166167260e-06
 3.88220000000000027e+02 3.88906666666666695e+02 1.43953696391637982e-03 2.82690890872947124e-06
 3.88906666666666695e+02 3.89593333333333305e+02 1.44550533965048648e-03 2.59248286204544124e-06
 3.89593333333333305e+02 3.90279999999999973e+02 1.44490650487662741e-03 2.76317237477737679e-06
 3.90279999999999973e+02 3.90966666666666640e+02 1.44044908757676214e-03 2.61869533282914787e-06
 3.90966666666666640e+02 3.91653333333333308e+02 1.44698925416459029e-03 4.32414414344456309e-06
 3.91653333333333308e+02 3.92339999999999975e+02 1.43925104338939419e-03 2.68571621623521589e-06
 3.92339999999999975e+02 3.93026666666666642e+02 1.44244245706990769e-03 4.01362382679497073e-06
 3.93026666666666642e+02 3.93713333333333310e+02 1.43813736451930572e-03 2.42102371577539888e-06
 3.93713333333333310e+02 3.94399999999999977e+02 1.42847556534670566e-03 2.41718937555762002e-06
 3.94399999999999977e+02 3.95086666666666645e+02 1.43315177558247099e-03 3.21890888159745229e-06
 3.95086666666666645e+02 3.95773333333333312e+02 1.42932534449024011e-03 2.59775741031592742e-06
 3.95773333333333312e+02 3.96459999999999980e+02 1.42817655753488541e-03 4.03637051199321419e-06
 3.96459999999999980e+02 3.97146666666666647e+02 1.42130217735494360e-03 4.26346825780943683e-06
 3.97146666666666647e+02 3.97833333333333314e+02 1.41144719547815203e-03 3.61873720490252804e-06
 3.97833333333333314e+02 3.98519999999999982e+02 1.40259576968854703e-03 2.99632771166499101e-06
 3.98519999999999982e+02 3.99206666666666649e+02 1.39863595496432383e-03 2.45677523888878033e-06
 3.99206666666666649e+02 3.99893333333333317e+02 1.39454480763072570e-03 3.44858038694178725e-06
 3.99893333333333317e+02 4.00579999999999984e+02 1.38845372310559840e-03 3.54795871690459383e-06
 4.00579999999999984e+02 4.01266666666666652e+02 1.38102197341376091e-03 3.69656759986815646e-06
 4.01266666666666652e+02 4.01953333333333319e+02 1.37333119536110315e-03 2.35338963446975481e-06
 4.01953333333333319e+02 4.02639999999999986e+02 1.37140608878868835e-03 3.04233545105782740e-06
 4.02639999999999986e+02 4.03326666666666654e+02 1.36512372438873150e-03 3.73096176057417794e-06
 4.03326666666666654e+02 4.04013333333333321e+02 1.36043111607837483e-03 2.67745611517924438e-06
 4.04013333333333321e+02 4.04699999999999989e+02 1.35923519404663692e-03 2.79648985828919958e-06
 4.04699999999999989e+02 4.05386666666666656e+02 1.35135146278799194e-03 2.83679281237166224e-06
 4.05386666666666656e+02 4.06073333333333323e+02 1.35270187014370513e-03 3.71776697323246581e-06
 4.06073333333333323e+02 4.06759999999999991e+02 1.34868066218567922e-03 2.73529054345439378e-06
 4.06759999999999991e+02 4.07446666666666658e+02 1.34269864197461368e-03 2.60557816953309204e-06
 4.07446666666666658e+02 4.08133333333333326e+02 1.34269236978918163e-03 2.95255488739010764e-06
 4.08133333333333326e+02 4.08819999999999993e+02 1.33793060951124874e-03 2.90045674661073238e-06
 4.08819999999999993e+02 4.09506666666666661e+02 1.33363428322317602e-03 2.71416595404990564e-06
 4.09506666666666661e+02 4.10193333333333328e+02 1.33489678561307234e-03 2.72545059905522363e-06
 4.10193333333333328e+02 4.10879999999999995e+02 1.32648119632515884e-03 2.35904148136379155e-06
 4.10879999999999995e+02 4.11566666666666663e+02 1.33197922580334527e-03 4.62412706070724691e-06
 4.11566666666666663e+02 4.12253333333333330e+02 1.32339792280094831e-03 2.37654968315096705e-06
 4.12253333333333330e+02 4.12939999999999998e+02 1.32140355203295631e-03 2.53501703541042213e-06
 4.12939999999999998e+02 4.13626666666666665e+02 1.32490357836568249e-03 2.71634218157712649e-06
 4.13626666666666665e+02 4.14313333333333333e+02 1.32100818364418540e-03 2.73991044174677504e-06
 4.14313333333333333e+02 4.15000000000000000e+02 1.31797639283734707e-03 2.66367490465545191e-06
 4.15000000000000000e+02 4.15686666666666667e+02 1.31748344736309485e-03 2.38460620268806842e-06
 4.15686666666666667e+02 4.16373333333333335e+02 1.31078089380173520e-03 2.16804368923164849e-06
 4.16373333333333335e+02 4.17060000000000002e+02 1.31477671823517763e-03 2.64157804305401605e-06
 4.17060000000000002e+02 4.17746666666666670e+02 1.30932690266801410e-03 2.13178932286041912e-06
 4.17746666666666670e+02 4.18433333333333337e+02 1.31137030313051815e-03 3.60309243746990958e-06
 4.18433333333333337e+02 4.19120000000000005e+02 1.31262764048464277e-03 3.01941244412231122e-06
 4.19120000000000005e+02 4.19806666666666672e+02 1.30533239654284585e-03 2.56775444066365170e-06
 4.19806666666666672e+02 4.20493333333333339e+02 1.29828913347760982e-03 2.22831925075377554e-06
 4.20493333333333339e+02 4.21180000000000007e+02 1.30029645975685330e-03 2.44361318224242925e-06
 4.21180000000000007e+02 4.21866666666666674e+02 1.29956359758289278e-03 2.14058929087297185e-06
 4.21866666666666674e+02 4.22553333333333342e+02 1.29948500423833903e-03 2.43872661904270586e-06
 4.22553333333333342e+02 4.23240000000000009e+02 1.29328010241227891e-03 2.14920025947103575e-06
 4.23240000000000009e+02 4.23926666666666677e+02 1.29168484580479423e-03 2.54330599846986338e-06
 4.23926666666666677e+02 4.24613333333333344e+02 1.28815330707039233e-03 2.14331134354611268e-06
 4.24613333333333344e+02 4.25300000000000011e+02 1.29156101468143260e-03 2.78663936311086887e-06
 4.25300000000000011e+02 4.25986666666666679e+02 1.28493921957010160e-03 2.25204278830164875e-06
 4.25986666666666679e+02 4.26673333333333346e+02 1.28000262898577766e-03 2.05783827301183881e-06
 4.26673333333333346e+02 4.27360000000000014e+02 1.28012907763775459e-03 2.22156728381054112e-06
 4.27360000000000014e+02 4.28046666666666681e+02 1.27910750825056081e-03 2.26497118145031139e-06
 4.28046666666666681e+02 4.28733333333333348e+02 1.27216854257844372e-03 2.34764551191266890e-06
 4.28733333333333348e+02 4.29420000000000016e+02 1.27852711406741741e-03 2.84946797022662499e-06
 4.29420000000000016e+02 4.30106666666666683e+02 1.26994947162376048e-03 2.46289312471459744e-06
 4.30106666666666683e+02 4.30793333333333351e+02 1.26686728053049735e-03 2.34817856071524560e-06
 4.30793333333333351e+02 4.31480000000000018e+02 1.26445141737028502e-03 2.42125636443639700e-06
 4.31480000000000018e+02 4.32166666666666686e+02 1.25974721608440436e-03 2.14598395868188049e-06
 4.32166666666666686e+02 4.32853333333333353e+02 1.26118936941448144e-03 2.30774873857792796e-06
 4.32853333333333353e+02 4.33540000000000020e+02 1.25811828170865783e-03 2.20873764034979441e-06
 4.33540000000000020e+02 4.34226666666666688e+02 1.25523378735499904e-03 2.80515976482930455e-06
 4.34226666666666688e+02 4.34913333333333355e+02 1.25207167030948847e-03 2.16227281803147776e-06
 4.34913333333333355e+02 4.35600000000000023e+02 1.24931403470233721e-03 2.24119856691125193e-06
 4.35600000000000023e+02 4.36286666666666690e+02 1.24590219188247921e-03 2.34567691829773480e-06
 4.36286666666666690e+02 4.36973333333333358e+02 1.24916162575887976e-03 2.60712830503354851e-06
 4.36973333333333358e+02 4.37660000000000025e+02 1.24539673528469984e-03 3.07989220110121612e-06
 4.37660000000000025e+02 4.38346666666666692e+02 1.23742728241182237e-03 2.16207916208900032e-06
 4.38346666666666692e+02 4.39033333333333360e+02 1.23636386002969447e-03 2.58444306697661113e-06
 4.39033333333333360e+02 4.39720000000000027e+02 1.23353761262781636e-03 2.33101142979745617e-06
 4.39720000000000027e+02 4.40406666666666695e+02 1.22948544374083812e-03 2.09689314369521203e-06
 4.40406666666666695e+02 4.41093333333333305e+02 1.22836296295770900e-03 2.50840084650254707e-06
 4.41093333333333305e+02 4.41779999999999973e+02 1.22284389733833508e-03 2.14949592169871774e-06
 4.41779999999999973e+02 4.42466666666666640e+02 1.22609698633227072e-03 2.72474041596775854e-06
 4.42466666666666640e+02 4.43153333333333308e+02 1.21613407600413203e-03 2.43893434442326546e-06
 4.43153333333333308e+02 4.43839999999999975e+02 1.21361983104769787e-03 2.11800284814939125e-06
 4.43839999999999975e+02 4.44526666666666642e+02 1.21054852274880744e-03 2.39882146047572180e-06
 4.44526666666666642e+02 4.45213333333333310e+02 1.20569596770010007e-03 2.33948978663202148e-06
 4.45213333333333310e+02 4.45899999999999977e+02 1.20673350568097320e-03 3.21282786397367785e-06
 4.45899999999999977e+02 4.46586666666666645e+02 1.20044887477734822e-03 2.61308823740816360e-06
 4.46586666666666645e+02 4.47273333333333312e+02 1.19636979076528363e-03 3.12937899628331610e-06
 4.47273333333333312e+02 4.47959999999999980e+02 1.19070066646180181e-03 2.42104618093659229e-06
 4.47959999999999980e+02 4.48646666666666647e+02 1.18196798932828436e-03 2.33711056559654977e-06
 4.48646666666666647e+02 4.49333333333333314e+02 1.17824371041934384e-03 2.08267803551915499e-06
 4.49333333333333314e+02 4.50019999999999982e+02 1.17398476331739246e-03 2.08192917463705864e-06
 4.50019999999999982e+02 4.50706666666666649e+02 1.16679167523899658e-03 2.09862324911887182e-06
 4.50706666666666649e+02 4.51393333333333317e+02 1.16298450428184777e-03 2.39429677272443238e-06
 4.51393333333333317e+02 4.52079999999999984e+02 1.15835242950335419e-03 2.60515347488957524e-06
 4.52079999999999984e+02 4.52766666666666652e+02 1.15044832684737500e-03 2.42573208808404034e-06
 4.52766666666666652e+02 4.53453333333333319e+02 1.14554879518166740e-03 2.51838747238855665e-06
 4.53453333333333319e+02 4.54139999999999986e+02 1.14399993421002220e-03 2.60995477799408185e-06
 4.54139999999999986e+02 4.54826666666666654e+02 1.13503584925349712e-03 2.06673002057204465e-06
 4.54826666666666654e+02 4.55513333333333321e+02 1.13105521815894399e-03 2.35773276730669439e-06
 4.55513333333333321e+02 4.56199999999999989e+02 1.12752952629747061e-03 3.47497543447236551e-06
 4.56199999999999989e+02 4.56886666666666656e+02 1.11463191291132882e-03 2.39811950053289550e-06
 4.56886666666666656e+02 4.57573333333333323e+02 1.10958729116647481e-03 2.14382112882402425e-06
 4.57573333333333323e+02 4.58259999999999991e+02 1.10508599141118926e-03 2.28137612056394571e-06
 4.58259999999999991e+02 4.58946666666666658e+02 1.10140865071194365e-03 3.23498122608679020e-06
 4.58946666666666658e+02 4.59633333333333326e+02 1.08773522850210769e-03 2.51269672659816691e-06
 4.59633333333333326e+02 4.60319999999999993e+02 1.08671752870655820e-03 3.14095655754694901e-06
 4.60319999999999993e+02 4.61006666666666661e+02 1.07614287358516578e-03 2.96102957390888724e-06
 4.61006666666666661e+02 4.61693333333333328e+02 1.07052397211350285e-03 2.47880626414262653e-06
 4.61693333333333328e+02 4.62379999999999995e+02 1.05876693065507562e-03 2.63262892853414566e-06
 4.62379999999999995e+02 4.63066666666666663e+02 1.05110338639487471e-03 2.72633929584398318e-06
 4.63066666666666663e+02 4.63753333333333330e+02 1.04319471818258187e-03 2.36035066281907647e-06
 4.63753333333333330e+02 4.64439999999999998e+02 1.04025845301512418e-03 3.14928646272003675e-06
 4.64439999999999998e+02 4.65126666666666665e+02 1.02585956919460340e-03 2.31661221603708885e-06
 4.65126666666666665e+02 4.65813333333333333e+02 1.01375254293749524e-03 2.78210366650812995e-06
 4.65813333333333333e+02 4.66500000000000000e+02 9.99428418444039957e-04 2.09486178727979322e-06
 4.66500000000000000e+02 4.67186666666666667e+02 9.91547637237330352e-04 2.16244549912181247e-06
 4.67186666666666667e+02 4.67873333333333335e+02 9.79285471085672302e-04 2.08746573877898141e-06
 4.67873333333333335e+02 4.68560000000000002e+02 9.62462294282782037e-04 2.14755831676193957e-06
 4.68560000000000002e+02 4.69246666666666670e+02 9.57161197588412963e-04 2.94503179298668146e-06
 4.69246666666666670e+02 4.69933333333333337e+02 9.37462430275868988e-04 2.43352238515078782e-06
 4.69933333333333337e+02 4.70620000000000005e+02 9.25380669660342539e-04 3.31799143575608341e-06
 4.70620000000000005e+02 4.71306666666666672e+02 9.01604148780644132e-04 2.11928287118030917e-06
 4.71306666666666672e+02 4.71993333333333339e+02 8.87530928876520170e-04 3.07792297682606308e-06
 4.71993333333333339e+02 4.72680000000000007e+02 8.68548910213442723e-04 2.55310372270421167e-06
 4.72680000000000007e+02 4.73366666666666674e+02 8.44897050967048559e-04 2.02522395529547206e-06
 4.73366666666666674e+02 4.74053333333333342e+02 8.21074232054224665e-04 2.41363336025050275e-06
 4.74053333333333342e+02 4.74740000000000009e+02 7.92924476505382217e-04 2.16277881824689771e-06
 4.74740000000000009e+02 4.75426666666666677e+02 7.72073303082424791e-04 2.74686900270950096e-06
 4.75426666666666677e+02 4.76113333333333344e+02 7.43367245629258022e-04 2.74438561427369672e-06
 4.76113333333333344e+02 4.76800000000000011e+02 7.12431874552916654e-04 2.82396210947940717e-06
 4.76800000000000011e+02 4.77486666666666679e+02 6.76801243138983977e-04 1.89774823725117134e-06
 4.77486666666666679e+02 4.78173333333333346e+02 6.44408024529334253e-04 2.29481813624882034e-06
 4.78173333333333346e+02 4.78860000000000014e+02 6.11753730006279204e-04 2.70576071595522225e-06
 4.78860000000000014e+02 4.79546666666666681e+02 5.77083710231807330e-04 3.34254404539228401e-06
 4.79546666666666681e+02 4.80233333333333348e+02 5.37800036915768030e-04 2.35127290969664789e-06
 4.80233333333333348e+02 4.80920000000000016e+02 4.97638579482523932e-04 3.08851920657674701e-06
 4.80920000000000016e+02 4.81606666666666683e+02 4.58647790339055447e-04 2.66183258080956370e-06
 4.81606666666666683e+02 4.82293333333333351e+02 4.11418867474317676e-04 2.16735600294345246e-06
 4.82293333333333351e+02 4.82980000000000018e+02 3.69534782290200639e-04 1.72754550359817528e-06
 4.82980000000000018e+02 4.83666666666666686e+02 3.21092006924250976e-04 2.25969649643168286e-06
 4.83666666666666686e+02 4.84353333333333353e+02 2.71154066447267189e-04 1.41347139785372493e-06
 4.84353333333333353e+02 4.85040000000000020e+02 2.20817023917348730e-04 1.34338490065278245e-06
 4.85040000000000020e+02 4.85726666666666688e+02 1.66863587873630883e-04 1.13525874064967448e-06
 4.85726666666666688e+02 4.86413333333333355e+02 1.17014087407259763e-04 2.05477044604921214e-06
 4.86413333333333355e+02 4.87100000000000023e+02 6.55228620889630829e-05 5.88314798107840998e-07
 4.87100000000000023e+02 4.87786666666666690e+02 2.40856090393595372e-05 3.76164138087809712e-07
 4.87786666666666690e+02 4.88473333333333358e+02 2.41490055649999493e-06 1.09974225869462193e-07
 4.88473333333333358e+02 4.89160000000000025e+02 0.00000000000000000e+00 0.00000000000000000e+00
 4.89160000000000025e+02 4.89846666666666692e+02 0.00000000000000000e+00 0.00000000000000000e+00
 4.89846666666666692e+02 4.90533333333333360e+02 0.00000000000000000e+00 0.00000000000000000e+00
 4.90533333333333360e+02 4.91220000000000027e+02 0.00000000000000000e+00 0.00000000000000000e+00
 4.91220000000000027e+02 4.91906666666666695e+02 0.00000000000000000e+00 0.00000000000000000e+00
 4.91906666666666695e+02 4.92593333333333305e+02 0.00000000000000000e+00 0.00000000000000000e+00
 4.92593333333333305e+02 4.93279999999999973e+02 0.00000000000000000e+00 0.00000000000000000e+00
 4.93279999999999973e+02 4.93966666666666640e+02 0.00000000000000000e+00 0.00000000000000000e+00
 4.93966666666666640e+02 4.94653333333333308e+02 0.00000000000000000e+00 0.00000000000000000e+00
 4.94653333333333308e+02 4.95339999999999975e+02 0.00000000000000000e+00 0.00000000000000000e+00
 4.95339999999999975e+02 4.96026666666666642e+02 0.00000000000000000e+00 0.00000000000000000e+00
 4.96026666666666642e+02 4.96713333333333310e+02 0.00000000000000000e+00 0.00000000000000000e+00
 4.96713333333333310e+02 4.97399999999999977e+02 0.00000000000000000e+00 0.00000000000000000e+00
 4.97399999999999977e+02 4.98086666666666645e+02 0.00000000000000000e+00 0.00000000000000000e+00
 4.98086666666666645e+02 4.98773333333333312e+02 0.00000000000000000e+00 0.00000000000000000e+00
 4.98773333333333312e+02 4.99459999999999980e+02 0.00000000000000000e+00 0.00000000000000000e+00
 4.99459999999999980e+02 5.00146666666666647e+02 0.00000000000000000e+00 0.00000000000000000e+00
 5.00146666666666647e+02 5.00833333333333314e+02 0.00000000000000000e+00 0.00000000000000000e+00
 5.00833333333333314e+02 5.01519999999999982e+02 0.00000000000000000e+00 0.00000000000000000e+00
 5.01519999999999982e+02 5.02206666666666649e+02 0.00000000000000000e+00 0.00000000000000000e+00
 5.02206666666666649e+02 5.02893333333333317e+02 0.00000000000000000e+00 0.00000000000000000e+00
 5.02893333333333317e+02 5.03579999999999984e+02 0.00000000000000000e+00 0.00000000000000000e+00
 5.03579999999999984e+02 5.04266666666666652e+02 0.00000000000000000e+00 0.00000000000000000e+00
 5.04266666666666652e+02 5.04953333333333319e+02 0.00000000000000000e+00 0.00000000000000000e+00
 5.04953333333333319e+02 5.05639999999999986e+02 0.00000000000000000e+00 0.00000000000000000e+00
 5.05639999999999986e+02 5.06326666666666654e+02 0.00000000000000000e+00 0.00000000000000000e+00
 5.06326666666666654e+02 5.07013333333333321e+02 0.00000000000000000e+00 0.00000000000000000e+00
 5.07013333333333321e+02 5.07699999999999989e+02 0.00000000000000000e+00 0.00000000000000000e+00
 5.07699999999999989e+02 5.08386666666666656e+02 0.00000000000000000e+00 0.00000000000000000e+00
 5.08386666666666656e+02 5.09073333333333323e+02 0.00000000000000000e+00 0.00000000000000000e+00
 5.09073333333333323e+02 5.09759999999999991e+02 0.00000000000000000e+00 0.00000000000000000e+00
 5.09759999999999991e+02 5.10446666666666658e+02 0.00000000000000000e+00 0.00000000000000000e+00
 5.10446666666666658e+02 5.11133333333333326e+02 0.00000000000000000e+00 0.00000000000000000e+00
 5.11133333333333326e+02 5.11819999999999993e+02 0.00000000000000000e+00 0.00000000000000000e+00
 5.11819999999999993e+02 5.12506666666666661e+02 0.00000000000000000e+00 0.00000000000000000e+00
 5.12506666666666661e+02 5.13193333333333385e+02 0.00000000000000000e+00 0.00000000000000000e+00
 5.13193333333333385e+02 5.13879999999999995e+02 0.00000000000000000e+00 0.00000000000000000e+00
 5.13879999999999995e+02 5.14566666666666606e+02 0.00000000000000000e+00 0.00000000000000000e+00
 5.14566666666666606e+02 5.15253333333333330e+02 0.00000000000000000e+00 0.00000000000000000e+00
 5.15253333333333330e+02 5.15940000000000055e+02 0.00000000000000000e+00 0.00000000000000000e+00
 5.15940000000000055e+02 5.16626666666666665e+02 0.00000000000000000e+00 0.00000000000000000e+00
 5.16626666666666665e+02 5.17313333333333276e+02 0.00000000000000000e+00 0.00000000000000000e+00
 5.17313333333333276e+02 5.18000000000000000e+02 0.00000000000000000e+00 0.00000000000000000e+00

Histogram:lmxx
 3.16000000000000000e+02 3.17009999999999991e+02 1.93784388671019136e-05 1.08925321054490200e-06
 3.17009999999999991e+02 3.18019999999999982e+02 2.08450410814968820e-05 9.93119067347437343e-07
 3.18019999999999982e+02 3.19029999999999973e+02 2.19711232703466757e-05 9.82039019961857646e-07
 3.19029999999999973e+02 3.20040000000000020e+02 2.29510247086206960e-05 1.08142372173050165e-06
 3.20040000000000020e+02 3.21050000000000011e+02 2.43019884813946001e-05 1.05752943268513454e-06
 3.21050000000000011e+02 3.22060000000000002e+02 2.29358815254978511e-05 9.20129849109846359e-07
 3.22060000000000002e+02 3.23069999999999993e+02 2.77027610295732864e-05 1.22880784630579782e-06
 3.23069999999999993e+02 3.24079999999999984e+02 2.47119094881272737e-05 8.48836712551327294e-07
 3.24079999999999984e+02 3.25089999999999975e+02 2.65351547395247105e-05 1.16821782749790467e-06
 3.25089999999999975e+02 3.26100000000000023e+02 2.56322053537532429e-05 8.68454255724180454e-07
 3.26100000000000023e+02 3.27110000000000014e+02 2.73323917419946189e-05 9.51782213963444283e-07
 3.27110000000000014e+02 3.28120000000000005e+02 2.73604647618086204e-05 9.78101920326514241e-07
 3.28120000000000005e+02 3.29129999999999995e+02 2.73177206655814941e-05 9.26522482093168083e-07
 3.29129999999999995e+02 3.30139999999999986e+02 2.89552250553461512e-05 9.63648098584883197e-07
 3.30139999999999986e+02 3.31149999999999977e+02 2.76802732778130774e-05 8.93072192880444056e-07
 3.31149999999999977e+02 3.32160000000000025e+02 2.82538771250746615e-05 9.61922954431032510e-07
 3.32160000000000025e+02 3.33170000000000016e+02 2.85277587515391914e-05 9.02271870975263729e-07
 3.33170000000000016e+02 3.34180000000000007e+02 2.72579181745032253e-05 9.06942879943797417e-07
 3.34180000000000007e+02 3.35189999999999998e+02 2.94535797131877634e-05 1.01152572672016193e-06
 3.35189999999999998e+02 3.36199999999999989e+02 3.01252463950810558e-05 8.49193335726357563e-07
 3.36199999999999989e+02 3.37209999999999980e+02 2.98207780912410955e-05 8.61369064986648047e-07
 3.37209999999999980e+02 3.38220000000000027e+02 2.88293825347371508e-05 8.57270991311512507e-07
 3.38220000000000027e+02 3.39230000000000018e+02 2.97704466804776990e-05 8.45923441543763424e-07
 3.39230000000000018e+02 3.40240000000000009e+02 3.15358911232667188e-05 8.72595229581405291e-07
 3.40240000000000009e+02 3.41250000000000000e+02 3.29788270782250620e-05 1.12197813082289789e-06
 3.41250000000000000e+02 3.42259999999999991e+02 3.20032997118477658e-05 8.50053935394778233e-07
 3.42259999999999991e+02 3.43269999999999982e+02 3.20013484252052873e-05 7.66432615855923853e-07
 3.43269999999999982e+02 3.44279999999999973e+02 3.08070214111452075e-05 8.28153366283419549e-07
 3.44279999999999973e+02 3.45290000000000020e+02 3.09830564990256030e-05 7.48103242293154599e-07
 3.45290000000000020e+02 3.46300000000000011e+02 3.09697069736337974e-05 7.60043532430340988e-07
 3.46300000000000011e+02 3.47310000000000002e+02 3.18994845908334850e-05 7.51033265524970647e-07
 3.47310000000000002e+02 3.48319999999999993e+02 3.31486132323660049e-05 8.98918635599178643e-07
 3.48319999999999993e+02 3.49329999999999984e+02 3.37774848276695396e-05 8.02148177211584778e-07
 3.49329999999999984e+02 3.50340000000000032e+02 3.43779381664946517e-05 7.91204748756957355e-07
 3.50340000000000032e+02 3.51350000000000023e+02 3.28215242431919646e-05 7.31217127228698326e-07
 3.51350000000000023e+02 3.52360000000000014e+02 3.46063273577437231e-05 8.55151022652716369e-07
 3.52360000000000014e+02 3.53370000000000005e+02 3.38426771291244172e-05 1.13448503317132737e-06
 3.53370000000000005e+02 3.54379999999999995e+02 3.42471061160058810e-05 7.75296253831047927e-07
 3.54379999999999995e+02 3.55389999999999986e+02 3.56675302740983632e-05 7.55297465244770402e-07
 3.55389999999999986e+02 3.56399999999999977e+02 3.52636827119872081e-05 7.91855350431314806e-07
 3.56399999999999977e+02 3.57409999999999968e+02 3.51428942123614823e-05 8.71408958003108212e-07
 3.57409999999999968e+02 3.58420000000000016e+02 3.52292158150205491e-05 7.73783185443816039e-07
 3.58420000000000016e+02 3.59430000000000007e+02 3.56466691403723877e-05 8.01284575064413797e-07
 3.59430000000000007e+02 3.60439999999999998e+02 3.53592337550879228e-05 7.07196218143910499e-07
 3.60439999999999998e+02 3.61449999999999989e+02 3.61927250697084720e-05 7.33213950612669751e-07
 3.61449999999999989e+02 3.62459999999999980e+02 3.67613341389785668e-05 7.40063453604038362e-07
 3.62459999999999980e+02 3.63470000000000027e+02 3.67937360494740204e-05 8.37170310028710907e-07
 3.63470000000000027e+02 3.64480000000000018e+02 3.69198918174490145e-05 7.10295809084183579e-07
 3.64480000000000018e+02 3.65490000000000009e+02 3.68879135292943938e-05 8.45513440189172252e-07
 3.65490000000000009e+02 3.66500000000000000e+02 3.77108586345297113e-05 8.34622140835941235e-07
 3.66500000000000000e+02 3.67509999999999991e+02 3.93253670450546017e-05 1.08507596007053480e-06
 3.67509999999999991e+02 3.68519999999999982e+02 3.89687545604540129e-05 7.88820452283645861e-07
 3.68519999999999982e+02 3.69529999999999973e+02 3.66833395381573228e-05 7.95168530034410721e-07
 3.69529999999999973e+02 3.70540000000000020e+02 3.74366333027789373e-05 6.73595367490880817e-07
 3.70540000000000020e+02 3.71550000000000011e+02 3.82522465426111816e-05 7.92490824100829421e-07
 3.71550000000000011e+02 3.72560000000000002e+02 3.86131406194529218e-05 6.74001650458398961e-07
 3.72560000000000002e+02 3.73569999999999993e+02 3.84824868290625720e-05 7.07377294583478225e-07
 3.73569999999999993e+02 3.74579999999999984e+02 3.92119976148162916e-05 7.02744547339805142e-07
 3.74579999999999984e+02 3.75590000000000032e+02 3.90784579122053133e-05 6.85963617029240664e-07
 3.75590000000000032e+02 3.76600000000000023e+02 3.82763896247012269e-05 6.79994744479728167e-07
 3.76600000000000023e+02 3.77610000000000014e+02 4.06922497020403923e-05 8.25021776037565536e-07
 3.77610000000000014e+02 3.78620000000000005e+02 3.97278445353279564e-05 7.18909413370772432e-07
 3.78620000000000005e+02 3.79629999999999995e+02 3.89364646402529235e-05 6.55805105327141090e-07
 3.79629999999999995e+02 3.80639999999999986e+02 4.06384456585099594e-05 7.02020053942742286e-07
 3.80639999999999986e+02 3.81649999999999977e+02 4.22812484433916501e-05 8.02167720788776169e-07
 3.81649999999999977e+02 3.82659999999999968e+02 4.19462302356562249e-05 7.10979545340133460e-07
 3.82659999999999968e+02 3.83670000000000016e+02 4.10608840420911489e-05 6.38670835309007783e-07
 3.83670000000000016e+02 3.84680000000000007e+02 4.23692022030628402e-05 7.02051557122531310e-07
 3.84680000000000007e+02 3.85689999999999998e+02 4.14645841273032030e-05 6.58214387838799252e-07
 3.85689999999999998e+02 3.86699999999999989e+02 4.29819243330837073e-05 7.35328116262060455e-07
 3.86699999999999989e+02 3.87709999999999980e+02 4.19807621014013421e-05 6.93923139777542802e-07
 3.87709999999999980e+02 3.88720000000000027e+02 4.14807511118282749e-05 7.14508068771824405e-07
 3.88720000000000027e+02 3.89730000000000018e+02 4.34941743603484189e-05 7.29818371155210979e-07
 3.89730000000000018e+02 3.90740000000000009e+02 4.31186290791388136e-05 7.14344975528619257e-07
 3.90740000000000009e+02 3.91750000000000000e+02 4.26447734883000419e-05 6.37916330232000325e-07
 3.91750000000000000e+02 3.92759999999999991e+02 4.35380782484926892e-05 6.83788477882935754e-07
 3.92759999999999991e+02 3.93769999999999982e+02 4.39775418998907466e-05 7.04023369368850151e-07
 3.93769999999999982e+02 3.94779999999999973e+02 4.29642243872525504e-05 6.49426842750367474e-07
 3.94779999999999973e+02 3.95790000000000020e+02 4.45044348012741742e-05 6.86198580169791593e-07
 3.95790000000000020e+02 3.96800000000000011e+02 4.37331310955221497e-05 8.61648994420753445e-07
 3.96800000000000011e+02 3.97810000000000002e+02 4.34667755021211449e-05 6.35168862989834964e-07
 3.97810000000000002e+02 3.98819999999999993e+02 4.51724506550679983e-05 6.96843839504834324e-07
 3.98819999999999993e+02 3.99829999999999984e+02 4.51239543034425987e-05 7.14587769235085314e-07
 3.99829999999999984e+02 4.00840000000000032e+02 4.53291654801810844e-05 6.93282226356336067e-07
 4.00840000000000032e+02 4.01850000000000023e+02 4.61758698137584926e-05 6.98282434951935296e-07
 4.01850000000000023e+02 4.02860000000000014e+02 4.56537905894265238e-05 6.88759334459101017e-07
 4.02860000000000014e+02 4.03870000000000005e+02 4.55556975217299778e-05 7.38704072670456507e-07
 4.03870000000000005e+02 4.04879999999999995e+02 4.60099492801587041e-05 6.92228704836362618e-07
 4.04879999999999995e+02 4.05889999999999986e+02 4.63829320971159326e-05 6.48277306998713732e-07
 4.05889999999999986e+02 4.06899999999999977e+02 4.66592107097018924e-05 7.51420774338682832e-07
 4.06899999999999977e+02 4.07909999999999968e+02 4.80041695416031787e-05 7.11712365636579420e-07
 4.07909999999999968e+02 4.08920000000000016e+02 4.76621191867530018e-05 6.50253855025383298e-07
 4.08920000000000016e+02 4.09930000000000007e+02 4.86419894047349777e-05 7.04308859600701607e-07
 4.09930000000000007e+02 4.10939999999999998e+02 4.84605129344145474e-05 7.01287466394009255e-07
 4.10939999999999998e+02 4.11949999999999989e+02 4.74708457448239914e-05 7.12520285185919025e-07
 4.11949999999999989e+02 4.12959999999999980e+02 4.93474620072408416e-05 6.65536413614963787e-07
 4.12959999999999980e+02 4.13970000000000027e+02 5.03095904136680177e-05 1.39395055413588199e-06
 4.13970000000000027e+02 4.14980000000000018e+02 5.04003820424912217e-05 8.91263731073034764e-07
 4.14980000000000018e+02 4.15990000000000009e+02 4.93141324359234228e-05 6.90801700012864357e-07
 4.15990000000000009e+02 4.17000000000000000e+02 5.05924700884284627e-05 6.96187980711566565e-07
 4.17000000000000000e+02 4.18009999999999991e+02 4.95847470796021523e-05 7.34646740124497495e-07
 4.18009999999999991e+02 4.19019999999999982e+02 5.15497944635695066e-05 6.76843539359169278e-07
 4.19019999999999982e+02 4.20029999999999973e+02 5.03883422105859922e-05 6.21232239901539233e-07
 4.20029999999999973e+02 4.21040000000000020e+02 5.02566953718822218e-05 7.32691515923168419e-07
 4.21040000000000020e+02 4.22050000000000011e+02 5.19181086642816065e-05 8.06679000901427597e-07
 4.22050000000000011e+02 4.23060000000000002e+02 5.15361690657154502e-05 6.87700950966600491e-07
 4.23060000000000002e+02 4.24069999999999993e+02 5.04306108668729850e-05 6.82755595020834909e-07
 4.24069999999999993e+02 4.25079999999999984e+02 5.17669441834786944e-05 7.14749870198530411e-07
 4.25079999999999984e+02 4.26090000000000032e+02 5.31191807735318020e-05 8.10290003963563660e-07
 4.26090000000000032e+02 4.27100000000000023e+02 5.16339169059868648e-05 6.78572046775641812e-07
 4.27100000000000023e+02 4.28110000000000014e+02 5.27184495097950199e-05 6.73301363540392563e-07
 4.28110000000000014e+02 4.29120000000000005e+02 5.26921768156478061e-05 7.25340019436515119e-07
 4.29120000000000005e+02 4.30129999999999995e+02 5.26927393952459337e-05 8.41009753201707333e-07
 4.30129999999999995e+02 4.31139999999999986e+02 5.44993973545750327e-05 8.72659294430924267e-07
 4.31139999999999986e+02 4.32149999999999977e+02 5.37271280498147387e-05 7.20954284779525940e-07
 4.32149999999999977e+02 4.33159999999999968e+02 5.38789836760937335e-05 6.84358823005268003e-07
 4.33159999999999968e+02 4.34170000000000016e+02 5.50164567204834099e-05 7.57645778845986222e-07
 4.34170000000000016e+02 4.35180000000000007e+02 5.56114536353513288e-05 7.27808703572824729e-07
 4.35180000000000007e+02 4.36189999999999998e+02 5.39210386447382418e-05 6.40309331702166493e-07
 4.36189999999999998e+02 4.37199999999999989e+02 5.63056583651874915e-05 1.28771681029121031e-06
 4.37199999999999989e+02 4.38209999999999980e+02 5.58044155846472716e-05 7.12414089187215902e-07
 4.38209999999999980e+02 4.39220000000000027e+02 5.57313987313928864e-05 7.05503042125125912e-07
 4.39220000000000027e+02 4.40230000000000018e+02 5.80801179105288134e-05 8.02152018021017568e-07
 4.40230000000000018e+02 4.41240000000000009e+02 5.72558484953615570e-05 6.81817165726330315e-07
 4.41240000000000009e+02 4.42250000000000000e+02 5.75089473111702751e-05 8.76585446015295973e-07
 4.42250000000000000e+02 4.43259999999999991e+02 5.76713312755039673e-05 7.28801749523410675e-07
 4.43259999999999991e+02 4.44269999999999982e+02 5.85297014438259037e-05 6.78822521772051287e-07
 4.44269999999999982e+02 4.45279999999999973e+02 5.82625448708566640e-05 7.42984337854415749e-07
 4.45279999999999973e+02 4.46289999999999964e+02 5.87175534262050644e-05 7.01117766818813214e-07
 4.46289999999999964e+02 4.47300000000000011e+02 5.83143901822198919e-05 6.79827584865927967e-07
 4.47300000000000011e+02 4.48310000000000002e+02 5.97427229985773533e-05 6.77197574428417661e-07
 4.48310000000000002e+02 4.49319999999999993e+02 5.94575133563949267e-05 6.91638975181543624e-07
 4.49319999999999993e+02 4.50330000000000041e+02 5.98774119083861597e-05 6.79935821488754919e-07
 4.50330000000000041e+02 4.51340000000000032e+02 5.97517345629121289e-05 7.03556775197296985e-07
 4.51340000000000032e+02 4.52350000000000023e+02 6.20021397188378655e-05 1.41573308439839433e-06
 4.52350000000000023e+02 4.53360000000000014e+02 6.16161464353468137e-05 8.53841634640160634e-07
 4.53360000000000014e+02 4.54370000000000005e+02 6.08617793695004743e-05 7.17281197813996627e-07
 4.54370000000000005e+02 4.55379999999999995e+02 6.20571411797142330e-05 7.32678917958876192e-07
 4.55379999999999995e+02 4.56389999999999986e+02 6.29617541568423041e-05 7.34814166893274459e-07
 4.56389999999999986e+02 4.57399999999999977e+02 6.27032512926321421e-05 6.77855378212451347e-07
 4.57399999999999977e+02 4.58409999999999968e+02 6.28752980321756498e-05 7.07116734642682655e-07
 4.58409999999999968e+02 4.59419999999999959e+02 6.31343093107813698e-05 7.20158028691948313e-07
 4.59419999999999959e+02 4.60430000000000007e+02 6.38338865144168042e-05 7.29247030378739633e-07
 4.60430000000000007e+02 4.61439999999999998e+02 6.37857032615867149e-05 6.63783914071523028e-07
 4.61439999999999998e+02 4.62449999999999989e+02 6.47659322147617854e-05 7.07832119150418933e-07
 4.62449999999999989e+02 4.63460000000000036e+02 6.42842488604317700e-05 6.85730960136027696e-07
 4.63460000000000036e+02 4.64470000000000027e+02 6.63218068998849933e-05 7.17497627293444487e-07
 4.64470000000000027e+02 4.65480000000000018e+02 6.67142636880767027e-05 6.93429905023677809e-07
 4.65480000000000018e+02 4.66490000000000009e+02 6.84059560917114369e-05 7.21876228392867200e-07
 4.66490000000000009e+02 4.67500000000000000e+02 6.67785888904319052e-05 7.23304014431139109e-07
 4.67500000000000000e+02 4.68509999999999991e+02 6.73719099935474506e-05 6.57646273816387079e-07
 4.68509999999999991e+02 4.69519999999999982e+02 6.75160961570478143e-05 7.77864533120521338e-07
 4.69519999999999982e+02 4.70529999999999973e+02 6.83990370278733824e-05 7.07805718206218338e-07
 4.70529999999999973e+02 4.71539999999999964e+02 6.88938753321261920e-05 6.99157115952588802e-07
 4.71539999999999964e+02 4.72550000000000011e+02 6.76970659634168161e-05 8.28201535035540895e-07
 4.72550000000000011e+02 4.73560000000000002e+02 6.84888772855778946e-05 6.84324114845757498e-07
 4.73560000000000002e+02 4.74569999999999993e+02 6.99974590465317039e-05 6.81366428986463708e-07
 4.74569999999999993e+02 4.75580000000000041e+02 7.07804283795940281e-05 7.99530049714439342e-07
 4.75580000000000041e+02 4.76590000000000032e+02 7.18141230632148654e-05 7.05578215926252265e-07
 4.76590000000000032e+02 4.77600000000000023e+02 7.25870852084188541e-05 7.89276756943741527e-07
 4.77600000000000023e+02 4.78610000000000014e+02 7.24581266502207503e-05 6.88056636513325850e-07
 4.78610000000000014e+02 4.79620000000000005e+02 7.23945553681426399e-05 6.71874252074271938e-07
 4.79620000000000005e+02 4.80629999999999995e+02 7.34012872343446372e-05 7.57612383431792602e-07
 4.80629999999999995e+02 4.81639999999999986e+02 7.35988206343315076e-05 6.76618772880512797e-07
 4.81639999999999986e+02 4.82649999999999977e+02 7.42783248314490206e-05 7.73530338666549841e-07
 4.82649999999999977e+02 4.83659999999999968e+02 7.52421146725380894e-05 7.48019873713713098e-07
 4.83659999999999968e+02 4.84669999999999959e+02 7.64595934225316892e-05 8.75985702919065447e-07
 4.84669999999999959e+02 4.85680000000000007e+02 7.60956142718413283e-05 8.04367252016081536e-07
 4.85680000000000007e+02 4.86689999999999998e+02 7.73188889190375205e-05 7.57536485791563248e-07
 4.86689999999999998e+02 4.87699999999999989e+02 7.72684791056740312e-05 7.18021346353340091e-07
 4.87699999999999989e+02 4.88710000000000036e+02 7.65603032582975145e-05 6.44412081180618357e-07
 4.88710000000000036e+02 4.89720000000000027e+02 7.79648661817641868e-05 6.94593948460349121e-07
 4.89720000000000027e+02 4.90730000000000018e+02 7.80054335772569521e-05 6.70495731951903409e-07
 4.90730000000000018e+02 4.91740000000000009e+02 8.08966941245956982e-05 8.79241952903562461e-07
 4.91740000000000009e+02 4.92750000000000000e+02 7.96271369570595731e-05 7.42703883723009222e-07
 4.92750000000000000e+02 4.93759999999999991e+02 8.13262165501140902e-05 7.14440881414168039e-07
 4.93759999999999991e+02 4.94769999999999982e+02 8.04161228887373370e-05 7.20578357137002266e-07
 4.94769999999999982e+02 4.95779999999999973e+02 8.23276570562794883e-05 7.65339918243878537e-07
 4.95779999999999973e+02 4.96789999999999964e+02 8.20727850135634948e-05 7.18530256856505573e-07
 4.96789999999999964e+02 4.97800000000000011e+02 8.31718442942275965e-05 7.47326816108781477e-07
 4.97800000000000011e+02 4.98810000000000002e+02 8.48535678190291773e-05 9.29463840411334941e-07
 4.98810000000000002e+02 4.99819999999999993e+02 8.39111037870780970e-05 7.10107183873091806e-07
 4.99819999999999993e+02 5.00830000000000041e+02 8.45946037667045706e-05 7.22098651206920531e-07
 5.00830000000000041e+02 5.01840000000000032e+02 8.60128837522902229e-05 9.77585240867846028e-07
 5.01840000000000032e+02 5.02850000000000023e+02 8.71023043647940770e-05 8.03544710070595319e-07
 5.02850000000000023e+02 5.03860000000000014e+02 8.72658233703289474e-05 6.88379304195910823e-07
 5.03860000000000014e+02 5.04870000000000005e+02 8.75278508790120689e-05 7.37807360270318249e-07
 5.04870000000000005e+02 5.05879999999999995e+02 8.86501320403208158e-05 6.89957537228745566e-07
 5.05879999999999995e+02 5.06889999999999986e+02 9.01645737850014856e-05 1.04214531625817416e-06
 5.06889999999999986e+02 5.07899999999999977e+02 9.06665078242138483e-05 7.11031369926495250e-07
 5.07899999999999977e+02 5.08909999999999968e+02 9.12100568805867097e-05 7.09023385501121555e-07
 5.08909999999999968e+02 5.09919999999999959e+02 9.13722542750277424e-05 7.29784883674322816e-07
 5.09919999999999959e+02 5.10930000000000007e+02 9.31820563156520690e-05 8.13896619349148218e-07
 5.10930000000000007e+02 5.11939999999999998e+02 9.22439886838010385e-05 6.84846909546498357e-07
 5.11939999999999998e+02 5.12950000000000045e+02 9.47670901241932332e-05 7.09554590945355551e-07
 5.12950000000000045e+02 5.13960000000000036e+02 9.51781024576334850e-05 6.97017973146140642e-07
 5.13960000000000036e+02 5.14970000000000027e+02 1.00445043632487385e-04 5.60786960681694908e-06
 5.14970000000000027e+02 5.15980000000000018e+02 9.65277551331264179e-05 7.51444082438744480e-07
 5.15980000000000018e+02 5.16990000000000009e+02 9.81850374201612310e-05 7.56890055988920109e-07
 5.16990000000000009e+02 5.18000000000000000e+02 9.91179461095298653e-05 7.09793887285390199e-07
 5.18000000000000000e+02 5.19009999999999991e+02 9.87134644567497682e-05 8.07019274706237115e-07
 5.19009999999999991e+02 5.20019999999999982e+02 1.01051138374818242e-04 7.73102925768129370e-07
 5.20019999999999982e+02 5.21029999999999973e+02 1.00495868345839439e-04 7.44404374234496419e-07
 5.21029999999999973e+02 5.22039999999999964e+02 1.00663995413940397e-04 7.13771397815256563e-07
 5.22039999999999964e+02 5.23049999999999955e+02 1.03249972867269776e-04 7.38775505258804778e-07
 5.23049999999999955e+02 5.24059999999999945e+02 1.05159435657654890e-04 7.56825915748987917e-07
 5.24059999999999945e+02 5.25069999999999936e+02 1.04307209656437410e-04 7.22050563167841234e-07
 5.25069999999999936e+02 5.26080000000000041e+02 1.06744694387104504e-04 8.28976227005464607e-07
 5.26080000000000041e+02 5.27090000000000032e+02 1.05922636298475545e-04 7.86246903111921300e-07
 5.27090000000000032e+02 5.28100000000000023e+02 1.08204826018067730e-04 8.30910235247110347e-07
 5.28100000000000023e+02 5.29110000000000014e+02 1.08869446411004751e-04 8.17713787912130137e-07
 5.29110000000000014e+02 5.30120000000000005e+02 1.10085459007966239e-04 7.68651996798914043e-07
 5.30120000000000005e+02 5.31129999999999995e+02 1.10262016635073509e-04 7.26699335837490048e-07
 5.31129999999999995e+02 5.32139999999999986e+02 1.13221002741669067e-04 1.16156649101794685e-06
 5.32139999999999986e+02 5.33149999999999977e+02 1.13445211438999985e-04 7.90724118907729249e-07
 5.33149999999999977e+02 5.34159999999999968e+02 1.14333475912555219e-04 7.49307058250996985e-07
 5.34159999999999968e+02 5.35169999999999959e+02 1.14672125852870391e-04 8.04337923243255049e-07
 5.35169999999999959e+02 5.36180000000000064e+02 1.16883063781936058e-04 8.02307408010750234e-07
 5.36180000000000064e+02 5.37190000000000055e+02 1.17979548095498163e-04 8.30012925179721414e-07
 5.37190000000000055e+02 5.38200000000000045e+02 1.17932134493977297e-04 8.63444474421861515e-07
 5.38200000000000045e+02 5.39210000000000036e+02 1.19413535791805593e-04 7.61243264947313324e-07
 5.39210000000000036e+02 5.40220000000000027e+02 1.18566308846087962e-04 8.02128121177735421e-07
 5.40220000000000027e+02 5.41230000000000018e+02 1.22212899881366351e-04 7.86021570277123846e-07
 5.41230000000000018e+02 5.42240000000000009e+02 1.23794484260304885e-04 8.61112739886181906e-07
 5.42240000000000009e+02 5.43250000000000000e+02 1.24478880358537097e-04 7.99977566018760938e-07
 5.43250000000000000e+02 5.44259999999999991e+02 1.24058724611489759e-04 8.26729363880961974e-07
 5.44259999999999991e+02 5.45269999999999982e+02 1.24348540512966832e-04 7.81592216004256332e-07
 5.45269999999999982e+02 5.46279999999999973e+02 1.27288771753615500e-04 7.80886890100410033e-07
 5.46279999999999973e+02 5.47289999999999964e+02 1.29178170102025593e-04 9.74747221408524885e-07
 5.47289999999999964e+02 5.48299999999999955e+02 1.28389208400724324e-04 8.04708731982648970e-07
 5.48299999999999955e+02 5.49309999999999945e+02 1.29791589236136180e-04 7.40807598687363845e-07
 5.49309999999999945e+02 5.50319999999999936e+02 1.33717036773421975e-04 8.70675031702078756e-07
 5.50319999999999936e+02 5.51330000000000041e+02 1.32846647930285130e-04 8.51103334363494358e-07
 5.51330000000000041e+02 5.52340000000000032e+02 1.34018996652697563e-04 8.02600851151790280e-07
 5.52340000000000032e+02 5.53350000000000023e+02 1.33993610525838194e-04 7.70410615265584781e-07
 5.53350000000000023e+02 5.54360000000000014e+02 1.39232437805007238e-04 9.37723254396829013e-07
 5.54360000000000014e+02 5.55370000000000005e+02 1.37826324526179765e-04 7.93077145793065591e-07
 5.55370000000000005e+02 5.56379999999999995e+02 1.39224794846197860e-04 9.15177575668934858e-07
 5.56379999999999995e+02 5.57389999999999986e+02 1.41062629454269536e-04 8.36664641104854555e-07
 5.57389999999999986e+02 5.58399999999999977e+02 1.40667428031057565e-04 7.81986982003015319e-07
 5.58399999999999977e+02 5.59409999999999968e+02 1.42010766387908407e-04 9.05080639901840628e-07
 5.59409999999999968e+02 5.60419999999999959e+02 1.47311413692147392e-04 1.90597698715279405e-06
 5.60419999999999959e+02 5.61430000000000064e+02 1.46962863113600360e-04 8.36850569273506335e-07
 5.61430000000000064e+02 5.62440000000000055e+02 1.47887864981660600e-04 8.11045461640451139e-07
 5.62440000000000055e+02 5.63450000000000045e+02 1.48642191711816497e-04 8.26117510199427881e-07
 5.63450000000000045e+02 5.64460000000000036e+02 1.49854117641076777e-04 8.27505905746085517e-07
 5.64460000000000036e+02 5.65470000000000027e+02 1.51398139308195584e-04 9.38263268559881613e-07
 5.65470000000000027e+02 5.66480000000000018e+02 1.52738430560172883e-04 8.14016588609351469e-07
 5.66480000000000018e+02 5.67490000000000009e+02 1.53750618208134664e-04 8.44380228679540309e-07
 5.67490000000000009e+02 5.68500000000000000e+02 1.55587725065555610e-04 9.20498080670583954e-07
 5.68500000000000000e+02 5.69509999999999991e+02 1.57234576866664618e-04 8.05497291691088438e-07
 5.69509999999999991e+02 5.70519999999999982e+02 1.59006993459217128e-04 8.42143836184963661e-07
 5.70519999999999982e+02 5.71529999999999973e+02 1.58960874569177531e-04 1.09276163145660157e-06
 5.71529999999999973e+02 5.72539999999999964e+02 1.58968321513362212e-04 7.86478936655241968e-07
 5.72539999999999964e+02 5.73549999999999955e+02 1.63697391523793856e-04 8.69433090919269356e-07
 5.73549999999999955e+02 5.74559999999999945e+02 1.69455014664560849e-04 5.12760899646498282e-06
 5.74559999999999945e+02 5.75569999999999936e+02 1.65710706688824874e-04 8.61754791019712640e-07
 5.75569999999999936e+02 5.76579999999999927e+02 1.67224809653861042e-04 8.26886958863396874e-07
 5.76579999999999927e+02 5.77589999999999918e+02 1.69502661393571886e-04 1.27931204278030478e-06
 5.77589999999999918e+02 5.78600000000000023e+02 1.70529367507794264e-04 1.04839156261319307e-06
 5.78600000000000023e+02 5.79610000000000014e+02 1.70787850454080900e-04 8.01260654200617166e-07
 5.79610000000000014e+02 5.80620000000000005e+02 1.72678607224886966e-04 9.15803825705644924e-07
 5.80620000000000005e+02 5.81629999999999995e+02 1.75451337803488440e-04 8.22353760763986802e-07
 5.81629999999999995e+02 5.82639999999999986e+02 1.77098898143983465e-04 9.12484641751743570e-07
 5.82639999999999986e+02 5.83649999999999977e+02 1.79088086151009466e-04 8.77357998515894370e-07
 5.83649999999999977e+02 5.84660000000000082e+02 1.80197945839582542e-04 8.52502085813265804e-07
 5.84660000000000082e+02 5.85670000000000073e+02 1.81410877592049933e-04 9.43417966569556065e-07
 5.85670000000000073e+02 5.86680000000000064e+02 1.83017357856020641e-04 8.38106353672715933e-07
 5.86680000000000064e+02 5.87690000000000055e+02 1.85461639416147842e-04 9.03681530497594528e-07
 5.87690000000000055e+02 5.88700000000000045e+02 1.86666465996911975e-04 9.50926957046580597e-07
 5.88700000000000045e+02 5.89710000000000036e+02 1.89535663064322531e-04 9.66861767228043419e-07
 5.89710000000000036e+02 5.90720000000000027e+02 1.89993144500048573e-04 9.04169679822992964e-07
 5.90720000000000027e+02 5.91730000000000018e+02 1.91835442348801559e-04 9.63348767928093293e-07
 5.91730000000000018e+02 5.92740000000000009e+02 1.93534286754159542e-04 8.95467361619560681e-07
 5.92740000000000009e+02 5.93750000000000000e+02 1.96208841636326159e-04 8.84106645472498694e-07
 5.93750000000000000e+02 5.94759999999999991e+02 2.00158904755393005e-04 1.08907800621817380e-06
 5.94759999999999991e+02 5.95769999999999982e+02 2.00555203128395255e-04 9.40761272917712205e-07
 5.95769999999999982e+02 5.96779999999999973e+02 2.01657456717616035e-04 8.99855078482874688e-07
 5.96779999999999973e+02 5.97789999999999964e+02 2.03676428214827766e-04 8.75591207709250126e-07
 5.97789999999999964e+02 5.98799999999999955e+02 2.08006391538008667e-04 2.08111219966556648e-06
 5.98799999999999955e+02 5.99809999999999945e+02 2.06617509071671106e-04 9.40609979509327403e-07
 5.99809999999999945e+02 6.00819999999999936e+02 2.10083528040852269e-04 1.24610702592834577e-06
 6.00819999999999936e+02 6.01829999999999927e+02 2.11702486105146994e-04 1.12887672724997707e-06
 6.01829999999999927e+02 6.02839999999999918e+02 2.14165866510722787e-04 9.31157768297237293e-07
 6.02839999999999918e+02 6.03850000000000023e+02 2.16105192711270734e-04 9.33574423623109324e-07
 6.03850000000000023e+02 6.04860000000000014e+02 2.17528918127452031e-04 1.02844216487614550e-06
 6.04860000000000014e+02 6.05870000000000005e+02 2.21841404580923362e-04 1.21416467113208337e-06
 6.05870000000000005e+02 6.06879999999999995e+02 2.21791846263945684e-04 9.71278163923738775e-07
 6.06879999999999995e+02 6.07889999999999986e+02 2.24916249721796897e-04 9.46504002871746692e-07
 6.07889999999999986e+02 6.08899999999999977e+02 2.25405379925043819e-04 9.38823475604381451e-07
 6.08899999999999977e+02 6.09910000000000082e+02 2.30461813621839066e-04 9.52601906007464821e-07
 6.09910000000000082e+02 6.10920000000000073e+02 2.32728918422982060e-04 9.87914536673383676e-07
 6.10920000000000073e+02 6.11930000000000064e+02 2.34769372930775821e-04 9.20716692235364323e-07
 6.11930000000000064e+02 6.12940000000000055e+02 2.36661454099625676e-04 1.01873679945108174e-06
 6.12940000000000055e+02 6.13950000000000045e+02 2.37288475728939337e-04 9.31074048430775286e-07
 6.13950000000000045e+02 6.14960000000000036e+02 2.40040944852744966e-04 1.14282282387525480e-06
 6.14960000000000036e+02 6.15970000000000027e+02 2.43394800090216405e-04 9.22870447642999265e-07
 6.15970000000000027e+02 6.16980000000000018e+02 2.44270448891098816e-04 9.90868674574181809e-07
 6.16980000000000018e+02 6.17990000000000009e+02 2.47664196872451371e-04 9.56640826944187997e-07
 6.17990000000000009e+02 6.19000000000000000e+02 2.50861446838147276e-04 1.01128594326598963e-06
 6.19000000000000000e+02 6.20009999999999991e+02 2.51049388090819722e-04 9.68819716382425097e-07
 6.20009999999999991e+02 6.21019999999999982e+02 2.55526059527674246e-04 1.00869596470765256e-06
 6.21019999999999982e+02 6.22029999999999973e+02 2.58731841777847622e-04 1.05083792372536195e-06
 6.22029999999999973e+02 6.23039999999999964e+02 2.61126615558582385e-04 1.02197994589944894e-06
 6.23039999999999964e+02 6.24049999999999955e+02 2.62484091377511897e-04 1.02585248765286072e-06
 6.24049999999999955e+02 6.25059999999999945e+02 2.64306793602775956e-04 9.93345900696392731e-07
 6.25059999999999945e+02 6.26069999999999936e+02 2.67108359981921176e-04 1.03911021490059436e-06
 6.26069999999999936e+02 6.27079999999999927e+02 2.68269082083997059e-04 9.79399789415334424e-07
 6.27079999999999927e+02 6.28089999999999918e+02 2.73080091524950089e-04 1.05911283095009262e-06
 6.28089999999999918e+02 6.29100000000000023e+02 2.75452010836972085e-04 9.67762181318116143e-07
 6.29100000000000023e+02 6.30110000000000014e+02 2.77875717514095358e-04 1.02845277431097013e-06
 6.30110000000000014e+02 6.31120000000000005e+02 2.80661976910558011e-04 1.03461461214782406e-06
 6.31120000000000005e+02 6.32129999999999995e+02 2.82352905086863891e-04 1.00018156496484423e-06
 6.32129999999999995e+02 6.33139999999999986e+02 2.85325018095463126e-04 9.99300970563497595e-07
 6.33139999999999986e+02 6.34149999999999977e+02 2.89776717893924535e-04 1.51334127979596841e-06
 6.34149999999999977e+02 6.35160000000000082e+02 2.89694220601503869e-04 9.69659897907770833e-07
 6.35160000000000082e+02 6.36170000000000073e+02 2.92635065698035465e-04 1.02151434771435936e-06
 6.36170000000000073e+02 6.37180000000000064e+02 2.96089831051407572e-04 1.17206281847980793e-06
 6.37180000000000064e+02 6.38190000000000055e+02 2.95834795134243848e-04 1.00168922442598786e-06
 6.38190000000000055e+02 6.39200000000000045e+02 2.97269277607256101e-04 1.01495877139302548e-06
 6.39200000000000045e+02 6.40210000000000036e+02 3.00531593081792647e-04 1.05514611785446944e-06
 6.40210000000000036e+02 6.41220000000000027e+02 3.03800555211708760e-04 1.51676851767361530e-06
 6.41220000000000027e+02 6.42230000000000018e+02 3.05786701429972972e-04 1.04524577763020871e-06
 6.42230000000000018e+02 6.43240000000000009e+02 3.07079317109852840e-04 9.98580208078387022e-07
 6.43240000000000009e+02 6.44250000000000000e+02 3.09767179038325470e-04 1.03273508936111068e-06
 6.44250000000000000e+02 6.45259999999999991e+02 3.11524956080684655e-04 1.25588931272390559e-06
 6.45259999999999991e+02 6.46269999999999982e+02 3.12074170922401416e-04 1.00714172719020858e-06
 6.46269999999999982e+02 6.47279999999999973e+02 3.15449430117411178e-04 1.01923646295387159e-06
 6.47279999999999973e+02 6.48289999999999964e+02 3.18296410945014810e-04 1.07036112313489387e-06
 6.48289999999999964e+02 6.49299999999999955e+02 3.19482711618361841e-04 1.05637198840219812e-06
 6.49299999999999955e+02 6.50309999999999945e+02 3.21564604981842061e-04 1.08203654365757738e-06
 6.50309999999999945e+02 6.51319999999999936e+02 3.23591047882080813e-04 1.09273571796871792e-06
 6.51319999999999936e+02 6.52329999999999927e+02 3.24761710987511720e-04 1.09325945089122673e-06
 6.52329999999999927e+02 6.53339999999999918e+02 3.25150906377210118e-04 1.01200481895666116e-06
 6.53339999999999918e+02 6.54350000000000023e+02 3.29304478568690309e-04 1.02802153625522959e-06
 6.54350000000000023e+02 6.55360000000000014e+02 3.31523355404349305e-04 1.13173575071909369e-06
 6.55360000000000014e+02 6.56370000000000005e+02 3.34189785001130215e-04 1.01345913664845360e-06
 6.56370000000000005e+02 6.57379999999999995e+02 3.35846218714221263e-04 1.03661654660244312e-06
 6.57379999999999995e+02 6.58389999999999986e+02 3.38648389504168543e-04 1.06426730144188776e-06
 6.58389999999999986e+02 6.59399999999999977e+02 3.41065510737573370e-04 1.07464685946839407e-06
 6.59399999999999977e+02 6.60410000000000082e+02 3.41042318841523393e-04 1.03943570217254365e-06
 6.60410000000000082e+02 6.61420000000000073e+02 3.43731617278029858e-04 1.07381931965154355e-06
 6.61420000000000073e+02 6.62430000000000064e+02 3.43487346176704991e-04 1.08046896197392741e-06
 6.62430000000000064e+02 6.63440000000000055e+02 3.46850662648736177e-04 1.05114673318119072e-06
 6.63440000000000055e+02 6.64450000000000045e+02 3.49817150279656004e-04 1.08506611600501899e-06
 6.64450000000000045e+02 6.65460000000000036e+02 3.51581511686142737e-04 1.07329247790361950e-06
 6.65460000000000036e+02 6.66470000000000027e+02 3.51195516341710221e-04 1.07825938815805145e-06
 6.66470000000000027e+02 6.67480000000000018e+02 3.53506797890185142e-04 1.18697147279453711e-06
 6.67480000000000018e+02 6.68490000000000009e+02 3.56802132961480073e-04 1.27502540644343224e-06
 6.68490000000000009e+02 6.69500000000000000e+02 3.59032154894130468e-04 1.13986169550909745e-06
 6.69500000000000000e+02 6.70509999999999991e+02 3.61039453498708648e-04 1.09705754579518404e-06
 6.70509999999999991e+02 6.71519999999999982e+02 3.65166077161879147e-04 1.09518045351338544e-06
 6.71519999999999982e+02 6.72529999999999973e+02 3.65532880345014724e-04 1.11407966126454964e-06
 6.72529999999999973e+02 6.73539999999999964e+02 3.68018935732369044e-04 1.51878900017874204e-06
 6.73539999999999964e+02 6.74549999999999955e+02 3.70058424281238818e-04 1.10817103938545411e-06
 6.74549999999999955e+02 6.75559999999999945e+02 3.69829202255077174e-04 1.06739219436227302e-06
 6.75559999999999945e+02 6.76569999999999936e+02 3.74663202198514348e-04 1.28161068251855011e-06
 6.76569999999999936e+02 6.77579999999999927e+02 3.77503861820029790e-04 1.09319165447094246e-06
 6.77579999999999927e+02 6.78589999999999918e+02 3.76320760370721819e-04 1.06276571062047549e-06
 6.78589999999999918e+02 6.79600000000000023e+02 3.77419990995905548e-04 1.05770781328448525e-06
 6.79600000000000023e+02 6.80610000000000014e+02 3.82811051898092314e-04 1.63071580128442132e-06
 6.80610000000000014e+02 6.81620000000000005e+02 3.83745782962916621e-04 1.08706517292068036e-06
 6.81620000000000005e+02 6.82629999999999995e+02 3.86448145992638020e-04 1.19784950144705921e-06
 6.82629999999999995e+02 6.83639999999999986e+02 3.85397178814226931e-04 1.07090408972311679e-06
 6.83639999999999986e+02 6.84649999999999977e+02 3.91589835405215620e-04 1.14037210128386492e-06
 6.84649999999999977e+02 6.85660000000000082e+02 3.91222244224624671e-04 1.14562979474786865e-06
 6.85660000000000082e+02 6.86670000000000073e+02 3.93501723733322227e-04 1.07751780216075716e-06
 6.86670000000000073e+02 6.87680000000000064e+02 3.96190516847621003e-04 1.10791137347266183e-06
 6.87680000000000064e+02 6.88690000000000055e+02 3.99587301780767172e-04 1.39775519492651161e-06
 6.88690000000000055e+02 6.89700000000000045e+02 4.02597647462048312e-04 1.17181033960163974e-06
 6.89700000000000045e+02 6.90710000000000036e+02 4.04224518673085178e-04 1.15199963133662591e-06
 6.90710000000000036e+02 6.91720000000000027e+02 4.04996045342448515e-04 1.14109163949667071e-06
 6.91720000000000027e+02 6.92730000000000018e+02 4.09531869319692762e-04 1.19572761595515962e-06
 6.92730000000000018e+02 6.93740000000000009e+02 4.11722062855535880e-04 1.10774083683012141e-06
 6.93740000000000009e+02 6.94750000000000000e+02 4.13747692121752171e-04 1.23598254027368808e-06
 6.94750000000000000e+02 6.95759999999999991e+02 4.15337103738149037e-04 1.24163502997590733e-06
 6.95759999999999991e+02 6.96769999999999982e+02 4.17792581601634583e-04 2.68700219818292735e-06
 6.96769999999999982e+02 6.97779999999999973e+02 4.19225365863673354e-04 1.10957778713877061e-06
 6.97779999999999973e+02 6.98789999999999964e+02 4.23187327584919801e-04 1.14565395332866957e-06
 6.98789999999999964e+02 6.99799999999999955e+02 4.24917814727641496e-04 1.18176076531081910e-06
 6.99799999999999955e+02 7.00809999999999945e+02 4.25995299104180961e-04 1.13748586919672425e-06
 7.00809999999999945e+02 7.01819999999999936e+02 4.29366470089164950e-04 1.16469910568529230e-06
 7.01819999999999936e+02 7.02829999999999927e+02 4.33244925863780989e-04 1.17338048487570988e-06
 7.02829999999999927e+02 7.03839999999999918e+02 4.35223682924383104e-04 1.09329343179710689e-06
 7.03839999999999918e+02 7.04850000000000023e+02 4.38246481106507164e-04 1.13237720084559536e-06
 7.04850000000000023e+02 7.05860000000000014e+02 4.38164975683708253e-04 1.13984940720716673e-06
 7.05860000000000014e+02 7.06870000000000005e+02 4.43063637165311557e-04 1.15156184448085445e-06
 7.06870000000000005e+02 7.07879999999999995e+02 4.44478869802546011e-04 1.19572230967729790e-06
 7.07879999999999995e+02 7.08889999999999986e+02 4.45174387445979817e-04 1.25200072980954945e-06
 7.08889999999999986e+02 7.09899999999999977e+02 4.47650497065890901e-04 1.14958770580386576e-06
 7.09899999999999977e+02 7.10910000000000082e+02 4.50646062341625916e-04 1.22745176498575772e-06
 7.10910000000000082e+02 7.11920000000000073e+02 4.52462449498195981e-04 1.20454025402063243e-06
 7.11920000000000073e+02 7.12930000000000064e+02 4.55506934254765183e-04 1.20747722364971805e-06
 7.12930000000000064e+02 7.13940000000000055e+02 4.61782204111312370e-04 1.18844197681487316e-06
 7.13940000000000055e+02 7.14950000000000045e+02 4.60976808516372490e-04 1.30284190219633271e-06
 7.14950000000000045e+02 7.15960000000000036e+02 4.62942288717514293e-04 1.15497852056791395e-06
 7.15960000000000036e+02 7.16970000000000027e+02 4.67643894460597557e-04 1.19511924058497018e-06
 7.16970000000000027e+02 7.17980000000000018e+02 4.71951834680515590e-04 1.24034370822345953e-06
 7.17980000000000018e+02 7.18990000000000009e+02 4.74108092381377391e-04 1.48429402555330114e-06
 7.18990000000000009e+02 7.20000000000000000e+02 4.76014243294957612e-04 1.20039721995355533e-06
 7.20000000000000000e+02 7.21009999999999991e+02 4.77663554483577241e-04 1.20284548173430246e-06
 7.21009999999999991e+02 7.22019999999999982e+02 4.80417127126036713e-04 1.17769951337986166e-06
 7.22019999999999982e+02 7.23029999999999973e+02 4.85115100059415065e-04 1.24145614909266854e-06
 7.23029999999999973e+02 7.24039999999999964e+02 4.88227374255744871e-04 1.29800365334146791e-06
 7.24039999999999964e+02 7.25049999999999955e+02 4.89687372664833714e-04 1.21901383163906326e-06
 7.25049999999999955e+02 7.26059999999999945e+02 4.91766710905517973e-04 1.25392683218754273e-06
 7.26059999999999945e+02 7.27069999999999936e+02 4.95305193307473356e-04 1.18762861658532847e-06
 7.27069999999999936e+02 7.28079999999999927e+02 4.97689201942979210e-04 1.25151043194397993e-06
 7.28079999999999927e+02 7.29089999999999918e+02 5.02731120860091759e-04 1.39304889458829335e-06
 7.29089999999999918e+02 7.30100000000000023e+02 5.03950908542202813e-04 1.25551007805330359e-06
 7.30100000000000023e+02 7.31110000000000014e+02 5.07764026844497503e-04 1.25137465513521935e-06
 7.31110000000000014e+02 7.32120000000000005e+02 5.07925500795272113e-04 1.20394824412613603e-06
 7.32120000000000005e+02 7.33129999999999995e+02 5.16712539767600525e-04 1.43517611082044097e-06
 7.33129999999999995e+02 7.34139999999999986e+02 5.15061490764573329e-04 1.24116310129604411e-06
 7.34139999999999986e+02 7.35149999999999977e+02 5.19334058531031244e-04 1.31570946868791230e-06
 7.35149999999999977e+02 7.36160000000000082e+02 5.21618336293388704e-04 1.26584628357416328e-06
 7.36160000000000082e+02 7.37170000000000073e+02 5.26441450603173694e-04 1.97284090482804387e-06
 7.37170000000000073e+02 7.38180000000000064e+02 5.29928718917412620e-04 1.23837144334136077e-06
 7.38180000000000064e+02 7.39190000000000055e+02 5.31039436279231677e-04 1.26675267359625110e-06
 7.39190000000000055e+02 7.40200000000000045e+02 5.34526516094705069e-04 1.27683628546116964e-06
 7.40200000000000045e+02 7.41210000000000036e+02 5.35808510826315848e-04 1.26532093196793567e-06
 7.41210000000000036e+02 7.42220000000000027e+02 5.41213168519863886e-04 1.31396498289171506e-06
 7.42220000000000027e+02 7.43230000000000018e+02 5.41209906448622395e-04 1.23290261516171547e-06
 7.43230000000000018e+02 7.44240000000000009e+02 5.46833024703730422e-04 1.22895172237294374e-06
 7.44240000000000009e+02 7.45250000000000000e+02 5.50233754451736126e-04 1.35290894587252816e-06
 7.45250000000000000e+02 7.46259999999999991e+02 5.56119844161655284e-04 1.36883448823282213e-06
 7.46259999999999991e+02 7.47269999999999982e+02 5.57273714835258751e-04 1.41066643255545720e-06
 7.47269999999999982e+02 7.48279999999999973e+02 5.61430646788471763e-04 1.32942022845295556e-06
 7.48279999999999973e+02 7.49289999999999964e+02 5.63795478821520592e-04 1.32985385165198133e-06
 7.49289999999999964e+02 7.50299999999999955e+02 5.65689258524975703e-04 1.31157740625330823e-06
 7.50299999999999955e+02 7.51309999999999945e+02 5.67510755208840254e-04 1.30626252729061765e-06
 7.51309999999999945e+02 7.52319999999999936e+02 5.77257946743263612e-04 2.55906102468245048e-06
 7.52319999999999936e+02 7.53329999999999927e+02 5.78621337552457640e-04 1.28558906671569727e-06
 7.53329999999999927e+02 7.54339999999999918e+02 5.81074523102346921e-04 1.50163205758911023e-06
 7.54339999999999918e+02 7.55350000000000023e+02 5.84660050464742387e-04 1.28853810819745904e-06
 7.55350000000000023e+02 7.56360000000000014e+02 5.88717580997336174e-04 1.29741822898368383e-06
 7.56360000000000014e+02 7.57370000000000005e+02 5.93717420806515943e-04 1.31120671272528788e-06
 7.57370000000000005e+02 7.58379999999999995e+02 5.91995652931972920e-04 1.33210272187995727e-06
 7.58379999999999995e+02 7.59389999999999986e+02 5.98381589086189052e-04 1.46151135590652950e-06
 7.59389999999999986e+02 7.60399999999999977e+02 6.02057216172421027e-04 1.40309497010235178e-06
 7.60399999999999977e+02 7.61410000000000082e+02 6.04145669332983729e-04 1.30135143656844673e-06
 7.61410000000000082e+02 7.62420000000000073e+02 6.08628304036789723e-04 1.36724252526204320e-06
 7.62420000000000073e+02 7.63430000000000064e+02 6.15846098557919826e-04 1.38538082310818633e-06
 7.63430000000000064e+02 7.64440000000000055e+02 6.18289006324559639e-04 1.29917616299714616e-06
 7.64440000000000055e+02 7.65450000000000045e+02 6.22206385495170980e-04 1.42205516384192808e-06
 7.65450000000000045e+02 7.66460000000000036e+02 6.22681858458868048e-04 1.36675433179662794e-06
 7.66460000000000036e+02 7.67470000000000027e+02 6.28393491184938411e-04 1.35579924296756638e-06
 7.67470000000000027e+02 7.68480000000000018e+02 6.32591197027630920e-04 1.50157567291853799e-06
 7.68480000000000018e+02 7.69490000000000009e+02 6.36134014715592031e-04 1.40180363222603277e-06
 7.69490000000000009e+02 7.70500000000000000e+02 6.41806499522596329e-04 1.32395148688074055e-06
 7.70500000000000000e+02 7.71509999999999991e+02 6.43580198784600476e-04 1.38273600668847163e-06
 7.71509999999999991e+02 7.72519999999999982e+02 6.48353265698422957e-04 1.34477640756343307e-06
 7.72519999999999982e+02 7.73529999999999973e+02 6.54288473453337890e-04 1.36579370566118634e-06
 7.73529999999999973e+02 7.74539999999999964e+02 6.56905389323425982e-04 1.38701260414494428e-06
 7.74539999999999964e+02 7.75549999999999955e+02 6.61202388763956739e-04 1.40804145400194641e-06
 7.75549999999999955e+02 7.76559999999999945e+02 6.65441870107695652e-04 1.42438563389452561e-06
 7.76559999999999945e+02 7.77569999999999936e+02 6.70509513372591847e-04 1.37981223162409929e-06
 7.77569999999999936e+02 7.78579999999999927e+02 6.73041880190203799e-04 1.38232188139790617e-06
 7.78579999999999927e+02 7.79589999999999918e+02 6.79473020594330594e-04 1.38530016723592490e-06
 7.79589999999999918e+02 7.80600000000000023e+02 6.80531670517591598e-04 1.37488578702115143e-06
 7.80600000000000023e+02 7.81610000000000014e+02 6.86296744789943779e-04 1.42431541736503836e-06
 7.81610000000000014e+02 7.82620000000000005e+02 6.89792650704611557e-04 1.46347914977558837e-06
 7.82620000000000005e+02 7.83629999999999995e+02 6.96744122676157219e-04 1.39872825035766139e-06
 7.83629999999999995e+02 7.84639999999999986e+02 7.02676125492030131e-04 1.46114751124926184e-06
 7.84639999999999986e+02 7.85649999999999977e+02 7.04791267580379696e-04 1.57734710686940956e-06
 7.85649999999999977e+02 7.86660000000000082e+02 7.07534933788621411e-04 1.44997914186901210e-06
 7.86660000000000082e+02 7.87670000000000073e+02 7.11057299843581136e-04 1.40920754454719963e-06
 7.87670000000000073e+02 7.88680000000000064e+02 7.16120134045392402e-04 1.45278040585832332e-06
 7.88680000000000064e+02 7.89690000000000055e+02 7.23653569082177098e-04 1.48380766696927055e-06
 7.89690000000000055e+02 7.90700000000000045e+02 7.27673754153767183e-04 1.52480122067200669e-06
 7.90700000000000045e+02 7.91710000000000036e+02 7.33472357800138246e-04 1.47677405319134325e-06
 7.91710000000000036e+02 7.92720000000000027e+02 7.38447906362475781e-04 1.44348107764053806e-06
 7.92720000000000027e+02 7.93730000000000018e+02 7.40255687491042928e-04 1.46492484702193580e-06
 7.93730000000000018e+02 7.94740000000000009e+02 7.44168118568905150e-04 1.49122349555371434e-06
 7.94740000000000009e+02 7.95750000000000000e+02 7.54598366685771578e-04 1.44992171387671189e-06
 7.95750000000000000e+02 7.96759999999999991e+02 7.58549809266029912e-04 1.81730596558705851e-06
 7.96759999999999991e+02 7.97769999999999982e+02 7.63209531251377786e-04 1.53559599239983749e-06
 7.97769999999999982e+02 7.98779999999999973e+02 7.65180316068954608e-04 1.61546050540913578e-06
 7.98779999999999973e+02 7.99789999999999964e+02 7.71343296471727557e-04 1.49496513593008657e-06
 7.99789999999999964e+02 8.00799999999999955e+02 7.78130359345374561e-04 1.66276234471068328e-06
 8.00799999999999955e+02 8.01809999999999945e+02 7.82260710539244854e-04 1.59567782701727795e-06
 8.01809999999999945e+02 8.02819999999999936e+02 7.85990466093499382e-04 1.48014170782548148e-06
 8.02819999999999936e+02 8.03829999999999927e+02 7.92781649844561623e-04 1.52377110374541697e-06
 8.03829999999999927e+02 8.04839999999999918e+02 7.97766900928869259e-04 1.59222834338810582e-06
 8.04839999999999918e+02 8.05850000000000023e+02 8.03461452568830824e-04 1.49221587452939228e-06
 8.05850000000000023e+02 8.06860000000000014e+02 8.08572786232228868e-04 1.73505877200104743e-06
 8.06860000000000014e+02 8.07870000000000005e+02 8.13977595672295143e-04 1.59995427246523821e-06
 8.07870000000000005e+02 8.08879999999999995e+02 8.20071848531564473e-04 1.51742283046823377e-06
 8.08879999999999995e+02 8.09889999999999986e+02 8.22724290332017805e-04 1.52929478046985831e-06
 8.09889999999999986e+02 8.10899999999999977e+02 8.30856032405301033e-04 1.57373677046133188e-06
 8.10899999999999977e+02 8.11910000000000082e+02 8.35525583536304611e-04 1.50681021165386116e-06
 8.11910000000000082e+02 8.12920000000000073e+02 8.43644903077273283e-04 1.62737626041280589e-06
 8.12920000000000073e+02 8.13930000000000064e+02 8.47707817319974348e-04 1.59350838881873867e-06
 8.13930000000000064e+02 8.14940000000000055e+02 8.52213589609159992e-04 1.64740583800142629e-06
 8.14940000000000055e+02 8.15950000000000045e+02 8.60756930075972575e-04 1.64628734367885514e-06
 8.15950000000000045e+02 8.16960000000000036e+02 8.64418896010970216e-04 1.59909682095298255e-06
 8.16960000000000036e+02 8.17970000000000027e+02 8.72350047379013616e-04 1.59598831093632885e-06
 8.17970000000000027e+02 8.18980000000000018e+02 8.78110297159847056e-04 1.69729219405684871e-06
 8.18980000000000018e+02 8.19990000000000009e+02 8.81866967237760185e-04 1.55987510241717959e-06
 8.19990000000000009e+02 8.21000000000000000e+02 8.88807349521620986e-04 1.61541531203175747e-06
 8.21000000000000000e+02 8.22009999999999991e+02 8.94393695234558779e-04 1.57387939095171380e-06
 8.22009999999999991e+02 8.23019999999999982e+02 9.06252705175544771e-04 2.29301886498362986e-06
 8.23019999999999982e+02 8.24029999999999973e+02 9.10847750654225413e-04 1.79073273539931919e-06
 8.24029999999999973e+02 8.25039999999999964e+02 9.13401846987488600e-04 1.59081267006712195e-06
 8.25039999999999964e+02 8.26049999999999955e+02 9.23071345959212150e-04 1.69517480762326471e-06
 8.26049999999999955e+02 8.27059999999999945e+02 9.26703516645188620e-04 1.62491680329464165e-06
 8.27059999999999945e+02 8.28070000000000050e+02 9.31918339257935551e-04 1.60477285288766391e-06
 8.28070000000000050e+02 8.29080000000000041e+02 9.40307475617250155e-04 1.59530278860349928e-06
 8.29080000000000041e+02 8.30090000000000032e+02 9.46777314584801234e-04 1.63569068126276808e-06
 8.30090000000000032e+02 8.31100000000000023e+02 9.52654689103856812e-04 1.71294369106956844e-06
 8.31100000000000023e+02 8.32110000000000014e+02 9.60567144614979341e-04 1.70141979679668547e-06
 8.32110000000000014e+02 8.33120000000000005e+02 9.70193715588410412e-04 1.67975398068787347e-06
 8.33120000000000005e+02 8.34129999999999995e+02 9.78398952566211138e-04 2.19252377791534947e-06
 8.34129999999999995e+02 8.35139999999999986e+02 9.82968772023768995e-04 1.69540549012052782e-06
 8.35139999999999986e+02 8.36149999999999977e+02 9.90105148727047626e-04 1.80860981172992857e-06
 8.36149999999999977e+02 8.37159999999999968e+02 9.95727162686348404e-04 1.66814246508934710e-06
 8.37159999999999968e+02 8.38169999999999959e+02 1.00484241143315397e-03 1.68075097570378824e-06
 8.38169999999999959e+02 8.39179999999999950e+02 1.01293690841600245e-03 1.62664032196492242e-06
 8.39179999999999950e+02 8.40190000000000055e+02 1.02167597007855426e-03 1.70101579272673077e-06
 8.40190000000000055e+02 8.41200000000000045e+02 1.02473951667670553e-03 1.70412983120629829e-06
 8.41200000000000045e+02 8.42210000000000036e+02 1.03609224179145466e-03 1.72361025037532053e-06
 8.42210000000000036e+02 8.43220000000000027e+02 1.04262172087808713e-03 1.77211881016874780e-06
 8.43220000000000027e+02 8.44230000000000018e+02 1.05393136762855361e-03 1.79163588037119467e-06
 8.44230000000000018e+02 8.45240000000000009e+02 1.06212338660013005e-03 1.83965844879541770e-06
 8.45240000000000009e+02 8.46250000000000000e+02 1.06768399533125453e-03 2.93525492800600595e-06
 8.46250000000000000e+02 8.47259999999999991e+02 1.07464975843001064e-03 2.02717787280735034e-06
 8.47259999999999991e+02 8.48269999999999982e+02 1.08625063759293415e-03 1.87307978290402370e-06
 8.48269999999999982e+02 8.49279999999999973e+02 1.08989254752638997e-03 2.01958719506706038e-06
 8.49279999999999973e+02 8.50289999999999964e+02 1.10156625503203261e-03 1.85229375491066655e-06
 8.50289999999999964e+02 8.51299999999999955e+02 1.10815999815891625e-03 1.84258102179120884e-06
 8.51299999999999955e+02 8.52309999999999945e+02 1.11845489037605572e-03 1.78186029278600020e-06
 8.52309999999999945e+02 8.53320000000000050e+02 1.12757847426200007e-03 1.79213506412673550e-06
 8.53320000000000050e+02 8.54330000000000041e+02 1.12887735731165262e-03 1.83800457017753226e-06
 8.54330000000000041e+02 8.55340000000000032e+02 1.14648838013719405e-03 2.35498751247415964e-06
 8.55340000000000032e+02 8.56350000000000023e+02 1.14820997515106046e-03 1.81667987195567302e-06
 8.56350000000000023e+02 8.57360000000000014e+02 1.16128069630673536e-03 2.00284076947371894e-06
 8.57360000000000014e+02 8.58370000000000005e+02 1.17198492477508013e-03 1.90203151848881080e-06
 8.58370000000000005e+02 8.59379999999999995e+02 1.18159891078046197e-03 2.07292028545837515e-06
 8.59379999999999995e+02 8.60389999999999986e+02 1.18921067120627958e-03 1.79106529768247382e-06
 8.60389999999999986e+02 8.61399999999999977e+02 1.20317886269614180e-03 1.90851918926836721e-06
 8.61399999999999977e+02 8.62409999999999968e+02 1.20954323417653666e-03 1.82651455737858474e-06
 8.62409999999999968e+02 8.63419999999999959e+02 1.21785094877944903e-03 1.87818456333367008e-06
 8.63419999999999959e+02 8.64429999999999950e+02 1.22718700825569325e-03 1.89071918290260157e-06
 8.64429999999999950e+02 8.65440000000000055e+02 1.23738183180917218e-03 1.92530808882979257e-06
 8.65440000000000055e+02 8.66450000000000045e+02 1.24991303870043246e-03 1.89524192306060373e-06
 8.66450000000000045e+02 8.67460000000000036e+02 1.26219815744860252e-03 1.87473728204331023e-06
 8.67460000000000036e+02 8.68470000000000027e+02 1.26880050935749850e-03 2.00754939625723404e-06
 8.68470000000000027e+02 8.69480000000000018e+02 1.28387147291381945e-03 2.18862791346009435e-06
 8.69480000000000018e+02 8.70490000000000009e+02 1.29507595154653311e-03 2.09938260085294455e-06
 8.70490000000000009e+02 8.71500000000000000e+02 1.30352641195136901e-03 2.08803934404323230e-06
 8.71500000000000000e+02 8.72509999999999991e+02 1.31296619074310604e-03 1.98856903563286566e-06
 8.72509999999999991e+02 8.73519999999999982e+02 1.32522534323095925e-03 1.93153791442356576e-06
 8.73519999999999982e+02 8.74529999999999973e+02 1.33625590547989934e-03 2.34522111996009624e-06
 8.74529999999999973e+02 8.75539999999999964e+02 1.34526667534553136e-03 2.01243545315474631e-06
 8.75539999999999964e+02 8.76549999999999955e+02 1.35856859003602036e-03 1.98413412245905468e-06
 8.76549999999999955e+02 8.77559999999999945e+02 1.37092988646678984e-03 2.07771099342552563e-06
 8.77559999999999945e+02 8.78570000000000050e+02 1.38353141182775215e-03 2.18707759424333269e-06
 8.78570000000000050e+02 8.79580000000000041e+02 1.39699750129607938e-03 2.09379868017387770e-06
 8.79580000000000041e+02 8.80590000000000032e+02 1.40666540905506443e-03 2.14750031682683382e-06
 8.80590000000000032e+02 8.81600000000000023e+02 1.42140897260970055e-03 2.11125478861731074e-06
 8.81600000000000023e+02 8.82610000000000014e+02 1.42781313408213645e-03 2.13788211863247996e-06
 8.82610000000000014e+02 8.83620000000000005e+02 1.44116222433879966e-03 2.09302709681413985e-06
 8.83620000000000005e+02 8.84629999999999995e+02 1.45663231331990325e-03 2.21602032289695735e-06
 8.84629999999999995e+02 8.85639999999999986e+02 1.47202552661850235e-03 2.12753637353595002e-06
 8.85639999999999986e+02 8.86649999999999977e+02 1.48333618984723106e-03 2.33900049136572781e-06
 8.86649999999999977e+02 8.87659999999999968e+02 1.49643959964764189e-03 2.26041562278947676e-06
 8.87659999999999968e+02 8.88669999999999959e+02 1.50940862896831716e-03 2.31856164256537766e-06
 8.88669999999999959e+02 8.89679999999999950e+02 1.52677361954018818e-03 2.10948868528507933e-06
 8.89679999999999950e+02 8.90690000000000055e+02 1.53526172457319680e-03 2.20541137073557150e-06
 8.90690000000000055e+02 8.91700000000000045e+02 1.55039695948373541e-03 2.20501570624589755e-06
 8.91700000000000045e+02 8.92710000000000036e+02 1.56683874794246759e-03 2.20138038907319351e-06
 8.92710000000000036e+02 8.93720000000000027e+02 1.58736655803647466e-03 4.13330724767620463e-06
 8.93720000000000027e+02 8.94730000000000018e+02 1.59545492839874552e-03 2.26772956378444663e-06
 8.94730000000000018e+02 8.95740000000000009e+02 1.60903386775363560e-03 2.27174496920736951e-06
 8.95740000000000009e+02 8.96750000000000000e+02 1.62922862464784835e-03 2.98663240032619845e-06
 8.96750000000000000e+02 8.97759999999999991e+02 1.64181234624611498e-03 2.26751542495333509e-06
 8.97759999999999991e+02 8.98769999999999982e+02 1.65555892819582240e-03 2.26451461488105228e-06
 8.98769999999999982e+02 8.99779999999999973e+02 1.67410361938312695e-03 2.35209385049830634e-06
 8.99779999999999973e+02 9.00789999999999964e+02 1.69413295305824571e-03 2.33281812117153763e-06
 9.00789999999999964e+02 9.01799999999999955e+02 1.70475999426668843e-03 2.36103005298912155e-06
 9.01799999999999955e+02 9.02809999999999945e+02 1.72274226871866080e-03 2.28126801021162343e-06
 9.02809999999999945e+02 9.03820000000000050e+02 1.74296453224795909e-03 2.48926000338630240e-06
 9.03820000000000050e+02 9.04830000000000041e+02 1.76041260849714356e-03 2.69175669886359842e-06
 9.04830000000000041e+02 9.05840000000000032e+02 1.77532966228960160e-03 2.36883513323129288e-06
 9.05840000000000032e+02 9.06850000000000023e+02 1.79328843952303633e-03 2.40020747183683595e-06
 9.06850000000000023e+02 9.07860000000000014e+02 1.81005242627927027e-03 2.39045706911062233e-06
 9.07860000000000014e+02 9.08870000000000005e+02 1.82816746281983748e-03 2.42188452422029954e-06
 9.08870000000000005e+02 9.09879999999999995e+02 1.84943376325810357e-03 2.61633791421937088e-06
 9.09879999999999995e+02 9.10889999999999986e+02 1.86752606613984013e-03 2.54743882478182938e-06
 9.10889999999999986e+02 9.11899999999999977e+02 1.88837408038303937e-03 2.76845937187587140e-06
 9.11899999999999977e+02 9.12909999999999968e+02 1.90761326485082688e-03 2.53897608877017766e-06
 9.12909999999999968e+02 9.13919999999999959e+02 1.92678473936307030e-03 2.60703595310668641e-06
 9.13919999999999959e+02 9.14929999999999950e+02 1.94752363671051292e-03 2.95897152775236655e-06
 9.14929999999999950e+02 9.15940000000000055e+02 1.96957396676549889e-03 2.68129833257777043e-06
 9.15940000000000055e+02 9.16950000000000045e+02 1.99287684942719328e-03 2.49822289351498460e-06
 9.16950000000000045e+02 9.17960000000000036e+02 2.01117378631411126e-03 2.54559638094360892e-06
 9.17960000000000036e+02 9.18970000000000027e+02 2.03832883982593823e-03 2.73110506196924247e-06
 9.18970000000000027e+02 9.19980000000000018e+02 2.05269470996601337e-03 3.73094463218426720e-06
 9.19980000000000018e+02 9.20990000000000009e+02 2.08987374463855992e-03 8.50183248226463040e-06
 9.20990000000000009e+02 9.22000000000000000e+02 2.01614716455824792e-03 1.25090097241437924e-05

Histogram:lxi
 0.00000000000000000e+00 1.33333333333333331e-01 1.63589881897122438e-02 2.34543304335923189e-05
 1.33333333333333331e-01 2.66666666666666663e-01 1.63658368897462610e-02 3.43935672290913552e-05
 2.66666666666666663e-01 4.00000000000000022e-01 1.63245461170845145e-02 2.16092702367139530e-05
 4.00000000000000022e-01 5.33333333333333326e-01 1.63545647611441150e-02 2.50585183494166321e-05
 5.33333333333333326e-01 6.66666666666666630e-01 1.63212028596470930e-02 2.20101925261016804e-05
 6.66666666666666630e-01 8.00000000000000044e-01 1.63216967657192902e-02 2.24688028774808709e-05
 8.00000000000000044e-01 9.33333333333333348e-01 1.63359526845333614e-02 2.21600707545350311e-05
 9.33333333333333348e-01 1.06666666666666665e+00 1.63855139830129323e-02 2.64888330106683357e-05
 1.06666666666666665e+00 1.19999999999999996e+00 1.63102260945988675e-02 2.32477679506805414e-05
 1.19999999999999996e+00 1.33333333333333326e+00 1.63485839126591391e-02 2.72604188052172380e-05
 1.33333333333333326e+00 1.46666666666666656e+00 1.63199736055992459e-02 2.36625282217768569e-05
 1.46666666666666656e+00 1.60000000000000009e+00 1.62949033168973134e-02 2.12418008703442567e-05
 1.60000000000000009e+00 1.73333333333333339e+00 1.63439547135050683e-02 2.34763929838907262e-05
 1.73333333333333339e+00 1.86666666666666670e+00 1.63619779770145558e-02 2.82628670117199813e-05
 1.86666666666666670e+00 2.00000000000000000e+00 1.63561076759997301e-02 2.71168958973868783e-05
 2.00000000000000000e+00 2.13333333333333330e+00 1.63227386921331458e-02 2.08005946226250008e-05
 2.13333333333333330e+00 2.26666666666666661e+00 1.63955387679954011e-02 2.68572484436690702e-05
 2.26666666666666661e+00 2.39999999999999991e+00 1.63127314385548144e-02 2.17637310107206600e-05
 2.39999999999999991e+00 2.53333333333333321e+00 1.63306365153591607e-02 2.00769078809608621e-05
 2.53333333333333321e+00 2.66666666666666652e+00 1.63010626651535311e-02 2.38384424193613808e-05
 2.66666666666666652e+00 2.79999999999999982e+00 1.62763574091237678e-02 2.35751626733377964e-05
 2.79999999999999982e+00 2.93333333333333313e+00 1.63409202481194712e-02 2.36125735379518761e-05
 2.93333333333333313e+00 3.06666666666666687e+00 1.63409557364638733e-02 2.83011212077194888e-05
 3.06666666666666687e+00 3.20000000000000018e+00 1.62714249894370527e-02 2.45015026837060363e-05
 3.20000000000000018e+00 3.33333333333333348e+00 1.62731758315874178e-02 2.24966171952172459e-05
 3.33333333333333348e+00 3.46666666666666679e+00 1.62758656702167333e-02 3.15433779969528092e-05
 3.46666666666666679e+00 3.60000000000000009e+00 1.61962194448502655e-02 2.36614515146731528e-05
 3.60000000000000009e+00 3.73333333333333339e+00 1.61761376755187279e-02 2.28699790784545587e-05
 3.73333333333333339e+00 3.86666666666666670e+00 1.61765927085004285e-02 2.34542814827688760e-05
 3.86666666666666670e+00 4.00000000000000000e+00 1.61151258439048012e-02 2.66483014903883286e-05
 4.00000000000000000e+00 4.13333333333333375e+00 1.61064531593885923e-02 2.11196589752024853e-05
 4.13333333333333375e+00 4.26666666666666661e+00 1.60811295679556820e-02 2.71203229462670333e-05
 4.26666666666666661e+00 4.40000000000000036e+00 1.60442867348855912e-02 2.38857581770820422e-05
 4.40000000000000036e+00 4.53333333333333321e+00 1.60558603853974413e-02 3.05013162507098017e-05
 4.53333333333333321e+00 4.66666666666666696e+00 1.59267372769590354e-02 2.31014229589956517e-05
 4.66666666666666696e+00 4.79999999999999982e+00 1.59004461543954326e-02 2.37106794329340323e-05
 4.79999999999999982e+00 4.93333333333333357e+00 1.58930600972318134e-02 3.04768271359726911e-05
 4.93333333333333357e+00 5.06666666666666643e+00 1.58011896770879241e-02 2.12821525423016260e-05
 5.06666666666666643e+00 5.20000000000000018e+00 1.58000861582563053e-02 2.62604800640607993e-05
 5.20000000000000018e+00 5.33333333333333304e+00 1.56866513358918797e-02 2.34963128001126042e-05
 5.33333333333333304e+00 5.46666666666666679e+00 1.56503130348651376e-02 2.03483928107256707e-05
 5.46666666666666679e+00 5.59999999999999964e+00 1.55938520286629176e-02 2.25645054057902671e-05
 5.59999999999999964e+00 5.73333333333333339e+00 1.55563735517048433e-02 2.63611562120319205e-05
 5.73333333333333339e+00 5.86666666666666625e+00 1.55132822560801777e-02 2.92432319820653571e-05
 5.86666666666666625e+00 6.00000000000000000e+00 1.54441551853919650e-02 3.25398531379671199e-05
 6.00000000000000000e+00 6.13333333333333375e+00 1.53799911891048403e-02 2.38292615898494472e-05
 6.13333333333333375e+00 6.26666666666666661e+00 1.52961159571429941e-02 2.26163031383034724e-05
 6.26666666666666661e+00 6.40000000000000036e+00 1.52457804980805842e-02 2.50333021230517951e-05
 6.40000000000000036e+00 6.53333333333333321e+00 1.51751718179245886e-02 2.38304135931062935e-05
 6.53333333333333321e+00 6.66666666666666696e+00 1.50855336230650561e-02 2.18466464761469075e-05
 6.66666666666666696e+00 6.79999999999999982e+00 1.50073376614476475e-02 2.36464357753895252e-05
 6.79999999999999982e+00 6.93333333333333357e+00 1.49395724078753480e-02 2.06569709489932476e-05
 6.93333333333333357e+00 7.06666666666666643e+00 1.48745599067314112e-02 2.17645339265462797e-05
 7.06666666666666643e+00 7.20000000000000018e+00 1.47673271844564278e-02 2.02938540298319920e-05
 7.20000000000000018e+00 7.33333333333333304e+00 1.46929931326849547e-02 2.10640720335939168e-05
 7.33333333333333304e+00 7.46666666666666679e+00 1.46399987249814251e-02 2.47914881036378644e-05
 7.46666666666666679e+00 7.59999999999999964e+00 1.45163094812089735e-02 2.51606979113189088e-05
 7.59999999999999964e+00 7.73333333333333339e+00 1.43803114017115371e-02 2.56067411733357030e-05
 7.73333333333333339e+00 7.86666666666666625e+00 1.42655810178340548e-02 2.16293043272423877e-05
 7.86666666666666625e+00 8.00000000000000000e+00 1.41651807807333680e-02 1.93957023318369411e-05
 8.00000000000000000e+00 8.13333333333333286e+00 1.40262801727639129e-02 1.85180319560827160e-05
 8.13333333333333286e+00 8.26666666666666750e+00 1.38949116775335339e-02 2.00777485060139901e-05
 8.26666666666666750e+00 8.40000000000000036e+00 1.37801593544723197e-02 1.86020356969365320e-05
 8.40000000000000036e+00 8.53333333333333321e+00 1.36381873778637138e-02 1.96451855157993870e-05
 8.53333333333333321e+00 8.66666666666666607e+00 1.34895391966763905e-02 2.24478990063257365e-05
 8.66666666666666607e+00 8.80000000000000071e+00 1.33248257778647104e-02 2.04478583449505963e-05
 8.80000000000000071e+00 8.93333333333333357e+00 1.31833723201614534e-02 1.99427159534330035e-05
 8.93333333333333357e+00 9.06666666666666643e+00 1.30355954096347763e-02 2.09132461140995570e-05
 9.06666666666666643e+00 9.19999999999999929e+00 1.29121942764329999e-02 1.91206836812054429e-05
 9.19999999999999929e+00 9.33333333333333393e+00 1.27190160945779597e-02 1.83717239304662976e-05
 9.33333333333333393e+00 9.46666666666666679e+00 1.25687098781457653e-02 2.12342469681006640e-05
 9.46666666666666679e+00 9.59999999999999964e+00 1.24138673005990980e-02 1.98500002576968499e-05
 9.59999999999999964e+00 9.73333333333333250e+00 1.21953292376928684e-02 1.69791443943946628e-05
 9.73333333333333250e+00 9.86666666666666714e+00 1.20832008849155632e-02 1.88403288689720016e-05
 9.86666666666666714e+00 1.00000000000000000e+01 1.18785034592326019e-02 1.69633732358582219e-05
 1.00000000000000000e+01 1.01333333333333329e+01 1.17349641182177920e-02 1.72379637718920129e-05
 1.01333333333333329e+01 1.02666666666666675e+01 1.15807123848112020e-02 1.64306975006348968e-05
 1.02666666666666675e+01 1.04000000000000004e+01 1.14415392808460657e-02 1.79017435250019027e-05
 1.04000000000000004e+01 1.05333333333333332e+01 1.12020335296689581e-02 1.66266164991310656e-05
 1.05333333333333332e+01 1.06666666666666661e+01 1.10512115833539624e-02 1.68898710943521754e-05
 1.06666666666666661e+01 1.08000000000000007e+01 1.08921478279927382e-02 1.71665391390665900e-05
 1.08000000000000007e+01 1.09333333333333336e+01 1.06956555350529690e-02 1.60286419238421488e-05
 1.09333333333333336e+01 1.10666666666666664e+01 1.05708225766426647e-02 1.64802243794142946e-05
 1.10666666666666664e+01 1.11999999999999993e+01 1.03613615839337758e-02 1.61883693717492056e-05
 1.11999999999999993e+01 1.13333333333333339e+01 1.02161617893968184e-02 1.59724168935680702e-05
 1.13333333333333339e+01 1.14666666666666668e+01 1.00236581364691567e-02 1.55426473265427762e-05
 1.14666666666666668e+01 1.15999999999999996e+01 9.88589833433973705e-03 1.73795357509664321e-05
 1.15999999999999996e+01 1.17333333333333325e+01 9.65089542143475997e-03 1.53477894889512991e-05
 1.17333333333333325e+01 1.18666666666666671e+01 9.50689997339533577e-03 1.66645963128873117e-05
 1.18666666666666671e+01 1.20000000000000000e+01 9.34383498045991863e-03 1.47880891778348195e-05
 1.20000000000000000e+01 1.21333333333333329e+01 9.18471095813201861e-03 1.52621630275085365e-05
 1.21333333333333329e+01 1.22666666666666675e+01 9.04728296017591992e-03 1.58973477259869243e-05
 1.22666666666666675e+01 1.24000000000000004e+01 8.91397277125941315e-03 1.53986127446743804e-05
 1.24000000000000004e+01 1.25333333333333332e+01 8.73074723329643476e-03 1.48748899337484623e-05
 1.25333333333333332e+01 1.26666666666666661e+01 8.60632903828047018e-03 1.51718045665580228e-05
 1.26666666666666661e+01 1.28000000000000007e+01 8.46703910789612692e-03 1.52367907058908839e-05
 1.28000000000000007e+01 1.29333333333333336e+01 8.29359000878315822e-03 1.37097688657804812e-05
 1.29333333333333336e+01 1.30666666666666664e+01 8.18245466336556954e-03 1.42537826535866765e-05
 1.30666666666666664e+01 1.31999999999999993e+01 8.04153385175601469e-03 1.40536069495763230e-05
 1.31999999999999993e+01 1.33333333333333339e+01 7.91731696872518056e-03 1.53679679861440742e-05
 1.33333333333333339e+01 1.34666666666666668e+01 7.82674803839695024e-03 1.46913358274349496e-05
 1.34666666666666668e+01 1.35999999999999996e+01 7.68649742933543833e-03 1.33125491818784134e-05
 1.35999999999999996e+01 1.37333333333333325e+01 7.54723663751709524e-03 1.33322501238399634e-05
 1.37333333333333325e+01 1.38666666666666671e+01 7.41955112512958891e-03 1.32485252165321911e-05
 1.38666666666666671e+01 1.40000000000000000e+01 7.35510801018081448e-03 1.46905197191403367e-05
 1.40000000000000000e+01 1.41333333333333329e+01 7.19503598721813603e-03 1.26553966815590876e-05
 1.41333333333333329e+01 1.42666666666666675e+01 7.11191238886927073e-03 1.28706976672896526e-05
 1.42666666666666675e+01 1.44000000000000004e+01 6.98704751011230973e-03 1.31327063752406510e-05
 1.44000000000000004e+01 1.45333333333333332e+01 6.91088577781833260e-03 1.30328631916263141e-05
 1.45333333333333332e+01 1.46666666666666661e+01 6.79870915755133309e-03 1.46274982396125389e-05
 1.46666666666666661e+01 1.48000000000000007e+01 6.69420970438755480e-03 1.43591997939157096e-05
 1.48000000000000007e+01 1.49333333333333336e+01 6.60510133112746090e-03 1.31749025684985397e-05
 1.49333333333333336e+01 1.50666666666666664e+01 6.50088910829594701e-03 1.29400841026439502e-05
 1.50666666666666664e+01 1.51999999999999993e+01 6.42304913367036222e-03 1.23881410260797714e-05
 1.51999999999999993e+01 1.53333333333333339e+01 6.30477835670643309e-03 1.21904741709922149e-05
 1.53333333333333339e+01 1.54666666666666668e+01 6.23440490264329586e-03 1.18970606606297190e-05
 1.54666666666666668e+01 1.55999999999999996e+01 6.15582719687321478e-03 1.65971652114688685e-05
 1.55999999999999996e+01 1.57333333333333325e+01 6.04517725553758555e-03 1.20638693856113342e-05
 1.57333333333333325e+01 1.58666666666666671e+01 5.95548049054596060e-03 1.22268279770287285e-05
 1.58666666666666671e+01 1.60000000000000000e+01 5.87208848977074493e-03 1.20174909420418689e-05
 1.60000000000000000e+01 1.61333333333333329e+01 5.78581499032781131e-03 1.17216950655638784e-05
 1.61333333333333329e+01 1.62666666666666657e+01 5.72333241892429220e-03 1.68089415594313395e-05
 1.62666666666666657e+01 1.63999999999999986e+01 5.64170557557203741e-03 1.27877740719077528e-05
 1.63999999999999986e+01 1.65333333333333350e+01 5.54524983608776709e-03 1.21485226594439342e-05
 1.65333333333333350e+01 1.66666666666666679e+01 5.45741650161188536e-03 1.13104393580566216e-05
 1.66666666666666679e+01 1.68000000000000007e+01 5.40082181779071632e-03 1.17744829834929616e-05
 1.68000000000000007e+01 1.69333333333333336e+01 5.33427649758814060e-03 1.14748508580657436e-05
 1.69333333333333336e+01 1.70666666666666664e+01 5.25457037148674942e-03 1.12357974528520945e-05
 1.70666666666666664e+01 1.71999999999999993e+01 5.18004803539073508e-03 1.17346859610916666e-05
 1.71999999999999993e+01 1.73333333333333321e+01 5.12226770254645830e-03 1.26930739551586071e-05
 1.73333333333333321e+01 1.74666666666666650e+01 5.03430817301789551e-03 1.17927069749615966e-05
 1.74666666666666650e+01 1.76000000000000014e+01 4.95130715232339463e-03 1.10916660566476928e-05
 1.76000000000000014e+01 1.77333333333333343e+01 4.90806371622950870e-03 1.10922994071257367e-05
 1.77333333333333343e+01 1.78666666666666671e+01 4.83893970061343489e-03 1.16415848181523290e-05
 1.78666666666666671e+01 1.80000000000000000e+01 4.76024242255407379e-03 1.11355779388125798e-05
 1.80000000000000000e+01 1.81333333333333329e+01 4.71200738888214853e-03 1.15312189853550029e-05
 1.81333333333333329e+01 1.82666666666666657e+01 4.65144168776951417e-03 1.24793289019957539e-05
 1.82666666666666657e+01 1.83999999999999986e+01 4.58600633941791749e-03 1.07899290484039154e-05
 1.83999999999999986e+01 1.85333333333333350e+01 4.52074531959710622e-03 1.05349884737870274e-05
 1.85333333333333350e+01 1.86666666666666679e+01 4.47741681955543536e-03 1.15143275885119541e-05
 1.86666666666666679e+01 1.88000000000000007e+01 4.40103386391596952e-03 1.06965653879871069e-05
 1.88000000000000007e+01 1.89333333333333336e+01 4.35353406780261253e-03 1.01152773269777891e-05
 1.89333333333333336e+01 1.90666666666666664e+01 4.29860833889731016e-03 1.05329156853618843e-05
 1.90666666666666664e+01 1.91999999999999993e+01 4.24590780890306014e-03 1.10191470406557480e-05
 1.91999999999999993e+01 1.93333333333333321e+01 4.20099323364444763e-03 9.92517450910799589e-06
 1.93333333333333321e+01 1.94666666666666650e+01 4.14209022531897286e-03 1.04373606919089714e-05
 1.94666666666666650e+01 1.96000000000000014e+01 4.07549623132106263e-03 1.08311782947283806e-05
 1.96000000000000014e+01 1.97333333333333343e+01 4.04273674489667289e-03 1.06973079547471228e-05
 1.97333333333333343e+01 1.98666666666666671e+01 3.99169824715146435e-03 1.00297211742349219e-05
 1.98666666666666671e+01 2.00000000000000000e+01 3.95516601925183404e-03 1.66571230731498328e-05
 2.00000000000000000e+01 2.01333333333333329e+01 3.89281186398808326e-03 1.60974511175683177e-05
 2.01333333333333329e+01 2.02666666666666657e+01 3.83405022217426323e-03 1.03297916407034167e-05
 2.02666666666666657e+01 2.03999999999999986e+01 3.79434818868647434e-03 1.03583307948979855e-05
 2.03999999999999986e+01 2.05333333333333350e+01 3.75690798172434448e-03 1.03859479912768359e-05
 2.05333333333333350e+01 2.06666666666666679e+01 3.71618400563074108e-03 1.00313549293737038e-05
 2.06666666666666679e+01 2.08000000000000007e+01 3.68148521094524778e-03 1.08850598730715461e-05
 2.08000000000000007e+01 2.09333333333333336e+01 3.61512510149527037e-03 1.03792104360835147e-05
 2.09333333333333336e+01 2.10666666666666664e+01 3.55790226497652764e-03 9.93675662128984998e-06
 2.10666666666666664e+01 2.11999999999999993e+01 3.52946737536906276e-03 9.68230267825003926e-06
 2.11999999999999993e+01 2.13333333333333321e+01 3.48440498989540867e-03 9.51432709775178499e-06
 2.13333333333333321e+01 2.14666666666666650e+01 3.43394605851380557e-03 1.02630220265340186e-05
 2.14666666666666650e+01 2.16000000000000014e+01 3.39905624899484874e-03 9.55723284424398771e-06
 2.16000000000000014e+01 2.17333333333333343e+01 3.35529665549690308e-03 9.56363149007428891e-06
 2.17333333333333343e+01 2.18666666666666671e+01 3.31251644338113318e-03 1.01187792290337123e-05
 2.18666666666666671e+01 2.20000000000000000e+01 3.28240785744052764e-03 9.43104756991768743e-06
 2.20000000000000000e+01 2.21333333333333329e+01 3.22989875407704921e-03 9.38392530443288418e-06
 2.21333333333333329e+01 2.22666666666666657e+01 3.20813058363540434e-03 9.87049149125128453e-06
 2.22666666666666657e+01 2.23999999999999986e+01 3.16975657597323886e-03 1.05397579120927189e-05
 2.23999999999999986e+01 2.25333333333333350e+01 3.14477578795489257e-03 1.35795059542012647e-05
 2.25333333333333350e+01 2.26666666666666679e+01 3.07811342556822990e-03 8.69348295311525510e-06
 2.26666666666666679e+01 2.28000000000000007e+01 3.03994356486914216e-03 8.92050534848241480e-06
 2.28000000000000007e+01 2.29333333333333336e+01 3.01571418687485117e-03 8.93924619332925278e-06
 2.29333333333333336e+01 2.30666666666666664e+01 2.99007557562391401e-03 9.50872651542453615e-06
 2.30666666666666664e+01 2.31999999999999993e+01 2.94432300518351116e-03 9.68249760615400673e-06
 2.31999999999999993e+01 2.33333333333333321e+01 2.92767654615972740e-03 1.27433267079960820e-05
 2.33333333333333321e+01 2.34666666666666650e+01 2.87186728495937267e-03 9.17808582737467464e-06
 2.34666666666666650e+01 2.36000000000000014e+01 2.83859088632566585e-03 8.56207161045054601e-06
 2.36000000000000014e+01 2.37333333333333343e+01 2.80518364313401452e-03 8.90397276798363967e-06
 2.37333333333333343e+01 2.38666666666666671e+01 2.78260058912797523e-03 1.01440765748654245e-05
 2.38666666666666671e+01 2.40000000000000000e+01 2.75401171542966755e-03 8.75722403030233138e-06
 2.40000000000000000e+01 2.41333333333333329e+01 2.71758853853871401e-03 8.27536631973401663e-06
 2.41333333333333329e+01 2.42666666666666657e+01 2.68156495724612438e-03 8.49471190781529320e-06
 2.42666666666666657e+01 2.43999999999999986e+01 2.65573259665131348e-03 8.62357134755686851e-06
 2.43999999999999986e+01 2.45333333333333350e+01 2.63334949910415698e-03 8.47842338946775281e-06
 2.45333333333333350e+01 2.46666666666666679e+01 2.59612126153547411e-03 8.30708033624166049e-06
 2.46666666666666679e+01 2.48000000000000007e+01 2.56047863372324243e-03 8.34008122068417990e-06
 2.48000000000000007e+01 2.49333333333333336e+01 2.54106527410135436e-03 8.13604794961242842e-06
 2.49333333333333336e+01 2.50666666666666664e+01 2.50637382369337490e-03 8.45378422364445179e-06
 2.50666666666666664e+01 2.51999999999999993e+01 2.49061678379583051e-03 8.58939724449692886e-06
 2.51999999999999993e+01 2.53333333333333321e+01 2.44562785422353969e-03 8.16954652962350603e-06
 2.53333333333333321e+01 2.54666666666666650e+01 2.42366310423859166e-03 8.78711327711985759e-06
 2.54666666666666650e+01 2.56000000000000014e+01 2.40971202323713666e-03 8.41178032346358491e-06
 2.56000000000000014e+01 2.57333333333333343e+01 2.38326796354028803e-03 8.89932517271042084e-06
 2.57333333333333343e+01 2.58666666666666671e+01 2.34029974009960454e-03 8.15369069248586580e-06
 2.58666666666666671e+01 2.60000000000000000e+01 2.32218554404081245e-03 9.94723116533381113e-06
 2.60000000000000000e+01 2.61333333333333329e+01 2.30531414502726986e-03 8.54596105132906410e-06
 2.61333333333333329e+01 2.62666666666666657e+01 2.28836576113350528e-03 1.01595447052234081e-05
 2.62666666666666657e+01 2.63999999999999986e+01 2.24636813874704239e-03 8.16031722562627218e-06
 2.63999999999999986e+01 2.65333333333333350e+01 2.22450255199346586e-03 7.85303801539346668e-06
 2.65333333333333350e+01 2.66666666666666679e+01 2.19834886918713387e-03 8.59208616605340826e-06
 2.66666666666666679e+01 2.68000000000000007e+01 2.17659212366434675e-03 9.31820068411715433e-06
 2.68000000000000007e+01 2.69333333333333336e+01 2.15098784583688278e-03 9.04185125280382196e-06
 2.69333333333333336e+01 2.70666666666666664e+01 2.13161755220889855e-03 7.77633872923648119e-06
 2.70666666666666664e+01 2.71999999999999993e+01 2.09737191772744417e-03 7.60278064067275459e-06
 2.71999999999999993e+01 2.73333333333333321e+01 2.06733246079897869e-03 7.86265046058771422e-06
 2.73333333333333321e+01 2.74666666666666650e+01 2.04184538223504269e-03 7.75904579169430564e-06
 2.74666666666666650e+01 2.76000000000000014e+01 2.02690785978165309e-03 7.87654145875319878e-06
 2.76000000000000014e+01 2.77333333333333343e+01 2.01233385203846999e-03 7.83511941925641719e-06
 2.77333333333333343e+01 2.78666666666666671e+01 1.99431160927773712e-03 8.86979957766314276e-06
 2.78666666666666671e+01 2.80000000000000000e+01 1.99508681622700837e-03 8.39998405192944576e-06
 2.80000000000000000e+01 2.81333333333333329e+01 1.95576928922519761e-03 7.72608160158911320e-06
 2.81333333333333329e+01 2.82666666666666657e+01 1.93036600495728760e-03 7.72711608448843096e-06
 2.82666666666666657e+01 2.83999999999999986e+01 1.90651396918650436e-03 7.51250128931685425e-06
 2.83999999999999986e+01 2.85333333333333350e+01 1.88811337367363334e-03 7.91616023607903228e-06
 2.85333333333333350e+01 2.86666666666666679e+01 1.86985024399989922e-03 7.57034660615700438e-06
 2.86666666666666679e+01 2.88000000000000007e+01 1.84004324374356198e-03 7.88225855146470599e-06
 2.88000000000000007e+01 2.89333333333333336e+01 1.81715496675668195e-03 7.39377999771483102e-06
 2.89333333333333336e+01 2.90666666666666664e+01 1.80599125830741068e-03 7.15990203992134244e-06
 2.90666666666666664e+01 2.91999999999999993e+01 1.78547417119486948e-03 7.37509357430341112e-06
 2.91999999999999993e+01 2.93333333333333321e+01 1.76069969521904695e-03 7.34883263268160789e-06
 2.93333333333333321e+01 2.94666666666666650e+01 1.75750277732342848e-03 8.87825570817200193e-06
 2.94666666666666650e+01 2.96000000000000014e+01 1.73296938450718933e-03 7.00231456930228793e-06
 2.96000000000000014e+01 2.97333333333333343e+01 1.73068942572896780e-03 8.53101683230481180e-06
 2.97333333333333343e+01 2.98666666666666671e+01 1.69512533862523984e-03 7.13412411843232016e-06
 2.98666666666666671e+01 3.00000000000000000e+01 1.67539775738652710e-03 7.51906495244887543e-06
 3.00000000000000000e+01 3.01333333333333329e+01 1.66348528980453663e-03 7.44133506403530470e-06
 3.01333333333333329e+01 3.02666666666666657e+01 1.63492355976607652e-03 7.07888385536265682e-06
 3.02666666666666657e+01 3.03999999999999986e+01 1.62748925774747828e-03 7.36384821895835247e-06
 3.03999999999999986e+01 3.05333333333333350e+01 1.61003854816006969e-03 7.46455439684329904e-06
 3.05333333333333350e+01 3.06666666666666679e+01 1.58672176448482953e-03 7.25401041357408325e-06
 3.06666666666666679e+01 3.08000000000000007e+01 1.57609957332120677e-03 7.20959624255507435e-06
 3.08000000000000007e+01 3.09333333333333336e+01 1.56306243755783636e-03 8.11185781355468838e-06
 3.09333333333333336e+01 3.10666666666666664e+01 1.52327191986911348e-03 7.07265025893970496e-06
 3.10666666666666664e+01 3.11999999999999993e+01 1.52976972327939758e-03 8.39874156562468220e-06
 3.11999999999999993e+01 3.13333333333333321e+01 1.50013181556051737e-03 7.15062507402590893e-06
 3.13333333333333321e+01 3.14666666666666650e+01 1.49628462618229142e-03 8.84750144367361379e-06
 3.14666666666666650e+01 3.16000000000000014e+01 1.47643408249912103e-03 7.51056127726281629e-06
 3.16000000000000014e+01 3.17333333333333343e+01 1.46420793871650115e-03 8.48578979266613504e-06
 3.17333333333333343e+01 3.18666666666666671e+01 1.44942358655456406e-03 7.13751205950623906e-06
 3.18666666666666671e+01 3.20000000000000000e+01 1.41551998961457633e-03 6.70792233591305238e-06
 3.20000000000000000e+01 3.21333333333333329e+01 1.40506959515698067e-03 7.07821069796981588e-06
 3.21333333333333329e+01 3.22666666666666657e+01 1.40935971602253857e-03 7.05599943153699266e-06
 3.22666666666666657e+01 3.23999999999999986e+01 1.39079217333254305e-03 6.49409460789782594e-06
 3.23999999999999986e+01 3.25333333333333314e+01 1.36917839254450144e-03 6.71242922377556466e-06
 3.25333333333333314e+01 3.26666666666666643e+01 1.36343533495790763e-03 7.00901772224289163e-06
 3.26666666666666643e+01 3.27999999999999972e+01 1.34664651423054959e-03 7.17646433225920524e-06
 3.27999999999999972e+01 3.29333333333333300e+01 1.33403606269779122e-03 6.91108497964316951e-06
 3.29333333333333300e+01 3.30666666666666700e+01 1.31997130627811710e-03 7.00877447140397030e-06
 3.30666666666666700e+01 3.32000000000000028e+01 1.29885496931104473e-03 6.52795579522393503e-06
 3.32000000000000028e+01 3.33333333333333357e+01 1.28583775925655039e-03 7.49639685226002380e-06
 3.33333333333333357e+01 3.34666666666666686e+01 1.27989328016104870e-03 8.05836375090881363e-06
 3.34666666666666686e+01 3.36000000000000014e+01 1.27654267750049871e-03 7.96901549718205031e-06
 3.36000000000000014e+01 3.37333333333333343e+01 1.24555350836887233e-03 7.24635148082688961e-06
 3.37333333333333343e+01 3.38666666666666671e+01 1.23088641535486058e-03 6.64415083489887815e-06
 3.38666666666666671e+01 3.40000000000000000e+01 1.23645289271465358e-03 6.99121755610194701e-06
 3.40000000000000000e+01 3.41333333333333329e+01 1.23509283328882696e-03 1.98792494781429041e-05
 3.41333333333333329e+01 3.42666666666666657e+01 1.18945065354983674e-03 6.45443143255274583e-06
 3.42666666666666657e+01 3.43999999999999986e+01 1.18711676441328267e-03 9.10866665396730123e-06
 3.43999999999999986e+01 3.45333333333333314e+01 1.17887333314082871e-03 6.84106476850127719e-06
 3.45333333333333314e+01 3.46666666666666643e+01 1.14280871633162806e-03 5.93009331012692520e-06
 3.46666666666666643e+01 3.47999999999999972e+01 1.16027307709972967e-03 7.97052480170498365e-06
 3.47999999999999972e+01 3.49333333333333300e+01 1.13468010502812411e-03 7.19033357701520312e-06
 3.49333333333333300e+01 3.50666666666666700e+01 1.12005728103002178e-03 6.35916962375980344e-06
 3.50666666666666700e+01 3.52000000000000028e+01 1.11872204180067940e-03 7.02802048751776221e-06
 3.52000000000000028e+01 3.53333333333333357e+01 1.09184053817379671e-03 6.11755097988716096e-06
 3.53333333333333357e+01 3.54666666666666686e+01 1.09220970295917158e-03 7.00550245284809014e-06
 3.54666666666666686e+01 3.56000000000000014e+01 1.07586889031532169e-03 7.26486748333790812e-06
 3.56000000000000014e+01 3.57333333333333343e+01 1.06594870977897121e-03 7.25498334105899036e-06
 3.57333333333333343e+01 3.58666666666666671e+01 1.05820951189438870e-03 6.20187746557826745e-06
 3.58666666666666671e+01 3.60000000000000000e+01 1.03865564173517963e-03 6.10316506100609828e-06
 3.60000000000000000e+01 3.61333333333333329e+01 1.04055682561338884e-03 6.84874476822751722e-06
 3.61333333333333329e+01 3.62666666666666657e+01 1.02752600157637267e-03 6.30111635989207758e-06
 3.62666666666666657e+01 3.63999999999999986e+01 1.01979323184377309e-03 6.67107606832764714e-06
 3.63999999999999986e+01 3.65333333333333314e+01 9.97558482476058623e-04 6.58099311395020842e-06
 3.65333333333333314e+01 3.66666666666666643e+01 9.85240365315517711e-04 6.28848243601337406e-06
 3.66666666666666643e+01 3.67999999999999972e+01 9.75006285335128079e-04 6.72270562084791860e-06
 3.67999999999999972e+01 3.69333333333333300e+01 9.71747723664723867e-04 5.79565154068175672e-06
 3.69333333333333300e+01 3.70666666666666700e+01 9.65939420424566440e-04 6.23461516949324154e-06
 3.70666666666666700e+01 3.72000000000000028e+01 9.50724375482453954e-04 6.47857716074116595e-06
 3.72000000000000028e+01 3.73333333333333357e+01 9.40186156913465809e-04 5.89795752882661034e-06
 3.73333333333333357e+01 3.74666666666666686e+01 9.16040747552685788e-04 5.96262067281979736e-06
 3.74666666666666686e+01 3.76000000000000014e+01 9.19981517105386993e-04 6.10592807610045138e-06
 3.76000000000000014e+01 3.77333333333333343e+01 9.09335169511837991e-04 5.75191968679108513e-06
 3.77333333333333343e+01 3.78666666666666671e+01 9.14841732568411211e-04 7.96523361255931613e-06
 3.78666666666666671e+01 3.80000000000000000e+01 8.96885341640594439e-04 6.99024499346288451e-06
 3.80000000000000000e+01 3.81333333333333329e+01 8.90561353773128631e-04 6.09253437641206277e-06
 3.81333333333333329e+01 3.82666666666666657e+01 8.80931357728526542e-04 6.09754619877509755e-06
 3.82666666666666657e+01 3.83999999999999986e+01 8.61237052005730933e-04 6.14652752591218687e-06
 3.83999999999999986e+01 3.85333333333333314e+01 8.61956113023614216e-04 6.08716029703868252e-06
 3.85333333333333314e+01 3.86666666666666643e+01 8.40429481737119122e-04 6.11796683990889706e-06
 3.86666666666666643e+01 3.87999999999999972e+01 8.39685362510445769e-04 6.00513047464580811e-06
 3.87999999999999972e+01 3.89333333333333300e+01 8.29773109449395848e-04 6.46196688088435688e-06
 3.89333333333333300e+01 3.90666666666666700e+01 8.17469155904830959e-04 5.78159585703091538e-06
 3.90666666666666700e+01 3.92000000000000028e+01 8.12434973812778253e-04 5.44368147670144345e-06
 3.92000000000000028e+01 3.93333333333333357e+01 8.08632956086213447e-04 6.23628802350371713e-06
 3.93333333333333357e+01 3.94666666666666686e+01 7.93273324996721205e-04 5.91877321339915423e-06
 3.94666666666666686e+01 3.96000000000000014e+01 7.86748033109361264e-04 5.51479908221807114e-06
 3.96000000000000014e+01 3.97333333333333343e+01 7.81305168391889992e-04 5.78497829571930231e-06
 3.97333333333333343e+01 3.98666666666666671e+01 7.77923959974109996e-04 6.18477059109692534e-06
 3.98666666666666671e+01 4.00000000000000000e+01 7.63715757979725848e-04 6.93438848635749957e-06
 4.00000000000000000e+01 4.01333333333333329e+01 7.53914509304069573e-04 5.52339395220455211e-06
 4.01333333333333329e+01 4.02666666666666657e+01 7.55455391063221773e-04 8.07801691895553973e-06
 4.02666666666666657e+01 4.03999999999999986e+01 7.40080193924530570e-04 5.28299345152230098e-06
 4.03999999999999986e+01 4.05333333333333314e+01 7.42160182895278304e-04 7.48377014123414810e-06
 4.05333333333333314e+01 4.06666666666666643e+01 7.29159444264474224e-04 6.16151365441652420e-06
 4.06666666666666643e+01 4.07999999999999972e+01 7.14311247052264956e-04 7.54398147627072723e-06
 4.07999999999999972e+01 4.09333333333333300e+01 7.05987637765831725e-04 5.88299123748594759e-06
 4.09333333333333300e+01 4.10666666666666700e+01 6.95802337972318131e-04 5.54048345000727309e-06
 4.10666666666666700e+01 4.12000000000000028e+01 6.90638794862636252e-04 5.39083412703637068e-06
 4.12000000000000028e+01 4.13333333333333357e+01 6.80850190818514407e-04 5.63287123726205638e-06
 4.13333333333333357e+01 4.14666666666666686e+01 6.82529155818864617e-04 5.55826609847726183e-06
 4.14666666666666686e+01 4.16000000000000014e+01 6.71953033667270017e-04 5.88116843457426310e-06
 4.16000000000000014e+01 4.17333333333333343e+01 6.74026147274006671e-04 5.77340144797267623e-06
 4.17333333333333343e+01 4.18666666666666671e+01 6.56982705152765788e-04 5.59557031086979138e-06
 4.18666666666666671e+01 4.20000000000000000e+01 6.40779997608521791e-04 5.21873900405036726e-06
 4.20000000000000000e+01 4.21333333333333329e+01 6.37596568805116979e-04 5.16433519583485232e-06
 4.21333333333333329e+01 4.22666666666666657e+01 6.36328486296711148e-04 5.37052555140921233e-06
 4.22666666666666657e+01 4.23999999999999986e+01 6.27559238146410442e-04 5.44368678295572229e-06
 4.23999999999999986e+01 4.25333333333333314e+01 6.27553189435265204e-04 6.69251247241798557e-06
 4.25333333333333314e+01 4.26666666666666643e+01 6.19919280788072181e-04 5.63492291174896922e-06
 4.26666666666666643e+01 4.27999999999999972e+01 6.08749143267728419e-04 5.84029068490848635e-06
 4.27999999999999972e+01 4.29333333333333300e+01 6.15102790650489924e-04 8.34597153390453482e-06
 4.29333333333333300e+01 4.30666666666666700e+01 6.11847161136434164e-04 7.77570048021526409e-06
 4.30666666666666700e+01 4.32000000000000028e+01 5.91255778573484387e-04 5.02643680761263189e-06
 4.32000000000000028e+01 4.33333333333333357e+01 5.87553694933540282e-04 5.26991552349375649e-06
 4.33333333333333357e+01 4.34666666666666686e+01 5.92514185868528616e-04 5.79976831475286150e-06
 4.34666666666666686e+01 4.36000000000000014e+01 5.81881434293673853e-04 6.01965897756580350e-06
 4.36000000000000014e+01 4.37333333333333343e+01 5.72850529998810429e-04 5.66213636585061342e-06
 4.37333333333333343e+01 4.38666666666666671e+01 5.57626804389437414e-04 5.06869445324760674e-06
 4.38666666666666671e+01 4.40000000000000000e+01 5.59038294031951222e-04 4.97934989220690140e-06
 4.40000000000000000e+01 4.41333333333333329e+01 5.53097825993470135e-04 5.86789698436020694e-06
 4.41333333333333329e+01 4.42666666666666657e+01 5.45897780415536388e-04 5.29743531763722923e-06
 4.42666666666666657e+01 4.43999999999999986e+01 5.28808907074572216e-04 4.75002714580234174e-06
 4.43999999999999986e+01 4.45333333333333314e+01 5.34007636835626630e-04 6.12595666470600430e-06
 4.45333333333333314e+01 4.46666666666666643e+01 5.25194255828452267e-04 5.41310034803345769e-06
 4.46666666666666643e+01 4.47999999999999972e+01 5.21499039503349406e-04 6.25123931764358979e-06
 4.47999999999999972e+01 4.49333333333333300e+01 5.14381712854779824e-04 5.98368040904917319e-06
 4.49333333333333300e+01 4.50666666666666700e+01 5.04686768035735554e-04 4.98909703023693019e-06
 4.50666666666666700e+01 4.52000000000000028e+01 5.02991635800744243e-04 5.26805326457478670e-06
 4.52000000000000028e+01 4.53333333333333357e+01 4.97548794107247300e-04 5.04009900645301887e-06
 4.53333333333333357e+01 4.54666666666666686e+01 4.92515200423362378e-04 4.75724947433812079e-06
 4.54666666666666686e+01 4.56000000000000014e+01 4.85135181232374522e-04 5.02084182080438308e-06
 4.56000000000000014e+01 4.57333333333333343e+01 4.81098770568996748e-04 4.95369599382874876e-06
 4.57333333333333343e+01 4.58666666666666671e+01 4.87771210084498533e-04 5.06928531944418461e-06
 4.58666666666666671e+01 4.60000000000000000e+01 4.68387419719122698e-04 4.83031610450355698e-06
 4.60000000000000000e+01 4.61333333333333329e+01 4.66880305909370022e-04 5.11242543784374414e-06
 4.61333333333333329e+01 4.62666666666666657e+01 4.61680554666277871e-04 6.48804010432458151e-06
 4.62666666666666657e+01 4.63999999999999986e+01 4.59490491594167832e-04 4.84322510569563213e-06
 4.63999999999999986e+01 4.65333333333333314e+01 4.54165148039214106e-04 5.19893359026056976e-06
 4.65333333333333314e+01 4.66666666666666643e+01 4.47139983300204867e-04 5.02736297157397067e-06
 4.66666666666666643e+01 4.67999999999999972e+01 4.85783784006135505e-04 4.21103310820349788e-05
 4.67999999999999972e+01 4.69333333333333300e+01 4.34903623458537231e-04 4.92452396730921472e-06
 4.69333333333333300e+01 4.70666666666666700e+01 4.38941054260975579e-04 4.57434175734667803e-06
 4.70666666666666700e+01 4.72000000000000028e+01 4.31077340297173720e-04 4.57550511907727323e-06
 4.72000000000000028e+01 4.73333333333333357e+01 4.16724510335983152e-04 4.26247014110316634e-06
 4.73333333333333357e+01 4.74666666666666686e+01 4.38020513255244523e-04 9.75881755631102818e-06
 4.74666666666666686e+01 4.76000000000000014e+01 4.22787320786801842e-04 5.25933517169937603e-06
 4.76000000000000014e+01 4.77333333333333343e+01 4.05157143614705425e-04 4.23519699878577048e-06
 4.77333333333333343e+01 4.78666666666666671e+01 4.07366939582347678e-04 5.11071432955487078e-06
 4.78666666666666671e+01 4.80000000000000000e+01 4.07315089190440785e-04 5.06158837798291952e-06
 4.80000000000000000e+01 4.81333333333333329e+01 4.08584330399639915e-04 5.86896815815045841e-06
 4.81333333333333329e+01 4.82666666666666657e+01 3.85220611030897457e-04 4.71612296498790079e-06
 4.82666666666666657e+01 4.83999999999999986e+01 3.97066747605021681e-04 6.96607818248035233e-06
 4.83999999999999986e+01 4.85333333333333314e+01 3.88618292899236466e-04 4.80541260460697974e-06
 4.85333333333333314e+01 4.86666666666666643e+01 3.79949296140931253e-04 5.46488142191361675e-06
 4.86666666666666643e+01 4.87999999999999972e+01 3.85882981940083867e-04 4.96166629988053999e-06
 4.87999999999999972e+01 4.89333333333333300e+01 3.74340587552729150e-04 4.49090949012093002e-06
 4.89333333333333300e+01 4.90666666666666700e+01 3.67183261174022931e-04 4.68225364590852026e-06
 4.90666666666666700e+01 4.92000000000000028e+01 3.65123636367133055e-04 4.79963625759231774e-06
 4.92000000000000028e+01 4.93333333333333357e+01 3.63226041056038365e-04 5.55197236580557913e-06
 4.93333333333333357e+01 4.94666666666666686e+01 3.62174470472064239e-04 4.77805929283449196e-06
 4.94666666666666686e+01 4.96000000000000014e+01 3.52885012527379030e-04 4.24309348454575577e-06
 4.96000000000000014e+01 4.97333333333333343e+01 3.52233694906881251e-04 5.11841818996735546e-06
 4.97333333333333343e+01 4.98666666666666671e+01 3.41258921797713076e-04 4.47483361925339160e-06
 4.98666666666666671e+01 5.00000000000000000e+01 3.45322512189717463e-04 5.92522292996180855e-06
 5.00000000000000000e+01 5.01333333333333329e+01 3.31787974732783474e-04 4.43811355545756218e-06
 5.01333333333333329e+01 5.02666666666666657e+01 3.34830420051441917e-04 4.25347246527310585e-06
 5.02666666666666657e+01 5.03999999999999986e+01 3.33175927041922293e-04 4.30011889025765667e-06
 5.03999999999999986e+01 5.05333333333333314e+01 3.27018911022647612e-04 4.15935608215814706e-06
 5.05333333333333314e+01 5.06666666666666643e+01 3.28060230072201606e-04 4.36085623116848352e-06
 5.06666666666666643e+01 5.07999999999999972e+01 3.18009175980623422e-04 4.41278861639156355e-06
 5.07999999999999972e+01 5.09333333333333300e+01 3.14438161125179497e-04 4.43406122101156229e-06
 5.09333333333333300e+01 5.10666666666666700e+01 3.14551292429352859e-04 4.24423446416553272e-06
 5.10666666666666700e+01 5.12000000000000028e+01 3.06506624207479443e-04 3.90996938471962029e-06
 5.12000000000000028e+01 5.13333333333333357e+01 3.08809871011888270e-04 4.39002954823399829e-06
 5.13333333333333357e+01 5.14666666666666686e+01 3.00985313720342109e-04 4.11598595391727425e-06
 5.14666666666666686e+01 5.16000000000000014e+01 2.99838037979330968e-04 4.43792173570724294e-06
 5.16000000000000014e+01 5.17333333333333343e+01 2.97898111156694959e-04 5.19502364184461035e-06
 5.17333333333333343e+01 5.18666666666666671e+01 2.94925703450418819e-04 4.49366592488849724e-06
 5.18666666666666671e+01 5.20000000000000000e+01 2.98502501168115928e-04 9.64751243316950152e-06
 5.20000000000000000e+01 5.21333333333333329e+01 2.79492831413274924e-04 4.12304516340060994e-06
 5.21333333333333329e+01 5.22666666666666657e+01 2.81506317250926374e-04 4.92989121007620173e-06
 5.22666666666666657e+01 5.23999999999999986e+01 2.72915838464008983e-04 3.91975354795091422e-06
 5.23999999999999986e+01 5.25333333333333314e+01 2.76998600813032009e-04 3.97334736326192514e-06
 5.25333333333333314e+01 5.26666666666666643e+01 2.77248415577958506e-04 4.33980013620155997e-06
 5.26666666666666643e+01 5.27999999999999972e+01 2.71204821804978168e-04 4.40441954982948094e-06
 5.27999999999999972e+01 5.29333333333333300e+01 2.68694139904879009e-04 4.83021309711484105e-06
 5.29333333333333300e+01 5.30666666666666700e+01 2.69100767381500394e-04 4.21426928021750958e-06
 5.30666666666666700e+01 5.32000000000000028e+01 2.61780197994136146e-04 4.23278639053949680e-06
 5.32000000000000028e+01 5.33333333333333357e+01 2.54193500391909708e-04 3.75401600790426963e-06
 5.33333333333333357e+01 5.34666666666666686e+01 2.60833746061776297e-04 4.89585613281681050e-06
 5.34666666666666686e+01 5.36000000000000014e+01 2.55750852882183724e-04 3.89438368000314887e-06
 5.36000000000000014e+01 5.37333333333333343e+01 2.48925857662546227e-04 3.93973310237309997e-06
 5.37333333333333343e+01 5.38666666666666671e+01 2.48493277243115314e-04 3.97116689727046511e-06
 5.38666666666666671e+01 5.40000000000000000e+01 2.49507546234111160e-04 4.65045307551468339e-06
 5.40000000000000000e+01 5.41333333333333329e+01 2.42520942359584737e-04 3.71664956667353110e-06
 5.41333333333333329e+01 5.42666666666666657e+01 2.36453417566354968e-04 4.00499601977470464e-06
 5.42666666666666657e+01 5.43999999999999986e+01 2.36822598128170613e-04 3.81350148824609388e-06
 5.43999999999999986e+01 5.45333333333333314e+01 2.34116024664584319e-04 5.23036671144195891e-06
 5.45333333333333314e+01 5.46666666666666643e+01 2.29232164681753480e-04 4.12596639653658398e-06
 5.46666666666666643e+01 5.47999999999999972e+01 2.31871077716297105e-04 4.00263647363770238e-06
 5.47999999999999972e+01 5.49333333333333300e+01 2.16030200024726712e-04 3.49621634873393000e-06
 5.49333333333333300e+01 5.50666666666666700e+01 2.25044245321450771e-04 4.11836714001614619e-06
 5.50666666666666700e+01 5.52000000000000028e+01 2.17644086146048782e-04 3.67190916391142422e-06
 5.52000000000000028e+01 5.53333333333333357e+01 2.08038199726740805e-04 3.46641243451744477e-06
 5.53333333333333357e+01 5.54666666666666686e+01 2.11438763105482603e-04 3.57206811606651287e-06
 5.54666666666666686e+01 5.56000000000000014e+01 2.07382401445097990e-04 3.52650342243810403e-06
 5.56000000000000014e+01 5.57333333333333343e+01 2.09441376710677696e-04 3.61092398393096066e-06
 5.57333333333333343e+01 5.58666666666666671e+01 2.15596155440980454e-04 4.19993204882116415e-06
 5.58666666666666671e+01 5.60000000000000000e+01 1.98802500728427592e-04 3.48033307446504636e-06
 5.60000000000000000e+01 5.61333333333333329e+01 2.02285313218645836e-04 3.75732245362952043e-06
 5.61333333333333329e+01 5.62666666666666657e+01 2.04848239583739798e-04 5.78558590572674002e-06
 5.62666666666666657e+01 5.63999999999999986e+01 2.06710221570113878e-04 4.47436622875331361e-06
 5.63999999999999986e+01 5.65333333333333314e+01 1.88252897851971481e-04 3.58789790242995117e-06
 5.65333333333333314e+01 5.66666666666666643e+01 1.94987486238778281e-04 4.35383751654441250e-06
 5.66666666666666643e+01 5.67999999999999972e+01 1.82606248613199722e-04 3.08937955317685822e-06
 5.67999999999999972e+01 5.69333333333333300e+01 1.80653382681642634e-04 3.09642050317119643e-06
 5.69333333333333300e+01 5.70666666666666700e+01 1.80610910555133050e-04 4.04793175083421226e-06
 5.70666666666666700e+01 5.72000000000000028e+01 1.82709944719055862e-04 3.83232562732046690e-06
 5.72000000000000028e+01 5.73333333333333357e+01 1.75904479573968131e-04 3.36585621451707764e-06
 5.73333333333333357e+01 5.74666666666666686e+01 1.79944324937660136e-04 4.22807350941723462e-06
 5.74666666666666686e+01 5.76000000000000014e+01 1.75891316484769910e-04 3.82962918884962840e-06
 5.76000000000000014e+01 5.77333333333333343e+01 1.78110639490285230e-04 4.32626681041539350e-06
 5.77333333333333343e+01 5.78666666666666671e+01 1.73358447354472940e-04 3.64392965468216366e-06
 5.78666666666666671e+01 5.80000000000000000e+01 1.74500089873823213e-04 3.69785791538913298e-06
 5.80000000000000000e+01 5.81333333333333329e+01 1.67696525957545774e-04 3.40104820565864899e-06
 5.81333333333333329e+01 5.82666666666666657e+01 1.68821107433878785e-04 4.32732499790714263e-06
 5.82666666666666657e+01 5.83999999999999986e+01 1.61079873915940001e-04 3.05759770095847186e-06
 5.83999999999999986e+01 5.85333333333333314e+01 1.58780833916403997e-04 3.49948616445665062e-06
 5.85333333333333314e+01 5.86666666666666643e+01 1.56956868536015033e-04 3.13692182615929361e-06
 5.86666666666666643e+01 5.87999999999999972e+01 1.61590449448518173e-04 4.45674127944472487e-06
 5.87999999999999972e+01 5.89333333333333300e+01 1.56950364629482932e-04 4.47287352819655197e-06
 5.89333333333333300e+01 5.90666666666666700e+01 1.59784832602164433e-04 5.48060641236876305e-06
 5.90666666666666700e+01 5.92000000000000028e+01 1.52049273680007388e-04 3.30931304446471204e-06
 5.92000000000000028e+01 5.93333333333333357e+01 1.57440194917963237e-04 8.13432920410507935e-06
 5.93333333333333357e+01 5.94666666666666686e+01 1.57306996536822640e-04 9.98088155680839472e-06
 5.94666666666666686e+01 5.96000000000000014e+01 1.48433333130622459e-04 4.02653726386020651e-06
 5.96000000000000014e+01 5.97333333333333343e+01 1.47480218816344456e-04 3.50568518805052574e-06
 5.97333333333333343e+01 5.98666666666666671e+01 1.37808772855808925e-04 3.16276599003076011e-06
 5.98666666666666671e+01 6.00000000000000000e+01 1.37493697846415182e-04 3.06847463121241672e-06
 6.00000000000000000e+01 6.01333333333333329e+01 1.44263857050136885e-04 3.61549399198119138e-06
 6.01333333333333329e+01 6.02666666666666657e+01 1.35216416182386799e-04 3.11308795800272114e-06
 6.02666666666666657e+01 6.03999999999999986e+01 1.73323725343885263e-04 3.84021224592556631e-05
 6.03999999999999986e+01 6.05333333333333314e+01 1.33875816975462123e-04 3.05391011467083119e-06
 6.05333333333333314e+01 6.06666666666666643e+01 1.50298875508088733e-04 1.48242148985831686e-05
 6.06666666666666643e+01 6.07999999999999972e+01 1.35214739164472343e-04 4.32254758716226319e-06
 6.07999999999999972e+01 6.09333333333333300e+01 1.24409228669499264e-04 2.69467171216905983e-06
 6.09333333333333300e+01 6.10666666666666700e+01 1.31891093389068724e-04 4.12463185095510206e-06
 6.10666666666666700e+01 6.12000000000000028e+01 1.34707851435624990e-04 5.52708369709608364e-06
 6.12000000000000028e+01 6.13333333333333357e+01 1.21175689216500079e-04 2.84800913921385199e-06
 6.13333333333333357e+01 6.14666666666666686e+01 1.18772593585607744e-04 2.99248374345999452e-06
 6.14666666666666686e+01 6.16000000000000014e+01 1.19378193901152480e-04 3.06833553545345926e-06
 6.16000000000000014e+01 6.17333333333333343e+01 1.17446310590884094e-04 3.25658605663128742e-06
 6.17333333333333343e+01 6.18666666666666671e+01 1.13290286982526686e-04 2.68750892815295963e-06
 6.18666666666666671e+01 6.20000000000000000e+01 1.14030408061777162e-04 2.97253533403631228e-06
 6.20000000000000000e+01 6.21333333333333329e+01 1.12956348236215642e-04 3.04638613797246769e-06
 6.21333333333333329e+01 6.22666666666666657e+01 1.11851179587540717e-04 2.95708473094623989e-06
 6.22666666666666657e+01 6.23999999999999986e+01 1.07475958982829002e-04 2.83578258675263807e-06
 6.23999999999999986e+01 6.25333333333333314e+01 1.03514443894981643e-04 2.52355698004411144e-06
 6.25333333333333314e+01 6.26666666666666643e+01 1.02904491821834821e-04 2.46585533818455404e-06
 6.26666666666666643e+01 6.27999999999999972e+01 1.05307160427147546e-04 2.65580486635038039e-06
 6.27999999999999972e+01 6.29333333333333300e+01 1.05386148988955081e-04 2.97446080855007610e-06
 6.29333333333333300e+01 6.30666666666666700e+01 1.05811358198584381e-04 2.92447858642998627e-06
 6.30666666666666700e+01 6.32000000000000028e+01 1.03148168403007667e-04 2.70085377199049530e-06
 6.32000000000000028e+01 6.33333333333333357e+01 1.01326674315884799e-04 2.83287474765612019e-06
 6.33333333333333357e+01 6.34666666666666686e+01 9.67118146126655338e-05 2.47170042826202186e-06
 6.34666666666666686e+01 6.36000000000000014e+01 9.59514216045267927e-05 2.47965454320977334e-06
 6.36000000000000014e+01 6.37333333333333343e+01 9.58309210676917443e-05 2.81175139058100867e-06
 6.37333333333333343e+01 6.38666666666666671e+01 1.00305798628089058e-04 4.18272837987123895e-06
 6.38666666666666671e+01 6.40000000000000000e+01 9.18313442576152485e-05 2.85676410753671082e-06
 6.40000000000000000e+01 6.41333333333333400e+01 9.11465036966624073e-05 2.42891279656825915e-06
 6.41333333333333400e+01 6.42666666666666657e+01 8.89717012878725802e-05 2.50352261431297732e-06
 6.42666666666666657e+01 6.44000000000000057e+01 9.01057613276711318e-05 2.58241195183593204e-06
 6.44000000000000057e+01 6.45333333333333314e+01 9.43776560161454532e-05 3.06699953858813420e-06
 6.45333333333333314e+01 6.46666666666666714e+01 9.57116675078473417e-05 3.35262788227032127e-06
 6.46666666666666714e+01 6.47999999999999972e+01 8.92322327961630725e-05 3.17919851678765774e-06
 6.47999999999999972e+01 6.49333333333333371e+01 8.62421732067824724e-05 4.15292500902829181e-06
 6.49333333333333371e+01 6.50666666666666629e+01 8.22268915536625430e-05 2.55356249937329337e-06
 6.50666666666666629e+01 6.52000000000000028e+01 8.70335433234566244e-05 3.28913472765695734e-06
 6.52000000000000028e+01 6.53333333333333286e+01 7.86972442064994866e-05 2.25290484633330457e-06
 6.53333333333333286e+01 6.54666666666666686e+01 8.32578350795920168e-05 3.22411649499129672e-06
 6.54666666666666686e+01 6.55999999999999943e+01 8.16288577401094739e-05 3.05840412552868138e-06
 6.55999999999999943e+01 6.57333333333333343e+01 8.04843259371157952e-05 2.93224191019207684e-06
 6.57333333333333343e+01 6.58666666666666600e+01 8.03671782184441779e-05 3.01112616869035717e-06
 6.58666666666666600e+01 6.60000000000000000e+01 7.67410928336373865e-05 2.82057873080559130e-06
 6.60000000000000000e+01 6.61333333333333400e+01 7.26951406893589880e-05 2.45402004452020740e-06
 6.61333333333333400e+01 6.62666666666666657e+01 7.10656218509002525e-05 3.18767530295744917e-06
 6.62666666666666657e+01 6.64000000000000057e+01 7.18715437374005807e-05 2.36536989253717463e-06
 6.64000000000000057e+01 6.65333333333333314e+01 7.11379746512864566e-05 6.44871097516980669e-06
 6.65333333333333314e+01 6.66666666666666714e+01 6.96115400877183444e-05 2.44971321626627254e-06
 6.66666666666666714e+01 6.67999999999999972e+01 6.65448522264151348e-05 2.28754753946607171e-06
 6.67999999999999972e+01 6.69333333333333371e+01 7.00012267521231505e-05 3.37040024702881871e-06
 6.69333333333333371e+01 6.70666666666666629e+01 6.79037426702917368e-05 3.30533456522120928e-06
 6.70666666666666629e+01 6.72000000000000028e+01 6.28573293809949976e-05 2.09454427410930484e-06
 6.72000000000000028e+01 6.73333333333333286e+01 6.36928760639791182e-05 2.62558254826540985e-06
 6.73333333333333286e+01 6.74666666666666686e+01 6.18622770647789954e-05 2.58358646914008577e-06
 6.74666666666666686e+01 6.75999999999999943e+01 6.13228459944787149e-05 2.26278232961056837e-06
 6.75999999999999943e+01 6.77333333333333343e+01 5.98588672971529410e-05 2.06953607889041591e-06
 6.77333333333333343e+01 6.78666666666666600e+01 6.07712842981308860e-05 3.76670618174725686e-06
 6.78666666666666600e+01 6.80000000000000000e+01 6.25823664333236170e-05 2.67024038576152257e-06
 6.80000000000000000e+01 6.81333333333333400e+01 6.12943927594804424e-05 3.07782991323202813e-06
 6.81333333333333400e+01 6.82666666666666657e+01 5.52085915482092177e-05 2.38628766286045107e-06
 6.82666666666666657e+01 6.84000000000000057e+01 5.61839852438321779e-05 2.30113451995129195e-06
 6.84000000000000057e+01 6.85333333333333314e+01 5.25538347520201684e-05 2.95598076316232660e-06
 6.85333333333333314e+01 6.86666666666666714e+01 5.05886626187830010e-05 1.70648003226540028e-06
 6.86666666666666714e+01 6.87999999999999972e+01 5.47974225031601137e-05 2.83360665654658048e-06
 6.87999999999999972e+01 6.89333333333333371e+01 5.49408206036395568e-05 2.42747520460602825e-06
 6.89333333333333371e+01 6.90666666666666629e+01 5.19055055289572355e-05 2.08277896362190579e-06
 6.90666666666666629e+01 6.92000000000000028e+01 5.27517891036609579e-05 2.15499406344590511e-06
 6.92000000000000028e+01 6.93333333333333286e+01 5.34651905881977681e-05 2.99806623781282336e-06
 6.93333333333333286e+01 6.94666666666666686e+01 5.00784806200388276e-05 2.04252075791714752e-06
 6.94666666666666686e+01 6.95999999999999943e+01 4.98348283672135051e-05 2.70771252288781952e-06
 6.95999999999999943e+01 6.97333333333333343e+01 4.77161158405979869e-05 2.36270889107892908e-06
 6.97333333333333343e+01 6.98666666666666600e+01 4.66413050731211395e-05 1.99951537925613775e-06
 6.98666666666666600e+01 7.00000000000000000e+01 4.37778507209016197e-05 2.04011599930507742e-06
 7.00000000000000000e+01 7.01333333333333400e+01 5.12566069955487256e-05 6.42515743849475946e-06
 7.01333333333333400e+01 7.02666666666666657e+01 4.79447401748074931e-05 2.90916467638872439e-06
 7.02666666666666657e+01 7.04000000000000057e+01 4.26522858578919745e-05 2.16478406473314917e-06
 7.04000000000000057e+01 7.05333333333333314e+01 4.31453165754635241e-05 2.70216417993875636e-06
 7.05333333333333314e+01 7.06666666666666714e+01 4.29018188779725933e-05 1.99616641500949511e-06
 7.06666666666666714e+01 7.07999999999999972e+01 3.69841932777794321e-05 1.98047478457718470e-06
 7.07999999999999972e+01 7.09333333333333371e+01 3.86419305048245847e-05 1.80924036836306869e-06
 7.09333333333333371e+01 7.10666666666666629e+01 4.71649313527354168e-05 1.25001726490744893e-05
 7.10666666666666629e+01 7.12000000000000028e+01 4.04403809438300346e-05 2.92247440432056288e-06
 7.12000000000000028e+01 7.13333333333333286e+01 3.41126438090966729e-05 1.26875608335959944e-06
 7.13333333333333286e+01 7.14666666666666686e+01 3.54765426836148670e-05 1.98982472168969254e-06
 7.14666666666666686e+01 7.15999999999999943e+01 3.36502560111288389e-05 1.72776205732623379e-06
 7.15999999999999943e+01 7.17333333333333343e+01 4.19793606969304933e-05 6.91305738476066728e-06
 7.17333333333333343e+01 7.18666666666666600e+01 3.39627968259139919e-05 1.71791918939768042e-06
 7.18666666666666600e+01 7.20000000000000000e+01 3.45801653329000781e-05 2.06566462655876411e-06
 7.20000000000000000e+01 7.21333333333333400e+01 3.49893909814706083e-05 2.33877494396820716e-06
 7.21333333333333400e+01 7.22666666666666657e+01 3.45565741545645963e-05 3.03137509119681982e-06
 7.22666666666666657e+01 7.24000000000000057e+01 3.07598455690228015e-05 1.63588500183096557e-06
 7.24000000000000057e+01 7.25333333333333314e+01 3.13603550199993583e-05 1.60715102796233082e-06
 7.25333333333333314e+01 7.26666666666666714e+01 2.91601098445853068e-05 1.72880412206723535e-06
 7.26666666666666714e+01 7.27999999999999972e+01 2.88473109690806996e-05 1.61884504852201751e-06
 7.27999999999999972e+01 7.29333333333333371e+01 2.52301940155576554e-05 1.15034181436922026e-06
 7.29333333333333371e+01 7.30666666666666629e+01 2.39252594350588635e-05 9.77596398557658146e-07
 7.30666666666666629e+01 7.32000000000000028e+01 3.03598380948931155e-05 3.27653610782233569e-06
 7.32000000000000028e+01 7.33333333333333286e+01 2.69445516023698136e-05 1.40536923160572131e-06
 7.33333333333333286e+01 7.34666666666666686e+01 2.54485786467868559e-05 1.67516737300710596e-06
 7.34666666666666686e+01 7.35999999999999943e+01 2.77451587215001285e-05 2.33913672434107602e-06
 7.35999999999999943e+01 7.37333333333333343e+01 2.30373742447618960e-05 1.40547500277432500e-06
 7.37333333333333343e+01 7.38666666666666600e+01 2.35337903266715825e-05 1.32664084713732096e-06
 7.38666666666666600e+01 7.40000000000000000e+01 2.45590410898871994e-05 1.56519239102404143e-06
 7.40000000000000000e+01 7.41333333333333400e+01 2.43503184510139876e-05 1.56537318677755127e-06
 7.41333333333333400e+01 7.42666666666666657e+01 2.19306750786180185e-05 1.36045262467878449e-06
 7.42666666666666657e+01 7.44000000000000057e+01 1.92065644071377210e-05 1.05435180579091489e-06
 7.44000000000000057e+01 7.45333333333333314e+01 1.90391223232843601e-05 1.03020260902674246e-06
 7.45333333333333314e+01 7.46666666666666714e+01 1.76271950580629863e-05 9.41350081403612336e-07
 7.46666666666666714e+01 7.47999999999999972e+01 1.83878999420057011e-05 9.84192411113261578e-07
 7.47999999999999972e+01 7.49333333333333371e+01 1.85467888811132303e-05 1.42666893596772043e-06
 7.49333333333333371e+01 7.50666666666666629e+01 1.70321933302261488e-05 1.16257151122167846e-06
 7.50666666666666629e+01 7.52000000000000028e+01 1.81800570903412626e-05 1.96889907776388464e-06
 7.52000000000000028e+01 7.53333333333333286e+01 1.58810145954180605e-05 9.59505753658857477e-07
 7.53333333333333286e+01 7.54666666666666686e+01 1.57180347277238273e-05 1.02572512506239304e-06
 7.54666666666666686e+01 7.55999999999999943e+01 1.44223359784271695e-05 8.78296415849757788e-07
 7.55999999999999943e+01 7.57333333333333343e+01 1.50581199001883264e-05 1.19121514806781285e-06
 7.57333333333333343e+01 7.58666666666666600e+01 1.29859521678934898e-05 1.04767428809171106e-06
 7.58666666666666600e+01 7.60000000000000000e+01 1.37763614089789750e-05 8.60404431232258057e-07
 7.60000000000000000e+01 7.61333333333333400e+01 1.32261881475072296e-05 9.96183271729312385e-07
 7.61333333333333400e+01 7.62666666666666657e+01 1.23011608090285074e-05 8.81733675525931689e-07
 7.62666666666666657e+01 7.64000000000000057e+01 1.14214782805129553e-05 7.23392212704763333e-07
 7.64000000000000057e+01 7.65333333333333314e+01 1.21733864575733249e-05 8.79420991763868411e-07
 7.65333333333333314e+01 7.66666666666666714e+01 1.18642107414219060e-05 9.68331570045086366e-07
 7.66666666666666714e+01 7.67999999999999972e+01 1.27760555767960519e-05 1.01285998572759355e-06
 7.67999999999999972e+01 7.69333333333333371e+01 9.53650522668753261e-06 7.26112752441337000e-07
 7.69333333333333371e+01 7.70666666666666629e+01 9.29488993474906327e-06 6.80454733224332545e-07
 7.70666666666666629e+01 7.72000000000000028e+01 1.17140555901039905e-05 2.84632100664961406e-06
 7.72000000000000028e+01 7.73333333333333286e+01 8.55521139366530032e-06 6.38975009362631344e-07
 7.73333333333333286e+01 7.74666666666666686e+01 7.11901466930353394e-06 6.01692907741429320e-07
 7.74666666666666686e+01 7.75999999999999943e+01 8.24803815635202475e-06 7.82491935295107859e-07
 7.75999999999999943e+01 7.77333333333333343e+01 9.40829319752167317e-06 9.70669587754796545e-07
 7.77333333333333343e+01 7.78666666666666600e+01 5.75326767241886042e-06 4.60447889986059895e-07
 7.78666666666666600e+01 7.80000000000000000e+01 6.00721123874484875e-06 6.11952652008622910e-07
 7.80000000000000000e+01 7.81333333333333400e+01 5.51146512863537403e-06 6.06751250316335080e-07
 7.81333333333333400e+01 7.82666666666666657e+01 6.49121908392489526e-06 8.62439198620732837e-07
 7.82666666666666657e+01 7.84000000000000057e+01 4.99140343096338322e-06 7.70466606340082100e-07
 7.84000000000000057e+01 7.85333333333333314e+01 5.59720704246719064e-06 8.42224922494773168e-07
 7.85333333333333314e+01 7.86666666666666714e+01 5.17977364799342201e-06 6.81735676673631009e-07
 7.86666666666666714e+01 7.87999999999999972e+01 3.89176874078743936e-06 5.15245718637405412e-07
 7.87999999999999972e+01 7.89333333333333371e+01 4.79049435487982898e-06 1.67002246337236093e-06
 7.89333333333333371e+01 7.90666666666666629e+01 3.43339207475845307e-06 5.96726776664862182e-07
 7.90666666666666629e+01 7.92000000000000028e+01 2.65187408555731114e-06 4.72965988229929831e-07
 7.92000000000000028e+01 7.93333333333333286e+01 1.87783859672509416e-06 3.16713851594202058e-07
 7.93333333333333286e+01 7.94666666666666686e+01 1.24435074496975992e-06 2.20340101025079344e-07
 7.94666666666666686e+01 7.95999999999999943e+01 2.21932041114052584e-06 5.28692560977166034e-07
 7.95999999999999943e+01 7.97333333333333343e+01 7.38173922261381276e-07 2.80079570921254718e-07
 7.97333333333333343e+01 7.98666666666666600e+01 5.50766347011674640e-07 1.66470995555394147e-07
 7.98666666666666600e+01 8.00000000000000000e+01 2.22765132889291579e-07 1.32754846981431795e-07

Histogram:ldphi
 0.00000000000000000e+00 2.99999999999999989e-01 1.02190048719985587e-02 1.85257233686460291e-05
 2.99999999999999989e-01 5.99999999999999978e-01 1.03277960551101701e-02 1.60123607345198125e-05
 5.99999999999999978e-01 9.00000000000000022e-01 1.04186207526563886e-02 1.42720073065478346e-05
 9.00000000000000022e-01 1.19999999999999996e+00 1.05399828134291728e-02 1.42255377994676486e-05
 1.19999999999999996e+00 1.50000000000000000e+00 1.06616188994740867e-02 1.53085688941294566e-05
 1.50000000000000000e+00 1.80000000000000004e+00 1.07675011155263841e-02 1.42594401323209684e-05
 1.80000000000000004e+00 2.10000000000000009e+00 1.09475804608787659e-02 1.37860358447914937e-05
 2.10000000000000009e+00 2.39999999999999991e+00 1.10931142310835128e-02 1.55200139878863908e-05
 2.39999999999999991e+00 2.70000000000000018e+00 1.12504760290555225e-02 1.60315807096242397e-05
 2.70000000000000018e+00 3.00000000000000000e+00 1.13175856189397257e-02 1.33212304972178378e-05
 3.00000000000000000e+00 3.29999999999999982e+00 1.12833220668194460e-02 1.47644920449699503e-05
 3.29999999999999982e+00 3.60000000000000009e+00 1.11921026784580248e-02 1.78722045361539246e-05
 3.60000000000000009e+00 3.89999999999999991e+00 1.10806583742678287e-02 1.73997817386967052e-05
 3.89999999999999991e+00 4.20000000000000018e+00 1.09454074543068117e-02 1.55029456655456453e-05
 4.20000000000000018e+00 4.50000000000000000e+00 1.08030400989769289e-02 1.46807367197166413e-05
 4.50000000000000000e+00 4.79999999999999982e+00 1.06765952032302665e-02 1.32750770012244994e-05
 4.79999999999999982e+00 5.09999999999999964e+00 1.05630591104004246e-02 1.46233189597209166e-05
 5.09999999999999964e+00 5.40000000000000036e+00 1.04642384753075683e-02 2.20212121626134679e-05
 5.40000000000000036e+00 5.70000000000000018e+00 1.03284940921136454e-02 1.25617378409348283e-05
 5.70000000000000018e+00 6.00000000000000000e+00 1.02189107345230859e-02 1.35183475696636951e-05
 6.00000000000000000e+00 6.29999999999999982e+00 1.01125568981846482e-02 1.22231799699974361e-05
 6.29999999999999982e+00 6.59999999999999964e+00 1.00368688950286025e-02 1.32126232755120020e-05
 6.59999999999999964e+00 6.90000000000000036e+00 9.93845701777747691e-03 1.21626051291560054e-05
 6.90000000000000036e+00 7.20000000000000018e+00 9.85559552124469843e-03 1.18601663228575743e-05
 7.20000000000000018e+00 7.50000000000000000e+00 9.80903501936618467e-03 1.42533498501296424e-05
 7.50000000000000000e+00 7.79999999999999982e+00 9.75912254282456856e-03 1.27960688188615362e-05
 7.79999999999999982e+00 8.09999999999999964e+00 9.70148154146935685e-03 1.30622564065406949e-05
 8.09999999999999964e+00 8.40000000000000036e+00 9.66150444400627924e-03 1.19654095130784072e-05
 8.40000000000000036e+00 8.69999999999999929e+00 9.64537920989314533e-03 1.31631462562137194e-05
 8.69999999999999929e+00 9.00000000000000000e+00 9.61935432808374777e-03 1.36070752393545131e-05
 9.00000000000000000e+00 9.30000000000000071e+00 9.63633588416776612e-03 1.15237591356174415e-05
 9.30000000000000071e+00 9.59999999999999964e+00 9.65551947720438841e-03 1.05397427220485873e-05
 9.59999999999999964e+00 9.90000000000000036e+00 9.70835957766182783e-03 1.14945066492329473e-05
 9.90000000000000036e+00 1.01999999999999993e+01 9.77274331469687833e-03 1.15731927232288611e-05
 1.01999999999999993e+01 1.05000000000000000e+01 9.82598405454611010e-03 1.34085657219090284e-05
 1.05000000000000000e+01 1.08000000000000007e+01 9.85782299589561643e-03 1.14022679509655372e-05
 1.08000000000000007e+01 1.10999999999999996e+01 9.87571155509364348e-03 1.15786058406047514e-05
 1.10999999999999996e+01 1.14000000000000004e+01 9.86679304401598053e-03 1.09027442449138221e-05
 1.14000000000000004e+01 1.16999999999999993e+01 9.89413134127225223e-03 1.18261849025706715e-05
 1.16999999999999993e+01 1.20000000000000000e+01 9.87422770882346625e-03 1.23069771717556757e-05
 1.20000000000000000e+01 1.23000000000000007e+01 9.82321315975150273e-03 1.25726502555934630e-05
 1.23000000000000007e+01 1.25999999999999996e+01 9.66622284990146206e-03 1.15776407195581938e-05
 1.25999999999999996e+01 1.29000000000000004e+01 9.46917162860014087e-03 9.78276793155290710e-06
 1.29000000000000004e+01 1.31999999999999993e+01 9.26934509342005990e-03 1.00182206397088803e-05
 1.31999999999999993e+01 1.35000000000000000e+01 9.02554876011394530e-03 9.22895411059386988e-06
 1.35000000000000000e+01 1.38000000000000007e+01 8.79001067598609784e-03 1.01431608992311141e-05
 1.38000000000000007e+01 1.40999999999999996e+01 8.54573310921745606e-03 8.76795917819526533e-06
 1.40999999999999996e+01 1.44000000000000004e+01 8.28177771799288621e-03 8.74989670274137403e-06
 1.44000000000000004e+01 1.46999999999999993e+01 8.04796183079412378e-03 8.89853893024708035e-06
 1.46999999999999993e+01 1.50000000000000000e+01 7.82088454826790520e-03 9.12694235747182958e-06
 1.50000000000000000e+01 1.53000000000000007e+01 7.60954131315600638e-03 8.98362476632912069e-06
 1.53000000000000007e+01 1.55999999999999996e+01 7.37196725949328200e-03 8.01156546254107443e-06
 1.55999999999999996e+01 1.59000000000000004e+01 7.16041253565468262e-03 7.84972743737306623e-06
 1.59000000000000004e+01 1.61999999999999993e+01 6.93658622746099948e-03 8.01881392710572708e-06
 1.61999999999999993e+01 1.65000000000000000e+01 6.73209663241142436e-03 7.89124520299001910e-06
 1.65000000000000000e+01 1.68000000000000007e+01 6.56560873742087058e-03 7.44373520776214914e-06
 1.68000000000000007e+01 1.71000000000000014e+01 6.38186138726774734e-03 1.39004103608154346e-05
 1.71000000000000014e+01 1.73999999999999986e+01 6.19059840113886112e-03 7.19114866341528213e-06
 1.73999999999999986e+01 1.76999999999999993e+01 6.02557211865795139e-03 7.29616097419627936e-06
 1.76999999999999993e+01 1.80000000000000000e+01 5.86164748668304824e-03 7.12203077305887672e-06
 1.80000000000000000e+01 1.83000000000000007e+01 5.69906731568145444e-03 7.20692423345239152e-06
 1.83000000000000007e+01 1.86000000000000014e+01 5.55866219966682194e-03 7.86285255385607320e-06
 1.86000000000000014e+01 1.88999999999999986e+01 5.41264628326389597e-03 6.77859237574877010e-06
 1.88999999999999986e+01 1.91999999999999993e+01 5.27398554182489151e-03 7.35973624367631546e-06
 1.91999999999999993e+01 1.95000000000000000e+01 5.15203117980870314e-03 7.11390537936597913e-06
 1.95000000000000000e+01 1.98000000000000007e+01 5.00429952733590783e-03 6.65850995257975293e-06
 1.98000000000000007e+01 2.01000000000000014e+01 4.87964864043613066e-03 6.65748840976878318e-06
 2.01000000000000014e+01 2.03999999999999986e+01 4.77886483624594040e-03 1.04601574152552335e-05
 2.03999999999999986e+01 2.06999999999999993e+01 4.65838073558324465e-03 6.64622134923819693e-06
 2.06999999999999993e+01 2.10000000000000000e+01 4.54258014309564737e-03 6.39266725600123458e-06
 2.10000000000000000e+01 2.13000000000000007e+01 4.43744396544113167e-03 6.55509252660498600e-06
 2.13000000000000007e+01 2.16000000000000014e+01 4.32946808121719914e-03 6.25845819865363549e-06
 2.16000000000000014e+01 2.18999999999999986e+01 4.21277092314690203e-03 6.06304049497818832e-06
 2.18999999999999986e+01 2.21999999999999993e+01 4.13284245264811459e-03 6.28538360588699482e-06
 2.21999999999999993e+01 2.25000000000000000e+01 4.02474895119820080e-03 5.96195536798394082e-06
 2.25000000000000000e+01 2.28000000000000007e+01 3.93103023824375140e-03 5.83360045398413221e-06
 2.28000000000000007e+01 2.31000000000000014e+01 3.84833245264072166e-03 6.01506377632271035e-06
 2.31000000000000014e+01 2.33999999999999986e+01 3.76886852457589908e-03 6.24651409846178747e-06
 2.33999999999999986e+01 2.36999999999999993e+01 3.68761870792741128e-03 6.01140957163953427e-06
 2.36999999999999993e+01 2.40000000000000000e+01 3.60332002275437144e-03 5.89142357626496462e-06
 2.40000000000000000e+01 2.43000000000000007e+01 3.52518890037363053e-03 5.67855852830045746e-06
 2.43000000000000007e+01 2.46000000000000014e+01 3.44632619384303189e-03 6.02651874273680456e-06
 2.46000000000000014e+01 2.48999999999999986e+01 3.37283897710072061e-03 5.56374082151295420e-06
 2.48999999999999986e+01 2.51999999999999993e+01 3.30028060482350167e-03 5.71556304016050484e-06
 2.51999999999999993e+01 2.55000000000000000e+01 3.23523844713396362e-03 5.49952850932775728e-06
 2.55000000000000000e+01 2.58000000000000007e+01 3.17487325573925262e-03 5.34565606644453220e-06
 2.58000000000000007e+01 2.61000000000000014e+01 3.10078894283633911e-03 5.38895785791749879e-06
 2.61000000000000014e+01 2.63999999999999986e+01 3.03617438962044137e-03 5.14134617027796466e-06
 2.63999999999999986e+01 2.66999999999999993e+01 2.97074617612672022e-03 5.21736752378388182e-06
 2.66999999999999993e+01 2.70000000000000000e+01 2.90399918792122154e-03 5.02433577181046290e-06
 2.70000000000000000e+01 2.73000000000000007e+01 2.85636348292610991e-03 5.08403816743926113e-06
 2.73000000000000007e+01 2.76000000000000014e+01 2.80519254897298618e-03 4.99009070079474944e-06
 2.76000000000000014e+01 2.78999999999999986e+01 2.75721643585400593e-03 5.17234425948714829e-06
 2.78999999999999986e+01 2.81999999999999993e+01 2.70215773650446175e-03 5.24032537783547061e-06
 2.81999999999999993e+01 2.85000000000000000e+01 2.64291781203599644e-03 4.91984691365303119e-06
 2.85000000000000000e+01 2.88000000000000007e+01 2.59335252719669791e-03 4.85395356074952984e-06
 2.88000000000000007e+01 2.91000000000000014e+01 2.54818519442069234e-03 4.96402643094641848e-06
 2.91000000000000014e+01 2.93999999999999986e+01 2.49292276900106753e-03 4.89323622692391296e-06
 2.93999999999999986e+01 2.96999999999999993e+01 2.46224926710481235e-03 5.39674619619376282e-06
 2.96999999999999993e+01 3.00000000000000000e+01 2.40541868154257443e-03 4.75829058131506943e-06
 3.00000000000000000e+01 3.03000000000000007e+01 2.35258439812607205e-03 4.89729261644523271e-06
 3.03000000000000007e+01 3.06000000000000014e+01 2.31917527506274746e-03 4.75400462361486637e-06
 3.06000000000000014e+01 3.08999999999999986e+01 2.27622684971647785e-03 5.12559734637510685e-06
 3.08999999999999986e+01 3.11999999999999993e+01 2.23427495066637295e-03 4.53024742936535268e-06
 3.11999999999999993e+01 3.15000000000000000e+01 2.18802543143877763e-03 4.57879254756055313e-06
 3.15000000000000000e+01 3.18000000000000007e+01 2.15075135234459557e-03 4.47349354789571957e-06
 3.18000000000000007e+01 3.21000000000000014e+01 2.11943638549450019e-03 4.75036044556113292e-06
 3.21000000000000014e+01 3.23999999999999986e+01 2.07585621306127571e-03 4.67853194714892462e-06
 3.23999999999999986e+01 3.27000000000000028e+01 2.03908228372679141e-03 4.43793050880425739e-06
 3.27000000000000028e+01 3.30000000000000000e+01 2.01047226728566205e-03 4.59420605000982613e-06
 3.30000000000000000e+01 3.32999999999999972e+01 1.97210491593166701e-03 4.22798915330948884e-06
 3.32999999999999972e+01 3.36000000000000014e+01 1.93014419162588417e-03 4.23025094181143701e-06
 3.36000000000000014e+01 3.38999999999999986e+01 1.90500824726259031e-03 4.74234117297857479e-06
 3.38999999999999986e+01 3.42000000000000028e+01 1.87272235950640496e-03 4.98473731653597804e-06
 3.42000000000000028e+01 3.45000000000000000e+01 1.84463541838341652e-03 4.02823588786277683e-06
 3.45000000000000000e+01 3.47999999999999972e+01 1.80483526090072103e-03 4.75824278584210926e-06
 3.47999999999999972e+01 3.51000000000000014e+01 1.78029820159124005e-03 4.70840164806096577e-06
 3.51000000000000014e+01 3.53999999999999986e+01 1.75494657430602468e-03 4.31020705558144038e-06
 3.53999999999999986e+01 3.57000000000000028e+01 1.72079693522686548e-03 4.04544791438442528e-06
 3.57000000000000028e+01 3.60000000000000000e+01 1.69891024543842965e-03 4.30332071228740475e-06
 3.60000000000000000e+01 3.62999999999999972e+01 1.66835276219769700e-03 4.22420306445908448e-06
 3.62999999999999972e+01 3.66000000000000014e+01 1.64038753458392778e-03 4.03999291786910991e-06
 3.66000000000000014e+01 3.68999999999999986e+01 1.61627966374275540e-03 3.98760195094398458e-06
 3.68999999999999986e+01 3.72000000000000028e+01 1.58773846488095079e-03 3.89554506353548989e-06
 3.72000000000000028e+01 3.75000000000000000e+01 1.56506182675890783e-03 3.90657307071088504e-06
 3.75000000000000000e+01 3.77999999999999972e+01 1.54562620439698700e-03 3.85682092287944673e-06
 3.77999999999999972e+01 3.81000000000000014e+01 1.51910330608301457e-03 4.10068039774335306e-06
 3.81000000000000014e+01 3.83999999999999986e+01 1.49177698403966854e-03 3.82060406380514242e-06
 3.83999999999999986e+01 3.87000000000000028e+01 1.46959086607813261e-03 3.89172667672183993e-06
 3.87000000000000028e+01 3.90000000000000000e+01 1.44008087058250219e-03 4.03522180930769207e-06
 3.90000000000000000e+01 3.92999999999999972e+01 1.43095294808689012e-03 8.20326161596772421e-06
 3.92999999999999972e+01 3.96000000000000014e+01 1.40203791496703277e-03 3.88740866880437461e-06
 3.96000000000000014e+01 3.98999999999999986e+01 1.37565784963637337e-03 3.85004743782572288e-06
 3.98999999999999986e+01 4.02000000000000028e+01 1.35659416106836657e-03 3.78251671059761652e-06
 4.02000000000000028e+01 4.05000000000000000e+01 1.33867149004581257e-03 3.76782154461208926e-06
 4.05000000000000000e+01 4.07999999999999972e+01 1.32459122113218674e-03 3.91572665459146782e-06
 4.07999999999999972e+01 4.11000000000000014e+01 1.30094199396812776e-03 3.61261056383077312e-06
 4.11000000000000014e+01 4.13999999999999986e+01 1.28292428915715738e-03 3.64226134625062097e-06
 4.13999999999999986e+01 4.17000000000000028e+01 1.26382516337714438e-03 3.92063240753471128e-06
 4.17000000000000028e+01 4.20000000000000000e+01 1.24115791008242772e-03 3.74746234211102748e-06
 4.20000000000000000e+01 4.22999999999999972e+01 1.23267187045792196e-03 4.29174572800007856e-06
 4.22999999999999972e+01 4.26000000000000014e+01 1.20864003090729233e-03 3.81300423978137686e-06
 4.26000000000000014e+01 4.28999999999999986e+01 1.18737860630073206e-03 3.79830910852820140e-06
 4.28999999999999986e+01 4.32000000000000028e+01 1.17786613386230607e-03 3.80381952972304502e-06
 4.32000000000000028e+01 4.35000000000000000e+01 1.15172268386677526e-03 3.64501175855339915e-06
 4.35000000000000000e+01 4.37999999999999972e+01 1.13571061252191801e-03 3.40449683560171593e-06
 4.37999999999999972e+01 4.41000000000000014e+01 1.11909108789606544e-03 3.44613235572312312e-06
 4.41000000000000014e+01 4.43999999999999986e+01 1.11026072709040770e-03 3.41442516482125656e-06
 4.43999999999999986e+01 4.47000000000000028e+01 1.09722002218480921e-03 4.19507031209292604e-06
 4.47000000000000028e+01 4.50000000000000000e+01 1.08410874114404552e-03 3.53716550355543434e-06
 4.50000000000000000e+01 4.52999999999999972e+01 1.05563990248112860e-03 3.54156193679954118e-06
 4.52999999999999972e+01 4.56000000000000014e+01 1.04594255526957252e-03 3.39861028458806871e-06
 4.56000000000000014e+01 4.58999999999999986e+01 1.03723291951391653e-03 3.41845133744916118e-06
 4.58999999999999986e+01 4.62000000000000028e+01 1.01746978313421027e-03 3.44969899884045420e-06
 4.62000000000000028e+01 4.65000000000000000e+01 1.00677018422367401e-03 3.42092543718222134e-06
 4.65000000000000000e+01 4.67999999999999972e+01 9.93575305306886774e-04 3.43047101657960804e-06
 4.67999999999999972e+01 4.71000000000000014e+01 9.80983673822531134e-04 3.43954004378020665e-06
 4.71000000000000014e+01 4.73999999999999986e+01 9.64688816675640854e-04 3.24808906933311299e-06
 4.73999999999999986e+01 4.77000000000000028e+01 9.53224740415519823e-04 3.23950478086480247e-06
 4.77000000000000028e+01 4.80000000000000000e+01 9.40246596849240329e-04 3.32616316487562308e-06
 4.80000000000000000e+01 4.82999999999999972e+01 9.25505196214975118e-04 3.29771431888556982e-06
 4.82999999999999972e+01 4.86000000000000014e+01 9.12717488564670555e-04 3.90488567456621611e-06
 4.86000000000000014e+01 4.88999999999999986e+01 9.01971719385205486e-04 3.22146186202732817e-06
 4.88999999999999986e+01 4.92000000000000028e+01 8.89546562266138011e-04 3.34009490567158579e-06
 4.92000000000000028e+01 4.95000000000000000e+01 8.83374392016610067e-04 3.74783325941826739e-06
 4.95000000000000000e+01 4.97999999999999972e+01 8.66892300946936825e-04 5.11897808704084250e-06
 4.97999999999999972e+01 5.01000000000000014e+01 8.57550222215804894e-04 3.20361275605047196e-06
 5.01000000000000014e+01 5.03999999999999986e+01 8.45399859320873398e-04 3.21135512999681637e-06
 5.03999999999999986e+01 5.07000000000000028e+01 8.35272237541141997e-04 3.25156392417915840e-06
 5.07000000000000028e+01 5.10000000000000000e+01 8.23196081284920090e-04 3.16845965191938575e-06
 5.10000000000000000e+01 5.12999999999999972e+01 8.14773102436767808e-04 3.27088502870720326e-06
 5.12999999999999972e+01 5.16000000000000014e+01 8.05442837788253557e-04 3.05581664315910196e-06
 5.16000000000000014e+01 5.18999999999999986e+01 7.85262471830710249e-04 3.06094781970843181e-06
 5.18999999999999986e+01 5.22000000000000028e+01 7.81283410417949755e-04 3.12947811177285591e-06
 5.22000000000000028e+01 5.25000000000000000e+01 7.71249312310262397e-04 3.22718153659857884e-06
 5.25000000000000000e+01 5.27999999999999972e+01 7.62441063701161520e-04 3.21218506651113458e-06
 5.27999999999999972e+01 5.31000000000000014e+01 7.54280910271481531e-04 3.03385151908356518e-06
 5.31000000000000014e+01 5.33999999999999986e+01 7.50464822341486522e-04 3.50193797758427729e-06
 5.33999999999999986e+01 5.37000000000000028e+01 7.42224598453134691e-04 3.06957391307840723e-06
 5.37000000000000028e+01 5.40000000000000000e+01 7.24662639618900537e-04 3.00184363643577823e-06
 5.40000000000000000e+01 5.42999999999999972e+01 7.18598175722845543e-04 3.29026162717164901e-06
 5.42999999999999972e+01 5.46000000000000014e+01 7.12536446410952742e-04 3.07582366830172133e-06
 5.46000000000000014e+01 5.48999999999999986e+01 6.99773393374107915e-04 3.21996041429136140e-06
 5.48999999999999986e+01 5.52000000000000028e+01 6.98504007922358806e-04 3.09938654707388111e-06
 5.52000000000000028e+01 5.55000000000000000e+01 6.84577459185932457e-04 3.01696861625500240e-06
 5.55000000000000000e+01 5.57999999999999972e+01 6.81360618242308688e-04 3.21773387635130711e-06
 5.57999999999999972e+01 5.61000000000000014e+01 6.67456876178649031e-04 2.90269529819053949e-06
 5.61000000000000014e+01 5.63999999999999986e+01 6.61267413571261327e-04 3.01669315658801833e-06
 5.63999999999999986e+01 5.67000000000000028e+01 6.56351050054017468e-04 3.04588363605881952e-06
 5.67000000000000028e+01 5.70000000000000000e+01 6.44213686541655266e-04 2.93580655354221741e-06
 5.70000000000000000e+01 5.72999999999999972e+01 6.36536783357091046e-04 2.97418212690739506e-06
 5.72999999999999972e+01 5.76000000000000014e+01 6.33350315051914000e-04 3.02341478158997229e-06
 5.76000000000000014e+01 5.78999999999999986e+01 6.19732995803596491e-04 2.90212130316384456e-06
 5.78999999999999986e+01 5.82000000000000028e+01 6.16642105240168071e-04 3.68852213507114130e-06
 5.82000000000000028e+01 5.85000000000000000e+01 6.05203134105766869e-04 2.87122866056236034e-06
 5.85000000000000000e+01 5.87999999999999972e+01 5.98544639774690156e-04 2.97031437965490674e-06
 5.87999999999999972e+01 5.91000000000000014e+01 5.94604876677661117e-04 2.86770790922978085e-06
 5.91000000000000014e+01 5.93999999999999986e+01 5.84639208617621629e-04 2.88841217275805029e-06
 5.93999999999999986e+01 5.97000000000000028e+01 5.83408808497091645e-04 3.45574116118654241e-06
 5.97000000000000028e+01 6.00000000000000000e+01 5.73004424805784304e-04 3.02470032667788697e-06
 6.00000000000000000e+01 6.02999999999999972e+01 5.67497670085427065e-04 2.89728050731647808e-06
 6.02999999999999972e+01 6.06000000000000014e+01 5.61210115100258021e-04 2.78900584590962426e-06
 6.06000000000000014e+01 6.08999999999999986e+01 5.60783754234584430e-04 3.19877580630455269e-06
 6.08999999999999986e+01 6.12000000000000028e+01 5.47125826035712573e-04 2.80225120981008090e-06
 6.12000000000000028e+01 6.15000000000000000e+01 5.41540390602740116e-04 2.83155404212494548e-06
 6.15000000000000000e+01 6.17999999999999972e+01 5.40038281315659415e-04 2.97349114892446030e-06
 6.17999999999999972e+01 6.21000000000000014e+01 5.28218485132821397e-04 2.95473248064887799e-06
 6.21000000000000014e+01 6.23999999999999986e+01 5.26360571282233022e-04 2.77105830186080217e-06
 6.23999999999999986e+01 6.27000000000000028e+01 5.22624425663069316e-04 3.20465335689930228e-06
 6.27000000000000028e+01 6.30000000000000000e+01 5.11654990393853792e-04 2.80991178987110718e-06
 6.30000000000000000e+01 6.32999999999999972e+01 5.08507077557291591e-04 2.81051686215121909e-06
 6.32999999999999972e+01 6.36000000000000014e+01 5.01311372561751034e-04 2.78889620851019876e-06
 6.36000000000000014e+01 6.38999999999999986e+01 4.96780035284771792e-04 2.81521855929982027e-06
 6.38999999999999986e+01 6.42000000000000028e+01 4.95230783613454873e-04 2.78293685771616238e-06
 6.42000000000000028e+01 6.45000000000000000e+01 4.87358080031791217e-04 2.90276665792467499e-06
 6.45000000000000000e+01 6.47999999999999972e+01 4.82775308661251084e-04 2.85037005935561215e-06
 6.47999999999999972e+01 6.50999999999999943e+01 4.84441892152125565e-04 3.32193801889782905e-06
 6.50999999999999943e+01 6.54000000000000057e+01 4.70972855169154894e-04 2.78341431776819202e-06
 6.54000000000000057e+01 6.57000000000000028e+01 4.61442964948538504e-04 2.73673100382369836e-06
 6.57000000000000028e+01 6.60000000000000000e+01 4.63969051721417624e-04 2.81807195014763346e-06
 6.60000000000000000e+01 6.62999999999999972e+01 4.58153329076656159e-04 2.64617362114601418e-06
 6.62999999999999972e+01 6.65999999999999943e+01 4.48859372665926187e-04 2.67121165770602671e-06
 6.65999999999999943e+01 6.69000000000000057e+01 4.52741691897861590e-04 2.89371281949252462e-06
 6.69000000000000057e+01 6.72000000000000028e+01 4.45583539143976038e-04 2.76151730927417795e-06
 6.72000000000000028e+01 6.75000000000000000e+01 4.41758280248371541e-04 2.72858982263209002e-06
 6.75000000000000000e+01 6.77999999999999972e+01 4.53350717260872266e-04 1.86598094262347431e-05
 6.77999999999999972e+01 6.80999999999999943e+01 4.24487870716832867e-04 3.12889301957759854e-06
 6.80999999999999943e+01 6.84000000000000057e+01 4.25502838421922892e-04 2.67106937632363182e-06
 6.84000000000000057e+01 6.87000000000000028e+01 4.23123153690254609e-04 2.81515529175813714e-06
 6.87000000000000028e+01 6.90000000000000000e+01 4.10742244282361502e-04 2.60191669365308052e-06
 6.90000000000000000e+01 6.92999999999999972e+01 4.12009639891576865e-04 3.38283898273852314e-06
 6.92999999999999972e+01 6.95999999999999943e+01 4.07728139840142934e-04 2.61887740482992226e-06
 6.95999999999999943e+01 6.99000000000000057e+01 4.06411918516062006e-04 2.77914088981193888e-06
 6.99000000000000057e+01 7.02000000000000028e+01 4.00504827532941084e-04 2.59980703460473364e-06
 7.02000000000000028e+01 7.05000000000000000e+01 3.91517978421817550e-04 2.64265085656955739e-06
 7.05000000000000000e+01 7.07999999999999972e+01 3.94828178050348128e-04 2.85867087406922489e-06
 7.07999999999999972e+01 7.10999999999999943e+01 3.88597204674546103e-04 2.75310815232904253e-06
 7.10999999999999943e+01 7.14000000000000057e+01 3.85508338520619532e-04 2.57042540839667637e-06
 7.14000000000000057e+01 7.17000000000000028e+01 3.85088360308512962e-04 3.88777583314710524e-06
 7.17000000000000028e+01 7.20000000000000000e+01 3.75343501843663455e-04 2.56495414827395514e-06
 7.20000000000000000e+01 7.22999999999999972e+01 3.72389895489310513e-04 2.59836536174565369e-06
 7.22999999999999972e+01 7.25999999999999943e+01 3.72272468324402143e-04 2.70029748603817132e-06
 7.25999999999999943e+01 7.29000000000000057e+01 3.67510532260554570e-04 3.63547315703638483e-06
 7.29000000000000057e+01 7.32000000000000028e+01 3.59042152057707689e-04 2.51078265399164501e-06
 7.32000000000000028e+01 7.35000000000000000e+01 3.57691428262220433e-04 2.48656817062208979e-06
 7.35000000000000000e+01 7.37999999999999972e+01 3.58346741511070591e-04 2.61855798073289763e-06
 7.37999999999999972e+01 7.40999999999999943e+01 3.48503279811002229e-04 2.55562054411614359e-06
 7.40999999999999943e+01 7.44000000000000057e+01 3.49683210565501714e-04 2.80176828478416081e-06
 7.44000000000000057e+01 7.47000000000000028e+01 3.41582362866693558e-04 2.41121257731552833e-06
 7.47000000000000028e+01 7.50000000000000000e+01 3.37989316839222629e-04 2.48033467389268854e-06
 7.50000000000000000e+01 7.52999999999999972e+01 3.35710610068899284e-04 2.53482389174273801e-06
 7.52999999999999972e+01 7.55999999999999943e+01 3.36756995790319247e-04 2.68268978367835020e-06
 7.55999999999999943e+01 7.59000000000000057e+01 3.31636563360120280e-04 2.48070786723290704e-06
 7.59000000000000057e+01 7.62000000000000028e+01 3.27110844758360896e-04 2.40004679189233302e-06
 7.62000000000000028e+01 7.65000000000000000e+01 3.31416865656469859e-04 3.55743077065258345e-06
 7.65000000000000000e+01 7.67999999999999972e+01 3.18159986380037532e-04 2.41896982077518152e-06
 7.67999999999999972e+01 7.70999999999999943e+01 3.17066424812860524e-04 2.49972812602711578e-06
 7.70999999999999943e+01 7.74000000000000057e+01 3.13788748927028099e-04 2.60974449991508859e-06
 7.74000000000000057e+01 7.77000000000000028e+01 3.21248268518908658e-04 5.06407783916557388e-06
 7.77000000000000028e+01 7.80000000000000000e+01 3.12596738787700450e-04 2.47334329508345321e-06
 7.80000000000000000e+01 7.82999999999999972e+01 3.05440363734873468e-04 2.47933631054711375e-06
 7.82999999999999972e+01 7.85999999999999943e+01 3.03655417832663168e-04 2.63130799600471025e-06
 7.85999999999999943e+01 7.89000000000000057e+01 3.01649775720567830e-04 2.56570560327548429e-06
 7.89000000000000057e+01 7.92000000000000028e+01 2.99666372946995471e-04 2.43732925108006395e-06
 7.92000000000000028e+01 7.95000000000000000e+01 2.92223246874730440e-04 2.39752996140057339e-06
 7.95000000000000000e+01 7.97999999999999972e+01 2.92630737388808917e-04 2.75246158699337240e-06
 7.97999999999999972e+01 8.00999999999999943e+01 2.93547983474980341e-04 2.96210224124056197e-06
 8.00999999999999943e+01 8.04000000000000057e+01 2.91955309754172608e-04 2.52126057162338630e-06
 8.04000000000000057e+01 8.07000000000000028e+01 2.88377801147491860e-04 2.62681319401280523e-06
 8.07000000000000028e+01 8.10000000000000000e+01 2.78239581277725772e-04 2.43914782958451948e-06
 8.10000000000000000e+01 8.12999999999999972e+01 2.75378607649402751e-04 2.43156729323435198e-06
 8.12999999999999972e+01 8.15999999999999943e+01 2.79511452104227130e-04 2.69973943122765763e-06
 8.15999999999999943e+01 8.19000000000000057e+01 2.74065496654933040e-04 2.47848134600980563e-06
 8.19000000000000057e+01 8.22000000000000028e+01 2.72423675102436455e-04 2.45166349633684753e-06
 8.22000000000000028e+01 8.25000000000000000e+01 2.72902568789241506e-04 2.64393213919029401e-06
 8.25000000000000000e+01 8.27999999999999972e+01 2.65976630201083771e-04 2.35902516211987697e-06
 8.27999999999999972e+01 8.30999999999999943e+01 2.61950107111554487e-04 2.38370251236296966e-06
 8.30999999999999943e+01 8.34000000000000057e+01 2.70774798404888636e-04 2.76634965489847200e-06
 8.34000000000000057e+01 8.37000000000000028e+01 2.62878500184035764e-04 2.36509993533711308e-06
 8.37000000000000028e+01 8.40000000000000000e+01 2.57684155265737870e-04 2.44175121041782982e-06
 8.40000000000000000e+01 8.42999999999999972e+01 2.54213413871978667e-04 2.29893882102786932e-06
 8.42999999999999972e+01 8.45999999999999943e+01 2.50787081014947825e-04 2.40325852098009231e-06
 8.45999999999999943e+01 8.49000000000000057e+01 2.55403347413144389e-04 2.53488294242800599e-06
 8.49000000000000057e+01 8.52000000000000028e+01 2.48514500976908150e-04 2.30844764865196575e-06
 8.52000000000000028e+01 8.55000000000000000e+01 2.54641487309890523e-04 2.48150794822730374e-06
 8.55000000000000000e+01 8.57999999999999972e+01 2.49164899341353303e-04 2.50849289720261384e-06
 8.57999999999999972e+01 8.60999999999999943e+01 2.44706457961072355e-04 2.54636615545446794e-06
 8.60999999999999943e+01 8.64000000000000057e+01 2.39324917632323576e-04 2.30531141634448755e-06
 8.64000000000000057e+01 8.67000000000000028e+01 2.37403348091037294e-04 2.24481917084494370e-06
 8.67000000000000028e+01 8.70000000000000000e+01 2.36116332661556261e-04 2.67395303989774115e-06
 8.70000000000000000e+01 8.72999999999999972e+01 2.34529792349425441e-04 2.34623648874815825e-06
 8.72999999999999972e+01 8.75999999999999943e+01 2.30837874260133484e-04 2.35680604978874592e-06
 8.75999999999999943e+01 8.79000000000000057e+01 2.25162968375237606e-04 2.30045789105641120e-06
 8.79000000000000057e+01 8.82000000000000028e+01 2.29370421015606283e-04 2.45081472007866600e-06
 8.82000000000000028e+01 8.85000000000000000e+01 2.25215956595552029e-04 2.25244395977723207e-06
 8.85000000000000000e+01 8.87999999999999972e+01 2.27220391869225230e-04 2.67774982762743565e-06
 8.87999999999999972e+01 8.90999999999999943e+01 2.24348311339141263e-04 2.28679203400457564e-06
 8.90999999999999943e+01 8.94000000000000057e+01 2.20159215927175870e-04 2.72767758345311630e-06
 8.94000000000000057e+01 8.97000000000000028e+01 2.17010125410464630e-04 2.25585312682257051e-06
 8.97000000000000028e+01 9.00000000000000000e+01 2.20457323628720631e-04 2.67558105415696997e-06
 9.00000000000000000e+01 9.02999999999999972e+01 2.16525757946095797e-04 2.61399482252816479e-06
 9.02999999999999972e+01 9.05999999999999943e+01 2.15738026881559194e-04 2.35642672861488957e-06
 9.05999999999999943e+01 9.09000000000000057e+01 2.11014098217280699e-04 2.30578118298917115e-06
 9.09000000000000057e+01 9.12000000000000028e+01 2.09218392085523447e-04 2.33973141689469152e-06
 9.12000000000000028e+01 9.15000000000000000e+01 2.06659000953780716e-04 2.57761370179466020e-06
 9.15000000000000000e+01 9.17999999999999972e+01 2.07633659382131587e-04 2.33670995542302330e-06
 9.17999999999999972e+01 9.20999999999999943e+01 2.04277421881960569e-04 2.24142440528067936e-06
 9.20999999999999943e+01 9.24000000000000057e+01 2.04822761573079595e-04 3.11262823501469189e-06
 9.24000000000000057e+01 9.27000000000000028e+01 1.98491757019727172e-04 2.07801886317027795e-06
 9.27000000000000028e+01 9.30000000000000000e+01 2.02785260617107570e-04 2.51168174928712913e-06
 9.30000000000000000e+01 9.32999999999999972e+01 1.96593993062453429e-04 2.22891212107542213e-06
 9.32999999999999972e+01 9.35999999999999943e+01 1.99663647941619726e-04 2.35571109652332043e-06
 9.35999999999999943e+01 9.39000000000000057e+01 1.93754058190743160e-04 2.09444177172751387e-06
 9.39000000000000057e+01 9.42000000000000028e+01 1.97248102367361704e-04 2.54219576416803511e-06
 9.42000000000000028e+01 9.45000000000000000e+01 1.90627647065122284e-04 2.36543787234999570e-06
 9.45000000000000000e+01 9.47999999999999972e+01 1.94017107122300718e-04 2.49751715846496180e-06
 9.47999999999999972e+01 9.50999999999999943e+01 1.90947124566320624e-04 2.15296140879363700e-06
 9.50999999999999943e+01 9.54000000000000057e+01 1.87304808593005006e-04 2.21637250501651902e-06
 9.54000000000000057e+01 9.57000000000000028e+01 1.87574890945603186e-04 2.10842303450942925e-06
 9.57000000000000028e+01 9.60000000000000000e+01 1.81664057484752527e-04 2.14554455840416823e-06
 9.60000000000000000e+01 9.62999999999999972e+01 1.79816553451817891e-04 2.22038789469900576e-06
 9.62999999999999972e+01 9.65999999999999943e+01 1.78651444568057329e-04 2.05465490625802371e-06
 9.65999999999999943e+01 9.69000000000000057e+01 1.78951237654585899e-04 2.15528154995783949e-06
 9.69000000000000057e+01 9.72000000000000028e+01 1.80042038333574781e-04 2.20619020953130406e-06
 9.72000000000000028e+01 9.75000000000000000e+01 1.74342422377533006e-04 2.06122298863856227e-06
 9.75000000000000000e+01 9.77999999999999972e+01 1.75542442560654540e-04 2.27517333075872327e-06
 9.77999999999999972e+01 9.80999999999999943e+01 1.73498322590898477e-04 2.33150172872665131e-06
 9.80999999999999943e+01 9.84000000000000057e+01 1.70160484766905285e-04 2.15248997491081451e-06
 9.84000000000000057e+01 9.87000000000000028e+01 1.74444892379861492e-04 2.70207791349161301e-06
 9.87000000000000028e+01 9.90000000000000000e+01 1.73259620261306444e-04 3.02701280397288759e-06
 9.90000000000000000e+01 9.92999999999999972e+01 1.68561676654255238e-04 2.19599619305698359e-06
 9.92999999999999972e+01 9.95999999999999943e+01 1.69712735198883927e-04 2.49297353025028808e-06
 9.95999999999999943e+01 9.99000000000000057e+01 1.64761037026956374e-04 2.19383340911896835e-06
 9.99000000000000057e+01 1.00200000000000003e+02 1.69255685112481522e-04 2.94153192217791470e-06
 1.00200000000000003e+02 1.00500000000000000e+02 1.63272539561192605e-04 2.14048198757814622e-06
 1.00500000000000000e+02 1.00799999999999997e+02 1.66601648325191844e-04 2.67611526876265999e-06
 1.00799999999999997e+02 1.01099999999999994e+02 1.60091091237702434e-04 2.15997338354114413e-06
 1.01099999999999994e+02 1.01400000000000006e+02 1.59491282526164730e-04 2.29627648355172748e-06
 1.01400000000000006e+02 1.01700000000000003e+02 1.59422681723009904e-04 2.17073054089629136e-06
 1.01700000000000003e+02 1.02000000000000000e+02 1.63008086516310794e-04 2.92353668939107007e-06
 1.02000000000000000e+02 1.02299999999999997e+02 1.58336983872907512e-04 2.23857991877875007e-06
 1.02299999999999997e+02 1.02599999999999994e+02 1.56523818200318633e-04 2.18102351214078758e-06
 1.02599999999999994e+02 1.02900000000000006e+02 1.51005382724323081e-04 2.83063907375605041e-06
 1.02900000000000006e+02 1.03200000000000003e+02 1.49761525867031254e-04 1.97444835583731225e-06
 1.03200000000000003e+02 1.03500000000000000e+02 1.46583981900082254e-04 2.02690946828589359e-06
 1.03500000000000000e+02 1.03799999999999997e+02 1.46065332631803115e-04 2.44176019993123586e-06
 1.03799999999999997e+02 1.04099999999999994e+02 1.48065388674294883e-04 2.38086834103342368e-06
 1.04099999999999994e+02 1.04400000000000006e+02 1.47215929863861060e-04 2.35327166292286219e-06
 1.04400000000000006e+02 1.04700000000000003e+02 1.44599359879993511e-04 1.98810088641342376e-06
 1.04700000000000003e+02 1.05000000000000000e+02 1.44292083879926951e-04 2.03209788408699700e-06
 1.05000000000000000e+02 1.05299999999999997e+02 1.44888004625819123e-04 2.19121746130543543e-06
 1.05299999999999997e+02 1.05599999999999994e+02 1.45281021894141428e-04 4.66722559188998784e-06
 1.05599999999999994e+02 1.05900000000000006e+02 1.43395851840920141e-04 2.17715193260915412e-06
 1.05900000000000006e+02 1.06200000000000003e+02 1.39589948910475445e-04 2.02939911762067787e-06
 1.06200000000000003e+02 1.06500000000000000e+02 1.39013064068546941e-04 2.00492626490812948e-06
 1.06500000000000000e+02 1.06799999999999997e+02 1.42128496674394421e-04 2.27326078711104905e-06
 1.06799999999999997e+02 1.07099999999999994e+02 1.38884637941311004e-04 2.15182583624751828e-06
 1.07099999999999994e+02 1.07400000000000006e+02 1.36115055019429734e-04 2.09168471329564854e-06
 1.07400000000000006e+02 1.07700000000000003e+02 1.34775277640010113e-04 2.03970067734148128e-06
 1.07700000000000003e+02 1.08000000000000000e+02 1.38170172019578527e-04 2.16398227587071104e-06
 1.08000000000000000e+02 1.08299999999999997e+02 1.33166972453839668e-04 2.34333269108345114e-06
 1.08299999999999997e+02 1.08599999999999994e+02 1.34038848789094436e-04 2.30750178566887603e-06
 1.08599999999999994e+02 1.08900000000000006e+02 1.33021970169200523e-04 2.31396641865114953e-06
 1.08900000000000006e+02 1.09200000000000003e+02 1.29298985076785030e-04 3.22607607312591975e-06
 1.09200000000000003e+02 1.09500000000000000e+02 1.28139892487386743e-04 2.18475074470523950e-06
 1.09500000000000000e+02 1.09799999999999997e+02 1.30748134893681432e-04 2.35278136641996710e-06
 1.09799999999999997e+02 1.10099999999999994e+02 1.28157114638525696e-04 2.22747680303542936e-06
 1.10099999999999994e+02 1.10400000000000006e+02 1.30048392139838138e-04 2.27168681399366548e-06
 1.10400000000000006e+02 1.10700000000000003e+02 1.24458473897482433e-04 2.02154125363960059e-06
 1.10700000000000003e+02 1.11000000000000000e+02 1.23240062951196358e-04 2.01148467214126140e-06
 1.11000000000000000e+02 1.11299999999999997e+02 1.23030250331442335e-04 1.92715801877786542e-06
 1.11299999999999997e+02 1.11599999999999994e+02 1.21576734797366117e-04 1.90629298900040969e-06
 1.11599999999999994e+02 1.11900000000000006e+02 1.20561882360906223e-04 2.02927562280511760e-06
 1.11900000000000006e+02 1.12200000000000003e+02 1.23467675705429152e-04 1.95596488311278644e-06
 1.12200000000000003e+02 1.12500000000000000e+02 1.17073589896874819e-04 2.25879124873833564e-06
 1.12500000000000000e+02 1.12799999999999997e+02 1.21790474032088631e-04 2.46288336343985919e-06
 1.12799999999999997e+02 1.13099999999999994e+02 1.16351256814137160e-04 1.93440499320759789e-06
 1.13099999999999994e+02 1.13400000000000006e+02 1.16155540112941963e-04 2.28560621628937301e-06
 1.13400000000000006e+02 1.13700000000000003e+02 1.16979059869437864e-04 2.05187803335271642e-06
 1.13700000000000003e+02 1.14000000000000000e+02 1.17209961289084638e-04 2.13645172771046552e-06
 1.14000000000000000e+02 1.14299999999999997e+02 1.16139444898864935e-04 1.99976611055250645e-06
 1.14299999999999997e+02 1.14599999999999994e+02 1.12467203822090450e-04 1.90427470180497093e-06
 1.14599999999999994e+02 1.14900000000000006e+02 1.11703836463272925e-04 1.94893840161547738e-06
 1.14900000000000006e+02 1.15200000000000003e+02 1.12042900834137519e-04 2.30927161613466216e-06
 1.15200000000000003e+02 1.15500000000000000e+02 1.17251402077308113e-04 2.08475760741171094e-06
 1.15500000000000000e+02 1.15799999999999997e+02 1.13787902542303602e-04 2.12567325687682924e-06
 1.15799999999999997e+02 1.16099999999999994e+02 1.10280453707269530e-04 2.11849190540134908e-06
 1.16099999999999994e+02 1.16400000000000006e+02 1.06549595300331015e-04 2.11837447978995794e-06
 1.16400000000000006e+02 1.16700000000000003e+02 1.08461760996592284e-04 2.04153496274344192e-06
 1.16700000000000003e+02 1.17000000000000000e+02 1.09192657858397607e-04 3.47926338602634806e-06
 1.17000000000000000e+02 1.17299999999999997e+02 1.04985110283459514e-04 2.01155795843563593e-06
 1.17299999999999997e+02 1.17599999999999994e+02 1.03245613246506505e-04 1.90423036351597631e-06
 1.17599999999999994e+02 1.17900000000000006e+02 1.00953056483498821e-04 1.91552280824775148e-06
 1.17900000000000006e+02 1.18200000000000003e+02 1.04817298151449286e-04 1.89293118025117273e-06
 1.18200000000000003e+02 1.18500000000000000e+02 1.03446944263452448e-04 1.95291578282272421e-06
 1.18500000000000000e+02 1.18799999999999997e+02 1.07012617689777228e-04 4.17990161911431265e-06
 1.18799999999999997e+02 1.19099999999999994e+02 1.03831796421241783e-04 2.32975010839975210e-06
 1.19099999999999994e+02 1.19400000000000006e+02 1.02566497780108006e-04 2.48570746148642184e-06
 1.19400000000000006e+02 1.19700000000000003e+02 9.92817419235913703e-05 2.00468538328639462e-06
 1.19700000000000003e+02 1.20000000000000000e+02 1.00357562366641253e-04 2.00450311007220499e-06
 1.20000000000000000e+02 1.20299999999999997e+02 9.97772160075159549e-05 2.35668411802120929e-06
 1.20299999999999997e+02 1.20599999999999994e+02 9.91602762801343558e-05 1.95171329805742677e-06
 1.20599999999999994e+02 1.20900000000000006e+02 9.78502904258696531e-05 1.84590364928330180e-06
 1.20900000000000006e+02 1.21200000000000003e+02 9.84543565630101997e-05 2.25512872637123255e-06
 1.21200000000000003e+02 1.21500000000000000e+02 9.84857781236174500e-05 2.10425763985166080e-06
 1.21500000000000000e+02 1.21799999999999997e+02 9.57376663677490206e-05 2.14823013489721401e-06
 1.21799999999999997e+02 1.22099999999999994e+02 9.57623482229132415e-05 2.08808308020342258e-06
 1.22099999999999994e+02 1.22400000000000006e+02 9.11619010824924522e-05 1.89411568519229833e-06
 1.22400000000000006e+02 1.22700000000000003e+02 9.35283215345819759e-05 2.08916245756830862e-06
 1.22700000000000003e+02 1.23000000000000000e+02 9.08598530952352740e-05 1.90070414844247040e-06
 1.23000000000000000e+02 1.23299999999999997e+02 9.15460563518204478e-05 2.16755756821440398e-06
 1.23299999999999997e+02 1.23599999999999994e+02 9.03821596269674496e-05 1.93475796150038891e-06
 1.23599999999999994e+02 1.23900000000000006e+02 9.07713624664349613e-05 1.98220582017790084e-06
 1.23900000000000006e+02 1.24200000000000003e+02 8.97550996296383579e-05 2.08960417092461985e-06
 1.24200000000000003e+02 1.24500000000000000e+02 8.86036017793406111e-05 1.95112328189698873e-06
 1.24500000000000000e+02 1.24799999999999997e+02 9.20929956565836677e-05 2.25437824517384476e-06
 1.24799999999999997e+02 1.25099999999999994e+02 9.00629784442128102e-05 3.36815792656612998e-06
 1.25099999999999994e+02 1.25400000000000006e+02 8.60782355604810043e-05 2.00896922111868859e-06
 1.25400000000000006e+02 1.25700000000000003e+02 8.85403929054226637e-05 1.94535103334652645e-06
 1.25700000000000003e+02 1.26000000000000000e+02 8.32841598123433828e-05 2.00452317596299084e-06
 1.26000000000000000e+02 1.26299999999999997e+02 8.58914137700815333e-05 2.49563464946053742e-06
 1.26299999999999997e+02 1.26599999999999994e+02 8.30600604436332741e-05 1.88250075546666165e-06
 1.26599999999999994e+02 1.26900000000000006e+02 8.31060657601653119e-05 1.99081303524185207e-06
 1.26900000000000006e+02 1.27200000000000003e+02 8.20834436981207318e-05 2.04018673117470669e-06
 1.27200000000000003e+02 1.27500000000000000e+02 8.29904209213605006e-05 2.23436302289728578e-06
 1.27500000000000000e+02 1.27799999999999997e+02 7.91924378993720199e-05 1.89054685356230617e-06
 1.27799999999999997e+02 1.28099999999999994e+02 7.92354611914278305e-05 1.88316522984007097e-06
 1.28099999999999994e+02 1.28400000000000006e+02 7.71141857979127613e-05 1.95215963501032441e-06
 1.28400000000000006e+02 1.28699999999999989e+02 8.15674014377911849e-05 2.00162734219134337e-06
 1.28699999999999989e+02 1.29000000000000000e+02 7.69489017812168479e-05 1.94316874304235641e-06
 1.29000000000000000e+02 1.29300000000000011e+02 8.01779177431958661e-05 2.70896036576044917e-06
 1.29300000000000011e+02 1.29599999999999994e+02 8.09170413530799887e-05 2.02683475711028665e-06
 1.29599999999999994e+02 1.29900000000000006e+02 7.86982519979058029e-05 2.27356533831075010e-06
 1.29900000000000006e+02 1.30199999999999989e+02 7.45134391106852821e-05 1.94398358306948401e-06
 1.30199999999999989e+02 1.30500000000000000e+02 7.74552626477532198e-05 2.40808458128696009e-06
 1.30500000000000000e+02 1.30800000000000011e+02 7.23009141096697493e-05 1.92220293714924123e-06
 1.30800000000000011e+02 1.31099999999999994e+02 7.60262334199169199e-05 2.13065079681861543e-06
 1.31099999999999994e+02 1.31400000000000006e+02 7.30167212397302861e-05 1.97361614747400119e-06
 1.31400000000000006e+02 1.31699999999999989e+02 6.82833476560969953e-05 1.94875571939718378e-06
 1.31699999999999989e+02 1.32000000000000000e+02 7.41006163852464447e-05 2.51598621294213197e-06
 1.32000000000000000e+02 1.32300000000000011e+02 7.25947183052546354e-05 2.34402206234825390e-06
 1.32300000000000011e+02 1.32599999999999994e+02 7.19851178437429928e-05 2.15713097485096485e-06
 1.32599999999999994e+02 1.32900000000000006e+02 7.00132524243107378e-05 2.29445389647520778e-06
 1.32900000000000006e+02 1.33199999999999989e+02 7.24337357966710582e-05 2.06471777456567168e-06
 1.33199999999999989e+02 1.33500000000000000e+02 7.34241493621563037e-05 2.14027761616858685e-06
 1.33500000000000000e+02 1.33800000000000011e+02 6.63932642952900256e-05 2.01329189691296778e-06
 1.33800000000000011e+02 1.34099999999999994e+02 7.00054917186972180e-05 1.98537237554334404e-06
 1.34099999999999994e+02 1.34400000000000006e+02 6.86230659909058924e-05 2.12240877653715385e-06
 1.34400000000000006e+02 1.34699999999999989e+02 6.64355003760283552e-05 2.10487408689099541e-06
 1.34699999999999989e+02 1.35000000000000000e+02 6.57160751707047496e-05 2.08627457943547747e-06
 1.35000000000000000e+02 1.35300000000000011e+02 6.43315732658244365e-05 2.13254384315177923e-06
 1.35300000000000011e+02 1.35599999999999994e+02 6.54715465158738807e-05 2.06255705428052145e-06
 1.35599999999999994e+02 1.35900000000000006e+02 6.38504871844267324e-05 1.92507697813332651e-06
 1.35900000000000006e+02 1.36199999999999989e+02 6.67681689778054573e-05 2.09717303817257178e-06
 1.36199999999999989e+02 1.36500000000000000e+02 6.06658923236465554e-05 1.82351497134943495e-06
 1.36500000000000000e+02 1.36800000000000011e+02 6.38943125386931901e-05 1.94611152615550591e-06
 1.36800000000000011e+02 1.37099999999999994e+02 6.25639144990173965e-05 1.93758032215445293e-06
 1.37099999999999994e+02 1.37400000000000006e+02 6.19369076054694971e-05 2.04122515300268140e-06
 1.37400000000000006e+02 1.37699999999999989e+02 5.95271298954529562e-05 1.87455399681233001e-06
 1.37699999999999989e+02 1.38000000000000000e+02 5.64942705969205200e-05 1.79279407542042905e-06
 1.38000000000000000e+02 1.38300000000000011e+02 6.23403570593135154e-05 2.28862276002964612e-06
 1.38300000000000011e+02 1.38599999999999994e+02 6.61459817429602262e-05 2.48732831953765439e-06
 1.38599999999999994e+02 1.38900000000000006e+02 6.06758631200311603e-05 2.10584354343981837e-06
 1.38900000000000006e+02 1.39199999999999989e+02 5.94307705964739453e-05 2.01824440384861164e-06
 1.39199999999999989e+02 1.39500000000000000e+02 5.34936630260688802e-05 1.75434569760281359e-06
 1.39500000000000000e+02 1.39800000000000011e+02 5.94710782083098305e-05 2.17123372521261534e-06
 1.39800000000000011e+02 1.40099999999999994e+02 5.97443652273527175e-05 2.39206649999756051e-06
 1.40099999999999994e+02 1.40400000000000006e+02 5.19516767280331533e-05 1.85243715219284328e-06
 1.40400000000000006e+02 1.40699999999999989e+02 5.42079047006423207e-05 2.73031138114601157e-06
 1.40699999999999989e+02 1.41000000000000000e+02 5.24710367942166057e-05 1.83052389813730951e-06
 1.41000000000000000e+02 1.41300000000000011e+02 5.34272083822235608e-05 2.27923438259734809e-06
 1.41300000000000011e+02 1.41599999999999994e+02 5.08069743946490881e-05 1.91637670579027208e-06
 1.41599999999999994e+02 1.41900000000000006e+02 5.41023887262539495e-05 2.15372570742192193e-06
 1.41900000000000006e+02 1.42199999999999989e+02 5.05136477826953999e-05 2.05571536485914499e-06
 1.42199999999999989e+02 1.42500000000000000e+02 4.78191871273325679e-05 1.76229164229104837e-06
 1.42500000000000000e+02 1.42800000000000011e+02 4.76102306252304606e-05 1.85233618269191876e-06
 1.42800000000000011e+02 1.43099999999999994e+02 4.76290118550514398e-05 2.12998141469447137e-06
 1.43099999999999994e+02 1.43400000000000006e+02 4.60550766267462134e-05 1.86102857575407579e-06
 1.43400000000000006e+02 1.43699999999999989e+02 4.54160835025610874e-05 1.68226261102815598e-06
 1.43699999999999989e+02 1.44000000000000000e+02 4.22181574163231691e-05 1.75251489815914393e-06
 1.44000000000000000e+02 1.44300000000000011e+02 4.27311130829113631e-05 1.74087035291704928e-06
 1.44300000000000011e+02 1.44599999999999994e+02 4.37936698629732559e-05 2.07221356157156364e-06
 1.44599999999999994e+02 1.44900000000000006e+02 3.94014318121258555e-05 1.74368765471278164e-06
 1.44900000000000006e+02 1.45199999999999989e+02 4.17750400273146663e-05 1.88547359968917442e-06
 1.45199999999999989e+02 1.45500000000000000e+02 4.08205668824050639e-05 2.04346023004114711e-06
 1.45500000000000000e+02 1.45800000000000011e+02 3.76487826632081581e-05 1.68349771088679078e-06
 1.45800000000000011e+02 1.46099999999999994e+02 3.85589632362923497e-05 1.94270843562906410e-06
 1.46099999999999994e+02 1.46400000000000006e+02 3.51275640209374352e-05 2.08855906891053582e-06
 1.46400000000000006e+02 1.46699999999999989e+02 3.62788420702276208e-05 1.72183010383332627e-06
 1.46699999999999989e+02 1.47000000000000000e+02 3.70145258359612554e-05 1.74339498867994716e-06
 1.47000000000000000e+02 1.47300000000000011e+02 3.51257145406772304e-05 2.03906251911915485e-06
 1.47300000000000011e+02 1.47599999999999994e+02 3.01183004518808585e-05 1.32343661873551678e-06
 1.47599999999999994e+02 1.47900000000000006e+02 3.34888424236425242e-05 1.80107853293557357e-06
 1.47900000000000006e+02 1.48199999999999989e+02 3.10749434790324230e-05 1.26817792720687516e-06
 1.48199999999999989e+02 1.48500000000000000e+02 3.20292211330803404e-05 1.66911868078412258e-06
 1.48500000000000000e+02 1.48800000000000011e+02 3.16952207846805505e-05 2.30351453387521261e-06
 1.48800000000000011e+02 1.49099999999999994e+02 3.00660192811147973e-05 1.48449956843233351e-06
 1.49099999999999994e+02 1.49400000000000006e+02 2.75684406165748433e-05 1.28561722097949749e-06
 1.49400000000000006e+02 1.49699999999999989e+02 3.11593145351563342e-05 1.71384753002944016e-06
 1.49699999999999989e+02 1.50000000000000000e+02 2.54698651045487100e-05 1.47908445443073033e-06
 1.50000000000000000e+02 1.50300000000000011e+02 2.97666021355838179e-05 1.53592725629728269e-06
 1.50300000000000011e+02 1.50599999999999994e+02 2.41758302243798835e-05 1.15635045896547242e-06
 1.50599999999999994e+02 1.50900000000000006e+02 2.83551078688985588e-05 1.58056447981599550e-06
 1.50900000000000006e+02 1.51199999999999989e+02 3.01267153138928276e-05 1.86443905276609481e-06
 1.51199999999999989e+02 1.51500000000000000e+02 2.43322582394873673e-05 1.24346211259685290e-06
 1.51500000000000000e+02 1.51800000000000011e+02 2.49040077542872237e-05 1.20732524366625838e-06
 1.51800000000000011e+02 1.52099999999999994e+02 2.46867837274271406e-05 1.58519320476451860e-06
 1.52099999999999994e+02 1.52400000000000006e+02 2.30188080681395578e-05 1.13101962728768415e-06
 1.52400000000000006e+02 1.52699999999999989e+02 2.69331208626409449e-05 1.42244375656463581e-06
 1.52699999999999989e+02 1.53000000000000000e+02 2.35152259541900925e-05 1.17796866323203401e-06
 1.53000000000000000e+02 1.53300000000000011e+02 2.34531633573804052e-05 1.11993226763002746e-06
 1.53300000000000011e+02 1.53599999999999994e+02 2.08918838509847515e-05 1.12181949727572966e-06
 1.53599999999999994e+02 1.53900000000000006e+02 2.18940259293370982e-05 1.22058485478616169e-06
 1.53900000000000006e+02 1.54199999999999989e+02 2.33555831649948664e-05 1.47535364647759156e-06
 1.54199999999999989e+02 1.54500000000000000e+02 2.07063980305725938e-05 1.15682823205628492e-06
 1.54500000000000000e+02 1.54800000000000011e+02 1.98635892089537791e-05 1.15713770022237184e-06
 1.54800000000000011e+02 1.55099999999999994e+02 2.15561097581291685e-05 1.08544801281903629e-06
 1.55099999999999994e+02 1.55400000000000006e+02 2.14200934796379487e-05 1.28320493884180905e-06
 1.55400000000000006e+02 1.55699999999999989e+02 2.14260564039304810e-05 1.20247199671809588e-06
 1.55699999999999989e+02 1.56000000000000000e+02 1.98918248216051373e-05 1.03526101569759389e-06
 1.56000000000000000e+02 1.56300000000000011e+02 1.89555243347196794e-05 9.58230365430350255e-07
 1.56300000000000011e+02 1.56599999999999994e+02 2.15649565631887040e-05 1.20327956230545867e-06
 1.56599999999999994e+02 1.56900000000000006e+02 1.96371281028567138e-05 1.12075925310082278e-06
 1.56900000000000006e+02 1.57199999999999989e+02 1.94772695293980307e-05 1.02474612571564357e-06
 1.57199999999999989e+02 1.57500000000000000e+02 1.93435820774693993e-05 1.26601593607056486e-06
 1.57500000000000000e+02 1.57800000000000011e+02 1.90451974171582821e-05 1.36500294387052651e-06
 1.57800000000000011e+02 1.58099999999999994e+02 2.02659831137150632e-05 1.12351319498674396e-06
 1.58099999999999994e+02 1.58400000000000006e+02 1.87819904434532542e-05 1.21883502539594701e-06
 1.58400000000000006e+02 1.58699999999999989e+02 1.87314749699500629e-05 1.11639030512217762e-06
 1.58699999999999989e+02 1.59000000000000000e+02 1.71870483364646695e-05 1.01516797724146688e-06
 1.59000000000000000e+02 1.59300000000000011e+02 1.68148190610439017e-05 8.78497157934117459e-07
 1.59300000000000011e+02 1.59599999999999994e+02 1.77075905426700440e-05 1.18873758592424573e-06
 1.59599999999999994e+02 1.59900000000000006e+02 1.89550308563792809e-05 1.51087308303856995e-06
 1.59900000000000006e+02 1.60199999999999989e+02 1.72139189638576089e-05 9.80076950305376526e-07
 1.60199999999999989e+02 1.60500000000000000e+02 1.90073020460600141e-05 1.59305462811310981e-06
 1.60500000000000000e+02 1.60800000000000011e+02 1.64325994307117438e-05 9.52769289160858958e-07
 1.60800000000000011e+02 1.61099999999999994e+02 1.86508766216419851e-05 1.63283845710707610e-06
 1.61099999999999994e+02 1.61400000000000006e+02 1.75946369281665176e-05 1.01229820499903034e-06
 1.61400000000000006e+02 1.61699999999999989e+02 1.65454071902190445e-05 1.09576941676886956e-06
 1.61699999999999989e+02 1.62000000000000000e+02 1.80444514732387907e-05 1.11778910672112552e-06
 1.62000000000000000e+02 1.62300000000000011e+02 1.78285076479133530e-05 1.03418211920545528e-06
 1.62300000000000011e+02 1.62599999999999994e+02 1.84748731046300068e-05 1.66212162185829755e-06
 1.62599999999999994e+02 1.62900000000000006e+02 1.70394958405529162e-05 1.55432243460068988e-06
 1.62900000000000006e+02 1.63199999999999989e+02 1.70424823549912090e-05 9.77709769929048971e-07
 1.63199999999999989e+02 1.63500000000000000e+02 1.53108502796816252e-05 1.02778488950424322e-06
 1.63500000000000000e+02 1.63800000000000011e+02 1.51550943108487133e-05 8.90418767126998167e-07
 1.63800000000000011e+02 1.64099999999999994e+02 1.44411037252101526e-05 1.02766954882752302e-06
 1.64099999999999994e+02 1.64400000000000006e+02 1.51128022038418694e-05 9.71144118436665027e-07
 1.64400000000000006e+02 1.64699999999999989e+02 1.47324801914978781e-05 8.71196286599143243e-07
 1.64699999999999989e+02 1.65000000000000000e+02 1.74246305820848136e-05 1.33102662974484877e-06
 1.65000000000000000e+02 1.65300000000000011e+02 1.62141670118555249e-05 1.05826293746560683e-06
 1.65300000000000011e+02 1.65599999999999994e+02 1.44477365263913702e-05 9.59625279247923154e-07
 1.65599999999999994e+02 1.65900000000000006e+02 1.43219283169971042e-05 9.23620454623009158e-07
 1.65900000000000006e+02 1.66199999999999989e+02 1.49777491052107108e-05 9.07260155848920738e-07
 1.66199999999999989e+02 1.66500000000000000e+02 1.38350364977334046e-05 9.23402157851807896e-07
 1.66500000000000000e+02 1.66800000000000011e+02 1.63003382867587567e-05 1.06148630485383525e-06
 1.66800000000000011e+02 1.67099999999999994e+02 1.47989735525402163e-05 1.03734447363556045e-06
 1.67099999999999994e+02 1.67400000000000006e+02 1.44963776945517492e-05 9.82615268681709302e-07
 1.67400000000000006e+02 1.67699999999999989e+02 1.41018303239116482e-05 9.26846440510300261e-07
 1.67699999999999989e+02 1.68000000000000000e+02 1.31553026813921626e-05 8.74760415485827237e-07
 1.68000000000000000e+02 1.68300000000000011e+02 1.34716225317400116e-05 8.63048529242264234e-07
 1.68300000000000011e+02 1.68599999999999994e+02 1.41982861556202483e-05 1.14519585213167111e-06
 1.68599999999999994e+02 1.68900000000000006e+02 1.32307141502410038e-05 9.10457196890585642e-07
 1.68900000000000006e+02 1.69199999999999989e+02 1.36294292358961835e-05 8.37522373284490074e-07
 1.69199999999999989e+02 1.69500000000000000e+02 1.51025509965961635e-05 1.09271008882138828e-06
 1.69500000000000000e+02 1.69800000000000011e+02 1.40828097581063731e-05 1.13755391736750889e-06
 1.69800000000000011e+02 1.70099999999999994e+02 1.34842938016500077e-05 1.21847696087419743e-06
 1.70099999999999994e+02 1.70400000000000006e+02 1.24545628556011162e-05 7.88727604202080607e-07
 1.70400000000000006e+02 1.70699999999999989e+02 1.20891650749613709e-05 7.34131038852567384e-07
 1.70699999999999989e+02 1.71000000000000000e+02 1.62462228518207101e-05 1.03541505454029060e-06
 1.71000000000000000e+02 1.71300000000000011e+02 1.31971002685024557e-05 8.46847868392190427e-07
 1.71300000000000011e+02 1.71599999999999994e+02 1.37186210099949381e-05 8.76625124926205834e-07
 1.71599999999999994e+02 1.71900000000000006e+02 1.31855226669992669e-05 9.08819926420470812e-07
 1.71900000000000006e+02 1.72199999999999989e+02 1.40030582251584437e-05 9.40043171622550589e-07
 1.72199999999999989e+02 1.72500000000000000e+02 1.26464297951729069e-05 9.39256541064315483e-07
 1.72500000000000000e+02 1.72800000000000011e+02 1.18175130402867764e-05 7.30591883516593993e-07
 1.72800000000000011e+02 1.73099999999999994e+02 1.41444405790266989e-05 1.01617869739555784e-06
 1.73099999999999994e+02 1.73400000000000006e+02 1.31130132982980313e-05 9.63830974986970951e-07
 1.73400000000000006e+02 1.73699999999999989e+02 1.55848603973752016e-05 2.63557907482862387e-06
 1.73699999999999989e+02 1.74000000000000000e+02 1.14016023325194868e-05 6.79642116660814040e-07
 1.74000000000000000e+02 1.74300000000000011e+02 1.29872030968576515e-05 9.97210885621127515e-07
 1.74300000000000011e+02 1.74599999999999994e+02 1.37367558300836356e-05 1.01154617241675033e-06
 1.74599999999999994e+02 1.74900000000000006e+02 1.31396478536148868e-05 1.01367330048198404e-06
 1.74900000000000006e+02 1.75199999999999989e+02 1.21264900529348827e-05 8.93646120080138653e-07
 1.75199999999999989e+02 1.75500000000000000e+02 1.27645744457300281e-05 8.80439367549250092e-07
 1.75500000000000000e+02 1.75800000000000011e+02 1.35804550453291393e-05 1.20434703240268093e-06
 1.75800000000000011e+02 1.76099999999999994e+02 1.22011678623995690e-05 8.48093827821699706e-07
 1.76099999999999994e+02 1.76400000000000006e+02 1.45913579743543842e-05 1.06199476975377624e-06
 1.76400000000000006e+02 1.76699999999999989e+02 1.23564525083352102e-05 8.12412270006722460e-07
 1.76699999999999989e+02 1.77000000000000000e+02 1.28209691282683997e-05 8.95796727038703953e-07
 1.77000000000000000e+02 1.77300000000000011e+02 1.24570964218185677e-05 1.00636547112645420e-06
 1.77300000000000011e+02 1.77599999999999994e+02 1.23762661229381188e-05 8.93461754816514315e-07
 1.77599999999999994e+02 1.77900000000000006e+02 1.01226964313472047e-05 7.78779079207137444e-07
 1.77900000000000006e+02 1.78199999999999989e+02 1.41579808414383447e-05 1.10192107051487001e-06
 1.78199999999999989e+02 1.78500000000000000e+02 1.29805300088631792e-05 9.65904807881784281e-07
 1.78500000000000000e+02 1.78800000000000011e+02 1.22525717768006523e-05 7.81023945255282659e-07
 1.78800000000000011e+02 1.79099999999999994e+02 1.27493109464689731e-05 8.66472350777759473e-07
 1.79099999999999994e+02 1.79400000000000006e+02 1.31848868371978323e-05 1.03958537190752057e-06
 1.79400000000000006e+02 1.79699999999999989e+02 1.16175259374578989e-05 8.30059635269997584e-07
 1.79699999999999989e+02 1.80000000000000000e+02 1.27346090671261291e-05 8.74701262945280500e-07

Histogram:lthav
 5.00000000000000000e+01 5.01333333333333329e+01 8.76488912144150868e-06 1.02288825552196716e-06
 5.01333333333333329e+01 5.02666666666666657e+01 2.69030012962723510e-05 1.54178446465905598e-06
 5.02666666666666657e+01 5.03999999999999986e+01 4.16851250724290420e-05 2.01553039276972524e-06
 5.03999999999999986e+01 5.05333333333333314e+01 6.03796092604634427e-05 2.45112376672934423e-06
 5.05333333333333314e+01 5.06666666666666643e+01 7.36362433418983193e-05 2.42954413878846317e-06
 5.06666666666666643e+01 5.07999999999999972e+01 9.43545061070614094e-05 2.99524341176643158e-06
 5.07999999999999972e+01 5.09333333333333300e+01 1.14351506198401707e-04 2.89653060288982629e-06
 5.09333333333333300e+01 5.10666666666666700e+01 1.31432972996262158e-04 3.03200842137404752e-06
 5.10666666666666700e+01 5.12000000000000028e+01 1.48015250484893229e-04 3.48765264737500599e-06
 5.12000000000000028e+01 5.13333333333333357e+01 1.62617090656671831e-04 3.18764058028926346e-06
 5.13333333333333357e+01 5.14666666666666686e+01 1.83701940356076462e-04 3.61460189141188445e-06
 5.14666666666666686e+01 5.16000000000000014e+01 1.94321568277027118e-04 3.76967071186970404e-06
 5.16000000000000014e+01 5.17333333333333343e+01 2.14707457068066273e-04 3.81024621849166759e-06
 5.17333333333333343e+01 5.18666666666666671e+01 2.25503972815697869e-04 3.87178715254949898e-06
 5.18666666666666671e+01 5.20000000000000000e+01 2.41181388420956728e-04 3.71277479336885976e-06
 5.20000000000000000e+01 5.21333333333333329e+01 2.61201234088576453e-04 3.88974617944062158e-06
 5.21333333333333329e+01 5.22666666666666657e+01 2.69279041457208578e-04 3.93335039604314231e-06
 5.22666666666666657e+01 5.23999999999999986e+01 2.97482168916539239e-04 5.04146642602022196e-06
 5.23999999999999986e+01 5.25333333333333314e+01 3.05503416178414802e-04 7.07158454823708499e-06
 5.25333333333333314e+01 5.26666666666666643e+01 3.10016876101135684e-04 3.93379641778738611e-06
 5.26666666666666643e+01 5.27999999999999972e+01 3.41047322345398504e-04 4.58390626334049265e-06
 5.27999999999999972e+01 5.29333333333333300e+01 3.51956695179370615e-04 4.50471151883824572e-06
 5.29333333333333300e+01 5.30666666666666700e+01 3.64988355262687062e-04 7.07028779964023429e-06
 5.30666666666666700e+01 5.32000000000000028e+01 3.91582423895333839e-04 5.62923853760436199e-06
 5.32000000000000028e+01 5.33333333333333357e+01 3.92908396872131431e-04 3.99943686833367052e-06
 5.33333333333333357e+01 5.34666666666666686e+01 4.19285561177790850e-04 4.80020157240514814e-06
 5.34666666666666686e+01 5.36000000000000014e+01 4.31432816113655536e-04 4.71177601959541575e-06
 5.36000000000000014e+01 5.37333333333333343e+01 4.53426187678499957e-04 8.80345072154507665e-06
 5.37333333333333343e+01 5.38666666666666671e+01 4.55739356960377850e-04 4.23874505255328035e-06
 5.38666666666666671e+01 5.40000000000000000e+01 4.74562776196484841e-04 4.37484310060023898e-06
 5.40000000000000000e+01 5.41333333333333329e+01 4.85830373483872547e-04 4.23211634233231378e-06
 5.41333333333333329e+01 5.42666666666666657e+01 5.17606802765315692e-04 9.56200133915083368e-06
 5.42666666666666657e+01 5.43999999999999986e+01 5.23859903821475236e-04 4.75306519654850447e-06
 5.43999999999999986e+01 5.45333333333333314e+01 5.26561188738241550e-04 4.35507181328637099e-06
 5.45333333333333314e+01 5.46666666666666643e+01 5.42858161632456563e-04 4.40484354435073870e-06
 5.46666666666666643e+01 5.47999999999999972e+01 5.66953805890365648e-04 4.99808483801526936e-06
 5.47999999999999972e+01 5.49333333333333371e+01 5.84004892045103421e-04 4.64729385206205416e-06
 5.49333333333333371e+01 5.50666666666666629e+01 6.00610662024296288e-04 4.67855845852968216e-06
 5.50666666666666629e+01 5.52000000000000028e+01 6.19169845702041200e-04 5.14893978207899053e-06
 5.52000000000000028e+01 5.53333333333333357e+01 6.23987630106077884e-04 4.52772379725825156e-06
 5.53333333333333357e+01 5.54666666666666686e+01 6.38211827134476544e-04 5.23542221962362135e-06
 5.54666666666666686e+01 5.56000000000000014e+01 6.56291695875888415e-04 4.75457424028873566e-06
 5.56000000000000014e+01 5.57333333333333343e+01 6.73749784420920759e-04 5.00675845584153553e-06
 5.57333333333333343e+01 5.58666666666666671e+01 6.83379769194525583e-04 5.19071209768356688e-06
 5.58666666666666671e+01 5.60000000000000000e+01 6.93459772657112664e-04 4.92035587104253212e-06
 5.60000000000000000e+01 5.61333333333333329e+01 7.24739337990207180e-04 6.90721996777714238e-06
 5.61333333333333329e+01 5.62666666666666657e+01 7.33553134910761560e-04 8.22839090594807149e-06
 5.62666666666666657e+01 5.63999999999999986e+01 7.40246524120464220e-04 5.16868086052481207e-06
 5.63999999999999986e+01 5.65333333333333314e+01 7.55439333873994317e-04 5.65062688702328702e-06
 5.65333333333333314e+01 5.66666666666666643e+01 7.68912098961138505e-04 4.79262986723330474e-06
 5.66666666666666643e+01 5.67999999999999972e+01 7.95529747725139515e-04 7.01572110496618753e-06
 5.67999999999999972e+01 5.69333333333333371e+01 7.98208572200668153e-04 7.31565543178248724e-06
 5.69333333333333371e+01 5.70666666666666629e+01 8.25175646443102105e-04 6.19321604340290405e-06
 5.70666666666666629e+01 5.72000000000000028e+01 8.30994795593293333e-04 5.01060926705980030e-06
 5.72000000000000028e+01 5.73333333333333357e+01 8.45295612214244825e-04 7.22624384598717293e-06
 5.73333333333333357e+01 5.74666666666666686e+01 8.65341425977439135e-04 5.96319267038867273e-06
 5.74666666666666686e+01 5.76000000000000014e+01 8.78499341924701368e-04 5.30254085911321499e-06
 5.76000000000000014e+01 5.77333333333333343e+01 8.88574797341492575e-04 5.14360277059317703e-06
 5.77333333333333343e+01 5.78666666666666671e+01 9.12887021047337622e-04 5.88481622955914368e-06
 5.78666666666666671e+01 5.80000000000000000e+01 9.31982002631305583e-04 6.90802938351727978e-06
 5.80000000000000000e+01 5.81333333333333329e+01 9.40092803711407225e-04 5.75015552875033403e-06
 5.81333333333333329e+01 5.82666666666666657e+01 9.45292041301041175e-04 5.23352732445139357e-06
 5.82666666666666657e+01 5.83999999999999986e+01 9.63102327763033154e-04 5.61325296889665105e-06
 5.83999999999999986e+01 5.85333333333333314e+01 9.76955389380040852e-04 5.28838322324265786e-06
 5.85333333333333314e+01 5.86666666666666643e+01 9.92202720481675376e-04 5.40461993866136079e-06
 5.86666666666666643e+01 5.87999999999999972e+01 1.00853681455146879e-03 5.25071721048592156e-06
 5.87999999999999972e+01 5.89333333333333371e+01 1.02761034842295822e-03 7.15034825808205748e-06
 5.89333333333333371e+01 5.90666666666666629e+01 1.04054292861226584e-03 5.97581228929833393e-06
 5.90666666666666629e+01 5.92000000000000028e+01 1.05481970903171813e-03 5.75370909117284100e-06
 5.92000000000000028e+01 5.93333333333333357e+01 1.09037330514217450e-03 1.60661632216396834e-05
 5.93333333333333357e+01 5.94666666666666686e+01 1.07628542573996473e-03 5.46130835990208168e-06
 5.94666666666666686e+01 5.96000000000000014e+01 1.09006338963274626e-03 6.22306526844002385e-06
 5.96000000000000014e+01 5.97333333333333343e+01 1.10693975576795184e-03 5.45426764132925299e-06
 5.97333333333333343e+01 5.98666666666666671e+01 1.12995934622990156e-03 5.69767323690933179e-06
 5.98666666666666671e+01 6.00000000000000000e+01 1.14416308763557730e-03 6.27831877677393911e-06
 6.00000000000000000e+01 6.01333333333333329e+01 1.17621071880975956e-03 5.79751685946024068e-06
 6.01333333333333329e+01 6.02666666666666657e+01 1.15603708258175757e-03 5.52273988835023577e-06
 6.02666666666666657e+01 6.03999999999999986e+01 1.19596017035005246e-03 5.75847049276125658e-06
 6.03999999999999986e+01 6.05333333333333314e+01 1.20083475298052539e-03 5.64863980135282847e-06
 6.05333333333333314e+01 6.06666666666666643e+01 1.21566798657867154e-03 6.22328205626527750e-06
 6.06666666666666643e+01 6.07999999999999972e+01 1.24303501395467875e-03 5.75194664244342549e-06
 6.07999999999999972e+01 6.09333333333333371e+01 1.24846937990972877e-03 5.81811552509296412e-06
 6.09333333333333371e+01 6.10666666666666629e+01 1.26498652811680859e-03 6.17379115622609234e-06
 6.10666666666666629e+01 6.12000000000000028e+01 1.28511606174274849e-03 6.95443362665241746e-06
 6.12000000000000028e+01 6.13333333333333357e+01 1.30924921235872106e-03 1.13754711896988261e-05
 6.13333333333333357e+01 6.14666666666666686e+01 1.31393360648529253e-03 6.10978956972925905e-06
 6.14666666666666686e+01 6.16000000000000014e+01 1.32796095623945024e-03 7.91206603532362223e-06
 6.16000000000000014e+01 6.17333333333333343e+01 1.35101925123736963e-03 1.08010508085781280e-05
 6.17333333333333343e+01 6.18666666666666671e+01 1.35183253179421551e-03 6.23741338081737200e-06
 6.18666666666666671e+01 6.20000000000000000e+01 1.37398400279711819e-03 6.21165944828223607e-06
 6.20000000000000000e+01 6.21333333333333329e+01 1.39463747188192915e-03 6.38212779892077531e-06
 6.21333333333333329e+01 6.22666666666666657e+01 1.40358018145427085e-03 6.45964726904649809e-06
 6.22666666666666657e+01 6.23999999999999986e+01 1.42172698667957930e-03 7.08430519625945369e-06
 6.23999999999999986e+01 6.25333333333333314e+01 1.43364717731656109e-03 6.18423172076703141e-06
 6.25333333333333314e+01 6.26666666666666643e+01 1.45178205051157906e-03 7.91804009881320395e-06
 6.26666666666666643e+01 6.27999999999999972e+01 1.46017019361041091e-03 6.07558111732279654e-06
 6.27999999999999972e+01 6.29333333333333371e+01 1.49665381421728010e-03 7.05189980326495573e-06
 6.29333333333333371e+01 6.30666666666666629e+01 1.49457637608267917e-03 6.76831645215852563e-06
 6.30666666666666629e+01 6.32000000000000028e+01 1.52158173416447806e-03 6.98479757447297675e-06
 6.32000000000000028e+01 6.33333333333333357e+01 1.54347662235018246e-03 6.47378902942352629e-06
 6.33333333333333357e+01 6.34666666666666686e+01 1.56578524208775597e-03 6.90341298944633580e-06
 6.34666666666666686e+01 6.36000000000000014e+01 1.57799637702884079e-03 6.92074028499405128e-06
 6.36000000000000014e+01 6.37333333333333343e+01 1.57617002647620383e-03 7.56459520690921971e-06
 6.37333333333333343e+01 6.38666666666666671e+01 1.61267818053206714e-03 7.12325922708274036e-06
 6.38666666666666671e+01 6.40000000000000000e+01 1.61182333270821761e-03 6.58926295253334788e-06
 6.40000000000000000e+01 6.41333333333333258e+01 1.64675958143722760e-03 6.87784131794356366e-06
 6.41333333333333258e+01 6.42666666666666657e+01 1.66322053283744016e-03 7.38773305382268494e-06
 6.42666666666666657e+01 6.44000000000000057e+01 1.67910724200128966e-03 9.99253830345401916e-06
 6.44000000000000057e+01 6.45333333333333314e+01 1.69619349679977984e-03 7.98665609322188704e-06
 6.45333333333333314e+01 6.46666666666666714e+01 1.69741844209746499e-03 6.39611319987994925e-06
 6.46666666666666714e+01 6.47999999999999972e+01 1.72700450718860869e-03 1.14772582683038722e-05
 6.47999999999999972e+01 6.49333333333333371e+01 1.73609591901947142e-03 7.19130094225856475e-06
 6.49333333333333371e+01 6.50666666666666629e+01 1.76637702154271549e-03 9.31545006921264851e-06
 6.50666666666666629e+01 6.52000000000000028e+01 1.76734511725216287e-03 7.20887906195591552e-06
 6.52000000000000028e+01 6.53333333333333286e+01 1.78343044635122759e-03 7.35511109154563384e-06
 6.53333333333333286e+01 6.54666666666666686e+01 1.80225356378274030e-03 6.84934092265969108e-06
 6.54666666666666686e+01 6.55999999999999943e+01 1.81028765131790678e-03 7.52303960515416360e-06
 6.55999999999999943e+01 6.57333333333333343e+01 1.84078750924246350e-03 7.31417320791551906e-06
 6.57333333333333343e+01 6.58666666666666742e+01 1.84822557627428523e-03 7.04971032815836955e-06
 6.58666666666666742e+01 6.60000000000000000e+01 1.87419632215087137e-03 9.08910201272278511e-06
 6.60000000000000000e+01 6.61333333333333258e+01 1.88499218903625762e-03 8.11729603849050535e-06
 6.61333333333333258e+01 6.62666666666666657e+01 1.90955069938969968e-03 9.96341588856169826e-06
 6.62666666666666657e+01 6.64000000000000057e+01 1.91762163014359702e-03 7.45433114651825123e-06
 6.64000000000000057e+01 6.65333333333333314e+01 1.93434961045514837e-03 7.53461489513418205e-06
 6.65333333333333314e+01 6.66666666666666714e+01 1.95764384605557956e-03 7.32052484574273933e-06
 6.66666666666666714e+01 6.67999999999999972e+01 1.98373808167867562e-03 1.88665895987044660e-05
 6.67999999999999972e+01 6.69333333333333371e+01 1.98692028831522292e-03 7.41620596134014827e-06
 6.69333333333333371e+01 6.70666666666666629e+01 1.99795988115343721e-03 8.68678136456019301e-06
 6.70666666666666629e+01 6.72000000000000028e+01 2.02826633935557742e-03 8.22113493308333060e-06
 6.72000000000000028e+01 6.73333333333333286e+01 2.05336307451336759e-03 7.61593783976778279e-06
 6.73333333333333286e+01 6.74666666666666686e+01 2.08400532588917838e-03 1.40279973443483905e-05
 6.74666666666666686e+01 6.75999999999999943e+01 2.08650895837789608e-03 7.82322687021080551e-06
 6.75999999999999943e+01 6.77333333333333343e+01 2.10246090906840563e-03 9.17219106512342892e-06
 6.77333333333333343e+01 6.78666666666666742e+01 2.10789270561362926e-03 7.62400655426301478e-06
 6.78666666666666742e+01 6.80000000000000000e+01 2.12913413711759720e-03 8.27684641182450781e-06
 6.80000000000000000e+01 6.81333333333333258e+01 2.14431969931895951e-03 7.67511420759374381e-06
 6.81333333333333258e+01 6.82666666666666657e+01 2.16387178820921832e-03 7.57988523617514467e-06
 6.82666666666666657e+01 6.84000000000000057e+01 2.19093985934975524e-03 8.13400791298821754e-06
 6.84000000000000057e+01 6.85333333333333314e+01 2.20043811273410361e-03 7.95192179286496157e-06
 6.85333333333333314e+01 6.86666666666666714e+01 2.22692902707604268e-03 8.08120470416391436e-06
 6.86666666666666714e+01 6.87999999999999972e+01 2.23603878255301943e-03 7.71131726833035781e-06
 6.87999999999999972e+01 6.89333333333333371e+01 2.26799797327041858e-03 1.08904497256635383e-05
 6.89333333333333371e+01 6.90666666666666629e+01 2.25910437780981257e-03 8.10736678738143798e-06
 6.90666666666666629e+01 6.92000000000000028e+01 2.29168769309387064e-03 7.93390609841321259e-06
 6.92000000000000028e+01 6.93333333333333286e+01 2.30412598886794604e-03 8.36604834051911224e-06
 6.93333333333333286e+01 6.94666666666666686e+01 2.32029284796244880e-03 7.95076506091015052e-06
 6.94666666666666686e+01 6.95999999999999943e+01 2.35160170121084941e-03 8.37996699004708246e-06
 6.95999999999999943e+01 6.97333333333333343e+01 2.35527512921306255e-03 7.98193963993649072e-06
 6.97333333333333343e+01 6.98666666666666742e+01 2.37033806295202558e-03 8.81027661135027366e-06
 6.98666666666666742e+01 7.00000000000000000e+01 2.40905792768145296e-03 8.23986418927257530e-06
 7.00000000000000000e+01 7.01333333333333258e+01 2.41247592308697044e-03 7.92768122059651574e-06
 7.01333333333333258e+01 7.02666666666666657e+01 2.42813983049567934e-03 8.68271056655424955e-06
 7.02666666666666657e+01 7.04000000000000057e+01 2.44276231784823624e-03 7.99042043941749651e-06
 7.04000000000000057e+01 7.05333333333333314e+01 2.47601324505920210e-03 8.70042138809213583e-06
 7.05333333333333314e+01 7.06666666666666714e+01 2.49498094298526620e-03 8.26146282111628337e-06
 7.06666666666666714e+01 7.07999999999999972e+01 2.50470805110407585e-03 8.23169570826823119e-06
 7.07999999999999972e+01 7.09333333333333371e+01 2.51305592195712711e-03 7.86719833118582613e-06
 7.09333333333333371e+01 7.10666666666666629e+01 2.55288036743417943e-03 1.83108698305225434e-05
 7.10666666666666629e+01 7.12000000000000028e+01 2.57387016307156994e-03 8.47263898936560215e-06
 7.12000000000000028e+01 7.13333333333333286e+01 2.56721552427960700e-03 8.41472264911325972e-06
 7.13333333333333286e+01 7.14666666666666686e+01 2.60435199136122312e-03 8.59113333176258683e-06
 7.14666666666666686e+01 7.15999999999999943e+01 2.63871719271061792e-03 1.01880938930341249e-05
 7.15999999999999943e+01 7.17333333333333343e+01 2.65631777717837813e-03 1.37118599253848208e-05
 7.17333333333333343e+01 7.18666666666666742e+01 2.64203405419770939e-03 8.30355893011119202e-06
 7.18666666666666742e+01 7.20000000000000000e+01 2.68499085612505491e-03 9.18492400102268869e-06
 7.20000000000000000e+01 7.21333333333333258e+01 2.68375968545880948e-03 8.30932377258965569e-06
 7.21333333333333258e+01 7.22666666666666657e+01 2.70810373380698686e-03 9.03134497128670542e-06
 7.22666666666666657e+01 7.24000000000000057e+01 2.71394587014327183e-03 8.55319593547406728e-06
 7.24000000000000057e+01 7.25333333333333314e+01 2.74810849115135957e-03 9.12226859134173373e-06
 7.25333333333333314e+01 7.26666666666666714e+01 2.75062851511419628e-03 8.62057998271411623e-06
 7.26666666666666714e+01 7.27999999999999972e+01 2.80665387201001117e-03 9.14862328565723196e-06
 7.27999999999999972e+01 7.29333333333333371e+01 2.81980188878908121e-03 1.25666164286597641e-05
 7.29333333333333371e+01 7.30666666666666629e+01 2.81628333009179867e-03 1.35946326664138162e-05
 7.30666666666666629e+01 7.32000000000000028e+01 2.85574320107248592e-03 1.05255907140220970e-05
 7.32000000000000028e+01 7.33333333333333286e+01 2.87419901860946209e-03 1.23714598056665682e-05
 7.33333333333333286e+01 7.34666666666666686e+01 2.87087238510441451e-03 8.84814236461787917e-06
 7.34666666666666686e+01 7.35999999999999943e+01 2.88149091865868472e-03 8.68297285489182375e-06
 7.35999999999999943e+01 7.37333333333333343e+01 2.92287802294394650e-03 1.34440669195296409e-05
 7.37333333333333343e+01 7.38666666666666742e+01 2.94397123928868141e-03 1.00692296704662590e-05
 7.38666666666666742e+01 7.40000000000000000e+01 2.96141585019076437e-03 1.64068594815056688e-05
 7.40000000000000000e+01 7.41333333333333258e+01 2.96907973210995373e-03 9.28008281527514459e-06
 7.41333333333333258e+01 7.42666666666666657e+01 3.00073414846719483e-03 9.51051042129822700e-06
 7.42666666666666657e+01 7.44000000000000057e+01 3.00524686568465248e-03 9.36785275768967811e-06
 7.44000000000000057e+01 7.45333333333333314e+01 3.04910293178174393e-03 9.90248889763426792e-06
 7.45333333333333314e+01 7.46666666666666714e+01 3.04612754918072437e-03 9.90833687568468013e-06
 7.46666666666666714e+01 7.47999999999999972e+01 3.05149162359887038e-03 9.17010355703922416e-06
 7.47999999999999972e+01 7.49333333333333371e+01 3.07637840067855918e-03 9.85229673802766358e-06
 7.49333333333333371e+01 7.50666666666666629e+01 3.10294006883424017e-03 1.06828429643666857e-05
 7.50666666666666629e+01 7.52000000000000028e+01 3.11670350020443057e-03 8.93664398572355832e-06
 7.52000000000000028e+01 7.53333333333333286e+01 3.14617460942506885e-03 9.27724925044377202e-06
 7.53333333333333286e+01 7.54666666666666686e+01 3.15690156307738825e-03 9.85446424705953949e-06
 7.54666666666666686e+01 7.55999999999999943e+01 3.16600030077743679e-03 1.05344230771335882e-05
 7.55999999999999943e+01 7.57333333333333343e+01 3.18871795132638115e-03 8.90172601788304675e-06
 7.57333333333333343e+01 7.58666666666666742e+01 3.20206729389848656e-03 9.17819038725587979e-06
 7.58666666666666742e+01 7.60000000000000000e+01 3.22465598203146905e-03 9.57633239561602758e-06
 7.60000000000000000e+01 7.61333333333333258e+01 3.26285711675076322e-03 1.01553570613986757e-05
 7.61333333333333258e+01 7.62666666666666657e+01 3.25855089377892352e-03 1.05358004372428526e-05
 7.62666666666666657e+01 7.64000000000000057e+01 3.27656408585410945e-03 9.54465876368068572e-06
 7.64000000000000057e+01 7.65333333333333314e+01 3.29315240636356794e-03 9.84887985005935606e-06
 7.65333333333333314e+01 7.66666666666666714e+01 3.33360323407316111e-03 9.30082090625787938e-06
 7.66666666666666714e+01 7.67999999999999972e+01 3.33910801366914039e-03 9.48608939086575784e-06
 7.67999999999999972e+01 7.69333333333333371e+01 3.34812657535585876e-03 9.38000049535186402e-06
 7.69333333333333371e+01 7.70666666666666629e+01 3.36689488153570212e-03 9.79289412527882848e-06
 7.70666666666666629e+01 7.72000000000000028e+01 3.41542729815245711e-03 1.04223467250195158e-05
 7.72000000000000028e+01 7.73333333333333286e+01 3.41652330308008520e-03 1.06175738135518686e-05
 7.73333333333333286e+01 7.74666666666666686e+01 3.41674654994528638e-03 9.79347029326724148e-06
 7.74666666666666686e+01 7.75999999999999943e+01 3.45737394148760632e-03 1.10642896603771942e-05
 7.75999999999999943e+01 7.77333333333333343e+01 3.46403206662828939e-03 1.07651571518716341e-05
 7.77333333333333343e+01 7.78666666666666742e+01 3.48697822531187284e-03 9.59158928069869362e-06
 7.78666666666666742e+01 7.80000000000000000e+01 3.49118416591411409e-03 9.79548472231780752e-06
 7.80000000000000000e+01 7.81333333333333258e+01 3.50995923885348560e-03 9.38181474088405952e-06
 7.81333333333333258e+01 7.82666666666666657e+01 3.54337304230487819e-03 1.13372835861498565e-05
 7.82666666666666657e+01 7.84000000000000057e+01 3.55417114576601521e-03 1.02461244663209404e-05
 7.84000000000000057e+01 7.85333333333333314e+01 3.57762561518923774e-03 1.30478539990223885e-05
 7.85333333333333314e+01 7.86666666666666714e+01 3.59266439510159442e-03 1.04452224355401331e-05
 7.86666666666666714e+01 7.87999999999999972e+01 3.61013461413558796e-03 1.01667594090839539e-05
 7.87999999999999972e+01 7.89333333333333371e+01 3.63339318521240743e-03 1.15380818097796219e-05
 7.89333333333333371e+01 7.90666666666666629e+01 3.65664138878238863e-03 1.03593913162520920e-05
 7.90666666666666629e+01 7.92000000000000028e+01 3.67321618065775089e-03 1.07642152237004277e-05
 7.92000000000000028e+01 7.93333333333333286e+01 3.67764546656785488e-03 1.02263707591629322e-05
 7.93333333333333286e+01 7.94666666666666686e+01 3.71403123570768819e-03 1.37404555278139852e-05
 7.94666666666666686e+01 7.95999999999999943e+01 3.72589316942664858e-03 1.16910937624124447e-05
 7.95999999999999943e+01 7.97333333333333343e+01 3.73202592190343199e-03 1.18439041624464582e-05
 7.97333333333333343e+01 7.98666666666666742e+01 3.75302770207935725e-03 1.17788957338539004e-05
 7.98666666666666742e+01 8.00000000000000000e+01 3.78441277692423937e-03 1.13508313265966951e-05
 8.00000000000000000e+01 8.01333333333333258e+01 3.79065631504925740e-03 1.03315855672128079e-05
 8.01333333333333258e+01 8.02666666666666657e+01 3.81308077899259173e-03 1.02443531446556153e-05
 8.02666666666666657e+01 8.04000000000000057e+01 3.83875552359299720e-03 1.35422823846571006e-05
 8.04000000000000057e+01 8.05333333333333314e+01 3.83914238543926409e-03 1.06972179159924098e-05
 8.05333333333333314e+01 8.06666666666666714e+01 3.86354653558864183e-03 9.99834630145943722e-06
 8.06666666666666714e+01 8.07999999999999972e+01 3.86485555092702313e-03 1.38977137330393867e-05
 8.07999999999999972e+01 8.09333333333333371e+01 3.91274602082934252e-03 4.33402819929077049e-05
 8.09333333333333371e+01 8.10666666666666629e+01 3.91484674254508232e-03 1.07864448040280165e-05
 8.10666666666666629e+01 8.12000000000000028e+01 3.94584655673587466e-03 1.13984422038615205e-05
 8.12000000000000028e+01 8.13333333333333286e+01 3.93344363143106543e-03 1.13949839378028024e-05
 8.13333333333333286e+01 8.14666666666666686e+01 3.96964610159755097e-03 1.40285275513186226e-05
 8.14666666666666686e+01 8.15999999999999943e+01 3.98987468928829921e-03 1.21464290521197775e-05
 8.15999999999999943e+01 8.17333333333333343e+01 4.00404137032197346e-03 1.21035227920757035e-05
 8.17333333333333343e+01 8.18666666666666742e+01 4.01178308209892715e-03 1.04031430271744192e-05
 8.18666666666666742e+01 8.20000000000000000e+01 4.02131139201834190e-03 1.05158253270799246e-05
 8.20000000000000000e+01 8.21333333333333258e+01 4.04448982440437210e-03 1.16514544774034842e-05
 8.21333333333333258e+01 8.22666666666666657e+01 4.05595923215939635e-03 1.06536857091654652e-05
 8.22666666666666657e+01 8.24000000000000057e+01 4.07484119461409746e-03 1.33709226784072200e-05
 8.24000000000000057e+01 8.25333333333333314e+01 4.11746784194689120e-03 1.16156326387694263e-05
 8.25333333333333314e+01 8.26666666666666572e+01 4.11522103267152398e-03 1.19028704705647124e-05
 8.26666666666666572e+01 8.27999999999999972e+01 4.12855873345094933e-03 1.12553240110696155e-05
 8.27999999999999972e+01 8.29333333333333371e+01 4.12138984316129994e-03 1.06436755179284068e-05
 8.29333333333333371e+01 8.30666666666666629e+01 4.16924241139412892e-03 1.25081656267399667e-05
 8.30666666666666629e+01 8.32000000000000028e+01 4.18771110737369088e-03 1.18697699476194663e-05
 8.32000000000000028e+01 8.33333333333333428e+01 4.19224365503230532e-03 1.08057733942568676e-05
 8.33333333333333428e+01 8.34666666666666686e+01 4.22244867771053717e-03 1.31594037111455382e-05
 8.34666666666666686e+01 8.35999999999999943e+01 4.23240248554382099e-03 1.18673352989904075e-05
 8.35999999999999943e+01 8.37333333333333343e+01 4.26475307862988606e-03 1.53397233389822986e-05
 8.37333333333333343e+01 8.38666666666666742e+01 4.25682693533095072e-03 1.14015508969834755e-05
 8.38666666666666742e+01 8.40000000000000000e+01 4.27061532207943708e-03 1.12506735287198427e-05
 8.40000000000000000e+01 8.41333333333333258e+01 4.30990604861863393e-03 1.29662988217914461e-05
 8.41333333333333258e+01 8.42666666666666657e+01 4.32626340760969112e-03 1.14870972200138068e-05
 8.42666666666666657e+01 8.44000000000000057e+01 4.35118816360496007e-03 1.28583352952072630e-05
 8.44000000000000057e+01 8.45333333333333314e+01 4.32084928602317724e-03 1.14971724878910224e-05
 8.45333333333333314e+01 8.46666666666666572e+01 4.38932173096249177e-03 1.89116482042995238e-05
 8.46666666666666572e+01 8.47999999999999972e+01 4.36722689718073171e-03 1.16341147094042109e-05
 8.47999999999999972e+01 8.49333333333333371e+01 4.38075198953465691e-03 1.24603207190992573e-05
 8.49333333333333371e+01 8.50666666666666629e+01 4.40882049874380226e-03 1.16898014254936642e-05
 8.50666666666666629e+01 8.52000000000000028e+01 4.43267159536136525e-03 1.18388807616379855e-05
 8.52000000000000028e+01 8.53333333333333428e+01 4.43604706674277649e-03 1.66623222745698480e-05
 8.53333333333333428e+01 8.54666666666666686e+01 4.44990361157687232e-03 1.43589307448663872e-05
 8.54666666666666686e+01 8.55999999999999943e+01 4.45757079425002003e-03 1.12286888547795822e-05
 8.55999999999999943e+01 8.57333333333333343e+01 4.48694230841088955e-03 1.36881630440522313e-05
 8.57333333333333343e+01 8.58666666666666742e+01 4.49200198515105169e-03 1.15258197672084244e-05
 8.58666666666666742e+01 8.60000000000000000e+01 4.50037536960982715e-03 1.12624966952726003e-05
 8.60000000000000000e+01 8.61333333333333258e+01 4.51463068714870377e-03 1.48124134218083482e-05
 8.61333333333333258e+01 8.62666666666666657e+01 4.55506379667057568e-03 1.11668421251616535e-05
 8.62666666666666657e+01 8.64000000000000057e+01 4.56340433644742728e-03 1.17997606798923512e-05
 8.64000000000000057e+01 8.65333333333333314e+01 4.57697912016108779e-03 1.13061610433364640e-05
 8.65333333333333314e+01 8.66666666666666572e+01 4.57515727072584696e-03 1.18831352254597525e-05
 8.66666666666666572e+01 8.67999999999999972e+01 4.60083617548434718e-03 1.14410780837721593e-05
 8.67999999999999972e+01 8.69333333333333371e+01 4.62231780985625923e-03 1.44810429726659572e-05
 8.69333333333333371e+01 8.70666666666666629e+01 4.62551726096536390e-03 1.17293498342214354e-05
 8.70666666666666629e+01 8.72000000000000028e+01 4.64549928490878231e-03 1.51049716463926253e-05
 8.72000000000000028e+01 8.73333333333333428e+01 4.64406424092888518e-03 1.13896174569465957e-05
 8.73333333333333428e+01 8.74666666666666686e+01 4.66312290891579984e-03 1.38357412515410069e-05
 8.74666666666666686e+01 8.75999999999999943e+01 4.68889676871339645e-03 1.22060990812964508e-05
 8.75999999999999943e+01 8.77333333333333343e+01 4.69752423482626500e-03 1.50744527532720901e-05
 8.77333333333333343e+01 8.78666666666666742e+01 4.72184973127014011e-03 1.49351367145393867e-05
 8.78666666666666742e+01 8.80000000000000000e+01 4.73678208807891497e-03 1.35001806446335489e-05
 8.80000000000000000e+01 8.81333333333333258e+01 4.71306686259105774e-03 1.12574513262571940e-05
 8.81333333333333258e+01 8.82666666666666657e+01 4.74662405305240759e-03 1.15676711944254169e-05
 8.82666666666666657e+01 8.84000000000000057e+01 4.77324217438545705e-03 1.19213224692447389e-05
 8.84000000000000057e+01 8.85333333333333314e+01 4.77979699414430182e-03 1.12013619547298450e-05
 8.85333333333333314e+01 8.86666666666666572e+01 4.78951679155234771e-03 1.18648264733036538e-05
 8.86666666666666572e+01 8.87999999999999972e+01 4.83616766881581235e-03 1.14230822331224134e-05
 8.87999999999999972e+01 8.89333333333333371e+01 4.82282823005067939e-03 1.83987057254283209e-05
 8.89333333333333371e+01 8.90666666666666629e+01 4.84442763673554808e-03 1.58165964970032185e-05
 8.90666666666666629e+01 8.92000000000000028e+01 4.85625585349983707e-03 1.17265340315522483e-05
 8.92000000000000028e+01 8.93333333333333428e+01 4.87834102708681848e-03 1.65625931674552801e-05
 8.93333333333333428e+01 8.94666666666666686e+01 4.87921850691313067e-03 1.15026289819086891e-05
 8.94666666666666686e+01 8.95999999999999943e+01 4.90537242189378365e-03 1.21078447529442800e-05
 8.95999999999999943e+01 8.97333333333333343e+01 4.90259096617148317e-03 1.14739725518521573e-05
 8.97333333333333343e+01 8.98666666666666742e+01 4.91717325754574552e-03 1.41844731448603579e-05
 8.98666666666666742e+01 9.00000000000000000e+01 4.94472409637018457e-03 1.23454805679381670e-05
 9.00000000000000000e+01 9.01333333333333258e+01 4.96768908851189482e-03 1.53160683080595468e-05
 9.01333333333333258e+01 9.02666666666666657e+01 4.94113676306734591e-03 1.40786462714885610e-05
 9.02666666666666657e+01 9.04000000000000057e+01 4.97090165901765014e-03 1.33105010117086128e-05
 9.04000000000000057e+01 9.05333333333333314e+01 4.97326126816378944e-03 1.19093092208690783e-05
 9.05333333333333314e+01 9.06666666666666572e+01 4.98321526397516382e-03 1.13893752958249487e-05
 9.06666666666666572e+01 9.07999999999999972e+01 5.00240315299336439e-03 1.27541882869418090e-05
 9.07999999999999972e+01 9.09333333333333371e+01 5.04265374531590645e-03 1.60062668364630500e-05
 9.09333333333333371e+01 9.10666666666666629e+01 5.04180653311201831e-03 1.57351637523945254e-05
 9.10666666666666629e+01 9.12000000000000028e+01 5.02627808437301326e-03 1.11878684136393233e-05
 9.12000000000000028e+01 9.13333333333333428e+01 5.04385086523562263e-03 1.31797742647289831e-05
 9.13333333333333428e+01 9.14666666666666686e+01 5.04611387345425214e-03 1.28758749248554702e-05
 9.14666666666666686e+01 9.15999999999999943e+01 5.05088852967902884e-03 1.56079736158479757e-05
 9.15999999999999943e+01 9.17333333333333343e+01 5.07895326685280004e-03 1.29571994698126458e-05
 9.17333333333333343e+01 9.18666666666666742e+01 5.07859828102125242e-03 1.40275441068589249e-05
 9.18666666666666742e+01 9.20000000000000000e+01 5.10266687272237923e-03 1.33302880709136481e-05
 9.20000000000000000e+01 9.21333333333333258e+01 5.08586659922775561e-03 1.39419156142981433e-05
 9.21333333333333258e+01 9.22666666666666657e+01 5.09267905229562803e-03 1.19750876465181048e-05
 9.22666666666666657e+01 9.24000000000000057e+01 5.15298259123972598e-03 1.47689428056757302e-05
 9.24000000000000057e+01 9.25333333333333314e+01 5.14073470045017713e-03 1.31361676818496449e-05
 9.25333333333333314e+01 9.26666666666666572e+01 5.14159940667005631e-03 1.21390677591416239e-05
 9.26666666666666572e+01 9.27999999999999972e+01 5.16620909683240381e-03 1.85548328938368486e-05
 9.27999999999999972e+01 9.29333333333333371e+01 5.14004804059009675e-03 1.14258687865732442e-05
 9.29333333333333371e+01 9.30666666666666629e+01 5.16792931610780912e-03 1.33275815133516570e-05
 9.30666666666666629e+01 9.32000000000000028e+01 5.17433671004033542e-03 1.25451182890507950e-05
 9.32000000000000028e+01 9.33333333333333428e+01 5.18221170663415824e-03 1.53683513731310095e-05
 9.33333333333333428e+01 9.34666666666666686e+01 5.19010167529683920e-03 1.15040136740844125e-05
 9.34666666666666686e+01 9.35999999999999943e+01 5.20419254047410282e-03 1.43556888421275263e-05
 9.35999999999999943e+01 9.37333333333333343e+01 5.22811341347048653e-03 1.93125310247678295e-05
 9.37333333333333343e+01 9.38666666666666742e+01 5.22145231886816420e-03 1.57901314737637094e-05
 9.38666666666666742e+01 9.40000000000000000e+01 5.21688891675556061e-03 1.32481756589668314e-05
 9.40000000000000000e+01 9.41333333333333258e+01 5.24764282622252123e-03 1.25578470448299477e-05
 9.41333333333333258e+01 9.42666666666666657e+01 5.24834189605323173e-03 1.30541056691844391e-05
 9.42666666666666657e+01 9.44000000000000057e+01 5.26436321668375101e-03 1.54776043491280615e-05
 9.44000000000000057e+01 9.45333333333333314e+01 5.25481382664893474e-03 1.15434173534844097e-05
 9.45333333333333314e+01 9.46666666666666572e+01 5.26673886120251726e-03 1.20294480259850701e-05
 9.46666666666666572e+01 9.47999999999999972e+01 5.27893463186808118e-03 1.42482943224235105e-05
 9.47999999999999972e+01 9.49333333333333371e+01 5.28137662492348791e-03 1.36759027122648718e-05
 9.49333333333333371e+01 9.50666666666666629e+01 5.29660968162317617e-03 1.66655698990918128e-05
 9.50666666666666629e+01 9.52000000000000028e+01 5.28349843411712872e-03 1.22476322630679694e-05
 9.52000000000000028e+01 9.53333333333333428e+01 5.29374766127909627e-03 1.11683620315265840e-05
 9.53333333333333428e+01 9.54666666666666686e+01 5.30661020458778575e-03 1.21748312219647404e-05
 9.54666666666666686e+01 9.55999999999999943e+01 5.32453051548115435e-03 1.37365243440628591e-05
 9.55999999999999943e+01 9.57333333333333343e+01 5.32651728375501451e-03 1.20948798523041951e-05
 9.57333333333333343e+01 9.58666666666666742e+01 5.35073220999226010e-03 1.28204614952305862e-05
 9.58666666666666742e+01 9.60000000000000000e+01 5.34994293822390037e-03 1.37237424302240381e-05
 9.60000000000000000e+01 9.61333333333333258e+01 5.32246377315062202e-03 1.17358304378811435e-05
 9.61333333333333258e+01 9.62666666666666657e+01 5.36614797109602037e-03 2.04525679109520061e-05
 9.62666666666666657e+01 9.64000000000000057e+01 5.34511796805000987e-03 1.19173890828425009e-05
 9.64000000000000057e+01 9.65333333333333314e+01 5.35693883363656375e-03 1.52102130070080264e-05
 9.65333333333333314e+01 9.66666666666666572e+01 5.40142857288704228e-03 1.93390959489700545e-05
 9.66666666666666572e+01 9.67999999999999972e+01 5.40231250594920987e-03 1.28356666034238983e-05
 9.67999999999999972e+01 9.69333333333333371e+01 5.38095438173074019e-03 1.31715513120025485e-05
 9.69333333333333371e+01 9.70666666666666629e+01 5.40118282264015048e-03 1.32363614885373561e-05
 9.70666666666666629e+01 9.72000000000000028e+01 5.39351657162000491e-03 1.23042906503996317e-05
 9.72000000000000028e+01 9.73333333333333428e+01 5.39272327691370235e-03 1.21877410407259005e-05
 9.73333333333333428e+01 9.74666666666666686e+01 5.42979228502245889e-03 1.35866326403884979e-05
 9.74666666666666686e+01 9.75999999999999943e+01 5.39705419034713051e-03 1.45369283500016181e-05
 9.75999999999999943e+01 9.77333333333333343e+01 5.40683854001981073e-03 1.47751697228462067e-05
 9.77333333333333343e+01 9.78666666666666742e+01 5.43654958803266135e-03 1.47522542923272723e-05
 9.78666666666666742e+01 9.80000000000000000e+01 5.43654621061234224e-03 1.34755282414861421e-05
 9.80000000000000000e+01 9.81333333333333258e+01 5.41318596026930162e-03 1.49417471262794816e-05
 9.81333333333333258e+01 9.82666666666666657e+01 5.44402044048230161e-03 1.19939269667184943e-05
 9.82666666666666657e+01 9.84000000000000057e+01 5.45756798564010076e-03 1.52672523488809760e-05
 9.84000000000000057e+01 9.85333333333333314e+01 5.47082315100626531e-03 1.40589924745528889e-05
 9.85333333333333314e+01 9.86666666666666572e+01 5.46798436232109625e-03 2.18620112010835432e-05
 9.86666666666666572e+01 9.87999999999999972e+01 5.44232030652110239e-03 1.33121738749647638e-05
 9.87999999999999972e+01 9.89333333333333371e+01 5.44555148217200271e-03 1.19133345197161599e-05
 9.89333333333333371e+01 9.90666666666666629e+01 5.46835468160316706e-03 1.28714605276730397e-05
 9.90666666666666629e+01 9.92000000000000028e+01 5.46750776164219281e-03 1.15884799055569017e-05
 9.92000000000000028e+01 9.93333333333333428e+01 5.46376972368804725e-03 1.20101687944323484e-05
 9.93333333333333428e+01 9.94666666666666686e+01 5.46154122852107130e-03 1.48523942852225806e-05
 9.94666666666666686e+01 9.95999999999999943e+01 5.47584793628474488e-03 1.27137808509998334e-05
 9.95999999999999943e+01 9.97333333333333343e+01 5.47071750806298052e-03 1.19703854549665041e-05
 9.97333333333333343e+01 9.98666666666666742e+01 5.50081380642067526e-03 4.02354935273657271e-05
 9.98666666666666742e+01 1.00000000000000000e+02 5.46086956889449329e-03 1.18453779919878729e-05
 1.00000000000000000e+02 1.00133333333333326e+02 5.48191437652967035e-03 1.18257826881132595e-05
 1.00133333333333326e+02 1.00266666666666666e+02 5.48543368450864557e-03 1.38697965174564742e-05
 1.00266666666666666e+02 1.00400000000000006e+02 5.48644196269483086e-03 1.32089819037483640e-05
 1.00400000000000006e+02 1.00533333333333331e+02 5.52563184099403790e-03 1.35616280782873579e-05
 1.00533333333333331e+02 1.00666666666666657e+02 5.46417023472434409e-03 1.16013474869043558e-05
 1.00666666666666657e+02 1.00799999999999997e+02 5.49904047236679343e-03 1.49735561696470805e-05
 1.00799999999999997e+02 1.00933333333333337e+02 5.50765896100084435e-03 1.35975151867683771e-05
 1.00933333333333337e+02 1.01066666666666663e+02 5.48626618807604959e-03 1.28072554451273847e-05
 1.01066666666666663e+02 1.01200000000000003e+02 5.52856821577021353e-03 1.80111805600646017e-05
 1.01200000000000003e+02 1.01333333333333343e+02 5.49260947791328433e-03 1.24254993797140626e-05
 1.01333333333333343e+02 1.01466666666666669e+02 5.49510142289065875e-03 1.62935143146021218e-05
 1.01466666666666669e+02 1.01599999999999994e+02 5.48689435495662743e-03 1.43140287637863413e-05
 1.01599999999999994e+02 1.01733333333333334e+02 5.50404893965623573e-03 1.22941846051062255e-05
 1.01733333333333334e+02 1.01866666666666674e+02 5.49921786147657913e-03 1.66909945878997784e-05
 1.01866666666666674e+02 1.02000000000000000e+02 5.50560553548899712e-03 1.27706203160709328e-05
 1.02000000000000000e+02 1.02133333333333326e+02 5.49030029658566059e-03 1.19042780125942452e-05
 1.02133333333333326e+02 1.02266666666666666e+02 5.50138493503050420e-03 1.39110151671018624e-05
 1.02266666666666666e+02 1.02400000000000006e+02 5.49264406964386324e-03 1.24303007425956875e-05
 1.02400000000000006e+02 1.02533333333333331e+02 5.50390361715223219e-03 1.29114188842989197e-05
 1.02533333333333331e+02 1.02666666666666657e+02 5.49103849658033258e-03 1.20321913054310397e-05
 1.02666666666666657e+02 1.02799999999999997e+02 5.46574699810218386e-03 1.21285644575336379e-05
 1.02799999999999997e+02 1.02933333333333337e+02 5.51376630718670643e-03 1.41059557760587593e-05
 1.02933333333333337e+02 1.03066666666666663e+02 5.48971699707308594e-03 1.23976783212999491e-05
 1.03066666666666663e+02 1.03200000000000003e+02 5.47185897025790745e-03 1.15117441752233517e-05
 1.03200000000000003e+02 1.03333333333333343e+02 5.47577723874609693e-03 1.20599208176224582e-05
 1.03333333333333343e+02 1.03466666666666669e+02 5.47108027549471007e-03 1.37229710672367668e-05
 1.03466666666666669e+02 1.03599999999999994e+02 5.46269651373063828e-03 1.18610631847233722e-05
 1.03599999999999994e+02 1.03733333333333334e+02 5.47758007725117346e-03 1.20738743349277560e-05
 1.03733333333333334e+02 1.03866666666666674e+02 5.45664088414803301e-03 1.16649953657056150e-05
 1.03866666666666674e+02 1.04000000000000000e+02 5.48470265899401576e-03 1.57047019474535668e-05
 1.04000000000000000e+02 1.04133333333333326e+02 5.46656307976103265e-03 1.20111925275557950e-05
 1.04133333333333326e+02 1.04266666666666666e+02 5.45187262181618879e-03 1.22639992660101080e-05
 1.04266666666666666e+02 1.04400000000000006e+02 5.45043755353554708e-03 1.25491613977004341e-05
 1.04400000000000006e+02 1.04533333333333331e+02 5.46847177183708635e-03 1.99131352519097600e-05
 1.04533333333333331e+02 1.04666666666666657e+02 5.46256170022723156e-03 1.28444365012069356e-05
 1.04666666666666657e+02 1.04799999999999997e+02 5.45133813251498511e-03 1.25115944654299077e-05
 1.04799999999999997e+02 1.04933333333333337e+02 5.44787743268976450e-03 1.31409482047778039e-05
 1.04933333333333337e+02 1.05066666666666663e+02 5.45978421194439744e-03 1.34182119379941059e-05
 1.05066666666666663e+02 1.05200000000000003e+02 5.44192870547191392e-03 1.28537209364039271e-05
 1.05200000000000003e+02 1.05333333333333343e+02 5.43061481497833509e-03 1.17960875207719596e-05
 1.05333333333333343e+02 1.05466666666666669e+02 5.43879205145762420e-03 1.15566805749459536e-05
 1.05466666666666669e+02 1.05599999999999994e+02 5.42323069163931984e-03 1.36636107886255445e-05
 1.05599999999999994e+02 1.05733333333333334e+02 5.41104192172597951e-03 1.51525313428723361e-05
 1.05733333333333334e+02 1.05866666666666674e+02 5.41826837232889987e-03 1.19711924237446182e-05
 1.05866666666666674e+02 1.06000000000000000e+02 5.41479573925458466e-03 1.30431575937584508e-05
 1.06000000000000000e+02 1.06133333333333326e+02 5.40703109484623468e-03 1.44703256078557976e-05
 1.06133333333333326e+02 1.06266666666666666e+02 5.40831159917343207e-03 1.61886739608202931e-05
 1.06266666666666666e+02 1.06400000000000006e+02 5.36731215236601212e-03 1.30395156000244319e-05
 1.06400000000000006e+02 1.06533333333333331e+02 5.37980337103728928e-03 1.15431881907658690e-05
 1.06533333333333331e+02 1.06666666666666657e+02 5.37380421864497391e-03 1.27770148355552965e-05
 1.06666666666666657e+02 1.06799999999999997e+02 5.37137984967744637e-03 1.17066417574184788e-05
 1.06799999999999997e+02 1.06933333333333337e+02 5.36587972508179717e-03 1.25012570669258764e-05
 1.06933333333333337e+02 1.07066666666666663e+02 5.37509292888108028e-03 1.34660622113300861e-05
 1.07066666666666663e+02 1.07200000000000003e+02 5.35423014553640473e-03 1.22291336277973948e-05
 1.07200000000000003e+02 1.07333333333333343e+02 5.34626031194627635e-03 1.21817334353286319e-05
 1.07333333333333343e+02 1.07466666666666669e+02 5.34470077609685169e-03 1.31745616453840106e-05
 1.07466666666666669e+02 1.07599999999999994e+02 5.32196879790070541e-03 1.16264932573998724e-05
 1.07599999999999994e+02 1.07733333333333334e+02 5.32553237930712565e-03 1.33846553581732580e-05
 1.07733333333333334e+02 1.07866666666666674e+02 5.31347703058790768e-03 1.18924180128110963e-05
 1.07866666666666674e+02 1.08000000000000000e+02 5.31151150027007069e-03 1.16342115906627281e-05
 1.08000000000000000e+02 1.08133333333333326e+02 5.29703460624114143e-03 1.16748087937753024e-05
 1.08133333333333326e+02 1.08266666666666666e+02 5.28787322557854825e-03 1.25692698688658909e-05
 1.08266666666666666e+02 1.08400000000000006e+02 5.27255276621470866e-03 1.24212571679119048e-05
 1.08400000000000006e+02 1.08533333333333331e+02 5.26773025076653946e-03 1.22623077558750398e-05
 1.08533333333333331e+02 1.08666666666666657e+02 5.26381882629404357e-03 1.36384916152889582e-05
 1.08666666666666657e+02 1.08799999999999997e+02 5.22585488523525689e-03 1.64213619250998422e-05
 1.08799999999999997e+02 1.08933333333333337e+02 5.22968370142034601e-03 1.09593146183811688e-05
 1.08933333333333337e+02 1.09066666666666663e+02 5.23615510333553472e-03 1.19300775633720469e-05
 1.09066666666666663e+02 1.09200000000000003e+02 5.20802908372449032e-03 1.14961118642049868e-05
 1.09200000000000003e+02 1.09333333333333343e+02 5.20635559395691248e-03 1.21369006273856563e-05
 1.09333333333333343e+02 1.09466666666666669e+02 5.19641409535540489e-03 1.42313169323133467e-05
 1.09466666666666669e+02 1.09599999999999994e+02 5.19056444390746628e-03 1.31965194675149615e-05
 1.09599999999999994e+02 1.09733333333333334e+02 5.18697055856243844e-03 1.48088122493717690e-05
 1.09733333333333334e+02 1.09866666666666674e+02 5.14197778546620840e-03 1.11290058986330712e-05
 1.09866666666666674e+02 1.10000000000000000e+02 5.17102968388517565e-03 1.22990454384261696e-05
 1.10000000000000000e+02 1.10133333333333326e+02 5.12578725262400735e-03 1.29002846251631686e-05
 1.10133333333333326e+02 1.10266666666666666e+02 5.11630821998339258e-03 1.20800895901009065e-05
 1.10266666666666666e+02 1.10400000000000006e+02 5.11089798024622326e-03 1.09909368924607034e-05
 1.10400000000000006e+02 1.10533333333333331e+02 5.08643123433993264e-03 1.13282797773049787e-05
 1.10533333333333331e+02 1.10666666666666657e+02 5.07364957996661679e-03 1.24350076667688671e-05
 1.10666666666666657e+02 1.10799999999999997e+02 5.09947764773159996e-03 1.58478635628815691e-05
 1.10799999999999997e+02 1.10933333333333337e+02 5.04722435956072180e-03 1.39667336972448215e-05
 1.10933333333333337e+02 1.11066666666666663e+02 5.03537823911039042e-03 1.33416969056281425e-05
 1.11066666666666663e+02 1.11200000000000003e+02 5.02558457366202548e-03 1.45583334912125321e-05
 1.11200000000000003e+02 1.11333333333333343e+02 5.01638219946246890e-03 1.34409239081076700e-05
 1.11333333333333343e+02 1.11466666666666669e+02 4.98443368844520441e-03 2.15510454693682650e-05
 1.11466666666666669e+02 1.11599999999999994e+02 4.99382671097902114e-03 1.46282559262225407e-05
 1.11599999999999994e+02 1.11733333333333334e+02 4.98076620209244626e-03 1.21036097486086946e-05
 1.11733333333333334e+02 1.11866666666666674e+02 4.95556317381473654e-03 1.07792310070660199e-05
 1.11866666666666674e+02 1.12000000000000000e+02 4.93755278569004905e-03 1.27687935865302120e-05
 1.12000000000000000e+02 1.12133333333333326e+02 4.93259860147441265e-03 1.50732322420426776e-05
 1.12133333333333326e+02 1.12266666666666666e+02 4.91374053081674190e-03 1.56346767203398159e-05
 1.12266666666666666e+02 1.12400000000000006e+02 4.87881758509955184e-03 1.10399123956094912e-05
 1.12400000000000006e+02 1.12533333333333331e+02 4.86051598448234735e-03 1.07243650469880392e-05
 1.12533333333333331e+02 1.12666666666666657e+02 4.84178061565638650e-03 1.13713688799324253e-05
 1.12666666666666657e+02 1.12799999999999997e+02 4.83262069480255071e-03 1.06968882716493714e-05
 1.12799999999999997e+02 1.12933333333333337e+02 4.81771222129619668e-03 1.16060653321782409e-05
 1.12933333333333337e+02 1.13066666666666663e+02 4.79902984905080689e-03 1.27429070884481328e-05
 1.13066666666666663e+02 1.13200000000000003e+02 4.77166094211424474e-03 1.19982633609402464e-05
 1.13200000000000003e+02 1.13333333333333343e+02 4.76761310068318876e-03 1.05050909341947227e-05
 1.13333333333333343e+02 1.13466666666666669e+02 4.75156017206259610e-03 1.12365586449102797e-05
 1.13466666666666669e+02 1.13599999999999994e+02 4.73555894775576445e-03 1.21819909740543203e-05
 1.13599999999999994e+02 1.13733333333333334e+02 4.70402817706651495e-03 1.06587133657070245e-05
 1.13733333333333334e+02 1.13866666666666674e+02 4.68443278556020075e-03 1.06322377396233072e-05
 1.13866666666666674e+02 1.14000000000000000e+02 4.67366917012881564e-03 1.16373390569210930e-05
 1.14000000000000000e+02 1.14133333333333340e+02 4.66178631195475913e-03 1.05623003778446728e-05
 1.14133333333333340e+02 1.14266666666666666e+02 4.64994469062860859e-03 1.08685462622631982e-05
 1.14266666666666666e+02 1.14400000000000006e+02 4.58282067238073316e-03 1.14345706700767076e-05
 1.14400000000000006e+02 1.14533333333333331e+02 4.58786058337313455e-03 1.06524558655873144e-05
 1.14533333333333331e+02 1.14666666666666671e+02 4.58411282233891961e-03 1.23510291376348445e-05
 1.14666666666666671e+02 1.14799999999999997e+02 4.53709977548313968e-03 1.04584668733024326e-05
 1.14799999999999997e+02 1.14933333333333337e+02 4.52862407297253446e-03 1.10663293683379679e-05
 1.14933333333333337e+02 1.15066666666666663e+02 4.50962655017753903e-03 1.01166325223854134e-05
 1.15066666666666663e+02 1.15200000000000003e+02 4.50159560880490899e-03 1.24325998388193068e-05
 1.15200000000000003e+02 1.15333333333333329e+02 4.45701961135239449e-03 9.89895906470959948e-06
 1.15333333333333329e+02 1.15466666666666669e+02 4.44252161858856368e-03 1.14950481582239492e-05
 1.15466666666666669e+02 1.15599999999999994e+02 4.40982993692916499e-03 1.00346686099915730e-05
 1.15599999999999994e+02 1.15733333333333334e+02 4.41572487681350309e-03 1.43589170432609818e-05
 1.15733333333333334e+02 1.15866666666666660e+02 4.39001090837729847e-03 9.66370325473568587e-06
 1.15866666666666660e+02 1.16000000000000000e+02 4.36918769723571281e-03 1.89071710224791887e-05
 1.16000000000000000e+02 1.16133333333333340e+02 4.33357243396196613e-03 1.02107539544369896e-05
 1.16133333333333340e+02 1.16266666666666666e+02 4.31342211021030347e-03 1.09005217737105609e-05
 1.16266666666666666e+02 1.16400000000000006e+02 4.28835283324165324e-03 9.44203332689394370e-06
 1.16400000000000006e+02 1.16533333333333331e+02 4.26310568876923056e-03 1.00583999148551251e-05
 1.16533333333333331e+02 1.16666666666666671e+02 4.24588043900760419e-03 1.02072925090378407e-05
 1.16666666666666671e+02 1.16799999999999997e+02 4.20176849483927008e-03 1.09243246249020182e-05
 1.16799999999999997e+02 1.16933333333333337e+02 4.17656596478722508e-03 1.10273843634080681e-05
 1.16933333333333337e+02 1.17066666666666663e+02 4.16772184235903159e-03 1.02233520174394273e-05
 1.17066666666666663e+02 1.17200000000000003e+02 4.13700809353700124e-03 9.93125629071753574e-06
 1.17200000000000003e+02 1.17333333333333329e+02 4.10461274357251486e-03 9.56082608569272184e-06
 1.17333333333333329e+02 1.17466666666666669e+02 4.08808036973553300e-03 9.86985275590340889e-06
 1.17466666666666669e+02 1.17599999999999994e+02 4.08456575701851565e-03 1.29162911856725467e-05
 1.17599999999999994e+02 1.17733333333333334e+02 4.05469312367048949e-03 1.18550479503399648e-05
 1.17733333333333334e+02 1.17866666666666660e+02 4.01168585745981590e-03 9.37493159176763266e-06
 1.17866666666666660e+02 1.18000000000000000e+02 3.98275662522964632e-03 1.28326938150260938e-05
 1.18000000000000000e+02 1.18133333333333340e+02 3.96035412262964008e-03 1.07295624510445912e-05
 1.18133333333333340e+02 1.18266666666666666e+02 3.94954390457919521e-03 1.11583499402954305e-05
 1.18266666666666666e+02 1.18400000000000006e+02 3.90317203640101187e-03 1.01367982038507087e-05
 1.18400000000000006e+02 1.18533333333333331e+02 3.87212640151104320e-03 9.69307122597941119e-06
 1.18533333333333331e+02 1.18666666666666671e+02 3.84625456300598332e-03 9.69129377053034673e-06
 1.18666666666666671e+02 1.18799999999999997e+02 3.82062644301090198e-03 1.24963880303900293e-05
 1.18799999999999997e+02 1.18933333333333337e+02 3.81316051864958021e-03 1.09821708960215273e-05
 1.18933333333333337e+02 1.19066666666666663e+02 3.76389550222419340e-03 9.07014388438659276e-06
 1.19066666666666663e+02 1.19200000000000003e+02 3.73551816275536968e-03 8.93990299747610316e-06
 1.19200000000000003e+02 1.19333333333333329e+02 3.72684222313300530e-03 2.77593127814799594e-05
 1.19333333333333329e+02 1.19466666666666669e+02 3.66992541386779387e-03 1.08548604209978319e-05
 1.19466666666666669e+02 1.19599999999999994e+02 3.63121149732485065e-03 9.53770745190043181e-06
 1.19599999999999994e+02 1.19733333333333334e+02 3.62830212624438162e-03 1.10959508264921103e-05
 1.19733333333333334e+02 1.19866666666666660e+02 3.57007089050947113e-03 9.88808989724705020e-06
 1.19866666666666660e+02 1.20000000000000000e+02 3.55127360537900796e-03 1.07798583776889588e-05
 1.20000000000000000e+02 1.20133333333333340e+02 3.52667922787067590e-03 1.05983979985101194e-05
 1.20133333333333340e+02 1.20266666666666666e+02 3.46994305097532646e-03 8.88674668691947473e-06
 1.20266666666666666e+02 1.20400000000000006e+02 3.45262396612848552e-03 1.40392002113655602e-05
 1.20400000000000006e+02 1.20533333333333331e+02 3.41879613809639845e-03 1.05858210052997313e-05
 1.20533333333333331e+02 1.20666666666666671e+02 3.38670443427733668e-03 9.02330238797980700e-06
 1.20666666666666671e+02 1.20799999999999997e+02 3.32017636258748281e-03 8.49920241094408083e-06
 1.20799999999999997e+02 1.20933333333333337e+02 3.30503768845763143e-03 9.41490947483182163e-06
 1.20933333333333337e+02 1.21066666666666663e+02 3.27656175322777734e-03 1.25697537419724939e-05
 1.21066666666666663e+02 1.21200000000000003e+02 3.24664584410889199e-03 1.18454887136937246e-05
 1.21200000000000003e+02 1.21333333333333329e+02 3.19516465620706559e-03 8.68551069139525355e-06
 1.21333333333333329e+02 1.21466666666666669e+02 3.17213074985911187e-03 8.96658136685690787e-06
 1.21466666666666669e+02 1.21599999999999994e+02 3.12294517647410510e-03 8.54358162037138801e-06
 1.21599999999999994e+02 1.21733333333333334e+02 3.10438382694929035e-03 1.55230801934552634e-05
 1.21733333333333334e+02 1.21866666666666660e+02 3.05787805875047843e-03 8.33735731695906635e-06
 1.21866666666666660e+02 1.22000000000000000e+02 3.02597052908668918e-03 1.13973130008539539e-05
 1.22000000000000000e+02 1.22133333333333340e+02 3.00498932055403992e-03 9.72941678821482099e-06
 1.22133333333333340e+02 1.22266666666666666e+02 2.93427447154012569e-03 8.51907771007451955e-06
 1.22266666666666666e+02 1.22400000000000006e+02 2.89783703019045550e-03 8.46727614533378645e-06
 1.22400000000000006e+02 1.22533333333333331e+02 2.85739857084889130e-03 8.62239880071927127e-06
 1.22533333333333331e+02 1.22666666666666671e+02 2.82422817372201965e-03 1.42573764419656621e-05
 1.22666666666666671e+02 1.22799999999999997e+02 2.76288417705370173e-03 8.21873245553006419e-06
 1.22799999999999997e+02 1.22933333333333337e+02 2.72614057158829378e-03 8.95675663287199476e-06
 1.22933333333333337e+02 1.23066666666666663e+02 2.69421001151593127e-03 9.62754454926916279e-06
 1.23066666666666663e+02 1.23200000000000003e+02 2.64514328533139997e-03 1.04206011363897966e-05
 1.23200000000000003e+02 1.23333333333333329e+02 2.59292337765283740e-03 7.91641960413545633e-06
 1.23333333333333329e+02 1.23466666666666669e+02 2.53467558432868192e-03 7.99871156067762188e-06
 1.23466666666666669e+02 1.23599999999999994e+02 2.49737800047706475e-03 7.89347469154466642e-06
 1.23599999999999994e+02 1.23733333333333334e+02 2.46545887128639786e-03 1.14265043832119328e-05
 1.23733333333333334e+02 1.23866666666666660e+02 2.40275009684164922e-03 8.16920428822778913e-06
 1.23866666666666660e+02 1.24000000000000000e+02 2.35738250527907887e-03 8.35538874984263709e-06
 1.24000000000000000e+02 1.24133333333333340e+02 2.32149467908215022e-03 7.71033522884064716e-06
 1.24133333333333340e+02 1.24266666666666666e+02 2.25076065210913761e-03 8.74513381226402077e-06
 1.24266666666666666e+02 1.24400000000000006e+02 2.20363559972937577e-03 7.22931739199367262e-06
 1.24400000000000006e+02 1.24533333333333331e+02 2.14771860410065954e-03 7.52790831418495541e-06
 1.24533333333333331e+02 1.24666666666666671e+02 2.08559506535228954e-03 8.05670855760014306e-06
 1.24666666666666671e+02 1.24799999999999997e+02 2.04993547175110445e-03 7.38877364343170272e-06
 1.24799999999999997e+02 1.24933333333333337e+02 1.98659545884835847e-03 7.67044999356455747e-06
 1.24933333333333337e+02 1.25066666666666663e+02 1.93926137853911223e-03 1.13778176334309429e-05
 1.25066666666666663e+02 1.25200000000000003e+02 1.87897115689008632e-03 1.03577279679150957e-05
 1.25200000000000003e+02 1.25333333333333329e+02 1.82576179131894805e-03 7.82813141686723478e-06
 1.25333333333333329e+02 1.25466666666666669e+02 1.76736191254166165e-03 6.82142183970917807e-06
 1.25466666666666669e+02 1.25599999999999994e+02 1.71579958913038949e-03 7.02794442085369811e-06
 1.25599999999999994e+02 1.25733333333333334e+02 1.66040338400305458e-03 6.98050004960938683e-06
 1.25733333333333334e+02 1.25866666666666660e+02 1.60987706737771908e-03 1.61562733356324271e-05
 1.25866666666666660e+02 1.26000000000000000e+02 1.54057345239285879e-03 6.28222700221417914e-06
 1.26000000000000000e+02 1.26133333333333340e+02 1.50110781382958532e-03 9.97808357386320433e-06
 1.26133333333333340e+02 1.26266666666666666e+02 1.44209264527398167e-03 6.18542273691135959e-06
 1.26266666666666666e+02 1.26400000000000006e+02 1.39849736242201933e-03 6.22515965166367698e-06
 1.26400000000000006e+02 1.26533333333333331e+02 1.33259367379386529e-03 6.34893710453383343e-06
 1.26533333333333331e+02 1.26666666666666671e+02 1.29128601167569535e-03 6.30443594770290119e-06
 1.26666666666666671e+02 1.26799999999999997e+02 1.22964503429862288e-03 5.92999822396902177e-06
 1.26799999999999997e+02 1.26933333333333337e+02 1.16349112416316283e-03 6.42511527397016140e-06
 1.26933333333333337e+02 1.27066666666666663e+02 1.12798625050720036e-03 1.18165965049074955e-05
 1.27066666666666663e+02 1.27200000000000003e+02 1.07166937654277908e-03 7.88885064411923691e-06
 1.27200000000000003e+02 1.27333333333333329e+02 1.01464066539042378e-03 5.86498312133205453e-06
 1.27333333333333329e+02 1.27466666666666669e+02 9.66669502029457906e-04 5.28222541173733368e-06
 1.27466666666666669e+02 1.27599999999999994e+02 9.20052065427212889e-04 5.80086898522352973e-06
 1.27599999999999994e+02 1.27733333333333334e+02 8.61202712394054594e-04 5.32790517598100485e-06
 1.27733333333333334e+02 1.27866666666666660e+02 8.17976785209357377e-04 7.59994239269079889e-06
 1.27866666666666660e+02 1.28000000000000000e+02 7.73351421640090602e-04 6.65706778104166225e-06
 1.28000000000000000e+02 1.28133333333333326e+02 7.16803568114967736e-04 6.78863537289401923e-06
 1.28133333333333326e+02 1.28266666666666652e+02 6.57947596871055599e-04 4.56879353920343418e-06
 1.28266666666666652e+02 1.28400000000000006e+02 6.12140607700013741e-04 4.97456724471362267e-06
 1.28400000000000006e+02 1.28533333333333331e+02 5.60807687668224528e-04 5.06350935082765551e-06
 1.28533333333333331e+02 1.28666666666666686e+02 5.06115394657410283e-04 4.24533348136551297e-06
 1.28666666666666686e+02 1.28800000000000011e+02 4.56681447750305379e-04 3.98806635399858769e-06
 1.28800000000000011e+02 1.28933333333333337e+02 4.13241884003878030e-04 4.58983278521646552e-06
 1.28933333333333337e+02 1.29066666666666663e+02 3.67544833778881688e-04 4.39104689728791766e-06
 1.29066666666666663e+02 1.29199999999999989e+02 3.21002148798856782e-04 8.81378346645642641e-06
 1.29199999999999989e+02 1.29333333333333314e+02 2.63287805808904481e-04 3.75552784885011751e-06
 1.29333333333333314e+02 1.29466666666666669e+02 2.13307216562769869e-04 3.16041563733784643e-06
 1.29466666666666669e+02 1.29599999999999994e+02 1.63695464950426708e-04 3.00064885131531943e-06
 1.29599999999999994e+02 1.29733333333333348e+02 1.18842706787220234e-04 2.52585927332291754e-06
 1.29733333333333348e+02 1.29866666666666674e+02 7.35887549533593906e-05 3.03318148971110248e-06
 1.29866666666666674e+02 1.30000000000000000e+02 2.31481771732280804e-05 1.14229464052629237e-06

Histogram:leg
 2.00000000000000000e+01 2.07416666666666671e+01 8.28822252239352995e-04 3.43997008444808000e-06
 2.07416666666666671e+01 2.14833333333333343e+01 8.01577457474184551e-04 1.82352009200603366e-06
 2.14833333333333343e+01 2.22250000000000014e+01 7.76966508986895086e-04 2.20468559379155820e-06
 2.22250000000000014e+01 2.29666666666666686e+01 7.58343948490452168e-04 1.84117296867608776e-06
 2.29666666666666686e+01 2.37083333333333321e+01 7.34394874086609058e-04 1.61731976788372322e-06
 2.37083333333333321e+01 2.44499999999999993e+01 7.16456505713375337e-04 1.58650840771520146e-06
 2.44499999999999993e+01 2.51916666666666664e+01 7.00776721938809908e-04 1.59371520998130704e-06
 2.51916666666666664e+01 2.59333333333333336e+01 6.85313704041965355e-04 1.64631702298163001e-06
 2.59333333333333336e+01 2.66750000000000007e+01 6.70302008046613404e-04 1.55783870917512264e-06
 2.66750000000000007e+01 2.74166666666666679e+01 6.55882341373866342e-04 2.88515439691863739e-06
 2.74166666666666679e+01 2.81583333333333314e+01 6.42177212904060119e-04 1.81518386252703079e-06
 2.81583333333333314e+01 2.88999999999999986e+01 6.28526613741957341e-04 1.46698947905934074e-06
 2.88999999999999986e+01 2.96416666666666657e+01 6.18860135168235593e-04 1.49110616188614555e-06
 2.96416666666666657e+01 3.03833333333333329e+01 6.05758495981978005e-04 2.17106538668608003e-06
 3.03833333333333329e+01 3.11250000000000000e+01 5.95822481089000318e-04 1.74672209508914274e-06
 3.11250000000000000e+01 3.18666666666666671e+01 5.87613767381832083e-04 2.60074188550829827e-06
 3.18666666666666671e+01 3.26083333333333343e+01 5.74863772120143431e-04 1.38038891164364727e-06
 3.26083333333333343e+01 3.33500000000000014e+01 5.65258567406033306e-04 1.42548345380745381e-06
 3.33500000000000014e+01 3.40916666666666686e+01 5.59330649756092056e-04 2.90402791731081028e-06
 3.40916666666666686e+01 3.48333333333333357e+01 5.51463980996192999e-04 2.13344241883898709e-06
 3.48333333333333357e+01 3.55750000000000028e+01 5.39604647455708898e-04 1.50674778173060542e-06
 3.55750000000000028e+01 3.63166666666666629e+01 5.33852318500292462e-04 1.42373305846903060e-06
 3.63166666666666629e+01 3.70583333333333371e+01 5.25098172060455286e-04 1.43652049569271588e-06
 3.70583333333333371e+01 3.77999999999999972e+01 5.16175372185898648e-04 1.26127871581999150e-06
 3.77999999999999972e+01 3.85416666666666714e+01 5.13224470372938574e-04 1.32130487777257808e-06
 3.85416666666666714e+01 3.92833333333333314e+01 5.04198902522885609e-04 1.34150445740292040e-06
 3.92833333333333314e+01 4.00249999999999986e+01 4.98947853421485735e-04 1.28713430381440117e-06
 4.00249999999999986e+01 4.07666666666666657e+01 4.91337181542560609e-04 1.30122919054170948e-06
 4.07666666666666657e+01 4.15083333333333329e+01 4.88305472255074965e-04 1.25705060429950404e-06
 4.15083333333333329e+01 4.22500000000000000e+01 4.84959833826471170e-04 1.44765981294794828e-06
 4.22500000000000000e+01 4.29916666666666671e+01 4.78136191226343290e-04 1.34512708743303326e-06
 4.29916666666666671e+01 4.37333333333333343e+01 4.71747450017399818e-04 1.21536629691233767e-06
 4.37333333333333343e+01 4.44750000000000014e+01 4.68853202515889561e-04 1.40327581967496162e-06
 4.44750000000000014e+01 4.52166666666666686e+01 4.64626917851339739e-04 1.37723306840385262e-06
 4.52166666666666686e+01 4.59583333333333286e+01 4.61252262437124977e-04 1.30712782512529097e-06
 4.59583333333333286e+01 4.67000000000000028e+01 4.57508882131518789e-04 1.54609824374226301e-06
 4.67000000000000028e+01 4.74416666666666629e+01 4.61371409863149521e-04 6.96669468959548305e-06
 4.74416666666666629e+01 4.81833333333333371e+01 4.50306122340215847e-04 1.34656930966628364e-06
 4.81833333333333371e+01 4.89249999999999972e+01 4.48552460865457190e-04 1.23528121471053093e-06
 4.89249999999999972e+01 4.96666666666666714e+01 4.46385102476615507e-04 1.22361354666496770e-06
 4.96666666666666714e+01 5.04083333333333314e+01 4.46287749484086953e-04 1.15065737292114071e-06
 5.04083333333333314e+01 5.11499999999999986e+01 4.43665991105117886e-04 1.25865852320217799e-06
 5.11499999999999986e+01 5.18916666666666657e+01 4.48674641920421150e-04 1.35595579601514767e-06
 5.18916666666666657e+01 5.26333333333333329e+01 4.44448645368305465e-04 1.17485814542273368e-06
 5.26333333333333329e+01 5.33750000000000000e+01 4.46299292078922508e-04 1.51797342587977815e-06
 5.33750000000000000e+01 5.41166666666666671e+01 4.44438450060625557e-04 1.19343402484652160e-06
 5.41166666666666671e+01 5.48583333333333343e+01 4.45175087029363987e-04 1.21331258142484599e-06
 5.48583333333333343e+01 5.56000000000000014e+01 4.43916488206739287e-04 1.20529604065283027e-06
 5.56000000000000014e+01 5.63416666666666686e+01 4.44611667399398200e-04 1.10360611998735684e-06
 5.63416666666666686e+01 5.70833333333333357e+01 4.44818511519103315e-04 1.21122743384314764e-06
 5.70833333333333357e+01 5.78250000000000028e+01 4.44719308837647021e-04 1.12380251882719053e-06
 5.78250000000000028e+01 5.85666666666666700e+01 4.42799810497465597e-04 1.12599885412536233e-06
 5.85666666666666700e+01 5.93083333333333300e+01 4.44565502893540406e-04 1.12517611476593209e-06
 5.93083333333333300e+01 6.00499999999999972e+01 4.46615603169987242e-04 1.20836004651535545e-06
 6.00499999999999972e+01 6.07916666666666643e+01 4.47374421391624993e-04 1.17366112971298300e-06
 6.07916666666666643e+01 6.15333333333333314e+01 4.47075649284229474e-04 1.21924004123300393e-06
 6.15333333333333314e+01 6.22749999999999986e+01 4.47665835403722738e-04 1.26776756801514288e-06
 6.22749999999999986e+01 6.30166666666666657e+01 4.50660206955737891e-04 1.23117218279367141e-06
 6.30166666666666657e+01 6.37583333333333329e+01 4.48203542471588745e-04 1.14434774787169609e-06
 6.37583333333333329e+01 6.45000000000000000e+01 4.49189901959676393e-04 1.17382463835183472e-06
 6.45000000000000000e+01 6.52416666666666742e+01 4.52483699752455630e-04 1.08963211104064004e-06
 6.52416666666666742e+01 6.59833333333333343e+01 4.53427908561755189e-04 1.25131641585521669e-06
 6.59833333333333343e+01 6.67249999999999943e+01 4.56439411758290602e-04 1.23552782047612461e-06
 6.67249999999999943e+01 6.74666666666666686e+01 4.56704814663340039e-04 1.32064206492270054e-06
 6.74666666666666686e+01 6.82083333333333428e+01 4.59014537211589822e-04 1.26182948198928794e-06
 6.82083333333333428e+01 6.89500000000000028e+01 4.60381597126043539e-04 1.12747192138932271e-06
 6.89500000000000028e+01 6.96916666666666629e+01 4.63082587351129778e-04 1.13065558244447890e-06
 6.96916666666666629e+01 7.04333333333333371e+01 4.63738658959330946e-04 1.16829962262702567e-06
 7.04333333333333371e+01 7.11749999999999972e+01 4.66660536241679026e-04 1.26316015251663029e-06
 7.11749999999999972e+01 7.19166666666666572e+01 4.70677392618166514e-04 1.31298825525795460e-06
 7.19166666666666572e+01 7.26583333333333314e+01 4.70068006791471709e-04 1.11272257700011711e-06
 7.26583333333333314e+01 7.34000000000000057e+01 4.75657011726748089e-04 1.13964730178580752e-06
 7.34000000000000057e+01 7.41416666666666657e+01 4.76440084904434570e-04 1.07899924565602837e-06
 7.41416666666666657e+01 7.48833333333333258e+01 4.82123338622231158e-04 1.23351221629344247e-06
 7.48833333333333258e+01 7.56250000000000000e+01 4.82562499451287530e-04 1.12752547277361030e-06
 7.56250000000000000e+01 7.63666666666666742e+01 4.91181085473038842e-04 1.24927114935775993e-06
 7.63666666666666742e+01 7.71083333333333343e+01 4.95139426671562465e-04 1.12797306674104685e-06
 7.71083333333333343e+01 7.78499999999999943e+01 4.99358294632823115e-04 1.27664937219370790e-06
 7.78499999999999943e+01 7.85916666666666686e+01 5.05793055367681401e-04 1.23450678243032623e-06
 7.85916666666666686e+01 7.93333333333333428e+01 5.11357551420197525e-04 1.11963648253206082e-06
 7.93333333333333428e+01 8.00750000000000028e+01 5.17290470463623248e-04 1.18380373693921554e-06
 8.00750000000000028e+01 8.08166666666666629e+01 5.22955700458835326e-04 1.17198383314900312e-06
 8.08166666666666629e+01 8.15583333333333371e+01 5.29284734623359414e-04 1.16713061290202327e-06
 8.15583333333333371e+01 8.22999999999999972e+01 5.36882424740179579e-04 1.21519257642991199e-06
 8.22999999999999972e+01 8.30416666666666572e+01 5.46696430810334074e-04 1.46075652668729557e-06
 8.30416666666666572e+01 8.37833333333333314e+01 5.54793081513123331e-04 1.20452996957150398e-06
 8.37833333333333314e+01 8.45250000000000057e+01 5.63983239891509757e-04 1.37413564128419788e-06
 8.45250000000000057e+01 8.52666666666666657e+01 5.75502624863787429e-04 1.25795844823577533e-06
 8.52666666666666657e+01 8.60083333333333400e+01 5.89740032248855768e-04 1.40209383676812989e-06
 8.60083333333333400e+01 8.67500000000000000e+01 6.02169255690732531e-04 1.26798485495999780e-06
 8.67500000000000000e+01 8.74916666666666600e+01 6.21313732269667502e-04 1.75508394347961824e-06
 8.74916666666666600e+01 8.82333333333333343e+01 6.38768019730417882e-04 1.48749500657518983e-06
 8.82333333333333343e+01 8.89749999999999943e+01 6.58834385105374200e-04 1.46483744237700485e-06
 8.89749999999999943e+01 8.97166666666666686e+01 6.82583939653757100e-04 1.31267227821344867e-06
 8.97166666666666686e+01 9.04583333333333286e+01 7.18644373224621726e-04 1.64200905750625554e-06
 9.04583333333333286e+01 9.12000000000000028e+01 7.55479667629640572e-04 1.41755632374922780e-06
 9.12000000000000028e+01 9.19416666666666629e+01 8.18495464776579341e-04 1.67441561167575229e-06
 9.19416666666666629e+01 9.26833333333333371e+01 9.10641292594217204e-04 2.09715683358434264e-06
 9.26833333333333371e+01 9.34249999999999972e+01 1.27445226736180232e-03 7.12445782091254843e-06
 9.34249999999999972e+01 9.41666666666666714e+01 2.20083700762182307e-03 1.49511096365606110e-05
 9.41666666666666714e+01 9.49083333333333314e+01 2.18280082121541114e-03 1.11970411748745973e-05
 9.49083333333333314e+01 9.56500000000000057e+01 2.15455648829903854e-03 5.78940318220754838e-06
 9.56500000000000057e+01 9.63916666666666657e+01 2.13791641103392880e-03 3.59999446714009394e-06
 9.63916666666666657e+01 9.71333333333333400e+01 2.11506338088091050e-03 2.75411429379207797e-06
 9.71333333333333400e+01 9.78750000000000000e+01 2.09039712165031170e-03 2.77992694678793374e-06
 9.78750000000000000e+01 9.86166666666666600e+01 2.07825850140929119e-03 2.69037917938073672e-06
 9.86166666666666600e+01 9.93583333333333343e+01 2.05733494081813788e-03 2.92513350740723889e-06
 9.93583333333333343e+01 1.00099999999999994e+02 2.03806140852243580e-03 3.04655076178651094e-06
 1.00099999999999994e+02 1.00841666666666669e+02 2.02855467495332122e-03 3.10893261758246141e-06
 1.00841666666666669e+02 1.01583333333333329e+02 2.00066737174918463e-03 2.90460317910974148e-06
 1.01583333333333329e+02 1.02325000000000003e+02 1.98789347333077531e-03 3.11163901336530070e-06
 1.02325000000000003e+02 1.03066666666666663e+02 1.96560116410413868e-03 2.97602309076908906e-06
 1.03066666666666663e+02 1.03808333333333337e+02 1.94989662735312150e-03 2.93002208855030585e-06
 1.03808333333333337e+02 1.04549999999999997e+02 1.93393188631990945e-03 2.86648833581601347e-06
 1.04549999999999997e+02 1.05291666666666671e+02 1.92030966067204380e-03 3.00978727059677807e-06
 1.05291666666666671e+02 1.06033333333333331e+02 1.89843910858281031e-03 2.77808962903092570e-06
 1.06033333333333331e+02 1.06775000000000006e+02 1.88042756250499294e-03 2.83606768131877134e-06
 1.06775000000000006e+02 1.07516666666666666e+02 1.86947524136822250e-03 2.93797478828864521e-06
 1.07516666666666666e+02 1.08258333333333340e+02 1.84971658069101844e-03 2.83647987150568270e-06
 1.08258333333333340e+02 1.09000000000000000e+02 1.83825947371893937e-03 2.94478782053074452e-06
 1.09000000000000000e+02 1.09741666666666660e+02 1.82624702656189073e-03 3.16026563826912367e-06
 1.09741666666666660e+02 1.10483333333333334e+02 1.80715083210112215e-03 2.70834727690108206e-06
 1.10483333333333334e+02 1.11224999999999994e+02 1.79332795753316251e-03 2.65481081201510283e-06
 1.11224999999999994e+02 1.11966666666666669e+02 1.77465469182742832e-03 2.61910529456989476e-06
 1.11966666666666669e+02 1.12708333333333329e+02 1.76350890122621280e-03 2.65806109740219520e-06
 1.12708333333333329e+02 1.13450000000000003e+02 1.74628469891921555e-03 2.66465421027671402e-06
 1.13450000000000003e+02 1.14191666666666663e+02 1.73706223598234059e-03 3.37720536666482284e-06
 1.14191666666666663e+02 1.14933333333333337e+02 1.71411608818028936e-03 2.57876682547483611e-06
 1.14933333333333337e+02 1.15674999999999997e+02 1.70569068120888546e-03 3.14294222480261568e-06
 1.15674999999999997e+02 1.16416666666666671e+02 1.68874032658435113e-03 2.58435606311994214e-06
 1.16416666666666671e+02 1.17158333333333331e+02 1.67856858061739538e-03 2.55090657277599708e-06
 1.17158333333333331e+02 1.17900000000000006e+02 1.66906284120132238e-03 5.27660376165080082e-06
 1.17900000000000006e+02 1.18641666666666666e+02 1.65463896572145717e-03 2.63249962591692546e-06
 1.18641666666666666e+02 1.19383333333333340e+02 1.63743233192536661e-03 2.58601770268250817e-06
 1.19383333333333340e+02 1.20125000000000000e+02 1.62734915070855495e-03 2.59642765705607579e-06
 1.20125000000000000e+02 1.20866666666666660e+02 1.61182108956173242e-03 2.56273309627962403e-06
 1.20866666666666660e+02 1.21608333333333334e+02 1.60056533739250518e-03 2.76529213656056331e-06
 1.21608333333333334e+02 1.22349999999999994e+02 1.58744664912333143e-03 2.59150195628398853e-06
 1.22349999999999994e+02 1.23091666666666669e+02 1.57983381056101988e-03 2.48608829646709728e-06
 1.23091666666666669e+02 1.23833333333333329e+02 1.55965239384750574e-03 2.46714615919266262e-06
 1.23833333333333329e+02 1.24575000000000003e+02 1.55076160930590640e-03 2.56704476627588469e-06
 1.24575000000000003e+02 1.25316666666666663e+02 1.53782699639478260e-03 2.66209800165900153e-06
 1.25316666666666663e+02 1.26058333333333337e+02 1.52825062244693762e-03 2.57998242710863342e-06
 1.26058333333333337e+02 1.26799999999999997e+02 1.51679120722703889e-03 2.38354926825824396e-06
 1.26799999999999997e+02 1.27541666666666671e+02 1.50260154750675294e-03 2.51393081549072754e-06
 1.27541666666666671e+02 1.28283333333333331e+02 1.49706665449732918e-03 2.48578855301843384e-06
 1.28283333333333331e+02 1.29025000000000006e+02 1.47876443796474979e-03 2.58362312946471157e-06
 1.29025000000000006e+02 1.29766666666666652e+02 1.47366408376610903e-03 2.51036984062979144e-06
 1.29766666666666652e+02 1.30508333333333326e+02 1.46137215160664310e-03 2.39523547340273091e-06
 1.30508333333333326e+02 1.31250000000000000e+02 1.45464388984435904e-03 2.46080835405309481e-06
 1.31250000000000000e+02 1.31991666666666674e+02 1.43716819975480748e-03 2.44589576563476559e-06
 1.31991666666666674e+02 1.32733333333333348e+02 1.43447475127570748e-03 2.45635899044835995e-06
 1.32733333333333348e+02 1.33474999999999994e+02 1.41875983619847842e-03 2.54411316180648729e-06
 1.33474999999999994e+02 1.34216666666666669e+02 1.40622301639382300e-03 2.45965240223319819e-06
 1.34216666666666669e+02 1.34958333333333314e+02 1.39635736034641653e-03 2.38892260240066791e-06
 1.34958333333333314e+02 1.35699999999999989e+02 1.38957043731357285e-03 2.76930849160803656e-06
 1.35699999999999989e+02 1.36441666666666663e+02 1.38022050622596060e-03 2.61320469995507245e-06
 1.36441666666666663e+02 1.37183333333333337e+02 1.36699451598112530e-03 2.44457228299804992e-06
 1.37183333333333337e+02 1.37925000000000011e+02 1.36261846737450033e-03 2.34596712419442268e-06
 1.37925000000000011e+02 1.38666666666666686e+02 1.35316808680190342e-03 2.65321326060225704e-06
 1.38666666666666686e+02 1.39408333333333331e+02 1.34558994734782183e-03 2.30766845315399119e-06
 1.39408333333333331e+02 1.40150000000000006e+02 1.33435434540365994e-03 3.44841316357745739e-06
 1.40150000000000006e+02 1.40891666666666652e+02 1.32075339870754748e-03 2.29383200820404899e-06
 1.40891666666666652e+02 1.41633333333333326e+02 1.31274456233654150e-03 2.34740910313806410e-06
 1.41633333333333326e+02 1.42375000000000000e+02 1.30644917673890010e-03 2.33968399059167535e-06
 1.42375000000000000e+02 1.43116666666666674e+02 1.29752397299157324e-03 2.37222685579934418e-06
 1.43116666666666674e+02 1.43858333333333348e+02 1.27908704773932133e-03 2.28757285669704387e-06
 1.43858333333333348e+02 1.44599999999999994e+02 1.27535562165180332e-03 2.28293188602647786e-06
 1.44599999999999994e+02 1.45341666666666669e+02 1.26582632991646292e-03 2.25095086248831531e-06
 1.45341666666666669e+02 1.46083333333333314e+02 1.25985564249365793e-03 2.33197744076348858e-06
 1.46083333333333314e+02 1.46824999999999989e+02 1.25347580962864840e-03 2.33061238907274967e-06
 1.46824999999999989e+02 1.47566666666666663e+02 1.24158242175514055e-03 2.24863245415686600e-06
 1.47566666666666663e+02 1.48308333333333337e+02 1.23607570449004692e-03 2.72268848842901494e-06
 1.48308333333333337e+02 1.49050000000000011e+02 1.22652419345795787e-03 2.48092060383651547e-06
 1.49050000000000011e+02 1.49791666666666657e+02 1.21864844582093910e-03 2.46724002706924018e-06
 1.49791666666666657e+02 1.50533333333333331e+02 1.21033229747123986e-03 2.53473718083157273e-06
 1.50533333333333331e+02 1.51275000000000006e+02 1.19568330859312275e-03 2.18141282377510335e-06
 1.51275000000000006e+02 1.52016666666666680e+02 1.19575865895634294e-03 3.79584566499494882e-06
 1.52016666666666680e+02 1.52758333333333326e+02 1.18452724444003126e-03 2.25694345045274102e-06
 1.52758333333333326e+02 1.53500000000000000e+02 1.17698176430643489e-03 2.23584081398767131e-06
 1.53500000000000000e+02 1.54241666666666674e+02 1.17128630585071228e-03 2.28572313825934313e-06
 1.54241666666666674e+02 1.54983333333333320e+02 1.16182528409362342e-03 2.14827385580080990e-06
 1.54983333333333320e+02 1.55724999999999994e+02 1.15442202003985671e-03 2.17017487872793516e-06
 1.55724999999999994e+02 1.56466666666666669e+02 1.14768545994477613e-03 2.31088606570774043e-06
 1.56466666666666669e+02 1.57208333333333343e+02 1.14193037942464382e-03 2.44170726870740164e-06
 1.57208333333333343e+02 1.57949999999999989e+02 1.13139509741322667e-03 2.33068864894073839e-06
 1.57949999999999989e+02 1.58691666666666663e+02 1.12483350917322420e-03 2.12502721211156442e-06
 1.58691666666666663e+02 1.59433333333333337e+02 1.11521994831755445e-03 2.18493555317832473e-06
 1.59433333333333337e+02 1.60175000000000011e+02 1.11021653248163910e-03 2.20525521279260815e-06
 1.60175000000000011e+02 1.60916666666666657e+02 1.10747600706645271e-03 2.21785128530815204e-06
 1.60916666666666657e+02 1.61658333333333331e+02 1.09795562442496363e-03 2.06544176509879024e-06
 1.61658333333333331e+02 1.62400000000000006e+02 1.09016729138558099e-03 2.05150624310737335e-06
 1.62400000000000006e+02 1.63141666666666680e+02 1.08211538001953670e-03 2.11040577695607906e-06
 1.63141666666666680e+02 1.63883333333333326e+02 1.07293916400148922e-03 2.09603858482706300e-06
 1.63883333333333326e+02 1.64625000000000000e+02 1.06969304408103313e-03 2.07028910493882905e-06
 1.64625000000000000e+02 1.65366666666666674e+02 1.06336864830270522e-03 2.19267284444305154e-06
 1.65366666666666674e+02 1.66108333333333320e+02 1.05641615090355714e-03 2.28081196761267983e-06
 1.66108333333333320e+02 1.66849999999999994e+02 1.04858050577371731e-03 2.05720997984351931e-06
 1.66849999999999994e+02 1.67591666666666669e+02 1.04034827138199280e-03 2.01863717753959822e-06
 1.67591666666666669e+02 1.68333333333333343e+02 1.03509896750507879e-03 2.07023114531431010e-06
 1.68333333333333343e+02 1.69074999999999989e+02 1.02974102438297441e-03 2.89486965525047712e-06
 1.69074999999999989e+02 1.69816666666666663e+02 1.02684522133670219e-03 2.11441395791046359e-06
 1.69816666666666663e+02 1.70558333333333337e+02 1.01868299716656582e-03 2.11330014640070932e-06
 1.70558333333333337e+02 1.71300000000000011e+02 1.00892813694245030e-03 2.09598773620333482e-06
 1.71300000000000011e+02 1.72041666666666657e+02 1.00384504103722240e-03 2.01620306499522979e-06
 1.72041666666666657e+02 1.72783333333333331e+02 9.96949875777701890e-04 2.04233549006776233e-06
 1.72783333333333331e+02 1.73525000000000006e+02 9.91879012100650975e-04 2.03848207526188558e-06
 1.73525000000000006e+02 1.74266666666666680e+02 9.87299880318730314e-04 2.09995234601001907e-06
 1.74266666666666680e+02 1.75008333333333326e+02 9.76444381656157664e-04 2.02702458892083754e-06
 1.75008333333333326e+02 1.75750000000000000e+02 9.70830247229225373e-04 2.03253254445412562e-06
 1.75750000000000000e+02 1.76491666666666674e+02 9.70295487862418466e-04 2.04072971244705636e-06
 1.76491666666666674e+02 1.77233333333333320e+02 9.61994589688893289e-04 1.96029835402920343e-06
 1.77233333333333320e+02 1.77974999999999994e+02 9.59752664808464053e-04 2.19138747523082652e-06
 1.77974999999999994e+02 1.78716666666666669e+02 9.52938733927659819e-04 1.98977455986155546e-06
 1.78716666666666669e+02 1.79458333333333343e+02 9.44717223279720208e-04 2.10344091504557030e-06
 1.79458333333333343e+02 1.80199999999999989e+02 9.38969135582051338e-04 1.94995874350262206e-06
 1.80199999999999989e+02 1.80941666666666663e+02 9.34691917796026542e-04 2.02394509175034244e-06
 1.80941666666666663e+02 1.81683333333333337e+02 9.29825738708318266e-04 1.97004185940669366e-06
 1.81683333333333337e+02 1.82425000000000011e+02 9.24978404700003021e-04 2.10528917785754887e-06
 1.82425000000000011e+02 1.83166666666666657e+02 9.18696957901853095e-04 1.99664386128961014e-06
 1.83166666666666657e+02 1.83908333333333331e+02 9.10335128521483892e-04 1.95667787210744150e-06
 1.83908333333333331e+02 1.84650000000000006e+02 9.06437110247032053e-04 2.16630737127250243e-06
 1.84650000000000006e+02 1.85391666666666680e+02 8.99355787514133235e-04 1.95945242679122962e-06
 1.85391666666666680e+02 1.86133333333333326e+02 8.97790569358868735e-04 2.03325787627450152e-06
 1.86133333333333326e+02 1.86875000000000000e+02 8.91561139669719608e-04 1.94081565630548132e-06
 1.86875000000000000e+02 1.87616666666666674e+02 8.86283420867862558e-04 1.95156938853394755e-06
 1.87616666666666674e+02 1.88358333333333320e+02 8.82052495641729947e-04 1.98737565129388793e-06
 1.88358333333333320e+02 1.89099999999999994e+02 8.75416617004858184e-04 2.10834520466092316e-06
 1.89099999999999994e+02 1.89841666666666669e+02 8.71597528090729996e-04 1.93062223837612898e-06
 1.89841666666666669e+02 1.90583333333333343e+02 8.68443786832072580e-04 2.13328749151086338e-06
 1.90583333333333343e+02 1.91324999999999989e+02 8.58281711563178298e-04 1.90609123954763850e-06
 1.91324999999999989e+02 1.92066666666666663e+02 8.57521310848022539e-04 1.95083160073426225e-06
 1.92066666666666663e+02 1.92808333333333337e+02 8.51900051487403586e-04 1.89189149407319265e-06
 1.92808333333333337e+02 1.93550000000000011e+02 8.46576433462651549e-04 1.88965840999395642e-06
 1.93550000000000011e+02 1.94291666666666657e+02 8.41083179010191717e-04 1.87424179192934069e-06
 1.94291666666666657e+02 1.95033333333333331e+02 8.32783174917372821e-04 1.84742758279376620e-06
 1.95033333333333331e+02 1.95775000000000006e+02 8.34383814567789478e-04 2.08117597456158323e-06
 1.95775000000000006e+02 1.96516666666666680e+02 8.29106986780697654e-04 2.08537640342557945e-06
 1.96516666666666680e+02 1.97258333333333326e+02 8.24169918667584200e-04 2.06219528598627211e-06
 1.97258333333333326e+02 1.98000000000000000e+02 8.16639157624656354e-04 1.83382634296943320e-06
 1.98000000000000000e+02 1.98741666666666674e+02 8.15459647359710799e-04 1.83489374046805066e-06
 1.98741666666666674e+02 1.99483333333333320e+02 8.07710879408014186e-04 1.99258951233865124e-06
 1.99483333333333320e+02 2.00224999999999994e+02 8.05487553619521450e-04 1.78243819057703327e-06
 2.00224999999999994e+02 2.00966666666666669e+02 7.98305559509090014e-04 1.91381987935723700e-06
 2.00966666666666669e+02 2.01708333333333343e+02 7.94644879515380939e-04 1.79771782517722293e-06
 2.01708333333333343e+02 2.02449999999999989e+02 7.90947056457466267e-04 1.82582648147551665e-06
 2.02449999999999989e+02 2.03191666666666663e+02 7.88521290906927489e-04 1.83078255412764102e-06
 2.03191666666666663e+02 2.03933333333333337e+02 7.82458294779586681e-04 1.79693460169783630e-06
 2.03933333333333337e+02 2.04675000000000011e+02 7.76737603739134966e-04 1.98141106031331250e-06
 2.04675000000000011e+02 2.05416666666666657e+02 7.71183974344951556e-04 1.76380110880245419e-06
 2.05416666666666657e+02 2.06158333333333331e+02 7.67708100920635322e-04 1.80171825760405677e-06
 2.06158333333333331e+02 2.06900000000000006e+02 7.62114071537276579e-04 1.82762656563342436e-06
 2.06900000000000006e+02 2.07641666666666680e+02 7.63545375459278599e-04 2.07017862266736101e-06
 2.07641666666666680e+02 2.08383333333333326e+02 7.56436017720449653e-04 1.79407975500618148e-06
 2.08383333333333326e+02 2.09125000000000000e+02 7.57555497914844697e-04 1.83055711865826634e-06
 2.09125000000000000e+02 2.09866666666666674e+02 7.51562081709966916e-04 1.78307860200036847e-06
 2.09866666666666674e+02 2.10608333333333320e+02 7.39656466236905414e-04 1.87101415183771150e-06
 2.10608333333333320e+02 2.11349999999999994e+02 7.39672735194290784e-04 1.77177038486862197e-06
 2.11349999999999994e+02 2.12091666666666669e+02 7.36267689330488717e-04 1.75412901698537341e-06
 2.12091666666666669e+02 2.12833333333333343e+02 7.31006821409715068e-04 1.78797706761228624e-06
 2.12833333333333343e+02 2.13574999999999989e+02 7.27017788867842193e-04 1.73855200441388690e-06
 2.13574999999999989e+02 2.14316666666666663e+02 7.25206639183086609e-04 1.75000475496240758e-06
 2.14316666666666663e+02 2.15058333333333337e+02 7.22709292670667305e-04 1.85785514595355333e-06
 2.15058333333333337e+02 2.15800000000000011e+02 7.15216872377008920e-04 1.76312318307787497e-06
 2.15800000000000011e+02 2.16541666666666657e+02 7.14148110087934490e-04 1.95593707252647290e-06
 2.16541666666666657e+02 2.17283333333333331e+02 7.08053108518454468e-04 1.73414885195685237e-06
 2.17283333333333331e+02 2.18025000000000006e+02 7.03967783339857394e-04 1.69922085284198062e-06
 2.18025000000000006e+02 2.18766666666666680e+02 7.01184646594467517e-04 1.80899198346659572e-06
 2.18766666666666680e+02 2.19508333333333326e+02 6.95532224508417832e-04 1.70411832597110231e-06
 2.19508333333333326e+02 2.20250000000000000e+02 6.93103343971109551e-04 1.80150186127693055e-06
 2.20250000000000000e+02 2.20991666666666674e+02 6.90514408229974384e-04 1.72299306541233500e-06
 2.20991666666666674e+02 2.21733333333333320e+02 6.85273648797463152e-04 1.72124023037015950e-06
 2.21733333333333320e+02 2.22474999999999994e+02 6.81225866250316742e-04 1.73015240806600305e-06
 2.22474999999999994e+02 2.23216666666666669e+02 6.80411772003212674e-04 1.94581459364627213e-06
 2.23216666666666669e+02 2.23958333333333343e+02 6.76057895836202618e-04 1.73681773799401212e-06
 2.23958333333333343e+02 2.24699999999999989e+02 6.72290263246083978e-04 1.67949064765574054e-06
 2.24699999999999989e+02 2.25441666666666663e+02 6.67554474469815541e-04 1.63337098085882585e-06
 2.25441666666666663e+02 2.26183333333333337e+02 6.61773459917558513e-04 1.64533138670642090e-06
 2.26183333333333337e+02 2.26925000000000011e+02 6.63094886824801451e-04 1.84938565907893097e-06
 2.26925000000000011e+02 2.27666666666666657e+02 6.54272682858044103e-04 1.65328406761280062e-06
 2.27666666666666657e+02 2.28408333333333331e+02 6.53425643830455216e-04 1.75329419689774134e-06
 2.28408333333333331e+02 2.29150000000000006e+02 6.47256640054731029e-04 1.73727881316509560e-06
 2.29150000000000006e+02 2.29891666666666680e+02 6.47752962226081719e-04 1.71800313349854214e-06
 2.29891666666666680e+02 2.30633333333333326e+02 6.46324313077673582e-04 1.80174765028137365e-06
 2.30633333333333326e+02 2.31375000000000000e+02 6.42795863143046336e-04 3.34628951060845373e-06
 2.31375000000000000e+02 2.32116666666666674e+02 6.39654069240222414e-04 1.80695295674728364e-06
 2.32116666666666674e+02 2.32858333333333320e+02 6.36314032540149198e-04 1.68646958503264970e-06
 2.32858333333333320e+02 2.33599999999999994e+02 6.31088480851589801e-04 1.64820774947469336e-06
 2.33599999999999994e+02 2.34341666666666669e+02 6.26834123739665483e-04 1.68838787687585247e-06
 2.34341666666666669e+02 2.35083333333333343e+02 6.21393949738920570e-04 1.61424814344370654e-06
 2.35083333333333343e+02 2.35824999999999989e+02 6.22774963684492866e-04 1.78345962024187556e-06
 2.35824999999999989e+02 2.36566666666666663e+02 6.19845285826705998e-04 1.81266559334180918e-06
 2.36566666666666663e+02 2.37308333333333337e+02 6.15774960761772904e-04 1.77721638346391141e-06
 2.37308333333333337e+02 2.38050000000000011e+02 6.09653468778088110e-04 1.62851410915817111e-06
 2.38050000000000011e+02 2.38791666666666657e+02 6.07943694106247742e-04 1.79527576648071043e-06
 2.38791666666666657e+02 2.39533333333333331e+02 6.02133475004941118e-04 1.64619551035022825e-06
 2.39533333333333331e+02 2.40275000000000006e+02 5.99991048035139365e-04 1.72206761561263261e-06
 2.40275000000000006e+02 2.41016666666666680e+02 5.99199162223095112e-04 1.72498125487914246e-06
 2.41016666666666680e+02 2.41758333333333326e+02 5.93198588926197924e-04 1.62236473942400523e-06
 2.41758333333333326e+02 2.42500000000000000e+02 5.91283388818219331e-04 1.70705929207811217e-06
 2.42500000000000000e+02 2.43241666666666674e+02 5.91515257851978949e-04 1.55349815604079132e-06
 2.43241666666666674e+02 2.43983333333333320e+02 5.88289094482279075e-04 1.63789875797526046e-06
 2.43983333333333320e+02 2.44724999999999994e+02 5.84439627422337249e-04 1.68835203127403079e-06
 2.44724999999999994e+02 2.45466666666666669e+02 5.80682219196236582e-04 1.63170519422221229e-06
 2.45466666666666669e+02 2.46208333333333343e+02 5.78895214778438259e-04 1.95029523877828232e-06
 2.46208333333333343e+02 2.46949999999999989e+02 5.76430779622822092e-04 1.64360623798817775e-06
 2.46949999999999989e+02 2.47691666666666663e+02 5.71847586068857400e-04 1.55491872028053632e-06
 2.47691666666666663e+02 2.48433333333333337e+02 5.69233526556141398e-04 1.72283363227684157e-06
 2.48433333333333337e+02 2.49175000000000011e+02 5.65340731952366018e-04 1.58713126580064459e-06
 2.49175000000000011e+02 2.49916666666666657e+02 5.62881100017369597e-04 1.71648059717035423e-06
 2.49916666666666657e+02 2.50658333333333331e+02 5.60750743834007893e-04 1.79699976756141451e-06
 2.50658333333333331e+02 2.51400000000000006e+02 5.56237316739033446e-04 1.57251800862396118e-06
 2.51400000000000006e+02 2.52141666666666680e+02 5.53952314117761233e-04 1.65867858827553425e-06
 2.52141666666666680e+02 2.52883333333333326e+02 5.51833339557807490e-04 1.87843849801975957e-06
 2.52883333333333326e+02 2.53625000000000000e+02 5.50701041882473413e-04 1.65788702322856218e-06
 2.53625000000000000e+02 2.54366666666666674e+02 5.49925134240151592e-04 1.63325914246752927e-06
 2.54366666666666674e+02 2.55108333333333320e+02 5.41290544183101619e-04 1.55140512933051369e-06
 2.55108333333333320e+02 2.55849999999999994e+02 5.39610103669374238e-04 1.61838791556399173e-06
 2.55849999999999994e+02 2.56591666666666697e+02 5.38568303053044042e-04 1.64633665680019351e-06
 2.56591666666666697e+02 2.57333333333333371e+02 5.38335431117750144e-04 2.18455877805606340e-06
 2.57333333333333371e+02 2.58074999999999989e+02 5.34151458802119739e-04 1.59851924254534835e-06
 2.58074999999999989e+02 2.58816666666666663e+02 5.29694136479219894e-04 1.65675586349823753e-06
 2.58816666666666663e+02 2.59558333333333337e+02 5.26422639151631925e-04 1.54427746323584898e-06
 2.59558333333333337e+02 2.60300000000000011e+02 5.22567288617108877e-04 1.52017245416777170e-06
 2.60300000000000011e+02 2.61041666666666629e+02 5.22732893171787001e-04 1.68742293546812717e-06
 2.61041666666666629e+02 2.61783333333333303e+02 5.20229570986698985e-04 1.57617129861042605e-06
 2.61783333333333303e+02 2.62524999999999977e+02 5.14581900600437933e-04 1.61145298497755084e-06
 2.62524999999999977e+02 2.63266666666666652e+02 5.14336801213880835e-04 1.56814777670195415e-06
 2.63266666666666652e+02 2.64008333333333326e+02 5.10936655573148747e-04 1.65285556874529652e-06
 2.64008333333333326e+02 2.64750000000000000e+02 5.07953027997047829e-04 1.61065453712211931e-06
 2.64750000000000000e+02 2.65491666666666674e+02 5.05837541699081508e-04 1.54698025847278958e-06
 2.65491666666666674e+02 2.66233333333333348e+02 5.05927536446701604e-04 1.52664167023082229e-06
 2.66233333333333348e+02 2.66975000000000023e+02 5.01490141476953902e-04 1.48146891405475414e-06
 2.66975000000000023e+02 2.67716666666666697e+02 5.04916742895647019e-04 3.73803986076123973e-06
 2.67716666666666697e+02 2.68458333333333371e+02 4.99190682916845953e-04 1.65299394761566363e-06
 2.68458333333333371e+02 2.69199999999999989e+02 4.96219389677781146e-04 1.58592968874095419e-06
 2.69199999999999989e+02 2.69941666666666663e+02 4.88138283343829025e-04 1.47546681881978772e-06
 2.69941666666666663e+02 2.70683333333333337e+02 4.90605631624181529e-04 1.53703244850745408e-06
 2.70683333333333337e+02 2.71425000000000011e+02 4.84572087952291346e-04 1.52017284003319842e-06
 2.71425000000000011e+02 2.72166666666666629e+02 4.81577369049953697e-04 1.55881282609862084e-06
 2.72166666666666629e+02 2.72908333333333303e+02 4.78363357942259099e-04 1.47374286672309639e-06
 2.72908333333333303e+02 2.73649999999999977e+02 4.78780863062638114e-04 1.55189175668827830e-06
 2.73649999999999977e+02 2.74391666666666652e+02 4.75984861090213336e-04 1.46910357187140481e-06
 2.74391666666666652e+02 2.75133333333333326e+02 4.74967418472543965e-04 1.54475148227323418e-06
 2.75133333333333326e+02 2.75875000000000000e+02 4.71398897146613281e-04 1.50834124768625004e-06
 2.75875000000000000e+02 2.76616666666666674e+02 4.69673320755806289e-04 1.55516698297112415e-06
 2.76616666666666674e+02 2.77358333333333348e+02 4.67482738882649639e-04 1.49533940227051341e-06
 2.77358333333333348e+02 2.78100000000000023e+02 4.64883436720801965e-04 1.48763775177126013e-06
 2.78100000000000023e+02 2.78841666666666640e+02 4.62144246865672759e-04 1.88934506893716685e-06
 2.78841666666666640e+02 2.79583333333333314e+02 4.60610250463983615e-04 1.46445892350432859e-06
 2.79583333333333314e+02 2.80324999999999989e+02 4.58371365662924100e-04 1.52584688022906469e-06
 2.80324999999999989e+02 2.81066666666666663e+02 4.56012224322465114e-04 1.62725309870351907e-06
 2.81066666666666663e+02 2.81808333333333337e+02 4.51176635877647972e-04 1.66105335515461163e-06
 2.81808333333333337e+02 2.82550000000000011e+02 4.50815747562959153e-04 1.41787236390492259e-06
 2.82550000000000011e+02 2.83291666666666686e+02 4.51534983388123554e-04 2.22459143980447909e-06
 2.83291666666666686e+02 2.84033333333333360e+02 4.44914166827406411e-04 1.47352611297543003e-06
 2.84033333333333360e+02 2.84774999999999977e+02 4.43280479803215819e-04 1.53662428061160948e-06
 2.84774999999999977e+02 2.85516666666666652e+02 4.42936948531864492e-04 1.92449272167372759e-06
 2.85516666666666652e+02 2.86258333333333326e+02 4.40403548236092881e-04 1.46060852751813996e-06
 2.86258333333333326e+02 2.87000000000000000e+02 4.36324273669255259e-04 1.45783350788595892e-06
 2.87000000000000000e+02 2.87741666666666674e+02 4.35628206155745711e-04 1.50247882293503931e-06
 2.87741666666666674e+02 2.88483333333333348e+02 4.32724972519614806e-04 1.45605720067375635e-06
 2.88483333333333348e+02 2.89225000000000023e+02 4.31384720978563460e-04 1.46617658892759534e-06
 2.89225000000000023e+02 2.89966666666666640e+02 4.30250554932986630e-04 1.50921124063357768e-06
 2.89966666666666640e+02 2.90708333333333314e+02 4.29539947873107473e-04 1.61242134962458437e-06
 2.90708333333333314e+02 2.91449999999999989e+02 4.24419491876374148e-04 1.59352663779210014e-06
 2.91449999999999989e+02 2.92191666666666663e+02 4.20627326604756881e-04 1.60798445221075496e-06
 2.92191666666666663e+02 2.92933333333333337e+02 4.18525058418382269e-04 1.48154697749314721e-06
 2.92933333333333337e+02 2.93675000000000011e+02 4.19415209128935274e-04 1.55099372427317993e-06
 2.93675000000000011e+02 2.94416666666666686e+02 4.15607990039296496e-04 1.45323063908210967e-06
 2.94416666666666686e+02 2.95158333333333360e+02 4.12333605027654900e-04 1.44878704514400758e-06
 2.95158333333333360e+02 2.95899999999999977e+02 4.09969288547886151e-04 1.50922884582821104e-06
 2.95899999999999977e+02 2.96641666666666652e+02 4.10559944143116834e-04 1.45023266081916111e-06
 2.96641666666666652e+02 2.97383333333333326e+02 4.05101999664940720e-04 1.41593177069290907e-06
 2.97383333333333326e+02 2.98125000000000000e+02 4.04235403225177445e-04 1.45125364879856464e-06
 2.98125000000000000e+02 2.98866666666666674e+02 4.01313723883155225e-04 1.46528793474744753e-06
 2.98866666666666674e+02 2.99608333333333348e+02 3.99349511288268303e-04 1.41988359258323103e-06
 2.99608333333333348e+02 3.00350000000000023e+02 3.99485230409349845e-04 1.51097769978726324e-06
 3.00350000000000023e+02 3.01091666666666640e+02 3.93665698293034418e-04 1.41436865712694364e-06
 3.01091666666666640e+02 3.01833333333333314e+02 3.91629749851197899e-04 1.45130785645509714e-06
 3.01833333333333314e+02 3.02574999999999989e+02 3.86371047515794350e-04 1.50412498861780946e-06
 3.02574999999999989e+02 3.03316666666666663e+02 3.87081568962097924e-04 1.43748569475748673e-06
 3.03316666666666663e+02 3.04058333333333337e+02 3.83934222234938026e-04 1.39261776597442160e-06
 3.04058333333333337e+02 3.04800000000000011e+02 3.83383697777726223e-04 2.13960905233992749e-06
 3.04800000000000011e+02 3.05541666666666686e+02 3.78892452184558491e-04 1.43325851868673576e-06
 3.05541666666666686e+02 3.06283333333333360e+02 3.76094461076822008e-04 1.67399966277216818e-06
 3.06283333333333360e+02 3.07024999999999977e+02 3.74133090615933720e-04 1.42673703636516937e-06
 3.07024999999999977e+02 3.07766666666666652e+02 3.73683983351163823e-04 1.45647178663942547e-06
 3.07766666666666652e+02 3.08508333333333326e+02 3.67681771819289272e-04 1.45463957769378003e-06
 3.08508333333333326e+02 3.09250000000000000e+02 3.65350201264529799e-04 1.40582887707696246e-06
 3.09250000000000000e+02 3.09991666666666674e+02 3.63921658503498218e-04 1.53334163332034673e-06
 3.09991666666666674e+02 3.10733333333333348e+02 3.57496571456592069e-04 1.36571548048460358e-06
 3.10733333333333348e+02 3.11475000000000023e+02 3.56962094769252506e-04 1.47275348894589541e-06
 3.11475000000000023e+02 3.12216666666666640e+02 3.54869521167091261e-04 1.45292847197103745e-06
 3.12216666666666640e+02 3.12958333333333314e+02 3.51453895757981025e-04 1.46428891622071130e-06
 3.12958333333333314e+02 3.13699999999999989e+02 3.47851750938739509e-04 1.36235679784824882e-06
 3.13699999999999989e+02 3.14441666666666663e+02 3.41674555845602004e-04 1.35264139978502962e-06
 3.14441666666666663e+02 3.15183333333333337e+02 3.41995836030492279e-04 1.34280100038302037e-06
 3.15183333333333337e+02 3.15925000000000011e+02 3.36202008796896335e-04 1.38875328874518307e-06
 3.15925000000000011e+02 3.16666666666666686e+02 3.35370296965163326e-04 1.44164739985655337e-06
 3.16666666666666686e+02 3.17408333333333360e+02 3.28459036071907038e-04 1.40414622978163069e-06
 3.17408333333333360e+02 3.18149999999999977e+02 3.24233686840411854e-04 1.35044013027190743e-06
 3.18149999999999977e+02 3.18891666666666652e+02 3.23249779114055614e-04 1.39384009970233747e-06
 3.18891666666666652e+02 3.19633333333333326e+02 3.17148011841258720e-04 1.39292388103923600e-06
 3.19633333333333326e+02 3.20375000000000000e+02 3.16432654377576603e-04 1.38832098450315091e-06
 3.20375000000000000e+02 3.21116666666666674e+02 3.14821601905940413e-04 1.45067156235854747e-06
 3.21116666666666674e+02 3.21858333333333348e+02 3.08974602357145391e-04 1.34738528325547200e-06
 3.21858333333333348e+02 3.22600000000000023e+02 3.06500340152270686e-04 1.39396541546780711e-06
 3.22600000000000023e+02 3.23341666666666640e+02 3.02305510820016440e-04 1.33026835260863062e-06
 3.23341666666666640e+02 3.24083333333333314e+02 2.97259205622667948e-04 1.35714112003697402e-06
 3.24083333333333314e+02 3.24824999999999989e+02 2.96356056698203702e-04 1.37628469091339078e-06
 3.24824999999999989e+02 3.25566666666666663e+02 2.93850371205576382e-04 1.62337986343150643e-06
 3.25566666666666663e+02 3.26308333333333337e+02 2.89659252731964533e-04 1.35688364259455174e-06
 3.26308333333333337e+02 3.27050000000000011e+02 2.87687304991157992e-04 1.33921370365603366e-06
 3.27050000000000011e+02 3.27791666666666686e+02 2.85388374837075413e-04 1.41078648751563354e-06
 3.27791666666666686e+02 3.28533333333333360e+02 2.81007127429784012e-04 1.30804085139763588e-06
 3.28533333333333360e+02 3.29274999999999977e+02 2.76255941277654714e-04 1.32412815793202330e-06
 3.29274999999999977e+02 3.30016666666666652e+02 2.75128136773510187e-04 1.35156784555959172e-06
 3.30016666666666652e+02 3.30758333333333326e+02 2.72570999692133356e-04 1.69498727387260314e-06
 3.30758333333333326e+02 3.31500000000000000e+02 2.68600512473467115e-04 1.42104292861243733e-06
 3.31500000000000000e+02 3.32241666666666674e+02 2.65167917746167003e-04 1.29466031805041468e-06
 3.32241666666666674e+02 3.32983333333333348e+02 2.62895728775436614e-04 1.57712478913588731e-06
 3.32983333333333348e+02 3.33725000000000023e+02 2.59711962215289686e-04 1.77296085956953120e-06
 3.33725000000000023e+02 3.34466666666666640e+02 2.56927345666972966e-04 1.28853536435406061e-06
 3.34466666666666640e+02 3.35208333333333314e+02 2.57312204661253431e-04 1.25226638824305833e-06
 3.35208333333333314e+02 3.35949999999999989e+02 2.49404476059239988e-04 1.23556472023862189e-06
 3.35949999999999989e+02 3.36691666666666663e+02 2.54201511546430501e-04 1.69080901380081963e-06
 3.36691666666666663e+02 3.37433333333333337e+02 2.51108987456160509e-04 1.34780240614959478e-06
 3.37433333333333337e+02 3.38175000000000011e+02 2.46768531471060432e-04 1.21875070561904820e-06
 3.38175000000000011e+02 3.38916666666666686e+02 2.42610990000631912e-04 1.33502444251161348e-06
 3.38916666666666686e+02 3.39658333333333360e+02 2.39925255510696007e-04 1.20548594861995379e-06
 3.39658333333333360e+02 3.40399999999999977e+02 2.38150724414025960e-04 1.27806067635485467e-06
 3.40399999999999977e+02 3.41141666666666652e+02 2.37085138376428044e-04 1.27233004828265111e-06
 3.41141666666666652e+02 3.41883333333333326e+02 2.33382551651139993e-04 1.27260077660962693e-06
 3.41883333333333326e+02 3.42625000000000000e+02 2.30787483148686706e-04 1.31225041944606550e-06
 3.42625000000000000e+02 3.43366666666666674e+02 2.28508240029427258e-04 1.21728599412270394e-06
 3.43366666666666674e+02 3.44108333333333348e+02 2.28405988593025522e-04 1.29028837042816786e-06
 3.44108333333333348e+02 3.44850000000000023e+02 2.25889098373695181e-04 1.29148237794892420e-06
 3.44850000000000023e+02 3.45591666666666640e+02 2.23212577771043333e-04 1.27605271986446558e-06
 3.45591666666666640e+02 3.46333333333333314e+02 2.21195229055583080e-04 1.25711440930526969e-06
 3.46333333333333314e+02 3.47074999999999989e+02 2.18995496632216267e-04 1.22875969322985679e-06
 3.47074999999999989e+02 3.47816666666666663e+02 2.20143612512335105e-04 1.30939894984101860e-06
 3.47816666666666663e+02 3.48558333333333337e+02 2.14911583775641030e-04 1.24793428125619093e-06
 3.48558333333333337e+02 3.49300000000000011e+02 2.14398280333359908e-04 1.24742638358423759e-06
 3.49300000000000011e+02 3.50041666666666686e+02 2.08032061112107592e-04 1.18176810585892580e-06
 3.50041666666666686e+02 3.50783333333333360e+02 2.11013010716952547e-04 1.24676056073021116e-06
 3.50783333333333360e+02 3.51524999999999977e+02 2.10656678918415719e-04 1.27906971687601080e-06
 3.51524999999999977e+02 3.52266666666666652e+02 2.04872007802377654e-04 1.25239534900640763e-06
 3.52266666666666652e+02 3.53008333333333326e+02 2.06554736896714128e-04 1.26368794356118565e-06
 3.53008333333333326e+02 3.53750000000000000e+02 2.03428708427455442e-04 1.28296404531677524e-06
 3.53750000000000000e+02 3.54491666666666674e+02 2.02252390556651948e-04 1.47954585209924608e-06
 3.54491666666666674e+02 3.55233333333333348e+02 2.02003831311832195e-04 1.25058205774733226e-06
 3.55233333333333348e+02 3.55975000000000023e+02 1.98530384629613680e-04 1.40798384362857177e-06
 3.55975000000000023e+02 3.56716666666666640e+02 1.98314863231593790e-04 1.25709200546956426e-06
 3.56716666666666640e+02 3.57458333333333314e+02 1.94419629542322200e-04 1.30400321891230060e-06
 3.57458333333333314e+02 3.58199999999999989e+02 1.93601235035328065e-04 1.24773864667336847e-06
 3.58199999999999989e+02 3.58941666666666663e+02 1.92264296199344688e-04 1.35725312735752522e-06
 3.58941666666666663e+02 3.59683333333333337e+02 1.92399491199275860e-04 1.27298607098699286e-06
 3.59683333333333337e+02 3.60425000000000011e+02 1.89009153170857338e-04 1.13319989453265269e-06
 3.60425000000000011e+02 3.61166666666666686e+02 1.86194546642082009e-04 1.21111287543472033e-06
 3.61166666666666686e+02 3.61908333333333360e+02 1.86730922140899985e-04 1.21773996349111735e-06
 3.61908333333333360e+02 3.62649999999999977e+02 1.83130474695458875e-04 1.16832207335642429e-06
 3.62649999999999977e+02 3.63391666666666652e+02 1.81488143039958778e-04 1.19058341724648274e-06
 3.63391666666666652e+02 3.64133333333333326e+02 1.82779272724095497e-04 1.20961731222875940e-06
 3.64133333333333326e+02 3.64875000000000000e+02 1.78908992938866141e-04 1.24471558242538281e-06
 3.64875000000000000e+02 3.65616666666666674e+02 1.78624827417000342e-04 1.30203855516576856e-06
 3.65616666666666674e+02 3.66358333333333348e+02 1.78336376893414340e-04 1.14642460780663514e-06
 3.66358333333333348e+02 3.67100000000000023e+02 1.76148806230217131e-04 1.19534631011207461e-06
 3.67100000000000023e+02 3.67841666666666640e+02 1.72738577525866321e-04 1.17918308686403112e-06
 3.67841666666666640e+02 3.68583333333333314e+02 1.72679159060315989e-04 1.26569361964331416e-06
 3.68583333333333314e+02 3.69324999999999989e+02 1.72378018005413914e-04 1.20896449711504492e-06
 3.69324999999999989e+02 3.70066666666666663e+02 1.70232593078633167e-04 1.18295420881324656e-06
 3.70066666666666663e+02 3.70808333333333337e+02 1.69261641880001195e-04 1.16019006153637766e-06
 3.70808333333333337e+02 3.71550000000000011e+02 1.70817867768571573e-04 1.68759977167831718e-06
 3.71550000000000011e+02 3.72291666666666686e+02 1.65663392700338369e-04 1.15662967878398992e-06
 3.72291666666666686e+02 3.73033333333333360e+02 1.67900526742282050e-04 1.19539498918260946e-06
 3.73033333333333360e+02 3.73774999999999977e+02 1.64516254443187760e-04 1.27383858168825203e-06
 3.73774999999999977e+02 3.74516666666666652e+02 1.63092047556314074e-04 1.27015224484462432e-06
 3.74516666666666652e+02 3.75258333333333326e+02 1.62201136735132007e-04 1.18756818338844397e-06
 3.75258333333333326e+02 3.76000000000000000e+02 1.60963114844334099e-04 1.17756509840398006e-06
 3.76000000000000000e+02 3.76741666666666674e+02 1.60359296379683410e-04 1.29665896508744061e-06
 3.76741666666666674e+02 3.77483333333333348e+02 1.57031063257811581e-04 1.16544494286012688e-06
 3.77483333333333348e+02 3.78225000000000023e+02 1.57403941618101386e-04 1.20360470804501317e-06
 3.78225000000000023e+02 3.78966666666666640e+02 1.55807599972151273e-04 1.25815361746895012e-06
 3.78966666666666640e+02 3.79708333333333314e+02 1.55156560049215164e-04 1.13688562627083987e-06
 3.79708333333333314e+02 3.80449999999999989e+02 1.58961563244558820e-04 7.53151367640059986e-06
 3.80449999999999989e+02 3.81191666666666663e+02 1.54295364273328935e-04 1.24887856873424351e-06
 3.81191666666666663e+02 3.81933333333333337e+02 1.51559543984286846e-04 1.13639913573810872e-06
 3.81933333333333337e+02 3.82675000000000011e+02 1.48816192447820991e-04 1.11563022380288666e-06
 3.82675000000000011e+02 3.83416666666666686e+02 1.48950306892299322e-04 1.23275244018705445e-06
 3.83416666666666686e+02 3.84158333333333360e+02 1.51891695297958829e-04 1.63975663157069742e-06
 3.84158333333333360e+02 3.84899999999999977e+02 1.47456038764890460e-04 1.16679545964863129e-06
 3.84899999999999977e+02 3.85641666666666652e+02 1.45045848283366569e-04 1.22192458528224751e-06
 3.85641666666666652e+02 3.86383333333333326e+02 1.45483593879254980e-04 1.15089677693723245e-06
 3.86383333333333326e+02 3.87125000000000000e+02 1.44751480226308952e-04 1.46423700160760592e-06
 3.87125000000000000e+02 3.87866666666666674e+02 1.42534909035453073e-04 1.25104942011593921e-06
 3.87866666666666674e+02 3.88608333333333348e+02 1.42441666731266781e-04 1.20739391768765600e-06
 3.88608333333333348e+02 3.89350000000000023e+02 1.40947055839608915e-04 1.18918338356070738e-06
 3.89350000000000023e+02 3.90091666666666640e+02 1.41255974751197498e-04 1.30672878841356802e-06
 3.90091666666666640e+02 3.90833333333333314e+02 1.39213449871013336e-04 1.21931535500859551e-06
 3.90833333333333314e+02 3.91574999999999989e+02 1.38714061128074513e-04 1.32244229558556366e-06
 3.91574999999999989e+02 3.92316666666666663e+02 1.38572640131471512e-04 1.30182859072631458e-06
 3.92316666666666663e+02 3.93058333333333337e+02 1.36327399632077265e-04 1.09483169383627411e-06
 3.93058333333333337e+02 3.93800000000000011e+02 1.36098096775221568e-04 1.20946387634160379e-06
 3.93800000000000011e+02 3.94541666666666686e+02 1.37515939142889026e-04 1.29572370742310509e-06
 3.94541666666666686e+02 3.95283333333333360e+02 1.35584181612516863e-04 1.34582639985716160e-06
 3.95283333333333360e+02 3.96024999999999977e+02 1.34271235611902807e-04 1.17168738219131013e-06
 3.96024999999999977e+02 3.96766666666666652e+02 1.33371439012782529e-04 1.27835621170620481e-06
 3.96766666666666652e+02 3.97508333333333326e+02 1.32402139465409569e-04 1.23381992824949591e-06
 3.97508333333333326e+02 3.98250000000000000e+02 1.30280340776857612e-04 1.13278030545329562e-06
 3.98250000000000000e+02 3.98991666666666674e+02 1.30858601552943064e-04 1.14665086697073515e-06
 3.98991666666666674e+02 3.99733333333333348e+02 1.28897270209225162e-04 1.13157802586049178e-06
 3.99733333333333348e+02 4.00475000000000023e+02 1.28825334408951133e-04 1.24705720766791510e-06
 4.00475000000000023e+02 4.01216666666666640e+02 1.26817993760805378e-04 1.33211979819533379e-06
 4.01216666666666640e+02 4.01958333333333314e+02 1.28889622219494846e-04 1.31090501151445466e-06
 4.01958333333333314e+02 4.02699999999999989e+02 1.24828616383485571e-04 1.16731090962683456e-06
 4.02699999999999989e+02 4.03441666666666663e+02 1.28112456503404925e-04 1.31229979328256353e-06
 4.03441666666666663e+02 4.04183333333333337e+02 1.27375441002104049e-04 1.24057415706937728e-06
 4.04183333333333337e+02 4.04925000000000011e+02 1.23618506477554891e-04 1.24658773696313198e-06
 4.04925000000000011e+02 4.05666666666666686e+02 1.28813510202671643e-04 2.67327261361073062e-06
 4.05666666666666686e+02 4.06408333333333360e+02 1.22387369582359351e-04 1.16776872785416075e-06
 4.06408333333333360e+02 4.07149999999999977e+02 1.21504023838029987e-04 1.18551686679656345e-06
 4.07149999999999977e+02 4.07891666666666652e+02 1.22793494968223717e-04 1.21349455141310658e-06
 4.07891666666666652e+02 4.08633333333333326e+02 1.21266667115411199e-04 1.25529537679025022e-06
 4.08633333333333326e+02 4.09375000000000000e+02 1.18292758514257032e-04 1.21817388285831305e-06
 4.09375000000000000e+02 4.10116666666666674e+02 1.20465901421225945e-04 1.41114226193072257e-06
 4.10116666666666674e+02 4.10858333333333348e+02 1.17872762965252878e-04 1.18875202199854541e-06
 4.10858333333333348e+02 4.11600000000000023e+02 1.20474150178340520e-04 1.44147854784335162e-06
 4.11600000000000023e+02 4.12341666666666640e+02 1.17384242508575043e-04 1.18480708669997802e-06
 4.12341666666666640e+02 4.13083333333333314e+02 1.19216310701169970e-04 1.25750008474132145e-06
 4.13083333333333314e+02 4.13824999999999989e+02 1.18457713922532468e-04 1.20864676571403404e-06
 4.13824999999999989e+02 4.14566666666666663e+02 1.17745708522590294e-04 1.32501267185387881e-06
 4.14566666666666663e+02 4.15308333333333337e+02 1.16481089860837763e-04 1.26826289623105076e-06
 4.15308333333333337e+02 4.16050000000000011e+02 1.15565319273411388e-04 1.34613137158212815e-06
 4.16050000000000011e+02 4.16791666666666686e+02 1.14518027741535919e-04 1.25227874077100456e-06
 4.16791666666666686e+02 4.17533333333333360e+02 1.14708058485880567e-04 1.31006616902642505e-06
 4.17533333333333360e+02 4.18274999999999977e+02 1.14402774289281461e-04 1.52011749727431089e-06
 4.18274999999999977e+02 4.19016666666666652e+02 1.12407537523418160e-04 1.24752195742220320e-06
 4.19016666666666652e+02 4.19758333333333326e+02 1.10011004739613854e-04 1.32131675124654889e-06
 4.19758333333333326e+02 4.20500000000000000e+02 1.13143415843294218e-04 1.50336268684045408e-06
 4.20500000000000000e+02 4.21241666666666674e+02 1.09002639680265379e-04 1.21635808846987810e-06
 4.21241666666666674e+02 4.21983333333333348e+02 1.10145146473037675e-04 1.33893814931459185e-06
 4.21983333333333348e+02 4.22725000000000023e+02 1.10345252877486612e-04 1.31870784980993223e-06
 4.22725000000000023e+02 4.23466666666666640e+02 1.08994414169824651e-04 1.34124930828483929e-06
 4.23466666666666640e+02 4.24208333333333314e+02 1.08049387820705869e-04 1.16754104235317214e-06
 4.24208333333333314e+02 4.24949999999999989e+02 1.07927740629920496e-04 1.28417559121596439e-06
 4.24949999999999989e+02 4.25691666666666663e+02 1.07764429159978395e-04 1.29141825696834371e-06
 4.25691666666666663e+02 4.26433333333333337e+02 1.09814277409103002e-04 2.11700988297346476e-06
 4.26433333333333337e+02 4.27175000000000011e+02 1.04436680041822524e-04 1.22501654196983885e-06
 4.27175000000000011e+02 4.27916666666666686e+02 1.06783968716986426e-04 1.27716496881456173e-06
 4.27916666666666686e+02 4.28658333333333360e+02 1.07537434091041308e-04 1.32184404790855422e-06
 4.28658333333333360e+02 4.29399999999999977e+02 1.02873262820243219e-04 1.23502329740349256e-06
 4.29399999999999977e+02 4.30141666666666652e+02 1.00791582005461638e-04 1.25470255448680697e-06
 4.30141666666666652e+02 4.30883333333333326e+02 1.02160430266813482e-04 1.32774231363568687e-06
 4.30883333333333326e+02 4.31625000000000000e+02 1.04970798766727355e-04 1.41131836986221239e-06
 4.31625000000000000e+02 4.32366666666666674e+02 1.00480993228086474e-04 1.51362080844513052e-06
 4.32366666666666674e+02 4.33108333333333348e+02 9.78456688232638033e-05 1.22866026281379753e-06
 4.33108333333333348e+02 4.33850000000000023e+02 1.00502560453345917e-04 1.23125728985119308e-06
 4.33850000000000023e+02 4.34591666666666640e+02 9.94778196910397854e-05 1.33347509673085232e-06
 4.34591666666666640e+02 4.35333333333333314e+02 9.96041713188841452e-05 1.24040915405497940e-06
 4.35333333333333314e+02 4.36074999999999989e+02 9.81687748924915486e-05 1.30391692824434139e-06
 4.36074999999999989e+02 4.36816666666666663e+02 9.74650681066208910e-05 1.27836767547038309e-06
 4.36816666666666663e+02 4.37558333333333337e+02 9.79343545997391130e-05 1.25849346566111727e-06
 4.37558333333333337e+02 4.38300000000000011e+02 9.61021979277813516e-05 1.31358471905748342e-06
 4.38300000000000011e+02 4.39041666666666686e+02 9.89051719035234823e-05 1.61567953841632065e-06
 4.39041666666666686e+02 4.39783333333333360e+02 9.32624324833568281e-05 1.38827760744464983e-06
 4.39783333333333360e+02 4.40524999999999977e+02 9.51744413345700794e-05 1.37503695491366752e-06
 4.40524999999999977e+02 4.41266666666666652e+02 9.31693893254490786e-05 1.34562142700428026e-06
 4.41266666666666652e+02 4.42008333333333326e+02 9.25355308896847736e-05 1.43517386527635974e-06
 4.42008333333333326e+02 4.42750000000000000e+02 9.16997651513942882e-05 1.38273563845263684e-06
 4.42750000000000000e+02 4.43491666666666674e+02 9.04898534651186939e-05 1.41709763718569859e-06
 4.43491666666666674e+02 4.44233333333333348e+02 9.25331680759881891e-05 1.93167630457970732e-06
 4.44233333333333348e+02 4.44975000000000023e+02 9.00428460506262618e-05 1.51074644025397828e-06
 4.44975000000000023e+02 4.45716666666666640e+02 8.85434338362845873e-05 1.44972699516174502e-06
 4.45716666666666640e+02 4.46458333333333314e+02 8.90070354092110960e-05 1.42778242381481837e-06
 4.46458333333333314e+02 4.47199999999999989e+02 8.69567188066892860e-05 1.55839440933117201e-06
 4.47199999999999989e+02 4.47941666666666663e+02 8.60318362459972300e-05 1.54117058578519179e-06
 4.47941666666666663e+02 4.48683333333333337e+02 8.55476876522475756e-05 1.51252441305560270e-06
 4.48683333333333337e+02 4.49425000000000011e+02 8.51176959917928901e-05 1.88916727332860138e-06
 4.49425000000000011e+02 4.50166666666666686e+02 8.31878884171096831e-05 1.44433613640284854e-06
 4.50166666666666686e+02 4.50908333333333360e+02 8.07534997339406073e-05 1.65139905786417652e-06
 4.50908333333333360e+02 4.51649999999999977e+02 7.84032063360996697e-05 1.48528280953565601e-06
 4.51649999999999977e+02 4.52391666666666652e+02 7.88292533530211934e-05 1.56247380822132689e-06
 4.52391666666666652e+02 4.53133333333333326e+02 8.11144691603188806e-05 1.92522996429000848e-06
 4.53133333333333326e+02 4.53875000000000000e+02 7.65510779798082180e-05 1.72589589605700913e-06
 4.53875000000000000e+02 4.54616666666666674e+02 7.20738439054855986e-05 1.62587247499950572e-06
 4.54616666666666674e+02 4.55358333333333348e+02 7.36928572514027427e-05 1.87829077113951772e-06
 4.55358333333333348e+02 4.56100000000000023e+02 6.88666947176494839e-05 1.83911110018195213e-06
 4.56100000000000023e+02 4.56841666666666640e+02 6.82341162537721771e-05 1.85662926755222748e-06
 4.56841666666666640e+02 4.57583333333333314e+02 6.43628915426537401e-05 1.79962979378367051e-06
 4.57583333333333314e+02 4.58324999999999989e+02 6.40597264645423217e-05 1.83396516193889862e-06
 4.58324999999999989e+02 4.59066666666666663e+02 6.15440719069848752e-05 2.14700208855377987e-06
 4.59066666666666663e+02 4.59808333333333337e+02 5.53290788376801569e-05 1.99499596404745685e-06
 4.59808333333333337e+02 4.60550000000000011e+02 4.65890913242018263e-05 2.02845628882022221e-06
 4.60550000000000011e+02 4.61291666666666686e+02 2.52721607733947173e-05 1.55666069338724027e-06
 4.61291666666666686e+02 4.62033333333333360e+02 0.00000000000000000e+00 0.00000000000000000e+00
 4.62033333333333360e+02 4.62774999999999977e+02 0.00000000000000000e+00 0.00000000000000000e+00
 4.62774999999999977e+02 4.63516666666666652e+02 0.00000000000000000e+00 0.00000000000000000e+00
 4.63516666666666652e+02 4.64258333333333326e+02 0.00000000000000000e+00 0.00000000000000000e+00
 4.64258333333333326e+02 4.65000000000000000e+02 0.00000000000000000e+00 0.00000000000000000e+00

Histogram:lthg
 5.00000000000000000e+01 5.01333333333333329e+01 3.34002174614612740e-03 2.28683855618484957e-05
 5.01333333333333329e+01 5.02666666666666657e+01 3.35660866355793914e-03 2.54050936819473533e-05
 5.02666666666666657e+01 5.03999999999999986e+01 3.33917859998688910e-03 2.00427599727536584e-05
 5.03999999999999986e+01 5.05333333333333314e+01 3.32645670937245464e-03 1.82943686111551708e-05
 5.05333333333333314e+01 5.06666666666666643e+01 3.32999100408793748e-03 1.57971716384410339e-05
 5.06666666666666643e+01 5.07999999999999972e+01 3.31142128237769647e-03 1.47900432429123254e-05
 5.07999999999999972e+01 5.09333333333333300e+01 3.34948126471375967e-03 1.51815260043765410e-05
 5.09333333333333300e+01 5.10666666666666700e+01 3.35151554922287660e-03 1.42735359744355207e-05
 5.10666666666666700e+01 5.12000000000000028e+01 3.30380183217735771e-03 1.26588290219512459e-05
 5.12000000000000028e+01 5.13333333333333357e+01 3.33522161121893460e-03 1.40394986412767583e-05
 5.13333333333333357e+01 5.14666666666666686e+01 3.33562746356118409e-03 1.34748651029568391e-05
 5.14666666666666686e+01 5.16000000000000014e+01 3.33295825782727127e-03 1.90466030986965024e-05
 5.16000000000000014e+01 5.17333333333333343e+01 3.32015219196766728e-03 1.20607971003463686e-05
 5.17333333333333343e+01 5.18666666666666671e+01 3.32600858646213242e-03 1.43618362346428364e-05
 5.18666666666666671e+01 5.20000000000000000e+01 3.31130082335394198e-03 1.13228827490273512e-05
 5.20000000000000000e+01 5.21333333333333329e+01 3.30791329244251855e-03 1.09095260720322246e-05
 5.21333333333333329e+01 5.22666666666666657e+01 3.33512792359966313e-03 1.12963581964440684e-05
 5.22666666666666657e+01 5.23999999999999986e+01 3.34470255687775459e-03 1.13923204961355278e-05
 5.23999999999999986e+01 5.25333333333333314e+01 3.35356526325689000e-03 1.28204558574425965e-05
 5.25333333333333314e+01 5.26666666666666643e+01 3.32382739869447989e-03 1.06911102623487863e-05
 5.26666666666666643e+01 5.27999999999999972e+01 3.34234648076963065e-03 1.22438507197723757e-05
 5.27999999999999972e+01 5.29333333333333300e+01 3.31316269885825352e-03 1.04781335747206104e-05
 5.29333333333333300e+01 5.30666666666666700e+01 3.32495361353410011e-03 1.08935126076918189e-05
 5.30666666666666700e+01 5.32000000000000028e+01 3.32457617041085349e-03 1.05123914060920436e-05
 5.32000000000000028e+01 5.33333333333333357e+01 3.32216884081955061e-03 1.22813812295724920e-05
 5.33333333333333357e+01 5.34666666666666686e+01 3.32817796083158864e-03 1.23743827670121053e-05
 5.34666666666666686e+01 5.36000000000000014e+01 3.32875007402902868e-03 1.23110837933093590e-05
 5.36000000000000014e+01 5.37333333333333343e+01 3.30022654293557873e-03 1.01506202141611765e-05
 5.37333333333333343e+01 5.38666666666666671e+01 3.31439123665534579e-03 1.11593030907578675e-05
 5.38666666666666671e+01 5.40000000000000000e+01 3.29887485665604973e-03 1.06362429030886439e-05
 5.40000000000000000e+01 5.41333333333333329e+01 3.32983880957350101e-03 1.13587092875876059e-05
 5.41333333333333329e+01 5.42666666666666657e+01 3.33599000614737433e-03 1.28469899900649779e-05
 5.42666666666666657e+01 5.43999999999999986e+01 3.32896254670822424e-03 1.76263920607419957e-05
 5.43999999999999986e+01 5.45333333333333314e+01 3.33541468945490124e-03 1.16337224721598447e-05
 5.45333333333333314e+01 5.46666666666666643e+01 3.32476067601115500e-03 1.02747061871729122e-05
 5.46666666666666643e+01 5.47999999999999972e+01 3.31768859191128957e-03 1.01611477803673464e-05
 5.47999999999999972e+01 5.49333333333333371e+01 3.31654175958502693e-03 1.06156501812901591e-05
 5.49333333333333371e+01 5.50666666666666629e+01 3.32423826426739332e-03 1.08053556620511348e-05
 5.50666666666666629e+01 5.52000000000000028e+01 3.33039569246782689e-03 1.31215277375299239e-05
 5.52000000000000028e+01 5.53333333333333357e+01 3.31454832911620700e-03 1.02512479366654228e-05
 5.53333333333333357e+01 5.54666666666666686e+01 3.31518467393902058e-03 1.01328726535076444e-05
 5.54666666666666686e+01 5.56000000000000014e+01 3.32108066679669351e-03 1.00822568257318047e-05
 5.56000000000000014e+01 5.57333333333333343e+01 3.33654804383802517e-03 2.06982532729808087e-05
 5.57333333333333343e+01 5.58666666666666671e+01 3.32779615169324439e-03 1.09614358253813643e-05
 5.58666666666666671e+01 5.60000000000000000e+01 3.32334223498042527e-03 1.02301079657545569e-05
 5.60000000000000000e+01 5.61333333333333329e+01 3.30132513445184151e-03 1.01965613729639480e-05
 5.61333333333333329e+01 5.62666666666666657e+01 3.33031749931031983e-03 1.06407956924925004e-05
 5.62666666666666657e+01 5.63999999999999986e+01 3.32158185394027146e-03 1.00199354908708068e-05
 5.63999999999999986e+01 5.65333333333333314e+01 3.31651901351955308e-03 9.77259735506327090e-06
 5.65333333333333314e+01 5.66666666666666643e+01 3.34142029049317281e-03 1.72021268598128113e-05
 5.66666666666666643e+01 5.67999999999999972e+01 3.30844824119984728e-03 1.05978289246772764e-05
 5.67999999999999972e+01 5.69333333333333371e+01 3.32048622032959624e-03 9.80227097148166104e-06
 5.69333333333333371e+01 5.70666666666666629e+01 3.32046019070849361e-03 1.01554181217555485e-05
 5.70666666666666629e+01 5.72000000000000028e+01 3.31512065700485196e-03 1.03956139611478040e-05
 5.72000000000000028e+01 5.73333333333333357e+01 3.31603425434819814e-03 1.09974376029803769e-05
 5.73333333333333357e+01 5.74666666666666686e+01 3.35485223662090101e-03 4.28866129976403823e-05
 5.74666666666666686e+01 5.76000000000000014e+01 3.32612630633016175e-03 1.08788506426416931e-05
 5.76000000000000014e+01 5.77333333333333343e+01 3.31050951859864807e-03 1.07653800415368243e-05
 5.77333333333333343e+01 5.78666666666666671e+01 3.31570069846000813e-03 1.00530711143079867e-05
 5.78666666666666671e+01 5.80000000000000000e+01 3.30549786836312762e-03 1.04035268891524575e-05
 5.80000000000000000e+01 5.81333333333333329e+01 3.32385887646033124e-03 9.75193211666372125e-06
 5.81333333333333329e+01 5.82666666666666657e+01 3.31837618344250429e-03 1.18045744839709694e-05
 5.82666666666666657e+01 5.83999999999999986e+01 3.30869143061267908e-03 1.12791104871869924e-05
 5.83999999999999986e+01 5.85333333333333314e+01 3.31033550050872320e-03 1.02513189219128812e-05
 5.85333333333333314e+01 5.86666666666666643e+01 3.33769557460111181e-03 1.45744936336301350e-05
 5.86666666666666643e+01 5.87999999999999972e+01 3.32056457755967177e-03 1.07589946091431732e-05
 5.87999999999999972e+01 5.89333333333333371e+01 3.31851888767009098e-03 9.96608161005024786e-06
 5.89333333333333371e+01 5.90666666666666629e+01 3.32127761327567772e-03 1.00832455703029585e-05
 5.90666666666666629e+01 5.92000000000000028e+01 3.32610465325836871e-03 1.03061277448323625e-05
 5.92000000000000028e+01 5.93333333333333357e+01 3.31000716237568517e-03 1.07587427958741688e-05
 5.93333333333333357e+01 5.94666666666666686e+01 3.33267141767934569e-03 1.12542166305475705e-05
 5.94666666666666686e+01 5.96000000000000014e+01 3.33709461179627171e-03 1.06182663595513355e-05
 5.96000000000000014e+01 5.97333333333333343e+01 3.31386751574366334e-03 9.59916468206651234e-06
 5.97333333333333343e+01 5.98666666666666671e+01 3.33265255666617948e-03 1.08743159135000915e-05
 5.98666666666666671e+01 6.00000000000000000e+01 3.32060033908869543e-03 1.00116387600417316e-05
 6.00000000000000000e+01 6.01333333333333329e+01 3.31023792269571513e-03 9.56450866950215128e-06
 6.01333333333333329e+01 6.02666666666666657e+01 3.32281718049149029e-03 9.68801323740960299e-06
 6.02666666666666657e+01 6.03999999999999986e+01 3.30237579761535893e-03 9.93405162279895149e-06
 6.03999999999999986e+01 6.05333333333333314e+01 3.31317001897097480e-03 9.55440419459730574e-06
 6.05333333333333314e+01 6.06666666666666643e+01 3.30682847008434942e-03 9.73332344311569291e-06
 6.06666666666666643e+01 6.07999999999999972e+01 3.32611062069695972e-03 1.08855732014965198e-05
 6.07999999999999972e+01 6.09333333333333371e+01 3.33369774697658350e-03 1.08969549283746596e-05
 6.09333333333333371e+01 6.10666666666666629e+01 3.33074141873522999e-03 1.03100352125157522e-05
 6.10666666666666629e+01 6.12000000000000028e+01 3.32303571754227192e-03 1.31905325020980997e-05
 6.12000000000000028e+01 6.13333333333333357e+01 3.32808755218609803e-03 9.42720992897540899e-06
 6.13333333333333357e+01 6.14666666666666686e+01 3.30930283500280873e-03 9.69209818394907056e-06
 6.14666666666666686e+01 6.16000000000000014e+01 3.32919537592357966e-03 1.08015656472078607e-05
 6.16000000000000014e+01 6.17333333333333343e+01 3.31768769868047170e-03 9.59734941615920418e-06
 6.17333333333333343e+01 6.18666666666666671e+01 3.33573310677822777e-03 1.03900956237361637e-05
 6.18666666666666671e+01 6.20000000000000000e+01 3.35203653316455295e-03 1.39662478332969956e-05
 6.20000000000000000e+01 6.21333333333333329e+01 3.31967104190547622e-03 1.41030505284339187e-05
 6.21333333333333329e+01 6.22666666666666657e+01 3.33345679619934847e-03 9.60920173787856131e-06
 6.22666666666666657e+01 6.23999999999999986e+01 3.34003863900818104e-03 9.69679307303777156e-06
 6.23999999999999986e+01 6.25333333333333314e+01 3.33163477611846505e-03 9.83572313746774439e-06
 6.25333333333333314e+01 6.26666666666666643e+01 3.32525125823601025e-03 1.06270535692181719e-05
 6.26666666666666643e+01 6.27999999999999972e+01 3.31248206416819360e-03 1.03348100249258253e-05
 6.27999999999999972e+01 6.29333333333333371e+01 3.33913794646142426e-03 1.11440800279723576e-05
 6.29333333333333371e+01 6.30666666666666629e+01 3.33626017658625058e-03 1.00160811504613121e-05
 6.30666666666666629e+01 6.32000000000000028e+01 3.33110719462884237e-03 9.63161217807307370e-06
 6.32000000000000028e+01 6.33333333333333357e+01 3.31520243917629923e-03 9.71979362876839341e-06
 6.33333333333333357e+01 6.34666666666666686e+01 3.32289622998343387e-03 9.59144970483964774e-06
 6.34666666666666686e+01 6.36000000000000014e+01 3.36519948633055930e-03 1.94793409705920364e-05
 6.36000000000000014e+01 6.37333333333333343e+01 3.33080909389830981e-03 1.05502218087662909e-05
 6.37333333333333343e+01 6.38666666666666671e+01 3.32342187866488913e-03 1.28058843365674253e-05
 6.38666666666666671e+01 6.40000000000000000e+01 3.31181167646343519e-03 9.46105073623684307e-06
 6.40000000000000000e+01 6.41333333333333258e+01 3.33223427181128171e-03 9.78700366898726330e-06
 6.41333333333333258e+01 6.42666666666666657e+01 3.32808325817254879e-03 9.97069037729530726e-06
 6.42666666666666657e+01 6.44000000000000057e+01 3.33787803285908770e-03 9.50598482913181870e-06
 6.44000000000000057e+01 6.45333333333333314e+01 3.32637962437613670e-03 9.66909033390335712e-06
 6.45333333333333314e+01 6.46666666666666714e+01 3.31667613487070852e-03 9.28139243539352427e-06
 6.46666666666666714e+01 6.47999999999999972e+01 3.33515755885004095e-03 9.40865674762864681e-06
 6.47999999999999972e+01 6.49333333333333371e+01 3.34998383665298296e-03 9.94648221607013713e-06
 6.49333333333333371e+01 6.50666666666666629e+01 3.33605941607974157e-03 9.84416707600894987e-06
 6.50666666666666629e+01 6.52000000000000028e+01 3.32965870925295594e-03 1.15613214109529215e-05
 6.52000000000000028e+01 6.53333333333333286e+01 3.33991829643905547e-03 9.51672830537189273e-06
 6.53333333333333286e+01 6.54666666666666686e+01 3.32541398558517526e-03 1.01340300878241896e-05
 6.54666666666666686e+01 6.55999999999999943e+01 3.32994048654560587e-03 1.82660258133996704e-05
 6.55999999999999943e+01 6.57333333333333343e+01 3.34184669977676679e-03 9.67669777851899172e-06
 6.57333333333333343e+01 6.58666666666666742e+01 3.33334194320456141e-03 9.15157727005104189e-06
 6.58666666666666742e+01 6.60000000000000000e+01 3.34296021927897938e-03 1.24302210518004057e-05
 6.60000000000000000e+01 6.61333333333333258e+01 3.32570919172933861e-03 9.27736719838231607e-06
 6.61333333333333258e+01 6.62666666666666657e+01 3.31689552123092240e-03 1.00922465263956848e-05
 6.62666666666666657e+01 6.64000000000000057e+01 3.33779135977109584e-03 9.24207082283322994e-06
 6.64000000000000057e+01 6.65333333333333314e+01 3.33779182923900049e-03 1.15490338664400791e-05
 6.65333333333333314e+01 6.66666666666666714e+01 3.35231555119911090e-03 1.04362757494926788e-05
 6.66666666666666714e+01 6.67999999999999972e+01 3.32962037401218162e-03 9.61678432202231134e-06
 6.67999999999999972e+01 6.69333333333333371e+01 3.34021019411643661e-03 1.15224569319852932e-05
 6.69333333333333371e+01 6.70666666666666629e+01 3.33744576726623327e-03 1.03496279978080497e-05
 6.70666666666666629e+01 6.72000000000000028e+01 3.33043806428204260e-03 9.70591583151144362e-06
 6.72000000000000028e+01 6.73333333333333286e+01 3.35152658067637945e-03 1.03246286649709835e-05
 6.73333333333333286e+01 6.74666666666666686e+01 3.32408317684099262e-03 9.97356083168950388e-06
 6.74666666666666686e+01 6.75999999999999943e+01 3.33923859864857907e-03 9.86785252750513430e-06
 6.75999999999999943e+01 6.77333333333333343e+01 3.33666833479753918e-03 9.61524087754113612e-06
 6.77333333333333343e+01 6.78666666666666742e+01 3.34293401739400560e-03 1.03435757723307809e-05
 6.78666666666666742e+01 6.80000000000000000e+01 3.31470032313598874e-03 9.03579613023566584e-06
 6.80000000000000000e+01 6.81333333333333258e+01 3.32138589575202339e-03 9.47602316341662485e-06
 6.81333333333333258e+01 6.82666666666666657e+01 3.34324185570742186e-03 9.03338816866140996e-06
 6.82666666666666657e+01 6.84000000000000057e+01 3.35572332785168343e-03 1.08595847024476315e-05
 6.84000000000000057e+01 6.85333333333333314e+01 3.35810987119021737e-03 1.66265222629485012e-05
 6.85333333333333314e+01 6.86666666666666714e+01 3.35087609136118254e-03 9.75381219833426132e-06
 6.86666666666666714e+01 6.87999999999999972e+01 3.33878972707510628e-03 1.05318067485823462e-05
 6.87999999999999972e+01 6.89333333333333371e+01 3.33975102331120167e-03 1.21372353262407167e-05
 6.89333333333333371e+01 6.90666666666666629e+01 3.33979922634113557e-03 9.35651322460415707e-06
 6.90666666666666629e+01 6.92000000000000028e+01 3.34510504001382875e-03 9.84889289934610489e-06
 6.92000000000000028e+01 6.93333333333333286e+01 3.33584858999060084e-03 1.05217249685410842e-05
 6.93333333333333286e+01 6.94666666666666686e+01 3.32565701234381009e-03 9.45844548567586673e-06
 6.94666666666666686e+01 6.95999999999999943e+01 3.34930980997393468e-03 9.65143429508325660e-06
 6.95999999999999943e+01 6.97333333333333343e+01 3.33472532030133903e-03 9.84655396020241859e-06
 6.97333333333333343e+01 6.98666666666666742e+01 3.35806081706870952e-03 1.01360023169190709e-05
 6.98666666666666742e+01 7.00000000000000000e+01 3.35553641220677490e-03 9.71661429542831337e-06
 7.00000000000000000e+01 7.01333333333333258e+01 3.34695115709395192e-03 9.22256858608855029e-06
 7.01333333333333258e+01 7.02666666666666657e+01 3.33983569662778387e-03 9.35978025103967776e-06
 7.02666666666666657e+01 7.04000000000000057e+01 3.33459011510684779e-03 9.24106687111892948e-06
 7.04000000000000057e+01 7.05333333333333314e+01 3.33492781913355147e-03 1.04773980265124787e-05
 7.05333333333333314e+01 7.06666666666666714e+01 3.36707471260777732e-03 9.80907025918386590e-06
 7.06666666666666714e+01 7.07999999999999972e+01 3.36103900600065583e-03 1.43387090750859607e-05
 7.07999999999999972e+01 7.09333333333333371e+01 3.34720806040089257e-03 1.01046110474879144e-05
 7.09333333333333371e+01 7.10666666666666629e+01 3.34584793768949668e-03 1.02742675955304971e-05
 7.10666666666666629e+01 7.12000000000000028e+01 3.34672326746715673e-03 1.00800529534997378e-05
 7.12000000000000028e+01 7.13333333333333286e+01 3.34711473531413206e-03 9.05761987969291796e-06
 7.13333333333333286e+01 7.14666666666666686e+01 3.35604086709395287e-03 1.11183284853376424e-05
 7.14666666666666686e+01 7.15999999999999943e+01 3.35573847209606020e-03 9.37350095344437432e-06
 7.15999999999999943e+01 7.17333333333333343e+01 3.35684757527654693e-03 9.91708671621833288e-06
 7.17333333333333343e+01 7.18666666666666742e+01 3.35742153580661801e-03 1.36567491408677692e-05
 7.18666666666666742e+01 7.20000000000000000e+01 3.35197403289484112e-03 1.01801397804480813e-05
 7.20000000000000000e+01 7.21333333333333258e+01 3.36972094644455824e-03 1.74614807106350529e-05
 7.21333333333333258e+01 7.22666666666666657e+01 3.35052976751160775e-03 1.01641788009543683e-05
 7.22666666666666657e+01 7.24000000000000057e+01 3.35630737644135877e-03 9.06762135160134708e-06
 7.24000000000000057e+01 7.25333333333333314e+01 3.36475962774579430e-03 1.12920139584524203e-05
 7.25333333333333314e+01 7.26666666666666714e+01 3.35161014347482803e-03 9.77042524272553154e-06
 7.26666666666666714e+01 7.27999999999999972e+01 3.35748451576687451e-03 9.69719380287555112e-06
 7.27999999999999972e+01 7.29333333333333371e+01 3.38987762759484362e-03 3.88872521223583052e-05
 7.29333333333333371e+01 7.30666666666666629e+01 3.35367699101219883e-03 9.41438442527616806e-06
 7.30666666666666629e+01 7.32000000000000028e+01 3.36036212351589498e-03 1.04622661225464145e-05
 7.32000000000000028e+01 7.33333333333333286e+01 3.37369321340354059e-03 9.71781535951880924e-06
 7.33333333333333286e+01 7.34666666666666686e+01 3.35516981443274376e-03 9.47811422550811408e-06
 7.34666666666666686e+01 7.35999999999999943e+01 3.34863230990574802e-03 9.99857382106288720e-06
 7.35999999999999943e+01 7.37333333333333343e+01 3.36118761653432215e-03 8.96885748079609803e-06
 7.37333333333333343e+01 7.38666666666666742e+01 3.35753068287668582e-03 9.06382615398655520e-06
 7.38666666666666742e+01 7.40000000000000000e+01 3.34641669205389429e-03 9.05115695227136179e-06
 7.40000000000000000e+01 7.41333333333333258e+01 3.36546449638431980e-03 1.02442601066686193e-05
 7.41333333333333258e+01 7.42666666666666657e+01 3.37227402128926611e-03 9.20415311503348001e-06
 7.42666666666666657e+01 7.44000000000000057e+01 3.36890019531525375e-03 9.17798807110572377e-06
 7.44000000000000057e+01 7.45333333333333314e+01 3.36374745826965730e-03 1.00598641689138669e-05
 7.45333333333333314e+01 7.46666666666666714e+01 3.36739824472083449e-03 1.01448165493967897e-05
 7.46666666666666714e+01 7.47999999999999972e+01 3.37885612016117394e-03 1.07552312753500177e-05
 7.47999999999999972e+01 7.49333333333333371e+01 3.38156139332745085e-03 9.29311078169168546e-06
 7.49333333333333371e+01 7.50666666666666629e+01 3.37466509648065181e-03 9.20141972656317472e-06
 7.50666666666666629e+01 7.52000000000000028e+01 3.38073252440460872e-03 9.41498702663830011e-06
 7.52000000000000028e+01 7.53333333333333286e+01 3.38385858862188691e-03 1.27036957577164753e-05
 7.53333333333333286e+01 7.54666666666666686e+01 3.36350244884673190e-03 8.89349875264540796e-06
 7.54666666666666686e+01 7.55999999999999943e+01 3.37540461375326114e-03 9.36610328424913912e-06
 7.55999999999999943e+01 7.57333333333333343e+01 3.34643645331897215e-03 9.21657652137559627e-06
 7.57333333333333343e+01 7.58666666666666742e+01 3.36638564897124128e-03 1.20536018964316838e-05
 7.58666666666666742e+01 7.60000000000000000e+01 3.36639572983841399e-03 1.33985924007412693e-05
 7.60000000000000000e+01 7.61333333333333258e+01 3.37113542842000947e-03 8.78887134720553611e-06
 7.61333333333333258e+01 7.62666666666666657e+01 3.36001424418433219e-03 8.86806583134410130e-06
 7.62666666666666657e+01 7.64000000000000057e+01 3.37838978124276046e-03 9.23498757327318953e-06
 7.64000000000000057e+01 7.65333333333333314e+01 3.35531833918962597e-03 1.03059047339410638e-05
 7.65333333333333314e+01 7.66666666666666714e+01 3.37861152222101004e-03 1.05517266593478124e-05
 7.66666666666666714e+01 7.67999999999999972e+01 3.36632932794315781e-03 9.78965009249808191e-06
 7.67999999999999972e+01 7.69333333333333371e+01 3.37326128676121656e-03 1.16250484543071641e-05
 7.69333333333333371e+01 7.70666666666666629e+01 3.38722859428617620e-03 1.01417708966574444e-05
 7.70666666666666629e+01 7.72000000000000028e+01 3.38602512298287472e-03 2.02646246012598813e-05
 7.72000000000000028e+01 7.73333333333333286e+01 3.37070818257492657e-03 1.00639084058611041e-05
 7.73333333333333286e+01 7.74666666666666686e+01 3.37582209789898460e-03 9.98023670813104821e-06
 7.74666666666666686e+01 7.75999999999999943e+01 3.36626466355351497e-03 9.39286375408245010e-06
 7.75999999999999943e+01 7.77333333333333343e+01 3.38390944232862733e-03 1.80393760514853254e-05
 7.77333333333333343e+01 7.78666666666666742e+01 3.36676186701128635e-03 9.53592971661097360e-06
 7.78666666666666742e+01 7.80000000000000000e+01 3.38477044024100083e-03 1.12423764570911253e-05
 7.80000000000000000e+01 7.81333333333333258e+01 3.38765048023904111e-03 8.87149251374043210e-06
 7.81333333333333258e+01 7.82666666666666657e+01 3.39975820998063760e-03 1.09761458063708100e-05
 7.82666666666666657e+01 7.84000000000000057e+01 3.38861596210210522e-03 1.04046694523161621e-05
 7.84000000000000057e+01 7.85333333333333314e+01 3.38546945429290223e-03 9.93167286412226577e-06
 7.85333333333333314e+01 7.86666666666666714e+01 3.36995726327602493e-03 8.86066041809897656e-06
 7.86666666666666714e+01 7.87999999999999972e+01 3.36671621286234240e-03 8.95030598999663348e-06
 7.87999999999999972e+01 7.89333333333333371e+01 3.37749917093484913e-03 9.42139691305644822e-06
 7.89333333333333371e+01 7.90666666666666629e+01 3.37611108788427039e-03 1.01564932711342902e-05
 7.90666666666666629e+01 7.92000000000000028e+01 3.37696842861273791e-03 9.72457500481285982e-06
 7.92000000000000028e+01 7.93333333333333286e+01 3.37673746770274707e-03 9.09657460213296327e-06
 7.93333333333333286e+01 7.94666666666666686e+01 3.38841729046847730e-03 1.09687596631098837e-05
 7.94666666666666686e+01 7.95999999999999943e+01 3.37238210541699994e-03 8.68121228664879747e-06
 7.95999999999999943e+01 7.97333333333333343e+01 3.38635324964568166e-03 1.16433619458438749e-05
 7.97333333333333343e+01 7.98666666666666742e+01 3.38061388568259387e-03 8.69546706925620871e-06
 7.98666666666666742e+01 8.00000000000000000e+01 3.37687534444859605e-03 9.04352257867504826e-06
 8.00000000000000000e+01 8.01333333333333258e+01 3.40132108413560225e-03 1.32533083751898042e-05
 8.01333333333333258e+01 8.02666666666666657e+01 3.38925201608320393e-03 9.96617860246968280e-06
 8.02666666666666657e+01 8.04000000000000057e+01 3.38404708765284098e-03 9.08838634579587047e-06
 8.04000000000000057e+01 8.05333333333333314e+01 3.39140364056013865e-03 9.74134397054494062e-06
 8.05333333333333314e+01 8.06666666666666714e+01 3.40401923052206356e-03 1.12150065319944043e-05
 8.06666666666666714e+01 8.07999999999999972e+01 3.37757793576600298e-03 9.08554764716611780e-06
 8.07999999999999972e+01 8.09333333333333371e+01 3.40299565635056442e-03 1.87739727070550812e-05
 8.09333333333333371e+01 8.10666666666666629e+01 3.37851524719709213e-03 9.67651501968058925e-06
 8.10666666666666629e+01 8.12000000000000028e+01 3.39348860169505799e-03 1.23670906595844051e-05
 8.12000000000000028e+01 8.13333333333333286e+01 3.37660690614195692e-03 8.61161224587355959e-06
 8.13333333333333286e+01 8.14666666666666686e+01 3.38092697021354256e-03 9.37445589110641441e-06
 8.14666666666666686e+01 8.15999999999999943e+01 3.35578858399608430e-03 8.67021799253426990e-06
 8.15999999999999943e+01 8.17333333333333343e+01 3.37904387931757619e-03 9.82097105616108672e-06
 8.17333333333333343e+01 8.18666666666666742e+01 3.38175705250734005e-03 8.89731150376952714e-06
 8.18666666666666742e+01 8.20000000000000000e+01 3.39527105770697293e-03 1.01668761858350529e-05
 8.20000000000000000e+01 8.21333333333333258e+01 3.39434364662771640e-03 1.05774833293245211e-05
 8.21333333333333258e+01 8.22666666666666657e+01 3.39542280707620875e-03 8.98426784876841722e-06
 8.22666666666666657e+01 8.24000000000000057e+01 3.39235500492464240e-03 9.29173752176337697e-06
 8.24000000000000057e+01 8.25333333333333314e+01 3.39235410930996927e-03 1.51181808995853317e-05
 8.25333333333333314e+01 8.26666666666666572e+01 3.38618221362225417e-03 1.11220304848339544e-05
 8.26666666666666572e+01 8.27999999999999972e+01 3.39614265326890685e-03 9.20112547356135442e-06
 8.27999999999999972e+01 8.29333333333333371e+01 3.39829048121253509e-03 1.03326059333045560e-05
 8.29333333333333371e+01 8.30666666666666629e+01 3.38961398797150678e-03 9.77762109030610272e-06
 8.30666666666666629e+01 8.32000000000000028e+01 3.38174541473706090e-03 9.60041018785006048e-06
 8.32000000000000028e+01 8.33333333333333428e+01 3.41631327226166789e-03 1.60835170008898887e-05
 8.33333333333333428e+01 8.34666666666666686e+01 3.37385183454888896e-03 9.34721000392211143e-06
 8.34666666666666686e+01 8.35999999999999943e+01 3.39787196630072022e-03 1.16777501869193159e-05
 8.35999999999999943e+01 8.37333333333333343e+01 3.38773231845979506e-03 1.00070774316611357e-05
 8.37333333333333343e+01 8.38666666666666742e+01 3.39385304705000241e-03 9.30667876224854066e-06
 8.38666666666666742e+01 8.40000000000000000e+01 3.39100718876853349e-03 8.73538903217785094e-06
 8.40000000000000000e+01 8.41333333333333258e+01 3.39030066572767628e-03 9.04676091596286230e-06
 8.41333333333333258e+01 8.42666666666666657e+01 3.39350829768327814e-03 1.15336828549321022e-05
 8.42666666666666657e+01 8.44000000000000057e+01 3.39474536850117381e-03 1.28175516015776968e-05
 8.44000000000000057e+01 8.45333333333333314e+01 3.38903056286352089e-03 8.79540529168217781e-06
 8.45333333333333314e+01 8.46666666666666572e+01 3.39035755191297028e-03 8.72254824330269200e-06
 8.46666666666666572e+01 8.47999999999999972e+01 3.40597072919692932e-03 9.95836881363248847e-06
 8.47999999999999972e+01 8.49333333333333371e+01 3.39862444084846910e-03 9.37081239941996138e-06
 8.49333333333333371e+01 8.50666666666666629e+01 3.38460612174569433e-03 9.84300406563368087e-06
 8.50666666666666629e+01 8.52000000000000028e+01 3.40294573797605970e-03 8.75180318568336905e-06
 8.52000000000000028e+01 8.53333333333333428e+01 3.39406190028089744e-03 1.03459452747740035e-05
 8.53333333333333428e+01 8.54666666666666686e+01 3.39199043253216254e-03 9.02739692523221824e-06
 8.54666666666666686e+01 8.55999999999999943e+01 3.39689094279298394e-03 1.09501856955888735e-05
 8.55999999999999943e+01 8.57333333333333343e+01 3.38231937321086234e-03 9.40891891347179579e-06
 8.57333333333333343e+01 8.58666666666666742e+01 3.40091845789546390e-03 1.10368673971369512e-05
 8.58666666666666742e+01 8.60000000000000000e+01 3.38984292883333198e-03 9.01013151118625576e-06
 8.60000000000000000e+01 8.61333333333333258e+01 3.39507848424373685e-03 1.00218472188867472e-05
 8.61333333333333258e+01 8.62666666666666657e+01 3.37897696431428305e-03 8.77695487236997783e-06
 8.62666666666666657e+01 8.64000000000000057e+01 3.39450821248881785e-03 1.01770185509990879e-05
 8.64000000000000057e+01 8.65333333333333314e+01 3.40197609305252589e-03 1.17378813534617358e-05
 8.65333333333333314e+01 8.66666666666666572e+01 3.41151356780313971e-03 1.19388082213671922e-05
 8.66666666666666572e+01 8.67999999999999972e+01 3.39613758713128329e-03 9.30292668925319937e-06
 8.67999999999999972e+01 8.69333333333333371e+01 3.39859198820405403e-03 9.39414592137962959e-06
 8.69333333333333371e+01 8.70666666666666629e+01 3.40188017208589320e-03 9.69599525896016220e-06
 8.70666666666666629e+01 8.72000000000000028e+01 3.38841484897477608e-03 9.02083536272251089e-06
 8.72000000000000028e+01 8.73333333333333428e+01 3.39061782637471113e-03 1.08870454880293022e-05
 8.73333333333333428e+01 8.74666666666666686e+01 3.39302051907996180e-03 9.18327431013039819e-06
 8.74666666666666686e+01 8.75999999999999943e+01 3.38681637613483895e-03 9.16692912712226894e-06
 8.75999999999999943e+01 8.77333333333333343e+01 3.39714283116285569e-03 8.98817891540593423e-06
 8.77333333333333343e+01 8.78666666666666742e+01 3.41295961652899075e-03 1.31326813644538761e-05
 8.78666666666666742e+01 8.80000000000000000e+01 3.38822116579490370e-03 1.01823614417949018e-05
 8.80000000000000000e+01 8.81333333333333258e+01 3.39835413710409297e-03 8.57806127868696872e-06
 8.81333333333333258e+01 8.82666666666666657e+01 3.39144154234038075e-03 9.17632822557147103e-06
 8.82666666666666657e+01 8.84000000000000057e+01 3.39708178710307731e-03 1.10106276100212886e-05
 8.84000000000000057e+01 8.85333333333333314e+01 3.40749757967833073e-03 1.30379362610490062e-05
 8.85333333333333314e+01 8.86666666666666572e+01 3.42246791956111757e-03 1.14475400047192927e-05
 8.86666666666666572e+01 8.87999999999999972e+01 3.39622759649041038e-03 1.05515771839831281e-05
 8.87999999999999972e+01 8.89333333333333371e+01 3.40602435207865194e-03 8.71757630950119586e-06
 8.89333333333333371e+01 8.90666666666666629e+01 3.38725463355580864e-03 9.41109037344369884e-06
 8.90666666666666629e+01 8.92000000000000028e+01 3.40074001904797779e-03 1.01933526932072037e-05
 8.92000000000000028e+01 8.93333333333333428e+01 3.39697745044543900e-03 1.32351571798280972e-05
 8.93333333333333428e+01 8.94666666666666686e+01 3.38862518498428194e-03 8.97473650772875771e-06
 8.94666666666666686e+01 8.95999999999999943e+01 3.40173233565597283e-03 9.03488503184967326e-06
 8.95999999999999943e+01 8.97333333333333343e+01 3.39037165309829863e-03 8.77744027157841010e-06
 8.97333333333333343e+01 8.98666666666666742e+01 3.38900579227360268e-03 9.06333553392339566e-06
 8.98666666666666742e+01 9.00000000000000000e+01 3.38462266615694113e-03 8.47061728869005813e-06
 9.00000000000000000e+01 9.01333333333333258e+01 3.39284906047865016e-03 9.68609446426840836e-06
 9.01333333333333258e+01 9.02666666666666657e+01 3.39012605650472996e-03 8.48870761475664820e-06
 9.02666666666666657e+01 9.04000000000000057e+01 3.40934404517214979e-03 9.68601155103117692e-06
 9.04000000000000057e+01 9.05333333333333314e+01 3.39826510580514603e-03 9.71394448401475391e-06
 9.05333333333333314e+01 9.06666666666666572e+01 3.39295415800583249e-03 8.77032058964152132e-06
 9.06666666666666572e+01 9.07999999999999972e+01 3.38882065823050208e-03 9.07639833020553309e-06
 9.07999999999999972e+01 9.09333333333333371e+01 3.40675480699357408e-03 1.37178197737183168e-05
 9.09333333333333371e+01 9.10666666666666629e+01 3.39437871673416288e-03 9.26126549369894685e-06
 9.10666666666666629e+01 9.12000000000000028e+01 3.40066362529871076e-03 9.39007828673170634e-06
 9.12000000000000028e+01 9.13333333333333428e+01 3.39264597721004521e-03 9.15825921241503419e-06
 9.13333333333333428e+01 9.14666666666666686e+01 3.40349113167631549e-03 9.48851396172746917e-06
 9.14666666666666686e+01 9.15999999999999943e+01 3.38954929859057799e-03 1.20191402508373970e-05
 9.15999999999999943e+01 9.17333333333333343e+01 3.40029197636217183e-03 8.64103523968747605e-06
 9.17333333333333343e+01 9.18666666666666742e+01 3.39935191316820913e-03 9.84971005054298850e-06
 9.18666666666666742e+01 9.20000000000000000e+01 3.39231394109228363e-03 9.25354770683745178e-06
 9.20000000000000000e+01 9.21333333333333258e+01 3.39156529692045657e-03 8.73068834100825440e-06
 9.21333333333333258e+01 9.22666666666666657e+01 3.38142217372632394e-03 8.73144450834213359e-06
 9.22666666666666657e+01 9.24000000000000057e+01 3.40280971438355808e-03 8.72776461322160241e-06
 9.24000000000000057e+01 9.25333333333333314e+01 3.39716942691536657e-03 9.29923559534554486e-06
 9.25333333333333314e+01 9.26666666666666572e+01 3.38978610020574224e-03 9.18166756071131007e-06
 9.26666666666666572e+01 9.27999999999999972e+01 3.40999333232797422e-03 9.81049461364500306e-06
 9.27999999999999972e+01 9.29333333333333371e+01 3.40706657104605489e-03 1.21544425572362114e-05
 9.29333333333333371e+01 9.30666666666666629e+01 3.42363836393818613e-03 2.42970201602942625e-05
 9.30666666666666629e+01 9.32000000000000028e+01 3.40368589519032469e-03 1.10158342218273462e-05
 9.32000000000000028e+01 9.33333333333333428e+01 3.41178996000601883e-03 1.11265926788896593e-05
 9.33333333333333428e+01 9.34666666666666686e+01 3.40392936690504669e-03 1.30791000583577662e-05
 9.34666666666666686e+01 9.35999999999999943e+01 3.40415663200253037e-03 8.80185289859162751e-06
 9.35999999999999943e+01 9.37333333333333343e+01 3.39118116690304830e-03 8.73679970910233221e-06
 9.37333333333333343e+01 9.38666666666666742e+01 3.39406506303972745e-03 1.17216593825766704e-05
 9.38666666666666742e+01 9.40000000000000000e+01 3.40848133023187710e-03 1.04319741523503545e-05
 9.40000000000000000e+01 9.41333333333333258e+01 3.38791781193928734e-03 8.99671104125542226e-06
 9.41333333333333258e+01 9.42666666666666657e+01 3.41803315132046528e-03 1.34076249693444752e-05
 9.42666666666666657e+01 9.44000000000000057e+01 3.38725060565199737e-03 9.33132294876623929e-06
 9.44000000000000057e+01 9.45333333333333314e+01 3.39871524127785844e-03 8.84116538159696070e-06
 9.45333333333333314e+01 9.46666666666666572e+01 3.38866228258712966e-03 1.12108601308051045e-05
 9.46666666666666572e+01 9.47999999999999972e+01 3.39736948274979144e-03 9.23334132196886894e-06
 9.47999999999999972e+01 9.49333333333333371e+01 3.37795905530270408e-03 9.62081879489352283e-06
 9.49333333333333371e+01 9.50666666666666629e+01 3.40039644377499633e-03 8.78247339442870373e-06
 9.50666666666666629e+01 9.52000000000000028e+01 3.39119986654262510e-03 8.97822016600597535e-06
 9.52000000000000028e+01 9.53333333333333428e+01 3.38764060951478579e-03 8.69857952465845110e-06
 9.53333333333333428e+01 9.54666666666666686e+01 3.39476941173518605e-03 1.07303668256582234e-05
 9.54666666666666686e+01 9.55999999999999943e+01 3.39461610331637763e-03 8.69030222250240346e-06
 9.55999999999999943e+01 9.57333333333333343e+01 3.39368065021266978e-03 9.96223089975496942e-06
 9.57333333333333343e+01 9.58666666666666742e+01 3.39229598773101897e-03 8.64061236486703084e-06
 9.58666666666666742e+01 9.60000000000000000e+01 3.38953061650411683e-03 8.57347265978716485e-06
 9.60000000000000000e+01 9.61333333333333258e+01 3.39175501712462397e-03 1.30515419237377632e-05
 9.61333333333333258e+01 9.62666666666666657e+01 3.38214131718061377e-03 8.79594892651055986e-06
 9.62666666666666657e+01 9.64000000000000057e+01 3.39005754072364265e-03 8.68201341551350961e-06
 9.64000000000000057e+01 9.65333333333333314e+01 3.39379687128831074e-03 1.50393858783272005e-05
 9.65333333333333314e+01 9.66666666666666572e+01 3.38115378706168711e-03 1.11630992923905358e-05
 9.66666666666666572e+01 9.67999999999999972e+01 3.38986688149687599e-03 8.69283632509347895e-06
 9.67999999999999972e+01 9.69333333333333371e+01 3.38542072872540000e-03 1.09997911498632436e-05
 9.69333333333333371e+01 9.70666666666666629e+01 3.38527080144484897e-03 8.77956983657670496e-06
 9.70666666666666629e+01 9.72000000000000028e+01 3.39514431679978400e-03 9.55171328758551998e-06
 9.72000000000000028e+01 9.73333333333333428e+01 3.38615788957135830e-03 8.97425769576645656e-06
 9.73333333333333428e+01 9.74666666666666686e+01 3.40510258360576324e-03 1.22101008900339150e-05
 9.74666666666666686e+01 9.75999999999999943e+01 3.39172367804605954e-03 1.24656748347535806e-05
 9.75999999999999943e+01 9.77333333333333343e+01 3.40517796381465320e-03 1.06920030137085491e-05
 9.77333333333333343e+01 9.78666666666666742e+01 3.38401096324026556e-03 8.58178480936658569e-06
 9.78666666666666742e+01 9.80000000000000000e+01 3.37172218019947097e-03 8.99592685083576859e-06
 9.80000000000000000e+01 9.81333333333333258e+01 3.39104265893552066e-03 1.01044125794007535e-05
 9.81333333333333258e+01 9.82666666666666657e+01 3.38935439211905925e-03 9.00401571893587839e-06
 9.82666666666666657e+01 9.84000000000000057e+01 3.39752732343224194e-03 8.76418843510005107e-06
 9.84000000000000057e+01 9.85333333333333314e+01 3.40094167347189998e-03 1.16783501448873910e-05
 9.85333333333333314e+01 9.86666666666666572e+01 3.37078707933710382e-03 9.52144524809281770e-06
 9.86666666666666572e+01 9.87999999999999972e+01 3.40838241964793506e-03 1.42763559104777170e-05
 9.87999999999999972e+01 9.89333333333333371e+01 3.38263624576794469e-03 8.73015762212020465e-06
 9.89333333333333371e+01 9.90666666666666629e+01 3.38997079667942595e-03 1.28123473679591027e-05
 9.90666666666666629e+01 9.92000000000000028e+01 3.37197866405250513e-03 8.38792636386997463e-06
 9.92000000000000028e+01 9.93333333333333428e+01 3.39992918358648314e-03 1.06786775503560901e-05
 9.93333333333333428e+01 9.94666666666666686e+01 3.38294937799838054e-03 8.83489572826265863e-06
 9.94666666666666686e+01 9.95999999999999943e+01 3.39111217568668303e-03 9.12845820351657494e-06
 9.95999999999999943e+01 9.97333333333333343e+01 3.40005644405332128e-03 1.40240730302617746e-05
 9.97333333333333343e+01 9.98666666666666742e+01 3.37504034670830979e-03 9.07716941920968747e-06
 9.98666666666666742e+01 1.00000000000000000e+02 3.39636626785844772e-03 1.59293914903667557e-05
 1.00000000000000000e+02 1.00133333333333326e+02 3.38665780630018022e-03 9.06897760459011301e-06
 1.00133333333333326e+02 1.00266666666666666e+02 3.37895497067746374e-03 8.75203843392782231e-06
 1.00266666666666666e+02 1.00400000000000006e+02 3.36397959955139899e-03 8.22706746442110677e-06
 1.00400000000000006e+02 1.00533333333333331e+02 3.36984221213742011e-03 8.08769271508701191e-06
 1.00533333333333331e+02 1.00666666666666657e+02 3.38753980340629002e-03 1.01686829970167177e-05
 1.00666666666666657e+02 1.00799999999999997e+02 3.38536264594110990e-03 9.13490057310593571e-06
 1.00799999999999997e+02 1.00933333333333337e+02 3.36023785485033664e-03 8.56497048099038460e-06
 1.00933333333333337e+02 1.01066666666666663e+02 3.38711135705379056e-03 1.28811618044852876e-05
 1.01066666666666663e+02 1.01200000000000003e+02 3.37686237963733026e-03 8.84840835650333502e-06
 1.01200000000000003e+02 1.01333333333333343e+02 3.37253658836872980e-03 1.01227436707825702e-05
 1.01333333333333343e+02 1.01466666666666669e+02 3.35563999224130789e-03 8.66975838648576155e-06
 1.01466666666666669e+02 1.01599999999999994e+02 3.40272348088274147e-03 2.74193283012848388e-05
 1.01599999999999994e+02 1.01733333333333334e+02 3.39007458462571099e-03 1.10753553328440912e-05
 1.01733333333333334e+02 1.01866666666666674e+02 3.38623793971832600e-03 8.95223076119728045e-06
 1.01866666666666674e+02 1.02000000000000000e+02 3.38402625796138104e-03 1.29487006409155249e-05
 1.02000000000000000e+02 1.02133333333333326e+02 3.36878257652591323e-03 1.01217547939312823e-05
 1.02133333333333326e+02 1.02266666666666666e+02 3.37764801859350349e-03 1.03696659178596748e-05
 1.02266666666666666e+02 1.02400000000000006e+02 3.36735519669490238e-03 8.82345145403276045e-06
 1.02400000000000006e+02 1.02533333333333331e+02 3.37296452120576821e-03 9.11997379718849581e-06
 1.02533333333333331e+02 1.02666666666666657e+02 3.36617196416851743e-03 8.71359308796814755e-06
 1.02666666666666657e+02 1.02799999999999997e+02 3.39160276018343537e-03 1.07590883262472322e-05
 1.02799999999999997e+02 1.02933333333333337e+02 3.37443829194587937e-03 8.75571243123929080e-06
 1.02933333333333337e+02 1.03066666666666663e+02 3.35843069409766468e-03 8.58656707984114246e-06
 1.03066666666666663e+02 1.03200000000000003e+02 3.37938917460631379e-03 8.98655719585450580e-06
 1.03200000000000003e+02 1.03333333333333343e+02 3.39691695365470711e-03 1.31757095909178476e-05
 1.03333333333333343e+02 1.03466666666666669e+02 3.37021427797958928e-03 9.66492923554914994e-06
 1.03466666666666669e+02 1.03599999999999994e+02 3.37222997253423199e-03 1.20997240858673156e-05
 1.03599999999999994e+02 1.03733333333333334e+02 3.37409145931464368e-03 8.93049469709438744e-06
 1.03733333333333334e+02 1.03866666666666674e+02 3.34572847268983569e-03 9.47399910473351484e-06
 1.03866666666666674e+02 1.04000000000000000e+02 3.36934045191650050e-03 9.48560489221107281e-06
 1.04000000000000000e+02 1.04133333333333326e+02 3.35433712496162502e-03 9.23509594302383392e-06
 1.04133333333333326e+02 1.04266666666666666e+02 3.38161633900013444e-03 1.02630743955609378e-05
 1.04266666666666666e+02 1.04400000000000006e+02 3.37487063077671285e-03 8.72387818337782135e-06
 1.04400000000000006e+02 1.04533333333333331e+02 3.40620113534922898e-03 1.93519085650407633e-05
 1.04533333333333331e+02 1.04666666666666657e+02 3.36482208157150731e-03 9.49406015387243383e-06
 1.04666666666666657e+02 1.04799999999999997e+02 3.37557600072736514e-03 1.11209728251055656e-05
 1.04799999999999997e+02 1.04933333333333337e+02 3.36078571760970151e-03 8.72458053944533784e-06
 1.04933333333333337e+02 1.05066666666666663e+02 3.37953292681281029e-03 1.02141850237757271e-05
 1.05066666666666663e+02 1.05200000000000003e+02 3.36767170289681153e-03 8.89672146839044771e-06
 1.05200000000000003e+02 1.05333333333333343e+02 3.37051291870179605e-03 8.71153911419856713e-06
 1.05333333333333343e+02 1.05466666666666669e+02 3.36151189754792766e-03 8.67894300619346611e-06
 1.05466666666666669e+02 1.05599999999999994e+02 3.34503902827139278e-03 9.37177445841317345e-06
 1.05599999999999994e+02 1.05733333333333334e+02 3.36233283528483478e-03 9.66600743279791619e-06
 1.05733333333333334e+02 1.05866666666666674e+02 3.34932748559207310e-03 8.79778318869384732e-06
 1.05866666666666674e+02 1.06000000000000000e+02 3.36320039381714925e-03 9.34213872558570768e-06
 1.06000000000000000e+02 1.06133333333333326e+02 3.36282065459917638e-03 1.36407982342929498e-05
 1.06133333333333326e+02 1.06266666666666666e+02 3.35487626223949717e-03 9.16469653423659158e-06
 1.06266666666666666e+02 1.06400000000000006e+02 3.37567406701080354e-03 9.80514510662826666e-06
 1.06400000000000006e+02 1.06533333333333331e+02 3.36560862692665075e-03 1.03094919486396794e-05
 1.06533333333333331e+02 1.06666666666666657e+02 3.36632432636679683e-03 9.85748907623724274e-06
 1.06666666666666657e+02 1.06799999999999997e+02 3.36702481061961541e-03 8.78012206640821759e-06
 1.06799999999999997e+02 1.06933333333333337e+02 3.34652893416965448e-03 9.46164595723715898e-06
 1.06933333333333337e+02 1.07066666666666663e+02 3.36956881182310600e-03 8.61477055666532025e-06
 1.07066666666666663e+02 1.07200000000000003e+02 3.36858860401860341e-03 1.43748567994237696e-05
 1.07200000000000003e+02 1.07333333333333343e+02 3.36823984145338037e-03 1.53605852617177670e-05
 1.07333333333333343e+02 1.07466666666666669e+02 3.35890540809757367e-03 1.12743548630470716e-05
 1.07466666666666669e+02 1.07599999999999994e+02 3.36593247292848877e-03 9.11474618412811033e-06
 1.07599999999999994e+02 1.07733333333333334e+02 3.35107196818060400e-03 8.98464070185916719e-06
 1.07733333333333334e+02 1.07866666666666674e+02 3.36765362415629519e-03 1.02818338307131014e-05
 1.07866666666666674e+02 1.08000000000000000e+02 3.35229774383296025e-03 9.03788435568657484e-06
 1.08000000000000000e+02 1.08133333333333326e+02 3.35327664502578287e-03 9.06100039938329555e-06
 1.08133333333333326e+02 1.08266666666666666e+02 3.35151472197199119e-03 9.94003987210732788e-06
 1.08266666666666666e+02 1.08400000000000006e+02 3.34836431786521890e-03 8.74143836095141122e-06
 1.08400000000000006e+02 1.08533333333333331e+02 3.36182465903251760e-03 1.12834718530007300e-05
 1.08533333333333331e+02 1.08666666666666657e+02 3.37545827389633272e-03 1.21406119657110676e-05
 1.08666666666666657e+02 1.08799999999999997e+02 3.35938784112423073e-03 9.14935858032696076e-06
 1.08799999999999997e+02 1.08933333333333337e+02 3.35669350431675199e-03 9.06105908342483050e-06
 1.08933333333333337e+02 1.09066666666666663e+02 3.34105997750609339e-03 8.48940464108232883e-06
 1.09066666666666663e+02 1.09200000000000003e+02 3.34536734755121971e-03 1.18950644257202642e-05
 1.09200000000000003e+02 1.09333333333333343e+02 3.34323695856447375e-03 8.82372390933664151e-06
 1.09333333333333343e+02 1.09466666666666669e+02 3.34045222543431991e-03 8.83028295221124575e-06
 1.09466666666666669e+02 1.09599999999999994e+02 3.35693654343713344e-03 8.71615886900437351e-06
 1.09599999999999994e+02 1.09733333333333334e+02 3.35508624881032105e-03 8.65330132712395148e-06
 1.09733333333333334e+02 1.09866666666666674e+02 3.35168913654775242e-03 8.74984834806244846e-06
 1.09866666666666674e+02 1.10000000000000000e+02 3.35874322646660325e-03 1.08449784010577916e-05
 1.10000000000000000e+02 1.10133333333333326e+02 3.34888444535643738e-03 1.20131055852032105e-05
 1.10133333333333326e+02 1.10266666666666666e+02 3.36295610756598331e-03 1.04119194076555374e-05
 1.10266666666666666e+02 1.10400000000000006e+02 3.35490872763595039e-03 9.85034303235049777e-06
 1.10400000000000006e+02 1.10533333333333331e+02 3.33396782252235770e-03 9.03272236335816180e-06
 1.10533333333333331e+02 1.10666666666666657e+02 3.33424174314203917e-03 8.53953586486914624e-06
 1.10666666666666657e+02 1.10799999999999997e+02 3.36044309908430962e-03 9.41049846314078363e-06
 1.10799999999999997e+02 1.10933333333333337e+02 3.34370581584449373e-03 1.09880513513869239e-05
 1.10933333333333337e+02 1.11066666666666663e+02 3.33979981194780593e-03 8.72016291814202997e-06
 1.11066666666666663e+02 1.11200000000000003e+02 3.36210055615665353e-03 8.76110991005236571e-06
 1.11200000000000003e+02 1.11333333333333343e+02 3.33352922820758521e-03 1.02162925887335557e-05
 1.11333333333333343e+02 1.11466666666666669e+02 3.34689022744101214e-03 8.82082425112557463e-06
 1.11466666666666669e+02 1.11599999999999994e+02 3.33559279046387889e-03 8.62418611718566950e-06
 1.11599999999999994e+02 1.11733333333333334e+02 3.33042965853250217e-03 8.90727005674797842e-06
 1.11733333333333334e+02 1.11866666666666674e+02 3.33821885094978590e-03 9.17431937467614041e-06
 1.11866666666666674e+02 1.12000000000000000e+02 3.33505402133422264e-03 8.38505132775582754e-06
 1.12000000000000000e+02 1.12133333333333326e+02 3.33533772383308013e-03 1.09152675180753779e-05
 1.12133333333333326e+02 1.12266666666666666e+02 3.32552441419978716e-03 9.12104464705917485e-06
 1.12266666666666666e+02 1.12400000000000006e+02 3.34666281551819272e-03 8.88645546625353007e-06
 1.12400000000000006e+02 1.12533333333333331e+02 3.36477613948174374e-03 1.02705119028700650e-05
 1.12533333333333331e+02 1.12666666666666657e+02 3.33577271858738001e-03 8.50483251985711115e-06
 1.12666666666666657e+02 1.12799999999999997e+02 3.34314299539026057e-03 8.48700838349256981e-06
 1.12799999999999997e+02 1.12933333333333337e+02 3.34177590981276111e-03 9.33660062653372482e-06
 1.12933333333333337e+02 1.13066666666666663e+02 3.33936247423278305e-03 8.56461330277988557e-06
 1.13066666666666663e+02 1.13200000000000003e+02 3.32551719168652782e-03 9.29080697737424060e-06
 1.13200000000000003e+02 1.13333333333333343e+02 3.36293342265499718e-03 1.29349952208474495e-05
 1.13333333333333343e+02 1.13466666666666669e+02 3.35595458720482857e-03 1.27258224085803431e-05
 1.13466666666666669e+02 1.13599999999999994e+02 3.35277312680683053e-03 1.15785446529913716e-05
 1.13599999999999994e+02 1.13733333333333334e+02 3.34530948583914006e-03 9.02145655614457190e-06
 1.13733333333333334e+02 1.13866666666666674e+02 3.32941269721969942e-03 8.84001702622278469e-06
 1.13866666666666674e+02 1.14000000000000000e+02 3.34202138944431374e-03 8.92715867433322579e-06
 1.14000000000000000e+02 1.14133333333333340e+02 3.36815030704442058e-03 1.53981184637340283e-05
 1.14133333333333340e+02 1.14266666666666666e+02 3.34523873828744588e-03 9.05825314590724844e-06
 1.14266666666666666e+02 1.14400000000000006e+02 3.33903854276340444e-03 9.32870549906362475e-06
 1.14400000000000006e+02 1.14533333333333331e+02 3.32686930025265790e-03 1.02904929724336668e-05
 1.14533333333333331e+02 1.14666666666666671e+02 3.33795558124682116e-03 1.03282547591774311e-05
 1.14666666666666671e+02 1.14799999999999997e+02 3.33175226693714112e-03 1.10033122554985147e-05
 1.14799999999999997e+02 1.14933333333333337e+02 3.32153869407896115e-03 9.48290616928733233e-06
 1.14933333333333337e+02 1.15066666666666663e+02 3.32070662837863958e-03 8.61306694389665447e-06
 1.15066666666666663e+02 1.15200000000000003e+02 3.32966680528413777e-03 1.27923813874699322e-05
 1.15200000000000003e+02 1.15333333333333329e+02 3.33004293236617479e-03 9.66618441938536379e-06
 1.15333333333333329e+02 1.15466666666666669e+02 3.34111869741050794e-03 1.02384038195542819e-05
 1.15466666666666669e+02 1.15599999999999994e+02 3.32147210473310913e-03 9.11927162901081362e-06
 1.15599999999999994e+02 1.15733333333333334e+02 3.34642617919755697e-03 9.06478256917527885e-06
 1.15733333333333334e+02 1.15866666666666660e+02 3.33102607836758321e-03 8.96701957190697898e-06
 1.15866666666666660e+02 1.16000000000000000e+02 3.33454578971654125e-03 1.05656390449832103e-05
 1.16000000000000000e+02 1.16133333333333340e+02 3.34550029772798241e-03 1.44046631478261855e-05
 1.16133333333333340e+02 1.16266666666666666e+02 3.33578798228276316e-03 1.06578993651184162e-05
 1.16266666666666666e+02 1.16400000000000006e+02 3.32185941874500214e-03 8.83775637534621979e-06
 1.16400000000000006e+02 1.16533333333333331e+02 3.32720984865784650e-03 9.55355129571853501e-06
 1.16533333333333331e+02 1.16666666666666671e+02 3.33562797811667866e-03 1.02186462824527500e-05
 1.16666666666666671e+02 1.16799999999999997e+02 3.33557773632978853e-03 9.50886194380424364e-06
 1.16799999999999997e+02 1.16933333333333337e+02 3.31626150502301520e-03 1.06884138695872457e-05
 1.16933333333333337e+02 1.17066666666666663e+02 3.33008141518096072e-03 1.12595826917162686e-05
 1.17066666666666663e+02 1.17200000000000003e+02 3.32643172895437942e-03 8.54640148594400913e-06
 1.17200000000000003e+02 1.17333333333333329e+02 3.32551926372343142e-03 8.90128504237461511e-06
 1.17333333333333329e+02 1.17466666666666669e+02 3.32757363500149660e-03 1.00420012413743465e-05
 1.17466666666666669e+02 1.17599999999999994e+02 3.31753978101707522e-03 8.33148097715130434e-06
 1.17599999999999994e+02 1.17733333333333334e+02 3.33527888876276185e-03 1.01394276990534949e-05
 1.17733333333333334e+02 1.17866666666666660e+02 3.32765777441255614e-03 9.85597267902436390e-06
 1.17866666666666660e+02 1.18000000000000000e+02 3.32181486821379619e-03 8.78970995938671555e-06
 1.18000000000000000e+02 1.18133333333333340e+02 3.32373864867754063e-03 9.54901320590906955e-06
 1.18133333333333340e+02 1.18266666666666666e+02 3.31853427603926148e-03 1.01602108293264846e-05
 1.18266666666666666e+02 1.18400000000000006e+02 3.31976788653283190e-03 1.22324873165906085e-05
 1.18400000000000006e+02 1.18533333333333331e+02 3.33372688372330023e-03 1.21690967515178538e-05
 1.18533333333333331e+02 1.18666666666666671e+02 3.33957827577569585e-03 9.99522972852899906e-06
 1.18666666666666671e+02 1.18799999999999997e+02 3.32329759708660912e-03 1.33493094016796024e-05
 1.18799999999999997e+02 1.18933333333333337e+02 3.33178401139216842e-03 9.31925914842793154e-06
 1.18933333333333337e+02 1.19066666666666663e+02 3.32538464820697792e-03 9.48039911641626299e-06
 1.19066666666666663e+02 1.19200000000000003e+02 3.32858383936054936e-03 9.97181950181404131e-06
 1.19200000000000003e+02 1.19333333333333329e+02 3.32704176615833793e-03 1.00500924197277634e-05
 1.19333333333333329e+02 1.19466666666666669e+02 3.31047367390493877e-03 9.34476295100419181e-06
 1.19466666666666669e+02 1.19599999999999994e+02 3.30908914277157525e-03 8.73244146438223218e-06
 1.19599999999999994e+02 1.19733333333333334e+02 3.32843578727321432e-03 1.30632107250272681e-05
 1.19733333333333334e+02 1.19866666666666660e+02 3.33323601118810497e-03 1.15516143338501770e-05
 1.19866666666666660e+02 1.20000000000000000e+02 3.31880424319581924e-03 9.30439386473149341e-06
 1.20000000000000000e+02 1.20133333333333340e+02 3.30461792455343135e-03 9.31169174467043658e-06
 1.20133333333333340e+02 1.20266666666666666e+02 3.31721656012725231e-03 1.13232036827335211e-05
 1.20266666666666666e+02 1.20400000000000006e+02 3.33100630914731936e-03 1.24020708547019165e-05
 1.20400000000000006e+02 1.20533333333333331e+02 3.33292208909678278e-03 1.31397265343360744e-05
 1.20533333333333331e+02 1.20666666666666671e+02 3.31441518146254489e-03 9.21237610296420472e-06
 1.20666666666666671e+02 1.20799999999999997e+02 3.33315738869121138e-03 1.10611967891629439e-05
 1.20799999999999997e+02 1.20933333333333337e+02 3.32390011126020577e-03 8.85571470548437754e-06
 1.20933333333333337e+02 1.21066666666666663e+02 3.33033659616961469e-03 1.37571966779715899e-05
 1.21066666666666663e+02 1.21200000000000003e+02 3.31769405360649505e-03 9.82466862888240531e-06
 1.21200000000000003e+02 1.21333333333333329e+02 3.31678502451615695e-03 8.63295090563706478e-06
 1.21333333333333329e+02 1.21466666666666669e+02 3.31819531957604870e-03 9.67326936774399027e-06
 1.21466666666666669e+02 1.21599999999999994e+02 3.31913666694089908e-03 8.75833445858175061e-06
 1.21599999999999994e+02 1.21733333333333334e+02 3.33692487593118285e-03 9.67714466425923219e-06
 1.21733333333333334e+02 1.21866666666666660e+02 3.34348829563289006e-03 1.16079147258951989e-05
 1.21866666666666660e+02 1.22000000000000000e+02 3.30843455214511160e-03 8.83369001147888966e-06
 1.22000000000000000e+02 1.22133333333333340e+02 3.32837273938331804e-03 9.33518546946339025e-06
 1.22133333333333340e+02 1.22266666666666666e+02 3.32864077797263066e-03 1.07572731761843004e-05
 1.22266666666666666e+02 1.22400000000000006e+02 3.29828843975773275e-03 8.65029699252259741e-06
 1.22400000000000006e+02 1.22533333333333331e+02 3.31491177802549150e-03 9.10938253656378825e-06
 1.22533333333333331e+02 1.22666666666666671e+02 3.32958974968293768e-03 1.06570084355465404e-05
 1.22666666666666671e+02 1.22799999999999997e+02 3.32096005764858032e-03 8.59925802484575580e-06
 1.22799999999999997e+02 1.22933333333333337e+02 3.30064389989627319e-03 9.12530817478237120e-06
 1.22933333333333337e+02 1.23066666666666663e+02 3.33370399534175816e-03 1.10191950489417508e-05
 1.23066666666666663e+02 1.23200000000000003e+02 3.32144536850242705e-03 8.97806086033670107e-06
 1.23200000000000003e+02 1.23333333333333329e+02 3.32621045015662900e-03 8.90667057716311069e-06
 1.23333333333333329e+02 1.23466666666666669e+02 3.32362700867532218e-03 8.93051108743398365e-06
 1.23466666666666669e+02 1.23599999999999994e+02 3.31381582801704546e-03 9.14437059260358563e-06
 1.23599999999999994e+02 1.23733333333333334e+02 3.34185759930615695e-03 2.01582566068422702e-05
 1.23733333333333334e+02 1.23866666666666660e+02 3.33114925366757939e-03 1.15898131674416214e-05
 1.23866666666666660e+02 1.24000000000000000e+02 3.34852459057041361e-03 1.58082022846586400e-05
 1.24000000000000000e+02 1.24133333333333340e+02 3.32758884436349213e-03 9.47752371028497336e-06
 1.24133333333333340e+02 1.24266666666666666e+02 3.31659805877534443e-03 9.09655177035755254e-06
 1.24266666666666666e+02 1.24400000000000006e+02 3.34118674785725865e-03 1.19816325042748562e-05
 1.24400000000000006e+02 1.24533333333333331e+02 3.33475870878153753e-03 1.33331665925489557e-05
 1.24533333333333331e+02 1.24666666666666671e+02 3.33241020774190880e-03 9.01609269516614830e-06
 1.24666666666666671e+02 1.24799999999999997e+02 3.32022177675941801e-03 8.66440940602319433e-06
 1.24799999999999997e+02 1.24933333333333337e+02 3.31476735758891045e-03 1.20745312296608533e-05
 1.24933333333333337e+02 1.25066666666666663e+02 3.33324996703671106e-03 9.62831384184950831e-06
 1.25066666666666663e+02 1.25200000000000003e+02 3.32634597231672461e-03 1.17439604553761173e-05
 1.25200000000000003e+02 1.25333333333333329e+02 3.33577678663100506e-03 1.05161261201346764e-05
 1.25333333333333329e+02 1.25466666666666669e+02 3.30364728910740018e-03 8.93110933085113141e-06
 1.25466666666666669e+02 1.25599999999999994e+02 3.30677911094751477e-03 9.30531467415226450e-06
 1.25599999999999994e+02 1.25733333333333334e+02 3.32424853647167321e-03 9.03204183312986170e-06
 1.25733333333333334e+02 1.25866666666666660e+02 3.32071770657595220e-03 8.61282368346542637e-06
 1.25866666666666660e+02 1.26000000000000000e+02 3.32225307907289043e-03 9.38653666317703703e-06
 1.26000000000000000e+02 1.26133333333333340e+02 3.33146516155486587e-03 1.04244171168543254e-05
 1.26133333333333340e+02 1.26266666666666666e+02 3.31005293698905662e-03 9.01166696555046550e-06
 1.26266666666666666e+02 1.26400000000000006e+02 3.31247371689269259e-03 1.08154098988569228e-05
 1.26400000000000006e+02 1.26533333333333331e+02 3.32893755267935553e-03 9.48739236985927401e-06
 1.26533333333333331e+02 1.26666666666666671e+02 3.32841738675644910e-03 9.08225294527102698e-06
 1.26666666666666671e+02 1.26799999999999997e+02 3.32673218919865782e-03 1.46508209913254284e-05
 1.26799999999999997e+02 1.26933333333333337e+02 3.34620590558792766e-03 1.19214782660142978e-05
 1.26933333333333337e+02 1.27066666666666663e+02 3.31923772365267994e-03 1.22359625581949990e-05
 1.27066666666666663e+02 1.27200000000000003e+02 3.32419255245374390e-03 9.80117759326209889e-06
 1.27200000000000003e+02 1.27333333333333329e+02 3.31179694935149205e-03 1.02002300580479215e-05
 1.27333333333333329e+02 1.27466666666666669e+02 3.33239116465207938e-03 9.31378690280042137e-06
 1.27466666666666669e+02 1.27599999999999994e+02 3.32258410257008736e-03 1.27926034928600473e-05
 1.27599999999999994e+02 1.27733333333333334e+02 3.33052568342159794e-03 1.04178676690009082e-05
 1.27733333333333334e+02 1.27866666666666660e+02 3.33424797047747554e-03 1.34955407786979739e-05
 1.27866666666666660e+02 1.28000000000000000e+02 3.32623350439612301e-03 1.07159657075825975e-05
 1.28000000000000000e+02 1.28133333333333326e+02 3.33788509741576259e-03 1.24476940847174195e-05
 1.28133333333333326e+02 1.28266666666666652e+02 3.33199277415884660e-03 1.08369447586028887e-05
 1.28266666666666652e+02 1.28400000000000006e+02 3.34000593662118431e-03 1.15652781656686134e-05
 1.28400000000000006e+02 1.28533333333333331e+02 3.33728080180066252e-03 1.54456849529030835e-05
 1.28533333333333331e+02 1.28666666666666686e+02 3.33277211270744875e-03 1.44501610884775373e-05
 1.28666666666666686e+02 1.28800000000000011e+02 3.32670771895168327e-03 1.14566525537126529e-05
 1.28800000000000011e+02 1.28933333333333337e+02 3.36126111866224446e-03 1.34640478530669597e-05
 1.28933333333333337e+02 1.29066666666666663e+02 3.31542338366764763e-03 1.20051852341769107e-05
 1.29066666666666663e+02 1.29199999999999989e+02 3.32314466129504139e-03 1.24777421545122087e-05
 1.29199999999999989e+02 1.29333333333333314e+02 3.32738050878357864e-03 1.32836508693606251e-05
 1.29333333333333314e+02 1.29466666666666669e+02 3.31936198810609765e-03 1.27859907365521278e-05
 1.29466666666666669e+02 1.29599999999999994e+02 3.32300975456550907e-03 1.39678719217473548e-05
 1.29599999999999994e+02 1.29733333333333348e+02 3.32738530880991382e-03 1.44692431173102545e-05
 1.29733333333333348e+02 1.29866666666666674e+02 3.34690260578442709e-03 1.46997360292091716e-05
 1.29866666666666674e+02 1.30000000000000000e+02 3.33710050605549521e-03 1.67565463501776950e-05

